date,rainfall_mm,temp_C,humidity_pct,wind_kmh,solar_Wm2,source
1990-01-01,0.0,24.55,57.4,5.35,140.3,IMD_NORMALS_SYNTHETIC
1990-01-02,0.0,22.89,45.6,7.82,166.3,IMD_NORMALS_SYNTHETIC
1990-01-03,0.0,25.96,56.4,3.92,140.3,IMD_NORMALS_SYNTHETIC
1990-01-04,0.0,25.06,44.8,6.89,149.6,IMD_NORMALS_SYNTHETIC
1990-01-05,0.0,24.87,46.6,8.01,173.9,IMD_NORMALS_SYNTHETIC
1990-01-06,0.0,24.41,49.4,7.75,140.7,IMD_NORMALS_SYNTHETIC
1990-01-07,0.0,24.03,56.1,11.01,158.3,IMD_NORMALS_SYNTHETIC
1990-01-08,0.0,27.69,56.4,9.0,158.9,IMD_NORMALS_SYNTHETIC
1990-01-09,0.0,25.41,55.2,9.22,144.6,IMD_NORMALS_SYNTHETIC
1990-01-10,0.0,23.93,45.4,2.74,167.0,IMD_NORMALS_SYNTHETIC
1990-01-11,0.0,23.22,47.0,8.26,153.0,IMD_NORMALS_SYNTHETIC
1990-01-12,0.0,25.62,56.8,14.11,155.3,IMD_NORMALS_SYNTHETIC
1990-01-13,0.0,21.7,66.2,9.58,179.7,IMD_NORMALS_SYNTHETIC
1990-01-14,0.0,23.34,49.3,7.52,165.8,IMD_NORMALS_SYNTHETIC
1990-01-15,0.0,25.13,52.7,8.67,143.8,IMD_NORMALS_SYNTHETIC
1990-01-16,0.0,28.35,47.4,7.82,170.6,IMD_NORMALS_SYNTHETIC
1990-01-17,0.0,24.99,51.3,4.53,159.1,IMD_NORMALS_SYNTHETIC
1990-01-18,0.0,23.07,49.7,9.98,156.8,IMD_NORMALS_SYNTHETIC
1990-01-19,0.0,25.24,53.3,8.91,177.0,IMD_NORMALS_SYNTHETIC
1990-01-20,0.0,27.6,54.0,8.97,185.9,IMD_NORMALS_SYNTHETIC
1990-01-21,0.0,26.16,44.8,1.05,167.5,IMD_NORMALS_SYNTHETIC
1990-01-22,0.0,26.24,47.4,9.65,142.0,IMD_NORMALS_SYNTHETIC
1990-01-23,0.0,24.24,49.5,6.34,177.5,IMD_NORMALS_SYNTHETIC
1990-01-24,0.0,25.48,50.9,7.17,167.6,IMD_NORMALS_SYNTHETIC
1990-01-25,0.0,26.66,41.7,9.64,197.1,IMD_NORMALS_SYNTHETIC
1990-01-26,1.118,22.67,57.8,9.97,155.2,IMD_NORMALS_SYNTHETIC
1990-01-27,0.0,25.97,56.8,6.17,163.6,IMD_NORMALS_SYNTHETIC
1990-01-28,0.0,26.73,53.1,4.66,152.9,IMD_NORMALS_SYNTHETIC
1990-01-29,0.0,24.5,47.4,5.15,170.1,IMD_NORMALS_SYNTHETIC
1990-01-30,0.0,22.88,63.5,6.85,159.9,IMD_NORMALS_SYNTHETIC
1990-01-31,0.0,26.01,56.4,9.28,183.0,IMD_NORMALS_SYNTHETIC
1990-02-01,0.0,26.53,41.1,6.82,149.9,IMD_NORMALS_SYNTHETIC
1990-02-02,0.0,26.59,42.0,6.63,159.0,IMD_NORMALS_SYNTHETIC
1990-02-03,0.0,24.42,46.3,10.8,200.3,IMD_NORMALS_SYNTHETIC
1990-02-04,0.0,28.72,50.5,13.68,173.9,IMD_NORMALS_SYNTHETIC
1990-02-05,0.0,25.76,39.7,14.6,165.5,IMD_NORMALS_SYNTHETIC
1990-02-06,0.0,27.56,45.3,12.97,223.3,IMD_NORMALS_SYNTHETIC
1990-02-07,0.0,26.72,36.4,7.25,184.6,IMD_NORMALS_SYNTHETIC
1990-02-08,0.0,29.03,45.6,6.16,137.5,IMD_NORMALS_SYNTHETIC
1990-02-09,0.0,25.05,44.2,8.95,153.4,IMD_NORMALS_SYNTHETIC
1990-02-10,0.0,29.0,39.4,9.9,218.4,IMD_NORMALS_SYNTHETIC
1990-02-11,0.0,26.16,45.3,4.87,138.8,IMD_NORMALS_SYNTHETIC
1990-02-12,0.0,28.08,39.9,5.92,193.4,IMD_NORMALS_SYNTHETIC
1990-02-13,0.0,27.75,42.4,6.14,185.9,IMD_NORMALS_SYNTHETIC
1990-02-14,0.0,26.64,39.7,10.46,178.4,IMD_NORMALS_SYNTHETIC
1990-02-15,0.0,27.51,38.7,8.2,173.6,IMD_NORMALS_SYNTHETIC
1990-02-16,0.0,25.24,37.3,8.75,131.8,IMD_NORMALS_SYNTHETIC
1990-02-17,0.0,22.89,47.7,6.95,152.6,IMD_NORMALS_SYNTHETIC
1990-02-18,3.575,27.47,49.3,8.11,164.2,IMD_NORMALS_SYNTHETIC
1990-02-19,0.0,25.44,49.3,5.85,163.6,IMD_NORMALS_SYNTHETIC
1990-02-20,0.0,29.77,36.0,7.22,159.9,IMD_NORMALS_SYNTHETIC
1990-02-21,0.0,29.13,43.6,11.15,207.2,IMD_NORMALS_SYNTHETIC
1990-02-22,0.0,28.84,41.0,13.32,147.4,IMD_NORMALS_SYNTHETIC
1990-02-23,0.0,27.06,35.9,8.73,188.1,IMD_NORMALS_SYNTHETIC
1990-02-24,0.0,25.31,42.8,7.15,203.9,IMD_NORMALS_SYNTHETIC
1990-02-25,0.0,27.82,40.9,11.78,172.5,IMD_NORMALS_SYNTHETIC
1990-02-26,0.0,28.29,39.9,7.37,164.4,IMD_NORMALS_SYNTHETIC
1990-02-27,12.267,25.89,46.9,5.39,205.2,IMD_NORMALS_SYNTHETIC
1990-02-28,0.0,29.09,46.6,8.32,155.8,IMD_NORMALS_SYNTHETIC
1990-03-01,0.0,29.2,38.4,8.13,178.2,IMD_NORMALS_SYNTHETIC
1990-03-02,0.0,30.29,37.6,8.68,235.5,IMD_NORMALS_SYNTHETIC
1990-03-03,0.0,32.93,40.4,14.22,171.9,IMD_NORMALS_SYNTHETIC
1990-03-04,0.0,31.28,41.0,3.93,157.1,IMD_NORMALS_SYNTHETIC
1990-03-05,0.0,31.28,41.6,12.21,164.3,IMD_NORMALS_SYNTHETIC
1990-03-06,0.0,29.15,36.4,12.48,172.0,IMD_NORMALS_SYNTHETIC
1990-03-07,0.0,29.84,35.9,3.88,226.4,IMD_NORMALS_SYNTHETIC
1990-03-08,25.227,30.36,35.4,9.06,175.8,IMD_NORMALS_SYNTHETIC
1990-03-09,0.0,30.34,40.2,6.34,204.3,IMD_NORMALS_SYNTHETIC
1990-03-10,0.0,32.46,38.3,10.29,184.5,IMD_NORMALS_SYNTHETIC
1990-03-11,0.0,29.96,37.1,7.45,202.6,IMD_NORMALS_SYNTHETIC
1990-03-12,0.0,28.16,26.4,12.62,260.4,IMD_NORMALS_SYNTHETIC
1990-03-13,0.0,28.03,36.1,2.91,177.8,IMD_NORMALS_SYNTHETIC
1990-03-14,0.0,32.34,41.6,8.7,183.5,IMD_NORMALS_SYNTHETIC
1990-03-15,0.0,30.16,42.9,9.29,175.5,IMD_NORMALS_SYNTHETIC
1990-03-16,0.0,31.7,42.6,11.39,179.9,IMD_NORMALS_SYNTHETIC
1990-03-17,0.0,35.77,39.4,10.13,202.0,IMD_NORMALS_SYNTHETIC
1990-03-18,0.0,30.07,33.9,4.55,214.6,IMD_NORMALS_SYNTHETIC
1990-03-19,0.0,29.32,42.0,5.9,192.0,IMD_NORMALS_SYNTHETIC
1990-03-20,0.0,32.11,36.3,11.43,172.5,IMD_NORMALS_SYNTHETIC
1990-03-21,0.0,33.3,36.9,3.87,178.0,IMD_NORMALS_SYNTHETIC
1990-03-22,0.0,31.46,45.3,9.47,204.7,IMD_NORMALS_SYNTHETIC
1990-03-23,0.0,30.51,40.9,11.42,179.7,IMD_NORMALS_SYNTHETIC
1990-03-24,0.0,29.74,38.1,3.8,203.8,IMD_NORMALS_SYNTHETIC
1990-03-25,0.0,28.81,38.7,7.18,231.9,IMD_NORMALS_SYNTHETIC
1990-03-26,0.0,31.96,34.5,8.87,186.4,IMD_NORMALS_SYNTHETIC
1990-03-27,0.0,30.05,39.2,2.03,178.5,IMD_NORMALS_SYNTHETIC
1990-03-28,0.0,31.05,36.7,8.84,218.2,IMD_NORMALS_SYNTHETIC
1990-03-29,0.0,32.54,37.1,10.0,196.2,IMD_NORMALS_SYNTHETIC
1990-03-30,0.0,32.88,44.9,10.92,210.6,IMD_NORMALS_SYNTHETIC
1990-03-31,0.0,27.34,40.2,9.03,202.6,IMD_NORMALS_SYNTHETIC
1990-04-01,0.0,33.8,30.9,3.57,184.3,IMD_NORMALS_SYNTHETIC
1990-04-02,0.0,38.64,29.7,6.85,246.2,IMD_NORMALS_SYNTHETIC
1990-04-03,0.0,37.7,33.2,9.08,233.9,IMD_NORMALS_SYNTHETIC
1990-04-04,0.0,33.27,41.4,14.86,201.8,IMD_NORMALS_SYNTHETIC
1990-04-05,0.0,35.21,28.5,7.04,176.3,IMD_NORMALS_SYNTHETIC
1990-04-06,0.0,35.71,24.6,8.61,234.9,IMD_NORMALS_SYNTHETIC
1990-04-07,0.0,32.86,39.9,11.56,194.2,IMD_NORMALS_SYNTHETIC
1990-04-08,0.627,34.08,41.9,10.63,202.5,IMD_NORMALS_SYNTHETIC
1990-04-09,0.0,33.84,42.4,9.97,222.7,IMD_NORMALS_SYNTHETIC
1990-04-10,0.0,35.33,44.2,10.94,229.0,IMD_NORMALS_SYNTHETIC
1990-04-11,0.0,35.56,35.6,3.83,234.5,IMD_NORMALS_SYNTHETIC
1990-04-12,0.0,37.43,35.9,9.3,185.4,IMD_NORMALS_SYNTHETIC
1990-04-13,0.0,33.29,29.8,3.1,207.3,IMD_NORMALS_SYNTHETIC
1990-04-14,0.0,32.64,34.9,13.59,208.3,IMD_NORMALS_SYNTHETIC
1990-04-15,0.0,34.58,34.2,6.39,206.9,IMD_NORMALS_SYNTHETIC
1990-04-16,0.0,35.23,24.5,5.78,161.3,IMD_NORMALS_SYNTHETIC
1990-04-17,0.0,34.29,32.1,4.67,202.5,IMD_NORMALS_SYNTHETIC
1990-04-18,0.0,35.02,36.4,16.06,163.9,IMD_NORMALS_SYNTHETIC
1990-04-19,0.0,34.71,32.2,8.02,194.4,IMD_NORMALS_SYNTHETIC
1990-04-20,0.0,35.48,30.1,6.89,213.0,IMD_NORMALS_SYNTHETIC
1990-04-21,0.0,33.55,38.4,7.14,227.1,IMD_NORMALS_SYNTHETIC
1990-04-22,0.0,36.22,39.8,13.93,219.6,IMD_NORMALS_SYNTHETIC
1990-04-23,0.0,34.01,40.3,6.51,200.7,IMD_NORMALS_SYNTHETIC
1990-04-24,0.0,30.43,32.7,11.7,215.6,IMD_NORMALS_SYNTHETIC
1990-04-25,0.0,31.73,41.6,8.84,196.5,IMD_NORMALS_SYNTHETIC
1990-04-26,0.0,36.06,34.5,1.95,203.1,IMD_NORMALS_SYNTHETIC
1990-04-27,0.0,36.77,29.6,4.2,190.1,IMD_NORMALS_SYNTHETIC
1990-04-28,0.0,33.61,37.8,16.74,208.4,IMD_NORMALS_SYNTHETIC
1990-04-29,0.0,32.4,38.7,11.63,241.1,IMD_NORMALS_SYNTHETIC
1990-04-30,0.0,37.4,29.4,7.9,209.5,IMD_NORMALS_SYNTHETIC
1990-05-01,0.0,32.52,36.8,11.93,216.5,IMD_NORMALS_SYNTHETIC
1990-05-02,0.0,33.19,44.9,5.11,195.0,IMD_NORMALS_SYNTHETIC
1990-05-03,0.0,34.67,51.1,8.76,214.8,IMD_NORMALS_SYNTHETIC
1990-05-04,4.309,35.77,46.3,4.77,221.8,IMD_NORMALS_SYNTHETIC
1990-05-05,0.0,33.29,50.4,8.5,207.2,IMD_NORMALS_SYNTHETIC
1990-05-06,0.0,33.29,38.3,9.15,205.6,IMD_NORMALS_SYNTHETIC
1990-05-07,1.286,36.13,48.9,6.85,236.9,IMD_NORMALS_SYNTHETIC
1990-05-08,0.0,35.98,45.2,7.89,186.8,IMD_NORMALS_SYNTHETIC
1990-05-09,0.0,36.03,35.4,4.24,260.0,IMD_NORMALS_SYNTHETIC
1990-05-10,0.0,36.53,49.8,4.5,253.9,IMD_NORMALS_SYNTHETIC
1990-05-11,0.0,35.36,36.8,7.55,202.9,IMD_NORMALS_SYNTHETIC
1990-05-12,0.0,36.47,43.9,8.56,231.7,IMD_NORMALS_SYNTHETIC
1990-05-13,0.0,35.33,51.4,9.87,244.0,IMD_NORMALS_SYNTHETIC
1990-05-14,0.0,36.53,44.2,8.55,203.7,IMD_NORMALS_SYNTHETIC
1990-05-15,0.0,34.26,38.7,8.95,189.7,IMD_NORMALS_SYNTHETIC
1990-05-16,0.0,33.99,40.4,4.18,241.5,IMD_NORMALS_SYNTHETIC
1990-05-17,0.0,32.87,33.9,6.55,205.6,IMD_NORMALS_SYNTHETIC
1990-05-18,0.0,34.29,45.2,8.04,210.9,IMD_NORMALS_SYNTHETIC
1990-05-19,0.0,36.36,45.0,3.68,224.0,IMD_NORMALS_SYNTHETIC
1990-05-20,0.0,35.91,40.0,9.39,242.1,IMD_NORMALS_SYNTHETIC
1990-05-21,0.0,35.12,44.6,10.89,181.5,IMD_NORMALS_SYNTHETIC
1990-05-22,0.0,33.15,43.9,9.92,259.3,IMD_NORMALS_SYNTHETIC
1990-05-23,0.0,38.48,39.0,5.4,255.2,IMD_NORMALS_SYNTHETIC
1990-05-24,0.0,35.98,41.7,1.92,225.7,IMD_NORMALS_SYNTHETIC
1990-05-25,0.0,36.49,51.4,9.44,210.9,IMD_NORMALS_SYNTHETIC
1990-05-26,0.0,37.03,33.5,3.7,241.1,IMD_NORMALS_SYNTHETIC
1990-05-27,0.0,32.8,40.9,5.13,239.8,IMD_NORMALS_SYNTHETIC
1990-05-28,0.42,36.96,43.6,8.16,232.3,IMD_NORMALS_SYNTHETIC
1990-05-29,0.0,39.18,38.4,10.41,246.1,IMD_NORMALS_SYNTHETIC
1990-05-30,0.0,34.3,44.3,7.41,225.3,IMD_NORMALS_SYNTHETIC
1990-05-31,0.0,36.71,40.5,3.15,254.9,IMD_NORMALS_SYNTHETIC
1990-06-01,7.777,30.62,55.7,9.81,246.2,IMD_NORMALS_SYNTHETIC
1990-06-02,17.464,29.69,58.4,8.76,202.9,IMD_NORMALS_SYNTHETIC
1990-06-03,9.032,32.51,71.5,4.48,222.8,IMD_NORMALS_SYNTHETIC
1990-06-04,0.0,32.56,62.2,6.3,273.4,IMD_NORMALS_SYNTHETIC
1990-06-05,6.554,32.39,65.1,3.86,216.3,IMD_NORMALS_SYNTHETIC
1990-06-06,0.0,30.93,64.5,4.53,251.2,IMD_NORMALS_SYNTHETIC
1990-06-07,0.0,34.58,61.7,11.78,263.3,IMD_NORMALS_SYNTHETIC
1990-06-08,0.0,30.35,62.9,8.39,242.4,IMD_NORMALS_SYNTHETIC
1990-06-09,0.0,31.52,61.3,8.34,242.8,IMD_NORMALS_SYNTHETIC
1990-06-10,0.0,31.29,58.8,5.97,256.8,IMD_NORMALS_SYNTHETIC
1990-06-11,0.0,28.89,60.5,10.49,248.2,IMD_NORMALS_SYNTHETIC
1990-06-12,0.0,31.76,61.4,7.75,240.9,IMD_NORMALS_SYNTHETIC
1990-06-13,0.0,29.46,63.7,9.41,240.3,IMD_NORMALS_SYNTHETIC
1990-06-14,0.0,29.19,60.2,12.72,260.8,IMD_NORMALS_SYNTHETIC
1990-06-15,3.353,32.4,66.2,0.08,225.9,IMD_NORMALS_SYNTHETIC
1990-06-16,0.0,31.3,62.5,5.12,222.5,IMD_NORMALS_SYNTHETIC
1990-06-17,0.0,32.16,61.9,6.58,233.5,IMD_NORMALS_SYNTHETIC
1990-06-18,0.0,31.22,67.6,7.74,253.6,IMD_NORMALS_SYNTHETIC
1990-06-19,40.616,32.23,54.0,10.02,252.6,IMD_NORMALS_SYNTHETIC
1990-06-20,37.22,35.11,57.1,6.86,254.6,IMD_NORMALS_SYNTHETIC
1990-06-21,0.0,27.12,58.4,17.3,235.2,IMD_NORMALS_SYNTHETIC
1990-06-22,0.0,31.5,75.8,10.94,249.5,IMD_NORMALS_SYNTHETIC
1990-06-23,0.0,31.12,68.0,7.58,270.3,IMD_NORMALS_SYNTHETIC
1990-06-24,25.803,29.82,60.3,6.85,253.8,IMD_NORMALS_SYNTHETIC
1990-06-25,11.637,30.83,67.8,8.46,261.7,IMD_NORMALS_SYNTHETIC
1990-06-26,0.0,31.81,73.1,7.76,227.0,IMD_NORMALS_SYNTHETIC
1990-06-27,0.0,31.38,61.3,5.58,234.0,IMD_NORMALS_SYNTHETIC
1990-06-28,0.0,32.79,56.7,5.53,271.7,IMD_NORMALS_SYNTHETIC
1990-06-29,1.486,29.97,61.6,3.94,253.0,IMD_NORMALS_SYNTHETIC
1990-06-30,0.0,30.12,65.2,5.65,213.3,IMD_NORMALS_SYNTHETIC
1990-07-01,17.831,27.25,83.7,10.82,242.0,IMD_NORMALS_SYNTHETIC
1990-07-02,0.0,30.69,81.1,5.1,267.2,IMD_NORMALS_SYNTHETIC
1990-07-03,3.809,30.28,70.2,5.89,214.1,IMD_NORMALS_SYNTHETIC
1990-07-04,26.685,27.6,74.2,7.36,210.2,IMD_NORMALS_SYNTHETIC
1990-07-05,0.0,29.51,65.8,3.68,230.7,IMD_NORMALS_SYNTHETIC
1990-07-06,14.851,32.59,75.3,10.27,216.4,IMD_NORMALS_SYNTHETIC
1990-07-07,0.0,27.27,74.7,10.99,215.4,IMD_NORMALS_SYNTHETIC
1990-07-08,0.0,28.63,70.1,5.28,243.7,IMD_NORMALS_SYNTHETIC
1990-07-09,0.0,29.31,63.5,6.99,265.4,IMD_NORMALS_SYNTHETIC
1990-07-10,0.0,29.36,70.9,10.25,197.8,IMD_NORMALS_SYNTHETIC
1990-07-11,0.0,31.02,76.2,3.39,235.1,IMD_NORMALS_SYNTHETIC
1990-07-12,0.0,31.65,77.4,6.56,247.2,IMD_NORMALS_SYNTHETIC
1990-07-13,0.0,27.6,73.5,4.61,208.3,IMD_NORMALS_SYNTHETIC
1990-07-14,0.0,27.93,77.7,5.76,257.6,IMD_NORMALS_SYNTHETIC
1990-07-15,0.0,29.11,70.6,5.14,223.8,IMD_NORMALS_SYNTHETIC
1990-07-16,8.881,27.82,70.9,7.38,268.8,IMD_NORMALS_SYNTHETIC
1990-07-17,0.0,28.91,59.9,9.65,250.2,IMD_NORMALS_SYNTHETIC
1990-07-18,2.353,27.65,79.1,11.81,226.3,IMD_NORMALS_SYNTHETIC
1990-07-19,0.0,30.18,79.9,1.87,209.6,IMD_NORMALS_SYNTHETIC
1990-07-20,0.0,28.67,80.3,7.32,222.8,IMD_NORMALS_SYNTHETIC
1990-07-21,3.484,28.28,73.4,8.2,223.6,IMD_NORMALS_SYNTHETIC
1990-07-22,0.0,28.57,74.2,10.25,259.5,IMD_NORMALS_SYNTHETIC
1990-07-23,0.0,29.31,75.0,7.2,232.3,IMD_NORMALS_SYNTHETIC
1990-07-24,0.0,29.88,71.9,4.29,227.1,IMD_NORMALS_SYNTHETIC
1990-07-25,7.437,28.4,75.2,5.05,252.4,IMD_NORMALS_SYNTHETIC
1990-07-26,10.569,26.63,69.8,5.21,206.9,IMD_NORMALS_SYNTHETIC
1990-07-27,0.0,29.32,79.3,10.43,244.8,IMD_NORMALS_SYNTHETIC
1990-07-28,0.0,29.52,68.9,5.72,225.2,IMD_NORMALS_SYNTHETIC
1990-07-29,11.363,27.89,73.6,8.76,244.6,IMD_NORMALS_SYNTHETIC
1990-07-30,0.0,28.22,66.7,8.02,231.5,IMD_NORMALS_SYNTHETIC
1990-07-31,3.736,30.08,71.8,2.85,249.9,IMD_NORMALS_SYNTHETIC
1990-08-01,14.932,29.63,80.9,7.4,244.2,IMD_NORMALS_SYNTHETIC
1990-08-02,15.24,32.64,76.7,6.43,238.2,IMD_NORMALS_SYNTHETIC
1990-08-03,0.0,24.09,75.2,7.65,192.0,IMD_NORMALS_SYNTHETIC
1990-08-04,0.0,28.3,72.5,6.67,195.4,IMD_NORMALS_SYNTHETIC
1990-08-05,18.395,25.29,69.6,4.73,191.6,IMD_NORMALS_SYNTHETIC
1990-08-06,0.0,28.47,75.5,1.14,229.2,IMD_NORMALS_SYNTHETIC
1990-08-07,0.0,23.42,73.0,11.11,236.4,IMD_NORMALS_SYNTHETIC
1990-08-08,0.0,29.57,71.3,6.06,163.9,IMD_NORMALS_SYNTHETIC
1990-08-09,5.729,30.28,75.2,8.97,205.7,IMD_NORMALS_SYNTHETIC
1990-08-10,0.0,27.04,70.4,6.63,229.0,IMD_NORMALS_SYNTHETIC
1990-08-11,3.661,31.34,72.6,4.82,200.9,IMD_NORMALS_SYNTHETIC
1990-08-12,0.0,31.91,69.5,7.23,250.0,IMD_NORMALS_SYNTHETIC
1990-08-13,2.282,24.15,69.9,7.32,189.9,IMD_NORMALS_SYNTHETIC
1990-08-14,0.276,27.8,83.8,3.36,214.8,IMD_NORMALS_SYNTHETIC
1990-08-15,0.0,30.13,86.2,4.25,202.5,IMD_NORMALS_SYNTHETIC
1990-08-16,22.709,29.93,71.9,12.82,249.6,IMD_NORMALS_SYNTHETIC
1990-08-17,0.0,26.53,68.7,10.51,172.7,IMD_NORMALS_SYNTHETIC
1990-08-18,0.0,26.32,67.5,8.37,206.4,IMD_NORMALS_SYNTHETIC
1990-08-19,0.0,29.66,75.3,10.72,202.6,IMD_NORMALS_SYNTHETIC
1990-08-20,0.0,28.78,78.7,6.19,183.1,IMD_NORMALS_SYNTHETIC
1990-08-21,0.0,27.51,75.1,6.28,229.0,IMD_NORMALS_SYNTHETIC
1990-08-22,0.279,28.28,76.8,3.9,190.0,IMD_NORMALS_SYNTHETIC
1990-08-23,0.0,29.57,69.6,6.34,201.9,IMD_NORMALS_SYNTHETIC
1990-08-24,7.962,28.09,69.9,6.64,196.7,IMD_NORMALS_SYNTHETIC
1990-08-25,0.0,29.15,75.3,13.46,219.6,IMD_NORMALS_SYNTHETIC
1990-08-26,7.918,28.54,79.9,5.0,233.5,IMD_NORMALS_SYNTHETIC
1990-08-27,0.607,29.02,73.6,9.15,206.5,IMD_NORMALS_SYNTHETIC
1990-08-28,27.709,28.56,79.7,9.21,212.0,IMD_NORMALS_SYNTHETIC
1990-08-29,0.0,27.02,73.0,10.99,216.8,IMD_NORMALS_SYNTHETIC
1990-08-30,0.0,27.42,70.3,10.88,208.5,IMD_NORMALS_SYNTHETIC
1990-08-31,0.0,29.35,78.6,10.14,242.3,IMD_NORMALS_SYNTHETIC
1990-09-01,0.0,29.43,68.2,8.52,194.0,IMD_NORMALS_SYNTHETIC
1990-09-02,0.0,28.84,74.1,10.17,184.8,IMD_NORMALS_SYNTHETIC
1990-09-03,0.0,29.96,80.2,11.37,191.9,IMD_NORMALS_SYNTHETIC
1990-09-04,0.0,28.0,64.4,4.99,218.6,IMD_NORMALS_SYNTHETIC
1990-09-05,0.0,28.91,73.0,7.63,211.3,IMD_NORMALS_SYNTHETIC
1990-09-06,34.701,25.42,81.5,9.04,181.1,IMD_NORMALS_SYNTHETIC
1990-09-07,0.0,30.26,72.2,7.91,202.4,IMD_NORMALS_SYNTHETIC
1990-09-08,0.0,26.68,69.5,6.73,183.7,IMD_NORMALS_SYNTHETIC
1990-09-09,0.0,26.14,75.2,5.87,202.2,IMD_NORMALS_SYNTHETIC
1990-09-10,0.0,28.61,73.3,13.08,195.7,IMD_NORMALS_SYNTHETIC
1990-09-11,0.0,28.99,73.4,6.27,186.1,IMD_NORMALS_SYNTHETIC
1990-09-12,0.0,33.06,79.5,1.85,188.4,IMD_NORMALS_SYNTHETIC
1990-09-13,9.379,30.17,73.4,14.0,145.3,IMD_NORMALS_SYNTHETIC
1990-09-14,0.0,26.99,66.7,8.82,226.9,IMD_NORMALS_SYNTHETIC
1990-09-15,0.0,28.16,65.6,11.93,181.4,IMD_NORMALS_SYNTHETIC
1990-09-16,0.0,32.06,71.3,4.55,175.2,IMD_NORMALS_SYNTHETIC
1990-09-17,0.0,31.25,65.7,4.37,195.6,IMD_NORMALS_SYNTHETIC
1990-09-18,0.0,28.72,74.3,3.61,186.6,IMD_NORMALS_SYNTHETIC
1990-09-19,0.0,30.53,70.6,10.04,163.0,IMD_NORMALS_SYNTHETIC
1990-09-20,0.0,28.55,74.6,8.02,206.4,IMD_NORMALS_SYNTHETIC
1990-09-21,0.0,30.35,69.7,5.71,173.5,IMD_NORMALS_SYNTHETIC
1990-09-22,0.0,28.47,77.5,8.64,179.7,IMD_NORMALS_SYNTHETIC
1990-09-23,1.538,28.17,72.5,9.45,199.6,IMD_NORMALS_SYNTHETIC
1990-09-24,0.0,28.11,73.8,4.39,185.3,IMD_NORMALS_SYNTHETIC
1990-09-25,9.858,29.68,72.5,15.31,183.5,IMD_NORMALS_SYNTHETIC
1990-09-26,13.026,31.57,68.3,10.16,214.3,IMD_NORMALS_SYNTHETIC
1990-09-27,0.0,29.23,75.7,6.87,210.2,IMD_NORMALS_SYNTHETIC
1990-09-28,4.855,28.45,72.2,7.82,220.0,IMD_NORMALS_SYNTHETIC
1990-09-29,0.0,29.49,73.1,5.5,191.3,IMD_NORMALS_SYNTHETIC
1990-09-30,0.0,30.16,76.1,2.56,236.3,IMD_NORMALS_SYNTHETIC
1990-10-01,0.0,28.35,62.9,8.04,161.6,IMD_NORMALS_SYNTHETIC
1990-10-02,0.0,26.44,62.1,3.74,173.6,IMD_NORMALS_SYNTHETIC
1990-10-03,0.0,29.24,65.2,3.09,187.5,IMD_NORMALS_SYNTHETIC
1990-10-04,23.164,25.18,67.1,9.37,153.0,IMD_NORMALS_SYNTHETIC
1990-10-05,0.0,30.9,78.1,9.47,185.6,IMD_NORMALS_SYNTHETIC
1990-10-06,0.0,27.66,68.5,7.64,171.7,IMD_NORMALS_SYNTHETIC
1990-10-07,0.0,27.08,65.9,12.4,182.3,IMD_NORMALS_SYNTHETIC
1990-10-08,0.0,28.02,73.2,9.33,173.6,IMD_NORMALS_SYNTHETIC
1990-10-09,0.0,31.29,63.2,4.34,191.1,IMD_NORMALS_SYNTHETIC
1990-10-10,0.0,30.06,59.4,9.34,192.6,IMD_NORMALS_SYNTHETIC
1990-10-11,0.0,28.89,69.9,13.45,178.0,IMD_NORMALS_SYNTHETIC
1990-10-12,0.0,27.71,70.0,8.05,163.1,IMD_NORMALS_SYNTHETIC
1990-10-13,0.0,27.07,61.1,10.47,173.1,IMD_NORMALS_SYNTHETIC
1990-10-14,0.0,28.42,60.4,8.77,185.7,IMD_NORMALS_SYNTHETIC
1990-10-15,0.605,27.72,58.6,8.77,184.8,IMD_NORMALS_SYNTHETIC
1990-10-16,0.0,28.21,64.9,9.32,161.6,IMD_NORMALS_SYNTHETIC
1990-10-17,0.0,29.45,58.5,5.33,208.8,IMD_NORMALS_SYNTHETIC
1990-10-18,0.0,27.72,63.1,14.99,201.3,IMD_NORMALS_SYNTHETIC
1990-10-19,0.0,29.19,70.0,11.73,153.5,IMD_NORMALS_SYNTHETIC
1990-10-20,4.315,27.11,61.3,11.03,158.2,IMD_NORMALS_SYNTHETIC
1990-10-21,0.0,28.07,60.4,13.51,168.2,IMD_NORMALS_SYNTHETIC
1990-10-22,0.0,26.91,68.3,6.94,161.8,IMD_NORMALS_SYNTHETIC
1990-10-23,0.0,23.82,66.3,8.51,184.3,IMD_NORMALS_SYNTHETIC
1990-10-24,2.127,26.73,68.2,9.28,155.5,IMD_NORMALS_SYNTHETIC
1990-10-25,0.0,25.86,65.5,9.68,179.3,IMD_NORMALS_SYNTHETIC
1990-10-26,0.0,27.75,64.5,7.22,221.2,IMD_NORMALS_SYNTHETIC
1990-10-27,0.0,27.14,67.4,8.48,202.6,IMD_NORMALS_SYNTHETIC
1990-10-28,0.0,27.52,64.9,12.9,200.5,IMD_NORMALS_SYNTHETIC
1990-10-29,0.0,25.45,63.4,8.26,185.4,IMD_NORMALS_SYNTHETIC
1990-10-30,0.0,25.98,70.4,6.25,177.4,IMD_NORMALS_SYNTHETIC
1990-10-31,0.0,31.77,71.6,7.36,217.6,IMD_NORMALS_SYNTHETIC
1990-11-01,0.0,27.67,63.7,9.18,136.7,IMD_NORMALS_SYNTHETIC
1990-11-02,0.0,24.91,66.2,1.31,145.9,IMD_NORMALS_SYNTHETIC
1990-11-03,0.0,27.31,53.4,12.06,161.7,IMD_NORMALS_SYNTHETIC
1990-11-04,0.0,24.14,60.7,11.86,195.1,IMD_NORMALS_SYNTHETIC
1990-11-05,0.0,23.84,59.9,10.68,169.7,IMD_NORMALS_SYNTHETIC
1990-11-06,0.0,27.36,58.8,9.63,190.3,IMD_NORMALS_SYNTHETIC
1990-11-07,4.774,23.48,51.9,2.28,149.6,IMD_NORMALS_SYNTHETIC
1990-11-08,0.0,26.3,52.1,4.91,164.7,IMD_NORMALS_SYNTHETIC
1990-11-09,0.0,28.71,63.3,5.92,146.5,IMD_NORMALS_SYNTHETIC
1990-11-10,0.0,25.38,57.3,6.24,153.3,IMD_NORMALS_SYNTHETIC
1990-11-11,0.0,24.91,57.8,8.9,169.3,IMD_NORMALS_SYNTHETIC
1990-11-12,0.0,23.0,57.3,7.43,202.0,IMD_NORMALS_SYNTHETIC
1990-11-13,2.669,28.97,55.0,6.61,138.1,IMD_NORMALS_SYNTHETIC
1990-11-14,16.487,28.6,58.1,6.91,150.9,IMD_NORMALS_SYNTHETIC
1990-11-15,0.0,26.0,59.5,7.3,156.4,IMD_NORMALS_SYNTHETIC
1990-11-16,0.0,24.41,60.8,4.1,159.6,IMD_NORMALS_SYNTHETIC
1990-11-17,0.0,24.48,62.3,7.1,150.1,IMD_NORMALS_SYNTHETIC
1990-11-18,0.0,26.38,64.4,8.57,182.7,IMD_NORMALS_SYNTHETIC
1990-11-19,0.0,25.13,57.5,5.67,182.3,IMD_NORMALS_SYNTHETIC
1990-11-20,0.0,24.89,53.8,7.17,123.7,IMD_NORMALS_SYNTHETIC
1990-11-21,0.0,26.26,63.0,7.77,126.5,IMD_NORMALS_SYNTHETIC
1990-11-22,9.69,24.32,69.3,5.29,153.3,IMD_NORMALS_SYNTHETIC
1990-11-23,0.0,25.3,64.4,6.18,158.2,IMD_NORMALS_SYNTHETIC
1990-11-24,0.0,23.52,59.3,11.76,139.1,IMD_NORMALS_SYNTHETIC
1990-11-25,0.0,26.34,54.3,7.17,195.0,IMD_NORMALS_SYNTHETIC
1990-11-26,0.0,27.91,60.3,5.55,169.9,IMD_NORMALS_SYNTHETIC
1990-11-27,0.0,26.94,61.7,9.5,172.3,IMD_NORMALS_SYNTHETIC
1990-11-28,0.0,25.2,55.3,1.61,185.9,IMD_NORMALS_SYNTHETIC
1990-11-29,0.0,24.6,59.3,5.73,161.4,IMD_NORMALS_SYNTHETIC
1990-11-30,0.0,28.28,62.6,0.99,163.3,IMD_NORMALS_SYNTHETIC
1990-12-01,0.0,26.22,56.6,10.21,157.8,IMD_NORMALS_SYNTHETIC
1990-12-02,0.0,23.55,50.3,8.45,127.9,IMD_NORMALS_SYNTHETIC
1990-12-03,0.0,25.18,51.7,8.59,170.7,IMD_NORMALS_SYNTHETIC
1990-12-04,0.0,22.76,65.6,9.37,116.5,IMD_NORMALS_SYNTHETIC
1990-12-05,0.0,26.64,57.2,10.07,181.6,IMD_NORMALS_SYNTHETIC
1990-12-06,0.0,24.15,56.9,8.19,159.2,IMD_NORMALS_SYNTHETIC
1990-12-07,0.0,24.47,56.6,6.92,155.0,IMD_NORMALS_SYNTHETIC
1990-12-08,0.0,22.58,55.1,8.72,126.4,IMD_NORMALS_SYNTHETIC
1990-12-09,0.0,24.94,55.7,10.03,157.3,IMD_NORMALS_SYNTHETIC
1990-12-10,0.0,24.74,53.8,1.97,120.8,IMD_NORMALS_SYNTHETIC
1990-12-11,0.0,22.85,57.2,10.15,173.0,IMD_NORMALS_SYNTHETIC
1990-12-12,0.0,25.83,58.6,3.89,127.8,IMD_NORMALS_SYNTHETIC
1990-12-13,0.0,25.01,50.0,5.84,149.3,IMD_NORMALS_SYNTHETIC
1990-12-14,0.0,24.63,50.6,9.74,162.8,IMD_NORMALS_SYNTHETIC
1990-12-15,0.0,24.07,53.2,9.85,146.3,IMD_NORMALS_SYNTHETIC
1990-12-16,0.0,25.44,53.9,6.4,129.1,IMD_NORMALS_SYNTHETIC
1990-12-17,0.0,23.9,57.6,11.07,162.3,IMD_NORMALS_SYNTHETIC
1990-12-18,0.0,25.11,54.1,8.87,147.3,IMD_NORMALS_SYNTHETIC
1990-12-19,0.0,26.16,54.4,8.95,139.9,IMD_NORMALS_SYNTHETIC
1990-12-20,0.0,23.53,54.2,4.84,152.1,IMD_NORMALS_SYNTHETIC
1990-12-21,0.0,21.47,59.9,2.81,161.3,IMD_NORMALS_SYNTHETIC
1990-12-22,0.0,23.15,56.5,13.17,132.0,IMD_NORMALS_SYNTHETIC
1990-12-23,0.0,23.3,49.0,3.76,144.2,IMD_NORMALS_SYNTHETIC
1990-12-24,0.0,22.42,50.9,13.21,151.7,IMD_NORMALS_SYNTHETIC
1990-12-25,21.652,23.15,53.5,9.93,151.8,IMD_NORMALS_SYNTHETIC
1990-12-26,0.0,24.78,54.2,8.45,164.8,IMD_NORMALS_SYNTHETIC
1990-12-27,0.0,26.66,43.7,6.66,134.2,IMD_NORMALS_SYNTHETIC
1990-12-28,0.0,24.61,45.7,10.6,146.5,IMD_NORMALS_SYNTHETIC
1990-12-29,0.0,25.21,58.5,7.6,166.6,IMD_NORMALS_SYNTHETIC
1990-12-30,0.0,20.02,50.8,8.98,123.7,IMD_NORMALS_SYNTHETIC
1990-12-31,0.0,25.09,54.8,10.17,137.7,IMD_NORMALS_SYNTHETIC
1991-01-01,0.0,25.43,57.5,14.66,163.2,IMD_NORMALS_SYNTHETIC
1991-01-02,0.0,23.49,53.0,8.03,173.8,IMD_NORMALS_SYNTHETIC
1991-01-03,0.0,23.46,57.1,7.9,136.8,IMD_NORMALS_SYNTHETIC
1991-01-04,0.0,28.99,44.0,6.82,192.4,IMD_NORMALS_SYNTHETIC
1991-01-05,0.0,22.45,56.7,6.51,160.8,IMD_NORMALS_SYNTHETIC
1991-01-06,6.513,27.11,57.7,9.13,173.7,IMD_NORMALS_SYNTHETIC
1991-01-07,0.0,25.99,55.7,9.53,178.4,IMD_NORMALS_SYNTHETIC
1991-01-08,0.0,23.32,54.6,3.74,174.9,IMD_NORMALS_SYNTHETIC
1991-01-09,0.0,20.42,52.1,5.32,155.8,IMD_NORMALS_SYNTHETIC
1991-01-10,0.0,27.64,52.4,9.14,179.8,IMD_NORMALS_SYNTHETIC
1991-01-11,0.0,27.34,64.5,10.43,174.4,IMD_NORMALS_SYNTHETIC
1991-01-12,0.0,24.02,41.2,8.59,143.6,IMD_NORMALS_SYNTHETIC
1991-01-13,0.0,24.3,58.0,11.53,172.4,IMD_NORMALS_SYNTHETIC
1991-01-14,0.0,24.39,50.6,4.14,179.5,IMD_NORMALS_SYNTHETIC
1991-01-15,0.0,23.8,47.9,13.47,150.8,IMD_NORMALS_SYNTHETIC
1991-01-16,0.0,23.15,59.3,4.54,171.5,IMD_NORMALS_SYNTHETIC
1991-01-17,0.238,22.55,48.2,9.4,141.6,IMD_NORMALS_SYNTHETIC
1991-01-18,0.0,24.17,57.1,10.07,102.6,IMD_NORMALS_SYNTHETIC
1991-01-19,0.0,21.64,50.1,8.26,142.0,IMD_NORMALS_SYNTHETIC
1991-01-20,0.0,23.68,51.1,8.92,192.6,IMD_NORMALS_SYNTHETIC
1991-01-21,0.0,27.54,47.2,6.82,172.2,IMD_NORMALS_SYNTHETIC
1991-01-22,16.498,22.91,62.3,10.94,191.4,IMD_NORMALS_SYNTHETIC
1991-01-23,0.0,21.45,58.5,7.58,135.5,IMD_NORMALS_SYNTHETIC
1991-01-24,1.519,23.47,57.1,7.78,122.9,IMD_NORMALS_SYNTHETIC
1991-01-25,0.0,24.26,53.8,6.4,168.2,IMD_NORMALS_SYNTHETIC
1991-01-26,0.0,22.91,44.3,9.5,181.1,IMD_NORMALS_SYNTHETIC
1991-01-27,0.0,26.16,52.9,13.44,146.0,IMD_NORMALS_SYNTHETIC
1991-01-28,0.0,27.4,51.2,11.0,166.2,IMD_NORMALS_SYNTHETIC
1991-01-29,1.08,24.85,57.4,6.25,164.5,IMD_NORMALS_SYNTHETIC
1991-01-30,0.0,28.21,49.0,2.17,146.0,IMD_NORMALS_SYNTHETIC
1991-01-31,0.0,24.47,54.2,11.37,175.2,IMD_NORMALS_SYNTHETIC
1991-02-01,0.0,26.11,46.6,12.29,184.0,IMD_NORMALS_SYNTHETIC
1991-02-02,0.0,26.39,49.8,8.28,185.8,IMD_NORMALS_SYNTHETIC
1991-02-03,0.0,27.52,49.2,6.24,179.1,IMD_NORMALS_SYNTHETIC
1991-02-04,0.0,28.85,50.8,7.71,164.4,IMD_NORMALS_SYNTHETIC
1991-02-05,0.0,26.71,48.5,12.92,184.5,IMD_NORMALS_SYNTHETIC
1991-02-06,0.0,27.44,49.4,5.72,165.8,IMD_NORMALS_SYNTHETIC
1991-02-07,0.0,28.46,40.8,4.25,163.3,IMD_NORMALS_SYNTHETIC
1991-02-08,0.0,31.21,43.8,5.63,164.8,IMD_NORMALS_SYNTHETIC
1991-02-09,2.28,26.89,44.4,7.32,167.8,IMD_NORMALS_SYNTHETIC
1991-02-10,0.0,25.36,44.3,4.21,163.0,IMD_NORMALS_SYNTHETIC
1991-02-11,0.0,25.11,43.6,6.9,150.2,IMD_NORMALS_SYNTHETIC
1991-02-12,0.0,27.82,47.9,8.79,186.7,IMD_NORMALS_SYNTHETIC
1991-02-13,0.0,24.87,49.4,12.31,175.9,IMD_NORMALS_SYNTHETIC
1991-02-14,0.0,23.54,50.9,10.32,214.5,IMD_NORMALS_SYNTHETIC
1991-02-15,0.0,26.98,42.2,8.01,166.7,IMD_NORMALS_SYNTHETIC
1991-02-16,0.0,31.52,44.0,4.79,189.9,IMD_NORMALS_SYNTHETIC
1991-02-17,0.0,26.21,40.5,7.36,179.3,IMD_NORMALS_SYNTHETIC
1991-02-18,0.0,27.43,44.8,11.71,171.9,IMD_NORMALS_SYNTHETIC
1991-02-19,0.0,26.64,37.0,9.4,198.3,IMD_NORMALS_SYNTHETIC
1991-02-20,0.0,26.74,37.9,7.0,188.8,IMD_NORMALS_SYNTHETIC
1991-02-21,0.0,26.13,45.7,8.01,190.6,IMD_NORMALS_SYNTHETIC
1991-02-22,0.0,27.53,43.8,9.77,172.4,IMD_NORMALS_SYNTHETIC
1991-02-23,0.0,28.25,48.9,8.26,192.2,IMD_NORMALS_SYNTHETIC
1991-02-24,0.0,26.45,49.6,7.02,177.9,IMD_NORMALS_SYNTHETIC
1991-02-25,0.0,24.26,39.0,6.71,176.5,IMD_NORMALS_SYNTHETIC
1991-02-26,0.0,26.65,50.7,9.51,198.9,IMD_NORMALS_SYNTHETIC
1991-02-27,0.0,26.59,51.1,9.34,161.9,IMD_NORMALS_SYNTHETIC
1991-02-28,0.0,28.5,39.8,7.94,210.6,IMD_NORMALS_SYNTHETIC
1991-03-01,0.0,31.67,38.2,6.82,196.8,IMD_NORMALS_SYNTHETIC
1991-03-02,0.0,31.42,36.8,7.75,207.7,IMD_NORMALS_SYNTHETIC
1991-03-03,0.0,29.94,43.0,7.78,187.9,IMD_NORMALS_SYNTHETIC
1991-03-04,0.0,33.2,28.6,0.99,196.4,IMD_NORMALS_SYNTHETIC
1991-03-05,0.0,30.87,38.4,11.58,181.9,IMD_NORMALS_SYNTHETIC
1991-03-06,0.0,30.03,43.3,5.83,223.7,IMD_NORMALS_SYNTHETIC
1991-03-07,0.0,30.53,41.3,6.7,191.3,IMD_NORMALS_SYNTHETIC
1991-03-08,0.0,29.18,35.6,5.98,219.8,IMD_NORMALS_SYNTHETIC
1991-03-09,0.0,31.73,34.4,6.66,174.4,IMD_NORMALS_SYNTHETIC
1991-03-10,0.0,27.62,32.9,5.06,162.0,IMD_NORMALS_SYNTHETIC
1991-03-11,0.0,27.12,42.3,10.06,204.2,IMD_NORMALS_SYNTHETIC
1991-03-12,0.0,33.62,38.2,6.9,192.5,IMD_NORMALS_SYNTHETIC
1991-03-13,0.0,32.15,39.3,1.28,188.4,IMD_NORMALS_SYNTHETIC
1991-03-14,0.0,28.65,34.4,4.92,175.0,IMD_NORMALS_SYNTHETIC
1991-03-15,0.0,29.95,44.2,5.81,153.8,IMD_NORMALS_SYNTHETIC
1991-03-16,0.0,29.26,38.3,9.6,169.2,IMD_NORMALS_SYNTHETIC
1991-03-17,22.462,35.0,34.5,10.78,169.5,IMD_NORMALS_SYNTHETIC
1991-03-18,0.0,32.67,33.2,4.9,180.1,IMD_NORMALS_SYNTHETIC
1991-03-19,0.0,30.86,33.2,3.61,175.0,IMD_NORMALS_SYNTHETIC
1991-03-20,0.0,29.89,31.3,8.6,210.0,IMD_NORMALS_SYNTHETIC
1991-03-21,0.0,33.57,43.5,2.62,202.1,IMD_NORMALS_SYNTHETIC
1991-03-22,0.0,32.13,38.4,11.15,157.9,IMD_NORMALS_SYNTHETIC
1991-03-23,0.0,30.59,33.1,9.77,159.8,IMD_NORMALS_SYNTHETIC
1991-03-24,0.0,34.33,36.2,9.28,174.7,IMD_NORMALS_SYNTHETIC
1991-03-25,0.0,32.06,37.6,6.13,159.5,IMD_NORMALS_SYNTHETIC
1991-03-26,0.0,31.4,46.5,11.49,167.6,IMD_NORMALS_SYNTHETIC
1991-03-27,0.0,31.4,29.4,8.08,189.7,IMD_NORMALS_SYNTHETIC
1991-03-28,0.0,30.31,40.7,7.75,186.5,IMD_NORMALS_SYNTHETIC
1991-03-29,0.0,32.43,42.1,7.84,171.1,IMD_NORMALS_SYNTHETIC
1991-03-30,0.0,30.54,28.9,10.89,211.5,IMD_NORMALS_SYNTHETIC
1991-03-31,0.0,27.73,39.4,7.71,195.6,IMD_NORMALS_SYNTHETIC
1991-04-01,0.0,33.53,37.3,11.55,207.3,IMD_NORMALS_SYNTHETIC
1991-04-02,0.0,37.32,23.0,5.89,201.1,IMD_NORMALS_SYNTHETIC
1991-04-03,25.671,36.27,31.3,13.28,238.2,IMD_NORMALS_SYNTHETIC
1991-04-04,0.0,33.69,38.7,6.89,177.1,IMD_NORMALS_SYNTHETIC
1991-04-05,0.0,34.32,30.8,5.81,238.2,IMD_NORMALS_SYNTHETIC
1991-04-06,0.0,35.61,39.0,8.83,198.2,IMD_NORMALS_SYNTHETIC
1991-04-07,7.274,33.72,30.3,12.23,212.4,IMD_NORMALS_SYNTHETIC
1991-04-08,0.0,33.22,34.5,9.92,213.2,IMD_NORMALS_SYNTHETIC
1991-04-09,0.0,36.71,37.6,7.3,176.3,IMD_NORMALS_SYNTHETIC
1991-04-10,0.0,32.07,32.0,4.81,190.1,IMD_NORMALS_SYNTHETIC
1991-04-11,0.0,33.24,43.2,8.56,207.5,IMD_NORMALS_SYNTHETIC
1991-04-12,0.0,32.85,25.0,17.53,199.6,IMD_NORMALS_SYNTHETIC
1991-04-13,0.0,35.38,36.5,12.83,181.1,IMD_NORMALS_SYNTHETIC
1991-04-14,0.0,33.23,27.2,8.1,190.5,IMD_NORMALS_SYNTHETIC
1991-04-15,0.0,37.89,32.3,8.0,223.6,IMD_NORMALS_SYNTHETIC
1991-04-16,0.0,36.18,34.6,6.78,162.5,IMD_NORMALS_SYNTHETIC
1991-04-17,0.0,37.6,36.3,0.66,230.8,IMD_NORMALS_SYNTHETIC
1991-04-18,0.0,33.55,42.5,8.1,220.8,IMD_NORMALS_SYNTHETIC
1991-04-19,0.0,30.57,37.1,3.89,217.4,IMD_NORMALS_SYNTHETIC
1991-04-20,0.0,33.31,32.9,9.8,183.3,IMD_NORMALS_SYNTHETIC
1991-04-21,0.0,36.11,36.1,12.22,225.2,IMD_NORMALS_SYNTHETIC
1991-04-22,0.0,34.13,38.9,3.97,204.3,IMD_NORMALS_SYNTHETIC
1991-04-23,0.0,38.58,35.8,6.73,205.3,IMD_NORMALS_SYNTHETIC
1991-04-24,0.0,35.68,31.4,5.35,231.0,IMD_NORMALS_SYNTHETIC
1991-04-25,0.0,36.04,39.5,3.88,206.8,IMD_NORMALS_SYNTHETIC
1991-04-26,0.0,31.82,42.2,9.44,200.2,IMD_NORMALS_SYNTHETIC
1991-04-27,0.0,33.8,45.7,3.03,208.4,IMD_NORMALS_SYNTHETIC
1991-04-28,0.0,33.09,33.1,8.76,209.2,IMD_NORMALS_SYNTHETIC
1991-04-29,0.0,32.35,34.1,10.21,188.6,IMD_NORMALS_SYNTHETIC
1991-04-30,0.0,34.43,36.8,6.18,238.9,IMD_NORMALS_SYNTHETIC
1991-05-01,0.0,34.21,39.6,7.36,244.0,IMD_NORMALS_SYNTHETIC
1991-05-02,0.0,33.47,45.7,10.73,215.0,IMD_NORMALS_SYNTHETIC
1991-05-03,0.0,34.7,42.2,9.06,227.7,IMD_NORMALS_SYNTHETIC
1991-05-04,0.0,31.73,46.2,5.56,217.6,IMD_NORMALS_SYNTHETIC
1991-05-05,0.0,38.89,42.9,8.65,234.5,IMD_NORMALS_SYNTHETIC
1991-05-06,0.0,34.02,41.0,6.65,224.7,IMD_NORMALS_SYNTHETIC
1991-05-07,0.0,34.69,43.6,10.27,232.7,IMD_NORMALS_SYNTHETIC
1991-05-08,6.24,35.47,49.1,6.13,235.6,IMD_NORMALS_SYNTHETIC
1991-05-09,0.0,33.23,44.8,13.94,239.9,IMD_NORMALS_SYNTHETIC
1991-05-10,0.0,34.46,43.8,9.12,252.3,IMD_NORMALS_SYNTHETIC
1991-05-11,0.0,34.39,45.5,10.25,191.9,IMD_NORMALS_SYNTHETIC
1991-05-12,0.0,37.01,41.7,6.24,210.4,IMD_NORMALS_SYNTHETIC
1991-05-13,0.0,35.03,38.8,7.84,220.4,IMD_NORMALS_SYNTHETIC
1991-05-14,0.0,37.34,50.1,8.74,228.0,IMD_NORMALS_SYNTHETIC
1991-05-15,32.954,32.67,42.0,7.7,230.2,IMD_NORMALS_SYNTHETIC
1991-05-16,0.0,34.06,53.1,5.86,220.7,IMD_NORMALS_SYNTHETIC
1991-05-17,0.0,33.98,41.9,13.52,252.6,IMD_NORMALS_SYNTHETIC
1991-05-18,0.0,34.13,46.1,6.8,218.5,IMD_NORMALS_SYNTHETIC
1991-05-19,0.0,35.53,34.6,9.85,207.9,IMD_NORMALS_SYNTHETIC
1991-05-20,0.0,33.42,47.3,15.49,241.3,IMD_NORMALS_SYNTHETIC
1991-05-21,0.0,36.0,36.5,18.1,252.7,IMD_NORMALS_SYNTHETIC
1991-05-22,0.0,34.34,47.3,7.85,233.2,IMD_NORMALS_SYNTHETIC
1991-05-23,0.0,38.66,40.2,5.25,266.8,IMD_NORMALS_SYNTHETIC
1991-05-24,0.0,36.95,49.5,5.95,197.0,IMD_NORMALS_SYNTHETIC
1991-05-25,0.0,35.47,34.9,5.78,209.7,IMD_NORMALS_SYNTHETIC
1991-05-26,0.0,33.78,49.8,7.15,197.3,IMD_NORMALS_SYNTHETIC
1991-05-27,0.0,34.16,42.8,5.84,233.2,IMD_NORMALS_SYNTHETIC
1991-05-28,2.395,35.73,37.5,6.75,234.5,IMD_NORMALS_SYNTHETIC
1991-05-29,0.0,31.1,40.8,6.29,221.8,IMD_NORMALS_SYNTHETIC
1991-05-30,0.0,37.76,42.4,5.09,244.8,IMD_NORMALS_SYNTHETIC
1991-05-31,0.0,38.32,39.0,6.96,205.0,IMD_NORMALS_SYNTHETIC
1991-06-01,8.328,30.69,62.6,5.92,212.8,IMD_NORMALS_SYNTHETIC
1991-06-02,0.54,28.79,68.1,14.56,226.1,IMD_NORMALS_SYNTHETIC
1991-06-03,18.252,31.55,65.1,3.78,257.6,IMD_NORMALS_SYNTHETIC
1991-06-04,0.318,33.07,59.0,7.41,248.5,IMD_NORMALS_SYNTHETIC
1991-06-05,5.093,31.34,73.1,5.25,210.9,IMD_NORMALS_SYNTHETIC
1991-06-06,0.0,32.25,61.9,12.68,232.3,IMD_NORMALS_SYNTHETIC
1991-06-07,0.0,35.53,60.7,5.77,215.0,IMD_NORMALS_SYNTHETIC
1991-06-08,0.0,30.94,62.7,4.66,223.9,IMD_NORMALS_SYNTHETIC
1991-06-09,0.0,32.27,66.2,9.04,242.9,IMD_NORMALS_SYNTHETIC
1991-06-10,0.0,28.85,65.5,6.35,286.0,IMD_NORMALS_SYNTHETIC
1991-06-11,0.0,31.82,66.2,10.58,266.8,IMD_NORMALS_SYNTHETIC
1991-06-12,12.515,32.21,66.4,3.16,245.2,IMD_NORMALS_SYNTHETIC
1991-06-13,0.0,32.34,67.9,6.12,216.0,IMD_NORMALS_SYNTHETIC
1991-06-14,0.0,31.24,63.8,10.26,241.1,IMD_NORMALS_SYNTHETIC
1991-06-15,5.035,29.44,66.3,10.88,244.3,IMD_NORMALS_SYNTHETIC
1991-06-16,0.0,30.0,67.4,8.27,267.2,IMD_NORMALS_SYNTHETIC
1991-06-17,0.0,32.53,63.8,4.79,250.8,IMD_NORMALS_SYNTHETIC
1991-06-18,0.0,31.49,58.3,10.12,267.9,IMD_NORMALS_SYNTHETIC
1991-06-19,0.0,32.05,62.5,12.08,214.5,IMD_NORMALS_SYNTHETIC
1991-06-20,18.47,35.64,62.0,9.49,250.6,IMD_NORMALS_SYNTHETIC
1991-06-21,0.0,31.59,69.8,5.98,285.0,IMD_NORMALS_SYNTHETIC
1991-06-22,0.0,32.95,67.4,13.57,221.1,IMD_NORMALS_SYNTHETIC
1991-06-23,0.0,33.68,55.5,6.48,244.2,IMD_NORMALS_SYNTHETIC
1991-06-24,0.0,35.4,65.6,10.1,235.1,IMD_NORMALS_SYNTHETIC
1991-06-25,0.0,31.65,61.2,12.49,252.7,IMD_NORMALS_SYNTHETIC
1991-06-26,0.0,31.07,57.4,8.66,245.7,IMD_NORMALS_SYNTHETIC
1991-06-27,0.0,35.51,62.9,7.74,216.7,IMD_NORMALS_SYNTHETIC
1991-06-28,0.0,29.83,56.2,9.17,235.2,IMD_NORMALS_SYNTHETIC
1991-06-29,0.0,31.43,67.8,11.21,243.3,IMD_NORMALS_SYNTHETIC
1991-06-30,0.0,30.88,58.5,5.69,232.3,IMD_NORMALS_SYNTHETIC
1991-07-01,20.273,29.12,73.3,7.32,202.4,IMD_NORMALS_SYNTHETIC
1991-07-02,0.0,28.58,77.9,3.54,225.5,IMD_NORMALS_SYNTHETIC
1991-07-03,0.0,28.11,67.3,8.0,256.6,IMD_NORMALS_SYNTHETIC
1991-07-04,0.0,31.88,66.7,11.98,166.5,IMD_NORMALS_SYNTHETIC
1991-07-05,0.0,26.41,72.8,11.93,207.1,IMD_NORMALS_SYNTHETIC
1991-07-06,23.98,27.26,82.9,6.21,201.7,IMD_NORMALS_SYNTHETIC
1991-07-07,0.0,28.81,77.2,6.75,240.6,IMD_NORMALS_SYNTHETIC
1991-07-08,3.74,30.23,71.9,8.04,217.4,IMD_NORMALS_SYNTHETIC
1991-07-09,0.0,28.22,76.2,9.59,208.5,IMD_NORMALS_SYNTHETIC
1991-07-10,0.0,26.93,75.1,6.43,225.9,IMD_NORMALS_SYNTHETIC
1991-07-11,0.0,31.51,77.4,4.28,209.1,IMD_NORMALS_SYNTHETIC
1991-07-12,0.0,32.04,80.6,10.8,214.2,IMD_NORMALS_SYNTHETIC
1991-07-13,0.0,27.12,76.2,7.97,233.3,IMD_NORMALS_SYNTHETIC
1991-07-14,0.0,30.85,77.0,9.69,232.3,IMD_NORMALS_SYNTHETIC
1991-07-15,0.0,30.81,73.5,4.16,255.2,IMD_NORMALS_SYNTHETIC
1991-07-16,6.897,27.75,77.3,12.41,194.8,IMD_NORMALS_SYNTHETIC
1991-07-17,0.0,28.82,73.5,9.76,188.6,IMD_NORMALS_SYNTHETIC
1991-07-18,7.89,29.93,79.5,8.81,198.0,IMD_NORMALS_SYNTHETIC
1991-07-19,0.0,32.14,71.4,4.15,239.3,IMD_NORMALS_SYNTHETIC
1991-07-20,0.0,29.0,79.0,4.12,241.5,IMD_NORMALS_SYNTHETIC
1991-07-21,13.963,29.14,74.2,7.71,218.2,IMD_NORMALS_SYNTHETIC
1991-07-22,0.0,28.85,84.3,9.27,248.9,IMD_NORMALS_SYNTHETIC
1991-07-23,0.0,27.93,74.8,8.07,236.4,IMD_NORMALS_SYNTHETIC
1991-07-24,0.0,30.99,72.9,8.15,213.0,IMD_NORMALS_SYNTHETIC
1991-07-25,0.0,28.98,81.3,3.12,199.7,IMD_NORMALS_SYNTHETIC
1991-07-26,7.817,31.66,73.5,6.87,231.2,IMD_NORMALS_SYNTHETIC
1991-07-27,0.0,28.91,75.7,5.04,242.3,IMD_NORMALS_SYNTHETIC
1991-07-28,0.0,28.26,72.0,10.01,216.8,IMD_NORMALS_SYNTHETIC
1991-07-29,13.22,31.69,69.7,3.43,207.8,IMD_NORMALS_SYNTHETIC
1991-07-30,0.0,28.71,68.0,9.2,253.2,IMD_NORMALS_SYNTHETIC
1991-07-31,9.732,27.62,76.1,2.2,238.7,IMD_NORMALS_SYNTHETIC
1991-08-01,0.0,29.64,67.1,6.21,216.1,IMD_NORMALS_SYNTHETIC
1991-08-02,1.076,25.21,70.0,6.71,198.9,IMD_NORMALS_SYNTHETIC
1991-08-03,0.0,29.04,74.7,6.11,189.9,IMD_NORMALS_SYNTHETIC
1991-08-04,0.0,29.74,72.5,10.83,226.7,IMD_NORMALS_SYNTHETIC
1991-08-05,0.0,27.29,73.7,2.89,234.4,IMD_NORMALS_SYNTHETIC
1991-08-06,0.0,29.15,72.5,8.51,192.1,IMD_NORMALS_SYNTHETIC
1991-08-07,11.508,27.85,84.6,9.0,210.4,IMD_NORMALS_SYNTHETIC
1991-08-08,5.899,27.99,68.7,8.18,203.1,IMD_NORMALS_SYNTHETIC
1991-08-09,0.0,28.82,72.3,3.14,222.6,IMD_NORMALS_SYNTHETIC
1991-08-10,0.0,25.87,84.7,8.96,225.2,IMD_NORMALS_SYNTHETIC
1991-08-11,0.0,29.06,82.2,6.32,192.6,IMD_NORMALS_SYNTHETIC
1991-08-12,0.0,28.92,89.4,5.21,196.4,IMD_NORMALS_SYNTHETIC
1991-08-13,0.0,25.45,72.5,12.32,263.9,IMD_NORMALS_SYNTHETIC
1991-08-14,0.0,27.62,78.8,9.22,224.8,IMD_NORMALS_SYNTHETIC
1991-08-15,0.0,27.3,72.4,9.3,212.6,IMD_NORMALS_SYNTHETIC
1991-08-16,12.614,29.97,81.5,2.53,227.5,IMD_NORMALS_SYNTHETIC
1991-08-17,33.589,26.94,75.3,5.34,231.5,IMD_NORMALS_SYNTHETIC
1991-08-18,0.0,29.52,66.9,13.67,211.5,IMD_NORMALS_SYNTHETIC
1991-08-19,10.073,28.83,77.6,10.21,192.1,IMD_NORMALS_SYNTHETIC
1991-08-20,0.0,27.97,78.0,10.02,179.3,IMD_NORMALS_SYNTHETIC
1991-08-21,44.495,28.04,81.1,8.6,232.2,IMD_NORMALS_SYNTHETIC
1991-08-22,0.0,27.04,76.6,7.75,203.2,IMD_NORMALS_SYNTHETIC
1991-08-23,0.0,27.81,86.6,9.9,222.7,IMD_NORMALS_SYNTHETIC
1991-08-24,0.0,29.39,75.4,4.47,207.2,IMD_NORMALS_SYNTHETIC
1991-08-25,0.0,27.4,72.4,5.11,253.1,IMD_NORMALS_SYNTHETIC
1991-08-26,9.115,30.72,80.5,8.18,201.8,IMD_NORMALS_SYNTHETIC
1991-08-27,0.0,31.9,70.2,9.25,224.4,IMD_NORMALS_SYNTHETIC
1991-08-28,0.0,29.36,74.0,13.98,218.5,IMD_NORMALS_SYNTHETIC
1991-08-29,16.784,24.96,78.6,7.07,170.3,IMD_NORMALS_SYNTHETIC
1991-08-30,0.0,28.55,68.4,8.22,220.5,IMD_NORMALS_SYNTHETIC
1991-08-31,13.037,25.87,77.2,6.93,210.5,IMD_NORMALS_SYNTHETIC
1991-09-01,0.0,31.95,74.9,8.76,204.0,IMD_NORMALS_SYNTHETIC
1991-09-02,0.0,30.01,74.0,9.22,222.0,IMD_NORMALS_SYNTHETIC
1991-09-03,0.0,29.34,67.1,6.26,198.6,IMD_NORMALS_SYNTHETIC
1991-09-04,0.0,32.49,80.4,6.32,212.3,IMD_NORMALS_SYNTHETIC
1991-09-05,0.0,28.74,66.6,12.11,205.3,IMD_NORMALS_SYNTHETIC
1991-09-06,0.0,28.88,84.4,4.82,197.2,IMD_NORMALS_SYNTHETIC
1991-09-07,7.336,24.42,84.7,9.67,231.8,IMD_NORMALS_SYNTHETIC
1991-09-08,3.172,30.66,73.8,4.8,166.8,IMD_NORMALS_SYNTHETIC
1991-09-09,0.0,31.57,77.5,5.89,182.3,IMD_NORMALS_SYNTHETIC
1991-09-10,0.0,29.91,67.4,10.35,173.3,IMD_NORMALS_SYNTHETIC
1991-09-11,0.0,28.6,72.2,6.87,186.2,IMD_NORMALS_SYNTHETIC
1991-09-12,0.0,29.47,75.6,12.42,160.4,IMD_NORMALS_SYNTHETIC
1991-09-13,0.0,23.12,65.6,7.42,204.3,IMD_NORMALS_SYNTHETIC
1991-09-14,0.0,26.88,71.6,7.11,195.6,IMD_NORMALS_SYNTHETIC
1991-09-15,0.0,27.69,70.5,8.24,217.2,IMD_NORMALS_SYNTHETIC
1991-09-16,0.0,31.16,73.6,7.18,204.2,IMD_NORMALS_SYNTHETIC
1991-09-17,0.0,28.85,72.9,7.4,187.3,IMD_NORMALS_SYNTHETIC
1991-09-18,0.0,27.68,82.3,2.74,208.9,IMD_NORMALS_SYNTHETIC
1991-09-19,0.0,28.86,69.3,13.24,216.2,IMD_NORMALS_SYNTHETIC
1991-09-20,0.0,29.08,72.3,5.15,199.7,IMD_NORMALS_SYNTHETIC
1991-09-21,0.0,28.22,68.1,9.04,172.5,IMD_NORMALS_SYNTHETIC
1991-09-22,0.0,27.86,80.8,5.87,194.8,IMD_NORMALS_SYNTHETIC
1991-09-23,0.0,28.13,66.9,9.86,153.8,IMD_NORMALS_SYNTHETIC
1991-09-24,0.0,30.18,72.8,8.92,199.3,IMD_NORMALS_SYNTHETIC
1991-09-25,0.0,30.25,68.2,6.03,194.2,IMD_NORMALS_SYNTHETIC
1991-09-26,19.758,27.65,72.4,3.93,188.7,IMD_NORMALS_SYNTHETIC
1991-09-27,0.0,34.42,65.3,8.93,214.3,IMD_NORMALS_SYNTHETIC
1991-09-28,0.0,31.03,76.3,12.52,210.9,IMD_NORMALS_SYNTHETIC
1991-09-29,8.916,28.9,74.6,7.23,177.0,IMD_NORMALS_SYNTHETIC
1991-09-30,0.0,31.69,75.6,7.92,210.1,IMD_NORMALS_SYNTHETIC
1991-10-01,0.0,29.03,74.4,8.4,187.2,IMD_NORMALS_SYNTHETIC
1991-10-02,5.732,28.16,72.9,8.55,177.6,IMD_NORMALS_SYNTHETIC
1991-10-03,0.0,29.62,62.9,9.05,182.3,IMD_NORMALS_SYNTHETIC
1991-10-04,4.334,29.91,68.9,8.61,217.0,IMD_NORMALS_SYNTHETIC
1991-10-05,0.0,29.99,66.2,8.8,162.6,IMD_NORMALS_SYNTHETIC
1991-10-06,0.0,26.27,63.7,14.03,181.9,IMD_NORMALS_SYNTHETIC
1991-10-07,0.0,29.05,70.3,9.84,191.2,IMD_NORMALS_SYNTHETIC
1991-10-08,0.0,26.04,70.6,4.78,193.0,IMD_NORMALS_SYNTHETIC
1991-10-09,10.286,29.32,69.7,9.9,166.8,IMD_NORMALS_SYNTHETIC
1991-10-10,0.0,27.49,66.6,8.97,176.8,IMD_NORMALS_SYNTHETIC
1991-10-11,0.0,28.36,78.6,5.96,173.2,IMD_NORMALS_SYNTHETIC
1991-10-12,0.0,27.51,73.6,10.44,186.7,IMD_NORMALS_SYNTHETIC
1991-10-13,0.0,27.16,62.0,10.59,195.6,IMD_NORMALS_SYNTHETIC
1991-10-14,0.0,29.23,63.4,7.03,165.2,IMD_NORMALS_SYNTHETIC
1991-10-15,0.0,24.33,66.0,10.25,177.9,IMD_NORMALS_SYNTHETIC
1991-10-16,0.0,26.94,69.4,6.83,187.9,IMD_NORMALS_SYNTHETIC
1991-10-17,0.0,27.38,61.9,9.46,193.1,IMD_NORMALS_SYNTHETIC
1991-10-18,0.0,29.63,60.4,8.71,143.6,IMD_NORMALS_SYNTHETIC
1991-10-19,5.001,25.12,67.1,3.22,176.3,IMD_NORMALS_SYNTHETIC
1991-10-20,0.0,28.55,63.0,14.12,161.3,IMD_NORMALS_SYNTHETIC
1991-10-21,0.0,27.67,66.4,2.39,200.4,IMD_NORMALS_SYNTHETIC
1991-10-22,0.0,28.89,69.1,8.52,157.7,IMD_NORMALS_SYNTHETIC
1991-10-23,0.0,31.27,66.4,6.38,169.9,IMD_NORMALS_SYNTHETIC
1991-10-24,0.0,27.41,62.8,12.38,200.0,IMD_NORMALS_SYNTHETIC
1991-10-25,0.0,27.64,62.9,5.56,197.5,IMD_NORMALS_SYNTHETIC
1991-10-26,0.0,25.42,59.4,7.43,143.2,IMD_NORMALS_SYNTHETIC
1991-10-27,0.0,25.74,67.2,9.86,172.8,IMD_NORMALS_SYNTHETIC
1991-10-28,0.0,25.66,69.3,12.36,183.3,IMD_NORMALS_SYNTHETIC
1991-10-29,0.0,28.21,71.1,7.62,178.6,IMD_NORMALS_SYNTHETIC
1991-10-30,52.893,27.28,71.5,2.17,178.2,IMD_NORMALS_SYNTHETIC
1991-10-31,0.0,26.21,66.5,11.47,180.8,IMD_NORMALS_SYNTHETIC
1991-11-01,0.0,22.55,55.2,5.29,204.4,IMD_NORMALS_SYNTHETIC
1991-11-02,0.0,29.62,58.3,9.83,170.6,IMD_NORMALS_SYNTHETIC
1991-11-03,0.0,26.44,62.3,9.07,165.9,IMD_NORMALS_SYNTHETIC
1991-11-04,0.0,25.14,67.7,11.92,168.0,IMD_NORMALS_SYNTHETIC
1991-11-05,0.0,28.89,58.8,10.79,194.6,IMD_NORMALS_SYNTHETIC
1991-11-06,0.0,28.16,64.5,6.87,182.6,IMD_NORMALS_SYNTHETIC
1991-11-07,0.0,26.11,53.7,9.2,168.8,IMD_NORMALS_SYNTHETIC
1991-11-08,0.0,27.1,66.9,8.43,179.0,IMD_NORMALS_SYNTHETIC
1991-11-09,0.0,27.25,58.5,4.17,178.2,IMD_NORMALS_SYNTHETIC
1991-11-10,0.0,25.41,57.9,8.11,157.7,IMD_NORMALS_SYNTHETIC
1991-11-11,0.0,26.79,54.6,12.01,137.3,IMD_NORMALS_SYNTHETIC
1991-11-12,0.0,26.69,65.7,5.36,138.9,IMD_NORMALS_SYNTHETIC
1991-11-13,0.0,23.72,51.4,12.12,193.6,IMD_NORMALS_SYNTHETIC
1991-11-14,0.0,27.66,50.0,4.0,165.4,IMD_NORMALS_SYNTHETIC
1991-11-15,0.0,25.64,49.5,9.36,172.4,IMD_NORMALS_SYNTHETIC
1991-11-16,0.0,24.65,62.9,3.9,160.2,IMD_NORMALS_SYNTHETIC
1991-11-17,0.0,24.47,54.0,10.25,179.8,IMD_NORMALS_SYNTHETIC
1991-11-18,0.0,23.14,59.6,5.13,149.7,IMD_NORMALS_SYNTHETIC
1991-11-19,0.0,26.09,62.2,11.39,171.6,IMD_NORMALS_SYNTHETIC
1991-11-20,0.0,28.33,56.6,8.7,153.9,IMD_NORMALS_SYNTHETIC
1991-11-21,0.0,24.48,66.0,5.28,138.4,IMD_NORMALS_SYNTHETIC
1991-11-22,0.0,28.95,47.7,6.69,199.4,IMD_NORMALS_SYNTHETIC
1991-11-23,0.0,26.43,63.9,7.61,169.3,IMD_NORMALS_SYNTHETIC
1991-11-24,0.0,25.57,57.2,5.52,132.8,IMD_NORMALS_SYNTHETIC
1991-11-25,0.0,27.6,56.0,6.29,177.6,IMD_NORMALS_SYNTHETIC
1991-11-26,0.0,23.41,55.2,11.49,178.2,IMD_NORMALS_SYNTHETIC
1991-11-27,0.0,25.49,54.6,6.78,189.2,IMD_NORMALS_SYNTHETIC
1991-11-28,0.0,27.76,56.6,5.64,150.0,IMD_NORMALS_SYNTHETIC
1991-11-29,0.0,25.07,60.1,3.92,176.3,IMD_NORMALS_SYNTHETIC
1991-11-30,0.0,24.67,57.4,14.89,164.7,IMD_NORMALS_SYNTHETIC
1991-12-01,0.0,24.02,55.8,6.91,146.1,IMD_NORMALS_SYNTHETIC
1991-12-02,0.0,21.11,49.9,2.75,141.0,IMD_NORMALS_SYNTHETIC
1991-12-03,0.0,24.03,58.3,10.05,124.2,IMD_NORMALS_SYNTHETIC
1991-12-04,0.0,25.88,57.3,3.5,145.6,IMD_NORMALS_SYNTHETIC
1991-12-05,0.0,27.09,53.6,8.22,117.9,IMD_NORMALS_SYNTHETIC
1991-12-06,0.0,23.66,60.2,6.72,159.1,IMD_NORMALS_SYNTHETIC
1991-12-07,0.0,26.4,60.7,7.6,120.2,IMD_NORMALS_SYNTHETIC
1991-12-08,0.0,22.05,50.4,2.26,146.6,IMD_NORMALS_SYNTHETIC
1991-12-09,0.0,24.84,50.6,5.34,112.8,IMD_NORMALS_SYNTHETIC
1991-12-10,0.0,24.38,57.4,8.29,136.2,IMD_NORMALS_SYNTHETIC
1991-12-11,0.0,22.15,52.7,7.04,149.7,IMD_NORMALS_SYNTHETIC
1991-12-12,0.0,23.63,52.1,5.48,173.5,IMD_NORMALS_SYNTHETIC
1991-12-13,0.0,21.66,60.0,6.28,161.4,IMD_NORMALS_SYNTHETIC
1991-12-14,0.0,23.53,58.7,11.21,156.0,IMD_NORMALS_SYNTHETIC
1991-12-15,0.0,24.37,49.6,12.93,143.4,IMD_NORMALS_SYNTHETIC
1991-12-16,0.0,20.63,53.2,11.05,175.4,IMD_NORMALS_SYNTHETIC
1991-12-17,0.0,23.35,54.0,8.88,150.1,IMD_NORMALS_SYNTHETIC
1991-12-18,0.0,25.23,47.7,15.08,131.6,IMD_NORMALS_SYNTHETIC
1991-12-19,0.0,20.43,62.5,8.14,157.1,IMD_NORMALS_SYNTHETIC
1991-12-20,0.0,25.56,52.6,12.89,154.4,IMD_NORMALS_SYNTHETIC
1991-12-21,0.0,24.13,52.6,7.16,165.7,IMD_NORMALS_SYNTHETIC
1991-12-22,0.0,23.92,54.2,5.1,155.8,IMD_NORMALS_SYNTHETIC
1991-12-23,0.0,25.92,59.0,11.44,156.1,IMD_NORMALS_SYNTHETIC
1991-12-24,0.0,21.93,55.8,8.37,135.9,IMD_NORMALS_SYNTHETIC
1991-12-25,0.0,23.27,61.6,6.93,148.5,IMD_NORMALS_SYNTHETIC
1991-12-26,0.0,21.59,53.9,7.06,200.4,IMD_NORMALS_SYNTHETIC
1991-12-27,0.0,23.6,66.3,6.34,150.6,IMD_NORMALS_SYNTHETIC
1991-12-28,0.0,22.88,58.2,7.52,130.8,IMD_NORMALS_SYNTHETIC
1991-12-29,0.0,23.67,56.4,8.97,150.2,IMD_NORMALS_SYNTHETIC
1991-12-30,0.0,22.68,55.2,9.43,154.7,IMD_NORMALS_SYNTHETIC
1991-12-31,0.0,25.84,52.6,11.76,153.5,IMD_NORMALS_SYNTHETIC
1992-01-01,0.0,26.06,46.2,5.02,186.4,IMD_NORMALS_SYNTHETIC
1992-01-02,0.0,27.28,51.8,10.03,164.7,IMD_NORMALS_SYNTHETIC
1992-01-03,0.0,26.39,52.4,7.12,155.6,IMD_NORMALS_SYNTHETIC
1992-01-04,0.0,22.78,53.4,0.38,149.1,IMD_NORMALS_SYNTHETIC
1992-01-05,0.0,27.18,42.0,8.5,158.1,IMD_NORMALS_SYNTHETIC
1992-01-06,0.0,24.58,49.0,9.06,165.7,IMD_NORMALS_SYNTHETIC
1992-01-07,1.447,23.93,63.7,9.76,134.1,IMD_NORMALS_SYNTHETIC
1992-01-08,0.0,26.45,49.9,8.37,167.8,IMD_NORMALS_SYNTHETIC
1992-01-09,1.227,25.75,58.6,10.48,154.6,IMD_NORMALS_SYNTHETIC
1992-01-10,0.0,22.53,65.8,10.27,154.4,IMD_NORMALS_SYNTHETIC
1992-01-11,5.838,20.16,47.9,3.81,185.5,IMD_NORMALS_SYNTHETIC
1992-01-12,0.0,20.35,47.7,9.48,142.6,IMD_NORMALS_SYNTHETIC
1992-01-13,0.0,21.72,47.4,6.14,196.0,IMD_NORMALS_SYNTHETIC
1992-01-14,0.0,27.35,56.7,5.33,196.9,IMD_NORMALS_SYNTHETIC
1992-01-15,0.0,25.39,54.7,2.48,199.6,IMD_NORMALS_SYNTHETIC
1992-01-16,0.0,26.11,48.2,7.85,175.5,IMD_NORMALS_SYNTHETIC
1992-01-17,0.0,23.83,52.2,7.16,152.2,IMD_NORMALS_SYNTHETIC
1992-01-18,0.0,24.88,49.1,11.34,156.7,IMD_NORMALS_SYNTHETIC
1992-01-19,0.0,22.65,51.9,10.93,171.0,IMD_NORMALS_SYNTHETIC
1992-01-20,0.0,25.21,48.9,6.42,169.7,IMD_NORMALS_SYNTHETIC
1992-01-21,0.0,23.56,55.0,6.17,159.6,IMD_NORMALS_SYNTHETIC
1992-01-22,0.0,23.5,59.8,8.65,196.7,IMD_NORMALS_SYNTHETIC
1992-01-23,0.0,24.23,54.4,9.7,171.8,IMD_NORMALS_SYNTHETIC
1992-01-24,0.0,26.73,53.8,11.49,184.6,IMD_NORMALS_SYNTHETIC
1992-01-25,0.0,23.16,55.5,6.01,160.3,IMD_NORMALS_SYNTHETIC
1992-01-26,0.0,20.08,43.7,11.36,167.1,IMD_NORMALS_SYNTHETIC
1992-01-27,0.0,26.08,49.5,12.66,183.4,IMD_NORMALS_SYNTHETIC
1992-01-28,0.0,27.12,43.6,9.41,181.4,IMD_NORMALS_SYNTHETIC
1992-01-29,0.0,24.8,56.9,5.01,142.3,IMD_NORMALS_SYNTHETIC
1992-01-30,0.0,22.27,60.6,10.71,148.2,IMD_NORMALS_SYNTHETIC
1992-01-31,0.0,24.09,53.0,4.97,169.3,IMD_NORMALS_SYNTHETIC
1992-02-01,0.0,26.04,44.3,12.15,155.3,IMD_NORMALS_SYNTHETIC
1992-02-02,0.0,27.35,43.0,6.03,172.1,IMD_NORMALS_SYNTHETIC
1992-02-03,0.0,24.72,51.8,9.78,220.4,IMD_NORMALS_SYNTHETIC
1992-02-04,0.0,24.56,50.8,5.41,176.1,IMD_NORMALS_SYNTHETIC
1992-02-05,0.0,27.41,48.6,7.6,171.3,IMD_NORMALS_SYNTHETIC
1992-02-06,0.0,26.97,43.3,7.17,206.4,IMD_NORMALS_SYNTHETIC
1992-02-07,0.0,28.48,47.1,6.7,202.1,IMD_NORMALS_SYNTHETIC
1992-02-08,0.0,22.29,37.9,10.59,168.8,IMD_NORMALS_SYNTHETIC
1992-02-09,0.0,26.95,47.5,11.6,191.6,IMD_NORMALS_SYNTHETIC
1992-02-10,0.0,24.58,41.8,9.07,171.1,IMD_NORMALS_SYNTHETIC
1992-02-11,0.0,26.34,36.5,9.66,186.0,IMD_NORMALS_SYNTHETIC
1992-02-12,0.0,28.41,49.6,4.57,184.3,IMD_NORMALS_SYNTHETIC
1992-02-13,0.0,25.82,34.3,10.64,210.9,IMD_NORMALS_SYNTHETIC
1992-02-14,0.0,29.79,44.0,6.33,183.6,IMD_NORMALS_SYNTHETIC
1992-02-15,0.0,25.32,45.7,7.59,191.5,IMD_NORMALS_SYNTHETIC
1992-02-16,0.0,26.96,40.6,8.18,171.1,IMD_NORMALS_SYNTHETIC
1992-02-17,0.0,29.14,41.3,9.77,162.1,IMD_NORMALS_SYNTHETIC
1992-02-18,12.281,25.19,52.1,10.74,184.3,IMD_NORMALS_SYNTHETIC
1992-02-19,0.0,25.86,40.4,7.93,195.6,IMD_NORMALS_SYNTHETIC
1992-02-20,0.0,25.42,47.1,4.69,147.7,IMD_NORMALS_SYNTHETIC
1992-02-21,0.0,27.16,39.6,2.39,168.9,IMD_NORMALS_SYNTHETIC
1992-02-22,0.0,25.32,45.6,10.33,178.7,IMD_NORMALS_SYNTHETIC
1992-02-23,0.0,26.78,37.3,10.62,184.2,IMD_NORMALS_SYNTHETIC
1992-02-24,0.0,25.9,56.5,4.42,197.3,IMD_NORMALS_SYNTHETIC
1992-02-25,0.0,26.61,50.6,2.55,241.2,IMD_NORMALS_SYNTHETIC
1992-02-26,0.0,23.76,46.0,9.18,178.3,IMD_NORMALS_SYNTHETIC
1992-02-27,0.0,27.1,44.7,6.61,162.8,IMD_NORMALS_SYNTHETIC
1992-02-28,0.0,26.87,55.7,7.37,191.0,IMD_NORMALS_SYNTHETIC
1992-02-29,0.0,29.47,44.4,8.56,194.9,IMD_NORMALS_SYNTHETIC
1992-03-01,0.0,32.71,37.3,7.32,228.7,IMD_NORMALS_SYNTHETIC
1992-03-02,6.077,33.49,36.0,9.72,205.3,IMD_NORMALS_SYNTHETIC
1992-03-03,0.0,31.03,38.2,9.57,147.0,IMD_NORMALS_SYNTHETIC
1992-03-04,0.0,33.38,34.5,7.01,210.1,IMD_NORMALS_SYNTHETIC
1992-03-05,0.0,30.09,40.6,8.5,203.1,IMD_NORMALS_SYNTHETIC
1992-03-06,0.0,29.74,46.7,5.11,190.0,IMD_NORMALS_SYNTHETIC
1992-03-07,0.0,26.87,41.3,14.8,213.7,IMD_NORMALS_SYNTHETIC
1992-03-08,0.0,31.46,43.9,8.54,156.9,IMD_NORMALS_SYNTHETIC
1992-03-09,0.0,26.48,45.4,14.12,169.7,IMD_NORMALS_SYNTHETIC
1992-03-10,0.0,30.78,39.5,9.83,184.8,IMD_NORMALS_SYNTHETIC
1992-03-11,0.0,32.44,35.0,6.73,216.5,IMD_NORMALS_SYNTHETIC
1992-03-12,0.0,28.91,43.2,7.54,179.4,IMD_NORMALS_SYNTHETIC
1992-03-13,0.0,31.82,41.7,7.13,202.6,IMD_NORMALS_SYNTHETIC
1992-03-14,0.0,31.03,36.4,5.38,207.7,IMD_NORMALS_SYNTHETIC
1992-03-15,0.0,28.39,38.6,8.74,159.9,IMD_NORMALS_SYNTHETIC
1992-03-16,0.0,28.02,29.4,9.97,213.3,IMD_NORMALS_SYNTHETIC
1992-03-17,0.0,32.41,35.9,5.91,214.8,IMD_NORMALS_SYNTHETIC
1992-03-18,0.0,31.6,39.0,12.26,185.8,IMD_NORMALS_SYNTHETIC
1992-03-19,0.0,29.68,45.8,10.32,173.6,IMD_NORMALS_SYNTHETIC
1992-03-20,6.349,27.1,38.5,7.99,211.4,IMD_NORMALS_SYNTHETIC
1992-03-21,0.0,29.81,34.1,12.11,236.5,IMD_NORMALS_SYNTHETIC
1992-03-22,0.0,33.05,40.2,12.02,177.5,IMD_NORMALS_SYNTHETIC
1992-03-23,0.0,29.74,38.2,4.1,191.4,IMD_NORMALS_SYNTHETIC
1992-03-24,0.0,33.25,38.5,7.67,180.9,IMD_NORMALS_SYNTHETIC
1992-03-25,0.0,31.14,33.0,9.42,183.4,IMD_NORMALS_SYNTHETIC
1992-03-26,0.0,31.01,39.0,5.08,182.3,IMD_NORMALS_SYNTHETIC
1992-03-27,0.0,26.9,42.2,9.01,208.7,IMD_NORMALS_SYNTHETIC
1992-03-28,0.0,31.84,47.6,9.92,207.9,IMD_NORMALS_SYNTHETIC
1992-03-29,0.0,27.23,35.2,6.6,217.2,IMD_NORMALS_SYNTHETIC
1992-03-30,0.0,27.39,34.0,11.55,201.6,IMD_NORMALS_SYNTHETIC
1992-03-31,0.0,31.72,45.3,7.86,177.5,IMD_NORMALS_SYNTHETIC
1992-04-01,0.0,32.62,38.4,4.66,205.6,IMD_NORMALS_SYNTHETIC
1992-04-02,0.0,31.51,38.1,10.26,180.8,IMD_NORMALS_SYNTHETIC
1992-04-03,0.0,33.51,35.4,6.09,173.6,IMD_NORMALS_SYNTHETIC
1992-04-04,0.0,31.91,40.5,4.49,197.6,IMD_NORMALS_SYNTHETIC
1992-04-05,5.233,34.57,44.5,9.94,198.8,IMD_NORMALS_SYNTHETIC
1992-04-06,0.0,32.69,35.0,8.41,220.9,IMD_NORMALS_SYNTHETIC
1992-04-07,0.0,35.8,42.8,9.45,213.0,IMD_NORMALS_SYNTHETIC
1992-04-08,0.0,33.04,39.3,7.77,186.7,IMD_NORMALS_SYNTHETIC
1992-04-09,0.0,36.38,45.6,7.99,214.6,IMD_NORMALS_SYNTHETIC
1992-04-10,0.0,33.8,32.0,14.03,213.6,IMD_NORMALS_SYNTHETIC
1992-04-11,0.0,33.08,36.4,10.65,223.9,IMD_NORMALS_SYNTHETIC
1992-04-12,0.0,35.59,38.6,10.12,211.2,IMD_NORMALS_SYNTHETIC
1992-04-13,1.157,35.59,38.1,11.07,179.0,IMD_NORMALS_SYNTHETIC
1992-04-14,0.0,32.42,39.2,6.8,236.2,IMD_NORMALS_SYNTHETIC
1992-04-15,0.0,34.74,21.1,6.28,190.1,IMD_NORMALS_SYNTHETIC
1992-04-16,0.0,35.86,39.7,5.95,192.2,IMD_NORMALS_SYNTHETIC
1992-04-17,0.0,36.27,32.4,8.44,198.9,IMD_NORMALS_SYNTHETIC
1992-04-18,0.0,33.43,35.6,9.03,215.4,IMD_NORMALS_SYNTHETIC
1992-04-19,0.0,36.45,27.3,10.08,236.7,IMD_NORMALS_SYNTHETIC
1992-04-20,0.0,35.64,39.5,9.04,221.4,IMD_NORMALS_SYNTHETIC
1992-04-21,0.0,37.59,40.2,6.82,179.5,IMD_NORMALS_SYNTHETIC
1992-04-22,0.0,34.88,37.7,9.78,243.2,IMD_NORMALS_SYNTHETIC
1992-04-23,0.0,35.66,34.5,9.89,215.1,IMD_NORMALS_SYNTHETIC
1992-04-24,0.0,34.31,38.6,8.7,148.5,IMD_NORMALS_SYNTHETIC
1992-04-25,0.0,35.01,39.0,4.51,265.8,IMD_NORMALS_SYNTHETIC
1992-04-26,0.0,34.74,30.7,8.82,188.0,IMD_NORMALS_SYNTHETIC
1992-04-27,0.0,32.71,33.4,7.56,207.8,IMD_NORMALS_SYNTHETIC
1992-04-28,0.0,34.1,36.5,9.63,196.2,IMD_NORMALS_SYNTHETIC
1992-04-29,0.0,33.83,33.3,13.81,236.2,IMD_NORMALS_SYNTHETIC
1992-04-30,0.0,31.62,36.3,8.74,189.3,IMD_NORMALS_SYNTHETIC
1992-05-01,0.0,33.1,45.8,12.19,197.7,IMD_NORMALS_SYNTHETIC
1992-05-02,0.0,33.8,43.4,7.74,211.0,IMD_NORMALS_SYNTHETIC
1992-05-03,0.0,36.28,43.4,8.44,212.0,IMD_NORMALS_SYNTHETIC
1992-05-04,0.0,34.28,54.6,8.6,252.1,IMD_NORMALS_SYNTHETIC
1992-05-05,0.0,35.44,49.7,8.6,232.9,IMD_NORMALS_SYNTHETIC
1992-05-06,14.634,31.49,44.8,8.72,230.0,IMD_NORMALS_SYNTHETIC
1992-05-07,0.0,36.06,45.6,13.71,228.0,IMD_NORMALS_SYNTHETIC
1992-05-08,0.0,35.12,40.7,6.9,199.5,IMD_NORMALS_SYNTHETIC
1992-05-09,12.895,33.71,47.6,8.73,237.7,IMD_NORMALS_SYNTHETIC
1992-05-10,0.0,35.67,43.9,9.27,211.7,IMD_NORMALS_SYNTHETIC
1992-05-11,0.0,36.01,39.4,5.28,240.7,IMD_NORMALS_SYNTHETIC
1992-05-12,0.0,37.42,39.7,6.28,227.2,IMD_NORMALS_SYNTHETIC
1992-05-13,0.0,37.03,40.2,7.48,243.8,IMD_NORMALS_SYNTHETIC
1992-05-14,0.0,35.2,49.8,6.79,221.1,IMD_NORMALS_SYNTHETIC
1992-05-15,0.0,33.66,38.6,9.01,190.5,IMD_NORMALS_SYNTHETIC
1992-05-16,0.0,34.56,46.5,7.45,167.2,IMD_NORMALS_SYNTHETIC
1992-05-17,33.692,34.07,48.9,7.34,214.0,IMD_NORMALS_SYNTHETIC
1992-05-18,0.0,35.32,42.6,8.21,232.7,IMD_NORMALS_SYNTHETIC
1992-05-19,0.0,34.6,45.3,6.34,224.3,IMD_NORMALS_SYNTHETIC
1992-05-20,0.0,33.81,42.9,5.67,227.8,IMD_NORMALS_SYNTHETIC
1992-05-21,0.0,33.46,44.5,6.55,221.0,IMD_NORMALS_SYNTHETIC
1992-05-22,0.0,36.47,46.2,2.35,231.6,IMD_NORMALS_SYNTHETIC
1992-05-23,0.0,34.23,42.4,4.68,231.7,IMD_NORMALS_SYNTHETIC
1992-05-24,0.0,33.33,42.4,3.15,204.2,IMD_NORMALS_SYNTHETIC
1992-05-25,0.0,33.32,43.4,8.17,224.3,IMD_NORMALS_SYNTHETIC
1992-05-26,0.0,35.25,41.0,9.7,203.6,IMD_NORMALS_SYNTHETIC
1992-05-27,6.346,38.8,33.3,4.55,226.9,IMD_NORMALS_SYNTHETIC
1992-05-28,0.0,35.27,46.9,9.0,251.0,IMD_NORMALS_SYNTHETIC
1992-05-29,0.0,35.43,40.8,7.82,186.6,IMD_NORMALS_SYNTHETIC
1992-05-30,0.0,34.47,37.8,5.17,223.2,IMD_NORMALS_SYNTHETIC
1992-05-31,0.0,35.64,36.1,9.74,230.8,IMD_NORMALS_SYNTHETIC
1992-06-01,0.0,29.13,61.2,4.53,266.3,IMD_NORMALS_SYNTHETIC
1992-06-02,4.769,31.77,66.6,6.5,254.6,IMD_NORMALS_SYNTHETIC
1992-06-03,0.0,29.59,60.0,10.89,218.5,IMD_NORMALS_SYNTHETIC
1992-06-04,0.0,28.06,60.4,6.66,229.4,IMD_NORMALS_SYNTHETIC
1992-06-05,0.0,31.29,56.3,2.15,233.7,IMD_NORMALS_SYNTHETIC
1992-06-06,0.0,31.3,60.8,5.93,245.2,IMD_NORMALS_SYNTHETIC
1992-06-07,0.0,30.81,60.0,10.83,223.0,IMD_NORMALS_SYNTHETIC
1992-06-08,0.0,33.86,58.1,10.74,250.6,IMD_NORMALS_SYNTHETIC
1992-06-09,0.0,32.88,64.6,5.97,242.6,IMD_NORMALS_SYNTHETIC
1992-06-10,0.0,30.27,67.4,3.22,272.9,IMD_NORMALS_SYNTHETIC
1992-06-11,8.737,34.38,65.4,7.6,221.8,IMD_NORMALS_SYNTHETIC
1992-06-12,0.0,31.19,65.9,6.42,254.2,IMD_NORMALS_SYNTHETIC
1992-06-13,13.124,32.49,59.7,3.95,244.1,IMD_NORMALS_SYNTHETIC
1992-06-14,0.0,33.41,65.6,10.79,238.6,IMD_NORMALS_SYNTHETIC
1992-06-15,0.0,31.64,55.3,10.01,239.2,IMD_NORMALS_SYNTHETIC
1992-06-16,0.0,32.45,63.2,8.03,241.1,IMD_NORMALS_SYNTHETIC
1992-06-17,0.0,30.48,66.7,10.87,207.7,IMD_NORMALS_SYNTHETIC
1992-06-18,0.0,27.86,67.0,4.52,234.3,IMD_NORMALS_SYNTHETIC
1992-06-19,11.338,31.39,59.3,1.02,227.1,IMD_NORMALS_SYNTHETIC
1992-06-20,0.0,30.42,66.4,11.44,244.9,IMD_NORMALS_SYNTHETIC
1992-06-21,8.773,29.25,64.7,5.5,204.3,IMD_NORMALS_SYNTHETIC
1992-06-22,0.0,32.69,65.8,12.44,220.7,IMD_NORMALS_SYNTHETIC
1992-06-23,16.511,32.9,62.4,12.69,256.1,IMD_NORMALS_SYNTHETIC
1992-06-24,0.0,28.59,72.0,6.91,250.1,IMD_NORMALS_SYNTHETIC
1992-06-25,0.0,32.51,49.5,10.33,248.0,IMD_NORMALS_SYNTHETIC
1992-06-26,0.0,30.62,72.7,4.94,230.1,IMD_NORMALS_SYNTHETIC
1992-06-27,0.0,28.83,58.8,12.88,252.9,IMD_NORMALS_SYNTHETIC
1992-06-28,0.0,33.47,62.1,6.24,234.5,IMD_NORMALS_SYNTHETIC
1992-06-29,0.0,31.21,62.9,11.12,227.8,IMD_NORMALS_SYNTHETIC
1992-06-30,0.0,31.64,70.0,9.92,235.9,IMD_NORMALS_SYNTHETIC
1992-07-01,0.0,29.95,62.6,6.23,229.2,IMD_NORMALS_SYNTHETIC
1992-07-02,18.406,28.0,65.6,8.45,219.4,IMD_NORMALS_SYNTHETIC
1992-07-03,0.0,30.63,79.9,14.18,227.1,IMD_NORMALS_SYNTHETIC
1992-07-04,0.0,28.39,67.9,9.24,233.5,IMD_NORMALS_SYNTHETIC
1992-07-05,24.514,31.56,69.1,10.08,229.8,IMD_NORMALS_SYNTHETIC
1992-07-06,0.0,27.71,80.1,10.39,162.5,IMD_NORMALS_SYNTHETIC
1992-07-07,0.3,28.75,79.4,12.47,220.0,IMD_NORMALS_SYNTHETIC
1992-07-08,19.685,24.21,74.4,10.82,237.5,IMD_NORMALS_SYNTHETIC
1992-07-09,0.0,29.52,75.0,4.34,214.2,IMD_NORMALS_SYNTHETIC
1992-07-10,0.0,27.28,80.2,9.98,215.9,IMD_NORMALS_SYNTHETIC
1992-07-11,3.289,28.32,76.4,5.04,234.8,IMD_NORMALS_SYNTHETIC
1992-07-12,0.0,28.96,73.6,11.58,266.3,IMD_NORMALS_SYNTHETIC
1992-07-13,0.0,29.41,77.7,5.98,180.6,IMD_NORMALS_SYNTHETIC
1992-07-14,0.0,29.88,71.6,6.59,240.4,IMD_NORMALS_SYNTHETIC
1992-07-15,27.232,30.36,67.3,4.57,250.8,IMD_NORMALS_SYNTHETIC
1992-07-16,0.0,27.53,69.5,5.16,198.5,IMD_NORMALS_SYNTHETIC
1992-07-17,0.0,30.1,66.9,8.02,221.7,IMD_NORMALS_SYNTHETIC
1992-07-18,8.774,31.94,76.6,7.22,226.5,IMD_NORMALS_SYNTHETIC
1992-07-19,0.0,31.02,74.1,6.45,225.2,IMD_NORMALS_SYNTHETIC
1992-07-20,0.0,26.37,67.5,5.67,219.0,IMD_NORMALS_SYNTHETIC
1992-07-21,33.663,31.69,71.9,11.15,212.4,IMD_NORMALS_SYNTHETIC
1992-07-22,0.0,28.71,69.2,9.06,244.6,IMD_NORMALS_SYNTHETIC
1992-07-23,0.0,27.44,73.7,12.24,230.8,IMD_NORMALS_SYNTHETIC
1992-07-24,12.801,30.24,79.9,2.81,206.5,IMD_NORMALS_SYNTHETIC
1992-07-25,0.0,24.94,82.2,5.91,245.3,IMD_NORMALS_SYNTHETIC
1992-07-26,0.0,28.39,69.9,10.0,212.0,IMD_NORMALS_SYNTHETIC
1992-07-27,3.628,24.26,71.7,11.1,236.4,IMD_NORMALS_SYNTHETIC
1992-07-28,0.0,29.76,73.0,8.57,224.0,IMD_NORMALS_SYNTHETIC
1992-07-29,0.0,28.9,77.0,7.62,194.1,IMD_NORMALS_SYNTHETIC
1992-07-30,0.0,29.15,77.7,10.21,211.1,IMD_NORMALS_SYNTHETIC
1992-07-31,0.0,29.52,77.1,6.97,237.3,IMD_NORMALS_SYNTHETIC
1992-08-01,0.0,28.29,70.1,6.41,242.5,IMD_NORMALS_SYNTHETIC
1992-08-02,18.047,26.0,73.0,10.91,187.4,IMD_NORMALS_SYNTHETIC
1992-08-03,0.0,31.14,71.1,4.42,184.0,IMD_NORMALS_SYNTHETIC
1992-08-04,16.39,28.13,77.9,9.26,230.3,IMD_NORMALS_SYNTHETIC
1992-08-05,0.0,27.66,77.4,1.05,215.3,IMD_NORMALS_SYNTHETIC
1992-08-06,0.0,28.89,73.3,13.26,232.0,IMD_NORMALS_SYNTHETIC
1992-08-07,0.0,25.23,67.3,7.75,232.5,IMD_NORMALS_SYNTHETIC
1992-08-08,15.234,29.46,65.3,10.42,202.6,IMD_NORMALS_SYNTHETIC
1992-08-09,5.837,28.77,76.5,4.6,169.9,IMD_NORMALS_SYNTHETIC
1992-08-10,0.0,31.12,76.4,9.3,195.4,IMD_NORMALS_SYNTHETIC
1992-08-11,0.0,28.4,66.5,9.46,188.6,IMD_NORMALS_SYNTHETIC
1992-08-12,0.0,26.81,76.7,3.39,232.3,IMD_NORMALS_SYNTHETIC
1992-08-13,0.0,27.82,74.0,6.16,235.8,IMD_NORMALS_SYNTHETIC
1992-08-14,0.0,28.85,76.8,11.41,229.7,IMD_NORMALS_SYNTHETIC
1992-08-15,15.51,28.5,77.7,7.71,220.6,IMD_NORMALS_SYNTHETIC
1992-08-16,0.11,29.76,69.7,10.26,233.3,IMD_NORMALS_SYNTHETIC
1992-08-17,0.0,27.11,72.8,10.72,228.2,IMD_NORMALS_SYNTHETIC
1992-08-18,0.0,31.3,77.3,7.97,234.4,IMD_NORMALS_SYNTHETIC
1992-08-19,2.107,28.4,65.2,3.99,220.8,IMD_NORMALS_SYNTHETIC
1992-08-20,0.0,29.45,82.3,12.05,219.0,IMD_NORMALS_SYNTHETIC
1992-08-21,2.911,25.05,74.8,8.7,230.9,IMD_NORMALS_SYNTHETIC
1992-08-22,12.163,28.83,77.7,9.76,220.0,IMD_NORMALS_SYNTHETIC
1992-08-23,0.0,25.9,71.7,5.65,204.3,IMD_NORMALS_SYNTHETIC
1992-08-24,0.0,31.56,77.6,3.99,190.5,IMD_NORMALS_SYNTHETIC
1992-08-25,0.0,24.27,74.5,9.78,188.5,IMD_NORMALS_SYNTHETIC
1992-08-26,0.0,28.4,74.5,8.38,212.9,IMD_NORMALS_SYNTHETIC
1992-08-27,0.0,28.67,72.4,4.02,204.3,IMD_NORMALS_SYNTHETIC
1992-08-28,0.0,28.88,78.9,11.01,182.7,IMD_NORMALS_SYNTHETIC
1992-08-29,14.027,27.84,77.4,6.43,220.4,IMD_NORMALS_SYNTHETIC
1992-08-30,0.0,28.37,73.2,8.73,179.0,IMD_NORMALS_SYNTHETIC
1992-08-31,4.548,30.31,82.0,9.97,232.9,IMD_NORMALS_SYNTHETIC
1992-09-01,0.0,28.72,74.3,3.15,206.0,IMD_NORMALS_SYNTHETIC
1992-09-02,0.0,29.07,72.2,5.36,220.7,IMD_NORMALS_SYNTHETIC
1992-09-03,2.816,28.61,71.2,4.49,191.5,IMD_NORMALS_SYNTHETIC
1992-09-04,28.48,29.28,66.7,11.41,186.9,IMD_NORMALS_SYNTHETIC
1992-09-05,0.0,28.51,78.3,9.96,228.6,IMD_NORMALS_SYNTHETIC
1992-09-06,13.64,27.07,72.3,8.52,230.3,IMD_NORMALS_SYNTHETIC
1992-09-07,0.0,29.84,67.9,5.86,208.0,IMD_NORMALS_SYNTHETIC
1992-09-08,0.0,27.19,77.1,6.5,165.2,IMD_NORMALS_SYNTHETIC
1992-09-09,0.0,25.2,68.5,8.85,230.4,IMD_NORMALS_SYNTHETIC
1992-09-10,0.0,24.55,70.5,10.92,167.3,IMD_NORMALS_SYNTHETIC
1992-09-11,0.0,28.37,69.8,11.37,224.8,IMD_NORMALS_SYNTHETIC
1992-09-12,0.0,28.29,63.9,9.03,162.5,IMD_NORMALS_SYNTHETIC
1992-09-13,0.0,29.26,71.8,6.95,187.8,IMD_NORMALS_SYNTHETIC
1992-09-14,8.285,29.91,83.0,6.37,162.9,IMD_NORMALS_SYNTHETIC
1992-09-15,0.0,29.1,66.2,4.89,200.8,IMD_NORMALS_SYNTHETIC
1992-09-16,12.397,30.64,74.1,3.37,204.6,IMD_NORMALS_SYNTHETIC
1992-09-17,37.063,28.04,67.0,11.1,189.4,IMD_NORMALS_SYNTHETIC
1992-09-18,0.0,28.34,66.7,13.54,167.1,IMD_NORMALS_SYNTHETIC
1992-09-19,0.0,28.49,75.6,7.77,175.4,IMD_NORMALS_SYNTHETIC
1992-09-20,1.658,25.13,74.9,10.27,188.1,IMD_NORMALS_SYNTHETIC
1992-09-21,60.813,24.26,80.3,12.23,186.7,IMD_NORMALS_SYNTHETIC
1992-09-22,0.0,28.29,74.3,4.16,206.3,IMD_NORMALS_SYNTHETIC
1992-09-23,0.0,29.92,60.2,7.71,200.1,IMD_NORMALS_SYNTHETIC
1992-09-24,0.0,26.78,72.3,6.36,180.2,IMD_NORMALS_SYNTHETIC
1992-09-25,0.0,29.25,79.6,5.14,178.4,IMD_NORMALS_SYNTHETIC
1992-09-26,22.184,28.97,75.6,5.01,225.3,IMD_NORMALS_SYNTHETIC
1992-09-27,0.0,29.72,73.0,6.13,206.3,IMD_NORMALS_SYNTHETIC
1992-09-28,0.0,28.05,77.4,8.15,177.9,IMD_NORMALS_SYNTHETIC
1992-09-29,0.0,28.88,85.7,6.2,209.0,IMD_NORMALS_SYNTHETIC
1992-09-30,5.955,28.29,68.2,6.46,200.3,IMD_NORMALS_SYNTHETIC
1992-10-01,0.0,27.95,60.7,10.62,211.7,IMD_NORMALS_SYNTHETIC
1992-10-02,51.547,32.02,63.9,6.25,151.9,IMD_NORMALS_SYNTHETIC
1992-10-03,0.0,29.13,58.2,8.75,204.6,IMD_NORMALS_SYNTHETIC
1992-10-04,19.832,30.58,73.2,11.11,219.3,IMD_NORMALS_SYNTHETIC
1992-10-05,0.0,28.55,59.8,10.9,203.1,IMD_NORMALS_SYNTHETIC
1992-10-06,0.0,24.24,71.1,5.15,187.6,IMD_NORMALS_SYNTHETIC
1992-10-07,0.0,29.1,72.7,3.93,181.1,IMD_NORMALS_SYNTHETIC
1992-10-08,70.903,25.96,57.3,12.49,141.3,IMD_NORMALS_SYNTHETIC
1992-10-09,0.0,30.14,63.2,9.63,187.1,IMD_NORMALS_SYNTHETIC
1992-10-10,25.049,29.55,65.8,9.57,195.2,IMD_NORMALS_SYNTHETIC
1992-10-11,0.0,26.36,72.0,7.41,132.6,IMD_NORMALS_SYNTHETIC
1992-10-12,0.0,26.72,65.8,5.58,215.3,IMD_NORMALS_SYNTHETIC
1992-10-13,24.85,25.45,66.5,8.85,155.4,IMD_NORMALS_SYNTHETIC
1992-10-14,36.721,30.75,69.2,7.74,176.5,IMD_NORMALS_SYNTHETIC
1992-10-15,0.0,26.43,64.0,12.17,166.1,IMD_NORMALS_SYNTHETIC
1992-10-16,0.0,29.05,63.3,10.81,177.8,IMD_NORMALS_SYNTHETIC
1992-10-17,0.0,25.28,71.8,10.08,236.5,IMD_NORMALS_SYNTHETIC
1992-10-18,0.0,28.17,65.0,11.46,177.4,IMD_NORMALS_SYNTHETIC
1992-10-19,0.0,27.49,61.9,6.76,192.6,IMD_NORMALS_SYNTHETIC
1992-10-20,0.0,28.29,57.1,5.19,166.9,IMD_NORMALS_SYNTHETIC
1992-10-21,3.454,25.68,59.5,3.22,188.5,IMD_NORMALS_SYNTHETIC
1992-10-22,0.0,28.64,66.9,12.01,146.4,IMD_NORMALS_SYNTHETIC
1992-10-23,0.0,27.12,58.9,10.13,140.2,IMD_NORMALS_SYNTHETIC
1992-10-24,0.0,28.35,73.4,8.48,147.8,IMD_NORMALS_SYNTHETIC
1992-10-25,0.0,26.37,69.5,6.61,200.4,IMD_NORMALS_SYNTHETIC
1992-10-26,0.0,23.5,71.9,12.45,203.5,IMD_NORMALS_SYNTHETIC
1992-10-27,0.0,24.59,75.7,6.28,173.9,IMD_NORMALS_SYNTHETIC
1992-10-28,0.0,28.83,58.8,8.22,207.5,IMD_NORMALS_SYNTHETIC
1992-10-29,38.725,29.8,59.3,6.63,161.8,IMD_NORMALS_SYNTHETIC
1992-10-30,0.0,23.96,65.3,8.77,187.6,IMD_NORMALS_SYNTHETIC
1992-10-31,0.0,26.45,62.9,2.55,153.4,IMD_NORMALS_SYNTHETIC
1992-11-01,0.0,27.15,54.6,5.53,168.2,IMD_NORMALS_SYNTHETIC
1992-11-02,0.0,27.35,58.8,12.32,201.9,IMD_NORMALS_SYNTHETIC
1992-11-03,0.0,24.59,54.3,5.18,196.2,IMD_NORMALS_SYNTHETIC
1992-11-04,0.0,28.25,56.8,7.32,193.3,IMD_NORMALS_SYNTHETIC
1992-11-05,0.0,25.41,57.7,13.3,162.2,IMD_NORMALS_SYNTHETIC
1992-11-06,0.0,28.47,64.5,8.38,167.8,IMD_NORMALS_SYNTHETIC
1992-11-07,0.0,30.05,59.7,8.23,213.6,IMD_NORMALS_SYNTHETIC
1992-11-08,0.0,27.56,50.0,7.44,149.5,IMD_NORMALS_SYNTHETIC
1992-11-09,0.0,25.71,52.6,8.14,181.4,IMD_NORMALS_SYNTHETIC
1992-11-10,0.0,27.01,62.5,10.22,133.7,IMD_NORMALS_SYNTHETIC
1992-11-11,0.0,27.57,51.7,10.88,202.9,IMD_NORMALS_SYNTHETIC
1992-11-12,0.0,27.19,63.0,5.41,177.7,IMD_NORMALS_SYNTHETIC
1992-11-13,0.0,26.38,51.7,11.72,164.6,IMD_NORMALS_SYNTHETIC
1992-11-14,0.0,23.62,56.6,8.36,157.7,IMD_NORMALS_SYNTHETIC
1992-11-15,0.0,26.92,53.1,7.12,198.9,IMD_NORMALS_SYNTHETIC
1992-11-16,0.0,25.54,57.2,10.17,125.8,IMD_NORMALS_SYNTHETIC
1992-11-17,1.669,28.91,58.0,6.56,156.2,IMD_NORMALS_SYNTHETIC
1992-11-18,0.0,23.9,63.2,4.34,167.8,IMD_NORMALS_SYNTHETIC
1992-11-19,0.0,26.45,63.7,8.26,125.8,IMD_NORMALS_SYNTHETIC
1992-11-20,0.0,26.73,54.5,8.08,157.8,IMD_NORMALS_SYNTHETIC
1992-11-21,0.0,25.31,58.4,6.86,161.3,IMD_NORMALS_SYNTHETIC
1992-11-22,0.0,24.34,52.4,8.82,176.1,IMD_NORMALS_SYNTHETIC
1992-11-23,0.0,23.54,58.0,10.17,203.5,IMD_NORMALS_SYNTHETIC
1992-11-24,0.0,24.84,54.2,10.67,150.7,IMD_NORMALS_SYNTHETIC
1992-11-25,0.0,25.72,70.9,7.84,160.3,IMD_NORMALS_SYNTHETIC
1992-11-26,0.0,25.79,64.9,6.45,132.5,IMD_NORMALS_SYNTHETIC
1992-11-27,0.0,27.42,65.0,13.38,175.1,IMD_NORMALS_SYNTHETIC
1992-11-28,0.0,26.31,62.8,12.05,160.3,IMD_NORMALS_SYNTHETIC
1992-11-29,0.0,27.99,62.8,6.87,135.4,IMD_NORMALS_SYNTHETIC
1992-11-30,0.0,22.11,53.3,6.3,139.4,IMD_NORMALS_SYNTHETIC
1992-12-01,0.0,22.09,52.5,10.64,149.4,IMD_NORMALS_SYNTHETIC
1992-12-02,0.0,23.88,54.1,11.96,148.1,IMD_NORMALS_SYNTHETIC
1992-12-03,0.0,23.51,58.0,5.13,143.6,IMD_NORMALS_SYNTHETIC
1992-12-04,0.0,24.89,46.5,8.74,177.9,IMD_NORMALS_SYNTHETIC
1992-12-05,0.0,21.49,49.5,9.21,145.8,IMD_NORMALS_SYNTHETIC
1992-12-06,0.0,22.22,46.3,4.9,165.1,IMD_NORMALS_SYNTHETIC
1992-12-07,0.0,24.35,58.2,10.2,141.3,IMD_NORMALS_SYNTHETIC
1992-12-08,0.0,23.59,51.9,6.72,145.7,IMD_NORMALS_SYNTHETIC
1992-12-09,0.0,21.33,52.3,17.46,131.4,IMD_NORMALS_SYNTHETIC
1992-12-10,0.0,25.39,56.4,9.29,142.1,IMD_NORMALS_SYNTHETIC
1992-12-11,0.0,23.34,52.5,9.57,135.8,IMD_NORMALS_SYNTHETIC
1992-12-12,0.0,25.77,61.7,6.68,145.0,IMD_NORMALS_SYNTHETIC
1992-12-13,0.0,26.32,56.2,9.77,167.0,IMD_NORMALS_SYNTHETIC
1992-12-14,0.0,22.9,49.7,6.75,166.2,IMD_NORMALS_SYNTHETIC
1992-12-15,7.699,25.01,48.0,8.53,156.7,IMD_NORMALS_SYNTHETIC
1992-12-16,0.0,22.6,47.6,11.47,144.6,IMD_NORMALS_SYNTHETIC
1992-12-17,0.0,22.53,51.8,10.64,170.2,IMD_NORMALS_SYNTHETIC
1992-12-18,0.0,26.97,55.8,10.12,164.7,IMD_NORMALS_SYNTHETIC
1992-12-19,0.0,24.38,59.7,15.34,138.7,IMD_NORMALS_SYNTHETIC
1992-12-20,0.0,26.36,48.8,12.32,155.1,IMD_NORMALS_SYNTHETIC
1992-12-21,0.0,26.96,58.0,12.39,170.0,IMD_NORMALS_SYNTHETIC
1992-12-22,3.54,26.85,62.6,9.05,155.8,IMD_NORMALS_SYNTHETIC
1992-12-23,0.0,23.26,50.8,6.02,137.4,IMD_NORMALS_SYNTHETIC
1992-12-24,0.0,22.84,52.5,11.28,174.3,IMD_NORMALS_SYNTHETIC
1992-12-25,0.0,22.63,52.1,0.35,138.3,IMD_NORMALS_SYNTHETIC
1992-12-26,0.0,24.29,53.9,12.76,160.4,IMD_NORMALS_SYNTHETIC
1992-12-27,0.0,20.44,54.0,9.91,143.4,IMD_NORMALS_SYNTHETIC
1992-12-28,0.0,23.79,58.1,8.66,111.7,IMD_NORMALS_SYNTHETIC
1992-12-29,0.0,23.69,60.1,6.83,160.1,IMD_NORMALS_SYNTHETIC
1992-12-30,0.0,24.44,56.7,7.6,144.9,IMD_NORMALS_SYNTHETIC
1992-12-31,0.0,24.46,60.1,10.02,129.8,IMD_NORMALS_SYNTHETIC
1993-01-01,0.0,24.9,48.8,7.65,169.8,IMD_NORMALS_SYNTHETIC
1993-01-02,0.0,25.73,57.1,7.23,159.8,IMD_NORMALS_SYNTHETIC
1993-01-03,0.0,23.97,48.3,5.09,136.4,IMD_NORMALS_SYNTHETIC
1993-01-04,0.0,25.67,53.0,7.52,177.1,IMD_NORMALS_SYNTHETIC
1993-01-05,0.0,22.43,53.3,10.42,174.3,IMD_NORMALS_SYNTHETIC
1993-01-06,0.0,22.53,51.0,14.25,161.5,IMD_NORMALS_SYNTHETIC
1993-01-07,0.0,24.69,48.3,8.57,139.4,IMD_NORMALS_SYNTHETIC
1993-01-08,0.0,24.54,53.4,13.13,168.2,IMD_NORMALS_SYNTHETIC
1993-01-09,0.0,24.63,49.3,9.34,146.5,IMD_NORMALS_SYNTHETIC
1993-01-10,0.0,27.06,39.1,11.07,162.3,IMD_NORMALS_SYNTHETIC
1993-01-11,0.0,22.7,46.6,5.85,147.1,IMD_NORMALS_SYNTHETIC
1993-01-12,0.0,24.17,62.0,1.05,184.3,IMD_NORMALS_SYNTHETIC
1993-01-13,0.0,24.11,51.3,2.87,142.8,IMD_NORMALS_SYNTHETIC
1993-01-14,0.0,23.96,49.2,3.97,158.3,IMD_NORMALS_SYNTHETIC
1993-01-15,0.0,27.17,56.1,8.12,184.5,IMD_NORMALS_SYNTHETIC
1993-01-16,0.0,22.88,50.5,6.62,145.8,IMD_NORMALS_SYNTHETIC
1993-01-17,0.0,22.26,44.1,0.31,128.4,IMD_NORMALS_SYNTHETIC
1993-01-18,0.0,24.33,53.0,2.6,172.1,IMD_NORMALS_SYNTHETIC
1993-01-19,0.0,23.86,51.6,13.43,166.2,IMD_NORMALS_SYNTHETIC
1993-01-20,0.0,25.3,41.8,3.91,149.6,IMD_NORMALS_SYNTHETIC
1993-01-21,0.0,25.57,48.8,11.58,155.8,IMD_NORMALS_SYNTHETIC
1993-01-22,0.0,23.6,46.0,8.05,140.4,IMD_NORMALS_SYNTHETIC
1993-01-23,0.0,23.05,47.0,3.58,145.3,IMD_NORMALS_SYNTHETIC
1993-01-24,0.081,23.51,56.6,9.27,146.3,IMD_NORMALS_SYNTHETIC
1993-01-25,0.0,25.7,51.5,12.44,145.8,IMD_NORMALS_SYNTHETIC
1993-01-26,0.0,24.26,50.0,5.89,160.2,IMD_NORMALS_SYNTHETIC
1993-01-27,0.0,24.96,55.5,2.44,157.2,IMD_NORMALS_SYNTHETIC
1993-01-28,0.0,23.4,52.4,8.06,174.0,IMD_NORMALS_SYNTHETIC
1993-01-29,0.0,26.29,53.8,11.44,164.5,IMD_NORMALS_SYNTHETIC
1993-01-30,0.0,25.0,53.6,7.91,186.0,IMD_NORMALS_SYNTHETIC
1993-01-31,0.0,21.61,46.3,6.74,141.9,IMD_NORMALS_SYNTHETIC
1993-02-01,0.0,27.04,44.3,9.04,182.3,IMD_NORMALS_SYNTHETIC
1993-02-02,0.0,30.67,41.8,8.71,199.8,IMD_NORMALS_SYNTHETIC
1993-02-03,0.0,27.44,48.3,11.88,205.1,IMD_NORMALS_SYNTHETIC
1993-02-04,0.0,27.8,50.8,10.19,198.8,IMD_NORMALS_SYNTHETIC
1993-02-05,0.0,24.89,49.3,10.0,188.5,IMD_NORMALS_SYNTHETIC
1993-02-06,0.0,26.26,36.8,5.52,168.3,IMD_NORMALS_SYNTHETIC
1993-02-07,0.0,22.99,44.2,2.2,175.8,IMD_NORMALS_SYNTHETIC
1993-02-08,0.0,26.72,43.8,10.42,182.2,IMD_NORMALS_SYNTHETIC
1993-02-09,0.0,29.08,47.6,6.26,159.8,IMD_NORMALS_SYNTHETIC
1993-02-10,0.0,26.34,43.5,6.77,210.0,IMD_NORMALS_SYNTHETIC
1993-02-11,0.0,26.58,42.3,7.7,165.6,IMD_NORMALS_SYNTHETIC
1993-02-12,0.0,27.36,36.1,10.91,163.9,IMD_NORMALS_SYNTHETIC
1993-02-13,0.0,25.6,40.6,6.83,190.5,IMD_NORMALS_SYNTHETIC
1993-02-14,0.0,31.42,48.2,5.65,186.0,IMD_NORMALS_SYNTHETIC
1993-02-15,0.0,26.35,48.7,3.24,148.7,IMD_NORMALS_SYNTHETIC
1993-02-16,0.0,27.63,45.1,5.02,188.1,IMD_NORMALS_SYNTHETIC
1993-02-17,0.0,28.55,40.8,12.96,187.6,IMD_NORMALS_SYNTHETIC
1993-02-18,0.0,25.7,36.6,7.71,171.0,IMD_NORMALS_SYNTHETIC
1993-02-19,0.0,26.67,37.5,4.43,180.6,IMD_NORMALS_SYNTHETIC
1993-02-20,0.0,25.14,42.9,5.8,184.6,IMD_NORMALS_SYNTHETIC
1993-02-21,0.0,27.68,46.0,12.06,164.8,IMD_NORMALS_SYNTHETIC
1993-02-22,0.0,30.04,40.0,8.23,176.5,IMD_NORMALS_SYNTHETIC
1993-02-23,0.0,26.75,50.0,14.47,138.2,IMD_NORMALS_SYNTHETIC
1993-02-24,0.0,28.81,42.3,8.62,154.5,IMD_NORMALS_SYNTHETIC
1993-02-25,0.0,27.04,46.0,7.74,189.8,IMD_NORMALS_SYNTHETIC
1993-02-26,0.0,28.48,55.0,6.5,165.1,IMD_NORMALS_SYNTHETIC
1993-02-27,0.0,24.83,49.9,10.24,151.3,IMD_NORMALS_SYNTHETIC
1993-02-28,0.0,29.51,45.8,2.18,198.0,IMD_NORMALS_SYNTHETIC
1993-03-01,0.0,31.27,41.1,4.3,227.5,IMD_NORMALS_SYNTHETIC
1993-03-02,0.0,28.37,46.9,14.76,193.4,IMD_NORMALS_SYNTHETIC
1993-03-03,0.0,31.97,37.7,4.13,175.0,IMD_NORMALS_SYNTHETIC
1993-03-04,0.0,30.5,29.6,8.03,201.4,IMD_NORMALS_SYNTHETIC
1993-03-05,0.0,34.53,35.2,1.77,208.0,IMD_NORMALS_SYNTHETIC
1993-03-06,0.0,32.6,42.3,7.88,199.2,IMD_NORMALS_SYNTHETIC
1993-03-07,0.0,31.83,48.2,10.02,167.4,IMD_NORMALS_SYNTHETIC
1993-03-08,0.0,30.19,42.1,2.55,175.2,IMD_NORMALS_SYNTHETIC
1993-03-09,0.0,34.53,34.8,9.85,205.6,IMD_NORMALS_SYNTHETIC
1993-03-10,0.0,29.88,39.9,9.29,174.7,IMD_NORMALS_SYNTHETIC
1993-03-11,0.0,31.8,39.3,2.77,209.1,IMD_NORMALS_SYNTHETIC
1993-03-12,0.0,28.59,39.1,10.2,138.8,IMD_NORMALS_SYNTHETIC
1993-03-13,0.0,28.84,40.3,10.03,174.1,IMD_NORMALS_SYNTHETIC
1993-03-14,0.0,33.31,44.3,10.21,202.9,IMD_NORMALS_SYNTHETIC
1993-03-15,0.0,31.3,30.6,10.02,210.2,IMD_NORMALS_SYNTHETIC
1993-03-16,0.0,31.3,34.8,8.74,193.6,IMD_NORMALS_SYNTHETIC
1993-03-17,0.0,31.2,34.8,11.14,185.6,IMD_NORMALS_SYNTHETIC
1993-03-18,0.0,29.77,39.5,7.46,189.1,IMD_NORMALS_SYNTHETIC
1993-03-19,0.0,32.0,44.1,10.66,188.4,IMD_NORMALS_SYNTHETIC
1993-03-20,0.0,30.24,37.1,9.59,204.2,IMD_NORMALS_SYNTHETIC
1993-03-21,0.0,29.05,37.6,8.39,205.9,IMD_NORMALS_SYNTHETIC
1993-03-22,0.0,33.05,49.2,7.72,205.5,IMD_NORMALS_SYNTHETIC
1993-03-23,0.0,29.61,37.0,10.35,183.4,IMD_NORMALS_SYNTHETIC
1993-03-24,0.0,34.46,42.6,5.77,203.7,IMD_NORMALS_SYNTHETIC
1993-03-25,0.0,31.46,39.7,2.52,185.6,IMD_NORMALS_SYNTHETIC
1993-03-26,0.0,35.41,36.0,4.91,215.1,IMD_NORMALS_SYNTHETIC
1993-03-27,20.947,30.45,43.7,12.97,212.1,IMD_NORMALS_SYNTHETIC
1993-03-28,0.0,29.38,40.8,6.83,193.1,IMD_NORMALS_SYNTHETIC
1993-03-29,0.0,32.3,38.8,8.77,208.7,IMD_NORMALS_SYNTHETIC
1993-03-30,0.0,30.25,36.8,8.33,195.8,IMD_NORMALS_SYNTHETIC
1993-03-31,0.0,30.22,31.4,7.61,206.3,IMD_NORMALS_SYNTHETIC
1993-04-01,0.0,33.22,38.4,5.38,221.8,IMD_NORMALS_SYNTHETIC
1993-04-02,0.0,33.47,43.6,10.94,247.7,IMD_NORMALS_SYNTHETIC
1993-04-03,0.0,33.24,36.3,13.07,199.3,IMD_NORMALS_SYNTHETIC
1993-04-04,0.0,33.26,31.9,6.27,214.3,IMD_NORMALS_SYNTHETIC
1993-04-05,0.0,32.57,25.5,13.11,207.7,IMD_NORMALS_SYNTHETIC
1993-04-06,0.0,32.71,42.0,7.93,257.6,IMD_NORMALS_SYNTHETIC
1993-04-07,0.0,35.34,31.8,5.92,191.8,IMD_NORMALS_SYNTHETIC
1993-04-08,0.0,35.62,36.1,7.81,227.9,IMD_NORMALS_SYNTHETIC
1993-04-09,0.0,35.92,40.2,6.78,188.0,IMD_NORMALS_SYNTHETIC
1993-04-10,0.0,35.86,43.8,7.78,242.0,IMD_NORMALS_SYNTHETIC
1993-04-11,0.0,33.42,35.9,11.57,232.1,IMD_NORMALS_SYNTHETIC
1993-04-12,0.0,32.93,30.7,7.2,208.3,IMD_NORMALS_SYNTHETIC
1993-04-13,0.0,35.82,33.2,5.13,201.6,IMD_NORMALS_SYNTHETIC
1993-04-14,0.0,31.77,38.2,3.56,223.8,IMD_NORMALS_SYNTHETIC
1993-04-15,0.0,35.26,39.8,8.91,188.5,IMD_NORMALS_SYNTHETIC
1993-04-16,0.0,35.1,42.3,6.43,196.6,IMD_NORMALS_SYNTHETIC
1993-04-17,0.0,35.36,48.8,6.42,237.9,IMD_NORMALS_SYNTHETIC
1993-04-18,0.0,35.64,44.4,9.92,247.7,IMD_NORMALS_SYNTHETIC
1993-04-19,0.0,35.8,34.5,10.67,206.2,IMD_NORMALS_SYNTHETIC
1993-04-20,0.0,34.81,37.2,8.61,219.1,IMD_NORMALS_SYNTHETIC
1993-04-21,0.0,32.1,41.8,11.92,238.9,IMD_NORMALS_SYNTHETIC
1993-04-22,0.0,32.99,38.3,11.19,236.0,IMD_NORMALS_SYNTHETIC
1993-04-23,0.0,35.11,27.2,6.04,225.7,IMD_NORMALS_SYNTHETIC
1993-04-24,0.0,35.09,35.0,8.39,196.1,IMD_NORMALS_SYNTHETIC
1993-04-25,0.0,33.65,36.2,12.86,192.3,IMD_NORMALS_SYNTHETIC
1993-04-26,0.0,35.71,45.5,7.86,215.3,IMD_NORMALS_SYNTHETIC
1993-04-27,0.0,34.46,41.5,4.25,199.6,IMD_NORMALS_SYNTHETIC
1993-04-28,0.0,29.99,37.0,10.1,169.5,IMD_NORMALS_SYNTHETIC
1993-04-29,0.0,35.61,35.1,5.64,223.3,IMD_NORMALS_SYNTHETIC
1993-04-30,0.0,33.6,38.8,4.91,230.8,IMD_NORMALS_SYNTHETIC
1993-05-01,0.0,36.09,35.9,10.75,237.0,IMD_NORMALS_SYNTHETIC
1993-05-02,0.0,35.67,39.9,10.71,209.0,IMD_NORMALS_SYNTHETIC
1993-05-03,0.0,33.72,35.7,10.99,237.9,IMD_NORMALS_SYNTHETIC
1993-05-04,0.0,37.61,36.8,10.45,225.3,IMD_NORMALS_SYNTHETIC
1993-05-05,0.0,35.58,43.5,3.6,234.5,IMD_NORMALS_SYNTHETIC
1993-05-06,0.0,34.14,41.3,10.34,265.8,IMD_NORMALS_SYNTHETIC
1993-05-07,0.0,35.92,40.0,7.25,217.5,IMD_NORMALS_SYNTHETIC
1993-05-08,0.0,31.49,43.4,9.05,239.2,IMD_NORMALS_SYNTHETIC
1993-05-09,0.0,36.99,39.2,7.5,215.4,IMD_NORMALS_SYNTHETIC
1993-05-10,0.0,36.42,42.1,2.99,184.7,IMD_NORMALS_SYNTHETIC
1993-05-11,0.0,36.42,40.2,13.16,209.7,IMD_NORMALS_SYNTHETIC
1993-05-12,0.0,35.22,37.6,3.83,181.5,IMD_NORMALS_SYNTHETIC
1993-05-13,0.0,36.4,49.3,5.94,192.4,IMD_NORMALS_SYNTHETIC
1993-05-14,0.0,35.86,48.6,8.94,235.8,IMD_NORMALS_SYNTHETIC
1993-05-15,0.0,36.42,42.6,6.18,224.9,IMD_NORMALS_SYNTHETIC
1993-05-16,0.0,37.25,53.6,9.21,211.7,IMD_NORMALS_SYNTHETIC
1993-05-17,0.0,35.82,40.3,15.9,229.3,IMD_NORMALS_SYNTHETIC
1993-05-18,0.0,36.6,41.9,6.8,166.0,IMD_NORMALS_SYNTHETIC
1993-05-19,14.563,37.36,50.0,6.33,216.9,IMD_NORMALS_SYNTHETIC
1993-05-20,0.0,35.37,42.4,4.5,230.7,IMD_NORMALS_SYNTHETIC
1993-05-21,0.0,32.61,51.6,9.82,246.0,IMD_NORMALS_SYNTHETIC
1993-05-22,0.0,35.4,45.2,7.35,225.0,IMD_NORMALS_SYNTHETIC
1993-05-23,8.36,30.4,41.8,2.58,222.2,IMD_NORMALS_SYNTHETIC
1993-05-24,0.0,36.14,33.6,13.21,254.1,IMD_NORMALS_SYNTHETIC
1993-05-25,0.0,39.13,44.0,4.68,226.6,IMD_NORMALS_SYNTHETIC
1993-05-26,0.0,34.43,38.9,4.68,237.6,IMD_NORMALS_SYNTHETIC
1993-05-27,0.0,32.57,32.5,8.87,216.3,IMD_NORMALS_SYNTHETIC
1993-05-28,0.0,34.75,42.5,6.67,232.8,IMD_NORMALS_SYNTHETIC
1993-05-29,0.0,34.81,49.2,8.57,248.1,IMD_NORMALS_SYNTHETIC
1993-05-30,0.0,36.96,40.9,8.17,252.4,IMD_NORMALS_SYNTHETIC
1993-05-31,0.0,35.39,46.3,12.96,235.1,IMD_NORMALS_SYNTHETIC
1993-06-01,0.0,30.21,76.0,9.44,226.6,IMD_NORMALS_SYNTHETIC
1993-06-02,0.0,32.21,62.1,9.1,244.7,IMD_NORMALS_SYNTHETIC
1993-06-03,0.0,30.55,62.8,9.77,238.8,IMD_NORMALS_SYNTHETIC
1993-06-04,0.0,29.71,68.5,10.31,248.7,IMD_NORMALS_SYNTHETIC
1993-06-05,0.0,31.52,65.7,10.43,227.2,IMD_NORMALS_SYNTHETIC
1993-06-06,0.0,30.41,60.3,6.2,249.7,IMD_NORMALS_SYNTHETIC
1993-06-07,0.0,32.77,56.1,7.25,251.8,IMD_NORMALS_SYNTHETIC
1993-06-08,26.746,29.67,68.4,5.95,225.2,IMD_NORMALS_SYNTHETIC
1993-06-09,0.0,30.6,57.6,10.09,228.7,IMD_NORMALS_SYNTHETIC
1993-06-10,0.0,32.47,66.3,10.16,220.3,IMD_NORMALS_SYNTHETIC
1993-06-11,0.0,31.1,70.6,7.29,240.0,IMD_NORMALS_SYNTHETIC
1993-06-12,0.0,31.14,74.6,9.75,189.8,IMD_NORMALS_SYNTHETIC
1993-06-13,0.0,33.53,57.9,8.84,205.0,IMD_NORMALS_SYNTHETIC
1993-06-14,0.0,31.4,53.5,6.9,256.2,IMD_NORMALS_SYNTHETIC
1993-06-15,0.0,30.79,59.0,9.68,233.4,IMD_NORMALS_SYNTHETIC
1993-06-16,0.0,32.87,63.7,5.02,254.2,IMD_NORMALS_SYNTHETIC
1993-06-17,0.646,30.62,63.3,13.45,252.2,IMD_NORMALS_SYNTHETIC
1993-06-18,2.386,29.13,67.5,6.01,238.0,IMD_NORMALS_SYNTHETIC
1993-06-19,2.578,32.0,65.6,8.92,235.1,IMD_NORMALS_SYNTHETIC
1993-06-20,0.0,31.75,62.0,9.56,256.5,IMD_NORMALS_SYNTHETIC
1993-06-21,0.0,29.75,55.2,6.86,241.4,IMD_NORMALS_SYNTHETIC
1993-06-22,0.0,32.63,65.6,1.69,203.6,IMD_NORMALS_SYNTHETIC
1993-06-23,19.129,31.88,67.7,8.17,234.7,IMD_NORMALS_SYNTHETIC
1993-06-24,0.0,35.25,66.4,1.18,224.1,IMD_NORMALS_SYNTHETIC
1993-06-25,20.315,32.21,64.3,9.98,248.9,IMD_NORMALS_SYNTHETIC
1993-06-26,0.0,30.47,63.1,4.05,242.6,IMD_NORMALS_SYNTHETIC
1993-06-27,0.0,31.89,66.1,9.85,241.4,IMD_NORMALS_SYNTHETIC
1993-06-28,0.0,28.85,63.6,9.05,236.7,IMD_NORMALS_SYNTHETIC
1993-06-29,0.0,28.44,62.6,10.71,258.7,IMD_NORMALS_SYNTHETIC
1993-06-30,44.549,31.58,58.5,5.6,246.6,IMD_NORMALS_SYNTHETIC
1993-07-01,0.0,28.61,89.3,4.51,223.4,IMD_NORMALS_SYNTHETIC
1993-07-02,4.977,30.69,76.9,11.83,239.9,IMD_NORMALS_SYNTHETIC
1993-07-03,0.0,31.69,67.9,4.67,243.0,IMD_NORMALS_SYNTHETIC
1993-07-04,0.0,28.21,71.2,5.55,248.5,IMD_NORMALS_SYNTHETIC
1993-07-05,0.0,31.53,66.9,8.59,202.1,IMD_NORMALS_SYNTHETIC
1993-07-06,49.822,30.24,69.9,7.49,197.1,IMD_NORMALS_SYNTHETIC
1993-07-07,10.407,33.04,70.2,8.16,227.0,IMD_NORMALS_SYNTHETIC
1993-07-08,15.808,26.64,69.9,4.98,222.8,IMD_NORMALS_SYNTHETIC
1993-07-09,19.784,30.46,78.9,8.75,210.4,IMD_NORMALS_SYNTHETIC
1993-07-10,0.0,29.79,80.8,14.97,244.0,IMD_NORMALS_SYNTHETIC
1993-07-11,29.456,27.52,74.0,8.82,202.5,IMD_NORMALS_SYNTHETIC
1993-07-12,0.0,29.87,60.4,0.21,234.9,IMD_NORMALS_SYNTHETIC
1993-07-13,0.0,31.18,71.8,8.32,245.7,IMD_NORMALS_SYNTHETIC
1993-07-14,8.666,29.03,69.8,5.45,206.4,IMD_NORMALS_SYNTHETIC
1993-07-15,0.0,31.71,70.4,5.19,253.3,IMD_NORMALS_SYNTHETIC
1993-07-16,0.0,26.17,84.5,9.47,219.5,IMD_NORMALS_SYNTHETIC
1993-07-17,0.0,27.91,78.0,11.9,218.6,IMD_NORMALS_SYNTHETIC
1993-07-18,11.235,31.32,81.9,9.13,213.4,IMD_NORMALS_SYNTHETIC
1993-07-19,19.112,30.97,72.2,9.64,225.7,IMD_NORMALS_SYNTHETIC
1993-07-20,0.0,26.74,85.7,4.49,247.0,IMD_NORMALS_SYNTHETIC
1993-07-21,0.0,29.92,75.3,5.82,228.8,IMD_NORMALS_SYNTHETIC
1993-07-22,0.806,27.67,69.0,8.7,255.3,IMD_NORMALS_SYNTHETIC
1993-07-23,27.769,29.85,82.3,9.71,195.0,IMD_NORMALS_SYNTHETIC
1993-07-24,0.0,31.61,68.7,3.72,221.6,IMD_NORMALS_SYNTHETIC
1993-07-25,12.59,30.33,80.7,9.37,241.0,IMD_NORMALS_SYNTHETIC
1993-07-26,3.653,27.61,67.1,11.65,265.8,IMD_NORMALS_SYNTHETIC
1993-07-27,0.0,29.68,69.6,4.67,248.9,IMD_NORMALS_SYNTHETIC
1993-07-28,0.0,28.17,62.6,8.04,240.8,IMD_NORMALS_SYNTHETIC
1993-07-29,6.495,31.68,61.9,15.94,241.7,IMD_NORMALS_SYNTHETIC
1993-07-30,0.0,30.02,68.2,9.87,254.8,IMD_NORMALS_SYNTHETIC
1993-07-31,0.0,32.84,71.3,7.9,228.4,IMD_NORMALS_SYNTHETIC
1993-08-01,10.295,28.1,78.7,5.51,243.4,IMD_NORMALS_SYNTHETIC
1993-08-02,9.333,28.8,76.1,8.57,204.6,IMD_NORMALS_SYNTHETIC
1993-08-03,3.112,29.8,72.4,3.54,195.4,IMD_NORMALS_SYNTHETIC
1993-08-04,14.18,28.34,73.3,11.39,201.2,IMD_NORMALS_SYNTHETIC
1993-08-05,6.827,29.01,71.4,1.72,201.3,IMD_NORMALS_SYNTHETIC
1993-08-06,0.0,26.48,74.8,4.35,205.6,IMD_NORMALS_SYNTHETIC
1993-08-07,17.97,27.44,74.6,8.72,195.8,IMD_NORMALS_SYNTHETIC
1993-08-08,7.438,28.55,79.4,3.8,217.0,IMD_NORMALS_SYNTHETIC
1993-08-09,21.339,29.08,71.7,11.16,218.2,IMD_NORMALS_SYNTHETIC
1993-08-10,1.23,28.49,67.7,5.91,196.6,IMD_NORMALS_SYNTHETIC
1993-08-11,0.0,26.34,74.5,6.72,227.4,IMD_NORMALS_SYNTHETIC
1993-08-12,0.0,26.71,73.5,11.07,180.2,IMD_NORMALS_SYNTHETIC
1993-08-13,0.0,28.32,65.2,9.6,240.8,IMD_NORMALS_SYNTHETIC
1993-08-14,16.447,29.5,72.3,10.3,197.2,IMD_NORMALS_SYNTHETIC
1993-08-15,0.0,25.5,73.2,9.56,244.0,IMD_NORMALS_SYNTHETIC
1993-08-16,12.285,25.39,75.8,10.9,213.5,IMD_NORMALS_SYNTHETIC
1993-08-17,0.0,30.83,70.3,10.8,193.5,IMD_NORMALS_SYNTHETIC
1993-08-18,0.0,28.62,77.1,4.12,252.4,IMD_NORMALS_SYNTHETIC
1993-08-19,0.0,27.95,70.3,3.0,193.5,IMD_NORMALS_SYNTHETIC
1993-08-20,0.0,33.28,82.6,8.55,181.8,IMD_NORMALS_SYNTHETIC
1993-08-21,0.0,28.04,78.5,9.09,203.2,IMD_NORMALS_SYNTHETIC
1993-08-22,16.283,23.78,78.6,5.82,215.5,IMD_NORMALS_SYNTHETIC
1993-08-23,0.0,28.96,72.8,5.05,194.8,IMD_NORMALS_SYNTHETIC
1993-08-24,0.0,28.25,78.9,2.77,171.7,IMD_NORMALS_SYNTHETIC
1993-08-25,0.0,31.88,75.0,4.72,232.9,IMD_NORMALS_SYNTHETIC
1993-08-26,0.0,29.78,68.3,5.96,236.6,IMD_NORMALS_SYNTHETIC
1993-08-27,0.0,27.82,76.3,4.27,180.5,IMD_NORMALS_SYNTHETIC
1993-08-28,0.0,26.96,83.6,11.2,193.4,IMD_NORMALS_SYNTHETIC
1993-08-29,0.0,29.78,75.3,12.32,209.2,IMD_NORMALS_SYNTHETIC
1993-08-30,1.408,29.85,72.0,8.71,198.2,IMD_NORMALS_SYNTHETIC
1993-08-31,0.0,26.14,63.4,5.49,233.7,IMD_NORMALS_SYNTHETIC
1993-09-01,0.0,29.77,68.7,5.14,199.4,IMD_NORMALS_SYNTHETIC
1993-09-02,0.0,31.51,86.5,5.67,177.5,IMD_NORMALS_SYNTHETIC
1993-09-03,0.0,27.55,71.4,4.23,184.3,IMD_NORMALS_SYNTHETIC
1993-09-04,0.0,29.15,76.5,9.22,209.1,IMD_NORMALS_SYNTHETIC
1993-09-05,5.814,29.09,76.0,4.82,189.1,IMD_NORMALS_SYNTHETIC
1993-09-06,0.728,28.41,74.2,7.12,233.3,IMD_NORMALS_SYNTHETIC
1993-09-07,2.27,28.55,65.1,15.63,199.8,IMD_NORMALS_SYNTHETIC
1993-09-08,26.576,29.33,74.3,13.58,204.5,IMD_NORMALS_SYNTHETIC
1993-09-09,0.0,26.55,79.8,7.61,214.6,IMD_NORMALS_SYNTHETIC
1993-09-10,0.0,28.79,66.7,9.28,219.7,IMD_NORMALS_SYNTHETIC
1993-09-11,0.0,23.16,71.6,8.03,198.8,IMD_NORMALS_SYNTHETIC
1993-09-12,5.574,29.07,71.0,8.99,184.5,IMD_NORMALS_SYNTHETIC
1993-09-13,10.56,28.82,77.6,2.95,166.6,IMD_NORMALS_SYNTHETIC
1993-09-14,76.544,32.87,71.8,12.39,195.8,IMD_NORMALS_SYNTHETIC
1993-09-15,0.0,28.91,74.5,8.93,243.7,IMD_NORMALS_SYNTHETIC
1993-09-16,0.0,29.17,78.4,5.7,196.8,IMD_NORMALS_SYNTHETIC
1993-09-17,12.654,29.59,72.6,10.82,177.2,IMD_NORMALS_SYNTHETIC
1993-09-18,13.139,24.58,88.3,8.33,183.1,IMD_NORMALS_SYNTHETIC
1993-09-19,0.0,29.77,72.7,6.66,183.0,IMD_NORMALS_SYNTHETIC
1993-09-20,34.625,27.34,67.0,9.87,212.0,IMD_NORMALS_SYNTHETIC
1993-09-21,0.0,28.71,72.6,9.54,203.8,IMD_NORMALS_SYNTHETIC
1993-09-22,4.205,28.18,85.4,4.46,217.1,IMD_NORMALS_SYNTHETIC
1993-09-23,29.017,29.95,64.4,7.46,208.8,IMD_NORMALS_SYNTHETIC
1993-09-24,0.0,29.77,70.6,10.28,209.7,IMD_NORMALS_SYNTHETIC
1993-09-25,9.578,26.9,61.9,5.07,198.1,IMD_NORMALS_SYNTHETIC
1993-09-26,26.0,29.97,66.1,13.49,222.4,IMD_NORMALS_SYNTHETIC
1993-09-27,0.0,27.12,62.3,5.43,199.0,IMD_NORMALS_SYNTHETIC
1993-09-28,9.52,29.24,75.2,8.94,174.8,IMD_NORMALS_SYNTHETIC
1993-09-29,0.0,28.52,69.9,3.61,204.9,IMD_NORMALS_SYNTHETIC
1993-09-30,2.909,29.63,74.3,3.39,179.5,IMD_NORMALS_SYNTHETIC
1993-10-01,0.0,26.33,66.4,12.79,180.7,IMD_NORMALS_SYNTHETIC
1993-10-02,0.0,30.75,66.9,9.16,183.3,IMD_NORMALS_SYNTHETIC
1993-10-03,0.0,28.55,60.6,8.61,191.7,IMD_NORMALS_SYNTHETIC
1993-10-04,5.585,29.89,63.8,7.91,185.4,IMD_NORMALS_SYNTHETIC
1993-10-05,0.0,25.39,60.9,5.73,176.5,IMD_NORMALS_SYNTHETIC
1993-10-06,0.0,27.23,62.6,5.47,187.7,IMD_NORMALS_SYNTHETIC
1993-10-07,0.0,26.2,63.2,12.11,173.2,IMD_NORMALS_SYNTHETIC
1993-10-08,0.0,25.29,65.5,8.38,188.0,IMD_NORMALS_SYNTHETIC
1993-10-09,1.206,27.09,62.7,7.08,159.2,IMD_NORMALS_SYNTHETIC
1993-10-10,11.846,27.22,60.5,5.68,171.6,IMD_NORMALS_SYNTHETIC
1993-10-11,17.981,28.5,66.3,7.48,168.7,IMD_NORMALS_SYNTHETIC
1993-10-12,7.973,24.23,60.6,11.94,191.3,IMD_NORMALS_SYNTHETIC
1993-10-13,0.0,28.35,70.0,7.12,193.4,IMD_NORMALS_SYNTHETIC
1993-10-14,0.0,26.4,68.3,12.1,156.9,IMD_NORMALS_SYNTHETIC
1993-10-15,0.0,31.18,57.7,2.52,163.5,IMD_NORMALS_SYNTHETIC
1993-10-16,35.692,27.46,59.2,4.64,162.1,IMD_NORMALS_SYNTHETIC
1993-10-17,2.147,27.09,56.6,6.9,140.5,IMD_NORMALS_SYNTHETIC
1993-10-18,0.0,23.52,66.3,6.58,184.7,IMD_NORMALS_SYNTHETIC
1993-10-19,0.0,27.38,70.6,11.88,187.5,IMD_NORMALS_SYNTHETIC
1993-10-20,0.0,28.04,66.5,10.43,140.9,IMD_NORMALS_SYNTHETIC
1993-10-21,0.0,28.79,61.8,10.59,193.8,IMD_NORMALS_SYNTHETIC
1993-10-22,5.14,26.42,63.2,7.16,202.2,IMD_NORMALS_SYNTHETIC
1993-10-23,0.0,26.71,73.5,8.1,161.9,IMD_NORMALS_SYNTHETIC
1993-10-24,0.0,27.19,70.1,7.64,194.6,IMD_NORMALS_SYNTHETIC
1993-10-25,0.0,28.96,69.4,10.9,181.3,IMD_NORMALS_SYNTHETIC
1993-10-26,0.0,26.63,61.8,7.48,172.2,IMD_NORMALS_SYNTHETIC
1993-10-27,0.0,28.42,68.0,6.27,169.5,IMD_NORMALS_SYNTHETIC
1993-10-28,0.0,28.81,59.9,13.57,210.9,IMD_NORMALS_SYNTHETIC
1993-10-29,0.0,25.96,72.5,8.59,201.3,IMD_NORMALS_SYNTHETIC
1993-10-30,0.0,29.43,68.5,8.92,169.9,IMD_NORMALS_SYNTHETIC
1993-10-31,3.744,29.96,71.1,8.66,166.9,IMD_NORMALS_SYNTHETIC
1993-11-01,0.0,25.9,49.7,8.27,155.1,IMD_NORMALS_SYNTHETIC
1993-11-02,0.0,27.6,61.0,6.24,143.1,IMD_NORMALS_SYNTHETIC
1993-11-03,0.0,25.71,60.2,9.62,167.3,IMD_NORMALS_SYNTHETIC
1993-11-04,0.0,27.72,56.9,6.81,146.9,IMD_NORMALS_SYNTHETIC
1993-11-05,0.0,27.96,52.5,3.96,201.7,IMD_NORMALS_SYNTHETIC
1993-11-06,0.0,24.32,60.5,9.81,149.6,IMD_NORMALS_SYNTHETIC
1993-11-07,0.0,26.09,61.3,7.16,182.6,IMD_NORMALS_SYNTHETIC
1993-11-08,0.0,27.32,57.3,9.92,169.0,IMD_NORMALS_SYNTHETIC
1993-11-09,0.0,25.86,72.6,4.14,184.6,IMD_NORMALS_SYNTHETIC
1993-11-10,0.0,25.21,68.2,3.57,163.5,IMD_NORMALS_SYNTHETIC
1993-11-11,0.0,24.41,52.8,13.92,183.4,IMD_NORMALS_SYNTHETIC
1993-11-12,0.0,25.91,58.7,8.98,132.7,IMD_NORMALS_SYNTHETIC
1993-11-13,6.195,26.81,55.8,9.76,152.8,IMD_NORMALS_SYNTHETIC
1993-11-14,0.0,25.06,60.8,9.25,172.9,IMD_NORMALS_SYNTHETIC
1993-11-15,0.0,23.85,60.1,5.97,168.1,IMD_NORMALS_SYNTHETIC
1993-11-16,0.0,24.23,54.0,6.28,169.0,IMD_NORMALS_SYNTHETIC
1993-11-17,0.0,22.29,52.5,6.14,199.5,IMD_NORMALS_SYNTHETIC
1993-11-18,0.0,22.38,62.1,10.27,151.8,IMD_NORMALS_SYNTHETIC
1993-11-19,0.0,25.13,61.0,11.64,169.2,IMD_NORMALS_SYNTHETIC
1993-11-20,0.0,24.88,54.0,7.98,170.7,IMD_NORMALS_SYNTHETIC
1993-11-21,0.247,27.24,44.7,9.36,168.7,IMD_NORMALS_SYNTHETIC
1993-11-22,0.0,29.31,49.5,12.33,160.7,IMD_NORMALS_SYNTHETIC
1993-11-23,0.0,28.19,52.9,9.37,152.9,IMD_NORMALS_SYNTHETIC
1993-11-24,0.0,24.3,62.4,2.07,172.3,IMD_NORMALS_SYNTHETIC
1993-11-25,0.0,27.67,42.6,10.38,210.9,IMD_NORMALS_SYNTHETIC
1993-11-26,0.0,25.03,61.0,10.77,137.7,IMD_NORMALS_SYNTHETIC
1993-11-27,0.0,26.12,59.0,3.74,169.5,IMD_NORMALS_SYNTHETIC
1993-11-28,0.0,26.86,68.0,9.3,143.6,IMD_NORMALS_SYNTHETIC
1993-11-29,0.0,24.39,59.0,6.11,162.3,IMD_NORMALS_SYNTHETIC
1993-11-30,0.0,27.51,60.2,8.6,134.4,IMD_NORMALS_SYNTHETIC
1993-12-01,0.0,23.82,59.0,7.22,151.6,IMD_NORMALS_SYNTHETIC
1993-12-02,0.0,25.17,50.8,11.14,129.1,IMD_NORMALS_SYNTHETIC
1993-12-03,0.0,25.85,52.2,6.59,183.5,IMD_NORMALS_SYNTHETIC
1993-12-04,0.0,24.36,50.8,10.63,151.2,IMD_NORMALS_SYNTHETIC
1993-12-05,0.0,22.59,55.6,8.93,139.9,IMD_NORMALS_SYNTHETIC
1993-12-06,0.0,24.19,55.2,3.86,171.5,IMD_NORMALS_SYNTHETIC
1993-12-07,0.0,23.99,50.8,11.88,144.9,IMD_NORMALS_SYNTHETIC
1993-12-08,0.0,21.1,61.7,9.52,143.1,IMD_NORMALS_SYNTHETIC
1993-12-09,0.0,23.53,55.8,10.26,174.2,IMD_NORMALS_SYNTHETIC
1993-12-10,0.0,24.14,46.7,6.98,185.1,IMD_NORMALS_SYNTHETIC
1993-12-11,0.0,24.54,49.7,10.41,165.2,IMD_NORMALS_SYNTHETIC
1993-12-12,11.807,22.09,56.8,7.64,154.1,IMD_NORMALS_SYNTHETIC
1993-12-13,0.0,22.51,53.5,3.92,144.8,IMD_NORMALS_SYNTHETIC
1993-12-14,0.0,24.8,52.8,13.59,139.0,IMD_NORMALS_SYNTHETIC
1993-12-15,0.0,23.85,53.4,7.18,161.0,IMD_NORMALS_SYNTHETIC
1993-12-16,0.0,24.5,57.4,6.77,207.0,IMD_NORMALS_SYNTHETIC
1993-12-17,0.0,24.35,71.6,5.62,182.9,IMD_NORMALS_SYNTHETIC
1993-12-18,0.0,26.95,58.5,7.21,121.4,IMD_NORMALS_SYNTHETIC
1993-12-19,0.0,25.63,62.5,9.9,147.7,IMD_NORMALS_SYNTHETIC
1993-12-20,0.0,22.61,65.8,8.58,150.8,IMD_NORMALS_SYNTHETIC
1993-12-21,0.0,27.18,47.3,8.4,143.5,IMD_NORMALS_SYNTHETIC
1993-12-22,0.0,24.44,53.6,12.67,120.9,IMD_NORMALS_SYNTHETIC
1993-12-23,0.0,24.72,49.3,4.64,157.3,IMD_NORMALS_SYNTHETIC
1993-12-24,0.0,23.05,52.3,8.68,157.2,IMD_NORMALS_SYNTHETIC
1993-12-25,0.0,22.33,58.2,10.44,149.2,IMD_NORMALS_SYNTHETIC
1993-12-26,0.0,26.68,56.2,9.69,152.7,IMD_NORMALS_SYNTHETIC
1993-12-27,0.0,23.6,56.5,9.04,151.2,IMD_NORMALS_SYNTHETIC
1993-12-28,0.0,22.45,52.9,5.63,151.9,IMD_NORMALS_SYNTHETIC
1993-12-29,0.0,25.62,63.6,6.11,144.7,IMD_NORMALS_SYNTHETIC
1993-12-30,0.0,24.94,44.2,8.9,171.0,IMD_NORMALS_SYNTHETIC
1993-12-31,0.0,24.11,53.8,10.29,154.4,IMD_NORMALS_SYNTHETIC
1994-01-01,3.303,24.97,43.4,4.37,180.2,IMD_NORMALS_SYNTHETIC
1994-01-02,0.0,22.32,55.6,9.56,144.5,IMD_NORMALS_SYNTHETIC
1994-01-03,0.0,25.05,44.4,9.84,140.1,IMD_NORMALS_SYNTHETIC
1994-01-04,0.0,25.88,48.8,11.72,157.3,IMD_NORMALS_SYNTHETIC
1994-01-05,0.0,23.52,47.8,2.15,189.6,IMD_NORMALS_SYNTHETIC
1994-01-06,0.0,24.48,60.1,11.24,144.7,IMD_NORMALS_SYNTHETIC
1994-01-07,0.0,24.19,56.8,10.16,147.2,IMD_NORMALS_SYNTHETIC
1994-01-08,0.0,23.62,53.9,5.26,144.4,IMD_NORMALS_SYNTHETIC
1994-01-09,0.0,23.81,52.5,9.72,179.9,IMD_NORMALS_SYNTHETIC
1994-01-10,0.0,24.38,53.6,13.35,167.3,IMD_NORMALS_SYNTHETIC
1994-01-11,0.0,22.29,54.0,13.27,165.6,IMD_NORMALS_SYNTHETIC
1994-01-12,0.0,24.37,50.0,11.2,178.6,IMD_NORMALS_SYNTHETIC
1994-01-13,0.0,22.06,52.1,8.56,173.8,IMD_NORMALS_SYNTHETIC
1994-01-14,0.0,23.9,51.4,4.98,171.3,IMD_NORMALS_SYNTHETIC
1994-01-15,0.0,23.1,52.7,5.21,178.1,IMD_NORMALS_SYNTHETIC
1994-01-16,5.498,25.14,49.8,13.39,183.7,IMD_NORMALS_SYNTHETIC
1994-01-17,0.0,25.83,53.0,7.2,208.8,IMD_NORMALS_SYNTHETIC
1994-01-18,0.0,22.62,52.4,11.75,181.9,IMD_NORMALS_SYNTHETIC
1994-01-19,0.0,26.63,55.8,3.71,183.3,IMD_NORMALS_SYNTHETIC
1994-01-20,14.087,25.45,49.4,10.77,142.1,IMD_NORMALS_SYNTHETIC
1994-01-21,0.0,22.58,56.9,4.05,181.8,IMD_NORMALS_SYNTHETIC
1994-01-22,0.0,25.7,62.3,8.6,140.0,IMD_NORMALS_SYNTHETIC
1994-01-23,0.0,19.67,61.1,5.79,146.6,IMD_NORMALS_SYNTHETIC
1994-01-24,0.0,23.44,54.8,8.77,160.0,IMD_NORMALS_SYNTHETIC
1994-01-25,0.0,22.61,57.6,8.04,168.8,IMD_NORMALS_SYNTHETIC
1994-01-26,0.0,26.88,54.2,4.83,182.3,IMD_NORMALS_SYNTHETIC
1994-01-27,0.0,25.13,50.0,7.87,179.3,IMD_NORMALS_SYNTHETIC
1994-01-28,0.0,22.72,50.3,9.84,167.3,IMD_NORMALS_SYNTHETIC
1994-01-29,0.0,25.51,65.9,9.0,148.8,IMD_NORMALS_SYNTHETIC
1994-01-30,0.0,23.47,46.0,13.52,145.4,IMD_NORMALS_SYNTHETIC
1994-01-31,0.0,22.94,57.1,5.58,135.3,IMD_NORMALS_SYNTHETIC
1994-02-01,0.0,29.19,34.7,4.84,168.5,IMD_NORMALS_SYNTHETIC
1994-02-02,29.14,27.33,46.7,6.66,137.3,IMD_NORMALS_SYNTHETIC
1994-02-03,0.0,25.84,42.9,5.7,178.5,IMD_NORMALS_SYNTHETIC
1994-02-04,0.0,26.57,37.5,6.33,192.9,IMD_NORMALS_SYNTHETIC
1994-02-05,0.0,25.3,39.1,7.9,178.8,IMD_NORMALS_SYNTHETIC
1994-02-06,0.0,27.12,42.7,9.37,171.5,IMD_NORMALS_SYNTHETIC
1994-02-07,0.0,28.51,42.0,7.98,198.2,IMD_NORMALS_SYNTHETIC
1994-02-08,0.0,27.18,40.8,5.75,185.6,IMD_NORMALS_SYNTHETIC
1994-02-09,0.0,28.41,47.1,1.38,182.4,IMD_NORMALS_SYNTHETIC
1994-02-10,0.0,24.91,44.5,4.02,159.0,IMD_NORMALS_SYNTHETIC
1994-02-11,0.0,24.96,51.2,13.64,172.8,IMD_NORMALS_SYNTHETIC
1994-02-12,0.0,28.61,49.9,9.69,170.8,IMD_NORMALS_SYNTHETIC
1994-02-13,0.0,30.03,37.8,0.05,157.1,IMD_NORMALS_SYNTHETIC
1994-02-14,0.0,28.65,47.0,6.0,175.3,IMD_NORMALS_SYNTHETIC
1994-02-15,0.0,30.72,45.7,3.83,177.0,IMD_NORMALS_SYNTHETIC
1994-02-16,0.0,26.47,36.4,7.47,172.8,IMD_NORMALS_SYNTHETIC
1994-02-17,0.0,30.77,43.5,4.46,224.3,IMD_NORMALS_SYNTHETIC
1994-02-18,0.0,26.7,40.1,3.06,158.6,IMD_NORMALS_SYNTHETIC
1994-02-19,0.0,24.77,43.1,8.74,193.8,IMD_NORMALS_SYNTHETIC
1994-02-20,0.0,25.1,40.6,3.28,179.7,IMD_NORMALS_SYNTHETIC
1994-02-21,0.0,25.99,47.0,9.03,122.9,IMD_NORMALS_SYNTHETIC
1994-02-22,0.0,25.4,41.6,14.58,213.0,IMD_NORMALS_SYNTHETIC
1994-02-23,0.0,24.56,38.1,11.26,195.0,IMD_NORMALS_SYNTHETIC
1994-02-24,0.0,27.02,44.9,4.0,195.1,IMD_NORMALS_SYNTHETIC
1994-02-25,0.0,29.2,44.1,12.65,227.2,IMD_NORMALS_SYNTHETIC
1994-02-26,0.0,27.25,39.8,5.17,177.6,IMD_NORMALS_SYNTHETIC
1994-02-27,0.0,25.21,46.5,6.72,179.3,IMD_NORMALS_SYNTHETIC
1994-02-28,0.0,24.69,38.4,6.01,176.9,IMD_NORMALS_SYNTHETIC
1994-03-01,0.0,30.27,36.4,8.18,198.8,IMD_NORMALS_SYNTHETIC
1994-03-02,0.0,34.35,30.6,7.84,210.8,IMD_NORMALS_SYNTHETIC
1994-03-03,9.162,32.54,31.6,5.41,207.8,IMD_NORMALS_SYNTHETIC
1994-03-04,0.0,32.55,49.2,12.46,204.7,IMD_NORMALS_SYNTHETIC
1994-03-05,0.0,32.83,38.8,6.56,217.5,IMD_NORMALS_SYNTHETIC
1994-03-06,0.0,32.15,40.9,7.95,208.7,IMD_NORMALS_SYNTHETIC
1994-03-07,0.0,33.12,33.5,4.5,171.8,IMD_NORMALS_SYNTHETIC
1994-03-08,0.0,31.65,36.9,1.92,190.1,IMD_NORMALS_SYNTHETIC
1994-03-09,0.0,31.34,39.8,12.28,222.6,IMD_NORMALS_SYNTHETIC
1994-03-10,0.0,27.29,45.4,9.3,178.2,IMD_NORMALS_SYNTHETIC
1994-03-11,0.0,29.04,32.7,8.7,184.3,IMD_NORMALS_SYNTHETIC
1994-03-12,0.0,30.63,38.8,7.26,190.9,IMD_NORMALS_SYNTHETIC
1994-03-13,0.0,34.62,40.2,2.96,203.7,IMD_NORMALS_SYNTHETIC
1994-03-14,0.0,30.16,34.4,2.3,183.1,IMD_NORMALS_SYNTHETIC
1994-03-15,0.0,31.49,34.5,6.16,200.3,IMD_NORMALS_SYNTHETIC
1994-03-16,0.0,29.08,43.0,9.2,173.7,IMD_NORMALS_SYNTHETIC
1994-03-17,0.0,30.63,43.8,6.77,192.2,IMD_NORMALS_SYNTHETIC
1994-03-18,0.0,29.3,41.0,5.93,186.5,IMD_NORMALS_SYNTHETIC
1994-03-19,2.751,30.61,34.8,9.34,154.1,IMD_NORMALS_SYNTHETIC
1994-03-20,0.0,29.23,36.9,5.78,199.9,IMD_NORMALS_SYNTHETIC
1994-03-21,0.0,32.39,42.3,10.67,175.1,IMD_NORMALS_SYNTHETIC
1994-03-22,0.0,33.54,44.0,9.18,179.6,IMD_NORMALS_SYNTHETIC
1994-03-23,0.0,27.94,33.4,10.17,206.8,IMD_NORMALS_SYNTHETIC
1994-03-24,0.0,27.71,42.4,7.98,219.4,IMD_NORMALS_SYNTHETIC
1994-03-25,0.0,31.75,41.5,9.39,227.4,IMD_NORMALS_SYNTHETIC
1994-03-26,0.0,32.25,38.4,4.56,240.7,IMD_NORMALS_SYNTHETIC
1994-03-27,0.0,30.07,42.7,3.54,201.7,IMD_NORMALS_SYNTHETIC
1994-03-28,0.0,31.72,36.0,5.89,228.0,IMD_NORMALS_SYNTHETIC
1994-03-29,0.0,30.24,37.8,10.4,164.7,IMD_NORMALS_SYNTHETIC
1994-03-30,0.0,31.9,41.0,2.56,215.3,IMD_NORMALS_SYNTHETIC
1994-03-31,0.0,30.81,34.6,7.18,195.5,IMD_NORMALS_SYNTHETIC
1994-04-01,0.0,33.49,43.8,1.2,183.1,IMD_NORMALS_SYNTHETIC
1994-04-02,0.0,32.01,42.4,11.03,204.8,IMD_NORMALS_SYNTHETIC
1994-04-03,0.0,35.03,49.0,0.72,219.1,IMD_NORMALS_SYNTHETIC
1994-04-04,0.0,36.57,31.8,8.3,206.5,IMD_NORMALS_SYNTHETIC
1994-04-05,0.0,36.71,37.6,5.99,204.2,IMD_NORMALS_SYNTHETIC
1994-04-06,0.0,32.35,42.1,10.4,176.6,IMD_NORMALS_SYNTHETIC
1994-04-07,0.0,35.54,40.6,11.9,210.0,IMD_NORMALS_SYNTHETIC
1994-04-08,0.0,34.45,37.0,5.96,215.4,IMD_NORMALS_SYNTHETIC
1994-04-09,0.0,34.29,32.6,10.21,197.1,IMD_NORMALS_SYNTHETIC
1994-04-10,3.873,36.2,40.3,5.97,217.5,IMD_NORMALS_SYNTHETIC
1994-04-11,1.478,33.93,38.4,9.14,210.1,IMD_NORMALS_SYNTHETIC
1994-04-12,0.0,35.88,35.0,7.16,198.2,IMD_NORMALS_SYNTHETIC
1994-04-13,0.68,37.57,33.9,8.87,224.0,IMD_NORMALS_SYNTHETIC
1994-04-14,6.486,34.8,40.9,5.28,190.6,IMD_NORMALS_SYNTHETIC
1994-04-15,0.0,35.13,42.4,7.66,224.4,IMD_NORMALS_SYNTHETIC
1994-04-16,0.0,35.67,36.5,9.87,243.5,IMD_NORMALS_SYNTHETIC
1994-04-17,0.0,34.3,40.0,5.94,217.1,IMD_NORMALS_SYNTHETIC
1994-04-18,0.0,34.8,42.4,6.48,225.4,IMD_NORMALS_SYNTHETIC
1994-04-19,0.0,35.38,42.9,6.2,214.0,IMD_NORMALS_SYNTHETIC
1994-04-20,9.68,33.78,36.9,5.01,243.1,IMD_NORMALS_SYNTHETIC
1994-04-21,0.106,32.77,36.6,8.87,202.2,IMD_NORMALS_SYNTHETIC
1994-04-22,0.0,37.84,28.8,8.16,218.8,IMD_NORMALS_SYNTHETIC
1994-04-23,0.0,30.66,33.0,9.66,196.6,IMD_NORMALS_SYNTHETIC
1994-04-24,0.0,35.97,34.1,6.17,195.3,IMD_NORMALS_SYNTHETIC
1994-04-25,0.0,31.71,39.1,7.3,202.2,IMD_NORMALS_SYNTHETIC
1994-04-26,0.0,32.95,28.6,7.67,229.3,IMD_NORMALS_SYNTHETIC
1994-04-27,0.0,31.24,27.5,9.14,209.9,IMD_NORMALS_SYNTHETIC
1994-04-28,0.0,28.87,36.9,4.62,204.1,IMD_NORMALS_SYNTHETIC
1994-04-29,0.0,35.42,32.9,4.75,174.4,IMD_NORMALS_SYNTHETIC
1994-04-30,0.0,32.82,39.3,4.36,203.0,IMD_NORMALS_SYNTHETIC
1994-05-01,0.0,36.0,45.0,6.92,203.5,IMD_NORMALS_SYNTHETIC
1994-05-02,0.0,38.53,42.3,5.41,217.7,IMD_NORMALS_SYNTHETIC
1994-05-03,0.0,37.51,39.4,10.08,247.0,IMD_NORMALS_SYNTHETIC
1994-05-04,12.822,36.7,40.4,8.34,212.4,IMD_NORMALS_SYNTHETIC
1994-05-05,0.0,34.76,37.2,6.16,216.9,IMD_NORMALS_SYNTHETIC
1994-05-06,0.0,33.29,42.8,9.81,231.2,IMD_NORMALS_SYNTHETIC
1994-05-07,0.0,34.45,46.7,5.34,239.4,IMD_NORMALS_SYNTHETIC
1994-05-08,0.0,35.63,47.0,11.24,180.3,IMD_NORMALS_SYNTHETIC
1994-05-09,0.0,32.81,46.0,5.27,242.0,IMD_NORMALS_SYNTHETIC
1994-05-10,0.0,34.36,47.1,3.8,266.3,IMD_NORMALS_SYNTHETIC
1994-05-11,0.0,32.33,38.4,10.58,236.9,IMD_NORMALS_SYNTHETIC
1994-05-12,1.953,35.93,40.3,5.84,233.9,IMD_NORMALS_SYNTHETIC
1994-05-13,0.0,36.4,47.8,8.93,257.0,IMD_NORMALS_SYNTHETIC
1994-05-14,0.0,36.3,47.0,7.9,225.9,IMD_NORMALS_SYNTHETIC
1994-05-15,0.0,36.13,39.0,5.04,226.8,IMD_NORMALS_SYNTHETIC
1994-05-16,0.0,35.08,44.5,8.64,222.6,IMD_NORMALS_SYNTHETIC
1994-05-17,0.0,35.27,44.3,12.33,221.0,IMD_NORMALS_SYNTHETIC
1994-05-18,0.994,35.18,43.0,7.41,196.1,IMD_NORMALS_SYNTHETIC
1994-05-19,0.0,35.72,49.3,4.67,219.8,IMD_NORMALS_SYNTHETIC
1994-05-20,0.0,34.83,44.8,3.12,225.3,IMD_NORMALS_SYNTHETIC
1994-05-21,0.0,37.71,44.1,8.92,208.6,IMD_NORMALS_SYNTHETIC
1994-05-22,0.0,39.63,38.8,8.18,213.4,IMD_NORMALS_SYNTHETIC
1994-05-23,0.0,33.14,45.8,8.22,224.0,IMD_NORMALS_SYNTHETIC
1994-05-24,0.0,34.55,47.6,9.37,238.5,IMD_NORMALS_SYNTHETIC
1994-05-25,0.0,33.97,48.6,8.47,285.7,IMD_NORMALS_SYNTHETIC
1994-05-26,0.0,35.49,45.1,13.63,247.3,IMD_NORMALS_SYNTHETIC
1994-05-27,0.0,36.75,36.5,3.88,197.5,IMD_NORMALS_SYNTHETIC
1994-05-28,0.0,31.73,44.4,7.19,227.6,IMD_NORMALS_SYNTHETIC
1994-05-29,0.0,35.44,47.9,4.25,217.9,IMD_NORMALS_SYNTHETIC
1994-05-30,0.0,36.52,43.3,9.72,244.7,IMD_NORMALS_SYNTHETIC
1994-05-31,0.67,32.66,42.8,12.2,234.7,IMD_NORMALS_SYNTHETIC
1994-06-01,0.0,28.92,63.1,7.13,243.2,IMD_NORMALS_SYNTHETIC
1994-06-02,0.0,32.49,73.6,6.53,243.0,IMD_NORMALS_SYNTHETIC
1994-06-03,0.0,28.93,72.3,6.52,254.8,IMD_NORMALS_SYNTHETIC
1994-06-04,0.0,32.37,59.3,2.5,212.9,IMD_NORMALS_SYNTHETIC
1994-06-05,0.0,30.51,72.7,5.39,230.7,IMD_NORMALS_SYNTHETIC
1994-06-06,0.0,29.92,75.8,10.8,236.4,IMD_NORMALS_SYNTHETIC
1994-06-07,0.0,32.76,69.9,2.94,257.6,IMD_NORMALS_SYNTHETIC
1994-06-08,0.0,32.28,65.6,11.25,249.2,IMD_NORMALS_SYNTHETIC
1994-06-09,0.0,32.01,60.0,10.95,263.0,IMD_NORMALS_SYNTHETIC
1994-06-10,0.0,29.04,69.2,10.19,231.2,IMD_NORMALS_SYNTHETIC
1994-06-11,13.649,32.34,63.3,7.82,250.8,IMD_NORMALS_SYNTHETIC
1994-06-12,6.51,33.9,66.9,3.52,267.9,IMD_NORMALS_SYNTHETIC
1994-06-13,0.0,32.16,59.0,10.85,255.2,IMD_NORMALS_SYNTHETIC
1994-06-14,0.0,32.1,78.1,9.86,261.4,IMD_NORMALS_SYNTHETIC
1994-06-15,2.409,32.18,61.9,8.68,222.6,IMD_NORMALS_SYNTHETIC
1994-06-16,8.757,30.12,70.2,11.36,243.0,IMD_NORMALS_SYNTHETIC
1994-06-17,5.099,33.98,64.4,5.85,222.3,IMD_NORMALS_SYNTHETIC
1994-06-18,0.0,33.38,60.8,4.99,241.2,IMD_NORMALS_SYNTHETIC
1994-06-19,0.0,31.79,66.5,11.91,229.5,IMD_NORMALS_SYNTHETIC
1994-06-20,0.0,30.46,67.0,7.57,226.3,IMD_NORMALS_SYNTHETIC
1994-06-21,0.0,30.62,57.7,5.7,249.8,IMD_NORMALS_SYNTHETIC
1994-06-22,0.0,33.07,57.4,10.26,264.0,IMD_NORMALS_SYNTHETIC
1994-06-23,0.0,31.08,67.8,9.29,235.5,IMD_NORMALS_SYNTHETIC
1994-06-24,0.0,35.47,63.5,12.71,229.8,IMD_NORMALS_SYNTHETIC
1994-06-25,0.0,30.5,58.1,8.22,241.8,IMD_NORMALS_SYNTHETIC
1994-06-26,0.0,28.32,60.8,6.52,236.5,IMD_NORMALS_SYNTHETIC
1994-06-27,0.0,33.52,61.9,7.9,247.1,IMD_NORMALS_SYNTHETIC
1994-06-28,0.0,31.95,62.9,8.21,225.8,IMD_NORMALS_SYNTHETIC
1994-06-29,0.0,29.6,74.3,11.46,260.4,IMD_NORMALS_SYNTHETIC
1994-06-30,0.0,29.72,66.2,0.57,266.2,IMD_NORMALS_SYNTHETIC
1994-07-01,37.784,30.28,78.3,8.92,256.9,IMD_NORMALS_SYNTHETIC
1994-07-02,0.0,29.82,80.6,8.61,222.9,IMD_NORMALS_SYNTHETIC
1994-07-03,5.878,29.3,72.1,10.0,206.4,IMD_NORMALS_SYNTHETIC
1994-07-04,2.344,32.5,64.3,10.71,245.8,IMD_NORMALS_SYNTHETIC
1994-07-05,4.017,27.31,78.2,6.17,219.6,IMD_NORMALS_SYNTHETIC
1994-07-06,0.0,26.54,70.7,5.28,236.6,IMD_NORMALS_SYNTHETIC
1994-07-07,59.302,29.65,62.1,6.89,229.8,IMD_NORMALS_SYNTHETIC
1994-07-08,15.015,30.58,70.9,12.95,233.6,IMD_NORMALS_SYNTHETIC
1994-07-09,0.0,30.75,70.5,5.31,254.5,IMD_NORMALS_SYNTHETIC
1994-07-10,0.0,29.45,77.5,6.12,208.9,IMD_NORMALS_SYNTHETIC
1994-07-11,50.526,30.62,74.4,2.11,204.8,IMD_NORMALS_SYNTHETIC
1994-07-12,19.969,29.33,76.0,9.29,255.2,IMD_NORMALS_SYNTHETIC
1994-07-13,27.033,27.23,82.8,7.45,203.1,IMD_NORMALS_SYNTHETIC
1994-07-14,0.0,27.98,66.6,7.23,227.2,IMD_NORMALS_SYNTHETIC
1994-07-15,0.0,29.88,75.5,14.27,240.9,IMD_NORMALS_SYNTHETIC
1994-07-16,0.0,29.66,73.3,8.43,230.7,IMD_NORMALS_SYNTHETIC
1994-07-17,8.628,25.8,82.4,9.31,216.7,IMD_NORMALS_SYNTHETIC
1994-07-18,0.0,29.09,70.8,11.82,233.9,IMD_NORMALS_SYNTHETIC
1994-07-19,0.0,30.07,71.5,8.15,246.8,IMD_NORMALS_SYNTHETIC
1994-07-20,0.0,33.15,71.8,7.47,259.8,IMD_NORMALS_SYNTHETIC
1994-07-21,0.438,29.72,69.0,6.2,230.3,IMD_NORMALS_SYNTHETIC
1994-07-22,16.148,28.31,77.9,5.0,222.8,IMD_NORMALS_SYNTHETIC
1994-07-23,0.0,28.99,79.4,3.32,213.3,IMD_NORMALS_SYNTHETIC
1994-07-24,0.0,27.17,77.3,8.46,228.7,IMD_NORMALS_SYNTHETIC
1994-07-25,0.0,30.32,69.3,10.05,226.5,IMD_NORMALS_SYNTHETIC
1994-07-26,0.0,27.22,72.1,11.75,186.8,IMD_NORMALS_SYNTHETIC
1994-07-27,0.0,27.78,75.5,3.78,231.0,IMD_NORMALS_SYNTHETIC
1994-07-28,0.0,30.47,66.3,6.84,207.9,IMD_NORMALS_SYNTHETIC
1994-07-29,0.0,28.4,83.4,7.73,219.3,IMD_NORMALS_SYNTHETIC
1994-07-30,0.0,28.67,67.3,5.0,255.1,IMD_NORMALS_SYNTHETIC
1994-07-31,10.245,27.53,74.2,11.61,226.0,IMD_NORMALS_SYNTHETIC
1994-08-01,0.0,27.89,75.7,4.43,216.7,IMD_NORMALS_SYNTHETIC
1994-08-02,0.0,30.92,73.4,8.9,199.9,IMD_NORMALS_SYNTHETIC
1994-08-03,0.0,29.78,72.5,8.88,211.5,IMD_NORMALS_SYNTHETIC
1994-08-04,0.0,27.53,72.0,2.55,226.6,IMD_NORMALS_SYNTHETIC
1994-08-05,26.801,30.18,79.4,13.69,195.4,IMD_NORMALS_SYNTHETIC
1994-08-06,27.146,27.39,75.0,6.26,196.1,IMD_NORMALS_SYNTHETIC
1994-08-07,0.0,28.81,74.4,15.78,264.7,IMD_NORMALS_SYNTHETIC
1994-08-08,0.0,29.63,65.5,13.92,203.6,IMD_NORMALS_SYNTHETIC
1994-08-09,0.0,28.01,80.6,9.16,224.6,IMD_NORMALS_SYNTHETIC
1994-08-10,0.0,26.71,73.3,8.23,217.8,IMD_NORMALS_SYNTHETIC
1994-08-11,0.0,27.02,80.0,9.46,195.0,IMD_NORMALS_SYNTHETIC
1994-08-12,0.0,29.43,71.6,6.81,201.6,IMD_NORMALS_SYNTHETIC
1994-08-13,2.246,29.31,73.1,10.02,218.7,IMD_NORMALS_SYNTHETIC
1994-08-14,11.783,24.43,74.5,8.46,182.9,IMD_NORMALS_SYNTHETIC
1994-08-15,11.855,30.02,77.9,9.61,187.4,IMD_NORMALS_SYNTHETIC
1994-08-16,0.0,30.4,81.6,7.96,223.8,IMD_NORMALS_SYNTHETIC
1994-08-17,0.0,24.76,80.8,5.84,208.8,IMD_NORMALS_SYNTHETIC
1994-08-18,2.485,32.67,79.4,10.51,185.1,IMD_NORMALS_SYNTHETIC
1994-08-19,0.0,26.45,72.2,10.07,221.8,IMD_NORMALS_SYNTHETIC
1994-08-20,21.128,28.61,73.4,6.18,225.0,IMD_NORMALS_SYNTHETIC
1994-08-21,13.444,29.67,71.8,2.94,254.3,IMD_NORMALS_SYNTHETIC
1994-08-22,4.323,28.81,74.1,7.23,223.9,IMD_NORMALS_SYNTHETIC
1994-08-23,0.0,30.05,70.9,13.36,202.8,IMD_NORMALS_SYNTHETIC
1994-08-24,0.0,29.57,76.4,9.89,231.3,IMD_NORMALS_SYNTHETIC
1994-08-25,0.0,31.83,76.1,6.77,197.4,IMD_NORMALS_SYNTHETIC
1994-08-26,0.0,26.69,69.5,4.9,228.3,IMD_NORMALS_SYNTHETIC
1994-08-27,0.0,27.19,76.5,5.95,235.7,IMD_NORMALS_SYNTHETIC
1994-08-28,0.0,26.37,70.9,8.7,188.8,IMD_NORMALS_SYNTHETIC
1994-08-29,10.928,29.65,71.9,9.86,207.0,IMD_NORMALS_SYNTHETIC
1994-08-30,10.904,30.08,69.1,6.3,228.9,IMD_NORMALS_SYNTHETIC
1994-08-31,0.0,28.48,68.9,6.58,205.3,IMD_NORMALS_SYNTHETIC
1994-09-01,3.346,30.82,75.0,8.3,214.4,IMD_NORMALS_SYNTHETIC
1994-09-02,3.984,29.69,74.4,9.61,212.3,IMD_NORMALS_SYNTHETIC
1994-09-03,0.0,30.15,72.5,2.31,211.6,IMD_NORMALS_SYNTHETIC
1994-09-04,11.283,27.65,73.9,11.83,169.3,IMD_NORMALS_SYNTHETIC
1994-09-05,0.0,29.2,70.5,7.16,238.4,IMD_NORMALS_SYNTHETIC
1994-09-06,0.0,28.22,75.2,9.92,214.6,IMD_NORMALS_SYNTHETIC
1994-09-07,0.0,29.85,66.2,5.05,193.9,IMD_NORMALS_SYNTHETIC
1994-09-08,0.0,29.35,73.8,6.82,196.9,IMD_NORMALS_SYNTHETIC
1994-09-09,0.0,28.94,73.5,6.72,218.3,IMD_NORMALS_SYNTHETIC
1994-09-10,0.0,26.46,83.4,9.26,189.6,IMD_NORMALS_SYNTHETIC
1994-09-11,10.127,29.87,65.2,8.86,229.8,IMD_NORMALS_SYNTHETIC
1994-09-12,0.0,27.31,75.5,6.35,186.9,IMD_NORMALS_SYNTHETIC
1994-09-13,0.0,29.25,68.7,3.96,148.0,IMD_NORMALS_SYNTHETIC
1994-09-14,0.0,29.26,71.7,7.16,198.9,IMD_NORMALS_SYNTHETIC
1994-09-15,0.0,30.89,77.6,9.87,173.1,IMD_NORMALS_SYNTHETIC
1994-09-16,0.0,32.13,70.6,2.32,164.3,IMD_NORMALS_SYNTHETIC
1994-09-17,0.0,28.85,68.1,4.48,227.1,IMD_NORMALS_SYNTHETIC
1994-09-18,0.0,27.19,72.6,8.91,182.1,IMD_NORMALS_SYNTHETIC
1994-09-19,0.0,24.82,72.2,12.94,192.9,IMD_NORMALS_SYNTHETIC
1994-09-20,0.0,27.1,67.6,8.48,230.6,IMD_NORMALS_SYNTHETIC
1994-09-21,0.0,27.68,70.3,6.61,240.9,IMD_NORMALS_SYNTHETIC
1994-09-22,0.0,26.91,67.4,10.18,177.9,IMD_NORMALS_SYNTHETIC
1994-09-23,0.0,27.56,77.6,8.84,193.1,IMD_NORMALS_SYNTHETIC
1994-09-24,0.0,28.54,66.1,9.54,220.6,IMD_NORMALS_SYNTHETIC
1994-09-25,0.0,26.07,64.5,10.42,214.8,IMD_NORMALS_SYNTHETIC
1994-09-26,0.0,29.27,68.8,6.75,203.1,IMD_NORMALS_SYNTHETIC
1994-09-27,0.0,31.15,75.6,10.51,213.3,IMD_NORMALS_SYNTHETIC
1994-09-28,0.0,29.29,72.7,9.4,175.0,IMD_NORMALS_SYNTHETIC
1994-09-29,0.0,27.01,76.0,8.18,166.5,IMD_NORMALS_SYNTHETIC
1994-09-30,7.147,30.56,78.6,9.1,188.5,IMD_NORMALS_SYNTHETIC
1994-10-01,21.164,32.23,67.8,15.65,164.1,IMD_NORMALS_SYNTHETIC
1994-10-02,0.0,26.9,70.4,10.14,168.0,IMD_NORMALS_SYNTHETIC
1994-10-03,0.0,23.65,66.6,10.81,186.8,IMD_NORMALS_SYNTHETIC
1994-10-04,0.0,29.35,69.7,9.68,176.6,IMD_NORMALS_SYNTHETIC
1994-10-05,0.0,26.44,58.6,6.18,185.5,IMD_NORMALS_SYNTHETIC
1994-10-06,0.0,27.79,62.9,9.99,177.4,IMD_NORMALS_SYNTHETIC
1994-10-07,0.0,29.77,67.4,5.61,193.3,IMD_NORMALS_SYNTHETIC
1994-10-08,0.0,29.51,71.0,7.45,153.4,IMD_NORMALS_SYNTHETIC
1994-10-09,0.0,26.82,69.9,8.06,167.4,IMD_NORMALS_SYNTHETIC
1994-10-10,0.0,29.96,69.5,6.53,152.4,IMD_NORMALS_SYNTHETIC
1994-10-11,0.0,25.9,66.1,2.24,167.2,IMD_NORMALS_SYNTHETIC
1994-10-12,0.0,27.29,65.0,6.75,178.8,IMD_NORMALS_SYNTHETIC
1994-10-13,0.0,28.04,72.7,12.46,188.8,IMD_NORMALS_SYNTHETIC
1994-10-14,0.0,28.3,63.4,5.62,154.7,IMD_NORMALS_SYNTHETIC
1994-10-15,28.095,31.1,63.9,9.2,185.2,IMD_NORMALS_SYNTHETIC
1994-10-16,5.714,28.19,65.7,8.68,201.5,IMD_NORMALS_SYNTHETIC
1994-10-17,0.0,24.49,61.4,10.84,145.7,IMD_NORMALS_SYNTHETIC
1994-10-18,0.0,29.18,69.0,6.24,206.9,IMD_NORMALS_SYNTHETIC
1994-10-19,18.154,27.33,74.2,11.06,201.1,IMD_NORMALS_SYNTHETIC
1994-10-20,0.0,27.25,63.2,7.73,162.6,IMD_NORMALS_SYNTHETIC
1994-10-21,0.0,28.47,66.6,11.0,166.9,IMD_NORMALS_SYNTHETIC
1994-10-22,0.0,26.79,65.1,11.46,177.8,IMD_NORMALS_SYNTHETIC
1994-10-23,24.826,27.38,70.9,2.81,176.5,IMD_NORMALS_SYNTHETIC
1994-10-24,9.189,27.49,64.2,8.59,163.6,IMD_NORMALS_SYNTHETIC
1994-10-25,0.0,25.08,64.5,10.44,184.1,IMD_NORMALS_SYNTHETIC
1994-10-26,0.0,27.65,60.8,15.73,191.5,IMD_NORMALS_SYNTHETIC
1994-10-27,2.614,30.97,64.7,10.29,156.6,IMD_NORMALS_SYNTHETIC
1994-10-28,0.0,25.11,62.9,5.61,220.0,IMD_NORMALS_SYNTHETIC
1994-10-29,0.0,27.64,60.9,8.96,186.9,IMD_NORMALS_SYNTHETIC
1994-10-30,0.0,26.27,58.5,9.64,184.3,IMD_NORMALS_SYNTHETIC
1994-10-31,0.0,27.94,61.4,11.48,215.6,IMD_NORMALS_SYNTHETIC
1994-11-01,0.0,26.91,61.6,10.08,181.2,IMD_NORMALS_SYNTHETIC
1994-11-02,0.0,26.93,55.6,3.34,189.7,IMD_NORMALS_SYNTHETIC
1994-11-03,0.0,26.59,62.5,5.86,152.0,IMD_NORMALS_SYNTHETIC
1994-11-04,0.0,27.1,56.4,8.96,169.7,IMD_NORMALS_SYNTHETIC
1994-11-05,0.0,24.03,63.1,7.05,143.0,IMD_NORMALS_SYNTHETIC
1994-11-06,0.0,23.63,55.3,9.06,185.2,IMD_NORMALS_SYNTHETIC
1994-11-07,0.0,25.06,51.6,2.54,196.5,IMD_NORMALS_SYNTHETIC
1994-11-08,0.0,25.05,63.6,6.73,159.5,IMD_NORMALS_SYNTHETIC
1994-11-09,0.0,24.29,67.6,7.24,164.4,IMD_NORMALS_SYNTHETIC
1994-11-10,23.795,27.61,57.0,6.08,186.7,IMD_NORMALS_SYNTHETIC
1994-11-11,0.0,25.12,62.6,8.34,171.6,IMD_NORMALS_SYNTHETIC
1994-11-12,0.0,29.55,57.4,10.02,152.9,IMD_NORMALS_SYNTHETIC
1994-11-13,0.0,25.79,59.8,11.47,169.1,IMD_NORMALS_SYNTHETIC
1994-11-14,0.0,26.9,54.9,9.89,170.6,IMD_NORMALS_SYNTHETIC
1994-11-15,0.0,23.46,58.0,7.68,134.9,IMD_NORMALS_SYNTHETIC
1994-11-16,0.0,28.08,58.4,7.86,159.5,IMD_NORMALS_SYNTHETIC
1994-11-17,0.0,23.91,55.3,6.65,152.2,IMD_NORMALS_SYNTHETIC
1994-11-18,4.13,25.26,52.6,9.45,174.7,IMD_NORMALS_SYNTHETIC
1994-11-19,0.0,24.86,53.1,3.74,178.7,IMD_NORMALS_SYNTHETIC
1994-11-20,0.0,24.48,58.4,6.73,163.5,IMD_NORMALS_SYNTHETIC
1994-11-21,0.0,24.84,52.6,9.88,172.2,IMD_NORMALS_SYNTHETIC
1994-11-22,0.0,26.66,57.6,7.91,142.4,IMD_NORMALS_SYNTHETIC
1994-11-23,0.0,26.16,56.5,7.5,154.3,IMD_NORMALS_SYNTHETIC
1994-11-24,0.0,23.25,64.0,6.96,173.5,IMD_NORMALS_SYNTHETIC
1994-11-25,0.0,26.44,56.7,8.0,133.2,IMD_NORMALS_SYNTHETIC
1994-11-26,0.0,24.77,61.2,3.22,173.5,IMD_NORMALS_SYNTHETIC
1994-11-27,0.0,27.18,66.5,12.68,155.1,IMD_NORMALS_SYNTHETIC
1994-11-28,0.0,27.41,54.2,8.99,203.3,IMD_NORMALS_SYNTHETIC
1994-11-29,0.0,24.97,64.7,14.72,185.1,IMD_NORMALS_SYNTHETIC
1994-11-30,0.0,27.81,53.5,7.08,203.2,IMD_NORMALS_SYNTHETIC
1994-12-01,0.0,23.96,54.6,8.87,156.7,IMD_NORMALS_SYNTHETIC
1994-12-02,0.0,25.49,56.5,2.28,139.4,IMD_NORMALS_SYNTHETIC
1994-12-03,0.0,27.34,55.7,7.91,134.8,IMD_NORMALS_SYNTHETIC
1994-12-04,0.0,25.1,57.9,7.79,114.8,IMD_NORMALS_SYNTHETIC
1994-12-05,0.0,23.16,57.2,5.7,156.5,IMD_NORMALS_SYNTHETIC
1994-12-06,0.0,23.33,51.7,5.34,131.1,IMD_NORMALS_SYNTHETIC
1994-12-07,0.0,25.11,49.2,8.64,122.5,IMD_NORMALS_SYNTHETIC
1994-12-08,0.0,22.62,49.8,7.04,164.9,IMD_NORMALS_SYNTHETIC
1994-12-09,0.0,23.16,51.3,7.8,163.2,IMD_NORMALS_SYNTHETIC
1994-12-10,0.0,25.71,60.6,8.26,124.3,IMD_NORMALS_SYNTHETIC
1994-12-11,0.0,21.75,56.3,9.23,125.7,IMD_NORMALS_SYNTHETIC
1994-12-12,0.0,25.23,59.9,12.49,199.5,IMD_NORMALS_SYNTHETIC
1994-12-13,0.0,24.9,62.4,7.79,131.1,IMD_NORMALS_SYNTHETIC
1994-12-14,0.0,24.82,45.7,11.95,151.6,IMD_NORMALS_SYNTHETIC
1994-12-15,0.0,22.2,54.9,8.06,147.8,IMD_NORMALS_SYNTHETIC
1994-12-16,0.0,25.06,55.2,10.26,149.8,IMD_NORMALS_SYNTHETIC
1994-12-17,5.035,27.24,50.6,4.49,139.0,IMD_NORMALS_SYNTHETIC
1994-12-18,13.09,26.29,54.4,5.46,163.6,IMD_NORMALS_SYNTHETIC
1994-12-19,0.0,21.22,53.0,4.81,133.6,IMD_NORMALS_SYNTHETIC
1994-12-20,0.0,25.31,58.4,7.0,147.5,IMD_NORMALS_SYNTHETIC
1994-12-21,0.0,23.57,58.6,8.08,158.1,IMD_NORMALS_SYNTHETIC
1994-12-22,0.0,23.13,61.1,10.46,157.5,IMD_NORMALS_SYNTHETIC
1994-12-23,0.0,22.95,47.4,8.53,145.5,IMD_NORMALS_SYNTHETIC
1994-12-24,0.0,23.37,59.0,9.6,137.3,IMD_NORMALS_SYNTHETIC
1994-12-25,1.411,24.94,54.8,8.74,148.5,IMD_NORMALS_SYNTHETIC
1994-12-26,0.0,25.47,56.7,4.89,141.0,IMD_NORMALS_SYNTHETIC
1994-12-27,0.0,21.47,57.1,6.42,145.3,IMD_NORMALS_SYNTHETIC
1994-12-28,1.534,23.09,49.1,6.14,181.8,IMD_NORMALS_SYNTHETIC
1994-12-29,0.0,26.3,49.1,6.87,191.4,IMD_NORMALS_SYNTHETIC
1994-12-30,0.0,23.34,51.9,7.84,155.6,IMD_NORMALS_SYNTHETIC
1994-12-31,0.0,24.64,62.4,10.65,152.8,IMD_NORMALS_SYNTHETIC
1995-01-01,0.0,22.61,53.5,5.46,173.9,IMD_NORMALS_SYNTHETIC
1995-01-02,0.0,23.51,52.3,6.52,147.3,IMD_NORMALS_SYNTHETIC
1995-01-03,0.0,24.83,54.4,6.94,201.0,IMD_NORMALS_SYNTHETIC
1995-01-04,0.0,24.54,51.0,14.22,152.1,IMD_NORMALS_SYNTHETIC
1995-01-05,0.0,23.67,53.6,5.02,157.9,IMD_NORMALS_SYNTHETIC
1995-01-06,0.0,22.28,60.1,10.84,163.6,IMD_NORMALS_SYNTHETIC
1995-01-07,0.0,23.75,45.2,4.28,151.4,IMD_NORMALS_SYNTHETIC
1995-01-08,0.0,23.82,50.9,3.65,188.4,IMD_NORMALS_SYNTHETIC
1995-01-09,0.0,29.26,58.6,10.78,129.0,IMD_NORMALS_SYNTHETIC
1995-01-10,0.0,26.86,59.9,4.29,153.2,IMD_NORMALS_SYNTHETIC
1995-01-11,0.0,27.92,60.9,8.55,185.6,IMD_NORMALS_SYNTHETIC
1995-01-12,0.0,23.51,52.3,4.03,213.9,IMD_NORMALS_SYNTHETIC
1995-01-13,0.0,27.77,58.2,7.01,186.5,IMD_NORMALS_SYNTHETIC
1995-01-14,0.0,24.95,51.3,10.33,139.8,IMD_NORMALS_SYNTHETIC
1995-01-15,0.0,27.25,48.2,7.26,144.2,IMD_NORMALS_SYNTHETIC
1995-01-16,0.0,24.32,48.3,9.08,155.6,IMD_NORMALS_SYNTHETIC
1995-01-17,0.0,20.58,50.8,6.18,175.3,IMD_NORMALS_SYNTHETIC
1995-01-18,0.0,25.94,57.4,11.23,153.4,IMD_NORMALS_SYNTHETIC
1995-01-19,0.0,24.34,58.4,4.61,161.0,IMD_NORMALS_SYNTHETIC
1995-01-20,0.0,25.28,46.3,11.14,162.6,IMD_NORMALS_SYNTHETIC
1995-01-21,0.0,24.36,48.1,10.97,154.0,IMD_NORMALS_SYNTHETIC
1995-01-22,0.0,24.15,47.4,6.9,190.0,IMD_NORMALS_SYNTHETIC
1995-01-23,0.0,23.72,50.2,10.6,125.6,IMD_NORMALS_SYNTHETIC
1995-01-24,0.0,23.58,50.0,10.97,182.2,IMD_NORMALS_SYNTHETIC
1995-01-25,0.0,22.83,45.2,4.64,130.4,IMD_NORMALS_SYNTHETIC
1995-01-26,0.0,23.69,48.3,6.64,201.9,IMD_NORMALS_SYNTHETIC
1995-01-27,2.854,22.66,49.1,12.11,128.9,IMD_NORMALS_SYNTHETIC
1995-01-28,0.0,27.27,54.5,9.67,161.2,IMD_NORMALS_SYNTHETIC
1995-01-29,0.0,23.49,61.7,5.92,172.9,IMD_NORMALS_SYNTHETIC
1995-01-30,0.0,26.01,50.0,3.68,160.8,IMD_NORMALS_SYNTHETIC
1995-01-31,0.0,23.37,44.7,8.23,180.2,IMD_NORMALS_SYNTHETIC
1995-02-01,0.0,29.45,41.3,8.7,203.5,IMD_NORMALS_SYNTHETIC
1995-02-02,0.0,27.36,42.1,6.6,179.2,IMD_NORMALS_SYNTHETIC
1995-02-03,2.704,24.31,50.3,7.79,159.3,IMD_NORMALS_SYNTHETIC
1995-02-04,0.0,25.94,40.4,9.22,172.6,IMD_NORMALS_SYNTHETIC
1995-02-05,0.0,28.1,44.1,2.61,165.8,IMD_NORMALS_SYNTHETIC
1995-02-06,0.0,29.63,40.6,9.37,181.2,IMD_NORMALS_SYNTHETIC
1995-02-07,0.0,29.34,35.8,10.88,212.5,IMD_NORMALS_SYNTHETIC
1995-02-08,0.0,24.54,40.9,4.69,223.7,IMD_NORMALS_SYNTHETIC
1995-02-09,0.0,29.14,39.7,10.49,170.9,IMD_NORMALS_SYNTHETIC
1995-02-10,0.0,26.39,45.6,3.95,172.8,IMD_NORMALS_SYNTHETIC
1995-02-11,0.0,28.99,48.8,6.93,186.4,IMD_NORMALS_SYNTHETIC
1995-02-12,0.0,29.86,51.6,6.59,170.2,IMD_NORMALS_SYNTHETIC
1995-02-13,0.0,26.65,48.1,9.88,234.2,IMD_NORMALS_SYNTHETIC
1995-02-14,0.0,26.6,52.2,6.21,129.8,IMD_NORMALS_SYNTHETIC
1995-02-15,16.229,25.7,46.1,10.15,157.2,IMD_NORMALS_SYNTHETIC
1995-02-16,0.0,26.6,50.5,8.32,216.6,IMD_NORMALS_SYNTHETIC
1995-02-17,0.0,29.36,47.5,5.76,166.0,IMD_NORMALS_SYNTHETIC
1995-02-18,0.0,24.74,45.5,11.16,164.2,IMD_NORMALS_SYNTHETIC
1995-02-19,0.0,28.71,42.3,8.89,161.7,IMD_NORMALS_SYNTHETIC
1995-02-20,0.0,27.17,48.2,0.29,201.4,IMD_NORMALS_SYNTHETIC
1995-02-21,0.0,27.45,38.6,9.63,127.1,IMD_NORMALS_SYNTHETIC
1995-02-22,0.0,23.64,46.2,8.77,185.7,IMD_NORMALS_SYNTHETIC
1995-02-23,0.0,27.21,45.2,7.03,159.3,IMD_NORMALS_SYNTHETIC
1995-02-24,0.0,24.99,51.5,7.78,152.8,IMD_NORMALS_SYNTHETIC
1995-02-25,0.0,24.35,35.4,10.93,195.6,IMD_NORMALS_SYNTHETIC
1995-02-26,0.0,24.44,38.5,11.24,141.4,IMD_NORMALS_SYNTHETIC
1995-02-27,0.0,29.56,45.1,1.61,144.7,IMD_NORMALS_SYNTHETIC
1995-02-28,0.0,23.4,44.6,12.63,164.7,IMD_NORMALS_SYNTHETIC
1995-03-01,0.0,29.11,35.4,11.58,170.5,IMD_NORMALS_SYNTHETIC
1995-03-02,0.0,36.59,50.3,9.64,196.8,IMD_NORMALS_SYNTHETIC
1995-03-03,0.0,30.53,34.0,8.23,200.0,IMD_NORMALS_SYNTHETIC
1995-03-04,0.0,28.23,41.7,11.31,227.1,IMD_NORMALS_SYNTHETIC
1995-03-05,0.0,30.53,42.2,4.86,206.8,IMD_NORMALS_SYNTHETIC
1995-03-06,0.0,29.33,34.3,6.28,202.8,IMD_NORMALS_SYNTHETIC
1995-03-07,0.0,32.42,46.3,11.84,213.5,IMD_NORMALS_SYNTHETIC
1995-03-08,4.281,30.21,37.6,4.27,183.4,IMD_NORMALS_SYNTHETIC
1995-03-09,0.0,30.99,41.8,12.93,228.7,IMD_NORMALS_SYNTHETIC
1995-03-10,0.0,29.81,37.8,9.24,199.2,IMD_NORMALS_SYNTHETIC
1995-03-11,0.0,30.33,31.1,1.5,193.1,IMD_NORMALS_SYNTHETIC
1995-03-12,0.0,32.51,36.4,8.23,178.7,IMD_NORMALS_SYNTHETIC
1995-03-13,0.0,29.31,31.4,8.71,196.0,IMD_NORMALS_SYNTHETIC
1995-03-14,0.0,36.06,50.1,11.97,168.7,IMD_NORMALS_SYNTHETIC
1995-03-15,0.0,30.97,39.4,9.03,199.8,IMD_NORMALS_SYNTHETIC
1995-03-16,0.0,27.02,37.7,11.08,175.1,IMD_NORMALS_SYNTHETIC
1995-03-17,0.0,32.1,43.2,8.89,181.5,IMD_NORMALS_SYNTHETIC
1995-03-18,0.0,29.38,38.9,3.52,201.6,IMD_NORMALS_SYNTHETIC
1995-03-19,0.0,30.21,36.6,11.96,188.5,IMD_NORMALS_SYNTHETIC
1995-03-20,0.0,32.17,38.0,9.48,217.2,IMD_NORMALS_SYNTHETIC
1995-03-21,0.0,34.2,44.6,5.85,192.3,IMD_NORMALS_SYNTHETIC
1995-03-22,0.0,28.68,39.0,8.21,170.5,IMD_NORMALS_SYNTHETIC
1995-03-23,0.0,30.7,38.0,6.51,196.8,IMD_NORMALS_SYNTHETIC
1995-03-24,0.0,32.78,34.0,3.58,180.5,IMD_NORMALS_SYNTHETIC
1995-03-25,0.0,35.27,40.9,8.55,183.0,IMD_NORMALS_SYNTHETIC
1995-03-26,0.0,33.98,30.6,10.04,206.7,IMD_NORMALS_SYNTHETIC
1995-03-27,0.0,31.6,35.7,12.58,180.9,IMD_NORMALS_SYNTHETIC
1995-03-28,0.0,32.18,43.7,8.46,198.7,IMD_NORMALS_SYNTHETIC
1995-03-29,0.0,29.24,36.1,13.43,190.8,IMD_NORMALS_SYNTHETIC
1995-03-30,0.0,33.29,36.0,6.89,182.6,IMD_NORMALS_SYNTHETIC
1995-03-31,0.0,30.75,33.0,6.74,176.9,IMD_NORMALS_SYNTHETIC
1995-04-01,0.0,36.23,28.2,11.06,216.8,IMD_NORMALS_SYNTHETIC
1995-04-02,0.0,34.85,32.0,9.83,231.3,IMD_NORMALS_SYNTHETIC
1995-04-03,0.0,34.06,38.1,2.5,233.0,IMD_NORMALS_SYNTHETIC
1995-04-04,0.0,36.01,30.0,7.18,172.9,IMD_NORMALS_SYNTHETIC
1995-04-05,0.0,35.75,32.7,3.64,203.2,IMD_NORMALS_SYNTHETIC
1995-04-06,11.748,33.99,37.1,8.24,256.9,IMD_NORMALS_SYNTHETIC
1995-04-07,0.0,32.91,38.5,6.8,266.0,IMD_NORMALS_SYNTHETIC
1995-04-08,0.0,33.51,40.3,8.23,177.3,IMD_NORMALS_SYNTHETIC
1995-04-09,0.0,33.7,25.4,4.97,180.9,IMD_NORMALS_SYNTHETIC
1995-04-10,0.0,33.43,33.5,0.67,212.9,IMD_NORMALS_SYNTHETIC
1995-04-11,0.0,33.46,34.0,9.43,174.4,IMD_NORMALS_SYNTHETIC
1995-04-12,0.0,34.08,37.5,6.26,250.2,IMD_NORMALS_SYNTHETIC
1995-04-13,40.826,37.46,30.9,7.75,257.7,IMD_NORMALS_SYNTHETIC
1995-04-14,0.0,37.41,34.1,4.08,198.3,IMD_NORMALS_SYNTHETIC
1995-04-15,0.0,38.23,40.0,10.77,219.9,IMD_NORMALS_SYNTHETIC
1995-04-16,0.0,34.8,39.4,5.42,202.2,IMD_NORMALS_SYNTHETIC
1995-04-17,0.0,36.22,37.6,9.96,246.2,IMD_NORMALS_SYNTHETIC
1995-04-18,0.0,33.16,37.9,8.62,208.3,IMD_NORMALS_SYNTHETIC
1995-04-19,0.0,32.75,23.3,3.67,222.0,IMD_NORMALS_SYNTHETIC
1995-04-20,0.0,34.66,35.2,13.68,181.3,IMD_NORMALS_SYNTHETIC
1995-04-21,0.519,33.96,32.8,13.73,203.1,IMD_NORMALS_SYNTHETIC
1995-04-22,0.0,34.85,38.3,9.51,236.8,IMD_NORMALS_SYNTHETIC
1995-04-23,0.0,34.75,28.2,5.87,215.4,IMD_NORMALS_SYNTHETIC
1995-04-24,0.0,35.78,41.1,9.52,211.2,IMD_NORMALS_SYNTHETIC
1995-04-25,0.0,31.78,31.2,6.31,179.5,IMD_NORMALS_SYNTHETIC
1995-04-26,0.0,34.52,38.8,2.94,186.0,IMD_NORMALS_SYNTHETIC
1995-04-27,0.0,33.98,37.8,14.26,190.1,IMD_NORMALS_SYNTHETIC
1995-04-28,0.0,31.74,42.2,12.92,257.1,IMD_NORMALS_SYNTHETIC
1995-04-29,7.21,32.27,36.4,3.56,163.8,IMD_NORMALS_SYNTHETIC
1995-04-30,0.0,34.35,36.4,10.88,210.7,IMD_NORMALS_SYNTHETIC
1995-05-01,0.0,37.84,42.8,10.78,233.2,IMD_NORMALS_SYNTHETIC
1995-05-02,0.0,36.59,39.1,6.43,227.2,IMD_NORMALS_SYNTHETIC
1995-05-03,0.0,34.86,43.1,10.1,234.5,IMD_NORMALS_SYNTHETIC
1995-05-04,0.0,36.73,37.6,3.75,227.4,IMD_NORMALS_SYNTHETIC
1995-05-05,0.0,33.84,39.6,9.49,148.9,IMD_NORMALS_SYNTHETIC
1995-05-06,0.0,37.79,46.4,8.98,196.7,IMD_NORMALS_SYNTHETIC
1995-05-07,0.0,40.03,38.4,11.11,232.9,IMD_NORMALS_SYNTHETIC
1995-05-08,0.0,36.8,38.8,11.41,227.0,IMD_NORMALS_SYNTHETIC
1995-05-09,0.0,34.94,47.5,9.72,241.9,IMD_NORMALS_SYNTHETIC
1995-05-10,0.0,34.24,48.2,8.34,231.8,IMD_NORMALS_SYNTHETIC
1995-05-11,0.0,30.07,44.2,6.55,234.3,IMD_NORMALS_SYNTHETIC
1995-05-12,0.0,34.78,46.0,10.43,225.5,IMD_NORMALS_SYNTHETIC
1995-05-13,0.0,32.72,44.9,10.25,240.3,IMD_NORMALS_SYNTHETIC
1995-05-14,0.0,37.06,38.0,11.8,205.8,IMD_NORMALS_SYNTHETIC
1995-05-15,0.0,33.98,42.7,13.97,235.0,IMD_NORMALS_SYNTHETIC
1995-05-16,0.0,38.38,40.7,11.6,222.0,IMD_NORMALS_SYNTHETIC
1995-05-17,0.0,36.21,50.1,9.23,226.7,IMD_NORMALS_SYNTHETIC
1995-05-18,0.0,35.66,45.4,8.59,232.2,IMD_NORMALS_SYNTHETIC
1995-05-19,0.0,38.2,49.6,12.22,215.3,IMD_NORMALS_SYNTHETIC
1995-05-20,0.0,32.76,37.0,9.92,271.3,IMD_NORMALS_SYNTHETIC
1995-05-21,0.0,36.27,44.7,6.35,225.5,IMD_NORMALS_SYNTHETIC
1995-05-22,0.0,35.7,38.1,6.62,252.5,IMD_NORMALS_SYNTHETIC
1995-05-23,0.0,35.91,37.7,9.87,231.4,IMD_NORMALS_SYNTHETIC
1995-05-24,0.0,37.16,44.1,10.01,220.9,IMD_NORMALS_SYNTHETIC
1995-05-25,0.0,36.18,44.7,1.68,240.1,IMD_NORMALS_SYNTHETIC
1995-05-26,0.0,36.66,40.1,9.97,196.5,IMD_NORMALS_SYNTHETIC
1995-05-27,0.0,32.27,32.5,12.3,198.2,IMD_NORMALS_SYNTHETIC
1995-05-28,0.0,34.17,52.0,3.53,244.6,IMD_NORMALS_SYNTHETIC
1995-05-29,0.0,35.97,51.0,6.3,226.3,IMD_NORMALS_SYNTHETIC
1995-05-30,0.0,34.87,46.9,4.96,210.2,IMD_NORMALS_SYNTHETIC
1995-05-31,0.0,35.75,47.8,11.72,209.2,IMD_NORMALS_SYNTHETIC
1995-06-01,0.0,32.93,67.6,9.8,235.6,IMD_NORMALS_SYNTHETIC
1995-06-02,0.0,31.43,55.3,7.01,245.1,IMD_NORMALS_SYNTHETIC
1995-06-03,0.0,32.48,59.9,9.16,218.4,IMD_NORMALS_SYNTHETIC
1995-06-04,0.0,32.38,64.7,12.85,275.2,IMD_NORMALS_SYNTHETIC
1995-06-05,0.0,30.82,57.3,5.75,227.6,IMD_NORMALS_SYNTHETIC
1995-06-06,0.0,31.33,69.4,6.02,236.6,IMD_NORMALS_SYNTHETIC
1995-06-07,0.0,29.4,58.5,7.75,229.4,IMD_NORMALS_SYNTHETIC
1995-06-08,0.0,33.08,66.1,10.41,211.6,IMD_NORMALS_SYNTHETIC
1995-06-09,3.837,30.59,61.2,8.6,203.3,IMD_NORMALS_SYNTHETIC
1995-06-10,0.0,32.13,65.5,7.56,258.5,IMD_NORMALS_SYNTHETIC
1995-06-11,0.0,31.14,56.1,6.89,222.4,IMD_NORMALS_SYNTHETIC
1995-06-12,47.631,33.78,55.7,12.31,188.1,IMD_NORMALS_SYNTHETIC
1995-06-13,0.0,32.24,56.0,9.61,235.9,IMD_NORMALS_SYNTHETIC
1995-06-14,0.346,32.39,65.3,7.66,250.5,IMD_NORMALS_SYNTHETIC
1995-06-15,0.0,31.09,65.6,10.1,221.0,IMD_NORMALS_SYNTHETIC
1995-06-16,0.0,32.5,67.5,5.41,251.2,IMD_NORMALS_SYNTHETIC
1995-06-17,5.206,33.37,62.8,8.08,243.9,IMD_NORMALS_SYNTHETIC
1995-06-18,0.0,31.46,61.0,12.72,226.1,IMD_NORMALS_SYNTHETIC
1995-06-19,0.0,33.86,61.4,7.6,243.3,IMD_NORMALS_SYNTHETIC
1995-06-20,0.0,29.96,68.2,8.21,241.4,IMD_NORMALS_SYNTHETIC
1995-06-21,6.718,33.99,59.4,4.08,234.8,IMD_NORMALS_SYNTHETIC
1995-06-22,0.0,32.2,65.6,8.66,237.3,IMD_NORMALS_SYNTHETIC
1995-06-23,0.0,30.65,70.8,6.46,252.0,IMD_NORMALS_SYNTHETIC
1995-06-24,0.0,32.55,53.0,10.0,254.0,IMD_NORMALS_SYNTHETIC
1995-06-25,0.0,36.75,64.1,11.13,261.1,IMD_NORMALS_SYNTHETIC
1995-06-26,0.0,29.68,64.1,7.38,257.0,IMD_NORMALS_SYNTHETIC
1995-06-27,7.509,31.03,69.5,4.86,260.2,IMD_NORMALS_SYNTHETIC
1995-06-28,0.0,31.18,65.1,3.39,206.0,IMD_NORMALS_SYNTHETIC
1995-06-29,0.0,29.88,72.9,5.76,235.2,IMD_NORMALS_SYNTHETIC
1995-06-30,0.0,31.37,69.6,9.1,248.4,IMD_NORMALS_SYNTHETIC
1995-07-01,0.0,30.09,75.8,5.91,226.5,IMD_NORMALS_SYNTHETIC
1995-07-02,0.0,29.15,79.3,9.24,216.2,IMD_NORMALS_SYNTHETIC
1995-07-03,0.0,29.04,68.3,6.08,242.4,IMD_NORMALS_SYNTHETIC
1995-07-04,0.0,26.89,77.7,3.7,211.3,IMD_NORMALS_SYNTHETIC
1995-07-05,6.102,31.55,82.4,9.59,233.5,IMD_NORMALS_SYNTHETIC
1995-07-06,0.0,29.96,71.1,11.73,203.3,IMD_NORMALS_SYNTHETIC
1995-07-07,6.148,29.05,69.9,8.98,224.7,IMD_NORMALS_SYNTHETIC
1995-07-08,0.0,27.58,78.0,2.95,234.9,IMD_NORMALS_SYNTHETIC
1995-07-09,12.985,31.82,76.1,10.34,223.3,IMD_NORMALS_SYNTHETIC
1995-07-10,0.0,26.5,72.1,2.82,188.2,IMD_NORMALS_SYNTHETIC
1995-07-11,19.163,27.87,74.5,8.7,257.3,IMD_NORMALS_SYNTHETIC
1995-07-12,0.0,29.48,69.8,12.24,231.0,IMD_NORMALS_SYNTHETIC
1995-07-13,0.0,28.94,75.5,6.96,206.5,IMD_NORMALS_SYNTHETIC
1995-07-14,5.832,31.96,73.8,6.05,221.5,IMD_NORMALS_SYNTHETIC
1995-07-15,6.63,27.58,72.7,9.34,245.2,IMD_NORMALS_SYNTHETIC
1995-07-16,0.0,32.74,77.4,8.72,188.9,IMD_NORMALS_SYNTHETIC
1995-07-17,0.0,26.29,81.2,7.3,236.4,IMD_NORMALS_SYNTHETIC
1995-07-18,0.0,31.63,72.3,7.12,204.9,IMD_NORMALS_SYNTHETIC
1995-07-19,0.0,29.86,71.5,4.08,217.0,IMD_NORMALS_SYNTHETIC
1995-07-20,0.0,29.72,76.6,11.9,214.9,IMD_NORMALS_SYNTHETIC
1995-07-21,0.0,27.09,78.7,9.83,190.4,IMD_NORMALS_SYNTHETIC
1995-07-22,4.155,26.39,71.4,7.4,219.8,IMD_NORMALS_SYNTHETIC
1995-07-23,0.0,31.21,78.0,10.46,213.6,IMD_NORMALS_SYNTHETIC
1995-07-24,0.0,30.88,72.7,3.99,183.4,IMD_NORMALS_SYNTHETIC
1995-07-25,0.0,29.97,65.3,12.76,215.0,IMD_NORMALS_SYNTHETIC
1995-07-26,0.0,23.1,76.4,12.9,211.0,IMD_NORMALS_SYNTHETIC
1995-07-27,0.0,27.48,70.6,2.31,196.9,IMD_NORMALS_SYNTHETIC
1995-07-28,0.0,31.17,78.1,6.75,223.8,IMD_NORMALS_SYNTHETIC
1995-07-29,0.0,30.8,77.9,10.52,186.7,IMD_NORMALS_SYNTHETIC
1995-07-30,0.917,29.66,76.1,6.68,257.5,IMD_NORMALS_SYNTHETIC
1995-07-31,0.0,31.93,82.3,11.38,245.0,IMD_NORMALS_SYNTHETIC
1995-08-01,0.0,26.86,68.9,9.58,224.8,IMD_NORMALS_SYNTHETIC
1995-08-02,29.848,26.34,67.7,9.74,231.1,IMD_NORMALS_SYNTHETIC
1995-08-03,2.998,27.65,76.9,4.96,197.3,IMD_NORMALS_SYNTHETIC
1995-08-04,6.776,26.84,73.9,11.34,216.0,IMD_NORMALS_SYNTHETIC
1995-08-05,9.476,27.49,76.9,4.4,201.5,IMD_NORMALS_SYNTHETIC
1995-08-06,0.0,27.59,63.5,4.64,200.3,IMD_NORMALS_SYNTHETIC
1995-08-07,0.0,25.5,76.0,2.9,243.4,IMD_NORMALS_SYNTHETIC
1995-08-08,0.0,28.27,70.5,6.05,194.5,IMD_NORMALS_SYNTHETIC
1995-08-09,2.173,26.91,66.2,10.38,234.2,IMD_NORMALS_SYNTHETIC
1995-08-10,20.249,27.54,79.8,3.79,238.1,IMD_NORMALS_SYNTHETIC
1995-08-11,2.525,26.59,68.9,4.76,185.0,IMD_NORMALS_SYNTHETIC
1995-08-12,0.0,27.75,66.4,9.3,261.6,IMD_NORMALS_SYNTHETIC
1995-08-13,4.425,31.24,62.2,7.47,214.4,IMD_NORMALS_SYNTHETIC
1995-08-14,0.0,31.28,71.9,15.28,205.7,IMD_NORMALS_SYNTHETIC
1995-08-15,0.0,27.13,72.8,3.34,251.3,IMD_NORMALS_SYNTHETIC
1995-08-16,0.0,29.34,79.8,4.76,201.2,IMD_NORMALS_SYNTHETIC
1995-08-17,49.351,25.85,71.4,9.98,191.0,IMD_NORMALS_SYNTHETIC
1995-08-18,2.524,31.21,74.1,11.17,224.5,IMD_NORMALS_SYNTHETIC
1995-08-19,0.0,29.69,74.0,10.87,221.2,IMD_NORMALS_SYNTHETIC
1995-08-20,0.319,28.36,70.7,7.88,216.3,IMD_NORMALS_SYNTHETIC
1995-08-21,0.0,29.05,69.5,7.0,210.8,IMD_NORMALS_SYNTHETIC
1995-08-22,0.0,28.77,80.1,7.6,205.7,IMD_NORMALS_SYNTHETIC
1995-08-23,0.0,27.79,73.2,4.32,210.4,IMD_NORMALS_SYNTHETIC
1995-08-24,8.67,27.22,70.6,10.87,205.4,IMD_NORMALS_SYNTHETIC
1995-08-25,0.0,29.86,77.7,5.33,185.4,IMD_NORMALS_SYNTHETIC
1995-08-26,21.872,28.1,73.0,5.86,230.9,IMD_NORMALS_SYNTHETIC
1995-08-27,3.427,29.1,68.6,8.02,235.5,IMD_NORMALS_SYNTHETIC
1995-08-28,0.0,27.8,73.4,0.79,228.0,IMD_NORMALS_SYNTHETIC
1995-08-29,14.167,30.35,75.8,11.62,212.1,IMD_NORMALS_SYNTHETIC
1995-08-30,24.215,29.04,74.8,14.35,201.3,IMD_NORMALS_SYNTHETIC
1995-08-31,0.0,29.91,83.1,2.12,216.5,IMD_NORMALS_SYNTHETIC
1995-09-01,0.0,29.65,73.7,9.49,196.2,IMD_NORMALS_SYNTHETIC
1995-09-02,38.392,27.62,69.8,11.48,202.9,IMD_NORMALS_SYNTHETIC
1995-09-03,0.0,28.69,75.2,4.72,196.1,IMD_NORMALS_SYNTHETIC
1995-09-04,0.0,28.04,80.9,4.19,187.9,IMD_NORMALS_SYNTHETIC
1995-09-05,27.616,30.34,77.5,8.77,200.4,IMD_NORMALS_SYNTHETIC
1995-09-06,0.0,28.03,65.1,6.77,193.5,IMD_NORMALS_SYNTHETIC
1995-09-07,0.0,32.01,70.0,7.99,193.9,IMD_NORMALS_SYNTHETIC
1995-09-08,0.0,25.14,76.0,8.98,163.6,IMD_NORMALS_SYNTHETIC
1995-09-09,0.0,30.52,75.5,15.26,184.1,IMD_NORMALS_SYNTHETIC
1995-09-10,9.455,25.95,75.0,4.68,196.9,IMD_NORMALS_SYNTHETIC
1995-09-11,0.0,26.92,78.3,11.12,189.9,IMD_NORMALS_SYNTHETIC
1995-09-12,9.23,27.65,73.7,9.91,157.0,IMD_NORMALS_SYNTHETIC
1995-09-13,0.0,30.52,66.7,3.4,173.9,IMD_NORMALS_SYNTHETIC
1995-09-14,0.0,26.61,74.0,7.03,196.0,IMD_NORMALS_SYNTHETIC
1995-09-15,0.0,27.36,71.3,5.29,173.4,IMD_NORMALS_SYNTHETIC
1995-09-16,0.116,26.81,63.9,5.7,182.3,IMD_NORMALS_SYNTHETIC
1995-09-17,0.0,28.94,69.9,10.91,233.9,IMD_NORMALS_SYNTHETIC
1995-09-18,0.0,28.21,66.1,11.91,232.8,IMD_NORMALS_SYNTHETIC
1995-09-19,0.0,30.22,73.0,4.53,194.4,IMD_NORMALS_SYNTHETIC
1995-09-20,0.0,28.83,76.5,7.77,172.5,IMD_NORMALS_SYNTHETIC
1995-09-21,8.754,30.32,78.1,7.25,177.1,IMD_NORMALS_SYNTHETIC
1995-09-22,0.0,30.87,75.7,10.39,173.5,IMD_NORMALS_SYNTHETIC
1995-09-23,38.98,29.39,72.9,11.79,206.0,IMD_NORMALS_SYNTHETIC
1995-09-24,0.0,30.15,71.5,10.62,177.9,IMD_NORMALS_SYNTHETIC
1995-09-25,14.316,26.17,80.8,3.2,193.4,IMD_NORMALS_SYNTHETIC
1995-09-26,0.0,27.59,79.4,12.88,215.6,IMD_NORMALS_SYNTHETIC
1995-09-27,0.0,28.59,66.7,9.67,205.7,IMD_NORMALS_SYNTHETIC
1995-09-28,0.0,26.14,71.4,7.81,174.6,IMD_NORMALS_SYNTHETIC
1995-09-29,0.0,27.24,75.4,5.76,186.3,IMD_NORMALS_SYNTHETIC
1995-09-30,24.937,26.44,61.8,9.01,178.2,IMD_NORMALS_SYNTHETIC
1995-10-01,5.712,30.99,62.5,9.66,179.1,IMD_NORMALS_SYNTHETIC
1995-10-02,0.0,27.02,70.7,8.59,177.3,IMD_NORMALS_SYNTHETIC
1995-10-03,0.0,27.56,62.2,6.02,198.8,IMD_NORMALS_SYNTHETIC
1995-10-04,11.102,29.45,61.0,3.48,181.0,IMD_NORMALS_SYNTHETIC
1995-10-05,14.311,29.63,73.0,4.16,198.3,IMD_NORMALS_SYNTHETIC
1995-10-06,2.48,29.08,67.0,9.26,216.8,IMD_NORMALS_SYNTHETIC
1995-10-07,0.0,27.44,68.9,11.65,178.9,IMD_NORMALS_SYNTHETIC
1995-10-08,0.0,26.81,59.5,9.5,192.3,IMD_NORMALS_SYNTHETIC
1995-10-09,0.0,32.97,62.3,10.39,200.1,IMD_NORMALS_SYNTHETIC
1995-10-10,35.044,27.02,73.6,10.77,201.8,IMD_NORMALS_SYNTHETIC
1995-10-11,0.0,25.2,72.2,10.1,164.9,IMD_NORMALS_SYNTHETIC
1995-10-12,0.0,31.03,61.8,3.91,172.3,IMD_NORMALS_SYNTHETIC
1995-10-13,5.867,27.86,69.1,4.44,185.3,IMD_NORMALS_SYNTHETIC
1995-10-14,0.0,26.28,61.3,14.1,175.9,IMD_NORMALS_SYNTHETIC
1995-10-15,0.0,27.98,71.4,9.17,190.0,IMD_NORMALS_SYNTHETIC
1995-10-16,0.0,26.5,67.5,5.46,203.3,IMD_NORMALS_SYNTHETIC
1995-10-17,1.972,26.57,58.5,8.29,159.1,IMD_NORMALS_SYNTHETIC
1995-10-18,0.0,27.18,71.2,12.05,195.2,IMD_NORMALS_SYNTHETIC
1995-10-19,0.0,26.68,66.9,8.27,174.4,IMD_NORMALS_SYNTHETIC
1995-10-20,0.0,24.96,75.2,8.91,170.5,IMD_NORMALS_SYNTHETIC
1995-10-21,0.0,27.9,63.7,5.28,178.2,IMD_NORMALS_SYNTHETIC
1995-10-22,0.0,28.86,66.0,10.31,196.9,IMD_NORMALS_SYNTHETIC
1995-10-23,0.0,26.15,65.4,13.56,131.2,IMD_NORMALS_SYNTHETIC
1995-10-24,0.0,27.79,64.7,9.36,177.6,IMD_NORMALS_SYNTHETIC
1995-10-25,0.0,27.98,64.7,11.92,183.7,IMD_NORMALS_SYNTHETIC
1995-10-26,1.663,29.89,60.8,9.16,209.9,IMD_NORMALS_SYNTHETIC
1995-10-27,0.0,26.8,61.5,7.12,211.3,IMD_NORMALS_SYNTHETIC
1995-10-28,0.0,29.28,63.9,5.67,187.4,IMD_NORMALS_SYNTHETIC
1995-10-29,0.0,26.3,65.1,3.02,183.5,IMD_NORMALS_SYNTHETIC
1995-10-30,0.0,29.92,69.2,8.69,157.0,IMD_NORMALS_SYNTHETIC
1995-10-31,0.0,26.44,66.1,8.43,182.7,IMD_NORMALS_SYNTHETIC
1995-11-01,0.0,24.65,54.9,3.5,188.0,IMD_NORMALS_SYNTHETIC
1995-11-02,0.0,26.03,60.5,8.33,179.7,IMD_NORMALS_SYNTHETIC
1995-11-03,0.0,25.36,56.0,9.83,158.3,IMD_NORMALS_SYNTHETIC
1995-11-04,0.0,26.88,69.9,12.69,152.8,IMD_NORMALS_SYNTHETIC
1995-11-05,0.0,26.09,54.4,7.0,133.4,IMD_NORMALS_SYNTHETIC
1995-11-06,12.523,27.33,55.7,7.17,167.5,IMD_NORMALS_SYNTHETIC
1995-11-07,0.0,21.25,54.0,7.23,178.0,IMD_NORMALS_SYNTHETIC
1995-11-08,0.0,26.22,68.7,5.43,121.4,IMD_NORMALS_SYNTHETIC
1995-11-09,0.0,22.37,60.2,11.89,178.2,IMD_NORMALS_SYNTHETIC
1995-11-10,0.0,27.18,66.6,7.05,180.9,IMD_NORMALS_SYNTHETIC
1995-11-11,0.0,25.16,57.7,9.29,161.7,IMD_NORMALS_SYNTHETIC
1995-11-12,0.0,29.02,57.3,8.55,173.6,IMD_NORMALS_SYNTHETIC
1995-11-13,0.0,24.6,58.8,6.18,157.2,IMD_NORMALS_SYNTHETIC
1995-11-14,0.0,23.21,54.2,2.93,158.1,IMD_NORMALS_SYNTHETIC
1995-11-15,0.0,25.41,51.5,9.73,187.8,IMD_NORMALS_SYNTHETIC
1995-11-16,0.0,26.33,52.6,7.52,176.0,IMD_NORMALS_SYNTHETIC
1995-11-17,0.0,25.94,59.1,1.94,122.0,IMD_NORMALS_SYNTHETIC
1995-11-18,2.469,25.76,58.8,10.0,169.8,IMD_NORMALS_SYNTHETIC
1995-11-19,0.0,25.29,56.7,11.21,180.0,IMD_NORMALS_SYNTHETIC
1995-11-20,0.0,24.63,52.5,9.85,173.4,IMD_NORMALS_SYNTHETIC
1995-11-21,0.0,25.6,61.5,9.81,171.4,IMD_NORMALS_SYNTHETIC
1995-11-22,0.0,23.64,53.8,10.03,117.3,IMD_NORMALS_SYNTHETIC
1995-11-23,0.0,22.77,53.2,10.84,156.8,IMD_NORMALS_SYNTHETIC
1995-11-24,3.438,26.98,62.8,7.73,200.2,IMD_NORMALS_SYNTHETIC
1995-11-25,0.0,27.04,66.0,8.84,208.0,IMD_NORMALS_SYNTHETIC
1995-11-26,0.0,25.57,59.8,10.22,185.4,IMD_NORMALS_SYNTHETIC
1995-11-27,8.921,27.24,56.7,8.4,153.5,IMD_NORMALS_SYNTHETIC
1995-11-28,0.0,25.4,55.4,4.03,171.8,IMD_NORMALS_SYNTHETIC
1995-11-29,0.0,26.98,55.9,3.95,175.9,IMD_NORMALS_SYNTHETIC
1995-11-30,0.0,24.06,60.0,2.55,167.4,IMD_NORMALS_SYNTHETIC
1995-12-01,0.0,24.53,53.4,5.92,144.2,IMD_NORMALS_SYNTHETIC
1995-12-02,0.0,22.4,57.0,8.7,140.5,IMD_NORMALS_SYNTHETIC
1995-12-03,0.0,25.52,45.6,5.9,152.5,IMD_NORMALS_SYNTHETIC
1995-12-04,0.0,23.37,53.1,8.42,136.1,IMD_NORMALS_SYNTHETIC
1995-12-05,0.0,24.03,49.8,11.18,164.3,IMD_NORMALS_SYNTHETIC
1995-12-06,0.0,24.67,59.8,3.26,169.6,IMD_NORMALS_SYNTHETIC
1995-12-07,0.0,23.37,59.5,7.21,128.7,IMD_NORMALS_SYNTHETIC
1995-12-08,0.0,25.38,57.2,1.83,141.7,IMD_NORMALS_SYNTHETIC
1995-12-09,0.0,22.79,61.1,6.76,170.1,IMD_NORMALS_SYNTHETIC
1995-12-10,0.0,24.52,62.9,6.2,160.6,IMD_NORMALS_SYNTHETIC
1995-12-11,0.0,25.83,55.5,5.24,139.6,IMD_NORMALS_SYNTHETIC
1995-12-12,0.0,26.39,61.3,7.59,170.4,IMD_NORMALS_SYNTHETIC
1995-12-13,0.0,24.73,57.6,3.43,142.0,IMD_NORMALS_SYNTHETIC
1995-12-14,0.0,22.98,49.8,11.42,143.3,IMD_NORMALS_SYNTHETIC
1995-12-15,0.0,22.47,68.5,4.6,116.7,IMD_NORMALS_SYNTHETIC
1995-12-16,0.0,24.47,46.7,5.7,116.5,IMD_NORMALS_SYNTHETIC
1995-12-17,0.0,22.37,58.3,9.57,152.0,IMD_NORMALS_SYNTHETIC
1995-12-18,0.0,25.39,49.8,7.56,160.0,IMD_NORMALS_SYNTHETIC
1995-12-19,0.0,22.95,64.7,14.02,151.1,IMD_NORMALS_SYNTHETIC
1995-12-20,0.0,27.01,52.9,6.7,145.2,IMD_NORMALS_SYNTHETIC
1995-12-21,0.0,28.75,60.3,3.57,140.8,IMD_NORMALS_SYNTHETIC
1995-12-22,0.0,25.51,51.8,4.99,146.5,IMD_NORMALS_SYNTHETIC
1995-12-23,0.0,21.46,53.2,5.03,120.6,IMD_NORMALS_SYNTHETIC
1995-12-24,0.0,21.73,56.7,7.78,148.7,IMD_NORMALS_SYNTHETIC
1995-12-25,0.0,26.31,62.4,3.1,171.8,IMD_NORMALS_SYNTHETIC
1995-12-26,0.0,21.82,57.9,7.61,172.8,IMD_NORMALS_SYNTHETIC
1995-12-27,0.0,23.01,41.2,6.13,130.8,IMD_NORMALS_SYNTHETIC
1995-12-28,0.0,26.21,50.5,8.61,172.7,IMD_NORMALS_SYNTHETIC
1995-12-29,0.0,22.66,64.7,8.97,180.0,IMD_NORMALS_SYNTHETIC
1995-12-30,0.0,24.57,54.1,7.59,169.5,IMD_NORMALS_SYNTHETIC
1995-12-31,0.0,24.04,53.6,4.33,124.8,IMD_NORMALS_SYNTHETIC
1996-01-01,0.0,27.4,49.7,8.58,137.1,IMD_NORMALS_SYNTHETIC
1996-01-02,0.0,25.74,46.5,9.22,161.7,IMD_NORMALS_SYNTHETIC
1996-01-03,1.053,23.74,52.0,9.7,158.8,IMD_NORMALS_SYNTHETIC
1996-01-04,2.369,22.3,51.2,10.47,160.6,IMD_NORMALS_SYNTHETIC
1996-01-05,0.0,28.29,59.6,11.76,192.8,IMD_NORMALS_SYNTHETIC
1996-01-06,0.0,26.41,48.2,8.09,218.8,IMD_NORMALS_SYNTHETIC
1996-01-07,0.0,23.15,49.2,7.7,140.5,IMD_NORMALS_SYNTHETIC
1996-01-08,0.0,23.27,62.6,7.25,185.4,IMD_NORMALS_SYNTHETIC
1996-01-09,0.0,23.97,43.9,8.04,149.3,IMD_NORMALS_SYNTHETIC
1996-01-10,0.0,26.6,54.1,8.18,162.4,IMD_NORMALS_SYNTHETIC
1996-01-11,0.0,23.6,57.6,11.58,142.7,IMD_NORMALS_SYNTHETIC
1996-01-12,0.0,22.17,63.5,9.3,144.9,IMD_NORMALS_SYNTHETIC
1996-01-13,0.0,21.36,58.5,5.57,144.3,IMD_NORMALS_SYNTHETIC
1996-01-14,0.0,25.74,49.6,9.23,176.4,IMD_NORMALS_SYNTHETIC
1996-01-15,0.0,23.84,59.8,10.43,183.6,IMD_NORMALS_SYNTHETIC
1996-01-16,0.0,24.65,47.9,7.64,224.4,IMD_NORMALS_SYNTHETIC
1996-01-17,0.0,22.91,52.2,8.34,153.8,IMD_NORMALS_SYNTHETIC
1996-01-18,0.0,24.17,53.6,9.29,181.7,IMD_NORMALS_SYNTHETIC
1996-01-19,0.0,26.85,44.9,12.01,126.3,IMD_NORMALS_SYNTHETIC
1996-01-20,0.0,23.11,43.4,6.35,159.0,IMD_NORMALS_SYNTHETIC
1996-01-21,0.0,26.14,48.8,11.18,164.0,IMD_NORMALS_SYNTHETIC
1996-01-22,0.0,24.03,56.5,10.01,171.0,IMD_NORMALS_SYNTHETIC
1996-01-23,0.0,26.23,56.3,8.76,138.5,IMD_NORMALS_SYNTHETIC
1996-01-24,0.0,24.93,43.0,16.75,159.8,IMD_NORMALS_SYNTHETIC
1996-01-25,0.0,22.94,43.9,7.16,201.8,IMD_NORMALS_SYNTHETIC
1996-01-26,0.0,25.54,55.6,7.52,176.8,IMD_NORMALS_SYNTHETIC
1996-01-27,0.0,24.01,54.1,8.04,163.5,IMD_NORMALS_SYNTHETIC
1996-01-28,0.0,22.86,56.9,13.53,157.3,IMD_NORMALS_SYNTHETIC
1996-01-29,0.0,25.25,61.3,7.53,155.4,IMD_NORMALS_SYNTHETIC
1996-01-30,0.0,26.5,47.9,9.87,134.1,IMD_NORMALS_SYNTHETIC
1996-01-31,0.0,23.41,49.9,6.44,141.3,IMD_NORMALS_SYNTHETIC
1996-02-01,0.0,26.79,43.0,5.06,159.6,IMD_NORMALS_SYNTHETIC
1996-02-02,0.0,27.48,41.6,0.38,164.7,IMD_NORMALS_SYNTHETIC
1996-02-03,0.0,28.87,32.8,5.38,181.9,IMD_NORMALS_SYNTHETIC
1996-02-04,0.0,24.81,38.9,11.68,155.5,IMD_NORMALS_SYNTHETIC
1996-02-05,0.0,25.44,52.5,7.16,166.3,IMD_NORMALS_SYNTHETIC
1996-02-06,0.0,26.16,35.3,2.39,198.8,IMD_NORMALS_SYNTHETIC
1996-02-07,0.0,27.12,50.2,6.61,178.1,IMD_NORMALS_SYNTHETIC
1996-02-08,0.0,25.93,52.1,2.11,187.6,IMD_NORMALS_SYNTHETIC
1996-02-09,0.0,24.86,42.4,4.45,227.0,IMD_NORMALS_SYNTHETIC
1996-02-10,0.0,26.39,39.4,10.25,184.3,IMD_NORMALS_SYNTHETIC
1996-02-11,0.0,31.36,48.3,7.93,185.1,IMD_NORMALS_SYNTHETIC
1996-02-12,0.0,28.73,41.7,11.13,164.7,IMD_NORMALS_SYNTHETIC
1996-02-13,0.0,27.89,42.3,6.13,170.0,IMD_NORMALS_SYNTHETIC
1996-02-14,0.0,27.16,50.0,7.62,167.8,IMD_NORMALS_SYNTHETIC
1996-02-15,0.0,27.06,42.5,10.18,198.1,IMD_NORMALS_SYNTHETIC
1996-02-16,0.0,28.55,50.7,10.35,158.5,IMD_NORMALS_SYNTHETIC
1996-02-17,0.0,25.74,39.8,1.49,149.8,IMD_NORMALS_SYNTHETIC
1996-02-18,0.0,27.06,49.0,4.93,198.8,IMD_NORMALS_SYNTHETIC
1996-02-19,0.0,25.19,39.3,8.74,184.0,IMD_NORMALS_SYNTHETIC
1996-02-20,0.0,24.26,40.1,6.38,174.3,IMD_NORMALS_SYNTHETIC
1996-02-21,0.0,27.95,43.8,8.31,139.7,IMD_NORMALS_SYNTHETIC
1996-02-22,0.0,24.93,44.3,5.34,153.1,IMD_NORMALS_SYNTHETIC
1996-02-23,0.0,26.67,35.1,12.42,165.9,IMD_NORMALS_SYNTHETIC
1996-02-24,0.0,25.62,52.5,6.07,178.2,IMD_NORMALS_SYNTHETIC
1996-02-25,0.0,23.28,42.4,5.5,157.8,IMD_NORMALS_SYNTHETIC
1996-02-26,0.0,28.94,42.9,9.64,164.9,IMD_NORMALS_SYNTHETIC
1996-02-27,0.0,27.24,41.3,9.35,192.0,IMD_NORMALS_SYNTHETIC
1996-02-28,0.0,25.59,45.0,5.66,200.8,IMD_NORMALS_SYNTHETIC
1996-02-29,0.0,27.82,42.8,8.95,196.8,IMD_NORMALS_SYNTHETIC
1996-03-01,0.0,31.96,40.8,2.15,198.0,IMD_NORMALS_SYNTHETIC
1996-03-02,0.0,30.38,41.6,8.63,206.6,IMD_NORMALS_SYNTHETIC
1996-03-03,0.0,28.61,33.8,8.92,197.8,IMD_NORMALS_SYNTHETIC
1996-03-04,0.0,32.35,49.1,7.98,177.3,IMD_NORMALS_SYNTHETIC
1996-03-05,0.0,34.94,39.8,8.23,156.1,IMD_NORMALS_SYNTHETIC
1996-03-06,0.0,31.18,35.4,13.18,178.5,IMD_NORMALS_SYNTHETIC
1996-03-07,0.0,31.62,36.1,7.82,144.3,IMD_NORMALS_SYNTHETIC
1996-03-08,0.0,33.27,38.5,6.74,220.3,IMD_NORMALS_SYNTHETIC
1996-03-09,0.0,28.55,39.6,7.18,208.3,IMD_NORMALS_SYNTHETIC
1996-03-10,0.0,30.93,36.6,6.83,172.2,IMD_NORMALS_SYNTHETIC
1996-03-11,0.0,33.14,39.3,9.45,197.6,IMD_NORMALS_SYNTHETIC
1996-03-12,0.0,31.43,32.0,9.72,251.0,IMD_NORMALS_SYNTHETIC
1996-03-13,0.0,31.11,40.5,7.57,200.2,IMD_NORMALS_SYNTHETIC
1996-03-14,0.0,31.33,48.1,9.07,210.0,IMD_NORMALS_SYNTHETIC
1996-03-15,0.0,30.01,39.6,11.35,219.2,IMD_NORMALS_SYNTHETIC
1996-03-16,0.0,30.92,43.9,11.65,224.2,IMD_NORMALS_SYNTHETIC
1996-03-17,0.0,30.56,35.6,3.84,183.9,IMD_NORMALS_SYNTHETIC
1996-03-18,0.0,29.05,41.8,2.89,201.8,IMD_NORMALS_SYNTHETIC
1996-03-19,0.0,30.04,33.3,7.58,161.3,IMD_NORMALS_SYNTHETIC
1996-03-20,0.0,34.37,32.9,12.51,212.4,IMD_NORMALS_SYNTHETIC
1996-03-21,0.0,33.41,31.5,5.92,229.8,IMD_NORMALS_SYNTHETIC
1996-03-22,0.0,28.97,33.7,8.16,174.9,IMD_NORMALS_SYNTHETIC
1996-03-23,0.0,30.54,38.9,7.1,193.0,IMD_NORMALS_SYNTHETIC
1996-03-24,0.0,31.86,34.4,11.1,219.6,IMD_NORMALS_SYNTHETIC
1996-03-25,0.0,32.9,34.8,13.29,178.3,IMD_NORMALS_SYNTHETIC
1996-03-26,0.0,30.3,37.9,6.79,204.7,IMD_NORMALS_SYNTHETIC
1996-03-27,0.0,32.54,36.8,6.88,212.7,IMD_NORMALS_SYNTHETIC
1996-03-28,0.0,30.04,37.6,12.8,209.7,IMD_NORMALS_SYNTHETIC
1996-03-29,0.0,31.53,40.1,5.52,214.1,IMD_NORMALS_SYNTHETIC
1996-03-30,0.0,29.59,39.2,7.06,181.3,IMD_NORMALS_SYNTHETIC
1996-03-31,0.0,29.37,38.8,8.91,172.2,IMD_NORMALS_SYNTHETIC
1996-04-01,0.0,34.63,38.2,7.57,235.1,IMD_NORMALS_SYNTHETIC
1996-04-02,0.0,37.68,24.8,10.53,211.1,IMD_NORMALS_SYNTHETIC
1996-04-03,0.0,34.93,37.0,1.38,235.2,IMD_NORMALS_SYNTHETIC
1996-04-04,0.0,33.88,22.4,8.9,186.1,IMD_NORMALS_SYNTHETIC
1996-04-05,0.0,35.65,32.9,8.58,226.3,IMD_NORMALS_SYNTHETIC
1996-04-06,0.0,35.68,22.2,7.28,204.9,IMD_NORMALS_SYNTHETIC
1996-04-07,0.0,35.31,30.7,5.94,220.0,IMD_NORMALS_SYNTHETIC
1996-04-08,0.0,35.9,33.2,15.09,228.4,IMD_NORMALS_SYNTHETIC
1996-04-09,0.0,34.57,34.4,7.75,218.6,IMD_NORMALS_SYNTHETIC
1996-04-10,0.0,36.22,39.5,3.7,196.3,IMD_NORMALS_SYNTHETIC
1996-04-11,0.0,31.91,29.7,4.01,191.8,IMD_NORMALS_SYNTHETIC
1996-04-12,0.0,37.07,39.8,9.44,202.9,IMD_NORMALS_SYNTHETIC
1996-04-13,0.0,32.47,39.7,4.45,236.3,IMD_NORMALS_SYNTHETIC
1996-04-14,0.0,30.88,31.8,8.71,211.4,IMD_NORMALS_SYNTHETIC
1996-04-15,0.0,33.37,29.1,12.4,232.2,IMD_NORMALS_SYNTHETIC
1996-04-16,0.0,32.15,31.8,4.52,203.4,IMD_NORMALS_SYNTHETIC
1996-04-17,0.0,32.24,36.6,2.24,206.8,IMD_NORMALS_SYNTHETIC
1996-04-18,0.0,35.05,37.1,7.28,202.8,IMD_NORMALS_SYNTHETIC
1996-04-19,0.0,34.95,36.7,10.0,214.1,IMD_NORMALS_SYNTHETIC
1996-04-20,0.0,37.66,46.0,8.47,229.5,IMD_NORMALS_SYNTHETIC
1996-04-21,0.0,35.44,35.3,6.92,195.7,IMD_NORMALS_SYNTHETIC
1996-04-22,0.0,37.33,34.2,10.67,200.8,IMD_NORMALS_SYNTHETIC
1996-04-23,0.0,32.58,36.7,8.8,244.8,IMD_NORMALS_SYNTHETIC
1996-04-24,0.0,37.71,34.1,4.79,192.6,IMD_NORMALS_SYNTHETIC
1996-04-25,45.563,34.01,31.0,9.72,222.9,IMD_NORMALS_SYNTHETIC
1996-04-26,0.0,36.42,37.0,2.79,184.9,IMD_NORMALS_SYNTHETIC
1996-04-27,0.0,33.22,33.7,8.44,180.8,IMD_NORMALS_SYNTHETIC
1996-04-28,0.0,29.35,37.0,6.29,199.5,IMD_NORMALS_SYNTHETIC
1996-04-29,0.0,33.89,29.8,6.16,204.2,IMD_NORMALS_SYNTHETIC
1996-04-30,0.0,33.58,31.0,10.93,231.4,IMD_NORMALS_SYNTHETIC
1996-05-01,0.0,36.1,43.5,4.89,212.6,IMD_NORMALS_SYNTHETIC
1996-05-02,0.0,38.1,41.5,5.44,200.4,IMD_NORMALS_SYNTHETIC
1996-05-03,0.0,35.86,44.7,9.3,230.6,IMD_NORMALS_SYNTHETIC
1996-05-04,10.42,36.21,46.8,11.13,200.5,IMD_NORMALS_SYNTHETIC
1996-05-05,0.0,34.16,46.3,14.83,217.0,IMD_NORMALS_SYNTHETIC
1996-05-06,0.0,34.32,41.2,16.01,233.6,IMD_NORMALS_SYNTHETIC
1996-05-07,0.0,34.13,40.1,5.15,198.8,IMD_NORMALS_SYNTHETIC
1996-05-08,0.0,35.16,37.6,7.58,246.2,IMD_NORMALS_SYNTHETIC
1996-05-09,0.0,38.05,30.2,6.42,212.9,IMD_NORMALS_SYNTHETIC
1996-05-10,15.161,33.5,42.9,2.69,213.3,IMD_NORMALS_SYNTHETIC
1996-05-11,0.0,33.91,48.3,14.31,213.2,IMD_NORMALS_SYNTHETIC
1996-05-12,0.0,34.73,39.7,6.47,207.9,IMD_NORMALS_SYNTHETIC
1996-05-13,0.0,36.07,42.9,0.8,246.1,IMD_NORMALS_SYNTHETIC
1996-05-14,0.0,34.6,36.3,9.08,230.7,IMD_NORMALS_SYNTHETIC
1996-05-15,0.0,33.82,45.4,7.49,230.3,IMD_NORMALS_SYNTHETIC
1996-05-16,0.0,35.04,42.3,10.42,216.7,IMD_NORMALS_SYNTHETIC
1996-05-17,0.0,35.61,37.0,9.8,231.1,IMD_NORMALS_SYNTHETIC
1996-05-18,0.0,30.54,46.1,6.72,251.1,IMD_NORMALS_SYNTHETIC
1996-05-19,0.0,34.68,42.5,8.68,210.4,IMD_NORMALS_SYNTHETIC
1996-05-20,0.0,37.59,38.7,9.53,225.7,IMD_NORMALS_SYNTHETIC
1996-05-21,0.0,36.43,38.6,3.52,227.0,IMD_NORMALS_SYNTHETIC
1996-05-22,0.0,36.76,46.0,5.31,224.9,IMD_NORMALS_SYNTHETIC
1996-05-23,4.901,33.75,38.6,10.8,233.9,IMD_NORMALS_SYNTHETIC
1996-05-24,0.0,37.2,50.4,11.99,238.6,IMD_NORMALS_SYNTHETIC
1996-05-25,0.0,34.85,40.8,4.13,261.3,IMD_NORMALS_SYNTHETIC
1996-05-26,0.0,32.71,42.7,2.82,224.2,IMD_NORMALS_SYNTHETIC
1996-05-27,0.0,34.09,44.7,3.18,237.3,IMD_NORMALS_SYNTHETIC
1996-05-28,0.0,35.26,44.8,6.36,190.5,IMD_NORMALS_SYNTHETIC
1996-05-29,0.0,35.86,39.8,6.39,233.5,IMD_NORMALS_SYNTHETIC
1996-05-30,4.328,37.01,40.1,7.14,226.2,IMD_NORMALS_SYNTHETIC
1996-05-31,0.0,36.52,44.6,5.49,206.4,IMD_NORMALS_SYNTHETIC
1996-06-01,0.0,31.15,71.7,8.3,273.5,IMD_NORMALS_SYNTHETIC
1996-06-02,0.0,29.94,65.1,10.1,241.7,IMD_NORMALS_SYNTHETIC
1996-06-03,0.0,30.32,63.2,3.27,237.8,IMD_NORMALS_SYNTHETIC
1996-06-04,0.0,30.67,64.8,6.23,192.1,IMD_NORMALS_SYNTHETIC
1996-06-05,0.0,31.66,61.1,11.24,249.7,IMD_NORMALS_SYNTHETIC
1996-06-06,0.0,31.16,69.6,6.63,250.7,IMD_NORMALS_SYNTHETIC
1996-06-07,0.0,33.58,60.7,9.72,202.7,IMD_NORMALS_SYNTHETIC
1996-06-08,0.0,32.41,71.7,6.9,269.1,IMD_NORMALS_SYNTHETIC
1996-06-09,2.835,30.32,67.7,8.02,285.2,IMD_NORMALS_SYNTHETIC
1996-06-10,0.0,32.82,63.9,9.01,257.7,IMD_NORMALS_SYNTHETIC
1996-06-11,0.0,33.78,64.1,7.21,249.1,IMD_NORMALS_SYNTHETIC
1996-06-12,12.949,28.42,70.2,6.95,273.4,IMD_NORMALS_SYNTHETIC
1996-06-13,0.0,32.39,60.1,2.62,281.7,IMD_NORMALS_SYNTHETIC
1996-06-14,0.0,32.07,59.3,4.29,223.6,IMD_NORMALS_SYNTHETIC
1996-06-15,0.0,30.57,70.7,5.81,246.1,IMD_NORMALS_SYNTHETIC
1996-06-16,0.0,32.17,61.0,6.08,242.2,IMD_NORMALS_SYNTHETIC
1996-06-17,14.634,31.89,56.2,12.93,265.5,IMD_NORMALS_SYNTHETIC
1996-06-18,0.0,32.02,66.4,7.8,239.5,IMD_NORMALS_SYNTHETIC
1996-06-19,8.357,31.41,63.3,6.83,245.2,IMD_NORMALS_SYNTHETIC
1996-06-20,10.353,28.5,66.8,5.3,253.2,IMD_NORMALS_SYNTHETIC
1996-06-21,0.0,31.09,73.2,8.91,236.1,IMD_NORMALS_SYNTHETIC
1996-06-22,0.0,32.03,63.5,5.06,250.4,IMD_NORMALS_SYNTHETIC
1996-06-23,0.0,30.67,52.9,11.14,288.3,IMD_NORMALS_SYNTHETIC
1996-06-24,0.0,31.86,65.4,6.63,265.1,IMD_NORMALS_SYNTHETIC
1996-06-25,0.0,30.4,58.8,10.46,239.5,IMD_NORMALS_SYNTHETIC
1996-06-26,0.0,30.0,60.2,4.34,217.2,IMD_NORMALS_SYNTHETIC
1996-06-27,0.0,33.88,58.2,11.68,240.7,IMD_NORMALS_SYNTHETIC
1996-06-28,0.0,30.64,55.4,10.98,219.2,IMD_NORMALS_SYNTHETIC
1996-06-29,0.0,28.23,67.0,7.09,250.6,IMD_NORMALS_SYNTHETIC
1996-06-30,0.0,30.84,65.6,11.18,257.6,IMD_NORMALS_SYNTHETIC
1996-07-01,7.264,26.26,81.3,5.27,208.4,IMD_NORMALS_SYNTHETIC
1996-07-02,10.919,29.42,81.0,10.89,215.9,IMD_NORMALS_SYNTHETIC
1996-07-03,0.0,30.29,80.9,16.1,227.3,IMD_NORMALS_SYNTHETIC
1996-07-04,0.0,28.96,75.4,11.06,201.6,IMD_NORMALS_SYNTHETIC
1996-07-05,0.0,31.17,75.7,11.0,248.0,IMD_NORMALS_SYNTHETIC
1996-07-06,0.0,27.55,71.3,6.24,201.5,IMD_NORMALS_SYNTHETIC
1996-07-07,1.075,26.62,81.8,5.14,233.3,IMD_NORMALS_SYNTHETIC
1996-07-08,0.0,29.61,67.4,8.26,206.9,IMD_NORMALS_SYNTHETIC
1996-07-09,0.0,26.31,72.0,2.64,238.1,IMD_NORMALS_SYNTHETIC
1996-07-10,0.0,30.99,74.2,7.55,203.2,IMD_NORMALS_SYNTHETIC
1996-07-11,0.0,27.45,78.6,6.7,230.8,IMD_NORMALS_SYNTHETIC
1996-07-12,0.0,29.82,74.2,5.85,204.3,IMD_NORMALS_SYNTHETIC
1996-07-13,0.0,29.7,71.7,7.96,251.7,IMD_NORMALS_SYNTHETIC
1996-07-14,0.0,27.86,76.8,8.29,204.9,IMD_NORMALS_SYNTHETIC
1996-07-15,0.0,28.26,76.4,8.02,236.5,IMD_NORMALS_SYNTHETIC
1996-07-16,12.571,28.34,77.7,7.35,219.9,IMD_NORMALS_SYNTHETIC
1996-07-17,0.0,29.33,67.9,2.09,224.2,IMD_NORMALS_SYNTHETIC
1996-07-18,0.0,26.74,72.3,6.26,230.6,IMD_NORMALS_SYNTHETIC
1996-07-19,0.0,26.8,79.1,9.58,205.6,IMD_NORMALS_SYNTHETIC
1996-07-20,34.058,29.84,67.8,4.94,270.1,IMD_NORMALS_SYNTHETIC
1996-07-21,0.0,31.33,69.2,5.49,207.9,IMD_NORMALS_SYNTHETIC
1996-07-22,0.0,29.85,71.3,5.87,208.1,IMD_NORMALS_SYNTHETIC
1996-07-23,0.0,26.73,60.5,5.48,230.4,IMD_NORMALS_SYNTHETIC
1996-07-24,0.0,29.9,68.9,7.12,251.3,IMD_NORMALS_SYNTHETIC
1996-07-25,5.068,26.88,72.7,3.69,222.9,IMD_NORMALS_SYNTHETIC
1996-07-26,0.0,30.36,77.9,13.24,213.6,IMD_NORMALS_SYNTHETIC
1996-07-27,0.0,29.34,75.0,6.07,224.1,IMD_NORMALS_SYNTHETIC
1996-07-28,0.0,27.58,68.5,3.92,235.6,IMD_NORMALS_SYNTHETIC
1996-07-29,0.0,29.43,70.2,8.32,244.7,IMD_NORMALS_SYNTHETIC
1996-07-30,0.0,29.84,71.7,12.04,209.3,IMD_NORMALS_SYNTHETIC
1996-07-31,4.709,26.08,73.4,9.07,221.1,IMD_NORMALS_SYNTHETIC
1996-08-01,0.0,27.16,80.1,4.24,181.2,IMD_NORMALS_SYNTHETIC
1996-08-02,0.0,30.93,68.9,7.76,224.9,IMD_NORMALS_SYNTHETIC
1996-08-03,0.0,29.47,80.2,8.88,217.1,IMD_NORMALS_SYNTHETIC
1996-08-04,25.756,27.81,73.5,3.2,198.2,IMD_NORMALS_SYNTHETIC
1996-08-05,8.772,28.95,69.5,9.03,192.3,IMD_NORMALS_SYNTHETIC
1996-08-06,8.358,25.9,70.7,13.3,202.8,IMD_NORMALS_SYNTHETIC
1996-08-07,0.0,30.16,70.6,10.8,211.3,IMD_NORMALS_SYNTHETIC
1996-08-08,0.0,26.59,77.2,4.27,189.1,IMD_NORMALS_SYNTHETIC
1996-08-09,0.0,28.52,71.2,5.38,181.4,IMD_NORMALS_SYNTHETIC
1996-08-10,15.391,26.19,74.5,3.95,184.5,IMD_NORMALS_SYNTHETIC
1996-08-11,0.0,30.37,71.0,8.2,183.9,IMD_NORMALS_SYNTHETIC
1996-08-12,0.0,27.28,81.1,13.91,242.0,IMD_NORMALS_SYNTHETIC
1996-08-13,0.0,28.88,66.7,11.76,186.3,IMD_NORMALS_SYNTHETIC
1996-08-14,0.0,28.17,81.5,7.17,225.4,IMD_NORMALS_SYNTHETIC
1996-08-15,42.991,26.66,78.2,12.67,194.4,IMD_NORMALS_SYNTHETIC
1996-08-16,0.0,27.87,71.6,8.45,197.5,IMD_NORMALS_SYNTHETIC
1996-08-17,19.553,28.65,71.3,8.31,196.8,IMD_NORMALS_SYNTHETIC
1996-08-18,22.786,27.04,73.5,14.05,232.2,IMD_NORMALS_SYNTHETIC
1996-08-19,0.0,29.47,81.7,10.6,229.6,IMD_NORMALS_SYNTHETIC
1996-08-20,0.0,27.09,70.9,10.16,204.6,IMD_NORMALS_SYNTHETIC
1996-08-21,0.0,27.44,75.6,10.64,233.5,IMD_NORMALS_SYNTHETIC
1996-08-22,0.0,26.43,70.6,11.1,235.9,IMD_NORMALS_SYNTHETIC
1996-08-23,0.0,28.02,84.0,6.66,241.7,IMD_NORMALS_SYNTHETIC
1996-08-24,0.0,29.19,72.6,7.14,193.4,IMD_NORMALS_SYNTHETIC
1996-08-25,14.789,28.49,84.2,6.97,224.1,IMD_NORMALS_SYNTHETIC
1996-08-26,0.0,24.17,85.1,5.94,226.9,IMD_NORMALS_SYNTHETIC
1996-08-27,0.0,27.93,70.3,10.88,179.9,IMD_NORMALS_SYNTHETIC
1996-08-28,15.574,24.98,82.0,13.37,258.6,IMD_NORMALS_SYNTHETIC
1996-08-29,26.036,24.63,82.1,7.08,214.6,IMD_NORMALS_SYNTHETIC
1996-08-30,5.755,27.82,75.0,9.59,203.2,IMD_NORMALS_SYNTHETIC
1996-08-31,5.2,26.09,74.7,10.61,206.4,IMD_NORMALS_SYNTHETIC
1996-09-01,0.0,26.99,65.7,6.21,190.5,IMD_NORMALS_SYNTHETIC
1996-09-02,28.781,28.03,66.6,9.0,210.2,IMD_NORMALS_SYNTHETIC
1996-09-03,19.966,30.53,69.0,7.99,186.0,IMD_NORMALS_SYNTHETIC
1996-09-04,6.316,25.71,77.9,13.42,208.4,IMD_NORMALS_SYNTHETIC
1996-09-05,0.0,28.6,69.0,4.46,143.9,IMD_NORMALS_SYNTHETIC
1996-09-06,0.0,27.81,74.2,5.73,167.5,IMD_NORMALS_SYNTHETIC
1996-09-07,22.317,25.39,69.8,12.41,205.9,IMD_NORMALS_SYNTHETIC
1996-09-08,7.075,30.47,78.9,15.62,204.9,IMD_NORMALS_SYNTHETIC
1996-09-09,0.0,32.75,66.9,4.07,234.2,IMD_NORMALS_SYNTHETIC
1996-09-10,16.445,26.81,73.9,10.98,232.8,IMD_NORMALS_SYNTHETIC
1996-09-11,0.0,26.52,70.7,5.37,217.2,IMD_NORMALS_SYNTHETIC
1996-09-12,0.0,28.51,67.0,10.72,217.6,IMD_NORMALS_SYNTHETIC
1996-09-13,11.242,27.31,67.2,9.55,141.3,IMD_NORMALS_SYNTHETIC
1996-09-14,0.0,27.92,70.0,5.68,201.4,IMD_NORMALS_SYNTHETIC
1996-09-15,0.0,28.92,80.2,8.13,189.9,IMD_NORMALS_SYNTHETIC
1996-09-16,0.0,30.0,74.0,9.7,188.5,IMD_NORMALS_SYNTHETIC
1996-09-17,0.0,27.93,69.2,5.81,193.5,IMD_NORMALS_SYNTHETIC
1996-09-18,0.0,25.89,76.8,10.04,186.5,IMD_NORMALS_SYNTHETIC
1996-09-19,0.0,25.95,70.0,5.73,213.3,IMD_NORMALS_SYNTHETIC
1996-09-20,13.587,28.94,68.9,4.09,191.5,IMD_NORMALS_SYNTHETIC
1996-09-21,0.0,26.97,68.1,7.44,150.2,IMD_NORMALS_SYNTHETIC
1996-09-22,0.0,29.0,76.4,10.0,185.0,IMD_NORMALS_SYNTHETIC
1996-09-23,34.53,25.08,81.9,10.05,180.7,IMD_NORMALS_SYNTHETIC
1996-09-24,9.479,28.82,69.0,7.69,173.2,IMD_NORMALS_SYNTHETIC
1996-09-25,0.0,31.41,71.7,5.8,148.3,IMD_NORMALS_SYNTHETIC
1996-09-26,0.0,27.57,80.3,2.97,230.2,IMD_NORMALS_SYNTHETIC
1996-09-27,0.0,30.52,77.9,14.19,188.0,IMD_NORMALS_SYNTHETIC
1996-09-28,0.0,29.91,79.9,10.54,167.2,IMD_NORMALS_SYNTHETIC
1996-09-29,18.328,30.14,75.6,9.91,197.3,IMD_NORMALS_SYNTHETIC
1996-09-30,0.0,26.71,65.3,9.71,167.5,IMD_NORMALS_SYNTHETIC
1996-10-01,0.0,26.85,70.3,7.32,180.5,IMD_NORMALS_SYNTHETIC
1996-10-02,2.793,28.27,67.9,10.02,180.1,IMD_NORMALS_SYNTHETIC
1996-10-03,58.372,26.06,68.5,9.18,195.8,IMD_NORMALS_SYNTHETIC
1996-10-04,0.0,29.5,50.3,9.08,154.0,IMD_NORMALS_SYNTHETIC
1996-10-05,0.0,25.53,65.1,11.04,210.3,IMD_NORMALS_SYNTHETIC
1996-10-06,0.0,26.79,73.0,6.99,191.2,IMD_NORMALS_SYNTHETIC
1996-10-07,0.0,31.14,65.6,4.95,163.3,IMD_NORMALS_SYNTHETIC
1996-10-08,8.949,27.13,68.8,9.06,182.1,IMD_NORMALS_SYNTHETIC
1996-10-09,0.0,29.39,59.8,9.53,179.4,IMD_NORMALS_SYNTHETIC
1996-10-10,0.0,29.94,53.4,10.56,158.0,IMD_NORMALS_SYNTHETIC
1996-10-11,0.0,26.07,68.2,9.38,175.0,IMD_NORMALS_SYNTHETIC
1996-10-12,0.0,27.2,63.1,13.07,186.1,IMD_NORMALS_SYNTHETIC
1996-10-13,0.0,27.56,67.2,4.86,209.4,IMD_NORMALS_SYNTHETIC
1996-10-14,0.0,30.17,67.3,13.47,188.2,IMD_NORMALS_SYNTHETIC
1996-10-15,0.0,30.76,70.7,11.46,159.8,IMD_NORMALS_SYNTHETIC
1996-10-16,0.0,25.44,78.4,5.21,174.3,IMD_NORMALS_SYNTHETIC
1996-10-17,0.0,29.46,73.2,4.3,181.9,IMD_NORMALS_SYNTHETIC
1996-10-18,0.0,25.93,62.0,8.56,184.8,IMD_NORMALS_SYNTHETIC
1996-10-19,0.0,25.61,63.3,10.4,170.3,IMD_NORMALS_SYNTHETIC
1996-10-20,0.0,25.62,72.9,8.69,168.0,IMD_NORMALS_SYNTHETIC
1996-10-21,1.789,29.57,61.7,13.19,171.3,IMD_NORMALS_SYNTHETIC
1996-10-22,0.0,32.43,70.6,1.14,207.5,IMD_NORMALS_SYNTHETIC
1996-10-23,71.435,27.51,65.9,9.43,189.7,IMD_NORMALS_SYNTHETIC
1996-10-24,0.0,25.92,60.2,8.57,168.7,IMD_NORMALS_SYNTHETIC
1996-10-25,0.0,22.93,69.5,12.41,152.5,IMD_NORMALS_SYNTHETIC
1996-10-26,35.179,26.75,60.6,7.65,176.8,IMD_NORMALS_SYNTHETIC
1996-10-27,0.0,27.85,61.9,12.8,201.4,IMD_NORMALS_SYNTHETIC
1996-10-28,0.0,27.24,60.2,6.82,189.7,IMD_NORMALS_SYNTHETIC
1996-10-29,29.416,28.04,58.9,8.93,169.0,IMD_NORMALS_SYNTHETIC
1996-10-30,7.266,24.43,68.5,6.46,178.2,IMD_NORMALS_SYNTHETIC
1996-10-31,0.0,26.79,75.0,6.33,177.0,IMD_NORMALS_SYNTHETIC
1996-11-01,0.0,28.43,56.3,9.61,148.5,IMD_NORMALS_SYNTHETIC
1996-11-02,0.0,25.54,53.9,11.7,193.9,IMD_NORMALS_SYNTHETIC
1996-11-03,0.0,23.57,59.5,7.42,161.6,IMD_NORMALS_SYNTHETIC
1996-11-04,0.0,23.42,57.3,13.77,169.6,IMD_NORMALS_SYNTHETIC
1996-11-05,0.0,27.7,56.1,10.11,163.6,IMD_NORMALS_SYNTHETIC
1996-11-06,0.0,24.18,59.3,2.98,152.4,IMD_NORMALS_SYNTHETIC
1996-11-07,0.0,24.58,54.5,10.97,140.2,IMD_NORMALS_SYNTHETIC
1996-11-08,0.0,25.3,59.6,5.62,165.5,IMD_NORMALS_SYNTHETIC
1996-11-09,0.0,27.72,60.3,4.36,155.3,IMD_NORMALS_SYNTHETIC
1996-11-10,18.883,27.68,54.6,9.0,157.2,IMD_NORMALS_SYNTHETIC
1996-11-11,0.0,26.89,55.6,6.22,160.6,IMD_NORMALS_SYNTHETIC
1996-11-12,0.0,30.31,53.1,4.99,157.2,IMD_NORMALS_SYNTHETIC
1996-11-13,0.0,30.1,56.1,2.79,156.5,IMD_NORMALS_SYNTHETIC
1996-11-14,0.0,26.57,64.4,12.6,190.0,IMD_NORMALS_SYNTHETIC
1996-11-15,0.0,26.56,59.3,4.02,181.1,IMD_NORMALS_SYNTHETIC
1996-11-16,0.0,26.72,49.4,10.49,211.0,IMD_NORMALS_SYNTHETIC
1996-11-17,0.0,22.83,55.3,2.7,151.2,IMD_NORMALS_SYNTHETIC
1996-11-18,0.0,25.78,63.2,7.8,141.5,IMD_NORMALS_SYNTHETIC
1996-11-19,0.0,24.27,61.8,11.43,152.0,IMD_NORMALS_SYNTHETIC
1996-11-20,0.0,27.69,70.2,9.17,204.2,IMD_NORMALS_SYNTHETIC
1996-11-21,0.0,26.85,62.8,6.39,172.8,IMD_NORMALS_SYNTHETIC
1996-11-22,10.734,27.07,54.1,7.99,179.9,IMD_NORMALS_SYNTHETIC
1996-11-23,0.0,27.26,60.6,10.8,190.1,IMD_NORMALS_SYNTHETIC
1996-11-24,0.0,30.85,62.0,8.91,181.1,IMD_NORMALS_SYNTHETIC
1996-11-25,5.851,27.06,60.9,9.28,158.9,IMD_NORMALS_SYNTHETIC
1996-11-26,0.153,26.76,56.8,10.72,146.6,IMD_NORMALS_SYNTHETIC
1996-11-27,0.0,25.75,61.5,9.19,164.2,IMD_NORMALS_SYNTHETIC
1996-11-28,3.535,23.92,61.9,4.5,169.3,IMD_NORMALS_SYNTHETIC
1996-11-29,0.0,27.82,58.6,6.7,152.5,IMD_NORMALS_SYNTHETIC
1996-11-30,0.0,28.64,50.2,2.06,154.7,IMD_NORMALS_SYNTHETIC
1996-12-01,0.0,22.23,55.0,7.09,159.8,IMD_NORMALS_SYNTHETIC
1996-12-02,0.0,22.03,58.9,9.85,156.1,IMD_NORMALS_SYNTHETIC
1996-12-03,0.0,21.79,57.5,6.91,151.2,IMD_NORMALS_SYNTHETIC
1996-12-04,0.0,21.93,52.1,7.94,144.7,IMD_NORMALS_SYNTHETIC
1996-12-05,0.0,24.94,56.9,8.14,155.8,IMD_NORMALS_SYNTHETIC
1996-12-06,0.0,24.03,50.2,7.33,117.8,IMD_NORMALS_SYNTHETIC
1996-12-07,0.0,23.04,56.4,5.81,160.4,IMD_NORMALS_SYNTHETIC
1996-12-08,0.0,24.87,63.3,6.03,133.4,IMD_NORMALS_SYNTHETIC
1996-12-09,0.0,22.62,53.5,5.71,179.2,IMD_NORMALS_SYNTHETIC
1996-12-10,0.0,22.28,48.9,9.29,171.8,IMD_NORMALS_SYNTHETIC
1996-12-11,0.0,26.28,47.2,8.31,136.2,IMD_NORMALS_SYNTHETIC
1996-12-12,0.0,24.83,55.5,9.34,150.9,IMD_NORMALS_SYNTHETIC
1996-12-13,0.0,24.56,60.1,10.82,141.5,IMD_NORMALS_SYNTHETIC
1996-12-14,0.0,22.09,61.7,8.48,136.3,IMD_NORMALS_SYNTHETIC
1996-12-15,0.0,25.02,51.4,10.0,137.4,IMD_NORMALS_SYNTHETIC
1996-12-16,0.0,25.58,58.8,9.72,162.3,IMD_NORMALS_SYNTHETIC
1996-12-17,0.0,24.61,52.0,7.71,171.2,IMD_NORMALS_SYNTHETIC
1996-12-18,0.0,22.44,56.6,14.63,155.1,IMD_NORMALS_SYNTHETIC
1996-12-19,0.0,23.15,50.6,3.06,136.8,IMD_NORMALS_SYNTHETIC
1996-12-20,0.0,26.06,55.2,6.43,126.6,IMD_NORMALS_SYNTHETIC
1996-12-21,0.0,24.21,60.4,4.68,142.9,IMD_NORMALS_SYNTHETIC
1996-12-22,0.0,25.32,47.9,13.05,154.3,IMD_NORMALS_SYNTHETIC
1996-12-23,0.0,22.55,58.8,3.13,142.1,IMD_NORMALS_SYNTHETIC
1996-12-24,0.0,25.8,60.8,4.02,144.7,IMD_NORMALS_SYNTHETIC
1996-12-25,0.0,25.88,44.1,7.95,171.0,IMD_NORMALS_SYNTHETIC
1996-12-26,0.0,24.9,52.4,10.57,167.4,IMD_NORMALS_SYNTHETIC
1996-12-27,0.0,21.83,55.1,7.14,193.7,IMD_NORMALS_SYNTHETIC
1996-12-28,0.0,24.8,48.8,12.37,131.1,IMD_NORMALS_SYNTHETIC
1996-12-29,0.0,23.83,45.0,12.6,141.0,IMD_NORMALS_SYNTHETIC
1996-12-30,0.0,25.57,48.6,11.31,166.2,IMD_NORMALS_SYNTHETIC
1996-12-31,0.0,24.97,52.6,7.91,169.5,IMD_NORMALS_SYNTHETIC
1997-01-01,0.0,26.55,53.5,4.86,174.9,IMD_NORMALS_SYNTHETIC
1997-01-02,0.0,23.86,52.8,15.15,145.2,IMD_NORMALS_SYNTHETIC
1997-01-03,0.0,27.35,52.0,8.05,149.0,IMD_NORMALS_SYNTHETIC
1997-01-04,0.0,26.36,57.0,10.95,179.4,IMD_NORMALS_SYNTHETIC
1997-01-05,0.0,24.49,55.7,7.97,173.9,IMD_NORMALS_SYNTHETIC
1997-01-06,0.0,27.64,53.9,14.6,177.0,IMD_NORMALS_SYNTHETIC
1997-01-07,0.0,22.6,59.2,4.89,192.4,IMD_NORMALS_SYNTHETIC
1997-01-08,0.0,25.88,55.4,7.75,167.9,IMD_NORMALS_SYNTHETIC
1997-01-09,0.0,24.08,52.1,7.85,159.4,IMD_NORMALS_SYNTHETIC
1997-01-10,0.0,26.8,45.4,14.23,129.7,IMD_NORMALS_SYNTHETIC
1997-01-11,0.0,25.5,54.4,12.9,159.0,IMD_NORMALS_SYNTHETIC
1997-01-12,0.0,23.5,54.5,12.2,183.9,IMD_NORMALS_SYNTHETIC
1997-01-13,0.0,22.2,58.2,6.52,162.8,IMD_NORMALS_SYNTHETIC
1997-01-14,0.0,25.48,41.1,7.78,166.7,IMD_NORMALS_SYNTHETIC
1997-01-15,0.0,24.48,58.1,10.46,177.4,IMD_NORMALS_SYNTHETIC
1997-01-16,0.0,22.63,54.3,8.81,151.7,IMD_NORMALS_SYNTHETIC
1997-01-17,0.0,25.53,57.7,3.38,177.4,IMD_NORMALS_SYNTHETIC
1997-01-18,0.0,25.41,46.2,7.41,178.2,IMD_NORMALS_SYNTHETIC
1997-01-19,0.0,25.92,58.1,8.35,177.9,IMD_NORMALS_SYNTHETIC
1997-01-20,0.0,21.76,46.7,6.63,194.1,IMD_NORMALS_SYNTHETIC
1997-01-21,0.0,23.74,53.5,5.55,163.2,IMD_NORMALS_SYNTHETIC
1997-01-22,0.0,23.96,49.0,5.83,133.3,IMD_NORMALS_SYNTHETIC
1997-01-23,0.0,21.88,46.2,4.36,159.1,IMD_NORMALS_SYNTHETIC
1997-01-24,0.0,25.59,52.1,7.84,155.9,IMD_NORMALS_SYNTHETIC
1997-01-25,5.543,26.22,47.5,10.79,140.2,IMD_NORMALS_SYNTHETIC
1997-01-26,0.0,23.13,57.2,9.0,143.4,IMD_NORMALS_SYNTHETIC
1997-01-27,0.0,23.92,53.9,6.27,148.1,IMD_NORMALS_SYNTHETIC
1997-01-28,0.0,24.52,50.0,4.6,159.8,IMD_NORMALS_SYNTHETIC
1997-01-29,0.0,21.42,52.7,11.88,161.7,IMD_NORMALS_SYNTHETIC
1997-01-30,0.0,27.16,49.7,11.26,157.3,IMD_NORMALS_SYNTHETIC
1997-01-31,0.0,24.89,49.6,9.29,183.4,IMD_NORMALS_SYNTHETIC
1997-02-01,0.0,27.85,41.7,4.77,158.2,IMD_NORMALS_SYNTHETIC
1997-02-02,0.319,25.44,53.9,5.42,158.9,IMD_NORMALS_SYNTHETIC
1997-02-03,0.0,24.45,44.1,8.02,173.3,IMD_NORMALS_SYNTHETIC
1997-02-04,0.0,28.25,36.4,4.17,180.7,IMD_NORMALS_SYNTHETIC
1997-02-05,0.0,28.66,48.1,4.69,195.2,IMD_NORMALS_SYNTHETIC
1997-02-06,0.0,26.36,55.1,7.19,169.0,IMD_NORMALS_SYNTHETIC
1997-02-07,0.0,30.29,46.5,2.82,126.3,IMD_NORMALS_SYNTHETIC
1997-02-08,0.0,25.97,40.0,8.14,161.6,IMD_NORMALS_SYNTHETIC
1997-02-09,0.0,26.57,44.8,8.07,165.4,IMD_NORMALS_SYNTHETIC
1997-02-10,0.0,27.09,45.7,8.18,172.2,IMD_NORMALS_SYNTHETIC
1997-02-11,0.0,27.25,48.9,11.86,208.1,IMD_NORMALS_SYNTHETIC
1997-02-12,0.0,26.85,41.7,10.84,171.9,IMD_NORMALS_SYNTHETIC
1997-02-13,0.0,26.59,50.7,12.44,182.2,IMD_NORMALS_SYNTHETIC
1997-02-14,0.0,28.68,44.9,7.37,145.9,IMD_NORMALS_SYNTHETIC
1997-02-15,0.0,29.94,41.5,8.14,165.5,IMD_NORMALS_SYNTHETIC
1997-02-16,0.0,27.49,52.5,4.79,160.6,IMD_NORMALS_SYNTHETIC
1997-02-17,0.0,28.42,43.5,3.95,181.7,IMD_NORMALS_SYNTHETIC
1997-02-18,1.228,27.44,41.5,9.98,213.9,IMD_NORMALS_SYNTHETIC
1997-02-19,5.746,26.28,54.2,12.41,198.7,IMD_NORMALS_SYNTHETIC
1997-02-20,0.0,28.05,41.4,4.29,175.9,IMD_NORMALS_SYNTHETIC
1997-02-21,0.0,27.55,44.1,0.54,149.9,IMD_NORMALS_SYNTHETIC
1997-02-22,0.0,24.24,46.4,5.35,205.7,IMD_NORMALS_SYNTHETIC
1997-02-23,0.0,28.87,45.9,9.77,185.4,IMD_NORMALS_SYNTHETIC
1997-02-24,0.0,26.85,46.0,13.38,216.0,IMD_NORMALS_SYNTHETIC
1997-02-25,0.0,29.1,36.7,7.45,182.6,IMD_NORMALS_SYNTHETIC
1997-02-26,0.0,27.34,45.7,9.77,180.0,IMD_NORMALS_SYNTHETIC
1997-02-27,0.0,27.7,39.3,8.89,154.0,IMD_NORMALS_SYNTHETIC
1997-02-28,0.0,28.2,38.7,4.5,186.0,IMD_NORMALS_SYNTHETIC
1997-03-01,0.0,32.38,36.6,8.36,243.1,IMD_NORMALS_SYNTHETIC
1997-03-02,0.0,32.76,36.3,7.33,217.0,IMD_NORMALS_SYNTHETIC
1997-03-03,0.0,29.31,34.7,7.69,196.6,IMD_NORMALS_SYNTHETIC
1997-03-04,0.0,29.27,45.8,7.93,179.2,IMD_NORMALS_SYNTHETIC
1997-03-05,0.0,32.38,43.4,1.24,190.0,IMD_NORMALS_SYNTHETIC
1997-03-06,0.0,30.78,35.2,8.16,148.0,IMD_NORMALS_SYNTHETIC
1997-03-07,0.0,31.9,48.2,13.77,160.4,IMD_NORMALS_SYNTHETIC
1997-03-08,0.0,27.0,38.4,4.08,209.9,IMD_NORMALS_SYNTHETIC
1997-03-09,0.0,28.39,35.9,11.83,195.1,IMD_NORMALS_SYNTHETIC
1997-03-10,0.0,29.63,37.4,6.85,195.3,IMD_NORMALS_SYNTHETIC
1997-03-11,0.0,28.65,41.9,6.33,196.4,IMD_NORMALS_SYNTHETIC
1997-03-12,0.0,32.55,35.7,3.33,206.2,IMD_NORMALS_SYNTHETIC
1997-03-13,0.0,29.74,42.9,6.04,211.8,IMD_NORMALS_SYNTHETIC
1997-03-14,0.0,30.45,22.1,4.3,214.7,IMD_NORMALS_SYNTHETIC
1997-03-15,0.0,29.56,33.9,7.28,173.5,IMD_NORMALS_SYNTHETIC
1997-03-16,0.0,28.5,35.4,10.26,179.3,IMD_NORMALS_SYNTHETIC
1997-03-17,0.0,31.5,31.4,6.2,190.5,IMD_NORMALS_SYNTHETIC
1997-03-18,0.0,29.89,44.5,6.73,197.2,IMD_NORMALS_SYNTHETIC
1997-03-19,0.0,29.45,32.6,7.01,212.1,IMD_NORMALS_SYNTHETIC
1997-03-20,0.0,32.59,31.6,11.76,194.7,IMD_NORMALS_SYNTHETIC
1997-03-21,0.0,32.89,32.9,5.36,184.1,IMD_NORMALS_SYNTHETIC
1997-03-22,0.0,31.47,34.3,14.76,160.4,IMD_NORMALS_SYNTHETIC
1997-03-23,0.0,31.1,42.9,11.48,240.9,IMD_NORMALS_SYNTHETIC
1997-03-24,0.0,30.81,37.9,13.85,181.7,IMD_NORMALS_SYNTHETIC
1997-03-25,0.0,31.35,44.7,8.33,198.7,IMD_NORMALS_SYNTHETIC
1997-03-26,0.0,30.2,39.4,7.0,177.4,IMD_NORMALS_SYNTHETIC
1997-03-27,0.0,29.63,38.4,5.79,192.8,IMD_NORMALS_SYNTHETIC
1997-03-28,0.0,30.33,41.3,11.67,180.2,IMD_NORMALS_SYNTHETIC
1997-03-29,0.0,32.27,33.8,11.07,180.2,IMD_NORMALS_SYNTHETIC
1997-03-30,0.0,31.57,34.3,9.44,203.6,IMD_NORMALS_SYNTHETIC
1997-03-31,0.0,29.05,44.0,4.19,166.5,IMD_NORMALS_SYNTHETIC
1997-04-01,0.0,37.75,43.0,5.55,209.5,IMD_NORMALS_SYNTHETIC
1997-04-02,0.0,34.29,36.2,9.69,246.1,IMD_NORMALS_SYNTHETIC
1997-04-03,0.0,35.34,38.5,8.62,213.3,IMD_NORMALS_SYNTHETIC
1997-04-04,0.0,34.63,45.8,7.96,226.2,IMD_NORMALS_SYNTHETIC
1997-04-05,0.0,36.23,37.1,12.68,233.1,IMD_NORMALS_SYNTHETIC
1997-04-06,0.0,33.62,36.1,8.97,231.2,IMD_NORMALS_SYNTHETIC
1997-04-07,0.0,35.99,40.1,2.23,225.0,IMD_NORMALS_SYNTHETIC
1997-04-08,0.0,35.77,31.0,5.58,251.6,IMD_NORMALS_SYNTHETIC
1997-04-09,0.0,35.74,37.0,12.89,220.3,IMD_NORMALS_SYNTHETIC
1997-04-10,0.0,34.99,45.3,5.7,209.6,IMD_NORMALS_SYNTHETIC
1997-04-11,0.0,35.13,31.0,6.31,201.3,IMD_NORMALS_SYNTHETIC
1997-04-12,0.0,33.46,40.9,8.59,217.6,IMD_NORMALS_SYNTHETIC
1997-04-13,0.0,34.88,39.0,8.22,205.8,IMD_NORMALS_SYNTHETIC
1997-04-14,0.0,31.82,35.7,11.82,210.9,IMD_NORMALS_SYNTHETIC
1997-04-15,0.0,31.74,40.7,7.98,177.1,IMD_NORMALS_SYNTHETIC
1997-04-16,0.0,35.25,40.3,10.07,259.5,IMD_NORMALS_SYNTHETIC
1997-04-17,0.0,35.21,30.1,6.47,207.2,IMD_NORMALS_SYNTHETIC
1997-04-18,0.0,33.9,35.4,8.63,214.2,IMD_NORMALS_SYNTHETIC
1997-04-19,0.0,34.54,33.4,8.32,187.9,IMD_NORMALS_SYNTHETIC
1997-04-20,0.0,38.08,27.7,10.31,204.6,IMD_NORMALS_SYNTHETIC
1997-04-21,0.0,35.7,28.5,11.32,211.1,IMD_NORMALS_SYNTHETIC
1997-04-22,0.0,35.82,31.9,3.97,210.6,IMD_NORMALS_SYNTHETIC
1997-04-23,0.0,34.39,31.9,5.34,204.3,IMD_NORMALS_SYNTHETIC
1997-04-24,0.0,31.42,42.8,4.88,222.9,IMD_NORMALS_SYNTHETIC
1997-04-25,0.0,34.35,31.7,9.8,199.9,IMD_NORMALS_SYNTHETIC
1997-04-26,0.0,31.84,35.1,9.17,195.2,IMD_NORMALS_SYNTHETIC
1997-04-27,0.0,32.55,32.0,11.57,186.3,IMD_NORMALS_SYNTHETIC
1997-04-28,0.0,34.86,33.5,0.62,214.2,IMD_NORMALS_SYNTHETIC
1997-04-29,0.0,36.13,33.3,11.44,183.2,IMD_NORMALS_SYNTHETIC
1997-04-30,0.0,34.92,37.7,3.32,236.7,IMD_NORMALS_SYNTHETIC
1997-05-01,0.0,36.13,44.9,9.57,210.2,IMD_NORMALS_SYNTHETIC
1997-05-02,0.0,35.25,37.8,12.69,241.8,IMD_NORMALS_SYNTHETIC
1997-05-03,0.0,32.13,46.1,17.3,232.1,IMD_NORMALS_SYNTHETIC
1997-05-04,0.0,33.93,46.5,11.27,196.4,IMD_NORMALS_SYNTHETIC
1997-05-05,0.0,35.48,44.5,9.03,207.7,IMD_NORMALS_SYNTHETIC
1997-05-06,0.0,37.46,45.6,7.59,206.2,IMD_NORMALS_SYNTHETIC
1997-05-07,0.0,36.17,54.1,9.3,248.6,IMD_NORMALS_SYNTHETIC
1997-05-08,0.0,38.92,53.2,3.3,248.4,IMD_NORMALS_SYNTHETIC
1997-05-09,0.0,33.95,34.6,7.1,230.6,IMD_NORMALS_SYNTHETIC
1997-05-10,4.117,34.89,40.8,9.54,210.4,IMD_NORMALS_SYNTHETIC
1997-05-11,0.0,33.14,32.5,9.39,230.4,IMD_NORMALS_SYNTHETIC
1997-05-12,0.0,37.04,44.5,10.87,247.3,IMD_NORMALS_SYNTHETIC
1997-05-13,0.0,32.59,46.7,11.25,215.0,IMD_NORMALS_SYNTHETIC
1997-05-14,0.0,32.68,47.6,14.29,228.0,IMD_NORMALS_SYNTHETIC
1997-05-15,0.0,32.95,38.5,10.42,250.4,IMD_NORMALS_SYNTHETIC
1997-05-16,4.952,34.16,38.2,8.0,234.2,IMD_NORMALS_SYNTHETIC
1997-05-17,0.0,33.31,46.0,9.21,223.3,IMD_NORMALS_SYNTHETIC
1997-05-18,0.0,35.53,36.6,0.79,229.5,IMD_NORMALS_SYNTHETIC
1997-05-19,0.0,35.47,47.3,6.95,216.4,IMD_NORMALS_SYNTHETIC
1997-05-20,0.0,37.69,34.9,8.92,233.6,IMD_NORMALS_SYNTHETIC
1997-05-21,0.0,32.92,46.0,4.09,236.2,IMD_NORMALS_SYNTHETIC
1997-05-22,0.0,33.07,37.4,8.72,206.8,IMD_NORMALS_SYNTHETIC
1997-05-23,9.743,31.85,42.4,7.03,224.3,IMD_NORMALS_SYNTHETIC
1997-05-24,3.041,35.89,36.1,5.65,173.5,IMD_NORMALS_SYNTHETIC
1997-05-25,0.0,36.18,41.0,8.1,231.9,IMD_NORMALS_SYNTHETIC
1997-05-26,0.0,32.67,39.7,7.76,223.4,IMD_NORMALS_SYNTHETIC
1997-05-27,0.0,32.81,52.9,5.85,203.7,IMD_NORMALS_SYNTHETIC
1997-05-28,0.0,32.19,49.6,4.02,246.7,IMD_NORMALS_SYNTHETIC
1997-05-29,0.0,38.23,46.4,10.45,225.3,IMD_NORMALS_SYNTHETIC
1997-05-30,0.0,35.56,37.9,8.61,218.1,IMD_NORMALS_SYNTHETIC
1997-05-31,0.35,33.9,36.2,12.3,211.5,IMD_NORMALS_SYNTHETIC
1997-06-01,17.336,30.11,61.7,8.3,196.4,IMD_NORMALS_SYNTHETIC
1997-06-02,0.0,30.54,63.8,3.13,211.2,IMD_NORMALS_SYNTHETIC
1997-06-03,0.0,29.31,66.6,8.97,231.8,IMD_NORMALS_SYNTHETIC
1997-06-04,0.0,33.63,62.8,5.12,219.2,IMD_NORMALS_SYNTHETIC
1997-06-05,0.0,31.43,66.5,4.95,239.2,IMD_NORMALS_SYNTHETIC
1997-06-06,0.0,32.35,68.4,9.12,214.5,IMD_NORMALS_SYNTHETIC
1997-06-07,7.944,31.05,63.9,7.39,237.8,IMD_NORMALS_SYNTHETIC
1997-06-08,0.0,34.82,55.0,12.56,271.2,IMD_NORMALS_SYNTHETIC
1997-06-09,0.0,31.49,69.4,5.89,230.1,IMD_NORMALS_SYNTHETIC
1997-06-10,5.906,27.94,58.6,8.01,244.1,IMD_NORMALS_SYNTHETIC
1997-06-11,7.583,32.69,68.2,10.58,262.5,IMD_NORMALS_SYNTHETIC
1997-06-12,0.0,34.48,62.1,10.56,223.6,IMD_NORMALS_SYNTHETIC
1997-06-13,40.773,33.16,64.8,10.15,199.8,IMD_NORMALS_SYNTHETIC
1997-06-14,0.0,32.28,59.9,5.51,228.4,IMD_NORMALS_SYNTHETIC
1997-06-15,24.419,30.84,71.1,7.01,249.2,IMD_NORMALS_SYNTHETIC
1997-06-16,0.0,29.9,55.9,9.75,250.4,IMD_NORMALS_SYNTHETIC
1997-06-17,15.226,30.62,67.6,6.42,257.7,IMD_NORMALS_SYNTHETIC
1997-06-18,0.0,28.84,61.4,1.58,229.4,IMD_NORMALS_SYNTHETIC
1997-06-19,0.0,30.05,59.6,7.05,216.9,IMD_NORMALS_SYNTHETIC
1997-06-20,0.0,31.7,61.4,14.07,248.5,IMD_NORMALS_SYNTHETIC
1997-06-21,2.431,30.96,65.1,9.38,235.7,IMD_NORMALS_SYNTHETIC
1997-06-22,7.207,31.13,60.3,5.79,264.2,IMD_NORMALS_SYNTHETIC
1997-06-23,0.0,30.37,60.9,8.64,219.2,IMD_NORMALS_SYNTHETIC
1997-06-24,13.04,31.81,58.1,8.78,233.9,IMD_NORMALS_SYNTHETIC
1997-06-25,0.0,31.58,62.9,5.2,243.5,IMD_NORMALS_SYNTHETIC
1997-06-26,7.686,31.27,73.7,9.93,264.4,IMD_NORMALS_SYNTHETIC
1997-06-27,0.0,32.63,60.1,10.26,251.6,IMD_NORMALS_SYNTHETIC
1997-06-28,0.0,31.6,61.4,6.32,268.4,IMD_NORMALS_SYNTHETIC
1997-06-29,0.0,31.55,64.6,13.9,212.0,IMD_NORMALS_SYNTHETIC
1997-06-30,0.0,33.97,61.2,10.83,203.3,IMD_NORMALS_SYNTHETIC
1997-07-01,0.0,27.66,71.8,10.93,242.5,IMD_NORMALS_SYNTHETIC
1997-07-02,0.0,28.28,75.1,9.32,243.4,IMD_NORMALS_SYNTHETIC
1997-07-03,0.0,29.6,77.0,8.44,226.1,IMD_NORMALS_SYNTHETIC
1997-07-04,36.996,30.72,70.6,10.06,208.7,IMD_NORMALS_SYNTHETIC
1997-07-05,18.659,30.27,63.3,6.68,167.0,IMD_NORMALS_SYNTHETIC
1997-07-06,0.0,28.96,79.0,9.29,215.0,IMD_NORMALS_SYNTHETIC
1997-07-07,0.0,26.74,74.8,6.36,228.3,IMD_NORMALS_SYNTHETIC
1997-07-08,8.042,27.87,75.0,13.64,283.7,IMD_NORMALS_SYNTHETIC
1997-07-09,1.32,30.54,74.6,6.45,228.3,IMD_NORMALS_SYNTHETIC
1997-07-10,7.08,27.98,77.4,1.05,251.7,IMD_NORMALS_SYNTHETIC
1997-07-11,19.221,29.87,81.2,3.66,199.1,IMD_NORMALS_SYNTHETIC
1997-07-12,0.0,26.09,64.7,10.19,209.6,IMD_NORMALS_SYNTHETIC
1997-07-13,0.0,26.63,69.0,8.07,245.4,IMD_NORMALS_SYNTHETIC
1997-07-14,10.932,30.35,76.1,1.88,236.6,IMD_NORMALS_SYNTHETIC
1997-07-15,0.669,31.27,74.9,10.86,255.2,IMD_NORMALS_SYNTHETIC
1997-07-16,3.621,29.48,76.7,9.48,232.3,IMD_NORMALS_SYNTHETIC
1997-07-17,0.0,31.1,73.9,3.6,205.7,IMD_NORMALS_SYNTHETIC
1997-07-18,0.0,27.45,70.6,5.98,201.6,IMD_NORMALS_SYNTHETIC
1997-07-19,28.716,31.04,74.7,9.91,284.7,IMD_NORMALS_SYNTHETIC
1997-07-20,27.061,26.93,69.5,3.77,230.5,IMD_NORMALS_SYNTHETIC
1997-07-21,12.325,28.58,71.0,6.29,208.3,IMD_NORMALS_SYNTHETIC
1997-07-22,10.863,28.85,76.0,8.25,233.9,IMD_NORMALS_SYNTHETIC
1997-07-23,34.828,29.15,75.9,5.42,231.8,IMD_NORMALS_SYNTHETIC
1997-07-24,0.0,29.44,78.4,7.31,210.8,IMD_NORMALS_SYNTHETIC
1997-07-25,26.562,28.54,69.8,6.02,223.4,IMD_NORMALS_SYNTHETIC
1997-07-26,0.82,26.86,74.1,7.55,234.0,IMD_NORMALS_SYNTHETIC
1997-07-27,0.0,29.36,67.4,5.21,211.0,IMD_NORMALS_SYNTHETIC
1997-07-28,0.0,27.73,79.8,4.17,235.4,IMD_NORMALS_SYNTHETIC
1997-07-29,0.0,31.8,75.0,9.84,231.0,IMD_NORMALS_SYNTHETIC
1997-07-30,0.0,26.51,69.1,6.77,197.7,IMD_NORMALS_SYNTHETIC
1997-07-31,0.0,28.43,65.6,6.0,211.2,IMD_NORMALS_SYNTHETIC
1997-08-01,10.853,28.38,75.7,5.86,236.7,IMD_NORMALS_SYNTHETIC
1997-08-02,0.0,26.82,79.1,4.06,190.3,IMD_NORMALS_SYNTHETIC
1997-08-03,0.0,26.92,68.1,8.47,207.5,IMD_NORMALS_SYNTHETIC
1997-08-04,0.0,32.39,78.0,8.39,201.8,IMD_NORMALS_SYNTHETIC
1997-08-05,0.0,28.58,74.6,9.83,220.0,IMD_NORMALS_SYNTHETIC
1997-08-06,7.344,28.03,76.0,5.64,225.2,IMD_NORMALS_SYNTHETIC
1997-08-07,0.0,30.1,83.3,11.87,210.4,IMD_NORMALS_SYNTHETIC
1997-08-08,0.0,30.19,77.7,11.06,171.6,IMD_NORMALS_SYNTHETIC
1997-08-09,15.477,29.45,75.2,3.69,196.3,IMD_NORMALS_SYNTHETIC
1997-08-10,1.615,30.13,67.9,7.16,193.7,IMD_NORMALS_SYNTHETIC
1997-08-11,43.688,30.52,79.1,7.37,220.5,IMD_NORMALS_SYNTHETIC
1997-08-12,2.161,27.23,70.6,3.08,237.4,IMD_NORMALS_SYNTHETIC
1997-08-13,0.0,30.46,82.2,6.47,202.7,IMD_NORMALS_SYNTHETIC
1997-08-14,0.0,28.13,75.9,3.44,195.0,IMD_NORMALS_SYNTHETIC
1997-08-15,0.0,27.17,81.4,4.95,203.3,IMD_NORMALS_SYNTHETIC
1997-08-16,0.0,28.26,72.1,12.46,187.5,IMD_NORMALS_SYNTHETIC
1997-08-17,0.0,30.22,72.2,4.72,222.5,IMD_NORMALS_SYNTHETIC
1997-08-18,1.417,30.36,62.6,10.54,205.7,IMD_NORMALS_SYNTHETIC
1997-08-19,0.0,25.59,77.7,7.18,156.0,IMD_NORMALS_SYNTHETIC
1997-08-20,0.0,28.11,76.9,8.09,197.7,IMD_NORMALS_SYNTHETIC
1997-08-21,8.404,28.11,74.4,6.04,227.2,IMD_NORMALS_SYNTHETIC
1997-08-22,5.918,29.86,77.7,10.24,219.6,IMD_NORMALS_SYNTHETIC
1997-08-23,0.0,27.18,81.4,2.97,233.4,IMD_NORMALS_SYNTHETIC
1997-08-24,7.883,32.03,75.1,8.71,202.1,IMD_NORMALS_SYNTHETIC
1997-08-25,0.0,28.29,73.5,11.09,207.9,IMD_NORMALS_SYNTHETIC
1997-08-26,0.0,27.52,68.1,14.37,230.5,IMD_NORMALS_SYNTHETIC
1997-08-27,0.0,29.03,68.5,0.35,196.5,IMD_NORMALS_SYNTHETIC
1997-08-28,18.02,28.42,73.7,11.27,205.6,IMD_NORMALS_SYNTHETIC
1997-08-29,13.952,28.82,77.3,7.76,242.5,IMD_NORMALS_SYNTHETIC
1997-08-30,17.485,28.7,62.6,10.97,241.0,IMD_NORMALS_SYNTHETIC
1997-08-31,0.0,30.64,71.2,5.82,199.1,IMD_NORMALS_SYNTHETIC
1997-09-01,17.754,27.47,73.5,10.72,205.3,IMD_NORMALS_SYNTHETIC
1997-09-02,0.0,31.35,74.3,5.05,212.8,IMD_NORMALS_SYNTHETIC
1997-09-03,0.0,30.09,67.7,5.88,220.5,IMD_NORMALS_SYNTHETIC
1997-09-04,2.336,27.18,69.4,4.96,218.6,IMD_NORMALS_SYNTHETIC
1997-09-05,0.0,29.93,72.3,5.88,213.6,IMD_NORMALS_SYNTHETIC
1997-09-06,0.0,25.65,71.0,6.44,214.5,IMD_NORMALS_SYNTHETIC
1997-09-07,0.0,28.72,67.6,8.16,198.4,IMD_NORMALS_SYNTHETIC
1997-09-08,0.0,28.93,71.0,8.03,185.3,IMD_NORMALS_SYNTHETIC
1997-09-09,8.711,28.68,72.3,7.14,194.3,IMD_NORMALS_SYNTHETIC
1997-09-10,0.0,26.82,71.1,9.05,178.8,IMD_NORMALS_SYNTHETIC
1997-09-11,7.264,26.86,71.6,10.22,167.6,IMD_NORMALS_SYNTHETIC
1997-09-12,0.0,28.65,71.0,10.87,196.9,IMD_NORMALS_SYNTHETIC
1997-09-13,0.0,28.77,72.2,13.65,174.1,IMD_NORMALS_SYNTHETIC
1997-09-14,0.0,27.37,74.5,7.67,173.5,IMD_NORMALS_SYNTHETIC
1997-09-15,21.031,28.75,72.4,6.35,195.1,IMD_NORMALS_SYNTHETIC
1997-09-16,2.306,27.76,69.8,6.46,175.2,IMD_NORMALS_SYNTHETIC
1997-09-17,3.358,27.99,70.6,5.79,215.1,IMD_NORMALS_SYNTHETIC
1997-09-18,0.0,28.33,67.6,7.81,141.1,IMD_NORMALS_SYNTHETIC
1997-09-19,0.0,27.89,75.7,6.68,196.4,IMD_NORMALS_SYNTHETIC
1997-09-20,0.0,28.65,69.8,9.58,194.9,IMD_NORMALS_SYNTHETIC
1997-09-21,4.97,25.71,77.1,11.84,212.3,IMD_NORMALS_SYNTHETIC
1997-09-22,4.652,29.53,71.7,6.01,240.4,IMD_NORMALS_SYNTHETIC
1997-09-23,0.0,28.31,70.5,2.93,201.9,IMD_NORMALS_SYNTHETIC
1997-09-24,0.0,26.92,60.9,8.4,151.4,IMD_NORMALS_SYNTHETIC
1997-09-25,11.031,29.06,76.8,5.93,169.1,IMD_NORMALS_SYNTHETIC
1997-09-26,42.923,30.03,68.1,7.63,198.5,IMD_NORMALS_SYNTHETIC
1997-09-27,0.0,28.64,65.7,6.74,194.6,IMD_NORMALS_SYNTHETIC
1997-09-28,0.0,29.63,74.2,2.18,195.8,IMD_NORMALS_SYNTHETIC
1997-09-29,0.0,28.53,65.3,11.28,184.3,IMD_NORMALS_SYNTHETIC
1997-09-30,0.0,26.52,75.4,7.06,201.3,IMD_NORMALS_SYNTHETIC
1997-10-01,9.01,28.61,64.0,8.12,143.6,IMD_NORMALS_SYNTHETIC
1997-10-02,0.0,26.43,65.3,8.03,192.2,IMD_NORMALS_SYNTHETIC
1997-10-03,0.0,23.55,66.2,8.41,219.2,IMD_NORMALS_SYNTHETIC
1997-10-04,0.0,28.52,64.5,15.39,184.3,IMD_NORMALS_SYNTHETIC
1997-10-05,0.0,27.17,65.6,7.44,194.0,IMD_NORMALS_SYNTHETIC
1997-10-06,21.043,28.47,68.8,4.82,181.2,IMD_NORMALS_SYNTHETIC
1997-10-07,0.0,25.83,66.4,9.71,236.4,IMD_NORMALS_SYNTHETIC
1997-10-08,19.046,29.36,66.7,10.38,165.0,IMD_NORMALS_SYNTHETIC
1997-10-09,0.0,27.7,69.2,6.8,150.3,IMD_NORMALS_SYNTHETIC
1997-10-10,0.0,26.44,62.4,10.04,201.0,IMD_NORMALS_SYNTHETIC
1997-10-11,0.0,30.48,55.2,3.17,190.8,IMD_NORMALS_SYNTHETIC
1997-10-12,0.0,30.66,65.7,4.57,214.2,IMD_NORMALS_SYNTHETIC
1997-10-13,0.0,27.6,58.3,9.62,167.4,IMD_NORMALS_SYNTHETIC
1997-10-14,1.887,27.49,66.0,10.04,181.0,IMD_NORMALS_SYNTHETIC
1997-10-15,0.0,28.05,73.1,7.97,149.1,IMD_NORMALS_SYNTHETIC
1997-10-16,69.994,28.74,63.1,12.2,163.2,IMD_NORMALS_SYNTHETIC
1997-10-17,0.0,25.17,65.7,11.63,183.4,IMD_NORMALS_SYNTHETIC
1997-10-18,0.0,28.09,61.5,6.17,170.3,IMD_NORMALS_SYNTHETIC
1997-10-19,0.0,30.3,69.5,4.05,183.9,IMD_NORMALS_SYNTHETIC
1997-10-20,0.0,27.89,61.8,9.64,187.0,IMD_NORMALS_SYNTHETIC
1997-10-21,0.0,30.27,70.6,7.75,175.8,IMD_NORMALS_SYNTHETIC
1997-10-22,0.0,29.18,59.0,9.16,139.2,IMD_NORMALS_SYNTHETIC
1997-10-23,14.442,25.04,66.4,3.5,184.3,IMD_NORMALS_SYNTHETIC
1997-10-24,0.0,28.71,57.9,12.26,154.1,IMD_NORMALS_SYNTHETIC
1997-10-25,2.266,29.16,59.8,11.51,177.1,IMD_NORMALS_SYNTHETIC
1997-10-26,5.567,28.35,65.9,5.92,202.0,IMD_NORMALS_SYNTHETIC
1997-10-27,0.0,28.3,58.7,7.47,164.4,IMD_NORMALS_SYNTHETIC
1997-10-28,0.0,30.27,71.7,3.72,186.1,IMD_NORMALS_SYNTHETIC
1997-10-29,0.0,27.19,66.9,12.61,196.6,IMD_NORMALS_SYNTHETIC
1997-10-30,0.0,30.06,64.3,7.83,179.5,IMD_NORMALS_SYNTHETIC
1997-10-31,0.0,27.48,66.5,4.51,170.4,IMD_NORMALS_SYNTHETIC
1997-11-01,0.0,28.72,57.5,5.69,164.9,IMD_NORMALS_SYNTHETIC
1997-11-02,0.0,24.3,65.1,12.94,184.1,IMD_NORMALS_SYNTHETIC
1997-11-03,0.0,26.67,52.7,10.49,130.5,IMD_NORMALS_SYNTHETIC
1997-11-04,0.0,27.6,59.5,2.06,135.6,IMD_NORMALS_SYNTHETIC
1997-11-05,0.0,29.36,54.8,15.46,187.3,IMD_NORMALS_SYNTHETIC
1997-11-06,0.0,24.45,52.5,9.14,186.4,IMD_NORMALS_SYNTHETIC
1997-11-07,0.0,22.83,56.0,12.89,198.4,IMD_NORMALS_SYNTHETIC
1997-11-08,0.0,28.03,57.3,7.58,156.3,IMD_NORMALS_SYNTHETIC
1997-11-09,0.0,24.88,56.1,10.68,142.9,IMD_NORMALS_SYNTHETIC
1997-11-10,0.0,25.57,57.0,5.3,164.3,IMD_NORMALS_SYNTHETIC
1997-11-11,0.0,25.26,46.2,11.92,132.8,IMD_NORMALS_SYNTHETIC
1997-11-12,0.0,26.81,48.7,6.58,150.5,IMD_NORMALS_SYNTHETIC
1997-11-13,0.0,23.46,60.7,7.85,196.5,IMD_NORMALS_SYNTHETIC
1997-11-14,0.0,25.22,62.1,6.59,179.9,IMD_NORMALS_SYNTHETIC
1997-11-15,0.0,24.75,51.4,6.86,158.8,IMD_NORMALS_SYNTHETIC
1997-11-16,0.0,27.53,55.4,5.9,164.8,IMD_NORMALS_SYNTHETIC
1997-11-17,0.0,23.63,56.0,10.37,176.9,IMD_NORMALS_SYNTHETIC
1997-11-18,0.0,26.2,60.4,5.44,157.4,IMD_NORMALS_SYNTHETIC
1997-11-19,0.0,24.76,59.2,4.12,165.3,IMD_NORMALS_SYNTHETIC
1997-11-20,0.0,25.34,61.5,4.38,161.8,IMD_NORMALS_SYNTHETIC
1997-11-21,0.0,27.02,54.9,11.75,189.3,IMD_NORMALS_SYNTHETIC
1997-11-22,0.0,22.65,53.5,7.42,171.2,IMD_NORMALS_SYNTHETIC
1997-11-23,0.0,25.06,54.4,5.47,155.3,IMD_NORMALS_SYNTHETIC
1997-11-24,3.481,25.23,55.7,14.12,181.3,IMD_NORMALS_SYNTHETIC
1997-11-25,0.0,23.52,55.1,8.8,201.6,IMD_NORMALS_SYNTHETIC
1997-11-26,0.0,24.92,51.0,13.5,190.7,IMD_NORMALS_SYNTHETIC
1997-11-27,0.0,24.01,58.8,5.09,135.6,IMD_NORMALS_SYNTHETIC
1997-11-28,0.0,25.02,52.6,2.64,136.9,IMD_NORMALS_SYNTHETIC
1997-11-29,0.0,26.29,62.5,7.14,184.3,IMD_NORMALS_SYNTHETIC
1997-11-30,0.0,24.21,64.7,0.88,127.6,IMD_NORMALS_SYNTHETIC
1997-12-01,0.0,28.01,52.2,5.82,168.7,IMD_NORMALS_SYNTHETIC
1997-12-02,0.0,25.32,61.2,3.88,150.0,IMD_NORMALS_SYNTHETIC
1997-12-03,0.0,21.81,63.6,11.19,131.4,IMD_NORMALS_SYNTHETIC
1997-12-04,0.0,23.57,55.4,4.68,105.8,IMD_NORMALS_SYNTHETIC
1997-12-05,0.0,24.7,52.7,10.69,143.5,IMD_NORMALS_SYNTHETIC
1997-12-06,0.0,24.43,59.2,0.04,143.6,IMD_NORMALS_SYNTHETIC
1997-12-07,0.0,26.31,51.1,11.16,175.9,IMD_NORMALS_SYNTHETIC
1997-12-08,0.0,24.46,47.9,8.67,137.3,IMD_NORMALS_SYNTHETIC
1997-12-09,0.0,26.43,53.5,12.59,184.8,IMD_NORMALS_SYNTHETIC
1997-12-10,0.0,25.1,58.2,1.45,171.2,IMD_NORMALS_SYNTHETIC
1997-12-11,0.0,21.73,59.9,10.13,150.3,IMD_NORMALS_SYNTHETIC
1997-12-12,0.0,25.47,55.3,9.99,133.4,IMD_NORMALS_SYNTHETIC
1997-12-13,0.0,22.22,60.5,6.63,164.8,IMD_NORMALS_SYNTHETIC
1997-12-14,0.0,26.35,46.6,11.47,125.1,IMD_NORMALS_SYNTHETIC
1997-12-15,0.0,24.23,45.1,11.93,121.9,IMD_NORMALS_SYNTHETIC
1997-12-16,0.0,23.46,63.5,2.13,141.1,IMD_NORMALS_SYNTHETIC
1997-12-17,0.0,24.76,52.8,7.29,168.4,IMD_NORMALS_SYNTHETIC
1997-12-18,0.0,22.08,48.7,8.29,176.1,IMD_NORMALS_SYNTHETIC
1997-12-19,0.0,22.05,58.9,6.68,120.3,IMD_NORMALS_SYNTHETIC
1997-12-20,0.0,20.56,55.1,10.75,123.9,IMD_NORMALS_SYNTHETIC
1997-12-21,0.0,25.74,55.3,10.36,169.5,IMD_NORMALS_SYNTHETIC
1997-12-22,0.0,24.12,58.7,0.52,129.6,IMD_NORMALS_SYNTHETIC
1997-12-23,21.678,24.0,47.0,7.34,141.4,IMD_NORMALS_SYNTHETIC
1997-12-24,0.0,20.85,47.3,7.39,145.3,IMD_NORMALS_SYNTHETIC
1997-12-25,0.0,25.42,55.6,10.2,148.1,IMD_NORMALS_SYNTHETIC
1997-12-26,0.0,22.64,55.6,4.9,141.2,IMD_NORMALS_SYNTHETIC
1997-12-27,0.0,23.81,53.9,8.95,152.1,IMD_NORMALS_SYNTHETIC
1997-12-28,0.0,21.04,54.2,1.29,128.4,IMD_NORMALS_SYNTHETIC
1997-12-29,0.0,24.97,54.6,11.12,168.6,IMD_NORMALS_SYNTHETIC
1997-12-30,0.0,22.62,58.8,1.69,179.0,IMD_NORMALS_SYNTHETIC
1997-12-31,0.0,22.4,63.1,9.26,157.7,IMD_NORMALS_SYNTHETIC
1998-01-01,0.881,21.89,50.4,1.9,179.0,IMD_NORMALS_SYNTHETIC
1998-01-02,0.0,23.22,56.9,15.28,143.6,IMD_NORMALS_SYNTHETIC
1998-01-03,0.0,23.51,55.3,8.22,140.8,IMD_NORMALS_SYNTHETIC
1998-01-04,0.0,22.79,52.5,8.9,194.6,IMD_NORMALS_SYNTHETIC
1998-01-05,0.0,25.77,59.0,8.5,184.5,IMD_NORMALS_SYNTHETIC
1998-01-06,0.0,26.75,50.5,4.56,150.6,IMD_NORMALS_SYNTHETIC
1998-01-07,0.0,19.48,54.7,6.19,161.9,IMD_NORMALS_SYNTHETIC
1998-01-08,0.0,23.22,54.0,2.27,171.3,IMD_NORMALS_SYNTHETIC
1998-01-09,5.78,27.36,59.5,6.86,173.7,IMD_NORMALS_SYNTHETIC
1998-01-10,0.0,21.5,55.1,7.2,174.7,IMD_NORMALS_SYNTHETIC
1998-01-11,0.0,20.97,51.6,3.2,164.5,IMD_NORMALS_SYNTHETIC
1998-01-12,0.0,25.52,53.6,11.31,149.5,IMD_NORMALS_SYNTHETIC
1998-01-13,0.0,22.58,49.3,11.47,197.5,IMD_NORMALS_SYNTHETIC
1998-01-14,0.0,23.68,53.7,8.52,145.7,IMD_NORMALS_SYNTHETIC
1998-01-15,0.0,24.56,45.6,10.86,138.1,IMD_NORMALS_SYNTHETIC
1998-01-16,0.0,25.27,49.1,9.5,154.5,IMD_NORMALS_SYNTHETIC
1998-01-17,0.0,27.37,56.6,8.44,143.2,IMD_NORMALS_SYNTHETIC
1998-01-18,0.0,23.9,52.3,7.56,163.1,IMD_NORMALS_SYNTHETIC
1998-01-19,0.0,25.32,65.5,9.93,166.0,IMD_NORMALS_SYNTHETIC
1998-01-20,0.0,26.19,44.6,6.24,148.9,IMD_NORMALS_SYNTHETIC
1998-01-21,0.0,22.99,57.0,10.61,181.4,IMD_NORMALS_SYNTHETIC
1998-01-22,0.0,23.78,48.2,6.76,180.2,IMD_NORMALS_SYNTHETIC
1998-01-23,5.065,26.87,53.5,7.36,158.8,IMD_NORMALS_SYNTHETIC
1998-01-24,0.0,23.4,55.3,9.21,154.5,IMD_NORMALS_SYNTHETIC
1998-01-25,0.0,23.43,55.9,0.98,154.7,IMD_NORMALS_SYNTHETIC
1998-01-26,0.0,24.11,52.0,11.12,169.3,IMD_NORMALS_SYNTHETIC
1998-01-27,0.0,24.21,55.3,8.44,141.3,IMD_NORMALS_SYNTHETIC
1998-01-28,0.0,23.2,43.2,7.85,152.2,IMD_NORMALS_SYNTHETIC
1998-01-29,0.0,27.25,47.8,7.19,164.9,IMD_NORMALS_SYNTHETIC
1998-01-30,0.0,25.55,54.5,8.14,163.1,IMD_NORMALS_SYNTHETIC
1998-01-31,0.0,24.16,51.2,13.46,173.0,IMD_NORMALS_SYNTHETIC
1998-02-01,0.0,25.77,40.6,7.91,149.2,IMD_NORMALS_SYNTHETIC
1998-02-02,0.0,27.37,49.1,9.8,170.1,IMD_NORMALS_SYNTHETIC
1998-02-03,0.0,28.2,40.1,1.1,207.1,IMD_NORMALS_SYNTHETIC
1998-02-04,0.0,27.75,42.6,2.98,200.1,IMD_NORMALS_SYNTHETIC
1998-02-05,0.0,26.48,47.0,8.74,175.6,IMD_NORMALS_SYNTHETIC
1998-02-06,0.0,27.83,45.8,7.42,191.3,IMD_NORMALS_SYNTHETIC
1998-02-07,0.0,27.71,52.7,9.04,182.7,IMD_NORMALS_SYNTHETIC
1998-02-08,0.0,26.16,37.6,9.78,193.9,IMD_NORMALS_SYNTHETIC
1998-02-09,0.0,28.91,34.2,11.34,147.9,IMD_NORMALS_SYNTHETIC
1998-02-10,0.0,28.89,45.5,9.48,178.1,IMD_NORMALS_SYNTHETIC
1998-02-11,0.0,26.84,46.8,2.57,189.2,IMD_NORMALS_SYNTHETIC
1998-02-12,0.0,24.2,45.2,6.69,169.2,IMD_NORMALS_SYNTHETIC
1998-02-13,0.0,30.03,40.4,10.87,167.3,IMD_NORMALS_SYNTHETIC
1998-02-14,10.915,25.91,45.2,1.44,167.3,IMD_NORMALS_SYNTHETIC
1998-02-15,0.0,29.93,43.9,7.3,187.5,IMD_NORMALS_SYNTHETIC
1998-02-16,0.0,29.39,46.7,8.81,165.0,IMD_NORMALS_SYNTHETIC
1998-02-17,0.0,26.16,35.0,7.9,169.8,IMD_NORMALS_SYNTHETIC
1998-02-18,0.0,26.97,38.8,1.41,189.1,IMD_NORMALS_SYNTHETIC
1998-02-19,0.0,29.66,45.0,11.2,156.7,IMD_NORMALS_SYNTHETIC
1998-02-20,0.0,28.88,40.8,8.9,156.5,IMD_NORMALS_SYNTHETIC
1998-02-21,0.0,28.6,49.3,6.46,203.9,IMD_NORMALS_SYNTHETIC
1998-02-22,0.0,25.67,48.4,12.34,218.1,IMD_NORMALS_SYNTHETIC
1998-02-23,0.0,25.18,41.6,7.41,179.7,IMD_NORMALS_SYNTHETIC
1998-02-24,0.0,26.31,46.7,9.08,158.5,IMD_NORMALS_SYNTHETIC
1998-02-25,0.0,26.93,51.3,12.13,174.5,IMD_NORMALS_SYNTHETIC
1998-02-26,0.0,28.55,41.3,6.22,152.9,IMD_NORMALS_SYNTHETIC
1998-02-27,0.0,26.0,49.7,9.76,220.3,IMD_NORMALS_SYNTHETIC
1998-02-28,0.0,23.99,47.8,13.42,171.5,IMD_NORMALS_SYNTHETIC
1998-03-01,0.0,30.27,40.7,6.77,231.4,IMD_NORMALS_SYNTHETIC
1998-03-02,0.0,33.15,39.6,8.46,192.2,IMD_NORMALS_SYNTHETIC
1998-03-03,0.0,32.11,33.2,9.18,197.6,IMD_NORMALS_SYNTHETIC
1998-03-04,0.0,29.11,46.5,9.69,210.5,IMD_NORMALS_SYNTHETIC
1998-03-05,0.0,31.66,48.0,9.09,224.3,IMD_NORMALS_SYNTHETIC
1998-03-06,0.0,30.41,42.4,5.97,202.2,IMD_NORMALS_SYNTHETIC
1998-03-07,0.0,31.04,40.4,7.25,164.6,IMD_NORMALS_SYNTHETIC
1998-03-08,0.0,31.63,38.8,7.04,224.1,IMD_NORMALS_SYNTHETIC
1998-03-09,0.0,30.6,42.1,4.3,209.8,IMD_NORMALS_SYNTHETIC
1998-03-10,0.0,26.28,36.4,9.82,191.4,IMD_NORMALS_SYNTHETIC
1998-03-11,0.0,34.31,37.9,8.56,220.4,IMD_NORMALS_SYNTHETIC
1998-03-12,0.0,30.12,37.2,9.94,208.8,IMD_NORMALS_SYNTHETIC
1998-03-13,0.0,33.83,37.4,5.43,187.7,IMD_NORMALS_SYNTHETIC
1998-03-14,0.0,27.38,36.7,5.92,194.8,IMD_NORMALS_SYNTHETIC
1998-03-15,0.0,36.0,47.1,11.03,191.9,IMD_NORMALS_SYNTHETIC
1998-03-16,0.0,26.86,32.6,3.68,209.8,IMD_NORMALS_SYNTHETIC
1998-03-17,0.0,31.22,37.8,2.93,219.1,IMD_NORMALS_SYNTHETIC
1998-03-18,0.0,29.21,40.4,1.31,210.9,IMD_NORMALS_SYNTHETIC
1998-03-19,6.776,28.85,34.3,7.79,230.1,IMD_NORMALS_SYNTHETIC
1998-03-20,0.0,31.87,30.2,8.05,191.6,IMD_NORMALS_SYNTHETIC
1998-03-21,0.0,30.82,34.6,10.22,189.7,IMD_NORMALS_SYNTHETIC
1998-03-22,0.0,32.52,39.7,10.5,144.8,IMD_NORMALS_SYNTHETIC
1998-03-23,0.0,31.99,41.2,10.98,200.0,IMD_NORMALS_SYNTHETIC
1998-03-24,0.0,28.84,40.1,6.67,233.2,IMD_NORMALS_SYNTHETIC
1998-03-25,0.0,31.17,39.9,3.12,177.3,IMD_NORMALS_SYNTHETIC
1998-03-26,35.045,31.17,45.7,5.56,208.8,IMD_NORMALS_SYNTHETIC
1998-03-27,0.0,31.37,42.6,4.47,158.5,IMD_NORMALS_SYNTHETIC
1998-03-28,6.883,28.4,36.1,6.78,189.4,IMD_NORMALS_SYNTHETIC
1998-03-29,0.0,28.72,31.5,10.03,215.1,IMD_NORMALS_SYNTHETIC
1998-03-30,0.0,32.27,36.5,14.3,219.5,IMD_NORMALS_SYNTHETIC
1998-03-31,0.0,31.58,36.5,6.92,167.3,IMD_NORMALS_SYNTHETIC
1998-04-01,0.433,34.62,33.3,9.05,169.6,IMD_NORMALS_SYNTHETIC
1998-04-02,0.0,36.07,32.4,11.17,222.1,IMD_NORMALS_SYNTHETIC
1998-04-03,0.0,35.88,38.3,8.07,209.9,IMD_NORMALS_SYNTHETIC
1998-04-04,0.0,34.58,35.4,3.58,205.4,IMD_NORMALS_SYNTHETIC
1998-04-05,0.0,34.28,34.7,16.08,222.4,IMD_NORMALS_SYNTHETIC
1998-04-06,0.0,33.48,30.8,4.82,198.4,IMD_NORMALS_SYNTHETIC
1998-04-07,5.337,31.22,40.8,10.58,205.1,IMD_NORMALS_SYNTHETIC
1998-04-08,0.0,33.32,35.8,8.99,223.2,IMD_NORMALS_SYNTHETIC
1998-04-09,0.0,37.31,46.8,7.48,231.8,IMD_NORMALS_SYNTHETIC
1998-04-10,4.767,35.38,36.9,12.65,224.9,IMD_NORMALS_SYNTHETIC
1998-04-11,0.0,38.13,31.3,6.65,214.5,IMD_NORMALS_SYNTHETIC
1998-04-12,0.0,36.29,38.7,7.98,218.4,IMD_NORMALS_SYNTHETIC
1998-04-13,0.0,33.56,39.4,5.24,197.1,IMD_NORMALS_SYNTHETIC
1998-04-14,0.0,32.73,36.2,5.4,222.9,IMD_NORMALS_SYNTHETIC
1998-04-15,0.0,37.47,29.7,11.12,214.5,IMD_NORMALS_SYNTHETIC
1998-04-16,1.266,32.53,31.2,7.18,201.6,IMD_NORMALS_SYNTHETIC
1998-04-17,0.0,33.22,35.5,8.43,193.4,IMD_NORMALS_SYNTHETIC
1998-04-18,0.0,34.39,32.2,10.47,177.9,IMD_NORMALS_SYNTHETIC
1998-04-19,0.0,33.09,35.0,6.57,206.9,IMD_NORMALS_SYNTHETIC
1998-04-20,0.0,35.64,28.7,5.43,185.7,IMD_NORMALS_SYNTHETIC
1998-04-21,0.0,33.93,28.0,5.49,225.8,IMD_NORMALS_SYNTHETIC
1998-04-22,0.0,32.74,32.3,8.28,178.6,IMD_NORMALS_SYNTHETIC
1998-04-23,0.0,32.04,30.4,6.84,202.1,IMD_NORMALS_SYNTHETIC
1998-04-24,0.0,34.08,37.6,10.93,215.5,IMD_NORMALS_SYNTHETIC
1998-04-25,0.0,36.59,32.9,7.69,217.5,IMD_NORMALS_SYNTHETIC
1998-04-26,0.0,32.94,36.7,10.92,246.6,IMD_NORMALS_SYNTHETIC
1998-04-27,0.0,34.99,30.8,7.73,217.9,IMD_NORMALS_SYNTHETIC
1998-04-28,12.274,35.09,32.7,4.34,231.7,IMD_NORMALS_SYNTHETIC
1998-04-29,0.0,37.38,37.9,10.52,221.0,IMD_NORMALS_SYNTHETIC
1998-04-30,0.0,33.33,32.8,11.56,213.5,IMD_NORMALS_SYNTHETIC
1998-05-01,0.0,34.92,43.1,4.91,240.5,IMD_NORMALS_SYNTHETIC
1998-05-02,0.0,33.56,53.6,6.27,227.8,IMD_NORMALS_SYNTHETIC
1998-05-03,0.0,34.26,39.9,10.08,222.6,IMD_NORMALS_SYNTHETIC
1998-05-04,0.0,36.02,46.1,3.46,203.5,IMD_NORMALS_SYNTHETIC
1998-05-05,0.0,37.82,43.2,10.34,186.3,IMD_NORMALS_SYNTHETIC
1998-05-06,0.0,35.9,36.2,13.23,220.7,IMD_NORMALS_SYNTHETIC
1998-05-07,0.0,34.82,45.0,1.04,211.7,IMD_NORMALS_SYNTHETIC
1998-05-08,0.0,37.39,41.3,7.38,221.0,IMD_NORMALS_SYNTHETIC
1998-05-09,0.0,37.14,45.9,3.43,210.2,IMD_NORMALS_SYNTHETIC
1998-05-10,0.0,38.61,37.3,11.58,228.9,IMD_NORMALS_SYNTHETIC
1998-05-11,0.0,35.21,54.5,5.0,227.7,IMD_NORMALS_SYNTHETIC
1998-05-12,0.0,34.33,37.9,6.46,215.9,IMD_NORMALS_SYNTHETIC
1998-05-13,0.0,37.66,42.7,5.1,270.4,IMD_NORMALS_SYNTHETIC
1998-05-14,0.0,34.77,48.5,3.39,208.1,IMD_NORMALS_SYNTHETIC
1998-05-15,0.0,33.48,40.6,6.12,203.4,IMD_NORMALS_SYNTHETIC
1998-05-16,0.0,34.5,37.7,6.11,202.5,IMD_NORMALS_SYNTHETIC
1998-05-17,1.406,32.83,39.4,7.81,224.9,IMD_NORMALS_SYNTHETIC
1998-05-18,0.0,36.59,44.6,1.37,212.4,IMD_NORMALS_SYNTHETIC
1998-05-19,0.0,33.4,39.8,4.88,227.1,IMD_NORMALS_SYNTHETIC
1998-05-20,0.0,36.12,43.0,9.81,200.7,IMD_NORMALS_SYNTHETIC
1998-05-21,0.0,32.97,41.7,9.04,206.8,IMD_NORMALS_SYNTHETIC
1998-05-22,0.0,34.46,44.2,13.05,248.5,IMD_NORMALS_SYNTHETIC
1998-05-23,0.0,36.88,39.4,5.24,229.1,IMD_NORMALS_SYNTHETIC
1998-05-24,6.574,31.58,43.6,11.98,215.2,IMD_NORMALS_SYNTHETIC
1998-05-25,0.0,36.96,42.2,13.88,198.4,IMD_NORMALS_SYNTHETIC
1998-05-26,0.0,32.22,35.0,9.6,224.4,IMD_NORMALS_SYNTHETIC
1998-05-27,0.0,33.63,48.3,13.3,215.7,IMD_NORMALS_SYNTHETIC
1998-05-28,0.0,36.16,40.7,6.12,212.0,IMD_NORMALS_SYNTHETIC
1998-05-29,0.0,37.29,31.1,11.01,232.7,IMD_NORMALS_SYNTHETIC
1998-05-30,0.0,35.42,49.4,10.13,229.6,IMD_NORMALS_SYNTHETIC
1998-05-31,0.0,36.37,44.6,8.15,259.7,IMD_NORMALS_SYNTHETIC
1998-06-01,0.0,31.6,70.0,9.06,264.9,IMD_NORMALS_SYNTHETIC
1998-06-02,0.0,29.44,61.9,11.02,238.8,IMD_NORMALS_SYNTHETIC
1998-06-03,0.0,31.37,65.5,7.15,209.0,IMD_NORMALS_SYNTHETIC
1998-06-04,14.087,32.02,73.1,6.26,252.6,IMD_NORMALS_SYNTHETIC
1998-06-05,2.127,33.28,69.3,1.63,198.0,IMD_NORMALS_SYNTHETIC
1998-06-06,0.0,30.83,71.2,14.52,265.9,IMD_NORMALS_SYNTHETIC
1998-06-07,0.0,30.67,63.2,7.94,185.2,IMD_NORMALS_SYNTHETIC
1998-06-08,0.0,33.87,54.1,8.62,217.4,IMD_NORMALS_SYNTHETIC
1998-06-09,0.0,27.05,57.9,5.24,218.4,IMD_NORMALS_SYNTHETIC
1998-06-10,0.0,30.28,55.7,5.85,219.9,IMD_NORMALS_SYNTHETIC
1998-06-11,0.0,31.72,69.3,7.56,242.4,IMD_NORMALS_SYNTHETIC
1998-06-12,18.939,31.57,66.5,14.75,219.5,IMD_NORMALS_SYNTHETIC
1998-06-13,4.096,34.08,57.6,9.54,269.7,IMD_NORMALS_SYNTHETIC
1998-06-14,0.0,36.16,53.2,9.0,230.9,IMD_NORMALS_SYNTHETIC
1998-06-15,0.0,28.47,55.4,8.05,246.1,IMD_NORMALS_SYNTHETIC
1998-06-16,0.0,33.66,55.8,6.26,253.7,IMD_NORMALS_SYNTHETIC
1998-06-17,15.269,29.55,63.5,8.36,229.7,IMD_NORMALS_SYNTHETIC
1998-06-18,0.0,31.62,62.4,7.09,263.5,IMD_NORMALS_SYNTHETIC
1998-06-19,0.0,33.15,67.1,11.39,250.2,IMD_NORMALS_SYNTHETIC
1998-06-20,0.0,33.45,60.0,13.72,245.0,IMD_NORMALS_SYNTHETIC
1998-06-21,0.0,30.08,71.8,6.19,230.4,IMD_NORMALS_SYNTHETIC
1998-06-22,0.0,29.71,59.4,6.55,237.1,IMD_NORMALS_SYNTHETIC
1998-06-23,0.0,31.86,63.0,7.9,210.8,IMD_NORMALS_SYNTHETIC
1998-06-24,1.377,31.53,59.1,7.5,234.2,IMD_NORMALS_SYNTHETIC
1998-06-25,0.0,31.81,59.6,8.91,250.5,IMD_NORMALS_SYNTHETIC
1998-06-26,0.495,33.88,66.6,12.12,241.9,IMD_NORMALS_SYNTHETIC
1998-06-27,1.766,27.8,61.4,7.35,244.6,IMD_NORMALS_SYNTHETIC
1998-06-28,0.0,32.7,66.1,2.45,214.9,IMD_NORMALS_SYNTHETIC
1998-06-29,0.0,30.36,64.7,4.8,179.6,IMD_NORMALS_SYNTHETIC
1998-06-30,0.0,30.88,61.7,9.88,256.1,IMD_NORMALS_SYNTHETIC
1998-07-01,1.756,30.02,75.1,7.55,257.5,IMD_NORMALS_SYNTHETIC
1998-07-02,0.0,28.68,68.3,7.02,238.5,IMD_NORMALS_SYNTHETIC
1998-07-03,0.0,28.92,72.6,11.78,289.6,IMD_NORMALS_SYNTHETIC
1998-07-04,0.0,29.17,74.3,10.05,206.4,IMD_NORMALS_SYNTHETIC
1998-07-05,0.742,29.47,76.8,10.61,232.4,IMD_NORMALS_SYNTHETIC
1998-07-06,9.268,29.54,75.3,8.4,232.1,IMD_NORMALS_SYNTHETIC
1998-07-07,14.953,26.81,80.8,12.16,229.7,IMD_NORMALS_SYNTHETIC
1998-07-08,0.0,30.43,64.9,5.72,256.7,IMD_NORMALS_SYNTHETIC
1998-07-09,9.489,26.58,74.6,8.85,230.5,IMD_NORMALS_SYNTHETIC
1998-07-10,2.904,30.62,73.0,5.5,240.8,IMD_NORMALS_SYNTHETIC
1998-07-11,0.0,32.95,74.7,7.04,227.6,IMD_NORMALS_SYNTHETIC
1998-07-12,0.0,27.95,77.7,11.11,204.9,IMD_NORMALS_SYNTHETIC
1998-07-13,0.0,29.59,78.9,5.55,208.4,IMD_NORMALS_SYNTHETIC
1998-07-14,0.0,31.38,64.5,1.53,200.6,IMD_NORMALS_SYNTHETIC
1998-07-15,0.0,29.31,65.5,8.79,244.2,IMD_NORMALS_SYNTHETIC
1998-07-16,0.0,25.66,71.7,7.32,231.9,IMD_NORMALS_SYNTHETIC
1998-07-17,0.0,28.79,73.7,12.0,230.8,IMD_NORMALS_SYNTHETIC
1998-07-18,12.25,26.11,72.6,6.48,215.1,IMD_NORMALS_SYNTHETIC
1998-07-19,0.0,31.41,68.3,5.93,234.3,IMD_NORMALS_SYNTHETIC
1998-07-20,5.333,30.61,75.7,8.4,241.0,IMD_NORMALS_SYNTHETIC
1998-07-21,0.0,30.04,71.9,8.04,203.1,IMD_NORMALS_SYNTHETIC
1998-07-22,0.0,29.28,67.5,8.27,204.7,IMD_NORMALS_SYNTHETIC
1998-07-23,0.0,27.02,77.9,13.31,235.5,IMD_NORMALS_SYNTHETIC
1998-07-24,6.181,28.65,75.2,7.77,186.6,IMD_NORMALS_SYNTHETIC
1998-07-25,0.0,29.53,64.4,10.85,215.0,IMD_NORMALS_SYNTHETIC
1998-07-26,13.011,29.79,77.5,2.83,224.6,IMD_NORMALS_SYNTHETIC
1998-07-27,3.696,29.4,69.7,0.19,224.5,IMD_NORMALS_SYNTHETIC
1998-07-28,0.0,29.13,70.3,3.46,211.2,IMD_NORMALS_SYNTHETIC
1998-07-29,49.095,29.9,77.4,7.41,232.0,IMD_NORMALS_SYNTHETIC
1998-07-30,0.0,28.65,67.9,6.37,203.8,IMD_NORMALS_SYNTHETIC
1998-07-31,0.682,30.43,70.1,6.25,229.9,IMD_NORMALS_SYNTHETIC
1998-08-01,0.0,26.52,77.5,6.51,223.4,IMD_NORMALS_SYNTHETIC
1998-08-02,0.0,29.62,79.1,11.86,189.8,IMD_NORMALS_SYNTHETIC
1998-08-03,0.0,27.91,66.7,9.97,194.4,IMD_NORMALS_SYNTHETIC
1998-08-04,17.486,27.75,79.2,6.43,220.4,IMD_NORMALS_SYNTHETIC
1998-08-05,0.0,25.85,72.4,10.55,212.5,IMD_NORMALS_SYNTHETIC
1998-08-06,7.58,27.5,74.5,3.06,234.0,IMD_NORMALS_SYNTHETIC
1998-08-07,0.0,30.45,70.1,12.39,224.8,IMD_NORMALS_SYNTHETIC
1998-08-08,0.0,26.77,75.4,8.47,194.4,IMD_NORMALS_SYNTHETIC
1998-08-09,0.0,26.39,72.2,7.16,220.1,IMD_NORMALS_SYNTHETIC
1998-08-10,0.0,31.13,72.9,4.24,219.9,IMD_NORMALS_SYNTHETIC
1998-08-11,0.0,30.19,70.3,10.38,213.9,IMD_NORMALS_SYNTHETIC
1998-08-12,7.019,28.69,74.4,5.92,188.9,IMD_NORMALS_SYNTHETIC
1998-08-13,1.998,30.29,77.8,4.05,244.4,IMD_NORMALS_SYNTHETIC
1998-08-14,0.0,29.24,68.9,4.62,218.7,IMD_NORMALS_SYNTHETIC
1998-08-15,0.0,29.87,79.0,13.68,194.1,IMD_NORMALS_SYNTHETIC
1998-08-16,0.0,31.78,80.2,3.18,257.6,IMD_NORMALS_SYNTHETIC
1998-08-17,0.0,31.54,72.6,14.7,201.1,IMD_NORMALS_SYNTHETIC
1998-08-18,0.0,30.21,75.5,7.56,221.1,IMD_NORMALS_SYNTHETIC
1998-08-19,0.0,30.1,77.5,9.6,198.4,IMD_NORMALS_SYNTHETIC
1998-08-20,0.0,28.32,71.1,6.54,222.9,IMD_NORMALS_SYNTHETIC
1998-08-21,16.065,27.78,75.8,13.64,231.8,IMD_NORMALS_SYNTHETIC
1998-08-22,0.0,25.6,82.9,5.76,228.4,IMD_NORMALS_SYNTHETIC
1998-08-23,0.0,27.02,65.5,8.38,224.2,IMD_NORMALS_SYNTHETIC
1998-08-24,0.0,29.61,74.7,7.64,185.0,IMD_NORMALS_SYNTHETIC
1998-08-25,24.1,27.74,79.5,7.39,183.0,IMD_NORMALS_SYNTHETIC
1998-08-26,0.0,26.16,79.9,4.31,204.8,IMD_NORMALS_SYNTHETIC
1998-08-27,23.907,27.53,72.9,4.66,216.7,IMD_NORMALS_SYNTHETIC
1998-08-28,10.048,29.38,80.5,4.13,209.3,IMD_NORMALS_SYNTHETIC
1998-08-29,0.0,28.62,77.1,6.16,231.3,IMD_NORMALS_SYNTHETIC
1998-08-30,0.0,27.79,82.9,6.22,174.0,IMD_NORMALS_SYNTHETIC
1998-08-31,0.0,27.96,74.3,9.39,214.3,IMD_NORMALS_SYNTHETIC
1998-09-01,0.0,26.84,75.7,6.06,185.2,IMD_NORMALS_SYNTHETIC
1998-09-02,0.0,27.35,68.5,7.85,219.5,IMD_NORMALS_SYNTHETIC
1998-09-03,2.083,28.72,79.3,7.43,237.6,IMD_NORMALS_SYNTHETIC
1998-09-04,0.0,27.1,72.3,3.0,208.0,IMD_NORMALS_SYNTHETIC
1998-09-05,0.0,30.95,70.6,11.27,220.6,IMD_NORMALS_SYNTHETIC
1998-09-06,25.146,28.85,64.3,7.83,180.6,IMD_NORMALS_SYNTHETIC
1998-09-07,0.0,28.37,72.2,4.01,198.7,IMD_NORMALS_SYNTHETIC
1998-09-08,0.0,26.36,70.4,4.85,217.6,IMD_NORMALS_SYNTHETIC
1998-09-09,0.0,26.9,68.7,4.08,180.2,IMD_NORMALS_SYNTHETIC
1998-09-10,0.0,28.75,81.5,7.54,186.1,IMD_NORMALS_SYNTHETIC
1998-09-11,0.0,30.41,71.4,9.78,181.4,IMD_NORMALS_SYNTHETIC
1998-09-12,8.281,24.2,74.3,5.71,204.7,IMD_NORMALS_SYNTHETIC
1998-09-13,0.0,29.65,78.6,4.49,198.1,IMD_NORMALS_SYNTHETIC
1998-09-14,18.73,28.28,74.6,7.89,205.9,IMD_NORMALS_SYNTHETIC
1998-09-15,0.0,29.14,69.1,7.57,201.4,IMD_NORMALS_SYNTHETIC
1998-09-16,0.0,27.85,72.0,5.46,188.6,IMD_NORMALS_SYNTHETIC
1998-09-17,4.486,29.56,80.1,4.11,163.9,IMD_NORMALS_SYNTHETIC
1998-09-18,48.546,25.75,67.0,8.85,169.0,IMD_NORMALS_SYNTHETIC
1998-09-19,0.0,28.04,66.7,8.53,195.2,IMD_NORMALS_SYNTHETIC
1998-09-20,0.0,25.68,79.9,7.22,179.4,IMD_NORMALS_SYNTHETIC
1998-09-21,4.023,29.29,66.3,11.08,172.8,IMD_NORMALS_SYNTHETIC
1998-09-22,10.199,29.15,67.8,4.8,207.7,IMD_NORMALS_SYNTHETIC
1998-09-23,0.0,26.42,69.4,8.19,155.8,IMD_NORMALS_SYNTHETIC
1998-09-24,0.0,27.58,74.5,9.69,192.6,IMD_NORMALS_SYNTHETIC
1998-09-25,0.0,27.49,77.1,10.63,192.2,IMD_NORMALS_SYNTHETIC
1998-09-26,0.0,30.06,65.1,10.52,189.1,IMD_NORMALS_SYNTHETIC
1998-09-27,5.475,27.28,68.7,8.99,211.0,IMD_NORMALS_SYNTHETIC
1998-09-28,0.0,30.61,71.0,9.82,198.8,IMD_NORMALS_SYNTHETIC
1998-09-29,6.776,25.78,72.9,11.45,210.1,IMD_NORMALS_SYNTHETIC
1998-09-30,0.0,28.49,78.2,8.03,174.6,IMD_NORMALS_SYNTHETIC
1998-10-01,0.0,31.71,71.5,2.73,190.3,IMD_NORMALS_SYNTHETIC
1998-10-02,0.0,27.27,71.1,7.43,194.4,IMD_NORMALS_SYNTHETIC
1998-10-03,0.0,29.74,72.7,8.57,119.7,IMD_NORMALS_SYNTHETIC
1998-10-04,0.0,28.57,61.7,12.21,186.9,IMD_NORMALS_SYNTHETIC
1998-10-05,0.0,28.35,53.8,8.78,188.4,IMD_NORMALS_SYNTHETIC
1998-10-06,0.0,26.74,57.2,7.82,205.0,IMD_NORMALS_SYNTHETIC
1998-10-07,0.0,28.69,72.2,9.77,189.0,IMD_NORMALS_SYNTHETIC
1998-10-08,0.0,26.58,66.5,6.43,208.5,IMD_NORMALS_SYNTHETIC
1998-10-09,0.0,28.83,60.0,7.39,141.4,IMD_NORMALS_SYNTHETIC
1998-10-10,23.895,27.13,68.8,5.3,175.5,IMD_NORMALS_SYNTHETIC
1998-10-11,0.0,26.37,73.6,6.33,193.5,IMD_NORMALS_SYNTHETIC
1998-10-12,0.0,24.74,61.5,6.58,190.8,IMD_NORMALS_SYNTHETIC
1998-10-13,14.296,26.17,72.2,4.59,161.0,IMD_NORMALS_SYNTHETIC
1998-10-14,22.723,27.19,68.8,6.2,145.6,IMD_NORMALS_SYNTHETIC
1998-10-15,0.0,30.48,60.7,4.97,171.4,IMD_NORMALS_SYNTHETIC
1998-10-16,0.0,26.98,67.8,3.04,211.7,IMD_NORMALS_SYNTHETIC
1998-10-17,0.0,29.87,68.9,6.89,171.2,IMD_NORMALS_SYNTHETIC
1998-10-18,0.0,29.34,63.5,6.99,192.6,IMD_NORMALS_SYNTHETIC
1998-10-19,0.0,26.5,68.9,9.86,194.3,IMD_NORMALS_SYNTHETIC
1998-10-20,0.0,30.75,61.8,8.43,202.8,IMD_NORMALS_SYNTHETIC
1998-10-21,0.0,27.76,61.9,7.88,205.1,IMD_NORMALS_SYNTHETIC
1998-10-22,0.0,27.18,73.2,6.16,174.3,IMD_NORMALS_SYNTHETIC
1998-10-23,0.0,25.74,68.2,4.01,133.6,IMD_NORMALS_SYNTHETIC
1998-10-24,0.0,27.47,75.0,8.55,198.9,IMD_NORMALS_SYNTHETIC
1998-10-25,0.0,28.48,66.7,5.03,159.7,IMD_NORMALS_SYNTHETIC
1998-10-26,0.0,28.31,69.8,3.92,156.1,IMD_NORMALS_SYNTHETIC
1998-10-27,0.0,28.09,65.9,3.54,192.0,IMD_NORMALS_SYNTHETIC
1998-10-28,0.0,29.11,74.1,11.65,167.6,IMD_NORMALS_SYNTHETIC
1998-10-29,0.0,27.87,64.7,6.37,171.7,IMD_NORMALS_SYNTHETIC
1998-10-30,0.0,31.33,64.4,6.57,190.4,IMD_NORMALS_SYNTHETIC
1998-10-31,0.0,26.64,68.8,11.45,163.0,IMD_NORMALS_SYNTHETIC
1998-11-01,0.0,27.31,56.5,9.05,126.7,IMD_NORMALS_SYNTHETIC
1998-11-02,1.353,25.62,60.4,9.8,132.8,IMD_NORMALS_SYNTHETIC
1998-11-03,0.0,28.75,56.7,7.85,170.9,IMD_NORMALS_SYNTHETIC
1998-11-04,0.0,24.07,63.5,14.74,166.2,IMD_NORMALS_SYNTHETIC
1998-11-05,0.0,26.39,50.5,7.72,136.0,IMD_NORMALS_SYNTHETIC
1998-11-06,0.0,28.77,55.8,9.92,188.0,IMD_NORMALS_SYNTHETIC
1998-11-07,0.0,27.0,50.7,9.02,192.9,IMD_NORMALS_SYNTHETIC
1998-11-08,0.0,24.16,52.6,5.94,199.3,IMD_NORMALS_SYNTHETIC
1998-11-09,0.0,24.6,58.5,5.16,169.1,IMD_NORMALS_SYNTHETIC
1998-11-10,0.0,22.89,63.5,7.13,176.8,IMD_NORMALS_SYNTHETIC
1998-11-11,0.0,27.18,49.8,7.44,145.8,IMD_NORMALS_SYNTHETIC
1998-11-12,0.0,25.3,49.6,3.24,189.1,IMD_NORMALS_SYNTHETIC
1998-11-13,0.0,23.74,61.1,1.47,172.6,IMD_NORMALS_SYNTHETIC
1998-11-14,0.0,24.09,48.7,6.27,142.7,IMD_NORMALS_SYNTHETIC
1998-11-15,10.291,27.55,60.4,4.5,152.1,IMD_NORMALS_SYNTHETIC
1998-11-16,0.0,25.4,61.7,11.79,194.1,IMD_NORMALS_SYNTHETIC
1998-11-17,0.0,26.19,56.3,2.68,149.2,IMD_NORMALS_SYNTHETIC
1998-11-18,0.0,24.29,61.9,4.0,162.8,IMD_NORMALS_SYNTHETIC
1998-11-19,0.0,27.92,52.6,8.09,164.0,IMD_NORMALS_SYNTHETIC
1998-11-20,0.0,25.86,56.8,5.55,130.4,IMD_NORMALS_SYNTHETIC
1998-11-21,0.0,23.04,65.8,5.7,171.9,IMD_NORMALS_SYNTHETIC
1998-11-22,0.0,24.34,62.0,14.68,166.8,IMD_NORMALS_SYNTHETIC
1998-11-23,0.0,25.75,59.4,4.78,159.7,IMD_NORMALS_SYNTHETIC
1998-11-24,0.0,26.09,51.5,8.89,122.0,IMD_NORMALS_SYNTHETIC
1998-11-25,0.0,22.85,58.6,11.65,194.7,IMD_NORMALS_SYNTHETIC
1998-11-26,0.0,27.16,58.6,7.84,164.4,IMD_NORMALS_SYNTHETIC
1998-11-27,0.0,23.98,52.0,6.61,139.3,IMD_NORMALS_SYNTHETIC
1998-11-28,0.0,26.05,57.5,5.59,185.3,IMD_NORMALS_SYNTHETIC
1998-11-29,0.0,25.79,64.4,5.0,186.2,IMD_NORMALS_SYNTHETIC
1998-11-30,0.0,25.52,48.2,10.48,187.0,IMD_NORMALS_SYNTHETIC
1998-12-01,0.0,27.11,56.4,9.51,179.9,IMD_NORMALS_SYNTHETIC
1998-12-02,0.0,24.05,58.2,10.87,122.2,IMD_NORMALS_SYNTHETIC
1998-12-03,0.0,24.31,54.6,5.36,162.1,IMD_NORMALS_SYNTHETIC
1998-12-04,0.0,24.6,48.1,5.34,152.3,IMD_NORMALS_SYNTHETIC
1998-12-05,0.0,23.63,50.8,8.33,153.2,IMD_NORMALS_SYNTHETIC
1998-12-06,0.0,24.73,56.4,8.31,151.9,IMD_NORMALS_SYNTHETIC
1998-12-07,0.0,20.43,56.2,10.6,139.8,IMD_NORMALS_SYNTHETIC
1998-12-08,0.0,27.09,51.3,11.06,162.0,IMD_NORMALS_SYNTHETIC
1998-12-09,0.0,26.65,54.8,6.54,137.5,IMD_NORMALS_SYNTHETIC
1998-12-10,0.0,23.66,57.0,7.06,149.0,IMD_NORMALS_SYNTHETIC
1998-12-11,0.0,24.76,60.0,2.0,137.8,IMD_NORMALS_SYNTHETIC
1998-12-12,0.124,21.83,50.0,5.63,148.3,IMD_NORMALS_SYNTHETIC
1998-12-13,0.0,25.06,51.4,15.8,143.2,IMD_NORMALS_SYNTHETIC
1998-12-14,0.0,25.89,46.5,6.11,100.8,IMD_NORMALS_SYNTHETIC
1998-12-15,0.0,23.02,62.6,11.31,180.6,IMD_NORMALS_SYNTHETIC
1998-12-16,0.0,23.76,58.4,4.36,144.2,IMD_NORMALS_SYNTHETIC
1998-12-17,0.0,23.39,58.8,8.76,143.6,IMD_NORMALS_SYNTHETIC
1998-12-18,0.0,26.26,57.0,8.21,150.4,IMD_NORMALS_SYNTHETIC
1998-12-19,0.0,27.0,40.1,9.87,170.5,IMD_NORMALS_SYNTHETIC
1998-12-20,0.0,24.28,54.7,13.74,178.6,IMD_NORMALS_SYNTHETIC
1998-12-21,0.0,24.4,57.5,3.3,132.2,IMD_NORMALS_SYNTHETIC
1998-12-22,0.0,23.57,49.6,7.53,154.3,IMD_NORMALS_SYNTHETIC
1998-12-23,0.0,22.06,55.3,4.74,135.2,IMD_NORMALS_SYNTHETIC
1998-12-24,0.0,28.22,56.9,4.96,143.9,IMD_NORMALS_SYNTHETIC
1998-12-25,0.0,23.69,51.7,4.86,130.9,IMD_NORMALS_SYNTHETIC
1998-12-26,16.532,23.53,63.6,7.54,170.8,IMD_NORMALS_SYNTHETIC
1998-12-27,0.0,24.83,47.3,9.01,159.2,IMD_NORMALS_SYNTHETIC
1998-12-28,0.0,24.59,53.7,3.54,138.1,IMD_NORMALS_SYNTHETIC
1998-12-29,0.0,23.15,47.6,9.02,164.7,IMD_NORMALS_SYNTHETIC
1998-12-30,0.0,23.59,64.9,9.34,143.1,IMD_NORMALS_SYNTHETIC
1998-12-31,0.0,23.37,59.0,6.39,183.5,IMD_NORMALS_SYNTHETIC
1999-01-01,0.0,24.01,42.7,8.82,145.2,IMD_NORMALS_SYNTHETIC
1999-01-02,0.0,24.46,58.7,8.43,168.6,IMD_NORMALS_SYNTHETIC
1999-01-03,0.0,23.94,50.8,9.46,143.7,IMD_NORMALS_SYNTHETIC
1999-01-04,0.0,26.8,55.9,5.17,152.0,IMD_NORMALS_SYNTHETIC
1999-01-05,0.0,25.92,55.0,7.15,166.4,IMD_NORMALS_SYNTHETIC
1999-01-06,0.0,22.58,43.3,1.39,130.5,IMD_NORMALS_SYNTHETIC
1999-01-07,0.0,25.17,55.7,11.9,169.6,IMD_NORMALS_SYNTHETIC
1999-01-08,0.0,24.03,49.5,6.35,162.8,IMD_NORMALS_SYNTHETIC
1999-01-09,0.0,23.23,52.1,8.91,170.7,IMD_NORMALS_SYNTHETIC
1999-01-10,0.0,24.89,51.3,7.96,160.4,IMD_NORMALS_SYNTHETIC
1999-01-11,0.0,27.72,43.8,13.83,160.8,IMD_NORMALS_SYNTHETIC
1999-01-12,0.0,26.15,49.8,9.99,175.4,IMD_NORMALS_SYNTHETIC
1999-01-13,0.0,26.33,54.8,7.91,237.8,IMD_NORMALS_SYNTHETIC
1999-01-14,0.0,23.76,41.1,5.1,192.1,IMD_NORMALS_SYNTHETIC
1999-01-15,0.0,26.07,51.8,6.49,163.8,IMD_NORMALS_SYNTHETIC
1999-01-16,0.0,23.71,39.3,12.62,195.3,IMD_NORMALS_SYNTHETIC
1999-01-17,0.0,21.47,57.9,3.84,149.1,IMD_NORMALS_SYNTHETIC
1999-01-18,0.0,22.87,52.7,7.72,139.4,IMD_NORMALS_SYNTHETIC
1999-01-19,0.0,22.92,56.4,5.4,181.0,IMD_NORMALS_SYNTHETIC
1999-01-20,0.0,23.86,48.4,9.88,174.2,IMD_NORMALS_SYNTHETIC
1999-01-21,0.0,22.73,56.7,6.16,191.6,IMD_NORMALS_SYNTHETIC
1999-01-22,0.0,23.14,52.8,10.24,155.4,IMD_NORMALS_SYNTHETIC
1999-01-23,0.0,23.16,49.6,9.75,188.8,IMD_NORMALS_SYNTHETIC
1999-01-24,0.0,27.6,48.5,8.83,165.1,IMD_NORMALS_SYNTHETIC
1999-01-25,0.0,23.11,50.9,7.81,187.1,IMD_NORMALS_SYNTHETIC
1999-01-26,0.0,25.83,52.2,7.82,188.9,IMD_NORMALS_SYNTHETIC
1999-01-27,0.0,27.16,50.0,7.71,179.4,IMD_NORMALS_SYNTHETIC
1999-01-28,0.0,21.87,49.5,6.52,164.0,IMD_NORMALS_SYNTHETIC
1999-01-29,0.0,24.98,55.1,4.45,158.9,IMD_NORMALS_SYNTHETIC
1999-01-30,0.0,23.28,53.4,10.1,154.6,IMD_NORMALS_SYNTHETIC
1999-01-31,0.0,26.13,45.9,9.08,138.8,IMD_NORMALS_SYNTHETIC
1999-02-01,0.0,27.69,50.6,3.44,200.7,IMD_NORMALS_SYNTHETIC
1999-02-02,0.0,25.17,50.4,10.54,173.3,IMD_NORMALS_SYNTHETIC
1999-02-03,0.0,25.63,46.7,6.78,170.5,IMD_NORMALS_SYNTHETIC
1999-02-04,0.0,29.69,49.7,6.46,199.2,IMD_NORMALS_SYNTHETIC
1999-02-05,0.0,26.37,52.5,7.75,176.6,IMD_NORMALS_SYNTHETIC
1999-02-06,0.0,24.23,38.8,12.48,185.4,IMD_NORMALS_SYNTHETIC
1999-02-07,0.0,29.41,48.4,12.9,173.2,IMD_NORMALS_SYNTHETIC
1999-02-08,0.0,26.88,37.2,7.0,183.5,IMD_NORMALS_SYNTHETIC
1999-02-09,0.0,28.45,54.2,2.79,223.3,IMD_NORMALS_SYNTHETIC
1999-02-10,0.0,24.9,41.7,8.0,160.2,IMD_NORMALS_SYNTHETIC
1999-02-11,0.0,31.55,43.6,4.97,191.7,IMD_NORMALS_SYNTHETIC
1999-02-12,0.0,25.08,43.2,10.85,233.9,IMD_NORMALS_SYNTHETIC
1999-02-13,0.0,25.74,47.3,13.57,152.1,IMD_NORMALS_SYNTHETIC
1999-02-14,0.0,26.14,43.8,8.43,178.1,IMD_NORMALS_SYNTHETIC
1999-02-15,0.0,24.95,41.7,8.26,165.2,IMD_NORMALS_SYNTHETIC
1999-02-16,0.0,27.0,40.5,8.28,164.4,IMD_NORMALS_SYNTHETIC
1999-02-17,0.0,24.25,38.6,7.06,204.8,IMD_NORMALS_SYNTHETIC
1999-02-18,0.0,27.78,50.6,6.69,167.7,IMD_NORMALS_SYNTHETIC
1999-02-19,0.0,24.74,46.5,8.57,174.6,IMD_NORMALS_SYNTHETIC
1999-02-20,0.0,28.62,44.2,8.63,206.2,IMD_NORMALS_SYNTHETIC
1999-02-21,0.0,25.15,49.2,8.62,192.6,IMD_NORMALS_SYNTHETIC
1999-02-22,0.0,28.68,49.1,6.66,180.7,IMD_NORMALS_SYNTHETIC
1999-02-23,0.0,27.91,41.7,4.04,185.3,IMD_NORMALS_SYNTHETIC
1999-02-24,0.0,25.27,45.1,7.65,185.4,IMD_NORMALS_SYNTHETIC
1999-02-25,0.0,28.25,42.7,7.04,219.1,IMD_NORMALS_SYNTHETIC
1999-02-26,0.0,21.86,37.5,11.9,186.2,IMD_NORMALS_SYNTHETIC
1999-02-27,0.0,27.06,48.4,14.58,180.6,IMD_NORMALS_SYNTHETIC
1999-02-28,0.0,25.34,38.9,2.2,186.1,IMD_NORMALS_SYNTHETIC
1999-03-01,0.0,30.67,45.1,10.87,180.9,IMD_NORMALS_SYNTHETIC
1999-03-02,0.0,27.89,38.8,10.94,220.3,IMD_NORMALS_SYNTHETIC
1999-03-03,0.0,32.91,46.4,1.43,197.0,IMD_NORMALS_SYNTHETIC
1999-03-04,0.0,36.65,38.2,8.09,175.7,IMD_NORMALS_SYNTHETIC
1999-03-05,0.0,26.75,42.6,7.14,220.5,IMD_NORMALS_SYNTHETIC
1999-03-06,0.0,32.07,37.3,6.06,150.4,IMD_NORMALS_SYNTHETIC
1999-03-07,0.0,31.58,33.6,8.97,192.0,IMD_NORMALS_SYNTHETIC
1999-03-08,0.0,30.12,37.0,4.18,205.4,IMD_NORMALS_SYNTHETIC
1999-03-09,0.0,33.62,31.5,3.0,210.4,IMD_NORMALS_SYNTHETIC
1999-03-10,4.393,30.63,42.3,8.84,190.8,IMD_NORMALS_SYNTHETIC
1999-03-11,0.0,30.53,42.2,8.14,204.7,IMD_NORMALS_SYNTHETIC
1999-03-12,0.0,31.16,32.6,4.12,193.0,IMD_NORMALS_SYNTHETIC
1999-03-13,0.0,31.47,41.0,10.95,186.0,IMD_NORMALS_SYNTHETIC
1999-03-14,0.0,31.37,39.3,10.9,197.4,IMD_NORMALS_SYNTHETIC
1999-03-15,0.0,31.76,44.4,9.84,189.8,IMD_NORMALS_SYNTHETIC
1999-03-16,0.0,26.64,41.5,7.47,158.9,IMD_NORMALS_SYNTHETIC
1999-03-17,0.0,31.95,37.2,10.95,204.1,IMD_NORMALS_SYNTHETIC
1999-03-18,0.0,29.99,33.0,9.75,202.3,IMD_NORMALS_SYNTHETIC
1999-03-19,0.0,34.76,44.6,10.14,182.0,IMD_NORMALS_SYNTHETIC
1999-03-20,0.0,29.05,29.7,9.35,178.7,IMD_NORMALS_SYNTHETIC
1999-03-21,0.0,31.61,36.7,10.15,207.9,IMD_NORMALS_SYNTHETIC
1999-03-22,0.0,29.82,30.7,9.58,201.7,IMD_NORMALS_SYNTHETIC
1999-03-23,0.0,30.58,34.9,6.48,171.2,IMD_NORMALS_SYNTHETIC
1999-03-24,0.0,29.17,38.2,7.09,151.0,IMD_NORMALS_SYNTHETIC
1999-03-25,0.0,29.38,27.6,6.72,204.1,IMD_NORMALS_SYNTHETIC
1999-03-26,0.0,28.31,41.4,11.9,176.3,IMD_NORMALS_SYNTHETIC
1999-03-27,0.0,29.53,38.2,11.26,178.7,IMD_NORMALS_SYNTHETIC
1999-03-28,0.0,30.62,45.0,8.2,208.7,IMD_NORMALS_SYNTHETIC
1999-03-29,0.0,32.38,23.3,5.33,185.7,IMD_NORMALS_SYNTHETIC
1999-03-30,0.0,29.87,44.1,8.02,207.2,IMD_NORMALS_SYNTHETIC
1999-03-31,0.0,27.93,38.7,5.77,234.9,IMD_NORMALS_SYNTHETIC
1999-04-01,0.0,34.28,31.9,7.03,217.7,IMD_NORMALS_SYNTHETIC
1999-04-02,0.0,34.32,34.7,8.3,224.1,IMD_NORMALS_SYNTHETIC
1999-04-03,29.783,32.06,38.6,9.33,215.5,IMD_NORMALS_SYNTHETIC
1999-04-04,0.0,32.83,32.7,3.18,202.9,IMD_NORMALS_SYNTHETIC
1999-04-05,0.0,34.73,30.8,11.71,204.9,IMD_NORMALS_SYNTHETIC
1999-04-06,2.674,35.19,39.4,8.14,233.1,IMD_NORMALS_SYNTHETIC
1999-04-07,0.0,35.06,41.8,2.84,219.5,IMD_NORMALS_SYNTHETIC
1999-04-08,0.0,34.84,35.4,12.11,180.7,IMD_NORMALS_SYNTHETIC
1999-04-09,0.0,35.08,37.4,11.85,229.8,IMD_NORMALS_SYNTHETIC
1999-04-10,0.0,34.07,33.1,11.73,187.8,IMD_NORMALS_SYNTHETIC
1999-04-11,0.0,33.83,34.0,6.18,168.6,IMD_NORMALS_SYNTHETIC
1999-04-12,0.0,35.17,39.7,8.66,210.4,IMD_NORMALS_SYNTHETIC
1999-04-13,0.0,35.29,34.3,5.47,197.2,IMD_NORMALS_SYNTHETIC
1999-04-14,0.0,35.64,37.2,8.24,220.1,IMD_NORMALS_SYNTHETIC
1999-04-15,0.0,33.33,39.5,12.37,230.6,IMD_NORMALS_SYNTHETIC
1999-04-16,0.0,29.96,37.9,6.87,229.1,IMD_NORMALS_SYNTHETIC
1999-04-17,0.0,34.34,37.5,8.33,235.2,IMD_NORMALS_SYNTHETIC
1999-04-18,0.0,34.59,39.8,6.43,217.8,IMD_NORMALS_SYNTHETIC
1999-04-19,0.0,32.83,36.7,8.33,220.3,IMD_NORMALS_SYNTHETIC
1999-04-20,5.799,34.95,43.1,8.2,227.8,IMD_NORMALS_SYNTHETIC
1999-04-21,0.0,34.39,34.0,7.6,201.0,IMD_NORMALS_SYNTHETIC
1999-04-22,0.0,31.45,40.1,5.2,161.1,IMD_NORMALS_SYNTHETIC
1999-04-23,0.0,33.54,35.3,6.45,193.6,IMD_NORMALS_SYNTHETIC
1999-04-24,0.0,34.13,40.1,9.93,214.8,IMD_NORMALS_SYNTHETIC
1999-04-25,0.0,35.93,42.3,7.54,198.5,IMD_NORMALS_SYNTHETIC
1999-04-26,0.0,32.54,32.5,10.11,203.9,IMD_NORMALS_SYNTHETIC
1999-04-27,0.0,36.47,39.9,7.77,197.7,IMD_NORMALS_SYNTHETIC
1999-04-28,0.0,36.51,37.1,10.25,220.2,IMD_NORMALS_SYNTHETIC
1999-04-29,0.0,33.58,39.8,7.88,213.0,IMD_NORMALS_SYNTHETIC
1999-04-30,0.0,34.33,41.9,8.45,209.7,IMD_NORMALS_SYNTHETIC
1999-05-01,0.0,34.43,36.1,5.88,225.8,IMD_NORMALS_SYNTHETIC
1999-05-02,0.0,35.68,45.7,9.14,246.6,IMD_NORMALS_SYNTHETIC
1999-05-03,0.0,35.69,40.5,8.23,186.0,IMD_NORMALS_SYNTHETIC
1999-05-04,0.0,34.46,33.4,3.19,189.2,IMD_NORMALS_SYNTHETIC
1999-05-05,11.62,31.55,48.0,9.95,207.7,IMD_NORMALS_SYNTHETIC
1999-05-06,0.0,34.67,40.8,3.32,237.1,IMD_NORMALS_SYNTHETIC
1999-05-07,0.0,34.39,50.7,6.24,225.3,IMD_NORMALS_SYNTHETIC
1999-05-08,0.0,36.86,37.9,9.52,231.5,IMD_NORMALS_SYNTHETIC
1999-05-09,0.0,36.28,44.9,8.55,207.4,IMD_NORMALS_SYNTHETIC
1999-05-10,0.0,34.55,41.4,5.53,197.4,IMD_NORMALS_SYNTHETIC
1999-05-11,0.0,35.9,53.3,10.07,260.8,IMD_NORMALS_SYNTHETIC
1999-05-12,9.835,35.0,49.0,6.94,253.2,IMD_NORMALS_SYNTHETIC
1999-05-13,0.0,34.2,44.1,6.61,247.1,IMD_NORMALS_SYNTHETIC
1999-05-14,0.0,34.84,48.9,12.99,262.1,IMD_NORMALS_SYNTHETIC
1999-05-15,0.0,36.22,50.9,11.47,252.0,IMD_NORMALS_SYNTHETIC
1999-05-16,14.506,36.94,37.5,7.08,218.1,IMD_NORMALS_SYNTHETIC
1999-05-17,4.053,36.3,36.0,8.71,255.2,IMD_NORMALS_SYNTHETIC
1999-05-18,0.0,36.15,53.6,6.52,240.1,IMD_NORMALS_SYNTHETIC
1999-05-19,0.0,38.66,45.4,10.01,236.1,IMD_NORMALS_SYNTHETIC
1999-05-20,0.0,36.0,45.3,4.25,199.7,IMD_NORMALS_SYNTHETIC
1999-05-21,0.0,38.2,43.7,8.46,191.9,IMD_NORMALS_SYNTHETIC
1999-05-22,0.0,34.62,39.7,2.96,245.4,IMD_NORMALS_SYNTHETIC
1999-05-23,0.0,35.48,38.9,5.44,237.3,IMD_NORMALS_SYNTHETIC
1999-05-24,10.644,34.92,51.7,6.34,212.6,IMD_NORMALS_SYNTHETIC
1999-05-25,0.0,35.45,50.5,7.41,226.2,IMD_NORMALS_SYNTHETIC
1999-05-26,0.0,34.71,50.3,9.77,184.4,IMD_NORMALS_SYNTHETIC
1999-05-27,0.0,36.4,43.4,8.9,218.7,IMD_NORMALS_SYNTHETIC
1999-05-28,0.05,34.27,47.8,5.44,235.6,IMD_NORMALS_SYNTHETIC
1999-05-29,0.0,33.33,43.6,6.6,275.1,IMD_NORMALS_SYNTHETIC
1999-05-30,0.0,33.01,41.4,8.25,243.3,IMD_NORMALS_SYNTHETIC
1999-05-31,0.0,37.45,51.6,9.14,249.5,IMD_NORMALS_SYNTHETIC
1999-06-01,0.0,30.75,59.8,14.98,237.0,IMD_NORMALS_SYNTHETIC
1999-06-02,0.0,32.42,60.6,7.79,238.9,IMD_NORMALS_SYNTHETIC
1999-06-03,0.0,33.62,65.3,8.23,243.9,IMD_NORMALS_SYNTHETIC
1999-06-04,0.0,31.68,71.4,7.35,279.4,IMD_NORMALS_SYNTHETIC
1999-06-05,0.0,30.9,59.9,2.31,232.7,IMD_NORMALS_SYNTHETIC
1999-06-06,0.0,31.59,62.5,7.05,239.5,IMD_NORMALS_SYNTHETIC
1999-06-07,0.0,30.53,62.5,2.64,253.7,IMD_NORMALS_SYNTHETIC
1999-06-08,0.0,29.86,64.7,9.84,253.0,IMD_NORMALS_SYNTHETIC
1999-06-09,0.0,30.16,59.0,5.12,241.4,IMD_NORMALS_SYNTHETIC
1999-06-10,0.0,31.4,66.0,3.61,237.5,IMD_NORMALS_SYNTHETIC
1999-06-11,8.379,32.66,64.1,10.85,266.4,IMD_NORMALS_SYNTHETIC
1999-06-12,0.0,29.24,68.5,9.72,261.0,IMD_NORMALS_SYNTHETIC
1999-06-13,0.0,32.24,57.6,5.05,249.7,IMD_NORMALS_SYNTHETIC
1999-06-14,0.0,29.83,58.9,4.96,212.5,IMD_NORMALS_SYNTHETIC
1999-06-15,0.0,33.43,71.7,10.17,269.2,IMD_NORMALS_SYNTHETIC
1999-06-16,0.0,31.33,63.6,4.73,248.1,IMD_NORMALS_SYNTHETIC
1999-06-17,5.655,31.34,58.3,11.3,256.3,IMD_NORMALS_SYNTHETIC
1999-06-18,0.0,31.33,70.4,7.39,238.2,IMD_NORMALS_SYNTHETIC
1999-06-19,0.0,34.43,62.6,12.82,205.8,IMD_NORMALS_SYNTHETIC
1999-06-20,0.0,32.78,59.8,7.31,267.7,IMD_NORMALS_SYNTHETIC
1999-06-21,0.0,31.19,63.2,5.91,233.5,IMD_NORMALS_SYNTHETIC
1999-06-22,0.0,33.47,69.4,7.83,244.0,IMD_NORMALS_SYNTHETIC
1999-06-23,2.215,31.07,66.0,6.5,246.8,IMD_NORMALS_SYNTHETIC
1999-06-24,0.0,31.86,67.4,5.53,240.4,IMD_NORMALS_SYNTHETIC
1999-06-25,10.442,32.97,60.7,5.77,221.2,IMD_NORMALS_SYNTHETIC
1999-06-26,0.0,28.56,66.5,6.67,270.5,IMD_NORMALS_SYNTHETIC
1999-06-27,1.06,33.96,69.3,9.96,241.5,IMD_NORMALS_SYNTHETIC
1999-06-28,0.0,33.25,65.9,11.51,246.5,IMD_NORMALS_SYNTHETIC
1999-06-29,4.385,32.34,58.5,7.84,222.8,IMD_NORMALS_SYNTHETIC
1999-06-30,7.444,30.53,62.4,5.36,239.2,IMD_NORMALS_SYNTHETIC
1999-07-01,0.762,31.48,70.3,8.46,257.6,IMD_NORMALS_SYNTHETIC
1999-07-02,0.0,30.52,73.0,7.06,232.4,IMD_NORMALS_SYNTHETIC
1999-07-03,12.489,28.25,71.5,6.24,280.3,IMD_NORMALS_SYNTHETIC
1999-07-04,0.0,28.37,75.4,12.35,237.2,IMD_NORMALS_SYNTHETIC
1999-07-05,8.72,26.04,70.4,11.31,226.0,IMD_NORMALS_SYNTHETIC
1999-07-06,0.0,26.4,63.9,8.9,232.4,IMD_NORMALS_SYNTHETIC
1999-07-07,0.0,31.4,78.7,5.88,226.7,IMD_NORMALS_SYNTHETIC
1999-07-08,0.0,27.25,72.4,4.74,213.4,IMD_NORMALS_SYNTHETIC
1999-07-09,0.0,32.61,74.9,9.11,214.2,IMD_NORMALS_SYNTHETIC
1999-07-10,3.996,27.48,80.4,8.19,229.1,IMD_NORMALS_SYNTHETIC
1999-07-11,0.0,26.36,72.3,11.69,252.9,IMD_NORMALS_SYNTHETIC
1999-07-12,0.0,29.57,78.3,10.27,252.3,IMD_NORMALS_SYNTHETIC
1999-07-13,6.146,29.9,75.2,1.26,175.3,IMD_NORMALS_SYNTHETIC
1999-07-14,0.0,27.08,75.4,3.66,245.3,IMD_NORMALS_SYNTHETIC
1999-07-15,0.0,25.57,71.3,9.67,207.9,IMD_NORMALS_SYNTHETIC
1999-07-16,16.026,28.63,76.5,6.89,249.6,IMD_NORMALS_SYNTHETIC
1999-07-17,0.0,31.1,70.2,9.89,244.3,IMD_NORMALS_SYNTHETIC
1999-07-18,0.0,34.44,73.8,10.71,268.3,IMD_NORMALS_SYNTHETIC
1999-07-19,0.0,29.2,72.5,8.01,250.6,IMD_NORMALS_SYNTHETIC
1999-07-20,0.0,26.85,76.9,6.01,231.9,IMD_NORMALS_SYNTHETIC
1999-07-21,0.0,28.81,80.2,18.37,225.2,IMD_NORMALS_SYNTHETIC
1999-07-22,4.954,28.64,71.5,7.4,226.3,IMD_NORMALS_SYNTHETIC
1999-07-23,17.689,29.39,79.4,9.15,207.8,IMD_NORMALS_SYNTHETIC
1999-07-24,2.205,29.83,74.6,7.39,214.7,IMD_NORMALS_SYNTHETIC
1999-07-25,0.0,25.51,72.0,8.93,207.2,IMD_NORMALS_SYNTHETIC
1999-07-26,5.067,31.72,76.3,7.59,228.0,IMD_NORMALS_SYNTHETIC
1999-07-27,27.893,28.92,71.9,10.44,229.6,IMD_NORMALS_SYNTHETIC
1999-07-28,0.0,31.33,83.3,7.62,179.3,IMD_NORMALS_SYNTHETIC
1999-07-29,9.023,29.01,76.3,12.49,217.6,IMD_NORMALS_SYNTHETIC
1999-07-30,0.0,28.86,77.2,5.94,254.6,IMD_NORMALS_SYNTHETIC
1999-07-31,0.0,29.76,85.7,6.62,263.9,IMD_NORMALS_SYNTHETIC
1999-08-01,19.419,26.91,73.4,13.83,216.7,IMD_NORMALS_SYNTHETIC
1999-08-02,0.0,29.54,79.5,10.43,189.7,IMD_NORMALS_SYNTHETIC
1999-08-03,4.41,31.49,83.3,4.92,155.5,IMD_NORMALS_SYNTHETIC
1999-08-04,10.481,29.12,79.6,7.81,203.1,IMD_NORMALS_SYNTHETIC
1999-08-05,0.0,28.12,78.6,12.73,236.4,IMD_NORMALS_SYNTHETIC
1999-08-06,0.0,26.17,66.4,1.28,215.2,IMD_NORMALS_SYNTHETIC
1999-08-07,0.0,29.63,74.6,7.14,223.0,IMD_NORMALS_SYNTHETIC
1999-08-08,0.0,26.68,75.4,6.28,230.5,IMD_NORMALS_SYNTHETIC
1999-08-09,14.691,28.78,67.8,1.98,240.6,IMD_NORMALS_SYNTHETIC
1999-08-10,1.23,26.18,72.1,8.82,221.5,IMD_NORMALS_SYNTHETIC
1999-08-11,0.0,28.47,63.8,14.96,203.3,IMD_NORMALS_SYNTHETIC
1999-08-12,50.371,31.12,80.4,11.64,201.9,IMD_NORMALS_SYNTHETIC
1999-08-13,0.0,30.66,72.2,6.77,221.9,IMD_NORMALS_SYNTHETIC
1999-08-14,0.0,28.17,74.9,6.47,199.9,IMD_NORMALS_SYNTHETIC
1999-08-15,0.0,26.31,81.6,11.71,209.1,IMD_NORMALS_SYNTHETIC
1999-08-16,0.0,26.83,84.3,3.36,208.7,IMD_NORMALS_SYNTHETIC
1999-08-17,0.0,31.94,78.2,11.46,209.9,IMD_NORMALS_SYNTHETIC
1999-08-18,0.0,34.36,79.6,8.39,212.6,IMD_NORMALS_SYNTHETIC
1999-08-19,7.995,28.02,78.8,7.76,212.3,IMD_NORMALS_SYNTHETIC
1999-08-20,0.0,27.78,71.2,6.4,211.9,IMD_NORMALS_SYNTHETIC
1999-08-21,0.0,27.66,74.3,10.52,196.8,IMD_NORMALS_SYNTHETIC
1999-08-22,0.0,27.25,76.6,4.6,195.9,IMD_NORMALS_SYNTHETIC
1999-08-23,0.0,29.52,74.6,3.89,232.2,IMD_NORMALS_SYNTHETIC
1999-08-24,23.371,29.16,78.4,6.33,172.4,IMD_NORMALS_SYNTHETIC
1999-08-25,0.0,25.56,72.2,9.53,219.6,IMD_NORMALS_SYNTHETIC
1999-08-26,0.0,28.84,72.1,8.97,215.2,IMD_NORMALS_SYNTHETIC
1999-08-27,0.0,30.17,84.7,5.19,208.4,IMD_NORMALS_SYNTHETIC
1999-08-28,13.778,27.12,79.0,5.31,200.9,IMD_NORMALS_SYNTHETIC
1999-08-29,0.0,29.76,73.2,3.35,230.7,IMD_NORMALS_SYNTHETIC
1999-08-30,0.0,29.55,85.7,6.77,198.5,IMD_NORMALS_SYNTHETIC
1999-08-31,0.0,28.28,69.0,10.24,205.0,IMD_NORMALS_SYNTHETIC
1999-09-01,5.391,32.71,72.5,7.15,203.1,IMD_NORMALS_SYNTHETIC
1999-09-02,11.264,28.3,72.0,8.24,209.6,IMD_NORMALS_SYNTHETIC
1999-09-03,0.416,26.9,80.8,9.77,165.3,IMD_NORMALS_SYNTHETIC
1999-09-04,22.319,26.44,69.7,4.25,184.7,IMD_NORMALS_SYNTHETIC
1999-09-05,10.047,25.83,78.3,7.99,206.8,IMD_NORMALS_SYNTHETIC
1999-09-06,31.932,28.96,68.9,4.12,187.3,IMD_NORMALS_SYNTHETIC
1999-09-07,0.0,27.8,81.7,9.6,211.6,IMD_NORMALS_SYNTHETIC
1999-09-08,0.0,26.01,68.9,7.9,209.4,IMD_NORMALS_SYNTHETIC
1999-09-09,0.0,30.05,78.0,13.17,192.8,IMD_NORMALS_SYNTHETIC
1999-09-10,0.0,27.61,73.5,11.39,197.4,IMD_NORMALS_SYNTHETIC
1999-09-11,27.518,28.73,70.6,8.72,205.2,IMD_NORMALS_SYNTHETIC
1999-09-12,6.978,32.21,77.3,14.49,190.6,IMD_NORMALS_SYNTHETIC
1999-09-13,0.0,26.82,73.3,2.68,195.4,IMD_NORMALS_SYNTHETIC
1999-09-14,0.0,27.66,69.0,8.22,184.8,IMD_NORMALS_SYNTHETIC
1999-09-15,0.0,25.69,74.6,3.36,208.2,IMD_NORMALS_SYNTHETIC
1999-09-16,2.356,28.84,70.6,1.12,208.0,IMD_NORMALS_SYNTHETIC
1999-09-17,0.0,26.99,70.8,5.69,200.4,IMD_NORMALS_SYNTHETIC
1999-09-18,0.0,25.53,74.8,10.62,172.2,IMD_NORMALS_SYNTHETIC
1999-09-19,0.0,27.25,68.8,5.77,213.2,IMD_NORMALS_SYNTHETIC
1999-09-20,0.0,28.53,82.4,9.3,190.2,IMD_NORMALS_SYNTHETIC
1999-09-21,0.0,30.1,71.0,4.22,177.3,IMD_NORMALS_SYNTHETIC
1999-09-22,20.762,29.7,72.7,6.53,186.2,IMD_NORMALS_SYNTHETIC
1999-09-23,0.0,27.39,73.4,7.17,209.1,IMD_NORMALS_SYNTHETIC
1999-09-24,39.581,27.48,78.3,7.07,196.2,IMD_NORMALS_SYNTHETIC
1999-09-25,0.0,28.22,57.5,4.8,200.5,IMD_NORMALS_SYNTHETIC
1999-09-26,0.0,27.26,76.7,10.77,170.9,IMD_NORMALS_SYNTHETIC
1999-09-27,0.0,28.34,70.5,13.5,241.4,IMD_NORMALS_SYNTHETIC
1999-09-28,0.0,26.09,77.8,9.17,182.8,IMD_NORMALS_SYNTHETIC
1999-09-29,46.697,31.47,73.0,9.4,234.6,IMD_NORMALS_SYNTHETIC
1999-09-30,0.0,27.87,78.9,11.09,203.6,IMD_NORMALS_SYNTHETIC
1999-10-01,0.0,27.57,67.0,4.63,144.8,IMD_NORMALS_SYNTHETIC
1999-10-02,0.0,27.5,67.9,9.32,158.9,IMD_NORMALS_SYNTHETIC
1999-10-03,0.0,28.19,60.0,8.6,180.4,IMD_NORMALS_SYNTHETIC
1999-10-04,0.0,28.68,69.6,11.52,166.5,IMD_NORMALS_SYNTHETIC
1999-10-05,0.0,28.97,66.7,7.44,209.2,IMD_NORMALS_SYNTHETIC
1999-10-06,0.0,28.39,66.5,9.1,170.4,IMD_NORMALS_SYNTHETIC
1999-10-07,0.0,30.94,75.9,9.25,161.7,IMD_NORMALS_SYNTHETIC
1999-10-08,0.0,27.35,64.2,9.85,162.8,IMD_NORMALS_SYNTHETIC
1999-10-09,0.0,29.45,62.5,13.09,208.8,IMD_NORMALS_SYNTHETIC
1999-10-10,0.0,31.62,60.7,5.47,184.3,IMD_NORMALS_SYNTHETIC
1999-10-11,1.556,27.84,64.4,7.07,154.0,IMD_NORMALS_SYNTHETIC
1999-10-12,0.0,27.76,71.2,8.1,206.1,IMD_NORMALS_SYNTHETIC
1999-10-13,0.0,30.25,74.2,7.36,172.4,IMD_NORMALS_SYNTHETIC
1999-10-14,0.0,29.34,66.8,8.59,161.5,IMD_NORMALS_SYNTHETIC
1999-10-15,0.0,30.82,65.9,6.17,185.5,IMD_NORMALS_SYNTHETIC
1999-10-16,0.0,26.08,71.0,8.33,135.2,IMD_NORMALS_SYNTHETIC
1999-10-17,0.0,28.14,71.6,6.42,203.2,IMD_NORMALS_SYNTHETIC
1999-10-18,0.0,31.44,61.7,5.29,170.8,IMD_NORMALS_SYNTHETIC
1999-10-19,0.0,27.12,62.2,8.14,169.4,IMD_NORMALS_SYNTHETIC
1999-10-20,11.21,30.05,62.8,7.62,206.9,IMD_NORMALS_SYNTHETIC
1999-10-21,0.0,30.86,60.0,13.62,192.6,IMD_NORMALS_SYNTHETIC
1999-10-22,4.165,28.56,71.4,9.72,199.9,IMD_NORMALS_SYNTHETIC
1999-10-23,0.0,31.24,68.6,10.27,186.9,IMD_NORMALS_SYNTHETIC
1999-10-24,0.0,29.3,68.3,5.05,184.5,IMD_NORMALS_SYNTHETIC
1999-10-25,0.0,24.92,62.9,2.13,209.9,IMD_NORMALS_SYNTHETIC
1999-10-26,0.0,27.72,62.1,8.17,212.7,IMD_NORMALS_SYNTHETIC
1999-10-27,0.0,30.77,62.7,7.72,175.0,IMD_NORMALS_SYNTHETIC
1999-10-28,0.0,26.07,71.1,9.49,192.6,IMD_NORMALS_SYNTHETIC
1999-10-29,0.0,26.78,70.7,9.34,163.4,IMD_NORMALS_SYNTHETIC
1999-10-30,0.0,31.78,61.4,8.7,178.5,IMD_NORMALS_SYNTHETIC
1999-10-31,0.0,30.38,62.0,7.12,151.9,IMD_NORMALS_SYNTHETIC
1999-11-01,0.0,24.86,55.1,8.58,165.5,IMD_NORMALS_SYNTHETIC
1999-11-02,0.0,25.4,65.3,8.34,172.8,IMD_NORMALS_SYNTHETIC
1999-11-03,0.0,23.62,55.7,9.88,135.4,IMD_NORMALS_SYNTHETIC
1999-11-04,0.0,24.42,52.8,4.88,182.3,IMD_NORMALS_SYNTHETIC
1999-11-05,0.0,22.28,61.3,8.14,196.8,IMD_NORMALS_SYNTHETIC
1999-11-06,0.0,22.51,58.6,5.56,132.4,IMD_NORMALS_SYNTHETIC
1999-11-07,0.0,27.88,53.2,4.86,154.8,IMD_NORMALS_SYNTHETIC
1999-11-08,0.0,26.98,57.2,9.19,179.3,IMD_NORMALS_SYNTHETIC
1999-11-09,0.0,23.75,64.8,9.97,141.9,IMD_NORMALS_SYNTHETIC
1999-11-10,5.862,24.48,48.5,8.44,151.4,IMD_NORMALS_SYNTHETIC
1999-11-11,0.0,23.04,45.3,10.86,182.5,IMD_NORMALS_SYNTHETIC
1999-11-12,0.0,22.92,62.2,8.21,170.0,IMD_NORMALS_SYNTHETIC
1999-11-13,0.0,26.42,62.6,11.12,137.6,IMD_NORMALS_SYNTHETIC
1999-11-14,0.0,26.03,62.9,5.58,139.6,IMD_NORMALS_SYNTHETIC
1999-11-15,0.0,23.83,55.0,7.9,146.8,IMD_NORMALS_SYNTHETIC
1999-11-16,0.0,24.05,58.4,9.71,130.0,IMD_NORMALS_SYNTHETIC
1999-11-17,0.0,29.05,57.5,17.79,129.3,IMD_NORMALS_SYNTHETIC
1999-11-18,0.0,24.89,59.2,8.34,147.2,IMD_NORMALS_SYNTHETIC
1999-11-19,0.0,25.74,65.4,4.23,206.3,IMD_NORMALS_SYNTHETIC
1999-11-20,0.0,26.37,54.7,9.96,164.0,IMD_NORMALS_SYNTHETIC
1999-11-21,0.0,25.32,54.4,5.19,173.4,IMD_NORMALS_SYNTHETIC
1999-11-22,0.0,25.51,55.1,11.23,188.9,IMD_NORMALS_SYNTHETIC
1999-11-23,0.0,24.18,58.0,9.39,148.2,IMD_NORMALS_SYNTHETIC
1999-11-24,0.0,23.82,62.0,4.79,132.4,IMD_NORMALS_SYNTHETIC
1999-11-25,0.0,24.51,70.0,9.17,130.7,IMD_NORMALS_SYNTHETIC
1999-11-26,0.0,23.42,59.0,10.46,176.6,IMD_NORMALS_SYNTHETIC
1999-11-27,14.109,26.67,69.9,7.1,166.3,IMD_NORMALS_SYNTHETIC
1999-11-28,0.0,29.32,59.1,6.64,179.5,IMD_NORMALS_SYNTHETIC
1999-11-29,0.0,25.85,51.3,8.59,153.8,IMD_NORMALS_SYNTHETIC
1999-11-30,0.0,24.32,59.0,7.28,162.2,IMD_NORMALS_SYNTHETIC
1999-12-01,0.0,26.86,61.9,4.18,157.4,IMD_NORMALS_SYNTHETIC
1999-12-02,17.786,25.92,54.3,9.2,137.6,IMD_NORMALS_SYNTHETIC
1999-12-03,0.0,27.67,59.8,6.46,163.0,IMD_NORMALS_SYNTHETIC
1999-12-04,0.0,25.4,53.9,8.1,137.0,IMD_NORMALS_SYNTHETIC
1999-12-05,0.0,21.75,56.4,6.63,122.2,IMD_NORMALS_SYNTHETIC
1999-12-06,0.0,24.61,52.4,5.92,151.3,IMD_NORMALS_SYNTHETIC
1999-12-07,0.0,21.15,54.0,6.74,140.7,IMD_NORMALS_SYNTHETIC
1999-12-08,0.0,25.02,60.0,2.34,150.3,IMD_NORMALS_SYNTHETIC
1999-12-09,0.0,20.35,50.8,10.24,165.6,IMD_NORMALS_SYNTHETIC
1999-12-10,0.0,25.59,58.9,8.68,176.0,IMD_NORMALS_SYNTHETIC
1999-12-11,0.0,27.06,59.7,6.07,144.3,IMD_NORMALS_SYNTHETIC
1999-12-12,0.0,21.98,58.0,7.27,157.6,IMD_NORMALS_SYNTHETIC
1999-12-13,0.0,24.79,51.2,8.82,131.9,IMD_NORMALS_SYNTHETIC
1999-12-14,0.0,25.41,53.9,8.55,138.4,IMD_NORMALS_SYNTHETIC
1999-12-15,0.0,21.34,56.4,7.38,138.3,IMD_NORMALS_SYNTHETIC
1999-12-16,0.0,21.19,53.0,8.17,129.9,IMD_NORMALS_SYNTHETIC
1999-12-17,18.394,23.69,61.7,10.32,142.2,IMD_NORMALS_SYNTHETIC
1999-12-18,0.0,19.69,56.0,4.22,144.0,IMD_NORMALS_SYNTHETIC
1999-12-19,0.0,23.83,48.3,7.41,140.1,IMD_NORMALS_SYNTHETIC
1999-12-20,0.0,25.5,51.3,9.34,154.0,IMD_NORMALS_SYNTHETIC
1999-12-21,0.0,25.28,51.2,13.37,123.0,IMD_NORMALS_SYNTHETIC
1999-12-22,0.0,21.06,58.8,7.44,158.9,IMD_NORMALS_SYNTHETIC
1999-12-23,0.0,23.46,60.5,6.41,119.9,IMD_NORMALS_SYNTHETIC
1999-12-24,0.0,25.93,58.1,11.9,171.6,IMD_NORMALS_SYNTHETIC
1999-12-25,0.0,25.84,57.1,8.62,124.1,IMD_NORMALS_SYNTHETIC
1999-12-26,0.0,23.91,50.1,8.21,164.4,IMD_NORMALS_SYNTHETIC
1999-12-27,0.0,24.34,52.7,6.31,163.6,IMD_NORMALS_SYNTHETIC
1999-12-28,0.0,19.77,55.0,3.89,151.9,IMD_NORMALS_SYNTHETIC
1999-12-29,0.0,23.74,59.5,9.51,151.2,IMD_NORMALS_SYNTHETIC
1999-12-30,0.0,24.73,56.5,10.91,148.4,IMD_NORMALS_SYNTHETIC
1999-12-31,0.0,25.76,55.1,9.13,152.3,IMD_NORMALS_SYNTHETIC
2000-01-01,0.0,24.8,45.4,7.27,173.3,IMD_NORMALS_SYNTHETIC
2000-01-02,0.0,25.56,51.9,8.83,161.3,IMD_NORMALS_SYNTHETIC
2000-01-03,0.0,25.51,51.3,15.32,174.5,IMD_NORMALS_SYNTHETIC
2000-01-04,0.0,22.97,53.3,8.01,102.2,IMD_NORMALS_SYNTHETIC
2000-01-05,0.0,25.81,42.9,4.68,170.2,IMD_NORMALS_SYNTHETIC
2000-01-06,0.0,23.91,51.5,4.21,177.5,IMD_NORMALS_SYNTHETIC
2000-01-07,0.0,26.58,51.2,8.23,148.8,IMD_NORMALS_SYNTHETIC
2000-01-08,0.0,26.1,54.5,7.41,195.1,IMD_NORMALS_SYNTHETIC
2000-01-09,0.0,23.52,48.7,5.99,186.8,IMD_NORMALS_SYNTHETIC
2000-01-10,0.0,21.73,61.5,10.65,194.6,IMD_NORMALS_SYNTHETIC
2000-01-11,0.0,23.43,53.2,4.81,132.6,IMD_NORMALS_SYNTHETIC
2000-01-12,3.707,24.54,59.7,8.55,164.8,IMD_NORMALS_SYNTHETIC
2000-01-13,0.0,24.79,51.9,6.47,171.4,IMD_NORMALS_SYNTHETIC
2000-01-14,0.0,24.39,57.3,13.21,156.8,IMD_NORMALS_SYNTHETIC
2000-01-15,0.0,26.95,49.7,10.11,182.7,IMD_NORMALS_SYNTHETIC
2000-01-16,0.0,24.74,50.8,6.51,124.3,IMD_NORMALS_SYNTHETIC
2000-01-17,0.0,26.41,53.2,8.97,184.0,IMD_NORMALS_SYNTHETIC
2000-01-18,0.0,21.57,47.7,8.86,160.4,IMD_NORMALS_SYNTHETIC
2000-01-19,0.0,27.0,52.8,10.18,165.0,IMD_NORMALS_SYNTHETIC
2000-01-20,0.0,22.74,52.2,9.49,152.2,IMD_NORMALS_SYNTHETIC
2000-01-21,0.0,29.07,52.0,8.08,145.0,IMD_NORMALS_SYNTHETIC
2000-01-22,0.0,23.11,51.1,12.83,159.2,IMD_NORMALS_SYNTHETIC
2000-01-23,0.0,22.79,51.7,10.37,178.1,IMD_NORMALS_SYNTHETIC
2000-01-24,0.0,20.67,40.0,7.78,147.1,IMD_NORMALS_SYNTHETIC
2000-01-25,0.0,25.74,53.3,15.47,157.4,IMD_NORMALS_SYNTHETIC
2000-01-26,0.0,24.28,58.6,6.1,183.6,IMD_NORMALS_SYNTHETIC
2000-01-27,0.0,24.97,52.9,8.21,146.1,IMD_NORMALS_SYNTHETIC
2000-01-28,0.0,23.67,52.8,8.67,170.1,IMD_NORMALS_SYNTHETIC
2000-01-29,0.0,26.34,41.5,8.26,150.4,IMD_NORMALS_SYNTHETIC
2000-01-30,0.0,28.72,54.5,9.03,177.3,IMD_NORMALS_SYNTHETIC
2000-01-31,0.0,25.23,43.7,5.8,141.5,IMD_NORMALS_SYNTHETIC
2000-02-01,0.0,29.61,49.9,6.05,221.9,IMD_NORMALS_SYNTHETIC
2000-02-02,0.0,29.14,51.9,2.76,210.5,IMD_NORMALS_SYNTHETIC
2000-02-03,0.0,25.09,43.7,5.93,192.4,IMD_NORMALS_SYNTHETIC
2000-02-04,0.0,29.57,55.5,12.6,190.2,IMD_NORMALS_SYNTHETIC
2000-02-05,0.0,26.88,47.7,6.87,187.5,IMD_NORMALS_SYNTHETIC
2000-02-06,0.0,26.02,32.6,11.85,162.4,IMD_NORMALS_SYNTHETIC
2000-02-07,0.0,27.28,53.9,8.15,178.2,IMD_NORMALS_SYNTHETIC
2000-02-08,0.0,27.97,45.7,8.98,191.0,IMD_NORMALS_SYNTHETIC
2000-02-09,0.0,30.07,45.0,12.44,195.1,IMD_NORMALS_SYNTHETIC
2000-02-10,0.0,25.67,42.0,4.76,190.3,IMD_NORMALS_SYNTHETIC
2000-02-11,0.0,30.39,46.4,7.2,182.0,IMD_NORMALS_SYNTHETIC
2000-02-12,0.0,25.31,41.3,15.1,185.9,IMD_NORMALS_SYNTHETIC
2000-02-13,0.0,26.23,55.9,6.03,189.3,IMD_NORMALS_SYNTHETIC
2000-02-14,0.0,25.27,48.7,14.51,201.4,IMD_NORMALS_SYNTHETIC
2000-02-15,0.0,27.68,41.7,3.85,178.6,IMD_NORMALS_SYNTHETIC
2000-02-16,0.0,24.08,47.9,6.28,180.4,IMD_NORMALS_SYNTHETIC
2000-02-17,0.0,28.58,34.7,7.62,146.6,IMD_NORMALS_SYNTHETIC
2000-02-18,0.0,28.54,43.8,7.53,193.8,IMD_NORMALS_SYNTHETIC
2000-02-19,0.0,28.39,40.9,7.96,189.5,IMD_NORMALS_SYNTHETIC
2000-02-20,0.0,28.25,48.4,7.65,187.1,IMD_NORMALS_SYNTHETIC
2000-02-21,0.0,30.62,47.0,10.62,198.4,IMD_NORMALS_SYNTHETIC
2000-02-22,0.0,27.94,47.0,7.58,179.0,IMD_NORMALS_SYNTHETIC
2000-02-23,0.0,23.48,36.9,6.85,184.1,IMD_NORMALS_SYNTHETIC
2000-02-24,11.45,26.8,49.9,8.43,185.9,IMD_NORMALS_SYNTHETIC
2000-02-25,0.0,25.9,33.7,5.08,188.5,IMD_NORMALS_SYNTHETIC
2000-02-26,0.0,27.06,35.1,4.41,181.2,IMD_NORMALS_SYNTHETIC
2000-02-27,0.0,24.44,47.4,0.34,206.8,IMD_NORMALS_SYNTHETIC
2000-02-28,0.0,30.22,41.5,6.72,213.1,IMD_NORMALS_SYNTHETIC
2000-02-29,0.0,26.66,48.4,5.36,198.8,IMD_NORMALS_SYNTHETIC
2000-03-01,0.0,29.25,36.2,7.84,198.5,IMD_NORMALS_SYNTHETIC
2000-03-02,0.0,30.71,37.2,10.08,221.7,IMD_NORMALS_SYNTHETIC
2000-03-03,11.721,31.49,39.9,0.64,189.0,IMD_NORMALS_SYNTHETIC
2000-03-04,0.0,31.82,41.4,7.69,185.1,IMD_NORMALS_SYNTHETIC
2000-03-05,0.0,31.42,39.3,6.45,215.3,IMD_NORMALS_SYNTHETIC
2000-03-06,0.0,31.41,44.0,7.85,175.1,IMD_NORMALS_SYNTHETIC
2000-03-07,0.0,31.56,42.3,5.04,171.8,IMD_NORMALS_SYNTHETIC
2000-03-08,0.0,29.56,31.2,10.7,202.2,IMD_NORMALS_SYNTHETIC
2000-03-09,0.0,31.25,37.7,5.57,246.7,IMD_NORMALS_SYNTHETIC
2000-03-10,0.0,35.09,38.3,6.54,206.1,IMD_NORMALS_SYNTHETIC
2000-03-11,0.0,29.11,35.7,6.69,192.0,IMD_NORMALS_SYNTHETIC
2000-03-12,0.0,33.23,31.4,7.39,239.1,IMD_NORMALS_SYNTHETIC
2000-03-13,0.0,31.01,42.5,11.04,184.5,IMD_NORMALS_SYNTHETIC
2000-03-14,0.0,29.2,41.1,13.23,186.4,IMD_NORMALS_SYNTHETIC
2000-03-15,0.0,31.25,32.5,7.75,219.4,IMD_NORMALS_SYNTHETIC
2000-03-16,0.0,29.98,37.0,7.81,209.1,IMD_NORMALS_SYNTHETIC
2000-03-17,0.0,33.81,39.2,4.62,180.4,IMD_NORMALS_SYNTHETIC
2000-03-18,0.0,31.19,42.4,9.32,198.9,IMD_NORMALS_SYNTHETIC
2000-03-19,0.0,32.35,38.8,9.08,204.0,IMD_NORMALS_SYNTHETIC
2000-03-20,0.0,30.9,43.3,7.07,194.2,IMD_NORMALS_SYNTHETIC
2000-03-21,14.617,29.82,36.0,7.62,174.8,IMD_NORMALS_SYNTHETIC
2000-03-22,0.0,30.87,35.8,7.56,202.5,IMD_NORMALS_SYNTHETIC
2000-03-23,0.0,32.46,37.7,7.67,170.2,IMD_NORMALS_SYNTHETIC
2000-03-24,0.0,30.28,38.7,8.47,203.2,IMD_NORMALS_SYNTHETIC
2000-03-25,0.0,31.52,51.8,9.56,200.4,IMD_NORMALS_SYNTHETIC
2000-03-26,0.0,31.8,51.7,6.3,212.6,IMD_NORMALS_SYNTHETIC
2000-03-27,2.631,30.28,42.1,7.35,168.3,IMD_NORMALS_SYNTHETIC
2000-03-28,0.0,30.88,41.0,4.89,219.5,IMD_NORMALS_SYNTHETIC
2000-03-29,0.0,30.05,37.7,3.2,194.2,IMD_NORMALS_SYNTHETIC
2000-03-30,0.0,28.21,38.0,5.29,190.1,IMD_NORMALS_SYNTHETIC
2000-03-31,0.0,33.86,35.0,5.48,176.4,IMD_NORMALS_SYNTHETIC
2000-04-01,0.0,34.45,38.0,8.13,186.5,IMD_NORMALS_SYNTHETIC
2000-04-02,0.0,36.11,40.1,11.13,176.4,IMD_NORMALS_SYNTHETIC
2000-04-03,4.62,33.14,31.3,10.61,209.3,IMD_NORMALS_SYNTHETIC
2000-04-04,0.0,34.67,35.6,12.95,201.5,IMD_NORMALS_SYNTHETIC
2000-04-05,0.0,36.59,31.4,8.31,217.4,IMD_NORMALS_SYNTHETIC
2000-04-06,0.0,36.01,32.8,10.52,187.5,IMD_NORMALS_SYNTHETIC
2000-04-07,0.0,31.75,38.9,9.76,173.8,IMD_NORMALS_SYNTHETIC
2000-04-08,0.0,34.07,45.8,5.51,229.9,IMD_NORMALS_SYNTHETIC
2000-04-09,0.0,33.25,32.0,10.28,208.5,IMD_NORMALS_SYNTHETIC
2000-04-10,0.0,36.2,36.2,11.35,213.7,IMD_NORMALS_SYNTHETIC
2000-04-11,0.0,35.43,43.9,4.64,184.9,IMD_NORMALS_SYNTHETIC
2000-04-12,0.0,33.66,34.5,11.01,231.0,IMD_NORMALS_SYNTHETIC
2000-04-13,0.0,35.89,31.6,6.26,225.7,IMD_NORMALS_SYNTHETIC
2000-04-14,0.0,36.69,34.0,1.45,182.4,IMD_NORMALS_SYNTHETIC
2000-04-15,6.769,34.86,42.8,6.76,219.2,IMD_NORMALS_SYNTHETIC
2000-04-16,0.0,35.37,31.5,6.95,199.7,IMD_NORMALS_SYNTHETIC
2000-04-17,0.0,36.08,34.6,11.37,180.6,IMD_NORMALS_SYNTHETIC
2000-04-18,6.567,35.61,35.9,9.85,184.3,IMD_NORMALS_SYNTHETIC
2000-04-19,0.0,32.24,39.9,6.99,225.0,IMD_NORMALS_SYNTHETIC
2000-04-20,0.0,33.16,30.9,6.73,247.2,IMD_NORMALS_SYNTHETIC
2000-04-21,0.0,34.28,36.9,4.23,181.6,IMD_NORMALS_SYNTHETIC
2000-04-22,0.0,31.46,32.9,9.14,202.0,IMD_NORMALS_SYNTHETIC
2000-04-23,0.0,33.94,47.6,5.65,190.3,IMD_NORMALS_SYNTHETIC
2000-04-24,0.0,38.58,34.5,4.49,221.7,IMD_NORMALS_SYNTHETIC
2000-04-25,4.855,36.1,32.6,5.43,213.9,IMD_NORMALS_SYNTHETIC
2000-04-26,0.0,33.1,39.7,9.37,226.0,IMD_NORMALS_SYNTHETIC
2000-04-27,0.0,32.5,38.1,9.1,196.5,IMD_NORMALS_SYNTHETIC
2000-04-28,0.0,30.86,40.2,11.11,213.0,IMD_NORMALS_SYNTHETIC
2000-04-29,0.0,35.99,28.8,6.41,231.7,IMD_NORMALS_SYNTHETIC
2000-04-30,0.0,35.39,38.6,8.23,201.7,IMD_NORMALS_SYNTHETIC
2000-05-01,0.0,35.23,45.6,9.25,190.8,IMD_NORMALS_SYNTHETIC
2000-05-02,0.0,33.87,52.4,6.03,231.7,IMD_NORMALS_SYNTHETIC
2000-05-03,0.0,36.28,48.8,6.2,228.6,IMD_NORMALS_SYNTHETIC
2000-05-04,0.0,35.7,39.0,7.7,230.2,IMD_NORMALS_SYNTHETIC
2000-05-05,0.0,34.25,45.1,13.58,215.8,IMD_NORMALS_SYNTHETIC
2000-05-06,0.0,35.47,47.5,8.95,200.4,IMD_NORMALS_SYNTHETIC
2000-05-07,0.0,33.81,43.4,6.66,229.3,IMD_NORMALS_SYNTHETIC
2000-05-08,0.0,34.23,51.4,3.68,222.0,IMD_NORMALS_SYNTHETIC
2000-05-09,0.0,32.97,40.9,7.69,222.8,IMD_NORMALS_SYNTHETIC
2000-05-10,0.0,34.13,48.4,8.5,265.1,IMD_NORMALS_SYNTHETIC
2000-05-11,0.0,34.84,41.9,13.5,214.2,IMD_NORMALS_SYNTHETIC
2000-05-12,4.507,37.07,54.0,14.18,219.1,IMD_NORMALS_SYNTHETIC
2000-05-13,0.0,34.71,42.7,5.24,196.7,IMD_NORMALS_SYNTHETIC
2000-05-14,0.0,33.52,43.4,8.89,208.7,IMD_NORMALS_SYNTHETIC
2000-05-15,0.0,32.04,42.9,3.46,237.7,IMD_NORMALS_SYNTHETIC
2000-05-16,0.0,33.38,42.4,7.53,251.1,IMD_NORMALS_SYNTHETIC
2000-05-17,0.0,32.25,44.5,5.86,218.3,IMD_NORMALS_SYNTHETIC
2000-05-18,0.0,35.62,43.1,8.32,217.7,IMD_NORMALS_SYNTHETIC
2000-05-19,0.0,31.49,39.9,9.26,253.5,IMD_NORMALS_SYNTHETIC
2000-05-20,0.0,39.6,38.6,10.99,217.0,IMD_NORMALS_SYNTHETIC
2000-05-21,0.0,34.82,41.8,5.11,251.4,IMD_NORMALS_SYNTHETIC
2000-05-22,0.0,37.1,47.6,10.6,261.4,IMD_NORMALS_SYNTHETIC
2000-05-23,0.0,33.58,37.0,2.93,201.6,IMD_NORMALS_SYNTHETIC
2000-05-24,0.0,37.22,43.9,7.79,232.5,IMD_NORMALS_SYNTHETIC
2000-05-25,0.0,33.49,33.1,5.29,208.0,IMD_NORMALS_SYNTHETIC
2000-05-26,0.0,36.22,41.7,7.99,223.8,IMD_NORMALS_SYNTHETIC
2000-05-27,0.0,35.32,44.5,5.1,220.9,IMD_NORMALS_SYNTHETIC
2000-05-28,0.0,36.7,49.4,4.69,227.4,IMD_NORMALS_SYNTHETIC
2000-05-29,0.0,33.31,43.1,9.41,184.3,IMD_NORMALS_SYNTHETIC
2000-05-30,0.0,35.2,39.6,13.83,226.2,IMD_NORMALS_SYNTHETIC
2000-05-31,0.0,34.35,46.9,5.14,221.6,IMD_NORMALS_SYNTHETIC
2000-06-01,3.778,32.02,65.6,8.55,250.7,IMD_NORMALS_SYNTHETIC
2000-06-02,0.0,30.68,62.4,6.27,236.2,IMD_NORMALS_SYNTHETIC
2000-06-03,0.0,33.3,72.8,8.57,263.9,IMD_NORMALS_SYNTHETIC
2000-06-04,1.156,32.02,56.2,6.26,234.9,IMD_NORMALS_SYNTHETIC
2000-06-05,4.443,32.27,65.6,6.42,238.1,IMD_NORMALS_SYNTHETIC
2000-06-06,0.0,29.79,51.1,9.12,253.5,IMD_NORMALS_SYNTHETIC
2000-06-07,0.0,30.17,61.3,5.22,203.5,IMD_NORMALS_SYNTHETIC
2000-06-08,0.0,32.33,55.3,10.59,262.4,IMD_NORMALS_SYNTHETIC
2000-06-09,0.0,29.25,64.6,6.51,221.5,IMD_NORMALS_SYNTHETIC
2000-06-10,0.0,29.75,66.0,10.01,233.3,IMD_NORMALS_SYNTHETIC
2000-06-11,2.283,33.71,69.1,6.63,220.4,IMD_NORMALS_SYNTHETIC
2000-06-12,0.0,32.8,64.3,7.58,226.9,IMD_NORMALS_SYNTHETIC
2000-06-13,0.0,34.15,63.9,9.94,202.5,IMD_NORMALS_SYNTHETIC
2000-06-14,0.0,32.96,58.8,7.35,237.4,IMD_NORMALS_SYNTHETIC
2000-06-15,0.0,30.45,65.5,5.08,239.1,IMD_NORMALS_SYNTHETIC
2000-06-16,2.481,31.3,63.1,6.4,249.3,IMD_NORMALS_SYNTHETIC
2000-06-17,0.0,28.62,67.1,4.9,253.3,IMD_NORMALS_SYNTHETIC
2000-06-18,0.0,33.22,55.8,11.13,274.5,IMD_NORMALS_SYNTHETIC
2000-06-19,0.0,30.89,69.1,7.9,233.3,IMD_NORMALS_SYNTHETIC
2000-06-20,0.0,32.3,59.8,10.35,226.9,IMD_NORMALS_SYNTHETIC
2000-06-21,0.0,28.06,62.2,8.97,236.8,IMD_NORMALS_SYNTHETIC
2000-06-22,0.0,32.67,64.3,4.63,220.3,IMD_NORMALS_SYNTHETIC
2000-06-23,0.0,30.98,52.9,4.89,259.8,IMD_NORMALS_SYNTHETIC
2000-06-24,1.908,31.46,67.7,10.61,262.0,IMD_NORMALS_SYNTHETIC
2000-06-25,0.0,31.24,68.1,12.53,205.2,IMD_NORMALS_SYNTHETIC
2000-06-26,0.0,31.78,66.6,8.36,228.2,IMD_NORMALS_SYNTHETIC
2000-06-27,0.0,32.9,66.9,2.24,263.0,IMD_NORMALS_SYNTHETIC
2000-06-28,0.0,32.77,63.0,8.81,228.6,IMD_NORMALS_SYNTHETIC
2000-06-29,0.0,33.1,63.7,11.27,266.2,IMD_NORMALS_SYNTHETIC
2000-06-30,5.678,29.18,54.7,11.6,232.2,IMD_NORMALS_SYNTHETIC
2000-07-01,9.382,26.21,67.6,8.04,221.8,IMD_NORMALS_SYNTHETIC
2000-07-02,0.0,31.26,71.9,8.57,235.4,IMD_NORMALS_SYNTHETIC
2000-07-03,0.0,29.63,79.7,3.71,241.4,IMD_NORMALS_SYNTHETIC
2000-07-04,2.101,24.45,75.8,4.67,205.7,IMD_NORMALS_SYNTHETIC
2000-07-05,0.0,28.82,84.6,11.01,223.5,IMD_NORMALS_SYNTHETIC
2000-07-06,16.453,29.07,81.6,1.22,244.1,IMD_NORMALS_SYNTHETIC
2000-07-07,7.393,25.31,77.5,2.75,224.5,IMD_NORMALS_SYNTHETIC
2000-07-08,0.828,29.39,70.5,9.23,201.4,IMD_NORMALS_SYNTHETIC
2000-07-09,0.505,29.52,64.5,10.71,201.6,IMD_NORMALS_SYNTHETIC
2000-07-10,0.58,28.97,78.7,2.86,224.9,IMD_NORMALS_SYNTHETIC
2000-07-11,0.0,26.13,69.7,9.91,233.2,IMD_NORMALS_SYNTHETIC
2000-07-12,0.179,30.7,75.4,8.15,215.4,IMD_NORMALS_SYNTHETIC
2000-07-13,18.017,26.5,70.3,5.0,225.1,IMD_NORMALS_SYNTHETIC
2000-07-14,0.0,29.91,80.4,7.94,240.2,IMD_NORMALS_SYNTHETIC
2000-07-15,0.0,31.42,79.7,2.13,211.3,IMD_NORMALS_SYNTHETIC
2000-07-16,0.0,26.85,74.7,5.35,204.7,IMD_NORMALS_SYNTHETIC
2000-07-17,0.0,26.93,80.3,4.94,194.3,IMD_NORMALS_SYNTHETIC
2000-07-18,15.698,30.4,78.7,10.81,239.2,IMD_NORMALS_SYNTHETIC
2000-07-19,0.0,31.2,71.7,1.22,208.8,IMD_NORMALS_SYNTHETIC
2000-07-20,0.0,27.32,73.8,16.19,215.2,IMD_NORMALS_SYNTHETIC
2000-07-21,0.0,30.65,75.0,7.59,234.4,IMD_NORMALS_SYNTHETIC
2000-07-22,8.17,30.12,83.4,5.16,186.1,IMD_NORMALS_SYNTHETIC
2000-07-23,0.0,27.61,80.4,7.87,215.7,IMD_NORMALS_SYNTHETIC
2000-07-24,0.0,28.92,70.8,12.96,224.3,IMD_NORMALS_SYNTHETIC
2000-07-25,2.851,31.3,76.6,12.58,252.7,IMD_NORMALS_SYNTHETIC
2000-07-26,0.0,30.88,72.9,11.45,233.3,IMD_NORMALS_SYNTHETIC
2000-07-27,0.0,28.76,69.2,8.65,258.6,IMD_NORMALS_SYNTHETIC
2000-07-28,0.0,33.21,80.9,7.67,210.7,IMD_NORMALS_SYNTHETIC
2000-07-29,0.0,29.86,80.1,3.22,239.4,IMD_NORMALS_SYNTHETIC
2000-07-30,0.0,30.98,71.3,9.01,232.0,IMD_NORMALS_SYNTHETIC
2000-07-31,0.0,28.4,80.5,5.06,227.0,IMD_NORMALS_SYNTHETIC
2000-08-01,0.0,27.56,71.7,9.59,222.1,IMD_NORMALS_SYNTHETIC
2000-08-02,0.0,31.28,68.4,10.0,208.4,IMD_NORMALS_SYNTHETIC
2000-08-03,2.466,30.23,74.6,9.36,201.8,IMD_NORMALS_SYNTHETIC
2000-08-04,0.0,26.77,80.2,9.14,220.4,IMD_NORMALS_SYNTHETIC
2000-08-05,0.0,29.48,67.1,5.68,258.2,IMD_NORMALS_SYNTHETIC
2000-08-06,0.0,26.94,70.0,10.08,209.6,IMD_NORMALS_SYNTHETIC
2000-08-07,0.0,26.65,81.6,12.48,229.1,IMD_NORMALS_SYNTHETIC
2000-08-08,0.0,31.41,67.7,8.47,241.4,IMD_NORMALS_SYNTHETIC
2000-08-09,0.0,30.9,78.0,11.42,217.1,IMD_NORMALS_SYNTHETIC
2000-08-10,2.159,27.94,78.9,8.62,219.3,IMD_NORMALS_SYNTHETIC
2000-08-11,0.0,27.26,80.0,10.66,228.6,IMD_NORMALS_SYNTHETIC
2000-08-12,13.59,28.24,77.0,12.97,193.3,IMD_NORMALS_SYNTHETIC
2000-08-13,0.0,27.44,67.2,6.61,211.8,IMD_NORMALS_SYNTHETIC
2000-08-14,0.0,26.82,78.7,7.08,203.5,IMD_NORMALS_SYNTHETIC
2000-08-15,0.0,26.4,74.4,5.44,193.9,IMD_NORMALS_SYNTHETIC
2000-08-16,3.853,26.34,81.2,9.24,209.7,IMD_NORMALS_SYNTHETIC
2000-08-17,0.0,27.48,81.5,0.17,183.7,IMD_NORMALS_SYNTHETIC
2000-08-18,0.0,27.44,76.6,3.12,235.8,IMD_NORMALS_SYNTHETIC
2000-08-19,6.644,26.66,67.2,8.24,201.1,IMD_NORMALS_SYNTHETIC
2000-08-20,5.404,28.19,68.1,7.33,217.2,IMD_NORMALS_SYNTHETIC
2000-08-21,0.0,27.17,76.9,2.97,200.6,IMD_NORMALS_SYNTHETIC
2000-08-22,0.0,28.48,78.6,4.77,187.2,IMD_NORMALS_SYNTHETIC
2000-08-23,0.0,25.65,56.1,3.11,197.2,IMD_NORMALS_SYNTHETIC
2000-08-24,40.554,27.62,80.6,10.58,196.9,IMD_NORMALS_SYNTHETIC
2000-08-25,6.3,27.58,64.3,9.35,219.1,IMD_NORMALS_SYNTHETIC
2000-08-26,27.156,27.99,72.1,8.13,213.3,IMD_NORMALS_SYNTHETIC
2000-08-27,7.221,30.19,79.8,9.78,192.8,IMD_NORMALS_SYNTHETIC
2000-08-28,0.0,29.55,74.5,10.64,192.2,IMD_NORMALS_SYNTHETIC
2000-08-29,6.315,28.33,80.9,13.21,210.6,IMD_NORMALS_SYNTHETIC
2000-08-30,0.0,32.06,79.0,3.78,231.8,IMD_NORMALS_SYNTHETIC
2000-08-31,0.0,29.66,80.4,6.79,218.3,IMD_NORMALS_SYNTHETIC
2000-09-01,0.0,30.98,75.7,7.17,177.2,IMD_NORMALS_SYNTHETIC
2000-09-02,19.367,26.25,81.2,10.87,210.3,IMD_NORMALS_SYNTHETIC
2000-09-03,0.0,27.92,75.4,9.06,193.3,IMD_NORMALS_SYNTHETIC
2000-09-04,0.0,27.96,76.6,10.02,192.8,IMD_NORMALS_SYNTHETIC
2000-09-05,34.541,30.02,64.6,10.86,227.7,IMD_NORMALS_SYNTHETIC
2000-09-06,21.615,29.26,71.3,3.33,177.2,IMD_NORMALS_SYNTHETIC
2000-09-07,0.0,26.32,67.3,4.79,218.9,IMD_NORMALS_SYNTHETIC
2000-09-08,0.0,26.36,76.0,4.98,188.7,IMD_NORMALS_SYNTHETIC
2000-09-09,0.0,30.74,70.7,3.75,191.8,IMD_NORMALS_SYNTHETIC
2000-09-10,1.775,28.08,63.6,3.13,202.2,IMD_NORMALS_SYNTHETIC
2000-09-11,11.886,29.61,82.6,9.46,198.9,IMD_NORMALS_SYNTHETIC
2000-09-12,0.0,28.22,75.8,3.28,193.9,IMD_NORMALS_SYNTHETIC
2000-09-13,14.27,28.47,76.5,9.45,210.0,IMD_NORMALS_SYNTHETIC
2000-09-14,0.0,31.94,76.9,8.13,185.8,IMD_NORMALS_SYNTHETIC
2000-09-15,0.0,27.33,64.9,10.23,169.9,IMD_NORMALS_SYNTHETIC
2000-09-16,0.0,30.05,74.1,10.46,214.5,IMD_NORMALS_SYNTHETIC
2000-09-17,0.0,28.69,67.3,7.59,213.4,IMD_NORMALS_SYNTHETIC
2000-09-18,0.0,27.03,75.6,10.05,219.9,IMD_NORMALS_SYNTHETIC
2000-09-19,0.0,29.56,74.7,5.89,191.2,IMD_NORMALS_SYNTHETIC
2000-09-20,9.313,28.57,72.6,9.19,170.9,IMD_NORMALS_SYNTHETIC
2000-09-21,2.615,28.85,68.3,9.63,164.6,IMD_NORMALS_SYNTHETIC
2000-09-22,0.0,27.04,77.1,7.56,184.3,IMD_NORMALS_SYNTHETIC
2000-09-23,16.616,28.37,78.2,6.68,193.6,IMD_NORMALS_SYNTHETIC
2000-09-24,0.0,27.33,69.6,6.61,220.2,IMD_NORMALS_SYNTHETIC
2000-09-25,13.548,31.08,69.3,5.99,220.0,IMD_NORMALS_SYNTHETIC
2000-09-26,0.0,28.23,76.5,6.03,188.6,IMD_NORMALS_SYNTHETIC
2000-09-27,0.0,25.08,76.2,4.04,217.8,IMD_NORMALS_SYNTHETIC
2000-09-28,0.0,28.63,77.5,6.73,193.4,IMD_NORMALS_SYNTHETIC
2000-09-29,20.619,26.13,77.7,3.68,183.2,IMD_NORMALS_SYNTHETIC
2000-09-30,13.627,26.77,66.7,0.56,195.4,IMD_NORMALS_SYNTHETIC
2000-10-01,0.0,28.0,70.7,10.8,165.3,IMD_NORMALS_SYNTHETIC
2000-10-02,0.0,31.35,63.3,8.7,201.9,IMD_NORMALS_SYNTHETIC
2000-10-03,4.978,28.46,67.7,13.32,172.4,IMD_NORMALS_SYNTHETIC
2000-10-04,13.54,29.15,68.9,11.35,179.1,IMD_NORMALS_SYNTHETIC
2000-10-05,0.0,30.85,71.8,7.41,171.3,IMD_NORMALS_SYNTHETIC
2000-10-06,0.0,26.07,70.5,9.21,158.0,IMD_NORMALS_SYNTHETIC
2000-10-07,0.0,27.68,65.3,10.64,167.2,IMD_NORMALS_SYNTHETIC
2000-10-08,0.0,26.83,75.2,9.77,195.4,IMD_NORMALS_SYNTHETIC
2000-10-09,31.041,25.89,66.2,10.99,203.9,IMD_NORMALS_SYNTHETIC
2000-10-10,0.0,29.45,65.7,11.5,163.4,IMD_NORMALS_SYNTHETIC
2000-10-11,0.0,29.02,69.3,6.76,192.0,IMD_NORMALS_SYNTHETIC
2000-10-12,0.0,29.69,65.9,3.16,204.1,IMD_NORMALS_SYNTHETIC
2000-10-13,3.678,29.04,61.3,6.53,207.7,IMD_NORMALS_SYNTHETIC
2000-10-14,11.526,24.93,65.0,15.17,217.1,IMD_NORMALS_SYNTHETIC
2000-10-15,0.0,27.8,71.9,11.51,210.6,IMD_NORMALS_SYNTHETIC
2000-10-16,0.0,28.66,68.4,12.08,197.2,IMD_NORMALS_SYNTHETIC
2000-10-17,0.0,26.31,67.0,4.25,196.9,IMD_NORMALS_SYNTHETIC
2000-10-18,0.0,27.43,73.2,12.77,165.3,IMD_NORMALS_SYNTHETIC
2000-10-19,0.0,27.53,68.1,8.49,189.0,IMD_NORMALS_SYNTHETIC
2000-10-20,30.61,28.32,58.8,10.27,181.3,IMD_NORMALS_SYNTHETIC
2000-10-21,0.0,28.76,64.7,4.89,186.7,IMD_NORMALS_SYNTHETIC
2000-10-22,0.0,24.51,69.9,7.55,181.0,IMD_NORMALS_SYNTHETIC
2000-10-23,0.0,28.32,61.8,11.3,131.4,IMD_NORMALS_SYNTHETIC
2000-10-24,0.0,27.32,68.9,7.06,184.3,IMD_NORMALS_SYNTHETIC
2000-10-25,8.193,26.74,62.5,9.75,181.8,IMD_NORMALS_SYNTHETIC
2000-10-26,0.0,27.02,66.4,7.48,202.6,IMD_NORMALS_SYNTHETIC
2000-10-27,0.0,26.86,64.5,8.42,167.4,IMD_NORMALS_SYNTHETIC
2000-10-28,0.0,24.32,71.4,5.28,196.5,IMD_NORMALS_SYNTHETIC
2000-10-29,0.0,29.15,64.0,8.43,174.8,IMD_NORMALS_SYNTHETIC
2000-10-30,0.0,27.19,62.9,2.58,187.6,IMD_NORMALS_SYNTHETIC
2000-10-31,0.0,27.78,60.9,4.94,199.5,IMD_NORMALS_SYNTHETIC
2000-11-01,0.0,25.62,53.4,7.14,163.8,IMD_NORMALS_SYNTHETIC
2000-11-02,0.0,27.3,62.9,10.7,180.5,IMD_NORMALS_SYNTHETIC
2000-11-03,8.334,27.29,53.4,9.87,133.1,IMD_NORMALS_SYNTHETIC
2000-11-04,0.0,27.48,57.5,11.34,130.0,IMD_NORMALS_SYNTHETIC
2000-11-05,2.117,23.48,55.0,8.77,130.9,IMD_NORMALS_SYNTHETIC
2000-11-06,0.0,23.9,65.2,9.55,157.0,IMD_NORMALS_SYNTHETIC
2000-11-07,0.0,25.68,65.8,11.1,146.6,IMD_NORMALS_SYNTHETIC
2000-11-08,0.0,30.56,63.1,5.14,197.3,IMD_NORMALS_SYNTHETIC
2000-11-09,0.0,24.01,52.6,11.8,143.4,IMD_NORMALS_SYNTHETIC
2000-11-10,0.0,25.77,57.7,10.71,149.6,IMD_NORMALS_SYNTHETIC
2000-11-11,0.0,25.32,61.2,4.93,185.0,IMD_NORMALS_SYNTHETIC
2000-11-12,16.912,24.44,65.1,14.82,170.9,IMD_NORMALS_SYNTHETIC
2000-11-13,0.0,28.51,65.2,7.51,116.6,IMD_NORMALS_SYNTHETIC
2000-11-14,0.0,25.22,58.9,12.15,188.2,IMD_NORMALS_SYNTHETIC
2000-11-15,0.0,25.65,57.9,12.05,192.9,IMD_NORMALS_SYNTHETIC
2000-11-16,0.0,27.13,54.6,8.86,173.6,IMD_NORMALS_SYNTHETIC
2000-11-17,0.0,24.43,60.7,15.27,178.3,IMD_NORMALS_SYNTHETIC
2000-11-18,0.0,22.88,53.1,13.47,164.7,IMD_NORMALS_SYNTHETIC
2000-11-19,0.0,27.94,64.4,9.87,154.0,IMD_NORMALS_SYNTHETIC
2000-11-20,0.0,29.01,52.8,10.99,177.6,IMD_NORMALS_SYNTHETIC
2000-11-21,0.0,25.5,54.8,4.9,151.8,IMD_NORMALS_SYNTHETIC
2000-11-22,4.74,27.68,53.8,12.67,197.4,IMD_NORMALS_SYNTHETIC
2000-11-23,0.0,22.96,63.1,12.83,170.8,IMD_NORMALS_SYNTHETIC
2000-11-24,3.901,26.44,44.1,7.04,140.4,IMD_NORMALS_SYNTHETIC
2000-11-25,0.0,25.46,63.3,6.44,152.0,IMD_NORMALS_SYNTHETIC
2000-11-26,0.0,24.51,46.4,7.33,174.1,IMD_NORMALS_SYNTHETIC
2000-11-27,0.0,25.42,59.9,11.57,155.8,IMD_NORMALS_SYNTHETIC
2000-11-28,0.0,27.7,56.3,0.34,167.9,IMD_NORMALS_SYNTHETIC
2000-11-29,0.0,23.72,60.9,5.79,139.9,IMD_NORMALS_SYNTHETIC
2000-11-30,0.0,26.18,58.3,5.48,121.2,IMD_NORMALS_SYNTHETIC
2000-12-01,0.0,23.62,51.2,5.91,152.1,IMD_NORMALS_SYNTHETIC
2000-12-02,0.0,24.28,49.9,3.33,165.5,IMD_NORMALS_SYNTHETIC
2000-12-03,0.0,28.45,55.7,9.21,157.9,IMD_NORMALS_SYNTHETIC
2000-12-04,0.0,23.05,57.5,8.56,146.7,IMD_NORMALS_SYNTHETIC
2000-12-05,0.0,24.36,59.4,8.88,138.2,IMD_NORMALS_SYNTHETIC
2000-12-06,0.0,25.27,49.0,11.78,134.6,IMD_NORMALS_SYNTHETIC
2000-12-07,0.0,21.06,54.8,10.09,145.5,IMD_NORMALS_SYNTHETIC
2000-12-08,0.0,22.08,59.1,6.96,136.4,IMD_NORMALS_SYNTHETIC
2000-12-09,0.0,24.11,57.4,15.12,147.6,IMD_NORMALS_SYNTHETIC
2000-12-10,0.0,25.85,57.9,9.68,112.7,IMD_NORMALS_SYNTHETIC
2000-12-11,0.0,24.51,53.6,9.64,123.8,IMD_NORMALS_SYNTHETIC
2000-12-12,0.0,25.42,60.5,13.54,144.0,IMD_NORMALS_SYNTHETIC
2000-12-13,0.0,21.19,57.5,4.18,151.7,IMD_NORMALS_SYNTHETIC
2000-12-14,0.0,22.0,53.0,8.73,136.2,IMD_NORMALS_SYNTHETIC
2000-12-15,0.0,24.44,48.9,5.04,126.2,IMD_NORMALS_SYNTHETIC
2000-12-16,0.0,22.2,52.3,5.26,156.3,IMD_NORMALS_SYNTHETIC
2000-12-17,0.0,21.18,53.0,6.45,132.3,IMD_NORMALS_SYNTHETIC
2000-12-18,0.0,22.56,55.7,8.93,186.4,IMD_NORMALS_SYNTHETIC
2000-12-19,0.0,24.66,62.0,6.98,153.5,IMD_NORMALS_SYNTHETIC
2000-12-20,0.0,25.02,57.9,8.27,163.2,IMD_NORMALS_SYNTHETIC
2000-12-21,0.0,26.08,59.3,9.05,126.4,IMD_NORMALS_SYNTHETIC
2000-12-22,0.0,26.31,52.7,5.52,119.9,IMD_NORMALS_SYNTHETIC
2000-12-23,0.0,26.54,45.0,9.02,127.0,IMD_NORMALS_SYNTHETIC
2000-12-24,0.0,25.43,55.2,10.16,175.9,IMD_NORMALS_SYNTHETIC
2000-12-25,0.0,25.06,57.7,9.68,135.6,IMD_NORMALS_SYNTHETIC
2000-12-26,0.0,23.12,59.2,10.51,168.0,IMD_NORMALS_SYNTHETIC
2000-12-27,0.0,26.74,64.5,5.26,137.1,IMD_NORMALS_SYNTHETIC
2000-12-28,0.0,25.37,58.0,11.01,137.4,IMD_NORMALS_SYNTHETIC
2000-12-29,18.227,24.22,67.4,6.33,147.9,IMD_NORMALS_SYNTHETIC
2000-12-30,0.0,23.09,50.8,4.1,161.9,IMD_NORMALS_SYNTHETIC
2000-12-31,0.0,26.88,52.4,9.16,152.7,IMD_NORMALS_SYNTHETIC
2001-01-01,0.0,21.58,53.8,8.08,192.8,IMD_NORMALS_SYNTHETIC
2001-01-02,0.0,24.99,53.4,7.22,203.8,IMD_NORMALS_SYNTHETIC
2001-01-03,0.0,25.29,53.1,4.48,182.9,IMD_NORMALS_SYNTHETIC
2001-01-04,0.0,28.13,50.5,16.84,152.4,IMD_NORMALS_SYNTHETIC
2001-01-05,0.0,27.12,47.9,9.19,190.1,IMD_NORMALS_SYNTHETIC
2001-01-06,0.0,26.66,57.1,8.09,174.1,IMD_NORMALS_SYNTHETIC
2001-01-07,0.0,21.74,52.4,4.7,133.3,IMD_NORMALS_SYNTHETIC
2001-01-08,0.0,18.65,49.2,7.01,161.8,IMD_NORMALS_SYNTHETIC
2001-01-09,0.0,23.1,48.5,3.7,149.5,IMD_NORMALS_SYNTHETIC
2001-01-10,0.0,27.34,56.9,3.11,169.8,IMD_NORMALS_SYNTHETIC
2001-01-11,0.0,24.53,57.0,9.05,176.7,IMD_NORMALS_SYNTHETIC
2001-01-12,0.0,20.98,44.3,6.22,133.6,IMD_NORMALS_SYNTHETIC
2001-01-13,0.0,23.15,44.9,3.22,158.2,IMD_NORMALS_SYNTHETIC
2001-01-14,0.0,25.03,55.9,5.88,170.8,IMD_NORMALS_SYNTHETIC
2001-01-15,0.0,24.5,53.6,4.44,163.9,IMD_NORMALS_SYNTHETIC
2001-01-16,0.0,24.41,50.1,8.99,190.3,IMD_NORMALS_SYNTHETIC
2001-01-17,0.0,21.47,54.8,6.52,158.7,IMD_NORMALS_SYNTHETIC
2001-01-18,0.0,23.25,51.5,7.89,169.8,IMD_NORMALS_SYNTHETIC
2001-01-19,0.49,23.91,51.3,5.03,169.0,IMD_NORMALS_SYNTHETIC
2001-01-20,0.0,25.59,50.9,4.42,157.6,IMD_NORMALS_SYNTHETIC
2001-01-21,0.0,23.2,53.8,9.2,166.9,IMD_NORMALS_SYNTHETIC
2001-01-22,0.0,25.92,50.4,9.08,198.3,IMD_NORMALS_SYNTHETIC
2001-01-23,0.0,24.5,57.5,7.67,186.4,IMD_NORMALS_SYNTHETIC
2001-01-24,0.0,26.51,55.7,9.46,188.5,IMD_NORMALS_SYNTHETIC
2001-01-25,0.0,25.76,50.0,8.48,195.6,IMD_NORMALS_SYNTHETIC
2001-01-26,0.0,23.75,51.3,14.02,135.0,IMD_NORMALS_SYNTHETIC
2001-01-27,0.0,24.14,54.4,9.18,168.0,IMD_NORMALS_SYNTHETIC
2001-01-28,0.0,25.87,52.5,11.62,137.9,IMD_NORMALS_SYNTHETIC
2001-01-29,0.0,26.73,59.2,8.79,155.4,IMD_NORMALS_SYNTHETIC
2001-01-30,0.0,25.45,51.4,6.62,151.5,IMD_NORMALS_SYNTHETIC
2001-01-31,0.0,22.33,51.8,6.72,173.6,IMD_NORMALS_SYNTHETIC
2001-02-01,0.0,26.54,55.1,6.29,210.7,IMD_NORMALS_SYNTHETIC
2001-02-02,0.0,26.04,43.4,10.35,212.9,IMD_NORMALS_SYNTHETIC
2001-02-03,6.125,30.83,49.0,3.96,148.3,IMD_NORMALS_SYNTHETIC
2001-02-04,0.0,26.74,39.4,15.16,192.6,IMD_NORMALS_SYNTHETIC
2001-02-05,0.0,30.7,48.5,5.79,167.2,IMD_NORMALS_SYNTHETIC
2001-02-06,0.0,28.47,46.2,6.44,174.5,IMD_NORMALS_SYNTHETIC
2001-02-07,0.0,28.73,37.8,2.13,129.5,IMD_NORMALS_SYNTHETIC
2001-02-08,0.0,28.83,42.0,2.61,168.8,IMD_NORMALS_SYNTHETIC
2001-02-09,0.0,27.27,45.0,5.58,179.4,IMD_NORMALS_SYNTHETIC
2001-02-10,0.0,26.44,52.2,12.72,173.5,IMD_NORMALS_SYNTHETIC
2001-02-11,0.0,25.83,43.0,4.93,173.7,IMD_NORMALS_SYNTHETIC
2001-02-12,0.0,25.13,43.7,11.22,171.6,IMD_NORMALS_SYNTHETIC
2001-02-13,0.0,28.72,48.6,8.86,186.5,IMD_NORMALS_SYNTHETIC
2001-02-14,4.635,26.32,48.3,8.69,158.4,IMD_NORMALS_SYNTHETIC
2001-02-15,0.0,28.15,48.8,10.94,166.8,IMD_NORMALS_SYNTHETIC
2001-02-16,0.0,25.85,43.3,7.67,202.1,IMD_NORMALS_SYNTHETIC
2001-02-17,0.0,27.31,47.9,8.96,175.7,IMD_NORMALS_SYNTHETIC
2001-02-18,0.0,27.05,52.4,14.73,187.4,IMD_NORMALS_SYNTHETIC
2001-02-19,0.0,27.56,37.5,0.34,183.4,IMD_NORMALS_SYNTHETIC
2001-02-20,0.0,26.74,43.8,3.14,171.4,IMD_NORMALS_SYNTHETIC
2001-02-21,0.0,26.52,37.5,5.93,153.3,IMD_NORMALS_SYNTHETIC
2001-02-22,0.0,29.13,46.7,11.01,142.9,IMD_NORMALS_SYNTHETIC
2001-02-23,0.0,27.5,40.7,13.37,139.7,IMD_NORMALS_SYNTHETIC
2001-02-24,0.0,30.17,42.6,6.62,168.6,IMD_NORMALS_SYNTHETIC
2001-02-25,0.0,30.08,47.3,13.12,199.6,IMD_NORMALS_SYNTHETIC
2001-02-26,0.0,27.2,52.0,7.44,169.6,IMD_NORMALS_SYNTHETIC
2001-02-27,0.0,27.88,39.5,10.5,138.2,IMD_NORMALS_SYNTHETIC
2001-02-28,0.0,28.07,45.3,6.36,134.2,IMD_NORMALS_SYNTHETIC
2001-03-01,0.0,30.22,38.5,7.45,175.7,IMD_NORMALS_SYNTHETIC
2001-03-02,0.0,30.0,35.7,12.33,209.4,IMD_NORMALS_SYNTHETIC
2001-03-03,0.0,28.92,35.4,7.11,194.2,IMD_NORMALS_SYNTHETIC
2001-03-04,0.0,30.29,39.0,6.16,214.0,IMD_NORMALS_SYNTHETIC
2001-03-05,0.0,31.81,43.4,5.62,230.7,IMD_NORMALS_SYNTHETIC
2001-03-06,0.0,30.07,35.5,7.81,185.7,IMD_NORMALS_SYNTHETIC
2001-03-07,0.0,32.14,32.4,9.19,222.2,IMD_NORMALS_SYNTHETIC
2001-03-08,0.0,30.38,40.7,7.26,195.0,IMD_NORMALS_SYNTHETIC
2001-03-09,0.0,32.07,42.3,7.88,195.5,IMD_NORMALS_SYNTHETIC
2001-03-10,0.0,30.07,40.5,4.21,194.1,IMD_NORMALS_SYNTHETIC
2001-03-11,0.0,33.89,35.8,6.45,178.0,IMD_NORMALS_SYNTHETIC
2001-03-12,0.0,33.05,37.3,9.41,206.1,IMD_NORMALS_SYNTHETIC
2001-03-13,0.0,30.28,40.2,3.71,209.1,IMD_NORMALS_SYNTHETIC
2001-03-14,0.0,33.31,34.6,10.76,187.8,IMD_NORMALS_SYNTHETIC
2001-03-15,0.0,32.03,36.3,8.26,205.0,IMD_NORMALS_SYNTHETIC
2001-03-16,0.0,31.52,39.3,0.0,186.7,IMD_NORMALS_SYNTHETIC
2001-03-17,0.0,29.85,41.3,3.61,196.2,IMD_NORMALS_SYNTHETIC
2001-03-18,0.0,33.12,42.6,3.06,157.5,IMD_NORMALS_SYNTHETIC
2001-03-19,0.0,31.29,35.5,7.2,180.1,IMD_NORMALS_SYNTHETIC
2001-03-20,0.0,30.53,39.4,4.18,165.2,IMD_NORMALS_SYNTHETIC
2001-03-21,0.0,32.0,41.3,7.21,183.7,IMD_NORMALS_SYNTHETIC
2001-03-22,23.742,31.52,44.8,5.43,200.4,IMD_NORMALS_SYNTHETIC
2001-03-23,0.0,32.67,40.8,6.1,170.9,IMD_NORMALS_SYNTHETIC
2001-03-24,0.0,32.79,42.4,6.78,176.1,IMD_NORMALS_SYNTHETIC
2001-03-25,0.0,31.35,40.4,9.45,222.7,IMD_NORMALS_SYNTHETIC
2001-03-26,0.0,29.43,39.8,6.45,161.2,IMD_NORMALS_SYNTHETIC
2001-03-27,0.0,33.01,43.1,6.28,197.2,IMD_NORMALS_SYNTHETIC
2001-03-28,0.0,33.01,32.9,10.99,181.1,IMD_NORMALS_SYNTHETIC
2001-03-29,0.0,29.39,36.3,11.75,204.5,IMD_NORMALS_SYNTHETIC
2001-03-30,2.917,29.72,37.0,5.22,215.1,IMD_NORMALS_SYNTHETIC
2001-03-31,0.0,35.55,37.2,7.59,195.9,IMD_NORMALS_SYNTHETIC
2001-04-01,0.0,35.28,32.3,8.62,216.8,IMD_NORMALS_SYNTHETIC
2001-04-02,0.0,34.93,29.3,7.63,232.1,IMD_NORMALS_SYNTHETIC
2001-04-03,0.0,36.77,30.0,7.74,198.7,IMD_NORMALS_SYNTHETIC
2001-04-04,0.0,34.43,36.8,5.83,219.3,IMD_NORMALS_SYNTHETIC
2001-04-05,0.0,33.22,31.4,1.79,237.8,IMD_NORMALS_SYNTHETIC
2001-04-06,0.0,33.73,37.6,12.75,153.9,IMD_NORMALS_SYNTHETIC
2001-04-07,0.0,36.65,35.8,3.75,209.4,IMD_NORMALS_SYNTHETIC
2001-04-08,0.0,37.31,36.0,4.43,190.7,IMD_NORMALS_SYNTHETIC
2001-04-09,0.0,35.15,22.1,14.04,215.2,IMD_NORMALS_SYNTHETIC
2001-04-10,0.0,34.56,31.1,1.81,252.9,IMD_NORMALS_SYNTHETIC
2001-04-11,0.0,34.26,36.2,6.07,199.7,IMD_NORMALS_SYNTHETIC
2001-04-12,0.0,35.11,29.2,11.87,144.8,IMD_NORMALS_SYNTHETIC
2001-04-13,0.0,32.75,42.0,8.24,180.6,IMD_NORMALS_SYNTHETIC
2001-04-14,0.0,35.07,34.9,7.35,190.9,IMD_NORMALS_SYNTHETIC
2001-04-15,0.0,31.23,37.9,6.37,204.8,IMD_NORMALS_SYNTHETIC
2001-04-16,9.899,34.78,37.2,8.49,176.0,IMD_NORMALS_SYNTHETIC
2001-04-17,0.0,34.54,26.1,7.21,236.3,IMD_NORMALS_SYNTHETIC
2001-04-18,0.0,33.4,32.2,10.35,215.4,IMD_NORMALS_SYNTHETIC
2001-04-19,0.0,36.47,32.2,10.65,208.0,IMD_NORMALS_SYNTHETIC
2001-04-20,0.0,31.93,31.2,9.79,199.9,IMD_NORMALS_SYNTHETIC
2001-04-21,0.0,35.54,43.6,12.51,174.3,IMD_NORMALS_SYNTHETIC
2001-04-22,0.0,35.44,36.4,9.95,218.2,IMD_NORMALS_SYNTHETIC
2001-04-23,0.0,35.07,33.1,8.98,187.0,IMD_NORMALS_SYNTHETIC
2001-04-24,0.0,34.76,38.7,7.15,240.1,IMD_NORMALS_SYNTHETIC
2001-04-25,0.0,33.02,33.6,6.68,196.1,IMD_NORMALS_SYNTHETIC
2001-04-26,22.153,33.33,39.2,5.53,192.3,IMD_NORMALS_SYNTHETIC
2001-04-27,0.0,35.96,39.7,10.04,203.7,IMD_NORMALS_SYNTHETIC
2001-04-28,0.0,35.43,38.8,14.94,197.9,IMD_NORMALS_SYNTHETIC
2001-04-29,0.0,33.18,31.1,4.79,193.5,IMD_NORMALS_SYNTHETIC
2001-04-30,0.0,36.06,38.0,8.29,205.0,IMD_NORMALS_SYNTHETIC
2001-05-01,0.0,35.52,43.0,7.7,250.3,IMD_NORMALS_SYNTHETIC
2001-05-02,0.0,38.01,49.4,10.63,223.7,IMD_NORMALS_SYNTHETIC
2001-05-03,0.0,34.13,43.9,5.9,231.3,IMD_NORMALS_SYNTHETIC
2001-05-04,0.0,36.11,37.8,8.38,221.5,IMD_NORMALS_SYNTHETIC
2001-05-05,10.485,36.41,45.9,10.98,222.0,IMD_NORMALS_SYNTHETIC
2001-05-06,0.0,36.6,47.9,12.43,200.5,IMD_NORMALS_SYNTHETIC
2001-05-07,0.0,35.15,46.5,11.65,205.6,IMD_NORMALS_SYNTHETIC
2001-05-08,0.0,35.33,37.9,14.94,225.6,IMD_NORMALS_SYNTHETIC
2001-05-09,28.325,33.96,32.8,9.5,207.0,IMD_NORMALS_SYNTHETIC
2001-05-10,0.0,35.56,43.3,4.66,256.0,IMD_NORMALS_SYNTHETIC
2001-05-11,0.482,33.19,37.9,10.45,241.6,IMD_NORMALS_SYNTHETIC
2001-05-12,0.0,32.47,50.2,6.5,193.2,IMD_NORMALS_SYNTHETIC
2001-05-13,0.0,33.46,46.9,6.58,254.4,IMD_NORMALS_SYNTHETIC
2001-05-14,0.0,35.97,38.2,4.76,214.9,IMD_NORMALS_SYNTHETIC
2001-05-15,0.0,37.09,49.4,6.4,220.3,IMD_NORMALS_SYNTHETIC
2001-05-16,0.0,35.92,38.9,8.58,219.8,IMD_NORMALS_SYNTHETIC
2001-05-17,0.0,35.93,48.0,10.43,216.8,IMD_NORMALS_SYNTHETIC
2001-05-18,0.0,37.08,45.9,17.1,223.7,IMD_NORMALS_SYNTHETIC
2001-05-19,0.0,34.53,44.8,8.72,267.8,IMD_NORMALS_SYNTHETIC
2001-05-20,0.0,37.43,46.5,10.27,235.5,IMD_NORMALS_SYNTHETIC
2001-05-21,0.0,35.71,46.0,6.66,216.5,IMD_NORMALS_SYNTHETIC
2001-05-22,0.0,33.73,36.3,10.26,225.7,IMD_NORMALS_SYNTHETIC
2001-05-23,0.0,38.71,38.8,9.2,209.5,IMD_NORMALS_SYNTHETIC
2001-05-24,0.0,35.56,43.8,9.03,204.6,IMD_NORMALS_SYNTHETIC
2001-05-25,0.0,33.73,42.9,8.13,225.0,IMD_NORMALS_SYNTHETIC
2001-05-26,0.0,36.51,48.4,4.81,187.7,IMD_NORMALS_SYNTHETIC
2001-05-27,0.0,35.09,42.9,14.24,236.7,IMD_NORMALS_SYNTHETIC
2001-05-28,0.0,36.77,41.3,3.55,189.1,IMD_NORMALS_SYNTHETIC
2001-05-29,0.0,33.47,44.2,6.6,232.4,IMD_NORMALS_SYNTHETIC
2001-05-30,0.0,33.69,42.2,5.5,213.1,IMD_NORMALS_SYNTHETIC
2001-05-31,0.0,39.46,39.5,9.36,212.4,IMD_NORMALS_SYNTHETIC
2001-06-01,0.0,33.03,70.8,6.99,189.3,IMD_NORMALS_SYNTHETIC
2001-06-02,0.0,30.81,67.2,9.61,233.6,IMD_NORMALS_SYNTHETIC
2001-06-03,0.0,32.41,70.6,7.59,225.2,IMD_NORMALS_SYNTHETIC
2001-06-04,0.0,33.2,62.6,9.68,232.8,IMD_NORMALS_SYNTHETIC
2001-06-05,0.0,31.42,66.9,7.38,233.2,IMD_NORMALS_SYNTHETIC
2001-06-06,0.0,30.63,72.4,11.3,209.1,IMD_NORMALS_SYNTHETIC
2001-06-07,5.426,32.23,65.4,11.42,268.2,IMD_NORMALS_SYNTHETIC
2001-06-08,2.354,29.45,62.6,5.88,267.8,IMD_NORMALS_SYNTHETIC
2001-06-09,15.103,27.49,65.6,6.93,256.6,IMD_NORMALS_SYNTHETIC
2001-06-10,0.0,30.68,56.6,7.51,245.5,IMD_NORMALS_SYNTHETIC
2001-06-11,0.0,29.55,67.8,2.54,216.6,IMD_NORMALS_SYNTHETIC
2001-06-12,0.0,34.58,72.2,6.12,307.5,IMD_NORMALS_SYNTHETIC
2001-06-13,0.0,29.67,60.7,9.13,219.4,IMD_NORMALS_SYNTHETIC
2001-06-14,0.0,31.91,69.0,6.23,253.5,IMD_NORMALS_SYNTHETIC
2001-06-15,0.0,32.02,60.2,5.37,246.6,IMD_NORMALS_SYNTHETIC
2001-06-16,0.0,31.01,64.2,5.87,210.6,IMD_NORMALS_SYNTHETIC
2001-06-17,0.0,32.49,67.6,6.67,219.4,IMD_NORMALS_SYNTHETIC
2001-06-18,0.0,30.53,62.4,6.02,252.3,IMD_NORMALS_SYNTHETIC
2001-06-19,0.0,31.41,68.0,9.25,217.5,IMD_NORMALS_SYNTHETIC
2001-06-20,3.738,31.04,61.6,9.99,245.3,IMD_NORMALS_SYNTHETIC
2001-06-21,28.946,30.53,68.7,3.06,259.5,IMD_NORMALS_SYNTHETIC
2001-06-22,0.0,34.78,76.0,7.28,215.5,IMD_NORMALS_SYNTHETIC
2001-06-23,0.0,30.31,73.6,8.78,239.0,IMD_NORMALS_SYNTHETIC
2001-06-24,6.844,32.33,76.2,0.89,204.0,IMD_NORMALS_SYNTHETIC
2001-06-25,0.0,30.93,64.4,7.98,263.0,IMD_NORMALS_SYNTHETIC
2001-06-26,0.0,28.39,65.0,4.55,245.6,IMD_NORMALS_SYNTHETIC
2001-06-27,0.0,30.1,61.8,5.05,230.8,IMD_NORMALS_SYNTHETIC
2001-06-28,38.809,31.1,71.0,5.3,277.2,IMD_NORMALS_SYNTHETIC
2001-06-29,0.0,31.97,72.1,7.39,231.0,IMD_NORMALS_SYNTHETIC
2001-06-30,0.0,31.05,59.1,12.11,242.8,IMD_NORMALS_SYNTHETIC
2001-07-01,0.0,30.07,73.2,6.25,207.8,IMD_NORMALS_SYNTHETIC
2001-07-02,0.0,26.81,73.4,5.77,203.3,IMD_NORMALS_SYNTHETIC
2001-07-03,6.989,31.0,73.4,10.21,239.0,IMD_NORMALS_SYNTHETIC
2001-07-04,0.0,31.45,70.6,10.9,218.8,IMD_NORMALS_SYNTHETIC
2001-07-05,28.505,28.8,73.5,13.45,208.7,IMD_NORMALS_SYNTHETIC
2001-07-06,0.848,27.69,68.4,9.38,201.5,IMD_NORMALS_SYNTHETIC
2001-07-07,0.0,28.36,76.5,9.17,220.4,IMD_NORMALS_SYNTHETIC
2001-07-08,0.0,28.11,66.5,9.22,222.2,IMD_NORMALS_SYNTHETIC
2001-07-09,0.0,31.88,71.0,7.11,265.8,IMD_NORMALS_SYNTHETIC
2001-07-10,23.734,30.09,74.5,12.64,199.0,IMD_NORMALS_SYNTHETIC
2001-07-11,0.0,27.39,79.5,10.45,220.9,IMD_NORMALS_SYNTHETIC
2001-07-12,0.0,27.01,71.7,13.24,212.6,IMD_NORMALS_SYNTHETIC
2001-07-13,14.606,25.05,68.0,10.1,198.2,IMD_NORMALS_SYNTHETIC
2001-07-14,16.458,29.09,71.5,9.31,230.4,IMD_NORMALS_SYNTHETIC
2001-07-15,0.0,28.21,82.2,7.23,208.6,IMD_NORMALS_SYNTHETIC
2001-07-16,1.382,26.16,78.4,10.94,231.3,IMD_NORMALS_SYNTHETIC
2001-07-17,8.131,30.23,76.6,2.82,207.1,IMD_NORMALS_SYNTHETIC
2001-07-18,9.024,26.38,70.0,5.22,222.7,IMD_NORMALS_SYNTHETIC
2001-07-19,0.0,30.85,74.2,13.05,226.2,IMD_NORMALS_SYNTHETIC
2001-07-20,0.0,28.57,75.1,5.19,195.9,IMD_NORMALS_SYNTHETIC
2001-07-21,0.0,24.39,72.7,10.71,219.3,IMD_NORMALS_SYNTHETIC
2001-07-22,0.0,30.76,77.5,1.8,211.2,IMD_NORMALS_SYNTHETIC
2001-07-23,0.0,30.57,69.7,9.14,255.0,IMD_NORMALS_SYNTHETIC
2001-07-24,0.0,27.77,71.7,9.53,254.1,IMD_NORMALS_SYNTHETIC
2001-07-25,9.555,31.01,75.6,7.5,232.5,IMD_NORMALS_SYNTHETIC
2001-07-26,0.938,27.6,74.2,4.09,183.4,IMD_NORMALS_SYNTHETIC
2001-07-27,1.137,27.22,82.9,12.89,233.0,IMD_NORMALS_SYNTHETIC
2001-07-28,1.635,28.46,62.7,9.07,226.9,IMD_NORMALS_SYNTHETIC
2001-07-29,11.264,25.6,86.6,8.79,201.8,IMD_NORMALS_SYNTHETIC
2001-07-30,35.163,26.96,82.5,10.26,245.0,IMD_NORMALS_SYNTHETIC
2001-07-31,0.327,29.03,66.8,7.73,221.3,IMD_NORMALS_SYNTHETIC
2001-08-01,20.817,26.21,73.3,9.06,207.6,IMD_NORMALS_SYNTHETIC
2001-08-02,16.993,30.15,64.1,9.58,252.8,IMD_NORMALS_SYNTHETIC
2001-08-03,20.289,28.6,72.9,8.03,213.6,IMD_NORMALS_SYNTHETIC
2001-08-04,5.802,28.58,78.4,11.42,252.3,IMD_NORMALS_SYNTHETIC
2001-08-05,0.0,29.93,79.7,6.27,236.2,IMD_NORMALS_SYNTHETIC
2001-08-06,8.001,26.49,76.6,10.79,221.7,IMD_NORMALS_SYNTHETIC
2001-08-07,0.0,26.09,86.3,8.95,241.8,IMD_NORMALS_SYNTHETIC
2001-08-08,19.817,29.98,65.7,5.11,193.7,IMD_NORMALS_SYNTHETIC
2001-08-09,13.823,31.4,76.8,5.69,235.3,IMD_NORMALS_SYNTHETIC
2001-08-10,0.0,30.93,70.6,7.69,233.0,IMD_NORMALS_SYNTHETIC
2001-08-11,7.385,28.33,80.4,8.83,222.8,IMD_NORMALS_SYNTHETIC
2001-08-12,0.0,30.15,78.3,8.61,217.6,IMD_NORMALS_SYNTHETIC
2001-08-13,11.011,27.09,72.2,9.25,250.8,IMD_NORMALS_SYNTHETIC
2001-08-14,0.0,27.58,75.4,6.57,174.5,IMD_NORMALS_SYNTHETIC
2001-08-15,0.0,28.85,83.7,0.14,228.6,IMD_NORMALS_SYNTHETIC
2001-08-16,0.0,25.45,75.0,5.07,187.6,IMD_NORMALS_SYNTHETIC
2001-08-17,0.0,30.69,73.1,9.68,177.5,IMD_NORMALS_SYNTHETIC
2001-08-18,0.0,29.3,73.7,14.18,244.6,IMD_NORMALS_SYNTHETIC
2001-08-19,0.0,27.59,74.5,11.08,195.4,IMD_NORMALS_SYNTHETIC
2001-08-20,0.0,30.23,76.2,11.84,203.2,IMD_NORMALS_SYNTHETIC
2001-08-21,0.0,34.68,74.4,6.91,207.9,IMD_NORMALS_SYNTHETIC
2001-08-22,0.0,26.86,76.1,5.76,247.9,IMD_NORMALS_SYNTHETIC
2001-08-23,0.0,30.63,78.1,4.9,207.3,IMD_NORMALS_SYNTHETIC
2001-08-24,0.0,26.33,76.4,2.59,231.3,IMD_NORMALS_SYNTHETIC
2001-08-25,0.0,29.21,81.3,6.63,223.8,IMD_NORMALS_SYNTHETIC
2001-08-26,5.587,27.52,79.3,7.08,190.0,IMD_NORMALS_SYNTHETIC
2001-08-27,0.179,29.31,71.9,3.16,203.0,IMD_NORMALS_SYNTHETIC
2001-08-28,0.0,29.81,70.0,7.39,212.4,IMD_NORMALS_SYNTHETIC
2001-08-29,0.0,28.03,80.7,7.45,215.2,IMD_NORMALS_SYNTHETIC
2001-08-30,0.0,29.03,68.1,9.3,208.0,IMD_NORMALS_SYNTHETIC
2001-08-31,0.0,26.11,75.8,6.94,217.9,IMD_NORMALS_SYNTHETIC
2001-09-01,0.0,29.51,69.1,9.09,200.6,IMD_NORMALS_SYNTHETIC
2001-09-02,2.945,27.68,79.6,3.87,182.7,IMD_NORMALS_SYNTHETIC
2001-09-03,0.0,30.13,69.1,7.82,177.6,IMD_NORMALS_SYNTHETIC
2001-09-04,0.0,26.64,75.6,7.29,212.4,IMD_NORMALS_SYNTHETIC
2001-09-05,43.398,28.27,65.7,8.86,233.1,IMD_NORMALS_SYNTHETIC
2001-09-06,0.0,30.15,72.8,4.69,149.0,IMD_NORMALS_SYNTHETIC
2001-09-07,0.0,28.19,66.8,10.88,177.2,IMD_NORMALS_SYNTHETIC
2001-09-08,5.751,29.63,76.5,11.04,207.7,IMD_NORMALS_SYNTHETIC
2001-09-09,0.0,27.83,68.6,3.11,177.6,IMD_NORMALS_SYNTHETIC
2001-09-10,0.0,27.02,70.0,6.55,213.3,IMD_NORMALS_SYNTHETIC
2001-09-11,0.0,23.56,71.6,3.37,218.8,IMD_NORMALS_SYNTHETIC
2001-09-12,18.935,27.11,80.4,11.8,203.9,IMD_NORMALS_SYNTHETIC
2001-09-13,5.045,30.25,73.6,3.88,204.6,IMD_NORMALS_SYNTHETIC
2001-09-14,0.0,26.01,80.9,11.06,219.1,IMD_NORMALS_SYNTHETIC
2001-09-15,29.326,25.4,70.9,3.49,204.7,IMD_NORMALS_SYNTHETIC
2001-09-16,0.0,29.46,67.2,12.16,220.3,IMD_NORMALS_SYNTHETIC
2001-09-17,0.0,29.39,64.8,9.74,213.9,IMD_NORMALS_SYNTHETIC
2001-09-18,10.127,31.76,78.8,6.48,142.1,IMD_NORMALS_SYNTHETIC
2001-09-19,4.619,31.88,70.2,8.3,171.0,IMD_NORMALS_SYNTHETIC
2001-09-20,0.0,27.17,73.1,11.33,182.5,IMD_NORMALS_SYNTHETIC
2001-09-21,15.881,27.87,69.0,9.3,200.0,IMD_NORMALS_SYNTHETIC
2001-09-22,0.0,28.12,67.6,4.68,191.8,IMD_NORMALS_SYNTHETIC
2001-09-23,0.0,29.04,71.8,7.7,229.6,IMD_NORMALS_SYNTHETIC
2001-09-24,0.071,28.45,75.2,10.72,201.7,IMD_NORMALS_SYNTHETIC
2001-09-25,6.635,29.64,71.2,9.78,177.5,IMD_NORMALS_SYNTHETIC
2001-09-26,26.678,26.85,71.4,6.49,198.7,IMD_NORMALS_SYNTHETIC
2001-09-27,9.993,29.65,76.6,2.68,201.0,IMD_NORMALS_SYNTHETIC
2001-09-28,0.0,28.75,72.9,7.5,173.4,IMD_NORMALS_SYNTHETIC
2001-09-29,10.562,26.88,69.9,12.3,213.2,IMD_NORMALS_SYNTHETIC
2001-09-30,0.0,27.22,70.3,10.43,197.5,IMD_NORMALS_SYNTHETIC
2001-10-01,0.0,28.43,66.6,11.64,218.9,IMD_NORMALS_SYNTHETIC
2001-10-02,0.0,27.23,76.6,4.25,208.0,IMD_NORMALS_SYNTHETIC
2001-10-03,0.0,25.29,67.9,5.33,205.3,IMD_NORMALS_SYNTHETIC
2001-10-04,0.0,29.11,59.9,9.43,206.8,IMD_NORMALS_SYNTHETIC
2001-10-05,0.0,25.81,65.9,11.64,183.5,IMD_NORMALS_SYNTHETIC
2001-10-06,8.843,27.46,68.8,10.2,175.5,IMD_NORMALS_SYNTHETIC
2001-10-07,3.797,26.01,65.5,6.79,217.6,IMD_NORMALS_SYNTHETIC
2001-10-08,0.0,30.38,67.7,9.92,199.2,IMD_NORMALS_SYNTHETIC
2001-10-09,34.439,27.02,66.6,6.56,179.7,IMD_NORMALS_SYNTHETIC
2001-10-10,0.0,26.61,67.4,9.58,194.4,IMD_NORMALS_SYNTHETIC
2001-10-11,3.25,27.22,75.4,12.97,212.1,IMD_NORMALS_SYNTHETIC
2001-10-12,0.0,28.88,70.6,7.83,176.6,IMD_NORMALS_SYNTHETIC
2001-10-13,0.0,29.9,67.9,11.97,211.5,IMD_NORMALS_SYNTHETIC
2001-10-14,0.0,26.21,62.9,7.65,138.1,IMD_NORMALS_SYNTHETIC
2001-10-15,0.0,30.3,66.0,3.06,127.7,IMD_NORMALS_SYNTHETIC
2001-10-16,0.0,29.23,57.3,5.13,179.6,IMD_NORMALS_SYNTHETIC
2001-10-17,0.0,28.29,67.2,10.61,153.2,IMD_NORMALS_SYNTHETIC
2001-10-18,0.0,30.1,71.9,11.72,188.1,IMD_NORMALS_SYNTHETIC
2001-10-19,0.0,26.52,64.7,8.53,181.2,IMD_NORMALS_SYNTHETIC
2001-10-20,0.0,27.73,69.2,6.81,166.0,IMD_NORMALS_SYNTHETIC
2001-10-21,0.0,30.12,67.4,1.63,155.6,IMD_NORMALS_SYNTHETIC
2001-10-22,0.0,27.22,78.1,9.59,165.2,IMD_NORMALS_SYNTHETIC
2001-10-23,0.0,26.63,59.4,8.87,180.2,IMD_NORMALS_SYNTHETIC
2001-10-24,0.0,27.76,68.7,11.12,174.5,IMD_NORMALS_SYNTHETIC
2001-10-25,0.0,29.67,61.0,1.91,164.6,IMD_NORMALS_SYNTHETIC
2001-10-26,0.0,28.96,54.2,7.96,193.9,IMD_NORMALS_SYNTHETIC
2001-10-27,0.0,27.5,66.4,9.57,187.3,IMD_NORMALS_SYNTHETIC
2001-10-28,0.0,27.63,60.6,6.35,210.7,IMD_NORMALS_SYNTHETIC
2001-10-29,0.0,29.09,62.9,2.62,154.9,IMD_NORMALS_SYNTHETIC
2001-10-30,19.661,26.79,65.1,6.41,179.4,IMD_NORMALS_SYNTHETIC
2001-10-31,1.408,26.61,66.5,7.7,198.8,IMD_NORMALS_SYNTHETIC
2001-11-01,0.0,26.42,52.4,8.76,141.8,IMD_NORMALS_SYNTHETIC
2001-11-02,0.0,25.53,53.7,6.78,162.8,IMD_NORMALS_SYNTHETIC
2001-11-03,0.0,30.14,49.6,12.48,152.9,IMD_NORMALS_SYNTHETIC
2001-11-04,0.0,25.13,60.4,5.18,157.9,IMD_NORMALS_SYNTHETIC
2001-11-05,0.0,27.31,53.3,6.68,155.0,IMD_NORMALS_SYNTHETIC
2001-11-06,6.013,27.12,60.2,7.97,162.9,IMD_NORMALS_SYNTHETIC
2001-11-07,0.0,25.6,56.4,7.9,175.2,IMD_NORMALS_SYNTHETIC
2001-11-08,0.0,27.3,55.1,9.88,168.5,IMD_NORMALS_SYNTHETIC
2001-11-09,0.0,23.15,45.8,11.82,195.2,IMD_NORMALS_SYNTHETIC
2001-11-10,0.0,27.23,56.0,9.65,155.6,IMD_NORMALS_SYNTHETIC
2001-11-11,0.0,25.76,56.4,6.06,160.4,IMD_NORMALS_SYNTHETIC
2001-11-12,0.0,25.11,59.4,5.24,167.8,IMD_NORMALS_SYNTHETIC
2001-11-13,0.0,27.26,63.7,10.72,139.7,IMD_NORMALS_SYNTHETIC
2001-11-14,0.0,24.77,61.0,0.79,155.1,IMD_NORMALS_SYNTHETIC
2001-11-15,0.0,27.97,54.4,3.62,152.6,IMD_NORMALS_SYNTHETIC
2001-11-16,0.0,26.38,54.3,6.79,126.4,IMD_NORMALS_SYNTHETIC
2001-11-17,13.905,23.63,51.9,10.08,125.1,IMD_NORMALS_SYNTHETIC
2001-11-18,0.0,25.49,49.9,6.81,175.5,IMD_NORMALS_SYNTHETIC
2001-11-19,0.0,24.7,50.8,1.88,169.7,IMD_NORMALS_SYNTHETIC
2001-11-20,0.0,26.59,50.1,11.48,180.0,IMD_NORMALS_SYNTHETIC
2001-11-21,0.0,25.61,67.2,10.58,125.7,IMD_NORMALS_SYNTHETIC
2001-11-22,0.0,26.07,63.4,2.78,172.6,IMD_NORMALS_SYNTHETIC
2001-11-23,0.0,28.45,51.5,9.54,145.6,IMD_NORMALS_SYNTHETIC
2001-11-24,62.846,25.28,52.7,5.06,162.3,IMD_NORMALS_SYNTHETIC
2001-11-25,0.0,24.83,52.7,5.08,192.8,IMD_NORMALS_SYNTHETIC
2001-11-26,0.0,26.49,55.1,11.95,137.4,IMD_NORMALS_SYNTHETIC
2001-11-27,0.0,28.28,62.9,7.04,157.6,IMD_NORMALS_SYNTHETIC
2001-11-28,0.0,28.36,55.7,10.24,174.8,IMD_NORMALS_SYNTHETIC
2001-11-29,0.0,25.75,53.2,6.55,171.6,IMD_NORMALS_SYNTHETIC
2001-11-30,4.014,28.91,50.6,9.86,171.1,IMD_NORMALS_SYNTHETIC
2001-12-01,0.0,24.95,54.7,3.25,156.9,IMD_NORMALS_SYNTHETIC
2001-12-02,0.0,25.09,55.5,10.69,137.1,IMD_NORMALS_SYNTHETIC
2001-12-03,0.0,27.99,56.7,9.93,166.8,IMD_NORMALS_SYNTHETIC
2001-12-04,0.0,22.83,55.0,5.77,191.5,IMD_NORMALS_SYNTHETIC
2001-12-05,0.0,23.88,61.1,6.59,177.2,IMD_NORMALS_SYNTHETIC
2001-12-06,0.0,22.9,54.8,7.1,150.5,IMD_NORMALS_SYNTHETIC
2001-12-07,0.0,23.58,52.7,8.74,100.0,IMD_NORMALS_SYNTHETIC
2001-12-08,0.0,24.45,54.1,5.02,156.3,IMD_NORMALS_SYNTHETIC
2001-12-09,0.0,23.77,56.3,6.28,149.9,IMD_NORMALS_SYNTHETIC
2001-12-10,0.0,24.28,51.8,6.45,137.7,IMD_NORMALS_SYNTHETIC
2001-12-11,0.0,23.15,54.1,7.51,131.0,IMD_NORMALS_SYNTHETIC
2001-12-12,0.0,22.52,49.6,14.74,178.6,IMD_NORMALS_SYNTHETIC
2001-12-13,0.0,22.92,53.3,9.13,176.5,IMD_NORMALS_SYNTHETIC
2001-12-14,0.0,23.38,41.0,3.6,124.3,IMD_NORMALS_SYNTHETIC
2001-12-15,0.0,22.22,59.5,2.47,151.8,IMD_NORMALS_SYNTHETIC
2001-12-16,0.0,23.46,42.3,7.28,158.8,IMD_NORMALS_SYNTHETIC
2001-12-17,0.0,23.0,65.0,8.19,131.3,IMD_NORMALS_SYNTHETIC
2001-12-18,0.0,25.44,58.9,5.97,161.4,IMD_NORMALS_SYNTHETIC
2001-12-19,0.0,24.84,52.6,7.17,160.1,IMD_NORMALS_SYNTHETIC
2001-12-20,0.0,25.3,56.2,11.38,126.0,IMD_NORMALS_SYNTHETIC
2001-12-21,0.0,23.86,54.5,6.32,128.7,IMD_NORMALS_SYNTHETIC
2001-12-22,0.0,22.63,57.0,9.98,179.8,IMD_NORMALS_SYNTHETIC
2001-12-23,0.0,24.48,50.5,8.79,167.8,IMD_NORMALS_SYNTHETIC
2001-12-24,0.0,22.1,51.4,7.7,180.1,IMD_NORMALS_SYNTHETIC
2001-12-25,0.0,24.69,57.2,10.93,185.7,IMD_NORMALS_SYNTHETIC
2001-12-26,0.0,25.76,60.6,9.22,135.8,IMD_NORMALS_SYNTHETIC
2001-12-27,0.0,27.3,56.6,8.73,128.9,IMD_NORMALS_SYNTHETIC
2001-12-28,0.0,24.1,48.2,7.77,155.4,IMD_NORMALS_SYNTHETIC
2001-12-29,0.0,23.52,49.7,9.03,170.7,IMD_NORMALS_SYNTHETIC
2001-12-30,0.0,25.6,56.1,5.38,131.0,IMD_NORMALS_SYNTHETIC
2001-12-31,0.0,23.27,55.1,13.02,134.9,IMD_NORMALS_SYNTHETIC
2002-01-01,0.0,27.84,58.7,8.33,162.5,IMD_NORMALS_SYNTHETIC
2002-01-02,0.0,22.9,53.5,6.32,149.9,IMD_NORMALS_SYNTHETIC
2002-01-03,0.0,23.03,47.8,6.87,150.0,IMD_NORMALS_SYNTHETIC
2002-01-04,0.0,28.53,50.5,11.59,139.6,IMD_NORMALS_SYNTHETIC
2002-01-05,0.0,24.59,60.9,10.8,170.1,IMD_NORMALS_SYNTHETIC
2002-01-06,0.0,26.61,46.8,7.76,166.2,IMD_NORMALS_SYNTHETIC
2002-01-07,0.0,26.81,56.6,8.85,174.5,IMD_NORMALS_SYNTHETIC
2002-01-08,0.0,25.18,53.6,15.96,190.9,IMD_NORMALS_SYNTHETIC
2002-01-09,0.0,23.72,51.8,11.21,188.9,IMD_NORMALS_SYNTHETIC
2002-01-10,0.0,24.23,49.3,7.4,169.6,IMD_NORMALS_SYNTHETIC
2002-01-11,0.0,23.56,52.9,4.85,165.8,IMD_NORMALS_SYNTHETIC
2002-01-12,11.32,23.91,52.1,7.18,151.2,IMD_NORMALS_SYNTHETIC
2002-01-13,0.0,25.43,54.0,6.18,165.2,IMD_NORMALS_SYNTHETIC
2002-01-14,0.0,27.36,55.7,7.45,161.7,IMD_NORMALS_SYNTHETIC
2002-01-15,0.0,26.78,54.7,7.58,172.9,IMD_NORMALS_SYNTHETIC
2002-01-16,0.0,26.04,44.9,6.19,190.4,IMD_NORMALS_SYNTHETIC
2002-01-17,0.0,24.16,50.8,8.34,126.2,IMD_NORMALS_SYNTHETIC
2002-01-18,0.0,25.14,53.3,7.71,194.3,IMD_NORMALS_SYNTHETIC
2002-01-19,0.0,24.44,57.5,4.63,165.5,IMD_NORMALS_SYNTHETIC
2002-01-20,0.0,22.63,47.9,8.8,155.3,IMD_NORMALS_SYNTHETIC
2002-01-21,0.0,22.99,52.1,6.77,149.0,IMD_NORMALS_SYNTHETIC
2002-01-22,0.0,26.18,54.6,11.9,166.9,IMD_NORMALS_SYNTHETIC
2002-01-23,0.0,23.23,55.1,10.5,167.7,IMD_NORMALS_SYNTHETIC
2002-01-24,0.0,27.36,50.4,4.78,163.5,IMD_NORMALS_SYNTHETIC
2002-01-25,0.0,24.15,56.6,6.07,147.4,IMD_NORMALS_SYNTHETIC
2002-01-26,0.0,23.49,48.7,12.15,140.3,IMD_NORMALS_SYNTHETIC
2002-01-27,0.0,26.12,53.1,11.64,168.9,IMD_NORMALS_SYNTHETIC
2002-01-28,0.0,25.05,54.0,5.99,190.5,IMD_NORMALS_SYNTHETIC
2002-01-29,0.0,26.28,50.4,12.82,173.5,IMD_NORMALS_SYNTHETIC
2002-01-30,0.0,22.51,48.3,4.71,175.7,IMD_NORMALS_SYNTHETIC
2002-01-31,0.0,26.28,51.4,5.75,139.6,IMD_NORMALS_SYNTHETIC
2002-02-01,0.0,26.09,41.9,10.68,178.9,IMD_NORMALS_SYNTHETIC
2002-02-02,0.0,24.87,37.2,6.11,192.5,IMD_NORMALS_SYNTHETIC
2002-02-03,0.0,26.08,47.0,3.56,171.8,IMD_NORMALS_SYNTHETIC
2002-02-04,0.0,30.57,53.6,11.3,206.5,IMD_NORMALS_SYNTHETIC
2002-02-05,0.0,30.93,37.7,6.43,175.2,IMD_NORMALS_SYNTHETIC
2002-02-06,0.0,27.39,39.5,11.24,191.8,IMD_NORMALS_SYNTHETIC
2002-02-07,0.0,25.5,45.8,6.51,184.6,IMD_NORMALS_SYNTHETIC
2002-02-08,0.0,27.49,35.9,7.25,203.4,IMD_NORMALS_SYNTHETIC
2002-02-09,0.0,24.23,39.8,5.39,221.4,IMD_NORMALS_SYNTHETIC
2002-02-10,0.0,26.95,40.9,6.22,198.7,IMD_NORMALS_SYNTHETIC
2002-02-11,0.0,24.51,47.7,7.38,172.3,IMD_NORMALS_SYNTHETIC
2002-02-12,0.0,28.74,37.8,4.76,168.2,IMD_NORMALS_SYNTHETIC
2002-02-13,0.0,24.05,46.8,9.33,168.0,IMD_NORMALS_SYNTHETIC
2002-02-14,0.0,24.93,36.0,13.31,146.1,IMD_NORMALS_SYNTHETIC
2002-02-15,0.0,29.79,46.7,6.93,227.1,IMD_NORMALS_SYNTHETIC
2002-02-16,0.0,27.47,46.8,5.5,196.9,IMD_NORMALS_SYNTHETIC
2002-02-17,0.0,27.64,45.5,3.88,199.9,IMD_NORMALS_SYNTHETIC
2002-02-18,0.0,27.41,43.1,8.8,165.0,IMD_NORMALS_SYNTHETIC
2002-02-19,0.0,24.54,41.4,9.26,194.3,IMD_NORMALS_SYNTHETIC
2002-02-20,0.0,28.41,44.0,6.61,168.1,IMD_NORMALS_SYNTHETIC
2002-02-21,0.0,27.03,46.3,9.25,193.9,IMD_NORMALS_SYNTHETIC
2002-02-22,0.0,24.83,36.9,8.4,183.5,IMD_NORMALS_SYNTHETIC
2002-02-23,0.0,28.9,43.7,7.01,153.8,IMD_NORMALS_SYNTHETIC
2002-02-24,0.0,25.71,34.3,10.89,225.2,IMD_NORMALS_SYNTHETIC
2002-02-25,0.0,27.25,40.7,5.08,177.1,IMD_NORMALS_SYNTHETIC
2002-02-26,0.0,26.46,49.2,14.61,184.5,IMD_NORMALS_SYNTHETIC
2002-02-27,0.0,27.53,41.0,2.89,188.8,IMD_NORMALS_SYNTHETIC
2002-02-28,0.0,28.97,49.0,14.22,194.8,IMD_NORMALS_SYNTHETIC
2002-03-01,0.0,27.97,34.1,8.7,203.0,IMD_NORMALS_SYNTHETIC
2002-03-02,0.0,34.01,33.2,14.03,218.2,IMD_NORMALS_SYNTHETIC
2002-03-03,0.0,28.44,36.8,7.52,187.4,IMD_NORMALS_SYNTHETIC
2002-03-04,0.0,31.78,32.8,6.53,182.6,IMD_NORMALS_SYNTHETIC
2002-03-05,0.0,30.29,37.3,9.25,174.1,IMD_NORMALS_SYNTHETIC
2002-03-06,0.0,29.14,40.5,10.83,166.5,IMD_NORMALS_SYNTHETIC
2002-03-07,0.0,28.43,36.6,7.2,170.9,IMD_NORMALS_SYNTHETIC
2002-03-08,5.694,33.25,38.5,8.49,206.5,IMD_NORMALS_SYNTHETIC
2002-03-09,0.0,31.45,38.9,8.85,200.3,IMD_NORMALS_SYNTHETIC
2002-03-10,0.0,30.55,42.9,11.36,212.3,IMD_NORMALS_SYNTHETIC
2002-03-11,2.694,33.92,31.6,4.89,236.4,IMD_NORMALS_SYNTHETIC
2002-03-12,0.0,30.68,38.0,5.3,185.6,IMD_NORMALS_SYNTHETIC
2002-03-13,0.0,31.21,28.1,5.8,195.1,IMD_NORMALS_SYNTHETIC
2002-03-14,0.0,35.0,24.2,7.22,177.0,IMD_NORMALS_SYNTHETIC
2002-03-15,0.0,33.13,42.7,10.6,206.4,IMD_NORMALS_SYNTHETIC
2002-03-16,0.0,32.29,34.4,3.56,199.9,IMD_NORMALS_SYNTHETIC
2002-03-17,0.0,30.51,31.9,12.9,206.1,IMD_NORMALS_SYNTHETIC
2002-03-18,0.0,32.45,31.1,3.78,220.4,IMD_NORMALS_SYNTHETIC
2002-03-19,0.0,30.3,40.2,7.84,209.3,IMD_NORMALS_SYNTHETIC
2002-03-20,0.0,29.39,44.6,11.83,195.2,IMD_NORMALS_SYNTHETIC
2002-03-21,7.826,28.46,48.0,7.74,187.9,IMD_NORMALS_SYNTHETIC
2002-03-22,0.0,31.41,38.5,6.49,195.4,IMD_NORMALS_SYNTHETIC
2002-03-23,0.0,28.11,25.6,6.73,156.6,IMD_NORMALS_SYNTHETIC
2002-03-24,0.0,31.2,41.8,10.6,191.7,IMD_NORMALS_SYNTHETIC
2002-03-25,0.0,31.36,37.3,9.48,216.6,IMD_NORMALS_SYNTHETIC
2002-03-26,1.124,29.99,36.6,12.87,186.4,IMD_NORMALS_SYNTHETIC
2002-03-27,0.0,30.05,33.6,7.95,207.4,IMD_NORMALS_SYNTHETIC
2002-03-28,0.0,30.4,39.7,8.67,179.5,IMD_NORMALS_SYNTHETIC
2002-03-29,0.0,29.88,26.2,0.32,176.3,IMD_NORMALS_SYNTHETIC
2002-03-30,0.0,33.08,41.2,9.23,159.8,IMD_NORMALS_SYNTHETIC
2002-03-31,0.0,30.28,46.2,6.51,182.9,IMD_NORMALS_SYNTHETIC
2002-04-01,0.0,36.04,36.9,13.89,208.0,IMD_NORMALS_SYNTHETIC
2002-04-02,0.0,32.33,20.9,7.06,163.8,IMD_NORMALS_SYNTHETIC
2002-04-03,0.0,34.85,35.1,7.01,234.9,IMD_NORMALS_SYNTHETIC
2002-04-04,0.0,36.94,32.0,5.14,195.4,IMD_NORMALS_SYNTHETIC
2002-04-05,0.0,39.95,36.6,2.44,232.4,IMD_NORMALS_SYNTHETIC
2002-04-06,0.0,35.82,32.1,5.34,181.2,IMD_NORMALS_SYNTHETIC
2002-04-07,0.0,37.03,38.8,4.34,240.3,IMD_NORMALS_SYNTHETIC
2002-04-08,0.0,34.1,32.7,3.53,217.0,IMD_NORMALS_SYNTHETIC
2002-04-09,0.0,35.59,28.5,11.24,210.8,IMD_NORMALS_SYNTHETIC
2002-04-10,0.0,36.41,31.7,10.07,225.8,IMD_NORMALS_SYNTHETIC
2002-04-11,0.0,32.61,31.4,4.09,214.2,IMD_NORMALS_SYNTHETIC
2002-04-12,0.0,36.76,29.9,11.97,226.6,IMD_NORMALS_SYNTHETIC
2002-04-13,0.0,34.56,36.8,6.57,227.6,IMD_NORMALS_SYNTHETIC
2002-04-14,2.733,33.07,32.3,5.37,200.1,IMD_NORMALS_SYNTHETIC
2002-04-15,0.0,35.68,37.7,11.67,198.2,IMD_NORMALS_SYNTHETIC
2002-04-16,0.0,33.61,33.4,8.52,203.4,IMD_NORMALS_SYNTHETIC
2002-04-17,0.0,36.74,31.6,5.5,251.5,IMD_NORMALS_SYNTHETIC
2002-04-18,0.0,34.02,35.9,8.32,180.5,IMD_NORMALS_SYNTHETIC
2002-04-19,0.0,34.26,42.1,11.39,196.3,IMD_NORMALS_SYNTHETIC
2002-04-20,0.0,38.36,44.6,11.79,211.7,IMD_NORMALS_SYNTHETIC
2002-04-21,0.0,35.48,34.9,9.21,219.1,IMD_NORMALS_SYNTHETIC
2002-04-22,0.0,36.49,35.9,6.04,213.3,IMD_NORMALS_SYNTHETIC
2002-04-23,0.0,34.61,30.2,5.63,217.8,IMD_NORMALS_SYNTHETIC
2002-04-24,0.0,35.98,46.6,9.92,227.7,IMD_NORMALS_SYNTHETIC
2002-04-25,0.0,34.7,34.5,9.58,234.8,IMD_NORMALS_SYNTHETIC
2002-04-26,0.0,32.21,44.2,8.15,170.8,IMD_NORMALS_SYNTHETIC
2002-04-27,0.0,34.67,44.3,7.65,243.7,IMD_NORMALS_SYNTHETIC
2002-04-28,0.0,32.48,35.4,8.93,193.6,IMD_NORMALS_SYNTHETIC
2002-04-29,0.0,32.3,39.4,11.53,238.3,IMD_NORMALS_SYNTHETIC
2002-04-30,0.0,32.13,39.3,5.9,243.3,IMD_NORMALS_SYNTHETIC
2002-05-01,0.0,35.9,44.6,7.6,230.5,IMD_NORMALS_SYNTHETIC
2002-05-02,0.0,35.49,40.3,3.43,227.3,IMD_NORMALS_SYNTHETIC
2002-05-03,0.0,34.18,41.2,8.14,242.5,IMD_NORMALS_SYNTHETIC
2002-05-04,0.0,33.42,42.1,8.42,208.1,IMD_NORMALS_SYNTHETIC
2002-05-05,0.0,34.01,50.9,12.1,256.9,IMD_NORMALS_SYNTHETIC
2002-05-06,0.0,36.07,50.4,11.66,218.4,IMD_NORMALS_SYNTHETIC
2002-05-07,0.0,36.1,36.5,9.22,244.7,IMD_NORMALS_SYNTHETIC
2002-05-08,0.0,34.81,46.1,3.95,231.3,IMD_NORMALS_SYNTHETIC
2002-05-09,0.0,33.45,47.1,6.73,224.3,IMD_NORMALS_SYNTHETIC
2002-05-10,0.0,36.99,43.0,10.95,229.5,IMD_NORMALS_SYNTHETIC
2002-05-11,0.0,35.25,43.0,5.19,252.5,IMD_NORMALS_SYNTHETIC
2002-05-12,0.0,37.74,45.3,8.92,206.9,IMD_NORMALS_SYNTHETIC
2002-05-13,0.0,35.55,39.6,9.69,232.1,IMD_NORMALS_SYNTHETIC
2002-05-14,0.0,34.13,43.0,15.01,205.9,IMD_NORMALS_SYNTHETIC
2002-05-15,0.0,36.78,41.5,7.12,215.4,IMD_NORMALS_SYNTHETIC
2002-05-16,0.0,38.12,42.2,4.98,242.4,IMD_NORMALS_SYNTHETIC
2002-05-17,0.0,37.15,32.8,11.1,261.0,IMD_NORMALS_SYNTHETIC
2002-05-18,0.0,37.24,49.8,6.76,261.5,IMD_NORMALS_SYNTHETIC
2002-05-19,0.0,36.68,41.7,12.56,217.5,IMD_NORMALS_SYNTHETIC
2002-05-20,0.0,36.22,36.7,13.51,196.9,IMD_NORMALS_SYNTHETIC
2002-05-21,0.0,35.39,44.3,8.78,233.7,IMD_NORMALS_SYNTHETIC
2002-05-22,0.0,35.48,40.4,6.88,230.6,IMD_NORMALS_SYNTHETIC
2002-05-23,0.0,33.33,44.8,11.19,246.3,IMD_NORMALS_SYNTHETIC
2002-05-24,0.0,36.15,33.8,11.44,189.7,IMD_NORMALS_SYNTHETIC
2002-05-25,0.0,35.93,41.8,7.7,205.8,IMD_NORMALS_SYNTHETIC
2002-05-26,0.0,35.97,50.2,7.21,206.7,IMD_NORMALS_SYNTHETIC
2002-05-27,0.0,37.54,45.4,10.08,154.4,IMD_NORMALS_SYNTHETIC
2002-05-28,0.0,38.07,46.3,9.48,241.5,IMD_NORMALS_SYNTHETIC
2002-05-29,0.0,35.22,44.5,3.7,223.1,IMD_NORMALS_SYNTHETIC
2002-05-30,0.0,36.91,40.2,6.21,249.3,IMD_NORMALS_SYNTHETIC
2002-05-31,0.0,33.42,36.2,4.22,225.7,IMD_NORMALS_SYNTHETIC
2002-06-01,0.0,33.57,65.8,9.3,216.4,IMD_NORMALS_SYNTHETIC
2002-06-02,158.155,32.64,66.6,10.26,228.2,IMD_NORMALS_SYNTHETIC
2002-06-03,8.335,30.36,65.7,7.85,249.4,IMD_NORMALS_SYNTHETIC
2002-06-04,23.907,32.93,66.7,7.47,254.1,IMD_NORMALS_SYNTHETIC
2002-06-05,3.502,30.19,56.5,5.53,262.5,IMD_NORMALS_SYNTHETIC
2002-06-06,0.0,31.7,63.4,9.21,257.6,IMD_NORMALS_SYNTHETIC
2002-06-07,0.0,30.49,61.5,6.3,223.3,IMD_NORMALS_SYNTHETIC
2002-06-08,16.89,28.82,62.2,13.07,221.8,IMD_NORMALS_SYNTHETIC
2002-06-09,0.0,35.45,63.2,10.41,250.1,IMD_NORMALS_SYNTHETIC
2002-06-10,6.558,29.15,66.1,11.38,276.4,IMD_NORMALS_SYNTHETIC
2002-06-11,0.0,31.66,67.1,2.3,254.2,IMD_NORMALS_SYNTHETIC
2002-06-12,0.0,34.4,64.4,2.89,245.1,IMD_NORMALS_SYNTHETIC
2002-06-13,6.715,32.93,58.0,12.5,246.4,IMD_NORMALS_SYNTHETIC
2002-06-14,0.0,31.58,59.8,10.42,250.2,IMD_NORMALS_SYNTHETIC
2002-06-15,0.0,30.46,62.3,8.08,246.2,IMD_NORMALS_SYNTHETIC
2002-06-16,0.0,33.03,65.4,11.98,244.9,IMD_NORMALS_SYNTHETIC
2002-06-17,0.0,27.42,62.0,13.71,237.4,IMD_NORMALS_SYNTHETIC
2002-06-18,59.914,29.13,62.5,6.48,281.9,IMD_NORMALS_SYNTHETIC
2002-06-19,15.672,30.08,71.8,10.84,228.5,IMD_NORMALS_SYNTHETIC
2002-06-20,6.259,31.11,59.1,2.46,269.0,IMD_NORMALS_SYNTHETIC
2002-06-21,0.0,33.9,65.9,7.08,248.2,IMD_NORMALS_SYNTHETIC
2002-06-22,0.0,33.47,63.5,10.0,265.1,IMD_NORMALS_SYNTHETIC
2002-06-23,0.0,30.51,61.1,8.11,211.7,IMD_NORMALS_SYNTHETIC
2002-06-24,0.0,31.76,65.2,8.17,197.9,IMD_NORMALS_SYNTHETIC
2002-06-25,24.35,30.82,56.4,11.94,271.9,IMD_NORMALS_SYNTHETIC
2002-06-26,0.0,30.21,67.4,9.55,254.9,IMD_NORMALS_SYNTHETIC
2002-06-27,0.0,29.62,75.5,5.88,228.1,IMD_NORMALS_SYNTHETIC
2002-06-28,0.0,30.27,58.9,7.62,232.9,IMD_NORMALS_SYNTHETIC
2002-06-29,10.192,30.82,62.5,4.36,230.2,IMD_NORMALS_SYNTHETIC
2002-06-30,0.0,34.66,57.9,10.74,232.9,IMD_NORMALS_SYNTHETIC
2002-07-01,10.696,27.97,72.6,8.76,233.2,IMD_NORMALS_SYNTHETIC
2002-07-02,48.783,30.28,80.8,9.19,216.8,IMD_NORMALS_SYNTHETIC
2002-07-03,33.739,28.12,81.5,9.86,249.5,IMD_NORMALS_SYNTHETIC
2002-07-04,0.0,28.46,68.9,6.36,231.4,IMD_NORMALS_SYNTHETIC
2002-07-05,0.0,30.02,71.9,6.31,209.1,IMD_NORMALS_SYNTHETIC
2002-07-06,0.0,29.69,66.0,8.6,229.7,IMD_NORMALS_SYNTHETIC
2002-07-07,4.718,27.52,79.1,3.1,221.9,IMD_NORMALS_SYNTHETIC
2002-07-08,0.0,29.78,83.1,6.17,243.5,IMD_NORMALS_SYNTHETIC
2002-07-09,0.0,27.01,77.9,5.25,214.2,IMD_NORMALS_SYNTHETIC
2002-07-10,0.0,34.09,78.6,5.39,224.2,IMD_NORMALS_SYNTHETIC
2002-07-11,6.015,30.53,72.3,7.09,179.6,IMD_NORMALS_SYNTHETIC
2002-07-12,0.0,25.88,69.3,11.17,237.9,IMD_NORMALS_SYNTHETIC
2002-07-13,0.0,31.83,68.2,10.11,243.6,IMD_NORMALS_SYNTHETIC
2002-07-14,0.0,28.39,74.9,5.42,207.8,IMD_NORMALS_SYNTHETIC
2002-07-15,0.934,26.37,72.2,2.35,213.9,IMD_NORMALS_SYNTHETIC
2002-07-16,0.0,27.69,73.9,6.8,253.1,IMD_NORMALS_SYNTHETIC
2002-07-17,26.975,30.42,67.5,8.93,229.3,IMD_NORMALS_SYNTHETIC
2002-07-18,0.0,29.86,68.4,2.68,213.6,IMD_NORMALS_SYNTHETIC
2002-07-19,0.0,28.3,68.9,10.31,232.6,IMD_NORMALS_SYNTHETIC
2002-07-20,0.0,28.18,77.7,2.89,224.2,IMD_NORMALS_SYNTHETIC
2002-07-21,19.677,28.99,80.7,9.04,235.3,IMD_NORMALS_SYNTHETIC
2002-07-22,5.599,27.45,71.9,8.25,190.1,IMD_NORMALS_SYNTHETIC
2002-07-23,2.946,29.04,78.7,4.94,195.4,IMD_NORMALS_SYNTHETIC
2002-07-24,6.751,31.2,72.6,6.16,220.7,IMD_NORMALS_SYNTHETIC
2002-07-25,3.138,28.35,77.8,5.93,220.9,IMD_NORMALS_SYNTHETIC
2002-07-26,0.0,30.77,70.1,8.6,191.3,IMD_NORMALS_SYNTHETIC
2002-07-27,8.382,25.76,80.8,9.71,223.0,IMD_NORMALS_SYNTHETIC
2002-07-28,0.707,27.86,80.6,6.02,219.1,IMD_NORMALS_SYNTHETIC
2002-07-29,18.805,32.72,70.5,8.18,252.2,IMD_NORMALS_SYNTHETIC
2002-07-30,0.0,27.58,70.1,10.57,236.8,IMD_NORMALS_SYNTHETIC
2002-07-31,0.0,29.19,86.9,6.58,218.8,IMD_NORMALS_SYNTHETIC
2002-08-01,0.0,28.8,69.3,8.23,185.2,IMD_NORMALS_SYNTHETIC
2002-08-02,4.709,26.99,78.1,1.78,195.4,IMD_NORMALS_SYNTHETIC
2002-08-03,0.0,28.41,79.9,5.1,198.9,IMD_NORMALS_SYNTHETIC
2002-08-04,0.0,27.4,83.2,7.95,205.7,IMD_NORMALS_SYNTHETIC
2002-08-05,0.0,27.66,71.1,8.5,194.9,IMD_NORMALS_SYNTHETIC
2002-08-06,1.313,25.55,81.2,10.06,178.2,IMD_NORMALS_SYNTHETIC
2002-08-07,0.0,25.77,70.5,3.72,221.0,IMD_NORMALS_SYNTHETIC
2002-08-08,3.105,29.22,78.5,11.7,191.9,IMD_NORMALS_SYNTHETIC
2002-08-09,0.0,26.23,67.9,7.77,228.1,IMD_NORMALS_SYNTHETIC
2002-08-10,0.0,29.57,87.0,0.02,210.0,IMD_NORMALS_SYNTHETIC
2002-08-11,3.25,30.67,74.7,11.34,186.7,IMD_NORMALS_SYNTHETIC
2002-08-12,0.0,23.75,75.3,7.47,200.5,IMD_NORMALS_SYNTHETIC
2002-08-13,0.0,31.94,72.2,9.68,223.7,IMD_NORMALS_SYNTHETIC
2002-08-14,0.0,29.16,81.3,8.77,267.8,IMD_NORMALS_SYNTHETIC
2002-08-15,0.0,29.47,80.8,7.2,201.4,IMD_NORMALS_SYNTHETIC
2002-08-16,0.0,28.77,79.6,6.85,194.4,IMD_NORMALS_SYNTHETIC
2002-08-17,0.0,28.58,75.4,10.62,218.8,IMD_NORMALS_SYNTHETIC
2002-08-18,0.0,27.18,69.3,9.19,213.6,IMD_NORMALS_SYNTHETIC
2002-08-19,0.0,30.31,79.0,8.73,201.9,IMD_NORMALS_SYNTHETIC
2002-08-20,0.854,28.06,77.2,9.6,191.7,IMD_NORMALS_SYNTHETIC
2002-08-21,0.0,24.57,72.5,5.51,196.8,IMD_NORMALS_SYNTHETIC
2002-08-22,0.0,29.16,77.2,9.15,206.4,IMD_NORMALS_SYNTHETIC
2002-08-23,0.0,29.92,80.5,5.71,188.9,IMD_NORMALS_SYNTHETIC
2002-08-24,0.0,27.3,77.3,8.22,222.7,IMD_NORMALS_SYNTHETIC
2002-08-25,0.0,27.83,72.7,3.75,179.6,IMD_NORMALS_SYNTHETIC
2002-08-26,0.0,29.47,74.2,5.48,218.2,IMD_NORMALS_SYNTHETIC
2002-08-27,0.0,31.1,75.4,7.0,194.7,IMD_NORMALS_SYNTHETIC
2002-08-28,2.013,26.26,78.1,11.98,215.5,IMD_NORMALS_SYNTHETIC
2002-08-29,0.754,23.9,79.7,7.09,213.4,IMD_NORMALS_SYNTHETIC
2002-08-30,0.0,25.55,83.2,8.61,219.7,IMD_NORMALS_SYNTHETIC
2002-08-31,0.0,28.03,73.6,7.91,234.6,IMD_NORMALS_SYNTHETIC
2002-09-01,0.0,27.74,66.3,10.74,170.4,IMD_NORMALS_SYNTHETIC
2002-09-02,0.0,28.08,75.2,1.1,152.5,IMD_NORMALS_SYNTHETIC
2002-09-03,0.0,25.31,75.0,4.39,201.3,IMD_NORMALS_SYNTHETIC
2002-09-04,0.0,27.21,64.4,8.38,205.4,IMD_NORMALS_SYNTHETIC
2002-09-05,11.813,28.23,76.7,10.13,224.7,IMD_NORMALS_SYNTHETIC
2002-09-06,31.839,30.86,81.9,11.33,213.2,IMD_NORMALS_SYNTHETIC
2002-09-07,0.0,25.31,73.0,11.64,216.4,IMD_NORMALS_SYNTHETIC
2002-09-08,0.0,28.57,67.8,13.25,186.4,IMD_NORMALS_SYNTHETIC
2002-09-09,0.0,27.21,79.7,4.33,210.3,IMD_NORMALS_SYNTHETIC
2002-09-10,6.5,28.8,72.4,5.6,174.6,IMD_NORMALS_SYNTHETIC
2002-09-11,0.0,25.37,69.9,19.05,205.7,IMD_NORMALS_SYNTHETIC
2002-09-12,0.0,28.51,73.3,8.64,163.2,IMD_NORMALS_SYNTHETIC
2002-09-13,0.0,27.17,68.7,9.75,189.8,IMD_NORMALS_SYNTHETIC
2002-09-14,0.0,28.78,78.3,8.38,177.7,IMD_NORMALS_SYNTHETIC
2002-09-15,25.757,28.45,72.6,7.2,224.9,IMD_NORMALS_SYNTHETIC
2002-09-16,0.0,29.4,66.2,11.48,173.9,IMD_NORMALS_SYNTHETIC
2002-09-17,14.729,29.49,72.2,2.93,252.1,IMD_NORMALS_SYNTHETIC
2002-09-18,26.869,29.38,64.4,5.48,176.4,IMD_NORMALS_SYNTHETIC
2002-09-19,0.0,29.0,68.3,6.03,206.2,IMD_NORMALS_SYNTHETIC
2002-09-20,7.889,27.99,65.6,4.29,191.4,IMD_NORMALS_SYNTHETIC
2002-09-21,0.0,29.66,68.0,10.17,194.3,IMD_NORMALS_SYNTHETIC
2002-09-22,35.72,29.89,67.5,11.62,210.8,IMD_NORMALS_SYNTHETIC
2002-09-23,0.0,28.92,71.2,2.58,218.0,IMD_NORMALS_SYNTHETIC
2002-09-24,0.0,27.57,73.1,8.23,203.3,IMD_NORMALS_SYNTHETIC
2002-09-25,0.0,30.56,77.6,8.36,164.4,IMD_NORMALS_SYNTHETIC
2002-09-26,0.0,32.26,71.8,10.93,183.1,IMD_NORMALS_SYNTHETIC
2002-09-27,58.36,28.05,69.7,11.8,194.8,IMD_NORMALS_SYNTHETIC
2002-09-28,1.826,29.02,76.2,6.54,189.3,IMD_NORMALS_SYNTHETIC
2002-09-29,17.68,24.77,71.6,8.26,185.8,IMD_NORMALS_SYNTHETIC
2002-09-30,0.0,27.39,64.8,6.99,151.5,IMD_NORMALS_SYNTHETIC
2002-10-01,0.0,26.21,68.4,10.9,179.1,IMD_NORMALS_SYNTHETIC
2002-10-02,11.079,27.59,73.4,8.34,175.7,IMD_NORMALS_SYNTHETIC
2002-10-03,0.0,29.47,70.9,14.14,209.5,IMD_NORMALS_SYNTHETIC
2002-10-04,0.0,27.2,57.7,15.24,186.5,IMD_NORMALS_SYNTHETIC
2002-10-05,0.0,27.41,67.9,3.39,201.0,IMD_NORMALS_SYNTHETIC
2002-10-06,0.0,27.67,62.8,6.46,188.2,IMD_NORMALS_SYNTHETIC
2002-10-07,0.0,29.62,68.6,5.56,200.6,IMD_NORMALS_SYNTHETIC
2002-10-08,0.0,28.62,63.9,8.01,174.7,IMD_NORMALS_SYNTHETIC
2002-10-09,0.0,23.8,59.8,6.5,181.1,IMD_NORMALS_SYNTHETIC
2002-10-10,0.0,26.38,71.6,6.65,164.8,IMD_NORMALS_SYNTHETIC
2002-10-11,0.0,25.31,65.1,7.15,183.3,IMD_NORMALS_SYNTHETIC
2002-10-12,0.0,27.52,73.6,9.53,153.7,IMD_NORMALS_SYNTHETIC
2002-10-13,31.444,27.64,71.8,5.43,159.6,IMD_NORMALS_SYNTHETIC
2002-10-14,0.0,27.42,76.4,7.9,167.8,IMD_NORMALS_SYNTHETIC
2002-10-15,6.36,30.47,64.5,8.98,188.8,IMD_NORMALS_SYNTHETIC
2002-10-16,0.0,30.02,65.4,4.02,184.6,IMD_NORMALS_SYNTHETIC
2002-10-17,0.0,27.79,65.3,7.41,200.6,IMD_NORMALS_SYNTHETIC
2002-10-18,0.0,27.68,64.9,3.63,173.2,IMD_NORMALS_SYNTHETIC
2002-10-19,0.0,29.59,72.1,8.26,181.3,IMD_NORMALS_SYNTHETIC
2002-10-20,0.0,28.5,64.6,9.46,158.3,IMD_NORMALS_SYNTHETIC
2002-10-21,0.0,26.29,77.8,8.37,150.9,IMD_NORMALS_SYNTHETIC
2002-10-22,0.0,25.81,62.8,1.63,152.9,IMD_NORMALS_SYNTHETIC
2002-10-23,0.0,29.91,72.5,11.14,190.3,IMD_NORMALS_SYNTHETIC
2002-10-24,13.876,28.36,67.9,10.47,188.1,IMD_NORMALS_SYNTHETIC
2002-10-25,0.0,25.74,64.6,9.75,173.1,IMD_NORMALS_SYNTHETIC
2002-10-26,0.0,27.29,59.3,11.39,192.0,IMD_NORMALS_SYNTHETIC
2002-10-27,0.0,27.8,72.9,14.41,135.0,IMD_NORMALS_SYNTHETIC
2002-10-28,0.0,26.56,80.4,6.48,202.2,IMD_NORMALS_SYNTHETIC
2002-10-29,0.0,28.27,61.8,7.37,193.0,IMD_NORMALS_SYNTHETIC
2002-10-30,0.0,26.49,69.3,8.11,195.0,IMD_NORMALS_SYNTHETIC
2002-10-31,0.0,30.18,69.9,1.92,170.5,IMD_NORMALS_SYNTHETIC
2002-11-01,0.0,25.66,51.2,9.74,177.6,IMD_NORMALS_SYNTHETIC
2002-11-02,0.0,26.33,58.4,6.97,181.2,IMD_NORMALS_SYNTHETIC
2002-11-03,0.0,26.86,56.3,8.09,186.4,IMD_NORMALS_SYNTHETIC
2002-11-04,0.0,25.66,59.0,9.47,169.4,IMD_NORMALS_SYNTHETIC
2002-11-05,0.0,27.38,52.0,7.32,126.4,IMD_NORMALS_SYNTHETIC
2002-11-06,0.0,23.51,61.2,2.08,131.4,IMD_NORMALS_SYNTHETIC
2002-11-07,0.0,24.67,57.9,5.0,162.7,IMD_NORMALS_SYNTHETIC
2002-11-08,0.0,22.09,56.9,4.02,159.8,IMD_NORMALS_SYNTHETIC
2002-11-09,0.0,27.34,46.5,14.24,181.3,IMD_NORMALS_SYNTHETIC
2002-11-10,0.0,27.95,56.4,3.68,200.6,IMD_NORMALS_SYNTHETIC
2002-11-11,0.0,25.45,58.1,10.26,156.9,IMD_NORMALS_SYNTHETIC
2002-11-12,0.0,23.39,49.7,5.95,165.2,IMD_NORMALS_SYNTHETIC
2002-11-13,0.0,24.22,58.4,13.42,179.5,IMD_NORMALS_SYNTHETIC
2002-11-14,20.074,25.91,56.0,7.25,161.0,IMD_NORMALS_SYNTHETIC
2002-11-15,0.0,26.31,59.3,0.72,134.0,IMD_NORMALS_SYNTHETIC
2002-11-16,0.0,24.73,52.0,10.07,144.3,IMD_NORMALS_SYNTHETIC
2002-11-17,0.0,26.67,52.5,12.81,154.7,IMD_NORMALS_SYNTHETIC
2002-11-18,0.0,23.49,54.4,9.34,145.2,IMD_NORMALS_SYNTHETIC
2002-11-19,0.0,23.43,54.0,8.79,140.9,IMD_NORMALS_SYNTHETIC
2002-11-20,0.0,24.57,52.9,9.41,143.8,IMD_NORMALS_SYNTHETIC
2002-11-21,0.0,24.92,55.9,10.9,175.9,IMD_NORMALS_SYNTHETIC
2002-11-22,0.0,22.74,61.9,13.28,143.6,IMD_NORMALS_SYNTHETIC
2002-11-23,18.402,26.46,56.3,7.98,110.7,IMD_NORMALS_SYNTHETIC
2002-11-24,0.0,24.66,61.0,11.27,186.3,IMD_NORMALS_SYNTHETIC
2002-11-25,0.0,25.12,58.8,10.02,223.1,IMD_NORMALS_SYNTHETIC
2002-11-26,0.0,24.78,55.8,6.53,155.2,IMD_NORMALS_SYNTHETIC
2002-11-27,0.0,25.1,52.1,5.79,166.8,IMD_NORMALS_SYNTHETIC
2002-11-28,0.0,27.13,54.0,9.94,172.6,IMD_NORMALS_SYNTHETIC
2002-11-29,0.0,25.07,58.9,10.1,171.9,IMD_NORMALS_SYNTHETIC
2002-11-30,0.0,26.61,67.8,11.49,173.1,IMD_NORMALS_SYNTHETIC
2002-12-01,0.0,22.68,58.4,7.95,165.0,IMD_NORMALS_SYNTHETIC
2002-12-02,0.0,21.7,52.4,5.89,138.7,IMD_NORMALS_SYNTHETIC
2002-12-03,0.0,24.42,59.6,9.59,168.9,IMD_NORMALS_SYNTHETIC
2002-12-04,0.0,19.52,57.6,13.71,161.2,IMD_NORMALS_SYNTHETIC
2002-12-05,0.0,21.94,58.0,7.3,174.7,IMD_NORMALS_SYNTHETIC
2002-12-06,0.0,22.23,54.2,10.51,136.4,IMD_NORMALS_SYNTHETIC
2002-12-07,0.0,22.21,57.2,2.88,139.4,IMD_NORMALS_SYNTHETIC
2002-12-08,0.0,23.81,56.8,2.11,173.3,IMD_NORMALS_SYNTHETIC
2002-12-09,0.0,23.38,59.6,11.24,187.4,IMD_NORMALS_SYNTHETIC
2002-12-10,0.0,24.25,54.5,11.43,100.0,IMD_NORMALS_SYNTHETIC
2002-12-11,0.0,23.6,52.9,1.69,173.6,IMD_NORMALS_SYNTHETIC
2002-12-12,0.0,26.56,52.8,12.49,136.9,IMD_NORMALS_SYNTHETIC
2002-12-13,0.0,24.3,54.7,10.65,136.5,IMD_NORMALS_SYNTHETIC
2002-12-14,0.0,26.85,51.1,14.38,153.1,IMD_NORMALS_SYNTHETIC
2002-12-15,0.0,23.79,53.5,10.65,154.3,IMD_NORMALS_SYNTHETIC
2002-12-16,0.0,24.76,55.5,1.33,176.9,IMD_NORMALS_SYNTHETIC
2002-12-17,0.0,23.99,53.3,7.39,135.0,IMD_NORMALS_SYNTHETIC
2002-12-18,0.0,23.88,48.0,11.86,146.6,IMD_NORMALS_SYNTHETIC
2002-12-19,0.0,25.49,54.1,11.65,144.4,IMD_NORMALS_SYNTHETIC
2002-12-20,0.0,27.25,52.5,5.69,167.3,IMD_NORMALS_SYNTHETIC
2002-12-21,0.0,23.05,62.1,12.9,154.7,IMD_NORMALS_SYNTHETIC
2002-12-22,0.0,22.99,62.4,8.73,129.6,IMD_NORMALS_SYNTHETIC
2002-12-23,0.0,23.01,51.3,3.27,157.7,IMD_NORMALS_SYNTHETIC
2002-12-24,0.0,26.09,53.4,9.22,115.3,IMD_NORMALS_SYNTHETIC
2002-12-25,0.0,25.96,63.3,6.0,114.7,IMD_NORMALS_SYNTHETIC
2002-12-26,0.0,26.29,49.0,13.47,172.1,IMD_NORMALS_SYNTHETIC
2002-12-27,0.0,21.87,55.5,10.79,151.6,IMD_NORMALS_SYNTHETIC
2002-12-28,0.0,23.99,55.6,8.66,128.3,IMD_NORMALS_SYNTHETIC
2002-12-29,0.0,25.14,48.0,9.72,150.3,IMD_NORMALS_SYNTHETIC
2002-12-30,0.0,26.48,54.1,6.39,145.4,IMD_NORMALS_SYNTHETIC
2002-12-31,0.0,24.83,52.0,9.83,133.8,IMD_NORMALS_SYNTHETIC
2003-01-01,0.0,25.97,51.2,8.78,163.0,IMD_NORMALS_SYNTHETIC
2003-01-02,0.0,23.67,52.8,4.83,154.1,IMD_NORMALS_SYNTHETIC
2003-01-03,0.0,21.55,53.4,8.49,159.6,IMD_NORMALS_SYNTHETIC
2003-01-04,0.0,29.24,49.1,6.65,126.5,IMD_NORMALS_SYNTHETIC
2003-01-05,0.0,22.16,53.2,9.06,164.0,IMD_NORMALS_SYNTHETIC
2003-01-06,0.0,26.87,40.8,14.92,176.9,IMD_NORMALS_SYNTHETIC
2003-01-07,0.0,24.05,49.1,7.17,173.3,IMD_NORMALS_SYNTHETIC
2003-01-08,0.0,26.84,45.8,7.03,184.0,IMD_NORMALS_SYNTHETIC
2003-01-09,0.0,22.49,54.5,11.11,139.5,IMD_NORMALS_SYNTHETIC
2003-01-10,0.0,24.91,54.4,10.07,159.7,IMD_NORMALS_SYNTHETIC
2003-01-11,0.0,24.96,56.9,8.84,154.3,IMD_NORMALS_SYNTHETIC
2003-01-12,0.0,21.78,51.1,11.83,156.6,IMD_NORMALS_SYNTHETIC
2003-01-13,0.0,27.33,52.1,10.39,172.7,IMD_NORMALS_SYNTHETIC
2003-01-14,0.0,27.17,47.7,7.1,174.8,IMD_NORMALS_SYNTHETIC
2003-01-15,0.0,28.18,45.7,4.03,167.4,IMD_NORMALS_SYNTHETIC
2003-01-16,0.0,22.2,45.0,6.95,147.9,IMD_NORMALS_SYNTHETIC
2003-01-17,0.0,21.69,52.1,7.03,177.6,IMD_NORMALS_SYNTHETIC
2003-01-18,0.0,24.97,53.5,8.64,171.2,IMD_NORMALS_SYNTHETIC
2003-01-19,0.0,26.65,55.2,3.72,158.3,IMD_NORMALS_SYNTHETIC
2003-01-20,2.755,22.8,50.1,9.42,209.7,IMD_NORMALS_SYNTHETIC
2003-01-21,0.0,27.25,51.3,3.03,167.8,IMD_NORMALS_SYNTHETIC
2003-01-22,0.0,26.88,56.3,13.01,189.3,IMD_NORMALS_SYNTHETIC
2003-01-23,0.0,24.31,51.1,10.91,149.9,IMD_NORMALS_SYNTHETIC
2003-01-24,0.0,25.84,40.3,9.87,207.0,IMD_NORMALS_SYNTHETIC
2003-01-25,0.0,25.93,47.4,6.79,175.9,IMD_NORMALS_SYNTHETIC
2003-01-26,0.0,24.96,50.7,3.76,206.9,IMD_NORMALS_SYNTHETIC
2003-01-27,0.0,24.37,54.7,6.39,158.3,IMD_NORMALS_SYNTHETIC
2003-01-28,0.0,24.06,55.8,5.86,148.1,IMD_NORMALS_SYNTHETIC
2003-01-29,0.0,24.83,48.7,2.07,165.2,IMD_NORMALS_SYNTHETIC
2003-01-30,0.0,26.78,46.2,10.91,175.3,IMD_NORMALS_SYNTHETIC
2003-01-31,0.0,23.35,48.5,13.66,158.2,IMD_NORMALS_SYNTHETIC
2003-02-01,0.0,25.63,46.4,11.01,155.2,IMD_NORMALS_SYNTHETIC
2003-02-02,0.0,27.77,45.8,6.07,189.5,IMD_NORMALS_SYNTHETIC
2003-02-03,0.0,25.54,41.7,4.6,182.3,IMD_NORMALS_SYNTHETIC
2003-02-04,0.0,27.35,31.8,5.84,132.8,IMD_NORMALS_SYNTHETIC
2003-02-05,0.0,28.27,53.9,6.17,211.9,IMD_NORMALS_SYNTHETIC
2003-02-06,0.0,25.91,53.2,8.28,175.4,IMD_NORMALS_SYNTHETIC
2003-02-07,0.0,25.67,41.3,5.11,229.6,IMD_NORMALS_SYNTHETIC
2003-02-08,0.0,26.63,45.2,13.17,184.4,IMD_NORMALS_SYNTHETIC
2003-02-09,0.0,25.53,40.5,2.15,186.4,IMD_NORMALS_SYNTHETIC
2003-02-10,0.0,23.81,40.9,6.88,207.7,IMD_NORMALS_SYNTHETIC
2003-02-11,0.0,27.54,51.5,8.78,173.2,IMD_NORMALS_SYNTHETIC
2003-02-12,0.0,29.51,51.9,9.67,170.3,IMD_NORMALS_SYNTHETIC
2003-02-13,0.0,26.22,37.7,4.38,210.7,IMD_NORMALS_SYNTHETIC
2003-02-14,0.0,27.23,43.1,8.87,157.0,IMD_NORMALS_SYNTHETIC
2003-02-15,0.0,28.31,46.8,9.11,207.4,IMD_NORMALS_SYNTHETIC
2003-02-16,0.0,27.71,51.8,8.02,192.7,IMD_NORMALS_SYNTHETIC
2003-02-17,0.0,26.89,39.2,6.09,175.2,IMD_NORMALS_SYNTHETIC
2003-02-18,0.0,26.72,40.8,5.99,174.6,IMD_NORMALS_SYNTHETIC
2003-02-19,0.0,24.73,36.0,5.82,230.5,IMD_NORMALS_SYNTHETIC
2003-02-20,0.0,26.06,50.0,7.82,181.3,IMD_NORMALS_SYNTHETIC
2003-02-21,0.0,27.01,44.2,0.83,185.6,IMD_NORMALS_SYNTHETIC
2003-02-22,0.0,27.88,41.7,6.97,193.4,IMD_NORMALS_SYNTHETIC
2003-02-23,0.0,26.26,46.6,10.46,205.8,IMD_NORMALS_SYNTHETIC
2003-02-24,0.0,31.39,44.6,9.85,168.8,IMD_NORMALS_SYNTHETIC
2003-02-25,0.0,23.19,46.7,8.92,208.3,IMD_NORMALS_SYNTHETIC
2003-02-26,0.0,26.41,42.9,5.91,188.7,IMD_NORMALS_SYNTHETIC
2003-02-27,0.0,29.77,46.3,10.81,188.8,IMD_NORMALS_SYNTHETIC
2003-02-28,0.0,26.32,48.4,11.42,164.0,IMD_NORMALS_SYNTHETIC
2003-03-01,0.0,31.25,38.4,9.8,173.9,IMD_NORMALS_SYNTHETIC
2003-03-02,0.0,32.2,28.3,12.5,193.3,IMD_NORMALS_SYNTHETIC
2003-03-03,0.0,31.37,36.9,9.47,198.7,IMD_NORMALS_SYNTHETIC
2003-03-04,0.0,30.52,39.3,3.76,211.5,IMD_NORMALS_SYNTHETIC
2003-03-05,0.0,30.93,37.2,5.58,195.0,IMD_NORMALS_SYNTHETIC
2003-03-06,0.0,30.92,38.1,5.25,211.9,IMD_NORMALS_SYNTHETIC
2003-03-07,0.0,33.72,42.9,6.33,193.3,IMD_NORMALS_SYNTHETIC
2003-03-08,0.0,31.64,31.5,7.75,212.9,IMD_NORMALS_SYNTHETIC
2003-03-09,0.0,30.99,35.8,11.04,176.9,IMD_NORMALS_SYNTHETIC
2003-03-10,0.0,33.36,32.6,5.58,196.7,IMD_NORMALS_SYNTHETIC
2003-03-11,0.0,32.11,31.1,9.48,181.1,IMD_NORMALS_SYNTHETIC
2003-03-12,0.0,31.21,32.3,12.9,181.9,IMD_NORMALS_SYNTHETIC
2003-03-13,0.0,31.37,29.9,5.76,177.6,IMD_NORMALS_SYNTHETIC
2003-03-14,0.0,31.47,45.6,2.94,179.2,IMD_NORMALS_SYNTHETIC
2003-03-15,0.0,32.02,38.4,7.42,189.6,IMD_NORMALS_SYNTHETIC
2003-03-16,0.0,29.7,38.4,6.43,203.2,IMD_NORMALS_SYNTHETIC
2003-03-17,0.0,32.17,42.1,10.25,209.4,IMD_NORMALS_SYNTHETIC
2003-03-18,0.0,29.48,35.5,13.2,197.5,IMD_NORMALS_SYNTHETIC
2003-03-19,0.0,29.28,48.3,4.52,190.8,IMD_NORMALS_SYNTHETIC
2003-03-20,0.0,32.76,40.2,1.18,183.9,IMD_NORMALS_SYNTHETIC
2003-03-21,0.0,31.01,23.3,2.95,211.0,IMD_NORMALS_SYNTHETIC
2003-03-22,0.0,30.11,40.5,4.07,194.5,IMD_NORMALS_SYNTHETIC
2003-03-23,0.0,26.99,42.5,5.0,187.4,IMD_NORMALS_SYNTHETIC
2003-03-24,0.0,32.1,43.4,11.36,205.0,IMD_NORMALS_SYNTHETIC
2003-03-25,0.0,29.16,39.1,6.64,157.9,IMD_NORMALS_SYNTHETIC
2003-03-26,0.0,29.19,42.5,6.85,187.4,IMD_NORMALS_SYNTHETIC
2003-03-27,5.498,31.23,26.1,8.93,175.1,IMD_NORMALS_SYNTHETIC
2003-03-28,0.0,32.48,36.4,7.17,225.6,IMD_NORMALS_SYNTHETIC
2003-03-29,2.656,28.95,38.2,8.43,214.5,IMD_NORMALS_SYNTHETIC
2003-03-30,0.0,30.49,38.5,10.67,208.8,IMD_NORMALS_SYNTHETIC
2003-03-31,0.0,29.51,37.7,9.1,194.3,IMD_NORMALS_SYNTHETIC
2003-04-01,0.0,33.48,47.7,12.75,184.5,IMD_NORMALS_SYNTHETIC
2003-04-02,0.73,35.39,40.9,10.84,224.9,IMD_NORMALS_SYNTHETIC
2003-04-03,0.0,36.68,37.1,8.07,275.4,IMD_NORMALS_SYNTHETIC
2003-04-04,0.0,36.52,24.7,8.16,239.9,IMD_NORMALS_SYNTHETIC
2003-04-05,0.0,34.06,34.7,2.01,209.2,IMD_NORMALS_SYNTHETIC
2003-04-06,0.0,32.45,38.5,6.64,222.5,IMD_NORMALS_SYNTHETIC
2003-04-07,0.0,37.43,37.3,12.99,235.7,IMD_NORMALS_SYNTHETIC
2003-04-08,0.0,34.64,36.1,8.22,215.5,IMD_NORMALS_SYNTHETIC
2003-04-09,0.0,33.33,34.2,7.41,215.2,IMD_NORMALS_SYNTHETIC
2003-04-10,0.0,33.41,46.2,10.95,222.0,IMD_NORMALS_SYNTHETIC
2003-04-11,7.665,37.24,32.0,11.73,219.6,IMD_NORMALS_SYNTHETIC
2003-04-12,0.0,32.45,27.9,6.8,181.1,IMD_NORMALS_SYNTHETIC
2003-04-13,0.0,34.73,46.9,13.09,203.1,IMD_NORMALS_SYNTHETIC
2003-04-14,0.0,33.52,29.5,3.77,247.1,IMD_NORMALS_SYNTHETIC
2003-04-15,0.0,36.5,36.2,10.05,237.0,IMD_NORMALS_SYNTHETIC
2003-04-16,0.0,32.89,31.8,5.32,195.2,IMD_NORMALS_SYNTHETIC
2003-04-17,0.0,32.35,38.0,7.49,211.2,IMD_NORMALS_SYNTHETIC
2003-04-18,0.0,33.23,36.6,5.05,237.3,IMD_NORMALS_SYNTHETIC
2003-04-19,0.0,35.15,38.4,11.96,227.6,IMD_NORMALS_SYNTHETIC
2003-04-20,0.0,34.87,41.0,4.79,185.4,IMD_NORMALS_SYNTHETIC
2003-04-21,1.403,35.55,39.1,3.75,208.5,IMD_NORMALS_SYNTHETIC
2003-04-22,0.0,34.83,36.0,10.45,202.5,IMD_NORMALS_SYNTHETIC
2003-04-23,0.0,36.73,35.9,6.66,210.6,IMD_NORMALS_SYNTHETIC
2003-04-24,0.0,34.72,35.1,8.09,197.1,IMD_NORMALS_SYNTHETIC
2003-04-25,0.0,35.88,34.4,9.76,203.9,IMD_NORMALS_SYNTHETIC
2003-04-26,0.0,33.75,30.8,6.92,176.1,IMD_NORMALS_SYNTHETIC
2003-04-27,0.0,35.7,30.1,11.81,222.6,IMD_NORMALS_SYNTHETIC
2003-04-28,0.0,34.97,44.4,3.81,198.8,IMD_NORMALS_SYNTHETIC
2003-04-29,0.0,35.85,32.8,5.08,212.5,IMD_NORMALS_SYNTHETIC
2003-04-30,0.0,34.55,37.1,5.82,208.9,IMD_NORMALS_SYNTHETIC
2003-05-01,0.0,36.09,39.3,9.13,225.6,IMD_NORMALS_SYNTHETIC
2003-05-02,0.0,35.38,42.6,10.31,236.4,IMD_NORMALS_SYNTHETIC
2003-05-03,0.0,36.25,42.7,2.68,210.0,IMD_NORMALS_SYNTHETIC
2003-05-04,0.0,34.58,41.5,8.77,193.5,IMD_NORMALS_SYNTHETIC
2003-05-05,0.0,34.23,44.6,10.67,217.8,IMD_NORMALS_SYNTHETIC
2003-05-06,0.0,38.38,40.5,8.57,264.2,IMD_NORMALS_SYNTHETIC
2003-05-07,0.0,35.36,40.0,10.89,190.9,IMD_NORMALS_SYNTHETIC
2003-05-08,0.0,34.42,47.3,9.81,206.5,IMD_NORMALS_SYNTHETIC
2003-05-09,0.0,33.34,44.3,9.7,230.1,IMD_NORMALS_SYNTHETIC
2003-05-10,0.0,33.9,44.1,10.32,234.8,IMD_NORMALS_SYNTHETIC
2003-05-11,0.0,37.08,33.5,6.22,240.3,IMD_NORMALS_SYNTHETIC
2003-05-12,0.0,39.56,44.0,4.65,178.0,IMD_NORMALS_SYNTHETIC
2003-05-13,18.55,37.18,45.4,4.82,236.7,IMD_NORMALS_SYNTHETIC
2003-05-14,0.0,36.67,42.3,3.27,249.3,IMD_NORMALS_SYNTHETIC
2003-05-15,0.0,33.65,47.8,3.77,224.5,IMD_NORMALS_SYNTHETIC
2003-05-16,0.0,35.82,41.1,11.48,241.4,IMD_NORMALS_SYNTHETIC
2003-05-17,0.0,35.41,42.1,8.7,199.2,IMD_NORMALS_SYNTHETIC
2003-05-18,0.0,33.59,39.0,6.19,220.5,IMD_NORMALS_SYNTHETIC
2003-05-19,0.0,36.25,41.3,12.44,230.6,IMD_NORMALS_SYNTHETIC
2003-05-20,0.0,37.43,45.9,9.64,240.1,IMD_NORMALS_SYNTHETIC
2003-05-21,0.0,35.43,42.8,6.9,222.9,IMD_NORMALS_SYNTHETIC
2003-05-22,0.0,34.88,41.6,8.98,225.0,IMD_NORMALS_SYNTHETIC
2003-05-23,0.0,34.63,45.8,7.69,222.9,IMD_NORMALS_SYNTHETIC
2003-05-24,0.0,33.81,41.3,6.44,221.5,IMD_NORMALS_SYNTHETIC
2003-05-25,0.0,36.75,37.6,12.19,219.0,IMD_NORMALS_SYNTHETIC
2003-05-26,31.225,34.64,47.2,9.08,254.1,IMD_NORMALS_SYNTHETIC
2003-05-27,0.0,34.25,49.5,5.7,225.5,IMD_NORMALS_SYNTHETIC
2003-05-28,0.0,35.49,38.5,5.06,189.0,IMD_NORMALS_SYNTHETIC
2003-05-29,0.0,37.19,45.2,10.11,219.7,IMD_NORMALS_SYNTHETIC
2003-05-30,0.0,35.73,49.6,7.2,266.9,IMD_NORMALS_SYNTHETIC
2003-05-31,0.0,34.13,51.8,10.17,225.7,IMD_NORMALS_SYNTHETIC
2003-06-01,0.0,28.75,70.5,11.39,269.6,IMD_NORMALS_SYNTHETIC
2003-06-02,0.0,32.18,63.5,8.18,249.5,IMD_NORMALS_SYNTHETIC
2003-06-03,0.0,31.87,65.5,1.53,231.5,IMD_NORMALS_SYNTHETIC
2003-06-04,0.0,35.9,65.2,4.63,237.8,IMD_NORMALS_SYNTHETIC
2003-06-05,12.598,29.3,55.4,7.74,259.7,IMD_NORMALS_SYNTHETIC
2003-06-06,0.0,31.16,69.8,5.18,257.7,IMD_NORMALS_SYNTHETIC
2003-06-07,20.118,32.85,66.2,9.83,253.4,IMD_NORMALS_SYNTHETIC
2003-06-08,0.0,30.46,58.4,5.16,241.7,IMD_NORMALS_SYNTHETIC
2003-06-09,0.0,30.83,61.3,9.9,229.2,IMD_NORMALS_SYNTHETIC
2003-06-10,0.0,33.28,60.9,3.87,248.8,IMD_NORMALS_SYNTHETIC
2003-06-11,18.903,30.69,68.2,9.73,228.8,IMD_NORMALS_SYNTHETIC
2003-06-12,0.0,31.9,65.3,9.87,242.7,IMD_NORMALS_SYNTHETIC
2003-06-13,0.0,32.07,61.5,3.52,215.7,IMD_NORMALS_SYNTHETIC
2003-06-14,16.499,32.1,60.5,6.22,206.2,IMD_NORMALS_SYNTHETIC
2003-06-15,14.895,33.51,66.1,12.7,273.5,IMD_NORMALS_SYNTHETIC
2003-06-16,0.0,28.85,62.9,8.45,236.1,IMD_NORMALS_SYNTHETIC
2003-06-17,12.006,30.04,59.8,9.59,196.9,IMD_NORMALS_SYNTHETIC
2003-06-18,0.0,28.27,62.6,11.13,229.6,IMD_NORMALS_SYNTHETIC
2003-06-19,17.656,31.63,63.5,8.03,215.4,IMD_NORMALS_SYNTHETIC
2003-06-20,0.0,35.68,64.5,9.1,245.1,IMD_NORMALS_SYNTHETIC
2003-06-21,0.0,31.42,59.3,5.92,245.9,IMD_NORMALS_SYNTHETIC
2003-06-22,0.0,32.67,61.2,6.46,222.2,IMD_NORMALS_SYNTHETIC
2003-06-23,7.765,31.17,58.9,7.27,191.4,IMD_NORMALS_SYNTHETIC
2003-06-24,0.0,31.74,63.1,10.68,280.0,IMD_NORMALS_SYNTHETIC
2003-06-25,0.0,31.53,67.5,12.54,244.5,IMD_NORMALS_SYNTHETIC
2003-06-26,0.0,32.86,61.2,9.23,184.8,IMD_NORMALS_SYNTHETIC
2003-06-27,0.0,29.25,66.7,9.82,260.9,IMD_NORMALS_SYNTHETIC
2003-06-28,0.0,32.96,52.6,9.93,227.6,IMD_NORMALS_SYNTHETIC
2003-06-29,13.862,33.14,60.6,2.74,268.2,IMD_NORMALS_SYNTHETIC
2003-06-30,0.0,31.1,73.4,10.96,257.3,IMD_NORMALS_SYNTHETIC
2003-07-01,15.514,28.78,81.7,5.64,229.8,IMD_NORMALS_SYNTHETIC
2003-07-02,0.0,31.45,70.0,9.16,234.1,IMD_NORMALS_SYNTHETIC
2003-07-03,0.0,30.25,69.2,4.53,241.5,IMD_NORMALS_SYNTHETIC
2003-07-04,7.207,27.65,78.9,1.57,197.5,IMD_NORMALS_SYNTHETIC
2003-07-05,0.0,29.27,75.3,9.06,268.4,IMD_NORMALS_SYNTHETIC
2003-07-06,16.15,26.85,77.7,7.58,226.6,IMD_NORMALS_SYNTHETIC
2003-07-07,0.863,26.26,78.2,4.72,218.8,IMD_NORMALS_SYNTHETIC
2003-07-08,1.507,29.5,82.7,6.48,210.4,IMD_NORMALS_SYNTHETIC
2003-07-09,0.0,29.89,79.3,2.4,234.9,IMD_NORMALS_SYNTHETIC
2003-07-10,13.117,29.97,77.2,11.08,195.5,IMD_NORMALS_SYNTHETIC
2003-07-11,0.0,29.93,68.7,7.08,227.2,IMD_NORMALS_SYNTHETIC
2003-07-12,0.161,27.77,81.7,3.69,281.3,IMD_NORMALS_SYNTHETIC
2003-07-13,0.0,31.15,71.9,3.62,210.8,IMD_NORMALS_SYNTHETIC
2003-07-14,11.572,29.24,76.1,8.79,237.5,IMD_NORMALS_SYNTHETIC
2003-07-15,25.285,30.33,70.4,8.33,196.7,IMD_NORMALS_SYNTHETIC
2003-07-16,0.0,28.04,83.8,10.23,235.4,IMD_NORMALS_SYNTHETIC
2003-07-17,95.75,29.71,74.5,11.21,240.5,IMD_NORMALS_SYNTHETIC
2003-07-18,0.0,26.6,72.5,4.06,214.8,IMD_NORMALS_SYNTHETIC
2003-07-19,4.82,29.13,84.8,5.6,229.9,IMD_NORMALS_SYNTHETIC
2003-07-20,0.0,29.12,73.9,7.23,198.5,IMD_NORMALS_SYNTHETIC
2003-07-21,0.507,27.48,76.4,7.74,237.9,IMD_NORMALS_SYNTHETIC
2003-07-22,0.0,26.13,71.5,5.66,243.4,IMD_NORMALS_SYNTHETIC
2003-07-23,9.078,26.59,65.1,6.71,184.9,IMD_NORMALS_SYNTHETIC
2003-07-24,0.0,29.0,75.5,7.28,219.7,IMD_NORMALS_SYNTHETIC
2003-07-25,0.0,27.27,71.7,10.01,219.3,IMD_NORMALS_SYNTHETIC
2003-07-26,0.0,28.8,83.0,6.14,240.4,IMD_NORMALS_SYNTHETIC
2003-07-27,0.0,29.49,81.6,7.42,216.6,IMD_NORMALS_SYNTHETIC
2003-07-28,3.551,30.61,70.7,7.95,231.5,IMD_NORMALS_SYNTHETIC
2003-07-29,0.0,30.0,72.5,8.31,202.4,IMD_NORMALS_SYNTHETIC
2003-07-30,0.0,29.28,69.0,11.16,247.3,IMD_NORMALS_SYNTHETIC
2003-07-31,28.399,26.77,78.5,9.77,242.3,IMD_NORMALS_SYNTHETIC
2003-08-01,0.0,26.66,82.2,16.14,183.3,IMD_NORMALS_SYNTHETIC
2003-08-02,0.0,28.4,80.3,6.78,211.2,IMD_NORMALS_SYNTHETIC
2003-08-03,4.477,28.21,74.2,7.33,206.9,IMD_NORMALS_SYNTHETIC
2003-08-04,0.0,28.61,67.7,6.29,212.7,IMD_NORMALS_SYNTHETIC
2003-08-05,20.0,29.28,71.2,9.24,213.8,IMD_NORMALS_SYNTHETIC
2003-08-06,0.0,31.31,68.2,9.17,225.2,IMD_NORMALS_SYNTHETIC
2003-08-07,0.0,29.05,67.9,11.75,205.8,IMD_NORMALS_SYNTHETIC
2003-08-08,4.814,31.85,84.1,8.88,230.3,IMD_NORMALS_SYNTHETIC
2003-08-09,0.0,28.15,72.6,14.53,205.7,IMD_NORMALS_SYNTHETIC
2003-08-10,0.0,27.33,73.3,6.19,184.3,IMD_NORMALS_SYNTHETIC
2003-08-11,10.577,29.08,71.0,7.29,162.8,IMD_NORMALS_SYNTHETIC
2003-08-12,0.0,29.47,74.8,6.16,206.4,IMD_NORMALS_SYNTHETIC
2003-08-13,0.0,27.27,75.4,3.18,197.7,IMD_NORMALS_SYNTHETIC
2003-08-14,0.0,25.72,79.8,7.99,254.0,IMD_NORMALS_SYNTHETIC
2003-08-15,7.337,25.08,70.5,10.03,224.8,IMD_NORMALS_SYNTHETIC
2003-08-16,4.929,27.57,72.7,7.97,185.9,IMD_NORMALS_SYNTHETIC
2003-08-17,0.0,31.01,68.6,10.18,215.3,IMD_NORMALS_SYNTHETIC
2003-08-18,0.0,28.86,77.1,7.34,202.0,IMD_NORMALS_SYNTHETIC
2003-08-19,0.0,28.29,81.9,9.61,208.7,IMD_NORMALS_SYNTHETIC
2003-08-20,1.607,30.41,82.3,5.27,188.5,IMD_NORMALS_SYNTHETIC
2003-08-21,18.565,27.52,76.9,3.43,227.7,IMD_NORMALS_SYNTHETIC
2003-08-22,14.607,30.41,69.4,2.51,203.1,IMD_NORMALS_SYNTHETIC
2003-08-23,0.0,25.82,77.3,4.2,179.8,IMD_NORMALS_SYNTHETIC
2003-08-24,0.0,27.93,85.5,8.03,194.4,IMD_NORMALS_SYNTHETIC
2003-08-25,1.211,26.96,63.8,5.26,202.2,IMD_NORMALS_SYNTHETIC
2003-08-26,27.331,26.28,71.9,11.05,227.6,IMD_NORMALS_SYNTHETIC
2003-08-27,0.0,32.38,77.4,6.42,193.2,IMD_NORMALS_SYNTHETIC
2003-08-28,0.0,25.68,73.1,6.2,233.2,IMD_NORMALS_SYNTHETIC
2003-08-29,0.0,31.59,78.0,5.95,179.9,IMD_NORMALS_SYNTHETIC
2003-08-30,22.28,25.59,76.7,7.54,212.9,IMD_NORMALS_SYNTHETIC
2003-08-31,0.0,27.08,68.1,12.3,199.8,IMD_NORMALS_SYNTHETIC
2003-09-01,0.0,29.82,64.6,5.72,196.5,IMD_NORMALS_SYNTHETIC
2003-09-02,0.0,28.52,90.8,7.11,213.6,IMD_NORMALS_SYNTHETIC
2003-09-03,0.0,31.22,69.3,7.62,214.2,IMD_NORMALS_SYNTHETIC
2003-09-04,0.0,26.75,73.9,1.37,172.6,IMD_NORMALS_SYNTHETIC
2003-09-05,18.367,26.54,68.9,3.56,190.9,IMD_NORMALS_SYNTHETIC
2003-09-06,0.0,26.72,67.4,10.52,190.0,IMD_NORMALS_SYNTHETIC
2003-09-07,0.0,28.81,57.4,10.23,174.0,IMD_NORMALS_SYNTHETIC
2003-09-08,13.62,27.75,70.0,10.51,180.6,IMD_NORMALS_SYNTHETIC
2003-09-09,6.176,25.9,76.3,11.78,169.3,IMD_NORMALS_SYNTHETIC
2003-09-10,0.0,29.24,76.5,8.51,196.5,IMD_NORMALS_SYNTHETIC
2003-09-11,3.495,29.66,76.9,2.98,216.6,IMD_NORMALS_SYNTHETIC
2003-09-12,0.0,28.94,61.9,8.19,169.4,IMD_NORMALS_SYNTHETIC
2003-09-13,0.0,28.98,72.4,8.66,156.5,IMD_NORMALS_SYNTHETIC
2003-09-14,22.501,28.01,74.9,5.13,138.0,IMD_NORMALS_SYNTHETIC
2003-09-15,7.016,28.02,71.8,6.99,196.5,IMD_NORMALS_SYNTHETIC
2003-09-16,13.242,29.87,79.5,11.44,221.4,IMD_NORMALS_SYNTHETIC
2003-09-17,0.0,27.78,66.1,9.21,203.8,IMD_NORMALS_SYNTHETIC
2003-09-18,0.0,27.39,65.7,6.31,148.9,IMD_NORMALS_SYNTHETIC
2003-09-19,37.37,32.5,76.9,10.1,185.8,IMD_NORMALS_SYNTHETIC
2003-09-20,11.26,29.4,71.9,11.05,191.7,IMD_NORMALS_SYNTHETIC
2003-09-21,0.0,28.95,74.6,7.03,215.6,IMD_NORMALS_SYNTHETIC
2003-09-22,22.009,28.57,77.5,11.38,184.8,IMD_NORMALS_SYNTHETIC
2003-09-23,0.0,30.0,80.9,6.3,199.7,IMD_NORMALS_SYNTHETIC
2003-09-24,0.0,28.62,71.5,12.1,172.0,IMD_NORMALS_SYNTHETIC
2003-09-25,0.0,28.63,71.9,8.1,206.4,IMD_NORMALS_SYNTHETIC
2003-09-26,0.0,26.68,70.6,6.21,176.0,IMD_NORMALS_SYNTHETIC
2003-09-27,0.0,29.71,80.3,5.64,167.1,IMD_NORMALS_SYNTHETIC
2003-09-28,0.0,25.74,68.2,8.63,205.2,IMD_NORMALS_SYNTHETIC
2003-09-29,42.593,32.71,71.6,4.55,174.7,IMD_NORMALS_SYNTHETIC
2003-09-30,0.0,28.84,70.1,9.63,174.6,IMD_NORMALS_SYNTHETIC
2003-10-01,0.0,28.03,66.6,9.42,183.0,IMD_NORMALS_SYNTHETIC
2003-10-02,0.0,31.68,60.1,4.19,185.3,IMD_NORMALS_SYNTHETIC
2003-10-03,0.0,24.78,64.9,6.43,178.6,IMD_NORMALS_SYNTHETIC
2003-10-04,10.1,28.49,62.0,7.83,174.0,IMD_NORMALS_SYNTHETIC
2003-10-05,0.0,26.43,63.0,8.86,182.1,IMD_NORMALS_SYNTHETIC
2003-10-06,0.0,27.82,63.7,12.02,192.2,IMD_NORMALS_SYNTHETIC
2003-10-07,0.0,28.98,63.2,3.12,172.3,IMD_NORMALS_SYNTHETIC
2003-10-08,0.0,28.03,61.9,8.67,161.2,IMD_NORMALS_SYNTHETIC
2003-10-09,3.321,30.79,67.3,8.62,170.0,IMD_NORMALS_SYNTHETIC
2003-10-10,0.0,26.92,68.3,6.54,181.2,IMD_NORMALS_SYNTHETIC
2003-10-11,0.0,31.34,69.4,2.57,187.9,IMD_NORMALS_SYNTHETIC
2003-10-12,0.0,26.5,66.7,6.32,197.5,IMD_NORMALS_SYNTHETIC
2003-10-13,8.189,28.74,67.5,7.49,178.1,IMD_NORMALS_SYNTHETIC
2003-10-14,0.0,28.97,58.2,16.47,193.2,IMD_NORMALS_SYNTHETIC
2003-10-15,0.0,28.09,69.8,9.65,142.1,IMD_NORMALS_SYNTHETIC
2003-10-16,0.0,26.0,73.0,6.66,201.4,IMD_NORMALS_SYNTHETIC
2003-10-17,0.0,31.58,68.1,2.87,166.4,IMD_NORMALS_SYNTHETIC
2003-10-18,0.0,27.11,74.4,4.04,199.5,IMD_NORMALS_SYNTHETIC
2003-10-19,0.0,29.1,77.1,13.8,147.3,IMD_NORMALS_SYNTHETIC
2003-10-20,0.0,28.85,63.4,9.64,176.3,IMD_NORMALS_SYNTHETIC
2003-10-21,0.0,28.3,62.7,7.29,226.2,IMD_NORMALS_SYNTHETIC
2003-10-22,18.192,26.69,76.3,11.46,171.6,IMD_NORMALS_SYNTHETIC
2003-10-23,0.0,27.07,67.6,10.57,193.0,IMD_NORMALS_SYNTHETIC
2003-10-24,0.0,27.8,68.8,4.97,173.6,IMD_NORMALS_SYNTHETIC
2003-10-25,0.0,30.5,63.4,5.87,173.0,IMD_NORMALS_SYNTHETIC
2003-10-26,0.0,31.76,65.4,12.35,196.0,IMD_NORMALS_SYNTHETIC
2003-10-27,0.0,27.52,64.5,8.04,174.0,IMD_NORMALS_SYNTHETIC
2003-10-28,0.0,26.76,68.9,11.96,210.6,IMD_NORMALS_SYNTHETIC
2003-10-29,0.0,27.14,61.4,10.14,188.9,IMD_NORMALS_SYNTHETIC
2003-10-30,0.0,26.52,67.1,5.73,200.0,IMD_NORMALS_SYNTHETIC
2003-10-31,0.0,27.67,72.6,5.12,174.6,IMD_NORMALS_SYNTHETIC
2003-11-01,0.0,24.19,64.9,8.8,143.0,IMD_NORMALS_SYNTHETIC
2003-11-02,0.0,23.32,59.3,7.22,189.5,IMD_NORMALS_SYNTHETIC
2003-11-03,0.0,28.28,56.8,7.92,164.8,IMD_NORMALS_SYNTHETIC
2003-11-04,0.0,27.46,59.2,11.59,151.6,IMD_NORMALS_SYNTHETIC
2003-11-05,0.0,28.51,54.9,7.84,120.9,IMD_NORMALS_SYNTHETIC
2003-11-06,0.0,27.48,56.6,10.24,167.3,IMD_NORMALS_SYNTHETIC
2003-11-07,0.0,27.3,58.3,12.69,155.4,IMD_NORMALS_SYNTHETIC
2003-11-08,0.0,28.36,54.1,7.18,178.9,IMD_NORMALS_SYNTHETIC
2003-11-09,0.0,21.18,59.7,6.62,128.7,IMD_NORMALS_SYNTHETIC
2003-11-10,8.338,27.68,63.3,9.3,195.4,IMD_NORMALS_SYNTHETIC
2003-11-11,0.0,26.15,52.4,10.31,164.1,IMD_NORMALS_SYNTHETIC
2003-11-12,0.0,28.8,54.2,7.02,177.7,IMD_NORMALS_SYNTHETIC
2003-11-13,0.0,23.1,62.3,9.51,169.1,IMD_NORMALS_SYNTHETIC
2003-11-14,0.0,25.95,63.2,9.85,162.1,IMD_NORMALS_SYNTHETIC
2003-11-15,0.0,25.2,56.0,3.08,139.1,IMD_NORMALS_SYNTHETIC
2003-11-16,0.0,28.07,50.3,9.28,162.2,IMD_NORMALS_SYNTHETIC
2003-11-17,0.0,24.86,60.0,9.94,146.2,IMD_NORMALS_SYNTHETIC
2003-11-18,0.0,26.54,61.7,5.44,172.5,IMD_NORMALS_SYNTHETIC
2003-11-19,0.0,26.97,63.2,6.46,178.3,IMD_NORMALS_SYNTHETIC
2003-11-20,0.0,24.4,54.2,7.63,169.3,IMD_NORMALS_SYNTHETIC
2003-11-21,0.0,27.95,56.9,6.94,197.0,IMD_NORMALS_SYNTHETIC
2003-11-22,0.0,27.79,58.9,15.34,171.2,IMD_NORMALS_SYNTHETIC
2003-11-23,0.0,28.18,65.1,2.33,102.2,IMD_NORMALS_SYNTHETIC
2003-11-24,0.0,24.09,56.7,7.53,174.4,IMD_NORMALS_SYNTHETIC
2003-11-25,22.386,26.52,57.0,1.92,177.5,IMD_NORMALS_SYNTHETIC
2003-11-26,0.0,26.41,67.2,5.95,137.3,IMD_NORMALS_SYNTHETIC
2003-11-27,1.449,29.72,63.6,5.67,148.4,IMD_NORMALS_SYNTHETIC
2003-11-28,0.0,26.45,59.5,10.34,149.2,IMD_NORMALS_SYNTHETIC
2003-11-29,0.0,27.45,62.8,8.87,169.5,IMD_NORMALS_SYNTHETIC
2003-11-30,0.0,25.61,53.0,1.03,158.3,IMD_NORMALS_SYNTHETIC
2003-12-01,0.0,23.48,58.2,10.11,180.8,IMD_NORMALS_SYNTHETIC
2003-12-02,0.0,23.41,54.5,4.32,151.7,IMD_NORMALS_SYNTHETIC
2003-12-03,0.0,22.24,51.9,9.43,146.4,IMD_NORMALS_SYNTHETIC
2003-12-04,11.969,23.42,52.3,8.17,185.1,IMD_NORMALS_SYNTHETIC
2003-12-05,0.0,20.86,50.6,9.85,184.3,IMD_NORMALS_SYNTHETIC
2003-12-06,0.0,25.04,57.0,6.43,159.4,IMD_NORMALS_SYNTHETIC
2003-12-07,0.0,23.47,63.6,9.72,173.5,IMD_NORMALS_SYNTHETIC
2003-12-08,0.0,21.93,58.9,4.39,150.1,IMD_NORMALS_SYNTHETIC
2003-12-09,0.0,25.76,59.3,9.68,136.3,IMD_NORMALS_SYNTHETIC
2003-12-10,0.0,24.15,62.1,6.03,135.8,IMD_NORMALS_SYNTHETIC
2003-12-11,0.0,22.73,61.2,17.21,147.6,IMD_NORMALS_SYNTHETIC
2003-12-12,0.0,21.29,52.7,6.68,168.7,IMD_NORMALS_SYNTHETIC
2003-12-13,0.0,27.25,56.3,1.81,183.6,IMD_NORMALS_SYNTHETIC
2003-12-14,0.0,25.4,60.1,8.68,157.9,IMD_NORMALS_SYNTHETIC
2003-12-15,0.0,21.29,65.0,13.67,157.8,IMD_NORMALS_SYNTHETIC
2003-12-16,0.0,25.46,60.8,10.75,137.1,IMD_NORMALS_SYNTHETIC
2003-12-17,0.0,23.87,63.1,9.17,139.7,IMD_NORMALS_SYNTHETIC
2003-12-18,0.0,24.78,59.5,1.82,145.9,IMD_NORMALS_SYNTHETIC
2003-12-19,0.0,23.71,44.0,7.62,123.3,IMD_NORMALS_SYNTHETIC
2003-12-20,0.0,24.91,60.9,11.36,122.3,IMD_NORMALS_SYNTHETIC
2003-12-21,0.0,25.45,57.3,10.28,136.8,IMD_NORMALS_SYNTHETIC
2003-12-22,0.0,23.23,57.6,7.18,114.1,IMD_NORMALS_SYNTHETIC
2003-12-23,0.0,24.41,60.3,12.02,126.8,IMD_NORMALS_SYNTHETIC
2003-12-24,0.0,25.6,50.8,7.83,121.0,IMD_NORMALS_SYNTHETIC
2003-12-25,0.0,21.62,56.5,11.68,145.7,IMD_NORMALS_SYNTHETIC
2003-12-26,0.0,24.78,53.2,4.43,118.6,IMD_NORMALS_SYNTHETIC
2003-12-27,0.0,21.65,58.9,7.15,166.3,IMD_NORMALS_SYNTHETIC
2003-12-28,0.795,23.91,56.4,11.47,130.4,IMD_NORMALS_SYNTHETIC
2003-12-29,0.0,24.75,59.6,7.31,127.8,IMD_NORMALS_SYNTHETIC
2003-12-30,0.0,22.52,61.5,7.2,183.4,IMD_NORMALS_SYNTHETIC
2003-12-31,0.0,26.4,59.3,6.34,167.4,IMD_NORMALS_SYNTHETIC
2004-01-01,0.0,23.73,50.8,9.93,154.5,IMD_NORMALS_SYNTHETIC
2004-01-02,0.0,22.51,51.6,6.96,158.4,IMD_NORMALS_SYNTHETIC
2004-01-03,0.0,24.84,52.7,4.59,152.3,IMD_NORMALS_SYNTHETIC
2004-01-04,0.0,23.47,50.4,6.68,175.5,IMD_NORMALS_SYNTHETIC
2004-01-05,0.0,26.71,52.1,9.47,122.8,IMD_NORMALS_SYNTHETIC
2004-01-06,0.0,26.59,49.3,9.87,143.8,IMD_NORMALS_SYNTHETIC
2004-01-07,0.0,23.8,58.1,7.87,147.9,IMD_NORMALS_SYNTHETIC
2004-01-08,0.0,23.68,46.5,4.83,156.8,IMD_NORMALS_SYNTHETIC
2004-01-09,0.0,22.06,59.2,9.87,166.5,IMD_NORMALS_SYNTHETIC
2004-01-10,0.0,26.2,52.3,9.03,144.4,IMD_NORMALS_SYNTHETIC
2004-01-11,0.0,23.37,55.2,7.14,151.8,IMD_NORMALS_SYNTHETIC
2004-01-12,0.0,23.51,54.9,15.79,182.9,IMD_NORMALS_SYNTHETIC
2004-01-13,0.0,20.26,54.5,7.22,164.3,IMD_NORMALS_SYNTHETIC
2004-01-14,0.0,23.84,50.5,6.03,170.5,IMD_NORMALS_SYNTHETIC
2004-01-15,0.0,23.85,59.6,9.57,165.8,IMD_NORMALS_SYNTHETIC
2004-01-16,0.0,27.7,61.6,5.48,151.9,IMD_NORMALS_SYNTHETIC
2004-01-17,0.0,23.12,60.7,11.71,147.1,IMD_NORMALS_SYNTHETIC
2004-01-18,0.0,23.51,51.8,11.03,161.2,IMD_NORMALS_SYNTHETIC
2004-01-19,0.0,22.89,46.7,13.48,176.4,IMD_NORMALS_SYNTHETIC
2004-01-20,0.0,25.88,52.6,10.98,143.9,IMD_NORMALS_SYNTHETIC
2004-01-21,0.0,28.09,48.3,10.74,139.4,IMD_NORMALS_SYNTHETIC
2004-01-22,0.0,25.37,47.1,5.63,119.6,IMD_NORMALS_SYNTHETIC
2004-01-23,0.0,24.12,51.8,7.37,187.3,IMD_NORMALS_SYNTHETIC
2004-01-24,0.0,24.81,48.7,7.29,167.9,IMD_NORMALS_SYNTHETIC
2004-01-25,0.0,24.89,50.5,7.31,182.5,IMD_NORMALS_SYNTHETIC
2004-01-26,0.0,24.6,49.7,12.33,164.6,IMD_NORMALS_SYNTHETIC
2004-01-27,0.0,25.09,45.6,6.57,185.2,IMD_NORMALS_SYNTHETIC
2004-01-28,0.0,25.13,49.0,3.35,167.3,IMD_NORMALS_SYNTHETIC
2004-01-29,0.0,24.65,55.6,1.62,167.2,IMD_NORMALS_SYNTHETIC
2004-01-30,0.0,26.32,54.6,10.04,158.7,IMD_NORMALS_SYNTHETIC
2004-01-31,0.0,23.64,53.8,9.79,175.8,IMD_NORMALS_SYNTHETIC
2004-02-01,0.0,26.96,44.8,16.45,213.0,IMD_NORMALS_SYNTHETIC
2004-02-02,0.0,26.75,46.7,11.65,156.1,IMD_NORMALS_SYNTHETIC
2004-02-03,0.0,25.78,47.9,9.5,176.0,IMD_NORMALS_SYNTHETIC
2004-02-04,0.0,26.93,39.2,8.99,177.4,IMD_NORMALS_SYNTHETIC
2004-02-05,0.0,28.74,42.9,8.43,163.1,IMD_NORMALS_SYNTHETIC
2004-02-06,0.0,27.44,50.8,9.73,196.6,IMD_NORMALS_SYNTHETIC
2004-02-07,0.0,28.33,42.9,10.04,181.0,IMD_NORMALS_SYNTHETIC
2004-02-08,0.0,26.49,45.5,7.08,179.8,IMD_NORMALS_SYNTHETIC
2004-02-09,0.0,29.88,44.9,11.76,215.0,IMD_NORMALS_SYNTHETIC
2004-02-10,0.0,28.38,45.6,6.84,180.1,IMD_NORMALS_SYNTHETIC
2004-02-11,0.0,22.6,39.1,8.97,163.2,IMD_NORMALS_SYNTHETIC
2004-02-12,0.0,27.91,43.6,8.29,194.5,IMD_NORMALS_SYNTHETIC
2004-02-13,0.0,25.68,45.5,9.4,144.7,IMD_NORMALS_SYNTHETIC
2004-02-14,0.0,29.76,44.5,6.54,182.6,IMD_NORMALS_SYNTHETIC
2004-02-15,0.0,27.57,46.9,12.35,153.2,IMD_NORMALS_SYNTHETIC
2004-02-16,0.0,24.31,42.9,6.67,162.2,IMD_NORMALS_SYNTHETIC
2004-02-17,0.0,28.25,43.6,12.38,207.6,IMD_NORMALS_SYNTHETIC
2004-02-18,0.0,25.44,40.9,13.99,186.4,IMD_NORMALS_SYNTHETIC
2004-02-19,0.0,25.65,47.8,8.43,202.7,IMD_NORMALS_SYNTHETIC
2004-02-20,0.0,28.04,46.1,2.63,186.1,IMD_NORMALS_SYNTHETIC
2004-02-21,0.0,24.38,50.0,12.72,173.6,IMD_NORMALS_SYNTHETIC
2004-02-22,0.0,27.83,45.1,5.93,158.9,IMD_NORMALS_SYNTHETIC
2004-02-23,0.0,26.27,37.3,6.04,160.5,IMD_NORMALS_SYNTHETIC
2004-02-24,0.0,27.19,47.9,10.51,168.4,IMD_NORMALS_SYNTHETIC
2004-02-25,7.151,27.53,39.0,1.23,170.8,IMD_NORMALS_SYNTHETIC
2004-02-26,0.0,28.94,44.7,4.09,181.1,IMD_NORMALS_SYNTHETIC
2004-02-27,0.0,28.66,42.9,3.52,185.8,IMD_NORMALS_SYNTHETIC
2004-02-28,0.0,26.15,42.6,9.09,181.5,IMD_NORMALS_SYNTHETIC
2004-02-29,0.0,26.33,42.9,11.16,202.9,IMD_NORMALS_SYNTHETIC
2004-03-01,0.0,30.78,36.2,10.54,186.6,IMD_NORMALS_SYNTHETIC
2004-03-02,0.0,31.38,24.7,8.53,191.6,IMD_NORMALS_SYNTHETIC
2004-03-03,0.0,31.61,45.8,6.65,201.0,IMD_NORMALS_SYNTHETIC
2004-03-04,0.0,32.9,39.6,11.24,188.5,IMD_NORMALS_SYNTHETIC
2004-03-05,0.0,33.83,40.9,8.32,210.2,IMD_NORMALS_SYNTHETIC
2004-03-06,0.0,30.77,43.5,10.34,207.6,IMD_NORMALS_SYNTHETIC
2004-03-07,0.0,30.21,44.6,10.7,200.6,IMD_NORMALS_SYNTHETIC
2004-03-08,0.0,33.18,42.0,6.6,186.5,IMD_NORMALS_SYNTHETIC
2004-03-09,0.0,35.32,41.8,4.14,192.6,IMD_NORMALS_SYNTHETIC
2004-03-10,0.0,30.95,45.2,3.6,162.3,IMD_NORMALS_SYNTHETIC
2004-03-11,0.0,34.01,41.0,14.06,171.9,IMD_NORMALS_SYNTHETIC
2004-03-12,0.0,28.11,38.9,10.96,206.6,IMD_NORMALS_SYNTHETIC
2004-03-13,0.0,30.61,30.0,6.14,186.2,IMD_NORMALS_SYNTHETIC
2004-03-14,0.0,30.59,38.6,10.89,179.2,IMD_NORMALS_SYNTHETIC
2004-03-15,0.0,33.07,30.9,8.52,148.0,IMD_NORMALS_SYNTHETIC
2004-03-16,0.0,33.39,42.1,8.84,238.8,IMD_NORMALS_SYNTHETIC
2004-03-17,0.0,31.37,34.1,11.24,175.6,IMD_NORMALS_SYNTHETIC
2004-03-18,8.883,31.74,34.2,10.1,201.3,IMD_NORMALS_SYNTHETIC
2004-03-19,0.0,28.63,39.4,10.56,192.8,IMD_NORMALS_SYNTHETIC
2004-03-20,0.0,34.33,38.4,15.29,201.8,IMD_NORMALS_SYNTHETIC
2004-03-21,0.0,34.44,40.2,7.22,177.5,IMD_NORMALS_SYNTHETIC
2004-03-22,0.0,32.27,41.0,7.45,208.7,IMD_NORMALS_SYNTHETIC
2004-03-23,0.0,33.52,38.7,8.8,189.4,IMD_NORMALS_SYNTHETIC
2004-03-24,0.0,30.04,44.9,14.05,200.1,IMD_NORMALS_SYNTHETIC
2004-03-25,0.0,32.27,30.6,9.53,180.7,IMD_NORMALS_SYNTHETIC
2004-03-26,0.0,31.04,30.0,5.75,183.9,IMD_NORMALS_SYNTHETIC
2004-03-27,0.0,33.6,32.3,7.58,196.1,IMD_NORMALS_SYNTHETIC
2004-03-28,0.0,36.59,45.3,11.66,244.9,IMD_NORMALS_SYNTHETIC
2004-03-29,0.0,31.08,33.3,7.85,198.6,IMD_NORMALS_SYNTHETIC
2004-03-30,0.0,32.18,37.6,5.87,222.6,IMD_NORMALS_SYNTHETIC
2004-03-31,24.047,31.63,41.9,9.46,215.3,IMD_NORMALS_SYNTHETIC
2004-04-01,0.0,34.84,37.4,11.49,208.4,IMD_NORMALS_SYNTHETIC
2004-04-02,0.0,37.13,42.3,10.67,233.2,IMD_NORMALS_SYNTHETIC
2004-04-03,0.0,32.84,47.9,7.78,229.0,IMD_NORMALS_SYNTHETIC
2004-04-04,0.0,37.91,35.2,8.56,232.1,IMD_NORMALS_SYNTHETIC
2004-04-05,6.084,34.16,44.8,6.96,195.9,IMD_NORMALS_SYNTHETIC
2004-04-06,0.0,34.07,38.3,6.65,234.3,IMD_NORMALS_SYNTHETIC
2004-04-07,0.0,36.64,39.6,5.23,187.3,IMD_NORMALS_SYNTHETIC
2004-04-08,0.0,37.04,31.0,4.89,211.1,IMD_NORMALS_SYNTHETIC
2004-04-09,0.0,33.3,32.2,5.31,218.6,IMD_NORMALS_SYNTHETIC
2004-04-10,0.0,32.03,40.1,8.89,227.1,IMD_NORMALS_SYNTHETIC
2004-04-11,0.0,37.45,33.9,14.19,212.8,IMD_NORMALS_SYNTHETIC
2004-04-12,1.61,31.95,25.8,5.44,190.5,IMD_NORMALS_SYNTHETIC
2004-04-13,0.0,31.95,29.5,6.47,184.5,IMD_NORMALS_SYNTHETIC
2004-04-14,0.0,32.01,29.0,3.78,240.2,IMD_NORMALS_SYNTHETIC
2004-04-15,3.939,33.47,37.3,7.03,187.6,IMD_NORMALS_SYNTHETIC
2004-04-16,0.0,32.76,38.1,9.45,202.9,IMD_NORMALS_SYNTHETIC
2004-04-17,0.0,33.56,38.1,12.58,183.6,IMD_NORMALS_SYNTHETIC
2004-04-18,0.0,33.88,30.8,9.21,223.8,IMD_NORMALS_SYNTHETIC
2004-04-19,16.551,32.25,37.7,4.95,210.7,IMD_NORMALS_SYNTHETIC
2004-04-20,0.0,33.39,35.8,9.06,178.4,IMD_NORMALS_SYNTHETIC
2004-04-21,0.0,36.06,44.1,8.76,197.2,IMD_NORMALS_SYNTHETIC
2004-04-22,0.0,33.03,37.6,8.08,187.1,IMD_NORMALS_SYNTHETIC
2004-04-23,0.0,38.08,36.7,7.35,199.2,IMD_NORMALS_SYNTHETIC
2004-04-24,0.0,33.19,33.0,2.92,224.3,IMD_NORMALS_SYNTHETIC
2004-04-25,0.0,30.53,37.3,9.83,211.4,IMD_NORMALS_SYNTHETIC
2004-04-26,1.887,35.59,34.2,7.81,207.3,IMD_NORMALS_SYNTHETIC
2004-04-27,0.0,35.45,28.7,9.52,211.7,IMD_NORMALS_SYNTHETIC
2004-04-28,0.0,34.97,42.4,12.46,192.0,IMD_NORMALS_SYNTHETIC
2004-04-29,23.969,33.62,38.8,5.04,225.7,IMD_NORMALS_SYNTHETIC
2004-04-30,0.0,34.46,44.0,12.59,209.1,IMD_NORMALS_SYNTHETIC
2004-05-01,0.0,34.79,43.3,11.35,213.7,IMD_NORMALS_SYNTHETIC
2004-05-02,0.0,34.79,42.9,7.78,221.5,IMD_NORMALS_SYNTHETIC
2004-05-03,0.0,33.27,45.1,8.63,229.9,IMD_NORMALS_SYNTHETIC
2004-05-04,0.0,34.06,45.1,7.44,170.0,IMD_NORMALS_SYNTHETIC
2004-05-05,0.0,37.12,36.0,6.73,259.6,IMD_NORMALS_SYNTHETIC
2004-05-06,0.0,33.98,44.6,5.34,220.5,IMD_NORMALS_SYNTHETIC
2004-05-07,0.0,33.78,41.2,5.59,220.7,IMD_NORMALS_SYNTHETIC
2004-05-08,0.0,37.36,46.1,8.62,241.1,IMD_NORMALS_SYNTHETIC
2004-05-09,3.482,33.83,46.8,9.65,227.5,IMD_NORMALS_SYNTHETIC
2004-05-10,0.0,34.04,43.3,4.54,222.2,IMD_NORMALS_SYNTHETIC
2004-05-11,0.0,35.52,33.8,5.06,227.2,IMD_NORMALS_SYNTHETIC
2004-05-12,0.0,34.09,42.6,11.28,223.2,IMD_NORMALS_SYNTHETIC
2004-05-13,0.0,38.62,46.3,10.12,246.9,IMD_NORMALS_SYNTHETIC
2004-05-14,0.0,34.68,51.0,7.51,259.9,IMD_NORMALS_SYNTHETIC
2004-05-15,0.0,36.73,45.5,9.97,248.1,IMD_NORMALS_SYNTHETIC
2004-05-16,0.0,35.12,41.9,7.3,226.0,IMD_NORMALS_SYNTHETIC
2004-05-17,0.0,33.67,43.0,6.11,231.4,IMD_NORMALS_SYNTHETIC
2004-05-18,0.0,35.35,38.8,6.42,205.9,IMD_NORMALS_SYNTHETIC
2004-05-19,17.523,35.44,44.8,11.6,208.0,IMD_NORMALS_SYNTHETIC
2004-05-20,0.0,31.56,36.2,5.88,208.6,IMD_NORMALS_SYNTHETIC
2004-05-21,0.0,35.85,43.3,11.63,229.0,IMD_NORMALS_SYNTHETIC
2004-05-22,0.0,38.08,44.3,5.34,212.8,IMD_NORMALS_SYNTHETIC
2004-05-23,0.0,36.15,40.0,3.77,195.2,IMD_NORMALS_SYNTHETIC
2004-05-24,0.0,34.36,43.6,1.33,222.3,IMD_NORMALS_SYNTHETIC
2004-05-25,0.0,37.33,46.3,4.91,218.6,IMD_NORMALS_SYNTHETIC
2004-05-26,0.0,40.25,36.7,7.69,227.2,IMD_NORMALS_SYNTHETIC
2004-05-27,0.0,37.85,31.1,7.25,217.4,IMD_NORMALS_SYNTHETIC
2004-05-28,0.0,35.05,36.5,7.33,246.4,IMD_NORMALS_SYNTHETIC
2004-05-29,3.494,31.21,41.3,9.2,210.8,IMD_NORMALS_SYNTHETIC
2004-05-30,0.0,31.75,46.1,12.72,201.2,IMD_NORMALS_SYNTHETIC
2004-05-31,0.0,34.36,44.6,5.19,224.0,IMD_NORMALS_SYNTHETIC
2004-06-01,12.781,31.49,65.6,9.04,244.0,IMD_NORMALS_SYNTHETIC
2004-06-02,0.0,33.45,60.4,11.5,227.7,IMD_NORMALS_SYNTHETIC
2004-06-03,0.0,32.91,69.8,2.58,262.9,IMD_NORMALS_SYNTHETIC
2004-06-04,0.0,29.1,64.1,4.62,204.2,IMD_NORMALS_SYNTHETIC
2004-06-05,0.0,28.83,66.6,7.53,247.2,IMD_NORMALS_SYNTHETIC
2004-06-06,0.0,33.3,65.1,8.09,195.1,IMD_NORMALS_SYNTHETIC
2004-06-07,11.252,30.38,66.3,10.78,221.0,IMD_NORMALS_SYNTHETIC
2004-06-08,0.0,28.42,62.8,6.89,212.6,IMD_NORMALS_SYNTHETIC
2004-06-09,0.0,34.47,68.0,11.6,238.5,IMD_NORMALS_SYNTHETIC
2004-06-10,0.0,31.09,63.0,11.9,218.3,IMD_NORMALS_SYNTHETIC
2004-06-11,0.0,34.3,65.3,7.52,246.5,IMD_NORMALS_SYNTHETIC
2004-06-12,0.0,32.62,67.7,10.35,241.7,IMD_NORMALS_SYNTHETIC
2004-06-13,0.0,29.56,66.1,5.04,252.3,IMD_NORMALS_SYNTHETIC
2004-06-14,0.0,31.11,70.5,5.61,228.4,IMD_NORMALS_SYNTHETIC
2004-06-15,0.0,28.06,63.6,9.56,284.6,IMD_NORMALS_SYNTHETIC
2004-06-16,0.0,29.21,55.9,6.73,250.6,IMD_NORMALS_SYNTHETIC
2004-06-17,0.0,31.7,68.7,11.55,234.2,IMD_NORMALS_SYNTHETIC
2004-06-18,0.0,30.14,62.0,8.25,220.2,IMD_NORMALS_SYNTHETIC
2004-06-19,0.0,31.95,58.7,9.89,245.1,IMD_NORMALS_SYNTHETIC
2004-06-20,0.0,30.71,63.9,7.56,249.3,IMD_NORMALS_SYNTHETIC
2004-06-21,0.0,33.14,65.0,8.89,221.8,IMD_NORMALS_SYNTHETIC
2004-06-22,0.0,32.08,50.1,8.69,243.0,IMD_NORMALS_SYNTHETIC
2004-06-23,5.076,31.36,73.2,8.29,235.0,IMD_NORMALS_SYNTHETIC
2004-06-24,0.0,30.5,63.9,4.56,194.6,IMD_NORMALS_SYNTHETIC
2004-06-25,0.0,30.29,66.0,4.99,271.4,IMD_NORMALS_SYNTHETIC
2004-06-26,0.0,35.01,63.0,9.71,226.6,IMD_NORMALS_SYNTHETIC
2004-06-27,0.0,31.53,66.3,2.11,238.9,IMD_NORMALS_SYNTHETIC
2004-06-28,4.86,30.04,68.2,2.71,285.3,IMD_NORMALS_SYNTHETIC
2004-06-29,6.085,30.2,61.0,8.31,216.1,IMD_NORMALS_SYNTHETIC
2004-06-30,0.0,29.94,68.7,4.47,224.1,IMD_NORMALS_SYNTHETIC
2004-07-01,73.152,28.53,78.6,7.72,215.4,IMD_NORMALS_SYNTHETIC
2004-07-02,29.377,25.85,70.8,7.97,276.4,IMD_NORMALS_SYNTHETIC
2004-07-03,0.0,28.03,71.2,8.31,206.4,IMD_NORMALS_SYNTHETIC
2004-07-04,23.167,30.22,77.2,5.69,234.9,IMD_NORMALS_SYNTHETIC
2004-07-05,0.0,26.33,73.9,8.5,229.0,IMD_NORMALS_SYNTHETIC
2004-07-06,0.0,27.95,74.5,12.34,218.0,IMD_NORMALS_SYNTHETIC
2004-07-07,0.0,29.29,73.4,6.05,252.5,IMD_NORMALS_SYNTHETIC
2004-07-08,0.0,28.41,72.7,9.01,274.2,IMD_NORMALS_SYNTHETIC
2004-07-09,0.0,29.04,73.7,6.59,234.3,IMD_NORMALS_SYNTHETIC
2004-07-10,0.0,28.52,73.6,8.6,241.2,IMD_NORMALS_SYNTHETIC
2004-07-11,7.14,28.17,80.4,6.04,199.6,IMD_NORMALS_SYNTHETIC
2004-07-12,0.0,31.64,68.9,10.21,226.5,IMD_NORMALS_SYNTHETIC
2004-07-13,0.0,30.05,69.6,11.42,242.3,IMD_NORMALS_SYNTHETIC
2004-07-14,21.124,31.37,72.4,9.61,200.9,IMD_NORMALS_SYNTHETIC
2004-07-15,16.178,26.79,77.2,9.11,246.3,IMD_NORMALS_SYNTHETIC
2004-07-16,23.43,29.97,75.8,7.67,218.6,IMD_NORMALS_SYNTHETIC
2004-07-17,0.0,28.5,70.1,1.61,237.7,IMD_NORMALS_SYNTHETIC
2004-07-18,13.654,30.86,73.0,5.75,210.3,IMD_NORMALS_SYNTHETIC
2004-07-19,0.0,29.71,75.6,5.46,216.6,IMD_NORMALS_SYNTHETIC
2004-07-20,0.0,26.07,77.5,10.9,242.6,IMD_NORMALS_SYNTHETIC
2004-07-21,0.0,25.5,76.6,10.17,240.7,IMD_NORMALS_SYNTHETIC
2004-07-22,17.524,27.81,74.1,9.8,236.7,IMD_NORMALS_SYNTHETIC
2004-07-23,0.0,30.38,74.8,10.19,226.1,IMD_NORMALS_SYNTHETIC
2004-07-24,0.0,28.61,70.0,9.59,182.4,IMD_NORMALS_SYNTHETIC
2004-07-25,0.0,28.84,78.4,6.63,206.2,IMD_NORMALS_SYNTHETIC
2004-07-26,0.0,30.74,63.5,4.76,240.7,IMD_NORMALS_SYNTHETIC
2004-07-27,0.0,27.54,74.0,5.65,246.1,IMD_NORMALS_SYNTHETIC
2004-07-28,11.355,26.42,78.1,9.32,224.1,IMD_NORMALS_SYNTHETIC
2004-07-29,2.807,31.7,66.3,9.35,257.3,IMD_NORMALS_SYNTHETIC
2004-07-30,1.309,27.39,69.7,13.54,242.7,IMD_NORMALS_SYNTHETIC
2004-07-31,0.0,25.58,80.7,3.73,263.5,IMD_NORMALS_SYNTHETIC
2004-08-01,6.963,29.08,70.7,12.52,231.7,IMD_NORMALS_SYNTHETIC
2004-08-02,0.0,28.06,72.0,10.84,195.9,IMD_NORMALS_SYNTHETIC
2004-08-03,20.53,29.43,76.4,12.51,226.8,IMD_NORMALS_SYNTHETIC
2004-08-04,0.0,27.13,68.6,9.51,186.4,IMD_NORMALS_SYNTHETIC
2004-08-05,0.0,31.51,75.3,5.29,208.2,IMD_NORMALS_SYNTHETIC
2004-08-06,0.0,31.79,82.4,13.63,238.7,IMD_NORMALS_SYNTHETIC
2004-08-07,38.71,26.72,67.7,7.61,214.6,IMD_NORMALS_SYNTHETIC
2004-08-08,10.475,29.97,77.7,7.33,192.7,IMD_NORMALS_SYNTHETIC
2004-08-09,0.0,29.1,71.7,7.73,230.5,IMD_NORMALS_SYNTHETIC
2004-08-10,3.022,29.16,74.0,11.44,197.8,IMD_NORMALS_SYNTHETIC
2004-08-11,12.25,29.12,73.9,4.11,224.1,IMD_NORMALS_SYNTHETIC
2004-08-12,0.0,31.79,76.1,4.55,224.7,IMD_NORMALS_SYNTHETIC
2004-08-13,8.251,25.44,80.7,6.17,174.1,IMD_NORMALS_SYNTHETIC
2004-08-14,2.744,27.41,69.9,10.14,207.2,IMD_NORMALS_SYNTHETIC
2004-08-15,0.0,23.96,70.9,8.24,206.4,IMD_NORMALS_SYNTHETIC
2004-08-16,0.0,26.29,80.0,12.95,201.6,IMD_NORMALS_SYNTHETIC
2004-08-17,17.874,24.89,69.3,8.51,203.2,IMD_NORMALS_SYNTHETIC
2004-08-18,10.12,25.27,73.6,12.62,234.8,IMD_NORMALS_SYNTHETIC
2004-08-19,0.0,23.62,76.2,6.49,214.9,IMD_NORMALS_SYNTHETIC
2004-08-20,19.253,28.71,88.0,8.27,201.3,IMD_NORMALS_SYNTHETIC
2004-08-21,0.0,28.27,80.2,4.02,199.4,IMD_NORMALS_SYNTHETIC
2004-08-22,12.277,28.55,72.5,5.19,170.8,IMD_NORMALS_SYNTHETIC
2004-08-23,0.0,30.0,76.5,13.65,239.1,IMD_NORMALS_SYNTHETIC
2004-08-24,0.0,28.13,70.0,4.72,215.7,IMD_NORMALS_SYNTHETIC
2004-08-25,0.0,30.58,82.8,7.02,211.8,IMD_NORMALS_SYNTHETIC
2004-08-26,0.0,29.69,67.0,14.38,250.7,IMD_NORMALS_SYNTHETIC
2004-08-27,0.0,27.88,75.9,3.12,233.0,IMD_NORMALS_SYNTHETIC
2004-08-28,0.0,28.16,71.7,10.24,197.0,IMD_NORMALS_SYNTHETIC
2004-08-29,0.0,30.42,73.6,9.11,204.0,IMD_NORMALS_SYNTHETIC
2004-08-30,4.819,26.45,66.7,9.09,191.0,IMD_NORMALS_SYNTHETIC
2004-08-31,0.0,28.54,80.6,10.38,234.5,IMD_NORMALS_SYNTHETIC
2004-09-01,0.0,27.99,78.3,11.1,205.5,IMD_NORMALS_SYNTHETIC
2004-09-02,0.0,25.88,72.6,0.06,173.0,IMD_NORMALS_SYNTHETIC
2004-09-03,0.0,27.73,78.2,10.89,186.1,IMD_NORMALS_SYNTHETIC
2004-09-04,0.0,26.32,69.1,8.09,167.2,IMD_NORMALS_SYNTHETIC
2004-09-05,0.0,31.69,64.9,9.6,197.4,IMD_NORMALS_SYNTHETIC
2004-09-06,0.0,28.16,66.9,10.31,210.3,IMD_NORMALS_SYNTHETIC
2004-09-07,0.0,28.71,69.7,8.83,223.5,IMD_NORMALS_SYNTHETIC
2004-09-08,0.0,29.37,75.8,3.16,169.8,IMD_NORMALS_SYNTHETIC
2004-09-09,12.177,29.19,75.0,5.57,205.9,IMD_NORMALS_SYNTHETIC
2004-09-10,0.0,32.71,70.1,3.93,217.8,IMD_NORMALS_SYNTHETIC
2004-09-11,0.0,29.17,70.9,3.1,199.5,IMD_NORMALS_SYNTHETIC
2004-09-12,0.0,31.08,76.9,6.58,195.5,IMD_NORMALS_SYNTHETIC
2004-09-13,0.0,28.91,71.0,14.72,185.3,IMD_NORMALS_SYNTHETIC
2004-09-14,0.0,28.97,76.2,7.82,187.3,IMD_NORMALS_SYNTHETIC
2004-09-15,20.948,27.34,66.5,11.72,180.0,IMD_NORMALS_SYNTHETIC
2004-09-16,0.0,24.79,71.3,6.5,200.9,IMD_NORMALS_SYNTHETIC
2004-09-17,37.673,30.86,65.5,8.69,207.8,IMD_NORMALS_SYNTHETIC
2004-09-18,0.0,27.41,75.2,2.39,224.2,IMD_NORMALS_SYNTHETIC
2004-09-19,0.0,27.84,81.5,5.3,201.7,IMD_NORMALS_SYNTHETIC
2004-09-20,0.0,28.01,76.8,10.89,211.5,IMD_NORMALS_SYNTHETIC
2004-09-21,0.0,31.21,72.9,8.54,190.0,IMD_NORMALS_SYNTHETIC
2004-09-22,0.0,30.01,85.2,7.89,186.8,IMD_NORMALS_SYNTHETIC
2004-09-23,0.0,26.87,69.7,6.48,211.9,IMD_NORMALS_SYNTHETIC
2004-09-24,0.0,25.97,78.0,2.05,189.9,IMD_NORMALS_SYNTHETIC
2004-09-25,7.577,24.94,72.3,3.64,184.8,IMD_NORMALS_SYNTHETIC
2004-09-26,0.0,28.98,70.1,12.62,211.6,IMD_NORMALS_SYNTHETIC
2004-09-27,0.0,27.38,70.2,9.33,199.5,IMD_NORMALS_SYNTHETIC
2004-09-28,0.0,27.77,75.9,7.83,166.8,IMD_NORMALS_SYNTHETIC
2004-09-29,14.592,28.78,74.6,9.79,170.4,IMD_NORMALS_SYNTHETIC
2004-09-30,0.0,26.99,76.6,5.16,174.3,IMD_NORMALS_SYNTHETIC
2004-10-01,8.542,31.06,62.8,2.81,160.4,IMD_NORMALS_SYNTHETIC
2004-10-02,5.648,24.46,62.1,8.86,184.0,IMD_NORMALS_SYNTHETIC
2004-10-03,18.567,26.36,65.0,8.04,194.5,IMD_NORMALS_SYNTHETIC
2004-10-04,0.0,25.72,59.6,11.33,184.4,IMD_NORMALS_SYNTHETIC
2004-10-05,0.0,28.32,64.7,7.28,190.1,IMD_NORMALS_SYNTHETIC
2004-10-06,8.631,25.87,59.5,5.64,182.8,IMD_NORMALS_SYNTHETIC
2004-10-07,0.0,30.18,57.0,8.13,176.4,IMD_NORMALS_SYNTHETIC
2004-10-08,0.0,30.07,67.7,8.91,165.7,IMD_NORMALS_SYNTHETIC
2004-10-09,0.0,26.37,64.1,8.09,194.2,IMD_NORMALS_SYNTHETIC
2004-10-10,0.0,28.59,71.5,9.35,195.5,IMD_NORMALS_SYNTHETIC
2004-10-11,0.0,28.57,65.9,11.25,212.4,IMD_NORMALS_SYNTHETIC
2004-10-12,0.0,26.38,55.7,14.18,187.9,IMD_NORMALS_SYNTHETIC
2004-10-13,0.0,25.83,71.2,6.03,182.5,IMD_NORMALS_SYNTHETIC
2004-10-14,72.555,26.94,60.3,4.9,209.2,IMD_NORMALS_SYNTHETIC
2004-10-15,0.0,27.26,71.8,10.42,198.4,IMD_NORMALS_SYNTHETIC
2004-10-16,0.537,26.23,57.7,5.38,175.6,IMD_NORMALS_SYNTHETIC
2004-10-17,34.41,29.56,65.5,9.05,188.5,IMD_NORMALS_SYNTHETIC
2004-10-18,0.0,27.34,65.1,8.3,191.8,IMD_NORMALS_SYNTHETIC
2004-10-19,0.0,25.92,56.5,7.02,193.5,IMD_NORMALS_SYNTHETIC
2004-10-20,0.0,28.95,63.0,7.27,139.8,IMD_NORMALS_SYNTHETIC
2004-10-21,0.0,30.79,72.1,4.86,150.5,IMD_NORMALS_SYNTHETIC
2004-10-22,0.0,25.58,67.8,3.22,189.4,IMD_NORMALS_SYNTHETIC
2004-10-23,0.0,25.57,63.3,5.54,167.2,IMD_NORMALS_SYNTHETIC
2004-10-24,0.0,26.08,60.7,7.84,180.1,IMD_NORMALS_SYNTHETIC
2004-10-25,0.0,31.37,71.6,2.17,180.0,IMD_NORMALS_SYNTHETIC
2004-10-26,6.254,27.86,60.6,4.41,162.2,IMD_NORMALS_SYNTHETIC
2004-10-27,0.0,25.68,59.5,7.38,141.9,IMD_NORMALS_SYNTHETIC
2004-10-28,0.0,28.13,69.7,4.49,151.9,IMD_NORMALS_SYNTHETIC
2004-10-29,0.0,29.91,72.4,11.77,165.3,IMD_NORMALS_SYNTHETIC
2004-10-30,12.7,27.72,67.7,6.11,186.5,IMD_NORMALS_SYNTHETIC
2004-10-31,0.0,30.22,70.0,7.61,182.9,IMD_NORMALS_SYNTHETIC
2004-11-01,10.51,25.15,53.4,13.96,153.5,IMD_NORMALS_SYNTHETIC
2004-11-02,0.0,28.71,56.6,3.13,174.0,IMD_NORMALS_SYNTHETIC
2004-11-03,0.0,25.7,67.4,9.59,188.4,IMD_NORMALS_SYNTHETIC
2004-11-04,0.0,25.49,67.7,12.4,176.2,IMD_NORMALS_SYNTHETIC
2004-11-05,0.0,27.17,53.6,7.18,176.4,IMD_NORMALS_SYNTHETIC
2004-11-06,0.0,24.65,62.7,9.05,128.4,IMD_NORMALS_SYNTHETIC
2004-11-07,0.0,27.58,56.9,12.38,157.0,IMD_NORMALS_SYNTHETIC
2004-11-08,0.0,28.61,58.3,7.55,166.7,IMD_NORMALS_SYNTHETIC
2004-11-09,0.0,25.3,62.1,8.78,146.8,IMD_NORMALS_SYNTHETIC
2004-11-10,0.0,26.14,62.4,14.47,169.9,IMD_NORMALS_SYNTHETIC
2004-11-11,0.0,25.07,52.9,6.16,174.6,IMD_NORMALS_SYNTHETIC
2004-11-12,5.202,25.12,58.8,9.21,145.6,IMD_NORMALS_SYNTHETIC
2004-11-13,0.0,27.13,54.1,4.68,166.3,IMD_NORMALS_SYNTHETIC
2004-11-14,0.0,26.24,57.3,7.64,202.7,IMD_NORMALS_SYNTHETIC
2004-11-15,0.0,25.66,54.5,2.15,173.2,IMD_NORMALS_SYNTHETIC
2004-11-16,8.408,25.84,56.1,4.24,174.1,IMD_NORMALS_SYNTHETIC
2004-11-17,0.0,27.76,49.8,4.8,205.1,IMD_NORMALS_SYNTHETIC
2004-11-18,0.0,27.19,63.3,4.69,146.0,IMD_NORMALS_SYNTHETIC
2004-11-19,0.0,28.43,59.1,9.19,181.3,IMD_NORMALS_SYNTHETIC
2004-11-20,0.0,22.03,53.1,1.98,169.7,IMD_NORMALS_SYNTHETIC
2004-11-21,0.0,23.47,62.3,2.02,148.7,IMD_NORMALS_SYNTHETIC
2004-11-22,0.0,25.84,54.6,12.19,177.7,IMD_NORMALS_SYNTHETIC
2004-11-23,0.0,25.13,55.0,1.01,147.0,IMD_NORMALS_SYNTHETIC
2004-11-24,0.0,28.15,55.0,11.57,169.9,IMD_NORMALS_SYNTHETIC
2004-11-25,0.0,26.06,59.0,11.58,135.7,IMD_NORMALS_SYNTHETIC
2004-11-26,0.0,23.35,61.5,7.85,187.0,IMD_NORMALS_SYNTHETIC
2004-11-27,0.0,24.38,53.7,7.15,159.6,IMD_NORMALS_SYNTHETIC
2004-11-28,0.0,28.47,61.7,8.27,151.5,IMD_NORMALS_SYNTHETIC
2004-11-29,0.0,27.76,60.4,14.36,188.8,IMD_NORMALS_SYNTHETIC
2004-11-30,0.0,24.36,58.4,2.27,161.1,IMD_NORMALS_SYNTHETIC
2004-12-01,0.0,18.86,55.3,7.4,144.5,IMD_NORMALS_SYNTHETIC
2004-12-02,0.0,27.3,46.8,1.06,154.4,IMD_NORMALS_SYNTHETIC
2004-12-03,0.0,21.79,66.5,4.0,155.8,IMD_NORMALS_SYNTHETIC
2004-12-04,0.0,24.13,51.6,11.3,143.9,IMD_NORMALS_SYNTHETIC
2004-12-05,0.0,23.91,53.4,6.28,167.2,IMD_NORMALS_SYNTHETIC
2004-12-06,0.0,24.35,57.7,2.01,155.7,IMD_NORMALS_SYNTHETIC
2004-12-07,0.0,20.81,48.5,11.2,141.1,IMD_NORMALS_SYNTHETIC
2004-12-08,0.0,26.0,65.5,4.45,112.1,IMD_NORMALS_SYNTHETIC
2004-12-09,0.0,25.27,49.8,9.72,133.6,IMD_NORMALS_SYNTHETIC
2004-12-10,0.0,25.92,52.9,6.77,151.2,IMD_NORMALS_SYNTHETIC
2004-12-11,0.0,22.88,51.8,7.86,144.7,IMD_NORMALS_SYNTHETIC
2004-12-12,0.0,23.65,55.3,4.97,160.3,IMD_NORMALS_SYNTHETIC
2004-12-13,0.379,25.28,56.8,11.08,164.0,IMD_NORMALS_SYNTHETIC
2004-12-14,0.0,21.76,49.4,10.09,160.9,IMD_NORMALS_SYNTHETIC
2004-12-15,0.0,25.43,60.1,2.33,147.5,IMD_NORMALS_SYNTHETIC
2004-12-16,0.0,24.73,50.7,9.05,145.4,IMD_NORMALS_SYNTHETIC
2004-12-17,0.0,24.88,55.5,11.52,143.5,IMD_NORMALS_SYNTHETIC
2004-12-18,0.0,20.18,51.6,5.89,116.2,IMD_NORMALS_SYNTHETIC
2004-12-19,0.0,22.64,69.0,7.69,173.6,IMD_NORMALS_SYNTHETIC
2004-12-20,0.0,22.23,56.0,7.65,175.2,IMD_NORMALS_SYNTHETIC
2004-12-21,0.0,25.21,54.1,7.87,181.9,IMD_NORMALS_SYNTHETIC
2004-12-22,0.0,22.53,56.0,10.99,166.8,IMD_NORMALS_SYNTHETIC
2004-12-23,0.0,21.22,58.7,9.1,174.7,IMD_NORMALS_SYNTHETIC
2004-12-24,0.0,23.58,54.3,4.9,135.9,IMD_NORMALS_SYNTHETIC
2004-12-25,0.0,20.73,53.4,7.25,169.7,IMD_NORMALS_SYNTHETIC
2004-12-26,0.0,24.36,54.8,3.33,136.0,IMD_NORMALS_SYNTHETIC
2004-12-27,0.0,24.88,58.7,9.54,156.0,IMD_NORMALS_SYNTHETIC
2004-12-28,0.0,20.67,62.0,10.57,185.9,IMD_NORMALS_SYNTHETIC
2004-12-29,0.0,21.49,52.2,11.98,130.4,IMD_NORMALS_SYNTHETIC
2004-12-30,0.0,23.0,55.9,4.14,153.0,IMD_NORMALS_SYNTHETIC
2004-12-31,0.0,24.24,46.8,10.43,163.4,IMD_NORMALS_SYNTHETIC
2005-01-01,0.0,22.4,51.4,10.23,154.0,IMD_NORMALS_SYNTHETIC
2005-01-02,0.0,24.29,54.0,4.24,138.9,IMD_NORMALS_SYNTHETIC
2005-01-03,0.0,25.92,50.9,9.88,180.0,IMD_NORMALS_SYNTHETIC
2005-01-04,0.0,25.92,55.2,5.21,180.7,IMD_NORMALS_SYNTHETIC
2005-01-05,0.0,26.82,55.1,13.09,197.2,IMD_NORMALS_SYNTHETIC
2005-01-06,0.0,23.54,49.7,5.38,146.5,IMD_NORMALS_SYNTHETIC
2005-01-07,8.394,23.24,47.2,6.32,138.5,IMD_NORMALS_SYNTHETIC
2005-01-08,0.0,25.84,44.2,11.31,159.9,IMD_NORMALS_SYNTHETIC
2005-01-09,0.0,20.58,53.1,10.29,141.5,IMD_NORMALS_SYNTHETIC
2005-01-10,0.294,24.08,42.4,4.83,148.1,IMD_NORMALS_SYNTHETIC
2005-01-11,0.0,25.69,53.1,4.78,167.3,IMD_NORMALS_SYNTHETIC
2005-01-12,0.0,21.98,65.1,5.44,152.4,IMD_NORMALS_SYNTHETIC
2005-01-13,0.0,23.23,45.5,10.39,200.1,IMD_NORMALS_SYNTHETIC
2005-01-14,0.0,25.17,55.1,10.7,175.1,IMD_NORMALS_SYNTHETIC
2005-01-15,0.0,23.76,60.5,8.86,189.2,IMD_NORMALS_SYNTHETIC
2005-01-16,0.0,27.15,56.0,10.27,166.2,IMD_NORMALS_SYNTHETIC
2005-01-17,0.0,18.59,51.4,7.92,148.2,IMD_NORMALS_SYNTHETIC
2005-01-18,0.0,23.57,41.1,11.23,149.0,IMD_NORMALS_SYNTHETIC
2005-01-19,0.0,25.83,50.9,11.8,161.1,IMD_NORMALS_SYNTHETIC
2005-01-20,0.0,23.83,42.2,9.14,149.9,IMD_NORMALS_SYNTHETIC
2005-01-21,0.0,24.52,49.7,8.57,147.4,IMD_NORMALS_SYNTHETIC
2005-01-22,0.0,24.97,49.8,7.45,116.0,IMD_NORMALS_SYNTHETIC
2005-01-23,0.0,25.15,56.9,10.06,168.9,IMD_NORMALS_SYNTHETIC
2005-01-24,0.0,22.74,51.6,4.11,155.0,IMD_NORMALS_SYNTHETIC
2005-01-25,0.0,25.16,52.9,7.02,163.2,IMD_NORMALS_SYNTHETIC
2005-01-26,0.0,24.7,41.1,4.7,167.3,IMD_NORMALS_SYNTHETIC
2005-01-27,0.0,21.67,55.0,7.41,181.5,IMD_NORMALS_SYNTHETIC
2005-01-28,0.0,24.99,53.4,8.77,145.0,IMD_NORMALS_SYNTHETIC
2005-01-29,0.0,24.67,56.5,11.19,163.3,IMD_NORMALS_SYNTHETIC
2005-01-30,0.0,21.07,45.2,10.9,152.2,IMD_NORMALS_SYNTHETIC
2005-01-31,0.0,24.15,54.5,9.08,190.6,IMD_NORMALS_SYNTHETIC
2005-02-01,0.0,29.2,44.9,9.66,189.7,IMD_NORMALS_SYNTHETIC
2005-02-02,10.76,24.33,40.4,7.86,176.4,IMD_NORMALS_SYNTHETIC
2005-02-03,0.0,29.82,39.9,11.91,191.1,IMD_NORMALS_SYNTHETIC
2005-02-04,0.0,26.52,41.8,10.31,153.9,IMD_NORMALS_SYNTHETIC
2005-02-05,0.0,27.06,36.2,12.41,171.4,IMD_NORMALS_SYNTHETIC
2005-02-06,0.0,28.46,35.8,4.9,205.1,IMD_NORMALS_SYNTHETIC
2005-02-07,0.0,26.96,40.1,5.42,201.5,IMD_NORMALS_SYNTHETIC
2005-02-08,0.0,28.63,42.2,10.47,178.6,IMD_NORMALS_SYNTHETIC
2005-02-09,0.0,26.85,35.4,7.14,226.7,IMD_NORMALS_SYNTHETIC
2005-02-10,0.0,28.81,49.9,7.42,187.6,IMD_NORMALS_SYNTHETIC
2005-02-11,0.0,28.77,43.1,5.66,214.9,IMD_NORMALS_SYNTHETIC
2005-02-12,0.0,26.81,45.6,5.87,176.7,IMD_NORMALS_SYNTHETIC
2005-02-13,0.0,29.44,37.7,12.45,162.5,IMD_NORMALS_SYNTHETIC
2005-02-14,7.179,22.24,44.3,14.46,142.9,IMD_NORMALS_SYNTHETIC
2005-02-15,0.0,27.59,38.6,10.11,185.1,IMD_NORMALS_SYNTHETIC
2005-02-16,0.0,28.93,52.5,2.37,201.6,IMD_NORMALS_SYNTHETIC
2005-02-17,0.0,26.5,47.7,5.04,197.0,IMD_NORMALS_SYNTHETIC
2005-02-18,0.0,29.46,40.2,10.68,184.1,IMD_NORMALS_SYNTHETIC
2005-02-19,0.0,29.78,48.8,5.6,170.3,IMD_NORMALS_SYNTHETIC
2005-02-20,0.0,25.64,53.9,5.22,206.5,IMD_NORMALS_SYNTHETIC
2005-02-21,0.0,27.77,46.5,6.6,195.0,IMD_NORMALS_SYNTHETIC
2005-02-22,0.0,26.79,38.9,3.9,187.7,IMD_NORMALS_SYNTHETIC
2005-02-23,0.0,25.4,45.4,11.49,149.0,IMD_NORMALS_SYNTHETIC
2005-02-24,1.84,28.3,38.7,8.64,182.1,IMD_NORMALS_SYNTHETIC
2005-02-25,4.644,28.22,40.5,1.72,189.3,IMD_NORMALS_SYNTHETIC
2005-02-26,0.0,27.04,45.5,10.07,179.2,IMD_NORMALS_SYNTHETIC
2005-02-27,0.0,26.82,47.2,6.32,221.3,IMD_NORMALS_SYNTHETIC
2005-02-28,0.0,25.97,43.3,7.52,176.2,IMD_NORMALS_SYNTHETIC
2005-03-01,0.0,29.4,32.3,3.34,229.7,IMD_NORMALS_SYNTHETIC
2005-03-02,0.0,30.69,41.2,8.54,201.4,IMD_NORMALS_SYNTHETIC
2005-03-03,0.0,30.19,43.5,7.42,206.4,IMD_NORMALS_SYNTHETIC
2005-03-04,0.0,30.17,45.8,5.37,182.6,IMD_NORMALS_SYNTHETIC
2005-03-05,0.0,30.62,42.1,7.86,165.7,IMD_NORMALS_SYNTHETIC
2005-03-06,0.0,34.15,41.7,13.54,191.8,IMD_NORMALS_SYNTHETIC
2005-03-07,0.0,28.3,37.2,4.57,188.8,IMD_NORMALS_SYNTHETIC
2005-03-08,0.0,32.17,51.3,8.95,197.6,IMD_NORMALS_SYNTHETIC
2005-03-09,0.0,32.98,43.1,8.22,222.8,IMD_NORMALS_SYNTHETIC
2005-03-10,0.0,30.4,42.3,4.58,188.3,IMD_NORMALS_SYNTHETIC
2005-03-11,0.0,29.59,41.3,2.83,200.8,IMD_NORMALS_SYNTHETIC
2005-03-12,2.315,30.49,37.6,13.58,175.4,IMD_NORMALS_SYNTHETIC
2005-03-13,0.0,32.45,35.6,10.24,173.6,IMD_NORMALS_SYNTHETIC
2005-03-14,0.0,31.67,40.9,4.15,185.7,IMD_NORMALS_SYNTHETIC
2005-03-15,0.0,29.51,40.1,1.89,189.5,IMD_NORMALS_SYNTHETIC
2005-03-16,0.0,30.56,34.1,5.62,186.5,IMD_NORMALS_SYNTHETIC
2005-03-17,0.0,31.31,33.3,5.35,217.5,IMD_NORMALS_SYNTHETIC
2005-03-18,0.0,29.96,33.5,7.17,194.1,IMD_NORMALS_SYNTHETIC
2005-03-19,0.0,28.91,33.5,5.11,185.6,IMD_NORMALS_SYNTHETIC
2005-03-20,0.0,28.91,34.5,4.5,203.1,IMD_NORMALS_SYNTHETIC
2005-03-21,3.572,28.14,41.6,9.88,242.0,IMD_NORMALS_SYNTHETIC
2005-03-22,0.0,29.1,44.2,5.64,206.7,IMD_NORMALS_SYNTHETIC
2005-03-23,0.0,32.18,31.3,3.85,174.0,IMD_NORMALS_SYNTHETIC
2005-03-24,0.0,28.01,39.8,9.43,213.4,IMD_NORMALS_SYNTHETIC
2005-03-25,0.0,30.63,38.0,8.63,183.7,IMD_NORMALS_SYNTHETIC
2005-03-26,0.0,29.06,38.5,6.47,179.2,IMD_NORMALS_SYNTHETIC
2005-03-27,0.0,32.23,44.2,9.86,185.4,IMD_NORMALS_SYNTHETIC
2005-03-28,0.0,31.73,43.7,8.4,222.2,IMD_NORMALS_SYNTHETIC
2005-03-29,0.0,28.68,35.6,10.29,249.9,IMD_NORMALS_SYNTHETIC
2005-03-30,0.0,31.32,45.4,8.23,220.5,IMD_NORMALS_SYNTHETIC
2005-03-31,0.0,28.39,41.0,6.82,205.5,IMD_NORMALS_SYNTHETIC
2005-04-01,0.451,33.81,28.7,5.25,184.1,IMD_NORMALS_SYNTHETIC
2005-04-02,0.0,32.74,35.3,9.58,202.2,IMD_NORMALS_SYNTHETIC
2005-04-03,0.0,34.89,38.0,9.78,246.2,IMD_NORMALS_SYNTHETIC
2005-04-04,0.0,33.88,27.9,7.39,208.9,IMD_NORMALS_SYNTHETIC
2005-04-05,0.0,37.66,37.2,7.8,221.1,IMD_NORMALS_SYNTHETIC
2005-04-06,0.0,32.14,31.8,5.3,194.5,IMD_NORMALS_SYNTHETIC
2005-04-07,0.0,33.52,29.8,11.65,208.3,IMD_NORMALS_SYNTHETIC
2005-04-08,0.0,32.08,43.2,9.57,219.2,IMD_NORMALS_SYNTHETIC
2005-04-09,0.0,28.39,36.7,11.59,210.0,IMD_NORMALS_SYNTHETIC
2005-04-10,0.168,32.59,44.3,9.35,197.8,IMD_NORMALS_SYNTHETIC
2005-04-11,0.0,35.61,38.9,7.23,187.9,IMD_NORMALS_SYNTHETIC
2005-04-12,0.0,33.46,38.7,5.43,194.2,IMD_NORMALS_SYNTHETIC
2005-04-13,0.0,36.49,45.5,7.47,186.0,IMD_NORMALS_SYNTHETIC
2005-04-14,0.0,32.99,34.7,12.33,207.0,IMD_NORMALS_SYNTHETIC
2005-04-15,0.0,33.43,41.7,6.01,185.0,IMD_NORMALS_SYNTHETIC
2005-04-16,0.0,33.74,41.2,10.78,255.3,IMD_NORMALS_SYNTHETIC
2005-04-17,0.0,31.76,32.1,10.26,202.3,IMD_NORMALS_SYNTHETIC
2005-04-18,0.0,33.8,44.0,6.35,197.8,IMD_NORMALS_SYNTHETIC
2005-04-19,0.0,37.66,44.2,6.65,213.7,IMD_NORMALS_SYNTHETIC
2005-04-20,0.0,37.47,26.3,13.97,189.3,IMD_NORMALS_SYNTHETIC
2005-04-21,0.0,33.67,37.7,10.03,210.4,IMD_NORMALS_SYNTHETIC
2005-04-22,0.0,35.19,45.7,1.88,230.5,IMD_NORMALS_SYNTHETIC
2005-04-23,0.0,34.16,38.3,11.99,211.8,IMD_NORMALS_SYNTHETIC
2005-04-24,0.0,35.4,40.3,0.5,185.8,IMD_NORMALS_SYNTHETIC
2005-04-25,0.0,34.63,35.7,9.11,202.7,IMD_NORMALS_SYNTHETIC
2005-04-26,0.035,33.75,42.2,10.94,231.0,IMD_NORMALS_SYNTHETIC
2005-04-27,0.0,32.07,41.4,9.37,193.2,IMD_NORMALS_SYNTHETIC
2005-04-28,0.0,34.68,33.9,6.85,219.7,IMD_NORMALS_SYNTHETIC
2005-04-29,0.0,33.41,29.1,16.19,257.0,IMD_NORMALS_SYNTHETIC
2005-04-30,0.0,34.65,36.2,6.63,202.4,IMD_NORMALS_SYNTHETIC
2005-05-01,0.0,34.93,42.0,9.6,225.6,IMD_NORMALS_SYNTHETIC
2005-05-02,7.954,34.27,37.0,0.88,212.9,IMD_NORMALS_SYNTHETIC
2005-05-03,0.0,36.5,47.6,4.72,230.8,IMD_NORMALS_SYNTHETIC
2005-05-04,0.0,34.43,43.6,12.11,251.1,IMD_NORMALS_SYNTHETIC
2005-05-05,0.93,36.73,41.9,4.84,226.9,IMD_NORMALS_SYNTHETIC
2005-05-06,0.0,35.46,36.3,9.57,221.6,IMD_NORMALS_SYNTHETIC
2005-05-07,0.0,36.08,42.3,8.61,211.7,IMD_NORMALS_SYNTHETIC
2005-05-08,0.0,34.51,37.7,10.06,246.8,IMD_NORMALS_SYNTHETIC
2005-05-09,0.0,35.84,40.8,5.75,239.2,IMD_NORMALS_SYNTHETIC
2005-05-10,0.0,35.9,41.3,5.06,221.4,IMD_NORMALS_SYNTHETIC
2005-05-11,0.0,34.68,45.9,4.59,247.6,IMD_NORMALS_SYNTHETIC
2005-05-12,0.0,34.51,36.7,6.93,228.5,IMD_NORMALS_SYNTHETIC
2005-05-13,0.0,35.5,40.5,5.67,218.2,IMD_NORMALS_SYNTHETIC
2005-05-14,0.0,37.26,44.5,11.82,229.5,IMD_NORMALS_SYNTHETIC
2005-05-15,0.0,34.04,50.2,6.72,224.2,IMD_NORMALS_SYNTHETIC
2005-05-16,0.0,35.05,33.7,7.34,230.6,IMD_NORMALS_SYNTHETIC
2005-05-17,0.0,34.93,47.9,2.91,230.4,IMD_NORMALS_SYNTHETIC
2005-05-18,0.0,34.56,32.6,8.54,262.9,IMD_NORMALS_SYNTHETIC
2005-05-19,0.0,32.4,34.1,7.36,234.7,IMD_NORMALS_SYNTHETIC
2005-05-20,0.0,32.19,38.9,7.51,228.1,IMD_NORMALS_SYNTHETIC
2005-05-21,0.0,36.11,37.1,5.62,205.3,IMD_NORMALS_SYNTHETIC
2005-05-22,3.652,33.46,44.9,8.56,202.0,IMD_NORMALS_SYNTHETIC
2005-05-23,0.0,33.05,46.9,7.51,229.5,IMD_NORMALS_SYNTHETIC
2005-05-24,0.0,33.13,45.3,10.62,217.8,IMD_NORMALS_SYNTHETIC
2005-05-25,13.438,32.93,44.4,8.72,235.4,IMD_NORMALS_SYNTHETIC
2005-05-26,0.0,36.79,38.8,10.22,179.5,IMD_NORMALS_SYNTHETIC
2005-05-27,0.0,37.69,52.3,9.34,245.6,IMD_NORMALS_SYNTHETIC
2005-05-28,0.0,35.21,43.4,8.1,186.5,IMD_NORMALS_SYNTHETIC
2005-05-29,0.0,37.41,54.8,8.97,201.6,IMD_NORMALS_SYNTHETIC
2005-05-30,0.0,33.43,51.7,5.21,207.9,IMD_NORMALS_SYNTHETIC
2005-05-31,0.0,35.95,48.5,2.5,230.1,IMD_NORMALS_SYNTHETIC
2005-06-01,0.0,30.6,68.1,9.58,235.5,IMD_NORMALS_SYNTHETIC
2005-06-02,0.0,30.16,58.5,11.69,250.5,IMD_NORMALS_SYNTHETIC
2005-06-03,9.677,30.59,66.2,10.92,243.6,IMD_NORMALS_SYNTHETIC
2005-06-04,0.0,32.64,63.2,9.67,227.8,IMD_NORMALS_SYNTHETIC
2005-06-05,0.0,34.44,59.1,8.27,217.5,IMD_NORMALS_SYNTHETIC
2005-06-06,0.0,31.48,70.8,2.4,231.2,IMD_NORMALS_SYNTHETIC
2005-06-07,0.0,35.36,62.4,7.98,240.2,IMD_NORMALS_SYNTHETIC
2005-06-08,8.25,30.53,59.2,7.32,262.6,IMD_NORMALS_SYNTHETIC
2005-06-09,0.0,31.97,62.8,7.64,257.7,IMD_NORMALS_SYNTHETIC
2005-06-10,1.185,32.51,73.0,13.38,268.7,IMD_NORMALS_SYNTHETIC
2005-06-11,26.285,31.96,57.4,8.25,236.5,IMD_NORMALS_SYNTHETIC
2005-06-12,2.713,31.33,67.6,8.54,254.4,IMD_NORMALS_SYNTHETIC
2005-06-13,12.489,33.34,64.3,11.33,245.3,IMD_NORMALS_SYNTHETIC
2005-06-14,4.832,35.5,60.2,11.36,238.3,IMD_NORMALS_SYNTHETIC
2005-06-15,0.0,30.68,68.0,8.27,219.7,IMD_NORMALS_SYNTHETIC
2005-06-16,0.0,29.71,63.0,0.87,219.3,IMD_NORMALS_SYNTHETIC
2005-06-17,1.657,31.42,65.5,4.66,244.8,IMD_NORMALS_SYNTHETIC
2005-06-18,0.0,34.72,75.1,9.01,238.9,IMD_NORMALS_SYNTHETIC
2005-06-19,0.0,34.77,61.1,8.46,244.9,IMD_NORMALS_SYNTHETIC
2005-06-20,0.0,32.17,58.6,6.02,245.9,IMD_NORMALS_SYNTHETIC
2005-06-21,0.0,32.86,66.3,4.04,243.5,IMD_NORMALS_SYNTHETIC
2005-06-22,0.0,33.51,58.6,5.94,279.5,IMD_NORMALS_SYNTHETIC
2005-06-23,0.0,29.58,66.3,5.52,259.1,IMD_NORMALS_SYNTHETIC
2005-06-24,0.0,33.29,63.1,6.59,238.1,IMD_NORMALS_SYNTHETIC
2005-06-25,20.162,33.67,63.2,2.59,266.3,IMD_NORMALS_SYNTHETIC
2005-06-26,0.0,31.54,72.0,7.47,254.0,IMD_NORMALS_SYNTHETIC
2005-06-27,12.953,27.86,61.3,12.49,270.3,IMD_NORMALS_SYNTHETIC
2005-06-28,0.0,32.14,62.1,3.89,230.7,IMD_NORMALS_SYNTHETIC
2005-06-29,0.0,31.21,61.4,6.68,221.7,IMD_NORMALS_SYNTHETIC
2005-06-30,0.0,31.37,60.3,7.83,259.4,IMD_NORMALS_SYNTHETIC
2005-07-01,0.0,27.03,68.5,2.03,211.6,IMD_NORMALS_SYNTHETIC
2005-07-02,7.074,30.24,65.0,10.49,221.4,IMD_NORMALS_SYNTHETIC
2005-07-03,0.0,28.66,71.1,7.26,239.8,IMD_NORMALS_SYNTHETIC
2005-07-04,0.0,29.09,76.8,5.89,224.1,IMD_NORMALS_SYNTHETIC
2005-07-05,17.78,29.9,75.5,2.18,214.8,IMD_NORMALS_SYNTHETIC
2005-07-06,0.0,27.6,70.4,7.92,239.4,IMD_NORMALS_SYNTHETIC
2005-07-07,0.934,29.38,73.6,6.13,196.2,IMD_NORMALS_SYNTHETIC
2005-07-08,0.0,27.75,77.5,4.21,242.7,IMD_NORMALS_SYNTHETIC
2005-07-09,0.0,30.06,67.8,11.92,233.1,IMD_NORMALS_SYNTHETIC
2005-07-10,0.0,29.99,73.9,1.06,213.4,IMD_NORMALS_SYNTHETIC
2005-07-11,0.722,27.29,71.5,11.99,198.7,IMD_NORMALS_SYNTHETIC
2005-07-12,1.912,28.11,73.0,11.11,211.4,IMD_NORMALS_SYNTHETIC
2005-07-13,3.163,31.88,63.5,9.46,213.2,IMD_NORMALS_SYNTHETIC
2005-07-14,9.564,27.87,73.5,11.03,233.1,IMD_NORMALS_SYNTHETIC
2005-07-15,2.65,28.14,80.2,7.96,235.8,IMD_NORMALS_SYNTHETIC
2005-07-16,9.436,30.66,79.0,11.14,244.2,IMD_NORMALS_SYNTHETIC
2005-07-17,0.0,28.34,78.7,8.7,215.3,IMD_NORMALS_SYNTHETIC
2005-07-18,9.041,30.55,75.9,7.34,230.8,IMD_NORMALS_SYNTHETIC
2005-07-19,12.033,31.69,71.8,6.46,220.8,IMD_NORMALS_SYNTHETIC
2005-07-20,0.0,25.97,67.9,8.13,220.5,IMD_NORMALS_SYNTHETIC
2005-07-21,0.0,28.11,75.8,6.75,224.2,IMD_NORMALS_SYNTHETIC
2005-07-22,25.951,27.33,74.0,10.67,261.5,IMD_NORMALS_SYNTHETIC
2005-07-23,1.477,29.19,75.7,8.73,241.4,IMD_NORMALS_SYNTHETIC
2005-07-24,0.901,32.04,73.8,9.19,215.6,IMD_NORMALS_SYNTHETIC
2005-07-25,1.331,27.88,77.0,2.11,244.9,IMD_NORMALS_SYNTHETIC
2005-07-26,0.0,29.85,72.2,11.29,218.3,IMD_NORMALS_SYNTHETIC
2005-07-27,0.0,29.39,78.9,4.11,225.3,IMD_NORMALS_SYNTHETIC
2005-07-28,0.0,29.08,77.1,7.3,219.8,IMD_NORMALS_SYNTHETIC
2005-07-29,4.296,29.78,67.6,10.56,242.2,IMD_NORMALS_SYNTHETIC
2005-07-30,0.0,27.19,73.9,3.44,244.6,IMD_NORMALS_SYNTHETIC
2005-07-31,4.474,30.25,67.2,9.88,221.1,IMD_NORMALS_SYNTHETIC
2005-08-01,0.0,30.38,69.4,4.65,207.3,IMD_NORMALS_SYNTHETIC
2005-08-02,0.0,29.27,76.0,6.45,184.6,IMD_NORMALS_SYNTHETIC
2005-08-03,0.0,28.3,70.0,4.53,188.7,IMD_NORMALS_SYNTHETIC
2005-08-04,0.0,29.09,77.2,5.95,195.3,IMD_NORMALS_SYNTHETIC
2005-08-05,0.0,32.3,75.2,14.79,212.3,IMD_NORMALS_SYNTHETIC
2005-08-06,0.0,28.3,75.2,9.77,227.2,IMD_NORMALS_SYNTHETIC
2005-08-07,0.887,27.94,80.1,11.94,221.8,IMD_NORMALS_SYNTHETIC
2005-08-08,0.0,29.26,73.9,11.87,232.1,IMD_NORMALS_SYNTHETIC
2005-08-09,0.0,33.51,76.2,8.29,214.8,IMD_NORMALS_SYNTHETIC
2005-08-10,0.0,29.19,75.3,4.0,250.4,IMD_NORMALS_SYNTHETIC
2005-08-11,0.0,27.82,73.9,6.15,208.2,IMD_NORMALS_SYNTHETIC
2005-08-12,28.993,29.28,77.0,8.96,188.0,IMD_NORMALS_SYNTHETIC
2005-08-13,0.0,28.01,72.4,14.44,243.8,IMD_NORMALS_SYNTHETIC
2005-08-14,0.0,30.34,71.9,10.29,189.5,IMD_NORMALS_SYNTHETIC
2005-08-15,0.0,25.17,72.8,6.56,185.0,IMD_NORMALS_SYNTHETIC
2005-08-16,0.0,25.24,70.2,2.61,209.3,IMD_NORMALS_SYNTHETIC
2005-08-17,18.598,30.19,82.6,12.03,261.7,IMD_NORMALS_SYNTHETIC
2005-08-18,3.377,29.61,64.1,9.42,189.8,IMD_NORMALS_SYNTHETIC
2005-08-19,28.622,29.8,79.2,11.27,180.8,IMD_NORMALS_SYNTHETIC
2005-08-20,13.968,28.96,65.8,8.5,230.0,IMD_NORMALS_SYNTHETIC
2005-08-21,14.236,27.95,78.0,6.28,217.8,IMD_NORMALS_SYNTHETIC
2005-08-22,0.0,28.09,80.0,8.92,214.0,IMD_NORMALS_SYNTHETIC
2005-08-23,0.0,26.36,70.8,3.95,224.7,IMD_NORMALS_SYNTHETIC
2005-08-24,5.34,31.65,75.2,5.36,204.0,IMD_NORMALS_SYNTHETIC
2005-08-25,10.964,26.0,78.1,6.35,183.9,IMD_NORMALS_SYNTHETIC
2005-08-26,0.0,27.81,87.1,11.74,196.6,IMD_NORMALS_SYNTHETIC
2005-08-27,0.0,28.38,83.3,10.03,191.2,IMD_NORMALS_SYNTHETIC
2005-08-28,0.0,26.11,69.4,5.98,184.7,IMD_NORMALS_SYNTHETIC
2005-08-29,7.785,28.34,69.9,12.84,206.4,IMD_NORMALS_SYNTHETIC
2005-08-30,0.0,27.97,69.1,5.16,194.8,IMD_NORMALS_SYNTHETIC
2005-08-31,0.0,30.53,68.4,8.94,192.8,IMD_NORMALS_SYNTHETIC
2005-09-01,17.071,29.1,72.2,8.66,185.3,IMD_NORMALS_SYNTHETIC
2005-09-02,0.005,25.26,78.1,11.63,214.3,IMD_NORMALS_SYNTHETIC
2005-09-03,67.191,28.18,78.0,6.53,164.2,IMD_NORMALS_SYNTHETIC
2005-09-04,0.0,26.97,68.1,17.05,200.1,IMD_NORMALS_SYNTHETIC
2005-09-05,4.39,26.47,68.5,5.83,239.7,IMD_NORMALS_SYNTHETIC
2005-09-06,38.434,25.63,68.2,11.59,207.4,IMD_NORMALS_SYNTHETIC
2005-09-07,0.0,30.98,78.9,9.83,189.3,IMD_NORMALS_SYNTHETIC
2005-09-08,0.0,27.34,81.5,12.64,189.0,IMD_NORMALS_SYNTHETIC
2005-09-09,0.0,27.8,73.0,8.43,206.7,IMD_NORMALS_SYNTHETIC
2005-09-10,0.0,29.02,68.0,8.21,209.8,IMD_NORMALS_SYNTHETIC
2005-09-11,0.0,27.74,68.5,5.1,179.3,IMD_NORMALS_SYNTHETIC
2005-09-12,0.0,29.11,69.9,9.8,199.6,IMD_NORMALS_SYNTHETIC
2005-09-13,1.245,29.0,72.4,4.72,195.2,IMD_NORMALS_SYNTHETIC
2005-09-14,0.0,31.06,73.7,10.58,207.7,IMD_NORMALS_SYNTHETIC
2005-09-15,5.953,25.39,73.1,7.64,211.8,IMD_NORMALS_SYNTHETIC
2005-09-16,0.0,27.96,80.6,10.75,229.0,IMD_NORMALS_SYNTHETIC
2005-09-17,6.244,29.09,70.7,17.78,166.8,IMD_NORMALS_SYNTHETIC
2005-09-18,12.12,30.35,79.3,8.6,187.8,IMD_NORMALS_SYNTHETIC
2005-09-19,0.0,29.69,80.2,7.53,152.9,IMD_NORMALS_SYNTHETIC
2005-09-20,0.0,29.41,76.2,15.23,188.8,IMD_NORMALS_SYNTHETIC
2005-09-21,0.0,25.1,69.1,10.43,227.0,IMD_NORMALS_SYNTHETIC
2005-09-22,6.066,25.19,83.5,6.2,194.4,IMD_NORMALS_SYNTHETIC
2005-09-23,0.891,31.25,73.3,6.64,171.3,IMD_NORMALS_SYNTHETIC
2005-09-24,0.0,27.93,77.0,13.25,223.6,IMD_NORMALS_SYNTHETIC
2005-09-25,0.0,28.16,75.9,9.39,164.0,IMD_NORMALS_SYNTHETIC
2005-09-26,0.0,29.12,73.3,3.41,172.5,IMD_NORMALS_SYNTHETIC
2005-09-27,0.0,30.72,69.9,7.03,202.9,IMD_NORMALS_SYNTHETIC
2005-09-28,0.0,31.34,73.5,9.1,205.3,IMD_NORMALS_SYNTHETIC
2005-09-29,0.0,27.83,69.0,7.24,186.4,IMD_NORMALS_SYNTHETIC
2005-09-30,0.0,24.94,65.2,5.71,200.2,IMD_NORMALS_SYNTHETIC
2005-10-01,0.0,29.28,71.8,10.91,200.6,IMD_NORMALS_SYNTHETIC
2005-10-02,0.0,27.4,70.6,8.6,184.1,IMD_NORMALS_SYNTHETIC
2005-10-03,0.0,29.66,59.1,8.37,181.3,IMD_NORMALS_SYNTHETIC
2005-10-04,0.0,27.86,68.7,5.96,204.2,IMD_NORMALS_SYNTHETIC
2005-10-05,0.0,28.72,64.1,8.3,192.8,IMD_NORMALS_SYNTHETIC
2005-10-06,0.0,25.85,68.7,8.55,200.2,IMD_NORMALS_SYNTHETIC
2005-10-07,0.0,28.45,63.1,7.77,181.2,IMD_NORMALS_SYNTHETIC
2005-10-08,0.0,27.7,69.0,6.8,188.5,IMD_NORMALS_SYNTHETIC
2005-10-09,0.0,25.97,73.3,4.14,203.6,IMD_NORMALS_SYNTHETIC
2005-10-10,0.0,30.63,67.1,7.22,182.9,IMD_NORMALS_SYNTHETIC
2005-10-11,0.0,30.33,63.9,4.4,162.4,IMD_NORMALS_SYNTHETIC
2005-10-12,0.0,29.67,71.2,9.03,156.3,IMD_NORMALS_SYNTHETIC
2005-10-13,0.0,27.85,63.8,7.17,189.1,IMD_NORMALS_SYNTHETIC
2005-10-14,0.0,26.98,74.1,12.79,156.2,IMD_NORMALS_SYNTHETIC
2005-10-15,0.0,30.06,68.9,9.78,169.6,IMD_NORMALS_SYNTHETIC
2005-10-16,0.0,29.13,58.6,9.11,203.6,IMD_NORMALS_SYNTHETIC
2005-10-17,0.0,28.3,77.4,8.9,152.1,IMD_NORMALS_SYNTHETIC
2005-10-18,6.096,28.53,65.9,10.33,205.8,IMD_NORMALS_SYNTHETIC
2005-10-19,26.669,29.89,64.4,3.59,166.6,IMD_NORMALS_SYNTHETIC
2005-10-20,0.0,26.22,56.9,6.9,210.2,IMD_NORMALS_SYNTHETIC
2005-10-21,0.0,28.79,71.3,9.34,174.3,IMD_NORMALS_SYNTHETIC
2005-10-22,0.0,27.36,65.2,5.35,183.1,IMD_NORMALS_SYNTHETIC
2005-10-23,0.0,25.89,62.6,6.96,217.6,IMD_NORMALS_SYNTHETIC
2005-10-24,0.0,28.77,65.8,9.98,153.1,IMD_NORMALS_SYNTHETIC
2005-10-25,6.762,28.2,61.5,10.78,176.3,IMD_NORMALS_SYNTHETIC
2005-10-26,0.0,28.26,60.8,10.98,155.1,IMD_NORMALS_SYNTHETIC
2005-10-27,0.0,31.44,76.9,3.26,180.8,IMD_NORMALS_SYNTHETIC
2005-10-28,0.0,28.71,60.1,11.91,212.0,IMD_NORMALS_SYNTHETIC
2005-10-29,16.282,26.7,61.6,8.8,186.9,IMD_NORMALS_SYNTHETIC
2005-10-30,0.0,26.31,68.0,6.44,153.8,IMD_NORMALS_SYNTHETIC
2005-10-31,0.0,26.51,67.5,4.82,152.0,IMD_NORMALS_SYNTHETIC
2005-11-01,0.0,28.04,61.6,4.3,167.3,IMD_NORMALS_SYNTHETIC
2005-11-02,0.0,27.34,56.4,8.0,169.3,IMD_NORMALS_SYNTHETIC
2005-11-03,18.924,23.19,57.9,11.47,168.6,IMD_NORMALS_SYNTHETIC
2005-11-04,0.0,24.2,64.8,9.69,181.7,IMD_NORMALS_SYNTHETIC
2005-11-05,2.904,26.42,53.6,3.78,182.5,IMD_NORMALS_SYNTHETIC
2005-11-06,0.0,25.31,58.5,0.06,153.2,IMD_NORMALS_SYNTHETIC
2005-11-07,0.0,25.79,53.5,6.65,134.7,IMD_NORMALS_SYNTHETIC
2005-11-08,0.0,23.22,61.7,6.71,134.1,IMD_NORMALS_SYNTHETIC
2005-11-09,0.0,22.83,50.5,6.69,188.3,IMD_NORMALS_SYNTHETIC
2005-11-10,0.0,23.5,51.7,7.26,129.9,IMD_NORMALS_SYNTHETIC
2005-11-11,0.0,25.62,50.4,7.13,144.6,IMD_NORMALS_SYNTHETIC
2005-11-12,0.0,25.39,65.4,10.87,164.0,IMD_NORMALS_SYNTHETIC
2005-11-13,0.0,25.33,61.0,0.83,151.1,IMD_NORMALS_SYNTHETIC
2005-11-14,0.0,25.01,61.3,1.46,125.4,IMD_NORMALS_SYNTHETIC
2005-11-15,0.0,26.8,54.6,5.38,145.7,IMD_NORMALS_SYNTHETIC
2005-11-16,0.0,26.37,60.8,9.37,169.4,IMD_NORMALS_SYNTHETIC
2005-11-17,0.0,23.82,53.6,9.31,184.4,IMD_NORMALS_SYNTHETIC
2005-11-18,0.0,26.48,58.5,12.73,175.4,IMD_NORMALS_SYNTHETIC
2005-11-19,0.0,29.28,60.0,2.96,189.7,IMD_NORMALS_SYNTHETIC
2005-11-20,0.0,24.6,62.8,7.6,139.1,IMD_NORMALS_SYNTHETIC
2005-11-21,7.697,23.96,56.4,6.1,125.8,IMD_NORMALS_SYNTHETIC
2005-11-22,0.0,24.95,58.1,5.45,137.4,IMD_NORMALS_SYNTHETIC
2005-11-23,0.0,25.66,58.8,11.99,177.3,IMD_NORMALS_SYNTHETIC
2005-11-24,0.0,27.13,60.5,12.71,190.6,IMD_NORMALS_SYNTHETIC
2005-11-25,0.0,27.13,62.2,7.8,155.2,IMD_NORMALS_SYNTHETIC
2005-11-26,0.0,26.57,58.7,11.41,145.6,IMD_NORMALS_SYNTHETIC
2005-11-27,0.0,22.88,59.7,5.9,172.4,IMD_NORMALS_SYNTHETIC
2005-11-28,0.0,25.66,54.7,5.44,170.8,IMD_NORMALS_SYNTHETIC
2005-11-29,17.267,26.72,56.3,10.67,165.3,IMD_NORMALS_SYNTHETIC
2005-11-30,0.0,29.48,60.4,9.06,187.0,IMD_NORMALS_SYNTHETIC
2005-12-01,0.0,26.24,58.8,11.95,128.8,IMD_NORMALS_SYNTHETIC
2005-12-02,0.0,23.07,53.3,11.12,159.8,IMD_NORMALS_SYNTHETIC
2005-12-03,0.0,24.58,50.0,11.12,141.1,IMD_NORMALS_SYNTHETIC
2005-12-04,0.0,22.91,54.9,5.43,167.7,IMD_NORMALS_SYNTHETIC
2005-12-05,0.0,22.64,57.8,11.53,144.8,IMD_NORMALS_SYNTHETIC
2005-12-06,0.0,24.55,50.0,6.57,153.9,IMD_NORMALS_SYNTHETIC
2005-12-07,0.0,23.24,53.1,3.27,167.0,IMD_NORMALS_SYNTHETIC
2005-12-08,0.0,22.59,44.4,3.86,157.4,IMD_NORMALS_SYNTHETIC
2005-12-09,0.0,29.41,63.4,8.56,108.6,IMD_NORMALS_SYNTHETIC
2005-12-10,0.0,24.71,58.4,5.79,135.6,IMD_NORMALS_SYNTHETIC
2005-12-11,0.0,24.24,60.8,8.22,142.4,IMD_NORMALS_SYNTHETIC
2005-12-12,0.0,22.25,61.4,8.3,152.1,IMD_NORMALS_SYNTHETIC
2005-12-13,0.0,26.27,51.2,8.23,154.1,IMD_NORMALS_SYNTHETIC
2005-12-14,0.0,25.99,60.0,11.07,163.6,IMD_NORMALS_SYNTHETIC
2005-12-15,0.0,23.6,53.0,7.62,156.4,IMD_NORMALS_SYNTHETIC
2005-12-16,0.0,23.77,47.1,7.48,139.5,IMD_NORMALS_SYNTHETIC
2005-12-17,0.0,27.17,53.4,7.5,144.9,IMD_NORMALS_SYNTHETIC
2005-12-18,0.0,24.49,50.9,8.42,147.1,IMD_NORMALS_SYNTHETIC
2005-12-19,0.0,25.54,50.3,9.84,123.5,IMD_NORMALS_SYNTHETIC
2005-12-20,0.0,26.95,55.7,4.08,180.1,IMD_NORMALS_SYNTHETIC
2005-12-21,0.0,23.94,64.9,9.84,179.9,IMD_NORMALS_SYNTHETIC
2005-12-22,0.0,26.23,61.2,8.92,159.8,IMD_NORMALS_SYNTHETIC
2005-12-23,0.0,22.65,58.6,5.65,152.1,IMD_NORMALS_SYNTHETIC
2005-12-24,0.0,26.21,55.7,7.89,113.6,IMD_NORMALS_SYNTHETIC
2005-12-25,0.0,22.88,59.9,6.73,125.0,IMD_NORMALS_SYNTHETIC
2005-12-26,0.0,20.89,43.6,10.14,159.6,IMD_NORMALS_SYNTHETIC
2005-12-27,0.0,24.44,56.9,4.73,130.6,IMD_NORMALS_SYNTHETIC
2005-12-28,0.0,23.5,56.0,9.88,117.4,IMD_NORMALS_SYNTHETIC
2005-12-29,0.0,22.86,47.7,8.2,128.3,IMD_NORMALS_SYNTHETIC
2005-12-30,0.0,24.24,57.6,4.96,209.7,IMD_NORMALS_SYNTHETIC
2005-12-31,0.0,26.1,54.8,5.67,149.0,IMD_NORMALS_SYNTHETIC
2006-01-01,0.0,25.66,46.9,9.68,203.5,IMD_NORMALS_SYNTHETIC
2006-01-02,0.0,24.68,64.7,4.34,161.2,IMD_NORMALS_SYNTHETIC
2006-01-03,0.0,25.36,56.8,12.39,164.2,IMD_NORMALS_SYNTHETIC
2006-01-04,0.0,25.06,54.0,12.87,170.6,IMD_NORMALS_SYNTHETIC
2006-01-05,0.0,24.25,48.9,7.68,168.4,IMD_NORMALS_SYNTHETIC
2006-01-06,0.0,27.02,53.5,10.49,162.1,IMD_NORMALS_SYNTHETIC
2006-01-07,0.0,23.97,56.3,6.47,181.0,IMD_NORMALS_SYNTHETIC
2006-01-08,0.0,20.59,46.3,10.15,172.3,IMD_NORMALS_SYNTHETIC
2006-01-09,0.0,21.0,49.5,12.77,194.3,IMD_NORMALS_SYNTHETIC
2006-01-10,0.0,23.82,49.6,7.98,160.9,IMD_NORMALS_SYNTHETIC
2006-01-11,0.0,26.87,45.1,8.62,143.3,IMD_NORMALS_SYNTHETIC
2006-01-12,0.0,24.07,51.5,4.96,132.7,IMD_NORMALS_SYNTHETIC
2006-01-13,0.0,24.0,56.8,11.63,119.8,IMD_NORMALS_SYNTHETIC
2006-01-14,0.0,27.21,58.0,4.85,171.6,IMD_NORMALS_SYNTHETIC
2006-01-15,0.0,22.38,58.7,2.6,175.0,IMD_NORMALS_SYNTHETIC
2006-01-16,0.0,24.99,51.7,11.05,145.7,IMD_NORMALS_SYNTHETIC
2006-01-17,0.0,25.52,61.0,10.67,196.1,IMD_NORMALS_SYNTHETIC
2006-01-18,0.0,24.44,51.4,6.53,152.4,IMD_NORMALS_SYNTHETIC
2006-01-19,0.0,24.4,50.1,5.07,166.2,IMD_NORMALS_SYNTHETIC
2006-01-20,0.0,25.85,50.8,6.82,136.1,IMD_NORMALS_SYNTHETIC
2006-01-21,0.0,25.66,54.0,4.85,173.0,IMD_NORMALS_SYNTHETIC
2006-01-22,0.0,21.39,45.1,8.27,156.1,IMD_NORMALS_SYNTHETIC
2006-01-23,0.0,26.47,45.4,9.59,153.4,IMD_NORMALS_SYNTHETIC
2006-01-24,0.0,24.49,48.7,6.04,138.8,IMD_NORMALS_SYNTHETIC
2006-01-25,0.0,25.37,48.2,10.33,189.3,IMD_NORMALS_SYNTHETIC
2006-01-26,0.0,24.8,46.9,11.12,168.1,IMD_NORMALS_SYNTHETIC
2006-01-27,0.0,24.14,56.7,9.87,199.1,IMD_NORMALS_SYNTHETIC
2006-01-28,0.0,27.53,61.7,9.44,159.8,IMD_NORMALS_SYNTHETIC
2006-01-29,0.0,25.05,53.2,5.7,159.2,IMD_NORMALS_SYNTHETIC
2006-01-30,0.0,25.46,45.5,6.75,172.2,IMD_NORMALS_SYNTHETIC
2006-01-31,0.0,26.32,51.1,6.89,171.1,IMD_NORMALS_SYNTHETIC
2006-02-01,0.0,27.85,46.8,16.52,140.4,IMD_NORMALS_SYNTHETIC
2006-02-02,0.0,28.01,39.4,8.65,177.1,IMD_NORMALS_SYNTHETIC
2006-02-03,0.0,25.21,46.5,3.78,181.8,IMD_NORMALS_SYNTHETIC
2006-02-04,0.0,29.3,38.2,9.58,157.5,IMD_NORMALS_SYNTHETIC
2006-02-05,1.477,29.68,42.2,9.34,154.9,IMD_NORMALS_SYNTHETIC
2006-02-06,0.0,28.2,42.6,7.09,188.5,IMD_NORMALS_SYNTHETIC
2006-02-07,0.0,29.29,52.3,6.51,201.8,IMD_NORMALS_SYNTHETIC
2006-02-08,0.0,25.88,39.8,8.48,192.4,IMD_NORMALS_SYNTHETIC
2006-02-09,0.0,24.87,50.6,10.35,148.0,IMD_NORMALS_SYNTHETIC
2006-02-10,0.0,28.25,36.4,5.42,184.1,IMD_NORMALS_SYNTHETIC
2006-02-11,0.0,25.59,50.5,12.22,170.3,IMD_NORMALS_SYNTHETIC
2006-02-12,5.876,24.36,41.8,7.53,187.1,IMD_NORMALS_SYNTHETIC
2006-02-13,0.0,27.98,47.4,7.72,167.9,IMD_NORMALS_SYNTHETIC
2006-02-14,0.0,27.72,45.3,8.38,176.0,IMD_NORMALS_SYNTHETIC
2006-02-15,0.0,24.57,49.7,11.8,188.5,IMD_NORMALS_SYNTHETIC
2006-02-16,0.0,25.24,42.3,14.48,170.1,IMD_NORMALS_SYNTHETIC
2006-02-17,0.0,24.48,50.6,6.64,193.7,IMD_NORMALS_SYNTHETIC
2006-02-18,7.499,24.92,51.4,4.69,183.4,IMD_NORMALS_SYNTHETIC
2006-02-19,0.0,27.71,45.9,14.33,156.2,IMD_NORMALS_SYNTHETIC
2006-02-20,0.0,28.22,39.2,10.9,150.2,IMD_NORMALS_SYNTHETIC
2006-02-21,0.0,28.27,39.7,5.12,187.6,IMD_NORMALS_SYNTHETIC
2006-02-22,0.0,27.86,45.7,6.55,223.8,IMD_NORMALS_SYNTHETIC
2006-02-23,5.321,31.1,48.9,4.43,145.3,IMD_NORMALS_SYNTHETIC
2006-02-24,9.768,26.27,37.4,9.34,160.9,IMD_NORMALS_SYNTHETIC
2006-02-25,0.0,29.56,42.8,8.32,171.3,IMD_NORMALS_SYNTHETIC
2006-02-26,0.0,28.14,45.2,6.83,200.0,IMD_NORMALS_SYNTHETIC
2006-02-27,0.0,27.71,45.3,11.23,225.8,IMD_NORMALS_SYNTHETIC
2006-02-28,0.0,26.74,43.8,5.34,196.8,IMD_NORMALS_SYNTHETIC
2006-03-01,0.0,32.72,41.8,6.74,202.8,IMD_NORMALS_SYNTHETIC
2006-03-02,0.0,32.09,34.1,4.64,197.8,IMD_NORMALS_SYNTHETIC
2006-03-03,21.828,29.63,32.4,11.23,189.5,IMD_NORMALS_SYNTHETIC
2006-03-04,0.0,34.31,39.3,6.1,195.5,IMD_NORMALS_SYNTHETIC
2006-03-05,0.0,29.3,33.7,9.74,164.8,IMD_NORMALS_SYNTHETIC
2006-03-06,0.0,31.17,42.4,6.46,200.7,IMD_NORMALS_SYNTHETIC
2006-03-07,0.0,28.66,42.0,10.45,182.6,IMD_NORMALS_SYNTHETIC
2006-03-08,0.0,29.59,39.3,11.22,196.4,IMD_NORMALS_SYNTHETIC
2006-03-09,0.0,31.48,36.4,5.24,182.2,IMD_NORMALS_SYNTHETIC
2006-03-10,0.0,33.49,33.9,2.81,161.9,IMD_NORMALS_SYNTHETIC
2006-03-11,0.0,31.15,40.4,9.08,179.3,IMD_NORMALS_SYNTHETIC
2006-03-12,0.0,33.99,38.2,9.61,196.6,IMD_NORMALS_SYNTHETIC
2006-03-13,0.0,32.01,35.1,7.61,182.8,IMD_NORMALS_SYNTHETIC
2006-03-14,0.0,30.1,49.3,8.81,199.7,IMD_NORMALS_SYNTHETIC
2006-03-15,0.0,33.03,30.2,14.07,176.1,IMD_NORMALS_SYNTHETIC
2006-03-16,0.0,32.4,39.0,12.81,182.6,IMD_NORMALS_SYNTHETIC
2006-03-17,0.0,31.12,29.0,9.13,160.8,IMD_NORMALS_SYNTHETIC
2006-03-18,0.0,33.21,40.1,6.57,237.1,IMD_NORMALS_SYNTHETIC
2006-03-19,0.0,30.31,41.8,12.04,169.6,IMD_NORMALS_SYNTHETIC
2006-03-20,0.0,28.89,36.4,12.36,193.1,IMD_NORMALS_SYNTHETIC
2006-03-21,0.0,33.09,41.8,6.61,199.9,IMD_NORMALS_SYNTHETIC
2006-03-22,0.0,29.89,36.3,4.68,213.5,IMD_NORMALS_SYNTHETIC
2006-03-23,0.0,29.93,44.3,6.18,210.4,IMD_NORMALS_SYNTHETIC
2006-03-24,0.0,33.07,36.3,3.65,214.5,IMD_NORMALS_SYNTHETIC
2006-03-25,0.0,33.08,47.0,4.45,163.0,IMD_NORMALS_SYNTHETIC
2006-03-26,0.0,32.23,42.2,10.04,163.3,IMD_NORMALS_SYNTHETIC
2006-03-27,0.0,35.09,47.2,7.61,169.1,IMD_NORMALS_SYNTHETIC
2006-03-28,0.0,33.88,36.2,6.95,185.0,IMD_NORMALS_SYNTHETIC
2006-03-29,0.0,27.62,39.8,5.29,198.1,IMD_NORMALS_SYNTHETIC
2006-03-30,0.0,31.37,45.0,10.56,168.9,IMD_NORMALS_SYNTHETIC
2006-03-31,0.0,31.41,38.2,12.07,192.0,IMD_NORMALS_SYNTHETIC
2006-04-01,0.0,33.55,28.2,6.96,199.5,IMD_NORMALS_SYNTHETIC
2006-04-02,0.0,35.52,41.1,7.41,248.5,IMD_NORMALS_SYNTHETIC
2006-04-03,0.0,32.9,29.9,8.09,211.4,IMD_NORMALS_SYNTHETIC
2006-04-04,0.0,35.53,36.0,11.97,217.0,IMD_NORMALS_SYNTHETIC
2006-04-05,40.445,35.19,42.2,6.81,226.0,IMD_NORMALS_SYNTHETIC
2006-04-06,0.0,37.49,34.0,8.22,191.7,IMD_NORMALS_SYNTHETIC
2006-04-07,0.0,34.69,39.0,5.2,210.4,IMD_NORMALS_SYNTHETIC
2006-04-08,0.0,33.08,26.3,13.72,159.6,IMD_NORMALS_SYNTHETIC
2006-04-09,0.0,34.54,35.0,7.37,187.1,IMD_NORMALS_SYNTHETIC
2006-04-10,0.0,36.09,38.1,7.96,203.4,IMD_NORMALS_SYNTHETIC
2006-04-11,0.0,34.75,36.4,8.04,189.6,IMD_NORMALS_SYNTHETIC
2006-04-12,0.0,33.72,36.8,7.54,192.0,IMD_NORMALS_SYNTHETIC
2006-04-13,0.0,30.91,39.6,1.99,195.9,IMD_NORMALS_SYNTHETIC
2006-04-14,0.0,35.07,40.5,7.6,227.8,IMD_NORMALS_SYNTHETIC
2006-04-15,0.0,33.21,33.3,4.95,174.7,IMD_NORMALS_SYNTHETIC
2006-04-16,0.0,34.01,35.3,10.2,211.6,IMD_NORMALS_SYNTHETIC
2006-04-17,0.0,34.83,43.6,12.98,182.7,IMD_NORMALS_SYNTHETIC
2006-04-18,0.0,33.89,40.4,8.45,212.7,IMD_NORMALS_SYNTHETIC
2006-04-19,0.0,36.92,43.6,6.34,241.0,IMD_NORMALS_SYNTHETIC
2006-04-20,0.0,34.25,33.8,11.4,239.8,IMD_NORMALS_SYNTHETIC
2006-04-21,0.0,33.48,34.7,7.85,201.6,IMD_NORMALS_SYNTHETIC
2006-04-22,0.0,33.83,33.0,8.37,232.8,IMD_NORMALS_SYNTHETIC
2006-04-23,0.0,32.56,31.4,6.22,195.0,IMD_NORMALS_SYNTHETIC
2006-04-24,0.0,35.81,28.6,8.38,200.2,IMD_NORMALS_SYNTHETIC
2006-04-25,0.0,33.13,20.2,7.56,221.2,IMD_NORMALS_SYNTHETIC
2006-04-26,0.0,35.71,36.3,4.75,188.6,IMD_NORMALS_SYNTHETIC
2006-04-27,0.0,32.8,33.9,13.26,197.0,IMD_NORMALS_SYNTHETIC
2006-04-28,0.0,35.46,47.7,10.48,161.7,IMD_NORMALS_SYNTHETIC
2006-04-29,0.0,37.28,43.3,2.87,196.3,IMD_NORMALS_SYNTHETIC
2006-04-30,0.0,33.12,38.2,4.2,219.2,IMD_NORMALS_SYNTHETIC
2006-05-01,0.0,33.13,50.3,7.77,227.7,IMD_NORMALS_SYNTHETIC
2006-05-02,3.324,35.82,50.2,8.94,210.7,IMD_NORMALS_SYNTHETIC
2006-05-03,0.0,35.92,39.6,5.55,263.1,IMD_NORMALS_SYNTHETIC
2006-05-04,0.0,33.99,41.6,7.3,251.2,IMD_NORMALS_SYNTHETIC
2006-05-05,0.0,30.26,38.3,9.01,228.4,IMD_NORMALS_SYNTHETIC
2006-05-06,0.0,35.7,41.6,7.39,237.1,IMD_NORMALS_SYNTHETIC
2006-05-07,0.0,39.44,40.4,5.36,224.7,IMD_NORMALS_SYNTHETIC
2006-05-08,0.0,34.64,44.3,5.55,224.5,IMD_NORMALS_SYNTHETIC
2006-05-09,0.0,33.22,44.4,4.86,231.2,IMD_NORMALS_SYNTHETIC
2006-05-10,0.0,34.32,42.3,8.91,264.0,IMD_NORMALS_SYNTHETIC
2006-05-11,0.0,38.68,37.0,5.74,234.5,IMD_NORMALS_SYNTHETIC
2006-05-12,0.0,33.82,39.6,7.5,212.9,IMD_NORMALS_SYNTHETIC
2006-05-13,0.0,36.07,38.8,5.93,243.2,IMD_NORMALS_SYNTHETIC
2006-05-14,22.789,37.63,40.4,15.12,279.1,IMD_NORMALS_SYNTHETIC
2006-05-15,0.0,32.24,48.1,7.11,209.8,IMD_NORMALS_SYNTHETIC
2006-05-16,0.332,34.58,40.6,8.48,199.3,IMD_NORMALS_SYNTHETIC
2006-05-17,0.0,35.75,45.7,11.74,223.9,IMD_NORMALS_SYNTHETIC
2006-05-18,0.0,34.89,31.1,11.23,233.0,IMD_NORMALS_SYNTHETIC
2006-05-19,0.0,35.87,42.8,2.44,263.7,IMD_NORMALS_SYNTHETIC
2006-05-20,0.0,35.56,42.0,14.77,202.5,IMD_NORMALS_SYNTHETIC
2006-05-21,0.0,36.48,37.2,9.94,220.7,IMD_NORMALS_SYNTHETIC
2006-05-22,0.0,35.52,41.9,1.8,224.9,IMD_NORMALS_SYNTHETIC
2006-05-23,0.0,34.56,40.0,7.93,242.9,IMD_NORMALS_SYNTHETIC
2006-05-24,3.708,34.62,37.2,9.18,221.7,IMD_NORMALS_SYNTHETIC
2006-05-25,0.0,34.3,47.5,11.62,188.4,IMD_NORMALS_SYNTHETIC
2006-05-26,0.0,33.28,40.1,14.91,195.0,IMD_NORMALS_SYNTHETIC
2006-05-27,0.0,34.77,35.8,5.91,210.4,IMD_NORMALS_SYNTHETIC
2006-05-28,0.0,36.67,41.0,7.33,250.9,IMD_NORMALS_SYNTHETIC
2006-05-29,0.0,34.11,41.5,3.69,195.4,IMD_NORMALS_SYNTHETIC
2006-05-30,0.0,32.18,42.9,8.83,224.6,IMD_NORMALS_SYNTHETIC
2006-05-31,0.0,38.3,36.2,6.31,217.7,IMD_NORMALS_SYNTHETIC
2006-06-01,0.0,29.0,74.1,4.62,265.9,IMD_NORMALS_SYNTHETIC
2006-06-02,0.0,32.01,59.8,6.72,229.0,IMD_NORMALS_SYNTHETIC
2006-06-03,0.0,30.31,56.6,0.76,237.6,IMD_NORMALS_SYNTHETIC
2006-06-04,0.0,32.14,61.3,11.1,250.2,IMD_NORMALS_SYNTHETIC
2006-06-05,0.0,31.91,68.3,5.28,247.5,IMD_NORMALS_SYNTHETIC
2006-06-06,0.0,30.82,58.3,14.56,221.2,IMD_NORMALS_SYNTHETIC
2006-06-07,0.0,32.01,62.0,5.79,217.6,IMD_NORMALS_SYNTHETIC
2006-06-08,0.0,33.36,71.8,9.58,246.3,IMD_NORMALS_SYNTHETIC
2006-06-09,0.0,30.41,65.2,5.02,239.0,IMD_NORMALS_SYNTHETIC
2006-06-10,0.0,31.64,57.7,7.43,238.5,IMD_NORMALS_SYNTHETIC
2006-06-11,0.0,33.5,67.6,5.7,249.6,IMD_NORMALS_SYNTHETIC
2006-06-12,0.0,31.0,71.7,9.13,267.8,IMD_NORMALS_SYNTHETIC
2006-06-13,19.525,31.25,56.2,6.02,256.2,IMD_NORMALS_SYNTHETIC
2006-06-14,0.0,30.9,66.7,4.92,231.3,IMD_NORMALS_SYNTHETIC
2006-06-15,0.0,36.46,63.9,7.96,231.1,IMD_NORMALS_SYNTHETIC
2006-06-16,0.0,32.99,75.1,6.46,269.2,IMD_NORMALS_SYNTHETIC
2006-06-17,0.0,32.14,73.3,8.63,279.7,IMD_NORMALS_SYNTHETIC
2006-06-18,0.0,31.19,65.8,6.91,201.2,IMD_NORMALS_SYNTHETIC
2006-06-19,17.0,30.23,59.7,8.43,243.7,IMD_NORMALS_SYNTHETIC
2006-06-20,0.0,31.49,57.9,11.49,227.8,IMD_NORMALS_SYNTHETIC
2006-06-21,0.0,32.99,61.9,7.33,217.6,IMD_NORMALS_SYNTHETIC
2006-06-22,0.0,30.23,69.3,10.5,222.5,IMD_NORMALS_SYNTHETIC
2006-06-23,0.0,31.77,58.5,6.29,265.1,IMD_NORMALS_SYNTHETIC
2006-06-24,0.0,29.19,58.9,14.89,211.3,IMD_NORMALS_SYNTHETIC
2006-06-25,8.086,30.31,72.3,9.21,254.1,IMD_NORMALS_SYNTHETIC
2006-06-26,0.0,31.09,67.5,6.84,233.3,IMD_NORMALS_SYNTHETIC
2006-06-27,0.0,34.02,68.9,1.46,234.2,IMD_NORMALS_SYNTHETIC
2006-06-28,0.0,28.75,60.5,5.52,223.3,IMD_NORMALS_SYNTHETIC
2006-06-29,0.0,32.66,67.2,10.46,232.5,IMD_NORMALS_SYNTHETIC
2006-06-30,1.717,31.63,74.2,11.98,206.0,IMD_NORMALS_SYNTHETIC
2006-07-01,0.547,30.56,87.9,8.73,215.1,IMD_NORMALS_SYNTHETIC
2006-07-02,0.0,31.21,77.6,3.27,225.6,IMD_NORMALS_SYNTHETIC
2006-07-03,0.0,29.69,61.2,7.16,222.7,IMD_NORMALS_SYNTHETIC
2006-07-04,0.0,26.64,68.8,7.87,208.1,IMD_NORMALS_SYNTHETIC
2006-07-05,4.091,33.92,76.2,9.97,211.3,IMD_NORMALS_SYNTHETIC
2006-07-06,12.43,32.11,67.7,6.61,228.0,IMD_NORMALS_SYNTHETIC
2006-07-07,0.0,25.67,80.2,6.37,211.2,IMD_NORMALS_SYNTHETIC
2006-07-08,25.205,30.67,73.0,6.73,227.2,IMD_NORMALS_SYNTHETIC
2006-07-09,1.614,27.85,70.4,9.8,209.0,IMD_NORMALS_SYNTHETIC
2006-07-10,0.0,27.49,71.2,8.47,210.1,IMD_NORMALS_SYNTHETIC
2006-07-11,11.784,24.87,81.9,5.54,196.3,IMD_NORMALS_SYNTHETIC
2006-07-12,0.083,29.2,71.6,11.13,237.0,IMD_NORMALS_SYNTHETIC
2006-07-13,0.0,29.09,69.1,9.72,238.0,IMD_NORMALS_SYNTHETIC
2006-07-14,0.0,31.56,73.4,2.94,233.6,IMD_NORMALS_SYNTHETIC
2006-07-15,23.808,28.65,77.9,8.38,229.5,IMD_NORMALS_SYNTHETIC
2006-07-16,0.0,31.4,68.5,6.92,240.4,IMD_NORMALS_SYNTHETIC
2006-07-17,39.686,26.89,75.3,10.05,229.9,IMD_NORMALS_SYNTHETIC
2006-07-18,6.015,31.44,66.9,7.85,235.0,IMD_NORMALS_SYNTHETIC
2006-07-19,4.238,27.75,73.1,9.61,189.1,IMD_NORMALS_SYNTHETIC
2006-07-20,2.217,26.65,67.8,8.22,219.0,IMD_NORMALS_SYNTHETIC
2006-07-21,0.0,28.18,67.9,7.08,213.6,IMD_NORMALS_SYNTHETIC
2006-07-22,42.046,30.22,67.4,5.06,213.8,IMD_NORMALS_SYNTHETIC
2006-07-23,0.0,27.28,75.4,7.4,206.9,IMD_NORMALS_SYNTHETIC
2006-07-24,24.868,29.07,72.5,9.9,239.3,IMD_NORMALS_SYNTHETIC
2006-07-25,0.0,28.04,73.6,10.42,194.6,IMD_NORMALS_SYNTHETIC
2006-07-26,0.0,30.13,75.8,11.43,263.3,IMD_NORMALS_SYNTHETIC
2006-07-27,9.606,28.09,76.5,13.66,215.1,IMD_NORMALS_SYNTHETIC
2006-07-28,0.0,28.63,74.4,11.71,202.2,IMD_NORMALS_SYNTHETIC
2006-07-29,0.0,26.74,77.7,8.85,247.3,IMD_NORMALS_SYNTHETIC
2006-07-30,0.0,27.48,74.8,9.91,184.0,IMD_NORMALS_SYNTHETIC
2006-07-31,5.38,27.09,74.0,10.22,237.9,IMD_NORMALS_SYNTHETIC
2006-08-01,0.0,27.93,78.9,10.45,243.3,IMD_NORMALS_SYNTHETIC
2006-08-02,6.246,27.57,68.1,10.54,220.3,IMD_NORMALS_SYNTHETIC
2006-08-03,0.0,26.78,67.2,9.79,229.9,IMD_NORMALS_SYNTHETIC
2006-08-04,0.0,27.0,77.3,8.94,179.7,IMD_NORMALS_SYNTHETIC
2006-08-05,0.0,28.91,75.1,7.11,225.4,IMD_NORMALS_SYNTHETIC
2006-08-06,0.0,28.66,72.0,5.9,178.9,IMD_NORMALS_SYNTHETIC
2006-08-07,0.0,28.52,76.6,2.67,191.2,IMD_NORMALS_SYNTHETIC
2006-08-08,0.0,31.02,67.7,6.47,217.5,IMD_NORMALS_SYNTHETIC
2006-08-09,0.0,28.86,67.6,7.01,177.9,IMD_NORMALS_SYNTHETIC
2006-08-10,0.0,30.1,81.0,5.28,197.4,IMD_NORMALS_SYNTHETIC
2006-08-11,0.0,27.85,72.2,12.62,191.2,IMD_NORMALS_SYNTHETIC
2006-08-12,0.0,24.72,66.3,7.64,245.9,IMD_NORMALS_SYNTHETIC
2006-08-13,0.0,26.68,79.9,7.43,225.7,IMD_NORMALS_SYNTHETIC
2006-08-14,0.0,29.25,71.4,11.14,217.6,IMD_NORMALS_SYNTHETIC
2006-08-15,0.0,29.11,70.0,6.76,212.4,IMD_NORMALS_SYNTHETIC
2006-08-16,0.0,25.64,77.0,7.8,188.7,IMD_NORMALS_SYNTHETIC
2006-08-17,0.0,28.0,68.3,7.08,195.8,IMD_NORMALS_SYNTHETIC
2006-08-18,0.0,30.9,77.6,10.32,179.5,IMD_NORMALS_SYNTHETIC
2006-08-19,11.91,28.2,81.3,10.14,211.8,IMD_NORMALS_SYNTHETIC
2006-08-20,13.175,28.25,77.8,8.69,182.0,IMD_NORMALS_SYNTHETIC
2006-08-21,9.513,27.45,74.2,11.63,179.5,IMD_NORMALS_SYNTHETIC
2006-08-22,0.0,26.43,76.8,11.75,197.0,IMD_NORMALS_SYNTHETIC
2006-08-23,4.984,24.29,68.8,16.7,203.0,IMD_NORMALS_SYNTHETIC
2006-08-24,0.0,28.2,77.2,10.8,200.7,IMD_NORMALS_SYNTHETIC
2006-08-25,0.0,29.35,80.7,6.45,182.0,IMD_NORMALS_SYNTHETIC
2006-08-26,19.707,25.97,66.6,0.39,240.6,IMD_NORMALS_SYNTHETIC
2006-08-27,15.633,28.84,84.7,13.9,230.0,IMD_NORMALS_SYNTHETIC
2006-08-28,0.0,27.39,65.2,9.77,210.6,IMD_NORMALS_SYNTHETIC
2006-08-29,0.0,27.55,76.6,8.77,183.0,IMD_NORMALS_SYNTHETIC
2006-08-30,2.34,28.99,73.7,5.48,235.7,IMD_NORMALS_SYNTHETIC
2006-08-31,23.338,28.97,83.6,8.67,217.3,IMD_NORMALS_SYNTHETIC
2006-09-01,0.0,28.84,74.9,6.14,193.1,IMD_NORMALS_SYNTHETIC
2006-09-02,5.028,27.65,66.9,6.7,196.5,IMD_NORMALS_SYNTHETIC
2006-09-03,11.305,26.72,76.4,7.84,172.3,IMD_NORMALS_SYNTHETIC
2006-09-04,0.0,28.75,72.0,6.68,216.8,IMD_NORMALS_SYNTHETIC
2006-09-05,16.587,29.32,69.1,5.25,178.1,IMD_NORMALS_SYNTHETIC
2006-09-06,0.0,27.8,74.4,10.31,191.7,IMD_NORMALS_SYNTHETIC
2006-09-07,0.0,28.39,73.6,6.89,188.5,IMD_NORMALS_SYNTHETIC
2006-09-08,0.0,27.35,79.4,13.21,213.2,IMD_NORMALS_SYNTHETIC
2006-09-09,17.501,28.92,85.2,8.39,180.6,IMD_NORMALS_SYNTHETIC
2006-09-10,0.0,28.68,67.9,11.88,220.1,IMD_NORMALS_SYNTHETIC
2006-09-11,0.0,29.3,76.2,6.29,211.4,IMD_NORMALS_SYNTHETIC
2006-09-12,23.876,29.53,64.7,2.18,193.2,IMD_NORMALS_SYNTHETIC
2006-09-13,50.515,27.65,72.3,9.72,199.7,IMD_NORMALS_SYNTHETIC
2006-09-14,0.0,28.86,72.5,7.87,140.4,IMD_NORMALS_SYNTHETIC
2006-09-15,0.0,30.46,80.9,13.34,178.8,IMD_NORMALS_SYNTHETIC
2006-09-16,3.323,28.56,62.2,5.56,184.9,IMD_NORMALS_SYNTHETIC
2006-09-17,8.187,30.03,71.6,7.04,243.2,IMD_NORMALS_SYNTHETIC
2006-09-18,0.0,25.4,73.7,1.62,166.2,IMD_NORMALS_SYNTHETIC
2006-09-19,0.0,29.45,73.1,12.27,197.4,IMD_NORMALS_SYNTHETIC
2006-09-20,43.752,29.03,82.5,13.09,212.8,IMD_NORMALS_SYNTHETIC
2006-09-21,0.0,30.88,70.3,13.67,210.2,IMD_NORMALS_SYNTHETIC
2006-09-22,0.0,28.57,79.7,10.06,190.7,IMD_NORMALS_SYNTHETIC
2006-09-23,24.676,28.87,66.0,9.65,214.9,IMD_NORMALS_SYNTHETIC
2006-09-24,0.0,27.24,63.8,8.28,211.8,IMD_NORMALS_SYNTHETIC
2006-09-25,0.0,28.12,80.2,8.36,195.2,IMD_NORMALS_SYNTHETIC
2006-09-26,0.0,28.06,75.3,9.4,180.2,IMD_NORMALS_SYNTHETIC
2006-09-27,3.912,26.65,74.8,7.45,219.2,IMD_NORMALS_SYNTHETIC
2006-09-28,12.198,30.0,77.9,2.35,179.2,IMD_NORMALS_SYNTHETIC
2006-09-29,14.058,27.59,74.1,13.23,188.2,IMD_NORMALS_SYNTHETIC
2006-09-30,0.0,28.28,77.1,8.84,201.5,IMD_NORMALS_SYNTHETIC
2006-10-01,18.605,26.77,66.5,9.95,174.2,IMD_NORMALS_SYNTHETIC
2006-10-02,0.0,25.95,66.0,2.11,189.2,IMD_NORMALS_SYNTHETIC
2006-10-03,0.0,29.33,68.0,4.61,198.5,IMD_NORMALS_SYNTHETIC
2006-10-04,0.0,32.34,68.3,11.98,160.7,IMD_NORMALS_SYNTHETIC
2006-10-05,0.0,28.18,65.0,8.78,162.0,IMD_NORMALS_SYNTHETIC
2006-10-06,0.0,26.62,65.4,8.4,156.3,IMD_NORMALS_SYNTHETIC
2006-10-07,0.0,27.58,71.0,9.33,187.9,IMD_NORMALS_SYNTHETIC
2006-10-08,0.0,28.89,59.5,11.15,195.8,IMD_NORMALS_SYNTHETIC
2006-10-09,0.0,26.82,65.3,5.99,154.8,IMD_NORMALS_SYNTHETIC
2006-10-10,0.0,27.57,63.7,2.92,167.4,IMD_NORMALS_SYNTHETIC
2006-10-11,0.0,27.89,72.1,12.42,196.6,IMD_NORMALS_SYNTHETIC
2006-10-12,0.0,28.59,68.1,4.07,206.8,IMD_NORMALS_SYNTHETIC
2006-10-13,16.91,29.47,67.6,11.01,169.3,IMD_NORMALS_SYNTHETIC
2006-10-14,0.0,24.47,70.3,9.65,156.2,IMD_NORMALS_SYNTHETIC
2006-10-15,0.0,28.56,68.9,8.82,193.5,IMD_NORMALS_SYNTHETIC
2006-10-16,4.372,31.17,68.7,6.45,184.3,IMD_NORMALS_SYNTHETIC
2006-10-17,0.0,26.77,64.3,8.61,176.8,IMD_NORMALS_SYNTHETIC
2006-10-18,0.0,28.28,63.0,8.02,183.5,IMD_NORMALS_SYNTHETIC
2006-10-19,0.0,30.35,69.6,8.26,216.2,IMD_NORMALS_SYNTHETIC
2006-10-20,0.0,30.04,67.6,5.93,159.5,IMD_NORMALS_SYNTHETIC
2006-10-21,0.0,30.24,74.2,9.38,178.3,IMD_NORMALS_SYNTHETIC
2006-10-22,8.345,27.26,62.8,1.22,196.7,IMD_NORMALS_SYNTHETIC
2006-10-23,0.0,30.22,65.4,6.52,147.6,IMD_NORMALS_SYNTHETIC
2006-10-24,0.0,26.62,72.6,3.07,173.9,IMD_NORMALS_SYNTHETIC
2006-10-25,0.0,28.96,67.9,10.32,191.0,IMD_NORMALS_SYNTHETIC
2006-10-26,0.0,27.94,68.1,11.35,231.1,IMD_NORMALS_SYNTHETIC
2006-10-27,0.0,30.15,71.6,8.57,195.0,IMD_NORMALS_SYNTHETIC
2006-10-28,0.0,28.85,69.3,6.98,185.0,IMD_NORMALS_SYNTHETIC
2006-10-29,0.0,26.89,64.7,7.12,138.5,IMD_NORMALS_SYNTHETIC
2006-10-30,0.0,29.79,66.5,13.21,183.8,IMD_NORMALS_SYNTHETIC
2006-10-31,0.0,27.82,60.8,8.47,196.4,IMD_NORMALS_SYNTHETIC
2006-11-01,0.0,26.25,55.1,4.29,178.3,IMD_NORMALS_SYNTHETIC
2006-11-02,0.0,27.31,49.9,6.71,175.1,IMD_NORMALS_SYNTHETIC
2006-11-03,0.0,25.42,50.3,8.79,138.0,IMD_NORMALS_SYNTHETIC
2006-11-04,0.0,22.8,62.1,7.25,173.1,IMD_NORMALS_SYNTHETIC
2006-11-05,0.0,27.43,61.9,6.67,141.8,IMD_NORMALS_SYNTHETIC
2006-11-06,0.0,22.74,61.9,9.88,145.1,IMD_NORMALS_SYNTHETIC
2006-11-07,0.0,27.47,56.9,4.03,197.1,IMD_NORMALS_SYNTHETIC
2006-11-08,7.147,23.6,53.6,8.04,141.4,IMD_NORMALS_SYNTHETIC
2006-11-09,0.0,25.15,64.0,0.79,182.5,IMD_NORMALS_SYNTHETIC
2006-11-10,0.0,26.86,56.3,5.49,163.8,IMD_NORMALS_SYNTHETIC
2006-11-11,0.0,24.98,63.1,6.16,158.3,IMD_NORMALS_SYNTHETIC
2006-11-12,0.0,26.82,64.8,8.19,149.7,IMD_NORMALS_SYNTHETIC
2006-11-13,0.0,24.97,57.6,12.14,186.5,IMD_NORMALS_SYNTHETIC
2006-11-14,0.0,25.58,49.9,7.63,151.3,IMD_NORMALS_SYNTHETIC
2006-11-15,0.0,23.89,67.3,4.83,164.8,IMD_NORMALS_SYNTHETIC
2006-11-16,0.0,26.17,62.8,4.74,187.8,IMD_NORMALS_SYNTHETIC
2006-11-17,0.0,27.31,56.4,6.75,180.1,IMD_NORMALS_SYNTHETIC
2006-11-18,0.0,26.2,56.6,5.2,147.5,IMD_NORMALS_SYNTHETIC
2006-11-19,0.0,27.68,60.4,6.37,159.9,IMD_NORMALS_SYNTHETIC
2006-11-20,0.0,25.67,56.2,9.86,146.2,IMD_NORMALS_SYNTHETIC
2006-11-21,0.0,24.84,52.8,14.53,149.9,IMD_NORMALS_SYNTHETIC
2006-11-22,0.0,25.54,63.5,10.44,178.8,IMD_NORMALS_SYNTHETIC
2006-11-23,0.0,22.0,63.9,10.5,193.5,IMD_NORMALS_SYNTHETIC
2006-11-24,0.0,28.38,51.7,9.67,163.4,IMD_NORMALS_SYNTHETIC
2006-11-25,0.0,23.67,52.7,7.39,178.4,IMD_NORMALS_SYNTHETIC
2006-11-26,0.0,24.0,60.0,5.62,182.6,IMD_NORMALS_SYNTHETIC
2006-11-27,0.0,26.08,57.9,8.78,180.5,IMD_NORMALS_SYNTHETIC
2006-11-28,0.0,27.9,58.1,7.99,179.9,IMD_NORMALS_SYNTHETIC
2006-11-29,1.94,25.23,54.5,10.47,150.3,IMD_NORMALS_SYNTHETIC
2006-11-30,0.0,23.42,56.5,8.42,154.8,IMD_NORMALS_SYNTHETIC
2006-12-01,0.0,25.89,57.5,5.64,122.6,IMD_NORMALS_SYNTHETIC
2006-12-02,0.0,20.26,46.0,11.07,131.6,IMD_NORMALS_SYNTHETIC
2006-12-03,0.0,23.02,52.5,6.62,159.8,IMD_NORMALS_SYNTHETIC
2006-12-04,0.0,23.63,49.7,5.25,124.1,IMD_NORMALS_SYNTHETIC
2006-12-05,0.0,24.13,60.9,6.63,149.7,IMD_NORMALS_SYNTHETIC
2006-12-06,0.0,21.53,50.7,8.77,132.4,IMD_NORMALS_SYNTHETIC
2006-12-07,0.0,21.72,61.1,5.67,145.7,IMD_NORMALS_SYNTHETIC
2006-12-08,0.0,24.19,64.5,7.63,160.0,IMD_NORMALS_SYNTHETIC
2006-12-09,0.0,26.63,55.8,16.68,145.4,IMD_NORMALS_SYNTHETIC
2006-12-10,0.0,23.8,57.5,5.18,141.1,IMD_NORMALS_SYNTHETIC
2006-12-11,0.0,24.15,54.6,6.96,145.0,IMD_NORMALS_SYNTHETIC
2006-12-12,0.0,22.52,54.8,10.74,134.5,IMD_NORMALS_SYNTHETIC
2006-12-13,0.0,23.83,54.1,13.29,126.3,IMD_NORMALS_SYNTHETIC
2006-12-14,0.0,24.81,60.7,7.6,154.9,IMD_NORMALS_SYNTHETIC
2006-12-15,0.0,21.36,52.6,9.66,118.1,IMD_NORMALS_SYNTHETIC
2006-12-16,0.0,20.35,58.1,10.06,129.6,IMD_NORMALS_SYNTHETIC
2006-12-17,0.0,22.24,45.0,0.08,191.8,IMD_NORMALS_SYNTHETIC
2006-12-18,0.0,21.84,64.3,9.37,182.0,IMD_NORMALS_SYNTHETIC
2006-12-19,0.0,20.0,49.0,9.14,151.5,IMD_NORMALS_SYNTHETIC
2006-12-20,0.0,22.89,51.8,6.36,142.5,IMD_NORMALS_SYNTHETIC
2006-12-21,0.0,22.02,59.5,6.93,174.2,IMD_NORMALS_SYNTHETIC
2006-12-22,0.0,23.58,64.1,14.75,111.8,IMD_NORMALS_SYNTHETIC
2006-12-23,0.0,23.33,55.1,10.17,164.7,IMD_NORMALS_SYNTHETIC
2006-12-24,0.0,23.61,56.0,5.06,115.2,IMD_NORMALS_SYNTHETIC
2006-12-25,0.0,21.76,57.4,3.51,154.6,IMD_NORMALS_SYNTHETIC
2006-12-26,0.0,22.82,51.0,9.73,174.4,IMD_NORMALS_SYNTHETIC
2006-12-27,0.0,24.06,59.6,11.25,141.7,IMD_NORMALS_SYNTHETIC
2006-12-28,0.0,22.48,46.6,12.81,174.5,IMD_NORMALS_SYNTHETIC
2006-12-29,0.0,23.07,61.3,6.29,155.9,IMD_NORMALS_SYNTHETIC
2006-12-30,0.0,23.41,52.2,7.59,141.0,IMD_NORMALS_SYNTHETIC
2006-12-31,0.0,24.9,56.2,1.07,169.4,IMD_NORMALS_SYNTHETIC
2007-01-01,0.0,23.73,49.6,0.39,173.6,IMD_NORMALS_SYNTHETIC
2007-01-02,0.0,24.98,54.7,5.44,105.8,IMD_NORMALS_SYNTHETIC
2007-01-03,0.0,22.05,55.2,9.57,171.9,IMD_NORMALS_SYNTHETIC
2007-01-04,0.0,22.31,48.4,8.47,171.4,IMD_NORMALS_SYNTHETIC
2007-01-05,0.0,26.25,41.2,10.47,168.1,IMD_NORMALS_SYNTHETIC
2007-01-06,0.0,20.87,56.6,4.9,135.4,IMD_NORMALS_SYNTHETIC
2007-01-07,0.0,26.55,54.8,4.25,155.6,IMD_NORMALS_SYNTHETIC
2007-01-08,0.0,22.03,48.1,6.42,156.3,IMD_NORMALS_SYNTHETIC
2007-01-09,0.0,21.98,45.3,7.43,195.7,IMD_NORMALS_SYNTHETIC
2007-01-10,0.0,22.71,45.8,7.96,155.9,IMD_NORMALS_SYNTHETIC
2007-01-11,0.0,26.22,57.3,9.09,165.3,IMD_NORMALS_SYNTHETIC
2007-01-12,0.0,24.94,57.3,6.99,118.5,IMD_NORMALS_SYNTHETIC
2007-01-13,0.0,23.84,53.5,8.49,161.7,IMD_NORMALS_SYNTHETIC
2007-01-14,0.0,25.09,49.4,6.23,191.7,IMD_NORMALS_SYNTHETIC
2007-01-15,0.0,22.65,48.8,6.04,139.3,IMD_NORMALS_SYNTHETIC
2007-01-16,0.0,21.63,40.7,8.44,142.4,IMD_NORMALS_SYNTHETIC
2007-01-17,0.0,26.8,51.3,7.72,171.3,IMD_NORMALS_SYNTHETIC
2007-01-18,0.0,24.18,60.4,11.62,126.6,IMD_NORMALS_SYNTHETIC
2007-01-19,0.0,23.57,51.4,19.4,151.2,IMD_NORMALS_SYNTHETIC
2007-01-20,0.0,21.39,51.5,6.64,182.0,IMD_NORMALS_SYNTHETIC
2007-01-21,0.0,25.6,53.1,8.56,147.8,IMD_NORMALS_SYNTHETIC
2007-01-22,0.0,21.17,49.0,5.23,121.3,IMD_NORMALS_SYNTHETIC
2007-01-23,0.0,20.95,46.0,8.94,156.3,IMD_NORMALS_SYNTHETIC
2007-01-24,0.0,21.3,51.5,8.16,170.4,IMD_NORMALS_SYNTHETIC
2007-01-25,0.0,25.02,45.3,11.14,162.6,IMD_NORMALS_SYNTHETIC
2007-01-26,10.585,25.08,42.3,10.2,159.7,IMD_NORMALS_SYNTHETIC
2007-01-27,0.0,28.19,51.8,6.63,168.6,IMD_NORMALS_SYNTHETIC
2007-01-28,0.0,25.85,55.5,3.4,174.2,IMD_NORMALS_SYNTHETIC
2007-01-29,0.0,25.78,43.6,9.33,173.1,IMD_NORMALS_SYNTHETIC
2007-01-30,0.0,25.26,53.9,11.13,142.8,IMD_NORMALS_SYNTHETIC
2007-01-31,0.0,26.62,49.1,11.33,147.6,IMD_NORMALS_SYNTHETIC
2007-02-01,6.804,28.32,40.1,2.97,201.4,IMD_NORMALS_SYNTHETIC
2007-02-02,0.0,28.74,48.3,8.55,160.7,IMD_NORMALS_SYNTHETIC
2007-02-03,0.0,26.63,47.8,7.75,171.7,IMD_NORMALS_SYNTHETIC
2007-02-04,0.0,25.53,44.4,4.98,176.8,IMD_NORMALS_SYNTHETIC
2007-02-05,0.0,25.74,36.5,6.63,177.3,IMD_NORMALS_SYNTHETIC
2007-02-06,0.0,26.63,43.1,14.88,197.8,IMD_NORMALS_SYNTHETIC
2007-02-07,0.0,27.56,45.6,8.65,177.4,IMD_NORMALS_SYNTHETIC
2007-02-08,0.0,26.37,43.9,7.53,179.1,IMD_NORMALS_SYNTHETIC
2007-02-09,0.0,30.62,41.7,12.62,178.7,IMD_NORMALS_SYNTHETIC
2007-02-10,0.0,28.58,41.6,7.13,210.6,IMD_NORMALS_SYNTHETIC
2007-02-11,0.0,28.84,47.1,6.26,137.7,IMD_NORMALS_SYNTHETIC
2007-02-12,0.0,27.24,37.4,6.92,184.7,IMD_NORMALS_SYNTHETIC
2007-02-13,0.0,26.96,52.3,6.61,214.9,IMD_NORMALS_SYNTHETIC
2007-02-14,0.0,26.23,52.5,9.01,212.8,IMD_NORMALS_SYNTHETIC
2007-02-15,0.0,28.12,36.6,7.5,181.8,IMD_NORMALS_SYNTHETIC
2007-02-16,0.0,27.9,50.0,2.61,151.0,IMD_NORMALS_SYNTHETIC
2007-02-17,0.0,27.38,36.3,7.51,183.1,IMD_NORMALS_SYNTHETIC
2007-02-18,9.516,30.1,44.9,1.49,164.6,IMD_NORMALS_SYNTHETIC
2007-02-19,0.0,26.58,49.6,11.73,156.9,IMD_NORMALS_SYNTHETIC
2007-02-20,0.0,27.62,46.6,5.41,189.6,IMD_NORMALS_SYNTHETIC
2007-02-21,0.0,27.91,46.1,6.68,164.0,IMD_NORMALS_SYNTHETIC
2007-02-22,0.0,28.0,45.2,13.96,192.9,IMD_NORMALS_SYNTHETIC
2007-02-23,0.0,28.2,42.4,2.2,166.6,IMD_NORMALS_SYNTHETIC
2007-02-24,0.0,29.34,49.5,4.79,180.4,IMD_NORMALS_SYNTHETIC
2007-02-25,17.169,25.48,47.4,8.08,189.5,IMD_NORMALS_SYNTHETIC
2007-02-26,0.0,27.43,42.9,8.58,171.5,IMD_NORMALS_SYNTHETIC
2007-02-27,8.32,26.2,42.2,4.66,178.2,IMD_NORMALS_SYNTHETIC
2007-02-28,0.0,25.78,49.4,4.64,180.4,IMD_NORMALS_SYNTHETIC
2007-03-01,0.0,33.4,43.1,9.34,230.2,IMD_NORMALS_SYNTHETIC
2007-03-02,0.0,32.93,42.5,5.24,205.1,IMD_NORMALS_SYNTHETIC
2007-03-03,0.0,31.18,42.8,12.34,216.2,IMD_NORMALS_SYNTHETIC
2007-03-04,0.0,28.15,47.6,3.81,177.0,IMD_NORMALS_SYNTHETIC
2007-03-05,0.0,32.0,40.9,5.58,169.9,IMD_NORMALS_SYNTHETIC
2007-03-06,0.0,28.36,34.3,9.15,200.9,IMD_NORMALS_SYNTHETIC
2007-03-07,0.0,32.09,42.7,7.95,224.6,IMD_NORMALS_SYNTHETIC
2007-03-08,0.0,31.4,43.8,8.74,171.1,IMD_NORMALS_SYNTHETIC
2007-03-09,0.0,31.46,34.6,5.19,191.5,IMD_NORMALS_SYNTHETIC
2007-03-10,0.0,31.63,37.3,9.44,171.7,IMD_NORMALS_SYNTHETIC
2007-03-11,0.0,33.9,31.8,6.59,208.8,IMD_NORMALS_SYNTHETIC
2007-03-12,0.0,30.48,50.4,0.71,170.4,IMD_NORMALS_SYNTHETIC
2007-03-13,0.0,32.56,38.8,7.88,207.9,IMD_NORMALS_SYNTHETIC
2007-03-14,2.466,33.01,39.1,8.68,189.5,IMD_NORMALS_SYNTHETIC
2007-03-15,0.0,31.33,41.8,10.9,191.5,IMD_NORMALS_SYNTHETIC
2007-03-16,0.0,31.9,39.0,5.25,191.9,IMD_NORMALS_SYNTHETIC
2007-03-17,0.0,31.09,36.9,5.42,163.9,IMD_NORMALS_SYNTHETIC
2007-03-18,0.0,33.13,30.9,8.6,185.9,IMD_NORMALS_SYNTHETIC
2007-03-19,0.0,28.93,38.6,10.16,194.1,IMD_NORMALS_SYNTHETIC
2007-03-20,3.724,31.9,31.8,6.87,177.6,IMD_NORMALS_SYNTHETIC
2007-03-21,0.0,30.11,42.8,6.6,226.1,IMD_NORMALS_SYNTHETIC
2007-03-22,0.0,28.85,38.4,7.74,194.7,IMD_NORMALS_SYNTHETIC
2007-03-23,0.0,28.23,28.1,4.07,173.6,IMD_NORMALS_SYNTHETIC
2007-03-24,0.0,31.85,35.5,8.71,199.3,IMD_NORMALS_SYNTHETIC
2007-03-25,0.0,31.35,33.7,7.13,219.7,IMD_NORMALS_SYNTHETIC
2007-03-26,0.0,30.45,44.8,9.66,199.0,IMD_NORMALS_SYNTHETIC
2007-03-27,0.0,29.75,40.1,0.9,229.8,IMD_NORMALS_SYNTHETIC
2007-03-28,0.0,31.95,37.6,9.31,198.1,IMD_NORMALS_SYNTHETIC
2007-03-29,0.0,33.44,35.6,4.27,202.2,IMD_NORMALS_SYNTHETIC
2007-03-30,0.0,32.05,46.6,10.39,202.0,IMD_NORMALS_SYNTHETIC
2007-03-31,0.0,28.86,39.7,3.22,191.6,IMD_NORMALS_SYNTHETIC
2007-04-01,0.0,31.27,35.4,6.23,199.5,IMD_NORMALS_SYNTHETIC
2007-04-02,0.0,34.41,37.9,6.57,171.7,IMD_NORMALS_SYNTHETIC
2007-04-03,0.0,34.31,29.7,2.41,205.2,IMD_NORMALS_SYNTHETIC
2007-04-04,0.0,34.14,33.4,4.19,180.0,IMD_NORMALS_SYNTHETIC
2007-04-05,0.0,35.73,33.9,6.67,195.7,IMD_NORMALS_SYNTHETIC
2007-04-06,0.0,34.62,37.1,8.37,221.9,IMD_NORMALS_SYNTHETIC
2007-04-07,0.0,32.98,26.7,9.85,221.5,IMD_NORMALS_SYNTHETIC
2007-04-08,0.0,37.66,36.2,8.97,199.1,IMD_NORMALS_SYNTHETIC
2007-04-09,0.144,34.13,34.8,7.5,213.7,IMD_NORMALS_SYNTHETIC
2007-04-10,0.0,34.54,34.5,4.84,200.8,IMD_NORMALS_SYNTHETIC
2007-04-11,0.0,34.62,38.9,8.59,220.7,IMD_NORMALS_SYNTHETIC
2007-04-12,0.0,38.37,34.5,0.26,207.2,IMD_NORMALS_SYNTHETIC
2007-04-13,0.0,35.82,37.9,7.79,221.4,IMD_NORMALS_SYNTHETIC
2007-04-14,0.0,32.68,37.7,12.54,201.4,IMD_NORMALS_SYNTHETIC
2007-04-15,0.0,34.05,23.5,10.1,215.0,IMD_NORMALS_SYNTHETIC
2007-04-16,0.0,35.73,40.4,5.87,211.5,IMD_NORMALS_SYNTHETIC
2007-04-17,0.0,33.71,36.1,6.99,251.4,IMD_NORMALS_SYNTHETIC
2007-04-18,0.0,35.0,43.0,6.7,207.4,IMD_NORMALS_SYNTHETIC
2007-04-19,0.0,32.06,40.0,13.82,210.8,IMD_NORMALS_SYNTHETIC
2007-04-20,0.0,33.27,38.5,6.53,212.5,IMD_NORMALS_SYNTHETIC
2007-04-21,0.0,37.07,40.3,8.36,189.7,IMD_NORMALS_SYNTHETIC
2007-04-22,0.0,32.82,28.9,12.02,200.5,IMD_NORMALS_SYNTHETIC
2007-04-23,4.481,32.81,39.6,7.65,205.0,IMD_NORMALS_SYNTHETIC
2007-04-24,0.0,34.91,43.9,9.8,173.8,IMD_NORMALS_SYNTHETIC
2007-04-25,0.0,34.67,46.0,8.86,181.9,IMD_NORMALS_SYNTHETIC
2007-04-26,0.0,36.88,39.5,5.98,228.8,IMD_NORMALS_SYNTHETIC
2007-04-27,13.487,35.71,35.7,8.95,212.0,IMD_NORMALS_SYNTHETIC
2007-04-28,0.0,37.52,29.8,9.49,194.1,IMD_NORMALS_SYNTHETIC
2007-04-29,0.0,32.64,29.7,6.91,240.5,IMD_NORMALS_SYNTHETIC
2007-04-30,0.0,31.14,28.1,3.67,185.2,IMD_NORMALS_SYNTHETIC
2007-05-01,0.0,34.28,39.3,9.49,220.7,IMD_NORMALS_SYNTHETIC
2007-05-02,0.0,34.57,41.0,0.44,213.4,IMD_NORMALS_SYNTHETIC
2007-05-03,0.0,32.8,47.3,4.65,255.4,IMD_NORMALS_SYNTHETIC
2007-05-04,0.0,36.58,43.3,8.61,230.0,IMD_NORMALS_SYNTHETIC
2007-05-05,0.0,35.73,39.2,8.82,223.1,IMD_NORMALS_SYNTHETIC
2007-05-06,1.593,35.61,50.5,5.19,203.7,IMD_NORMALS_SYNTHETIC
2007-05-07,0.0,38.28,41.9,9.62,240.1,IMD_NORMALS_SYNTHETIC
2007-05-08,0.0,35.45,36.5,14.24,257.4,IMD_NORMALS_SYNTHETIC
2007-05-09,0.0,35.88,40.5,3.34,237.3,IMD_NORMALS_SYNTHETIC
2007-05-10,0.0,34.95,49.1,5.8,239.7,IMD_NORMALS_SYNTHETIC
2007-05-11,0.0,34.24,46.2,10.74,212.0,IMD_NORMALS_SYNTHETIC
2007-05-12,0.0,35.57,43.0,8.18,222.9,IMD_NORMALS_SYNTHETIC
2007-05-13,0.0,34.38,48.1,11.79,230.3,IMD_NORMALS_SYNTHETIC
2007-05-14,0.0,36.69,48.5,11.23,234.6,IMD_NORMALS_SYNTHETIC
2007-05-15,0.0,34.59,38.8,9.3,227.9,IMD_NORMALS_SYNTHETIC
2007-05-16,0.0,32.6,37.3,5.28,203.6,IMD_NORMALS_SYNTHETIC
2007-05-17,0.0,35.93,46.2,12.04,224.6,IMD_NORMALS_SYNTHETIC
2007-05-18,0.0,36.11,41.9,8.56,203.6,IMD_NORMALS_SYNTHETIC
2007-05-19,0.0,34.51,43.9,8.01,229.2,IMD_NORMALS_SYNTHETIC
2007-05-20,0.0,34.36,50.2,6.41,243.0,IMD_NORMALS_SYNTHETIC
2007-05-21,0.0,35.42,36.6,8.4,252.4,IMD_NORMALS_SYNTHETIC
2007-05-22,6.392,39.45,35.4,5.19,239.0,IMD_NORMALS_SYNTHETIC
2007-05-23,0.0,36.25,39.9,11.88,240.6,IMD_NORMALS_SYNTHETIC
2007-05-24,13.452,34.5,38.1,7.81,207.0,IMD_NORMALS_SYNTHETIC
2007-05-25,0.0,36.53,51.2,13.77,234.6,IMD_NORMALS_SYNTHETIC
2007-05-26,0.0,37.15,45.0,5.17,218.9,IMD_NORMALS_SYNTHETIC
2007-05-27,0.0,35.15,46.8,5.84,238.2,IMD_NORMALS_SYNTHETIC
2007-05-28,0.0,35.51,39.6,8.08,188.5,IMD_NORMALS_SYNTHETIC
2007-05-29,0.0,35.51,47.2,2.94,202.3,IMD_NORMALS_SYNTHETIC
2007-05-30,0.0,34.82,51.2,6.9,227.0,IMD_NORMALS_SYNTHETIC
2007-05-31,0.0,36.97,43.3,6.29,217.3,IMD_NORMALS_SYNTHETIC
2007-06-01,0.0,33.13,71.2,10.73,280.8,IMD_NORMALS_SYNTHETIC
2007-06-02,0.0,33.0,67.5,8.31,231.7,IMD_NORMALS_SYNTHETIC
2007-06-03,4.23,28.22,67.3,12.89,223.7,IMD_NORMALS_SYNTHETIC
2007-06-04,0.0,31.71,59.4,8.77,220.7,IMD_NORMALS_SYNTHETIC
2007-06-05,3.649,32.51,60.2,7.4,223.1,IMD_NORMALS_SYNTHETIC
2007-06-06,0.0,31.02,55.7,8.93,235.7,IMD_NORMALS_SYNTHETIC
2007-06-07,0.0,31.56,48.4,4.95,246.1,IMD_NORMALS_SYNTHETIC
2007-06-08,0.0,28.9,61.2,10.52,274.2,IMD_NORMALS_SYNTHETIC
2007-06-09,0.0,32.71,69.6,9.5,221.9,IMD_NORMALS_SYNTHETIC
2007-06-10,0.0,33.88,67.6,9.1,212.7,IMD_NORMALS_SYNTHETIC
2007-06-11,0.0,30.66,61.3,6.16,222.3,IMD_NORMALS_SYNTHETIC
2007-06-12,0.0,31.07,63.1,8.49,240.8,IMD_NORMALS_SYNTHETIC
2007-06-13,6.413,31.11,61.7,11.05,212.3,IMD_NORMALS_SYNTHETIC
2007-06-14,0.0,32.12,64.9,12.2,259.0,IMD_NORMALS_SYNTHETIC
2007-06-15,0.0,34.3,71.7,6.36,221.9,IMD_NORMALS_SYNTHETIC
2007-06-16,36.763,31.8,73.1,8.35,226.1,IMD_NORMALS_SYNTHETIC
2007-06-17,0.0,29.9,66.2,5.15,238.8,IMD_NORMALS_SYNTHETIC
2007-06-18,0.0,31.98,58.8,9.91,287.6,IMD_NORMALS_SYNTHETIC
2007-06-19,0.0,32.84,71.6,8.83,222.4,IMD_NORMALS_SYNTHETIC
2007-06-20,0.0,31.01,62.4,8.76,221.0,IMD_NORMALS_SYNTHETIC
2007-06-21,5.865,30.93,67.1,12.08,263.5,IMD_NORMALS_SYNTHETIC
2007-06-22,0.0,31.23,66.3,8.49,239.2,IMD_NORMALS_SYNTHETIC
2007-06-23,16.489,32.83,67.8,8.8,246.7,IMD_NORMALS_SYNTHETIC
2007-06-24,2.99,31.48,63.9,6.83,210.9,IMD_NORMALS_SYNTHETIC
2007-06-25,0.0,32.97,60.2,9.33,258.3,IMD_NORMALS_SYNTHETIC
2007-06-26,0.0,36.5,57.3,12.9,208.8,IMD_NORMALS_SYNTHETIC
2007-06-27,10.918,29.86,56.5,4.6,250.1,IMD_NORMALS_SYNTHETIC
2007-06-28,0.0,31.41,66.0,8.61,262.2,IMD_NORMALS_SYNTHETIC
2007-06-29,0.0,28.97,65.0,8.01,268.8,IMD_NORMALS_SYNTHETIC
2007-06-30,0.0,32.76,64.8,5.64,284.5,IMD_NORMALS_SYNTHETIC
2007-07-01,0.0,27.08,79.3,6.75,204.1,IMD_NORMALS_SYNTHETIC
2007-07-02,0.0,29.7,76.2,7.19,240.9,IMD_NORMALS_SYNTHETIC
2007-07-03,0.0,30.1,80.8,5.07,223.3,IMD_NORMALS_SYNTHETIC
2007-07-04,0.0,28.32,77.7,8.93,204.3,IMD_NORMALS_SYNTHETIC
2007-07-05,4.029,27.05,77.3,13.53,245.5,IMD_NORMALS_SYNTHETIC
2007-07-06,30.427,28.47,68.1,9.84,224.8,IMD_NORMALS_SYNTHETIC
2007-07-07,0.0,28.68,71.7,7.98,267.2,IMD_NORMALS_SYNTHETIC
2007-07-08,22.28,28.97,76.8,2.89,178.3,IMD_NORMALS_SYNTHETIC
2007-07-09,14.983,30.12,79.5,7.16,229.9,IMD_NORMALS_SYNTHETIC
2007-07-10,26.671,27.58,73.1,6.15,210.9,IMD_NORMALS_SYNTHETIC
2007-07-11,0.884,26.38,78.0,14.16,230.7,IMD_NORMALS_SYNTHETIC
2007-07-12,0.0,28.15,60.3,1.05,230.4,IMD_NORMALS_SYNTHETIC
2007-07-13,0.169,27.38,67.9,9.24,238.4,IMD_NORMALS_SYNTHETIC
2007-07-14,0.0,30.94,74.2,4.3,198.0,IMD_NORMALS_SYNTHETIC
2007-07-15,0.0,27.86,71.6,4.68,242.7,IMD_NORMALS_SYNTHETIC
2007-07-16,0.0,27.81,70.5,14.55,211.8,IMD_NORMALS_SYNTHETIC
2007-07-17,0.0,30.38,75.4,7.03,241.2,IMD_NORMALS_SYNTHETIC
2007-07-18,0.0,28.87,72.9,8.65,238.9,IMD_NORMALS_SYNTHETIC
2007-07-19,8.844,30.12,70.7,8.25,199.5,IMD_NORMALS_SYNTHETIC
2007-07-20,0.0,32.9,69.2,9.33,222.5,IMD_NORMALS_SYNTHETIC
2007-07-21,13.211,25.18,65.0,11.31,238.6,IMD_NORMALS_SYNTHETIC
2007-07-22,0.0,26.7,70.6,6.54,222.5,IMD_NORMALS_SYNTHETIC
2007-07-23,0.0,28.81,76.7,8.66,231.5,IMD_NORMALS_SYNTHETIC
2007-07-24,0.0,28.58,70.3,10.31,212.8,IMD_NORMALS_SYNTHETIC
2007-07-25,14.448,29.72,82.3,11.83,182.6,IMD_NORMALS_SYNTHETIC
2007-07-26,0.556,30.38,79.6,0.38,212.6,IMD_NORMALS_SYNTHETIC
2007-07-27,0.0,28.83,76.6,6.88,212.6,IMD_NORMALS_SYNTHETIC
2007-07-28,3.032,30.05,68.7,7.01,233.6,IMD_NORMALS_SYNTHETIC
2007-07-29,15.955,31.13,75.2,3.48,247.5,IMD_NORMALS_SYNTHETIC
2007-07-30,0.0,28.53,76.3,8.28,217.9,IMD_NORMALS_SYNTHETIC
2007-07-31,0.0,28.25,73.0,5.5,208.7,IMD_NORMALS_SYNTHETIC
2007-08-01,0.0,32.24,70.7,8.6,206.9,IMD_NORMALS_SYNTHETIC
2007-08-02,0.0,28.87,74.5,12.92,184.4,IMD_NORMALS_SYNTHETIC
2007-08-03,0.0,26.83,81.5,12.08,187.2,IMD_NORMALS_SYNTHETIC
2007-08-04,0.0,28.45,71.4,7.2,216.7,IMD_NORMALS_SYNTHETIC
2007-08-05,11.516,28.77,76.1,8.97,222.4,IMD_NORMALS_SYNTHETIC
2007-08-06,0.0,29.38,73.5,4.27,213.8,IMD_NORMALS_SYNTHETIC
2007-08-07,1.803,28.22,88.6,7.3,184.4,IMD_NORMALS_SYNTHETIC
2007-08-08,0.0,27.26,66.9,6.17,213.9,IMD_NORMALS_SYNTHETIC
2007-08-09,0.0,30.46,76.9,4.31,207.5,IMD_NORMALS_SYNTHETIC
2007-08-10,24.044,29.16,77.5,6.62,235.9,IMD_NORMALS_SYNTHETIC
2007-08-11,3.829,28.2,73.4,7.18,228.2,IMD_NORMALS_SYNTHETIC
2007-08-12,0.0,29.96,73.8,6.8,234.1,IMD_NORMALS_SYNTHETIC
2007-08-13,4.658,25.92,68.6,4.39,194.6,IMD_NORMALS_SYNTHETIC
2007-08-14,3.252,30.89,66.1,11.37,251.2,IMD_NORMALS_SYNTHETIC
2007-08-15,0.0,28.48,66.8,8.01,221.6,IMD_NORMALS_SYNTHETIC
2007-08-16,2.896,27.42,75.6,5.67,184.2,IMD_NORMALS_SYNTHETIC
2007-08-17,19.581,28.32,71.8,8.24,206.5,IMD_NORMALS_SYNTHETIC
2007-08-18,23.244,29.86,74.0,12.37,215.6,IMD_NORMALS_SYNTHETIC
2007-08-19,0.0,29.33,76.5,11.35,204.9,IMD_NORMALS_SYNTHETIC
2007-08-20,0.0,30.74,66.2,13.88,177.1,IMD_NORMALS_SYNTHETIC
2007-08-21,0.0,25.55,78.3,1.76,189.0,IMD_NORMALS_SYNTHETIC
2007-08-22,1.085,25.77,83.1,12.31,172.3,IMD_NORMALS_SYNTHETIC
2007-08-23,0.0,30.15,65.2,11.84,178.9,IMD_NORMALS_SYNTHETIC
2007-08-24,0.0,28.51,77.4,12.24,194.5,IMD_NORMALS_SYNTHETIC
2007-08-25,0.0,30.73,75.1,8.98,194.4,IMD_NORMALS_SYNTHETIC
2007-08-26,24.941,29.26,72.3,1.58,213.6,IMD_NORMALS_SYNTHETIC
2007-08-27,1.061,28.74,73.6,7.41,218.4,IMD_NORMALS_SYNTHETIC
2007-08-28,37.872,28.94,75.8,8.07,258.8,IMD_NORMALS_SYNTHETIC
2007-08-29,0.0,26.84,74.7,9.65,177.7,IMD_NORMALS_SYNTHETIC
2007-08-30,0.0,26.95,77.7,8.05,206.2,IMD_NORMALS_SYNTHETIC
2007-08-31,28.957,28.9,75.5,3.07,217.4,IMD_NORMALS_SYNTHETIC
2007-09-01,0.0,30.63,68.1,8.98,203.9,IMD_NORMALS_SYNTHETIC
2007-09-02,21.169,31.73,63.1,5.69,182.6,IMD_NORMALS_SYNTHETIC
2007-09-03,0.0,30.34,81.4,8.66,205.6,IMD_NORMALS_SYNTHETIC
2007-09-04,52.266,28.07,65.0,8.39,185.2,IMD_NORMALS_SYNTHETIC
2007-09-05,8.384,26.93,80.3,11.36,184.3,IMD_NORMALS_SYNTHETIC
2007-09-06,0.0,28.57,89.5,7.17,196.0,IMD_NORMALS_SYNTHETIC
2007-09-07,0.0,28.94,77.3,7.0,187.8,IMD_NORMALS_SYNTHETIC
2007-09-08,0.0,29.85,79.0,12.62,185.0,IMD_NORMALS_SYNTHETIC
2007-09-09,1.657,28.48,70.6,6.64,200.0,IMD_NORMALS_SYNTHETIC
2007-09-10,0.0,28.66,70.3,9.25,217.2,IMD_NORMALS_SYNTHETIC
2007-09-11,0.0,28.93,80.2,3.39,158.0,IMD_NORMALS_SYNTHETIC
2007-09-12,6.453,29.51,81.1,5.63,175.2,IMD_NORMALS_SYNTHETIC
2007-09-13,0.0,26.3,81.6,12.57,171.4,IMD_NORMALS_SYNTHETIC
2007-09-14,0.0,26.0,65.7,10.84,162.6,IMD_NORMALS_SYNTHETIC
2007-09-15,0.0,27.98,72.3,5.71,208.5,IMD_NORMALS_SYNTHETIC
2007-09-16,0.0,26.34,69.2,5.37,196.5,IMD_NORMALS_SYNTHETIC
2007-09-17,0.0,29.14,77.4,5.9,214.0,IMD_NORMALS_SYNTHETIC
2007-09-18,37.817,27.84,78.6,6.29,209.7,IMD_NORMALS_SYNTHETIC
2007-09-19,0.0,27.3,78.6,9.71,191.3,IMD_NORMALS_SYNTHETIC
2007-09-20,0.0,29.28,80.5,9.09,183.2,IMD_NORMALS_SYNTHETIC
2007-09-21,7.144,28.59,69.8,3.92,216.1,IMD_NORMALS_SYNTHETIC
2007-09-22,0.0,31.05,68.4,7.08,174.0,IMD_NORMALS_SYNTHETIC
2007-09-23,29.744,28.88,74.2,10.89,229.2,IMD_NORMALS_SYNTHETIC
2007-09-24,0.0,28.86,66.7,7.26,186.0,IMD_NORMALS_SYNTHETIC
2007-09-25,0.0,28.38,71.1,10.4,176.4,IMD_NORMALS_SYNTHETIC
2007-09-26,0.0,31.8,74.6,9.18,180.4,IMD_NORMALS_SYNTHETIC
2007-09-27,0.0,25.99,77.1,6.91,204.8,IMD_NORMALS_SYNTHETIC
2007-09-28,0.0,29.69,68.2,7.58,208.0,IMD_NORMALS_SYNTHETIC
2007-09-29,5.826,27.1,72.0,6.18,214.9,IMD_NORMALS_SYNTHETIC
2007-09-30,11.191,29.43,72.5,10.32,177.0,IMD_NORMALS_SYNTHETIC
2007-10-01,0.0,24.83,64.2,6.67,213.0,IMD_NORMALS_SYNTHETIC
2007-10-02,0.0,26.83,61.8,3.42,168.2,IMD_NORMALS_SYNTHETIC
2007-10-03,0.0,28.2,67.1,7.96,196.8,IMD_NORMALS_SYNTHETIC
2007-10-04,0.0,29.95,69.9,6.02,163.0,IMD_NORMALS_SYNTHETIC
2007-10-05,0.0,31.57,69.8,6.47,198.8,IMD_NORMALS_SYNTHETIC
2007-10-06,0.0,28.07,74.4,5.59,207.1,IMD_NORMALS_SYNTHETIC
2007-10-07,0.0,29.0,56.5,4.57,163.1,IMD_NORMALS_SYNTHETIC
2007-10-08,0.0,28.0,66.2,9.67,189.1,IMD_NORMALS_SYNTHETIC
2007-10-09,0.0,26.16,59.6,9.1,181.2,IMD_NORMALS_SYNTHETIC
2007-10-10,0.0,30.29,65.8,5.98,188.5,IMD_NORMALS_SYNTHETIC
2007-10-11,0.0,31.97,58.1,2.3,201.6,IMD_NORMALS_SYNTHETIC
2007-10-12,0.0,30.76,67.7,10.46,168.7,IMD_NORMALS_SYNTHETIC
2007-10-13,0.0,32.47,60.7,7.34,180.5,IMD_NORMALS_SYNTHETIC
2007-10-14,0.0,26.7,72.7,7.81,197.9,IMD_NORMALS_SYNTHETIC
2007-10-15,0.0,28.33,65.9,7.48,182.2,IMD_NORMALS_SYNTHETIC
2007-10-16,0.0,25.96,63.9,6.87,165.2,IMD_NORMALS_SYNTHETIC
2007-10-17,0.0,26.09,72.4,12.43,195.4,IMD_NORMALS_SYNTHETIC
2007-10-18,0.0,29.26,75.4,11.42,174.0,IMD_NORMALS_SYNTHETIC
2007-10-19,0.0,29.1,60.4,7.23,172.3,IMD_NORMALS_SYNTHETIC
2007-10-20,0.0,25.95,67.0,8.52,194.7,IMD_NORMALS_SYNTHETIC
2007-10-21,0.0,28.5,63.5,11.45,170.5,IMD_NORMALS_SYNTHETIC
2007-10-22,0.0,30.79,74.3,9.32,171.3,IMD_NORMALS_SYNTHETIC
2007-10-23,0.0,29.19,63.3,5.28,194.1,IMD_NORMALS_SYNTHETIC
2007-10-24,0.0,25.31,65.1,6.63,195.9,IMD_NORMALS_SYNTHETIC
2007-10-25,5.08,30.66,62.4,7.49,165.7,IMD_NORMALS_SYNTHETIC
2007-10-26,0.901,27.18,60.8,6.83,179.7,IMD_NORMALS_SYNTHETIC
2007-10-27,0.0,26.99,58.5,12.31,156.5,IMD_NORMALS_SYNTHETIC
2007-10-28,0.0,28.66,63.8,6.24,150.1,IMD_NORMALS_SYNTHETIC
2007-10-29,0.0,25.8,69.8,6.77,220.5,IMD_NORMALS_SYNTHETIC
2007-10-30,0.0,28.08,58.9,13.76,179.5,IMD_NORMALS_SYNTHETIC
2007-10-31,25.482,29.97,66.2,6.23,168.9,IMD_NORMALS_SYNTHETIC
2007-11-01,0.0,26.47,60.1,9.12,167.5,IMD_NORMALS_SYNTHETIC
2007-11-02,0.0,24.81,65.4,3.27,161.4,IMD_NORMALS_SYNTHETIC
2007-11-03,0.0,24.97,52.6,13.84,178.2,IMD_NORMALS_SYNTHETIC
2007-11-04,0.0,25.07,53.2,12.13,167.4,IMD_NORMALS_SYNTHETIC
2007-11-05,0.0,28.12,61.4,9.99,146.1,IMD_NORMALS_SYNTHETIC
2007-11-06,0.0,25.14,54.7,11.99,128.0,IMD_NORMALS_SYNTHETIC
2007-11-07,0.0,25.89,61.8,8.77,158.0,IMD_NORMALS_SYNTHETIC
2007-11-08,0.0,29.29,62.5,3.46,168.8,IMD_NORMALS_SYNTHETIC
2007-11-09,0.0,26.57,58.4,11.12,160.6,IMD_NORMALS_SYNTHETIC
2007-11-10,4.121,24.89,53.1,8.4,130.5,IMD_NORMALS_SYNTHETIC
2007-11-11,0.0,26.16,55.0,8.38,167.2,IMD_NORMALS_SYNTHETIC
2007-11-12,0.0,26.64,51.6,7.89,180.1,IMD_NORMALS_SYNTHETIC
2007-11-13,0.0,24.28,48.2,9.17,125.6,IMD_NORMALS_SYNTHETIC
2007-11-14,0.0,26.89,73.1,12.14,179.2,IMD_NORMALS_SYNTHETIC
2007-11-15,0.0,23.21,63.1,12.78,148.3,IMD_NORMALS_SYNTHETIC
2007-11-16,0.0,27.59,54.6,12.42,186.0,IMD_NORMALS_SYNTHETIC
2007-11-17,0.0,24.13,65.3,10.89,152.9,IMD_NORMALS_SYNTHETIC
2007-11-18,0.0,26.42,59.9,9.93,168.5,IMD_NORMALS_SYNTHETIC
2007-11-19,0.0,27.33,60.9,7.39,158.4,IMD_NORMALS_SYNTHETIC
2007-11-20,0.0,27.99,57.1,8.41,154.8,IMD_NORMALS_SYNTHETIC
2007-11-21,0.0,28.27,57.9,2.49,164.8,IMD_NORMALS_SYNTHETIC
2007-11-22,0.0,30.32,51.1,8.87,155.8,IMD_NORMALS_SYNTHETIC
2007-11-23,0.0,28.77,53.7,6.2,177.0,IMD_NORMALS_SYNTHETIC
2007-11-24,0.0,26.28,58.1,10.14,133.7,IMD_NORMALS_SYNTHETIC
2007-11-25,0.0,24.57,53.5,5.74,179.1,IMD_NORMALS_SYNTHETIC
2007-11-26,0.0,24.14,55.3,6.69,143.7,IMD_NORMALS_SYNTHETIC
2007-11-27,0.0,25.01,60.4,6.28,169.0,IMD_NORMALS_SYNTHETIC
2007-11-28,0.0,24.89,56.9,11.12,158.4,IMD_NORMALS_SYNTHETIC
2007-11-29,0.0,27.97,54.4,8.5,190.7,IMD_NORMALS_SYNTHETIC
2007-11-30,0.0,22.82,65.3,12.19,185.5,IMD_NORMALS_SYNTHETIC
2007-12-01,0.0,22.65,57.3,4.32,136.9,IMD_NORMALS_SYNTHETIC
2007-12-02,0.0,21.35,54.2,7.41,153.5,IMD_NORMALS_SYNTHETIC
2007-12-03,13.23,21.83,53.3,8.94,165.1,IMD_NORMALS_SYNTHETIC
2007-12-04,0.0,22.22,57.1,5.47,166.2,IMD_NORMALS_SYNTHETIC
2007-12-05,0.0,23.2,59.6,8.81,163.9,IMD_NORMALS_SYNTHETIC
2007-12-06,0.0,25.65,50.9,7.27,170.7,IMD_NORMALS_SYNTHETIC
2007-12-07,0.0,26.19,55.4,8.61,134.6,IMD_NORMALS_SYNTHETIC
2007-12-08,0.0,24.75,57.4,6.38,129.5,IMD_NORMALS_SYNTHETIC
2007-12-09,0.0,21.63,47.0,8.76,136.8,IMD_NORMALS_SYNTHETIC
2007-12-10,0.0,21.58,61.8,8.49,126.4,IMD_NORMALS_SYNTHETIC
2007-12-11,0.0,25.64,60.9,10.09,132.1,IMD_NORMALS_SYNTHETIC
2007-12-12,0.0,25.4,59.4,11.9,154.4,IMD_NORMALS_SYNTHETIC
2007-12-13,0.0,21.5,53.3,7.27,136.6,IMD_NORMALS_SYNTHETIC
2007-12-14,0.0,23.49,60.8,12.1,121.6,IMD_NORMALS_SYNTHETIC
2007-12-15,0.0,22.55,59.5,7.49,146.1,IMD_NORMALS_SYNTHETIC
2007-12-16,0.0,22.99,58.7,5.35,179.3,IMD_NORMALS_SYNTHETIC
2007-12-17,0.0,23.75,54.1,2.41,164.3,IMD_NORMALS_SYNTHETIC
2007-12-18,0.0,24.76,60.1,10.17,144.2,IMD_NORMALS_SYNTHETIC
2007-12-19,0.0,24.41,66.7,8.56,160.0,IMD_NORMALS_SYNTHETIC
2007-12-20,0.0,22.05,51.6,9.53,152.8,IMD_NORMALS_SYNTHETIC
2007-12-21,0.0,25.89,57.8,4.21,108.4,IMD_NORMALS_SYNTHETIC
2007-12-22,0.0,24.79,57.3,5.45,193.6,IMD_NORMALS_SYNTHETIC
2007-12-23,0.0,21.24,53.3,5.58,184.1,IMD_NORMALS_SYNTHETIC
2007-12-24,0.0,24.8,52.7,5.11,164.8,IMD_NORMALS_SYNTHETIC
2007-12-25,0.0,22.99,62.9,6.13,136.9,IMD_NORMALS_SYNTHETIC
2007-12-26,0.0,24.59,57.3,6.74,202.2,IMD_NORMALS_SYNTHETIC
2007-12-27,0.0,26.22,50.7,13.33,102.5,IMD_NORMALS_SYNTHETIC
2007-12-28,0.0,21.0,62.8,7.25,163.1,IMD_NORMALS_SYNTHETIC
2007-12-29,0.0,22.86,54.9,7.41,167.8,IMD_NORMALS_SYNTHETIC
2007-12-30,0.0,25.96,65.1,5.95,136.8,IMD_NORMALS_SYNTHETIC
2007-12-31,0.0,22.21,53.2,5.61,177.2,IMD_NORMALS_SYNTHETIC
2008-01-01,0.0,25.05,41.1,7.33,185.3,IMD_NORMALS_SYNTHETIC
2008-01-02,0.0,21.27,48.3,12.3,112.4,IMD_NORMALS_SYNTHETIC
2008-01-03,0.0,23.77,50.0,3.63,194.0,IMD_NORMALS_SYNTHETIC
2008-01-04,0.0,25.0,51.0,8.35,171.1,IMD_NORMALS_SYNTHETIC
2008-01-05,0.0,24.61,48.5,9.03,177.3,IMD_NORMALS_SYNTHETIC
2008-01-06,0.0,21.94,58.4,5.79,168.1,IMD_NORMALS_SYNTHETIC
2008-01-07,0.0,24.4,50.8,7.05,123.5,IMD_NORMALS_SYNTHETIC
2008-01-08,0.0,23.37,61.2,5.12,154.5,IMD_NORMALS_SYNTHETIC
2008-01-09,0.0,20.48,60.9,3.89,165.3,IMD_NORMALS_SYNTHETIC
2008-01-10,0.0,26.18,48.2,8.95,148.8,IMD_NORMALS_SYNTHETIC
2008-01-11,0.0,24.86,48.2,6.38,169.9,IMD_NORMALS_SYNTHETIC
2008-01-12,0.0,27.5,40.9,7.95,163.7,IMD_NORMALS_SYNTHETIC
2008-01-13,0.0,26.53,50.9,9.93,169.4,IMD_NORMALS_SYNTHETIC
2008-01-14,0.0,24.99,43.4,3.27,198.2,IMD_NORMALS_SYNTHETIC
2008-01-15,0.0,23.19,57.5,6.6,160.4,IMD_NORMALS_SYNTHETIC
2008-01-16,0.0,22.07,54.6,13.72,198.3,IMD_NORMALS_SYNTHETIC
2008-01-17,0.0,20.87,52.6,6.05,185.8,IMD_NORMALS_SYNTHETIC
2008-01-18,2.418,24.36,40.4,7.53,140.5,IMD_NORMALS_SYNTHETIC
2008-01-19,0.0,21.77,50.4,7.27,158.3,IMD_NORMALS_SYNTHETIC
2008-01-20,0.0,26.01,56.6,9.37,144.1,IMD_NORMALS_SYNTHETIC
2008-01-21,0.0,25.44,49.0,10.28,206.7,IMD_NORMALS_SYNTHETIC
2008-01-22,0.0,23.53,52.4,10.78,185.6,IMD_NORMALS_SYNTHETIC
2008-01-23,0.0,22.86,50.8,1.41,130.1,IMD_NORMALS_SYNTHETIC
2008-01-24,0.0,23.88,56.6,6.22,179.4,IMD_NORMALS_SYNTHETIC
2008-01-25,0.0,22.27,49.4,5.63,188.6,IMD_NORMALS_SYNTHETIC
2008-01-26,0.0,26.37,47.1,9.44,171.1,IMD_NORMALS_SYNTHETIC
2008-01-27,0.0,26.12,47.7,11.96,145.5,IMD_NORMALS_SYNTHETIC
2008-01-28,0.0,25.34,59.5,9.34,182.0,IMD_NORMALS_SYNTHETIC
2008-01-29,0.0,26.22,55.5,6.1,167.6,IMD_NORMALS_SYNTHETIC
2008-01-30,0.0,24.63,53.0,3.9,171.4,IMD_NORMALS_SYNTHETIC
2008-01-31,0.0,24.19,50.7,3.63,142.2,IMD_NORMALS_SYNTHETIC
2008-02-01,0.0,29.45,43.3,6.96,156.5,IMD_NORMALS_SYNTHETIC
2008-02-02,0.0,28.02,45.4,9.55,213.1,IMD_NORMALS_SYNTHETIC
2008-02-03,0.0,29.91,38.4,8.4,175.6,IMD_NORMALS_SYNTHETIC
2008-02-04,0.0,29.01,47.0,6.94,175.0,IMD_NORMALS_SYNTHETIC
2008-02-05,0.0,25.83,40.8,4.17,168.5,IMD_NORMALS_SYNTHETIC
2008-02-06,0.0,27.59,40.3,10.37,170.9,IMD_NORMALS_SYNTHETIC
2008-02-07,0.0,27.87,40.3,10.68,170.7,IMD_NORMALS_SYNTHETIC
2008-02-08,0.0,30.58,37.2,6.72,154.6,IMD_NORMALS_SYNTHETIC
2008-02-09,0.0,26.82,51.5,6.13,224.0,IMD_NORMALS_SYNTHETIC
2008-02-10,0.0,27.41,50.2,7.64,182.5,IMD_NORMALS_SYNTHETIC
2008-02-11,0.0,28.73,40.4,11.47,173.8,IMD_NORMALS_SYNTHETIC
2008-02-12,0.0,24.96,45.2,8.96,185.7,IMD_NORMALS_SYNTHETIC
2008-02-13,0.0,28.81,43.3,6.32,181.7,IMD_NORMALS_SYNTHETIC
2008-02-14,0.0,27.44,56.1,4.63,195.8,IMD_NORMALS_SYNTHETIC
2008-02-15,0.0,28.87,37.9,13.59,211.4,IMD_NORMALS_SYNTHETIC
2008-02-16,0.0,22.67,45.2,7.8,179.5,IMD_NORMALS_SYNTHETIC
2008-02-17,0.0,24.75,51.4,8.56,174.9,IMD_NORMALS_SYNTHETIC
2008-02-18,0.0,29.44,39.8,10.88,166.3,IMD_NORMALS_SYNTHETIC
2008-02-19,0.0,28.59,52.0,7.61,196.3,IMD_NORMALS_SYNTHETIC
2008-02-20,0.0,23.77,50.9,6.32,192.6,IMD_NORMALS_SYNTHETIC
2008-02-21,0.0,24.6,42.5,5.76,203.8,IMD_NORMALS_SYNTHETIC
2008-02-22,0.0,24.62,50.1,11.93,163.7,IMD_NORMALS_SYNTHETIC
2008-02-23,0.0,27.77,51.3,6.11,166.5,IMD_NORMALS_SYNTHETIC
2008-02-24,0.0,28.91,41.0,6.9,189.7,IMD_NORMALS_SYNTHETIC
2008-02-25,0.0,27.06,50.1,7.25,175.1,IMD_NORMALS_SYNTHETIC
2008-02-26,0.0,28.11,48.8,6.19,166.4,IMD_NORMALS_SYNTHETIC
2008-02-27,0.0,28.28,44.3,9.21,175.6,IMD_NORMALS_SYNTHETIC
2008-02-28,0.0,27.52,41.7,11.09,178.0,IMD_NORMALS_SYNTHETIC
2008-02-29,0.0,26.94,49.0,10.45,196.5,IMD_NORMALS_SYNTHETIC
2008-03-01,7.992,33.08,45.9,8.82,212.0,IMD_NORMALS_SYNTHETIC
2008-03-02,0.0,28.28,41.9,9.23,193.5,IMD_NORMALS_SYNTHETIC
2008-03-03,0.0,28.72,40.1,8.97,183.1,IMD_NORMALS_SYNTHETIC
2008-03-04,0.0,26.05,36.3,2.41,200.1,IMD_NORMALS_SYNTHETIC
2008-03-05,0.0,30.57,36.6,10.27,227.1,IMD_NORMALS_SYNTHETIC
2008-03-06,0.0,30.06,40.5,7.26,197.1,IMD_NORMALS_SYNTHETIC
2008-03-07,0.0,31.36,43.9,2.45,193.5,IMD_NORMALS_SYNTHETIC
2008-03-08,0.0,30.51,33.8,11.65,205.9,IMD_NORMALS_SYNTHETIC
2008-03-09,0.0,29.65,37.4,11.89,216.9,IMD_NORMALS_SYNTHETIC
2008-03-10,0.0,27.22,32.2,9.09,188.4,IMD_NORMALS_SYNTHETIC
2008-03-11,0.0,31.08,41.5,5.45,183.6,IMD_NORMALS_SYNTHETIC
2008-03-12,0.0,30.93,41.8,17.74,220.2,IMD_NORMALS_SYNTHETIC
2008-03-13,0.0,32.13,40.0,7.01,207.7,IMD_NORMALS_SYNTHETIC
2008-03-14,0.0,31.15,29.4,9.33,219.8,IMD_NORMALS_SYNTHETIC
2008-03-15,0.0,34.61,40.2,13.22,192.7,IMD_NORMALS_SYNTHETIC
2008-03-16,0.0,29.86,41.8,9.48,175.9,IMD_NORMALS_SYNTHETIC
2008-03-17,0.0,35.78,44.6,5.54,202.6,IMD_NORMALS_SYNTHETIC
2008-03-18,0.0,30.03,32.0,6.96,208.2,IMD_NORMALS_SYNTHETIC
2008-03-19,0.0,27.43,42.1,7.15,206.2,IMD_NORMALS_SYNTHETIC
2008-03-20,0.0,30.9,42.9,5.38,190.2,IMD_NORMALS_SYNTHETIC
2008-03-21,0.0,30.56,35.4,6.74,198.9,IMD_NORMALS_SYNTHETIC
2008-03-22,0.0,29.7,42.9,7.51,186.9,IMD_NORMALS_SYNTHETIC
2008-03-23,0.0,28.22,41.9,6.17,188.9,IMD_NORMALS_SYNTHETIC
2008-03-24,0.0,31.55,45.5,15.95,171.7,IMD_NORMALS_SYNTHETIC
2008-03-25,0.0,31.13,43.7,3.7,211.6,IMD_NORMALS_SYNTHETIC
2008-03-26,0.0,31.57,36.7,3.8,205.9,IMD_NORMALS_SYNTHETIC
2008-03-27,0.0,32.74,41.2,8.95,221.0,IMD_NORMALS_SYNTHETIC
2008-03-28,0.0,31.5,33.2,9.14,201.6,IMD_NORMALS_SYNTHETIC
2008-03-29,0.0,31.73,26.1,4.8,182.4,IMD_NORMALS_SYNTHETIC
2008-03-30,5.443,34.02,41.9,10.03,201.3,IMD_NORMALS_SYNTHETIC
2008-03-31,0.0,31.85,38.6,10.43,188.9,IMD_NORMALS_SYNTHETIC
2008-04-01,0.0,35.42,33.8,7.03,210.0,IMD_NORMALS_SYNTHETIC
2008-04-02,1.049,34.04,39.7,7.88,235.8,IMD_NORMALS_SYNTHETIC
2008-04-03,0.0,33.72,38.7,5.49,225.8,IMD_NORMALS_SYNTHETIC
2008-04-04,0.0,34.36,39.6,6.02,205.4,IMD_NORMALS_SYNTHETIC
2008-04-05,0.0,31.87,31.2,6.97,217.6,IMD_NORMALS_SYNTHETIC
2008-04-06,0.0,32.47,34.8,10.08,216.9,IMD_NORMALS_SYNTHETIC
2008-04-07,0.0,33.04,34.5,4.76,230.1,IMD_NORMALS_SYNTHETIC
2008-04-08,64.623,35.62,32.5,6.34,198.2,IMD_NORMALS_SYNTHETIC
2008-04-09,0.0,37.0,37.2,5.74,209.5,IMD_NORMALS_SYNTHETIC
2008-04-10,0.0,33.92,39.0,9.31,206.7,IMD_NORMALS_SYNTHETIC
2008-04-11,0.0,37.22,29.3,7.7,207.0,IMD_NORMALS_SYNTHETIC
2008-04-12,0.0,34.24,30.6,12.03,205.3,IMD_NORMALS_SYNTHETIC
2008-04-13,0.0,34.51,35.4,9.69,167.2,IMD_NORMALS_SYNTHETIC
2008-04-14,0.0,35.06,30.3,13.24,195.1,IMD_NORMALS_SYNTHETIC
2008-04-15,0.0,33.55,40.3,10.77,213.2,IMD_NORMALS_SYNTHETIC
2008-04-16,0.0,34.9,31.7,5.78,214.6,IMD_NORMALS_SYNTHETIC
2008-04-17,0.0,32.91,41.2,6.06,212.8,IMD_NORMALS_SYNTHETIC
2008-04-18,0.0,32.89,37.4,8.79,244.6,IMD_NORMALS_SYNTHETIC
2008-04-19,0.0,35.24,33.7,9.77,215.3,IMD_NORMALS_SYNTHETIC
2008-04-20,0.0,30.78,36.8,5.86,183.6,IMD_NORMALS_SYNTHETIC
2008-04-21,0.0,33.01,39.5,8.33,222.0,IMD_NORMALS_SYNTHETIC
2008-04-22,0.0,34.48,36.8,6.34,215.5,IMD_NORMALS_SYNTHETIC
2008-04-23,0.0,34.27,36.2,6.89,178.9,IMD_NORMALS_SYNTHETIC
2008-04-24,0.0,34.87,38.3,5.66,193.3,IMD_NORMALS_SYNTHETIC
2008-04-25,0.0,36.51,35.1,11.8,204.9,IMD_NORMALS_SYNTHETIC
2008-04-26,0.0,36.03,40.1,8.93,204.4,IMD_NORMALS_SYNTHETIC
2008-04-27,0.0,35.55,32.1,1.98,200.0,IMD_NORMALS_SYNTHETIC
2008-04-28,0.0,32.85,38.5,4.96,225.7,IMD_NORMALS_SYNTHETIC
2008-04-29,0.0,34.98,35.1,5.95,193.4,IMD_NORMALS_SYNTHETIC
2008-04-30,0.0,37.54,41.0,10.55,170.1,IMD_NORMALS_SYNTHETIC
2008-05-01,10.228,37.39,47.6,4.01,222.7,IMD_NORMALS_SYNTHETIC
2008-05-02,0.0,34.52,40.2,13.24,216.8,IMD_NORMALS_SYNTHETIC
2008-05-03,0.0,34.53,44.6,12.64,231.8,IMD_NORMALS_SYNTHETIC
2008-05-04,7.765,34.38,46.6,6.07,247.0,IMD_NORMALS_SYNTHETIC
2008-05-05,0.0,35.82,34.5,8.03,223.6,IMD_NORMALS_SYNTHETIC
2008-05-06,0.0,35.4,38.1,5.76,259.2,IMD_NORMALS_SYNTHETIC
2008-05-07,0.0,33.49,46.1,5.56,227.0,IMD_NORMALS_SYNTHETIC
2008-05-08,0.595,34.44,52.1,6.74,225.6,IMD_NORMALS_SYNTHETIC
2008-05-09,0.0,35.68,37.0,8.85,207.2,IMD_NORMALS_SYNTHETIC
2008-05-10,0.0,35.38,39.7,3.86,240.2,IMD_NORMALS_SYNTHETIC
2008-05-11,0.0,34.36,42.8,3.4,261.3,IMD_NORMALS_SYNTHETIC
2008-05-12,0.0,36.42,47.5,5.2,237.8,IMD_NORMALS_SYNTHETIC
2008-05-13,0.0,34.15,39.5,6.9,214.3,IMD_NORMALS_SYNTHETIC
2008-05-14,0.0,36.35,49.9,15.56,219.4,IMD_NORMALS_SYNTHETIC
2008-05-15,0.0,34.99,43.8,7.4,219.2,IMD_NORMALS_SYNTHETIC
2008-05-16,0.0,33.45,43.0,8.85,223.7,IMD_NORMALS_SYNTHETIC
2008-05-17,0.0,34.66,44.7,2.99,200.5,IMD_NORMALS_SYNTHETIC
2008-05-18,14.788,40.12,41.9,11.16,243.4,IMD_NORMALS_SYNTHETIC
2008-05-19,0.0,34.33,40.2,6.73,249.8,IMD_NORMALS_SYNTHETIC
2008-05-20,0.0,32.7,43.6,5.93,235.5,IMD_NORMALS_SYNTHETIC
2008-05-21,0.0,32.62,41.3,10.09,213.6,IMD_NORMALS_SYNTHETIC
2008-05-22,0.0,32.99,43.8,8.68,227.0,IMD_NORMALS_SYNTHETIC
2008-05-23,0.0,31.69,42.4,10.08,243.7,IMD_NORMALS_SYNTHETIC
2008-05-24,1.406,36.46,36.5,6.17,218.3,IMD_NORMALS_SYNTHETIC
2008-05-25,0.0,34.4,32.2,6.39,200.5,IMD_NORMALS_SYNTHETIC
2008-05-26,0.0,33.37,44.1,6.5,245.3,IMD_NORMALS_SYNTHETIC
2008-05-27,0.0,32.44,54.8,11.02,282.7,IMD_NORMALS_SYNTHETIC
2008-05-28,0.0,35.51,51.4,11.41,208.6,IMD_NORMALS_SYNTHETIC
2008-05-29,0.0,34.49,43.9,12.48,227.8,IMD_NORMALS_SYNTHETIC
2008-05-30,0.0,35.93,54.4,7.37,242.5,IMD_NORMALS_SYNTHETIC
2008-05-31,0.0,33.16,39.1,9.39,237.1,IMD_NORMALS_SYNTHETIC
2008-06-01,0.0,31.56,66.0,10.01,224.0,IMD_NORMALS_SYNTHETIC
2008-06-02,1.807,32.18,64.7,7.06,234.9,IMD_NORMALS_SYNTHETIC
2008-06-03,8.618,30.52,62.6,9.8,248.4,IMD_NORMALS_SYNTHETIC
2008-06-04,0.0,29.29,57.3,8.65,243.0,IMD_NORMALS_SYNTHETIC
2008-06-05,0.0,30.96,59.2,6.1,247.3,IMD_NORMALS_SYNTHETIC
2008-06-06,0.0,32.29,71.7,7.62,259.1,IMD_NORMALS_SYNTHETIC
2008-06-07,0.0,31.69,66.6,10.15,216.9,IMD_NORMALS_SYNTHETIC
2008-06-08,0.0,28.37,68.5,9.28,239.1,IMD_NORMALS_SYNTHETIC
2008-06-09,0.0,31.21,55.6,5.11,254.1,IMD_NORMALS_SYNTHETIC
2008-06-10,0.0,29.8,65.4,9.87,250.8,IMD_NORMALS_SYNTHETIC
2008-06-11,0.0,27.08,55.6,10.38,236.5,IMD_NORMALS_SYNTHETIC
2008-06-12,0.0,30.02,60.2,7.0,242.6,IMD_NORMALS_SYNTHETIC
2008-06-13,0.0,30.57,66.5,10.35,229.9,IMD_NORMALS_SYNTHETIC
2008-06-14,0.0,33.11,61.2,3.31,230.9,IMD_NORMALS_SYNTHETIC
2008-06-15,0.0,31.15,65.7,6.55,248.5,IMD_NORMALS_SYNTHETIC
2008-06-16,0.0,30.49,63.3,3.66,250.3,IMD_NORMALS_SYNTHETIC
2008-06-17,0.258,32.47,69.7,8.09,261.9,IMD_NORMALS_SYNTHETIC
2008-06-18,0.0,33.21,57.1,11.49,200.6,IMD_NORMALS_SYNTHETIC
2008-06-19,0.0,31.26,69.7,5.87,223.0,IMD_NORMALS_SYNTHETIC
2008-06-20,0.0,33.13,65.8,10.34,241.9,IMD_NORMALS_SYNTHETIC
2008-06-21,0.0,29.74,67.8,5.24,252.0,IMD_NORMALS_SYNTHETIC
2008-06-22,52.544,33.48,63.2,4.39,253.5,IMD_NORMALS_SYNTHETIC
2008-06-23,0.0,28.97,61.6,8.31,218.5,IMD_NORMALS_SYNTHETIC
2008-06-24,0.0,27.99,68.4,9.65,228.3,IMD_NORMALS_SYNTHETIC
2008-06-25,0.0,31.52,58.1,6.27,216.9,IMD_NORMALS_SYNTHETIC
2008-06-26,0.0,30.17,66.9,6.68,223.3,IMD_NORMALS_SYNTHETIC
2008-06-27,0.0,31.06,67.5,11.03,238.0,IMD_NORMALS_SYNTHETIC
2008-06-28,0.371,34.92,61.3,8.04,266.7,IMD_NORMALS_SYNTHETIC
2008-06-29,37.337,32.63,64.2,10.77,246.7,IMD_NORMALS_SYNTHETIC
2008-06-30,32.421,30.91,64.6,11.76,245.9,IMD_NORMALS_SYNTHETIC
2008-07-01,0.0,25.23,79.2,6.54,174.1,IMD_NORMALS_SYNTHETIC
2008-07-02,0.0,27.68,67.0,6.82,237.4,IMD_NORMALS_SYNTHETIC
2008-07-03,23.104,30.09,70.3,6.61,251.7,IMD_NORMALS_SYNTHETIC
2008-07-04,28.527,26.42,73.3,13.47,194.5,IMD_NORMALS_SYNTHETIC
2008-07-05,0.0,29.89,83.1,8.56,214.0,IMD_NORMALS_SYNTHETIC
2008-07-06,0.0,29.92,77.2,11.95,210.6,IMD_NORMALS_SYNTHETIC
2008-07-07,1.08,28.64,71.1,5.38,211.0,IMD_NORMALS_SYNTHETIC
2008-07-08,24.577,27.81,76.2,5.59,217.3,IMD_NORMALS_SYNTHETIC
2008-07-09,0.0,30.38,67.1,5.21,238.3,IMD_NORMALS_SYNTHETIC
2008-07-10,0.0,28.42,79.9,9.1,242.5,IMD_NORMALS_SYNTHETIC
2008-07-11,35.899,29.44,75.0,7.42,189.8,IMD_NORMALS_SYNTHETIC
2008-07-12,0.0,28.87,63.4,5.77,238.2,IMD_NORMALS_SYNTHETIC
2008-07-13,6.195,30.84,75.2,6.3,201.3,IMD_NORMALS_SYNTHETIC
2008-07-14,4.572,32.1,74.5,9.01,218.5,IMD_NORMALS_SYNTHETIC
2008-07-15,0.0,30.24,76.6,7.1,184.5,IMD_NORMALS_SYNTHETIC
2008-07-16,0.163,29.31,77.3,9.47,237.0,IMD_NORMALS_SYNTHETIC
2008-07-17,0.0,28.92,66.1,6.92,260.6,IMD_NORMALS_SYNTHETIC
2008-07-18,0.0,27.09,69.5,3.14,224.8,IMD_NORMALS_SYNTHETIC
2008-07-19,0.0,29.62,69.7,12.53,271.3,IMD_NORMALS_SYNTHETIC
2008-07-20,0.0,27.76,74.5,7.51,232.8,IMD_NORMALS_SYNTHETIC
2008-07-21,12.278,28.85,76.6,10.17,260.6,IMD_NORMALS_SYNTHETIC
2008-07-22,0.0,26.82,72.9,7.19,236.1,IMD_NORMALS_SYNTHETIC
2008-07-23,0.0,31.48,71.8,6.11,192.7,IMD_NORMALS_SYNTHETIC
2008-07-24,0.0,29.01,83.2,4.29,267.6,IMD_NORMALS_SYNTHETIC
2008-07-25,3.115,25.95,80.5,9.45,246.4,IMD_NORMALS_SYNTHETIC
2008-07-26,0.0,31.5,80.8,15.16,207.3,IMD_NORMALS_SYNTHETIC
2008-07-27,0.0,29.48,69.6,9.28,214.3,IMD_NORMALS_SYNTHETIC
2008-07-28,0.0,30.93,68.4,7.46,253.2,IMD_NORMALS_SYNTHETIC
2008-07-29,0.0,31.83,79.8,5.76,243.4,IMD_NORMALS_SYNTHETIC
2008-07-30,15.002,30.98,74.8,14.02,161.0,IMD_NORMALS_SYNTHETIC
2008-07-31,0.0,26.78,68.1,14.15,215.0,IMD_NORMALS_SYNTHETIC
2008-08-01,0.0,28.44,71.3,4.84,231.6,IMD_NORMALS_SYNTHETIC
2008-08-02,6.811,28.11,78.0,5.07,212.9,IMD_NORMALS_SYNTHETIC
2008-08-03,1.573,30.04,78.2,6.12,209.2,IMD_NORMALS_SYNTHETIC
2008-08-04,0.0,29.4,74.2,11.06,208.1,IMD_NORMALS_SYNTHETIC
2008-08-05,8.985,27.15,70.1,10.99,193.2,IMD_NORMALS_SYNTHETIC
2008-08-06,5.416,27.8,86.3,11.29,197.6,IMD_NORMALS_SYNTHETIC
2008-08-07,2.403,26.85,74.4,6.04,214.4,IMD_NORMALS_SYNTHETIC
2008-08-08,2.303,27.04,81.1,9.04,207.1,IMD_NORMALS_SYNTHETIC
2008-08-09,1.526,25.06,68.7,9.59,206.4,IMD_NORMALS_SYNTHETIC
2008-08-10,0.0,33.53,79.6,7.86,209.2,IMD_NORMALS_SYNTHETIC
2008-08-11,0.0,27.82,79.0,9.55,203.8,IMD_NORMALS_SYNTHETIC
2008-08-12,0.0,31.61,78.2,5.07,166.9,IMD_NORMALS_SYNTHETIC
2008-08-13,0.0,28.47,71.4,9.56,198.0,IMD_NORMALS_SYNTHETIC
2008-08-14,0.0,28.6,73.6,5.4,225.1,IMD_NORMALS_SYNTHETIC
2008-08-15,11.219,26.4,70.7,4.36,199.6,IMD_NORMALS_SYNTHETIC
2008-08-16,0.0,28.1,74.7,7.46,200.2,IMD_NORMALS_SYNTHETIC
2008-08-17,0.0,30.49,68.9,6.12,209.5,IMD_NORMALS_SYNTHETIC
2008-08-18,29.833,29.59,77.0,13.37,241.7,IMD_NORMALS_SYNTHETIC
2008-08-19,0.0,29.67,82.2,9.85,227.9,IMD_NORMALS_SYNTHETIC
2008-08-20,0.0,28.23,73.0,4.45,199.1,IMD_NORMALS_SYNTHETIC
2008-08-21,2.11,25.94,69.1,9.38,191.2,IMD_NORMALS_SYNTHETIC
2008-08-22,0.0,30.08,84.2,4.22,183.3,IMD_NORMALS_SYNTHETIC
2008-08-23,9.94,27.74,79.8,5.44,247.8,IMD_NORMALS_SYNTHETIC
2008-08-24,2.619,29.99,65.9,4.95,223.7,IMD_NORMALS_SYNTHETIC
2008-08-25,1.694,34.38,71.3,11.47,214.4,IMD_NORMALS_SYNTHETIC
2008-08-26,0.0,32.3,73.5,11.74,216.1,IMD_NORMALS_SYNTHETIC
2008-08-27,0.0,29.49,80.6,11.14,202.8,IMD_NORMALS_SYNTHETIC
2008-08-28,0.0,29.87,76.8,12.8,208.7,IMD_NORMALS_SYNTHETIC
2008-08-29,0.0,28.96,80.1,8.78,225.5,IMD_NORMALS_SYNTHETIC
2008-08-30,0.418,24.82,75.0,3.48,242.8,IMD_NORMALS_SYNTHETIC
2008-08-31,0.0,28.51,80.7,7.15,194.1,IMD_NORMALS_SYNTHETIC
2008-09-01,49.837,28.14,76.2,13.07,203.7,IMD_NORMALS_SYNTHETIC
2008-09-02,0.0,30.05,66.0,14.35,180.4,IMD_NORMALS_SYNTHETIC
2008-09-03,0.0,30.57,67.2,14.47,180.8,IMD_NORMALS_SYNTHETIC
2008-09-04,6.768,28.9,69.8,10.49,182.0,IMD_NORMALS_SYNTHETIC
2008-09-05,0.0,29.21,71.1,4.43,155.4,IMD_NORMALS_SYNTHETIC
2008-09-06,0.0,27.43,78.2,4.59,207.1,IMD_NORMALS_SYNTHETIC
2008-09-07,0.0,27.93,77.6,8.86,199.5,IMD_NORMALS_SYNTHETIC
2008-09-08,0.0,27.12,72.0,9.11,175.3,IMD_NORMALS_SYNTHETIC
2008-09-09,0.0,30.02,78.4,11.62,162.1,IMD_NORMALS_SYNTHETIC
2008-09-10,4.099,28.13,74.8,6.76,210.7,IMD_NORMALS_SYNTHETIC
2008-09-11,0.0,26.24,71.6,9.76,208.9,IMD_NORMALS_SYNTHETIC
2008-09-12,0.0,32.18,74.0,7.81,182.3,IMD_NORMALS_SYNTHETIC
2008-09-13,0.0,27.6,78.7,4.07,246.6,IMD_NORMALS_SYNTHETIC
2008-09-14,0.0,26.22,76.3,13.25,218.3,IMD_NORMALS_SYNTHETIC
2008-09-15,10.488,29.2,74.4,12.85,191.3,IMD_NORMALS_SYNTHETIC
2008-09-16,0.0,28.05,69.3,7.94,162.2,IMD_NORMALS_SYNTHETIC
2008-09-17,0.0,26.53,69.1,4.97,168.5,IMD_NORMALS_SYNTHETIC
2008-09-18,35.898,25.38,80.9,12.02,201.4,IMD_NORMALS_SYNTHETIC
2008-09-19,12.243,32.26,75.6,4.6,181.7,IMD_NORMALS_SYNTHETIC
2008-09-20,3.675,26.51,81.1,3.61,233.2,IMD_NORMALS_SYNTHETIC
2008-09-21,0.0,27.63,67.5,7.88,201.3,IMD_NORMALS_SYNTHETIC
2008-09-22,0.0,27.91,72.3,6.9,185.9,IMD_NORMALS_SYNTHETIC
2008-09-23,0.0,29.54,71.7,9.2,190.3,IMD_NORMALS_SYNTHETIC
2008-09-24,0.0,29.01,68.8,8.42,198.2,IMD_NORMALS_SYNTHETIC
2008-09-25,0.0,29.92,75.6,14.88,191.4,IMD_NORMALS_SYNTHETIC
2008-09-26,0.0,30.91,69.6,8.7,189.7,IMD_NORMALS_SYNTHETIC
2008-09-27,4.856,29.91,75.3,2.56,184.7,IMD_NORMALS_SYNTHETIC
2008-09-28,0.0,28.05,73.3,4.99,213.4,IMD_NORMALS_SYNTHETIC
2008-09-29,0.0,29.36,67.7,5.59,211.2,IMD_NORMALS_SYNTHETIC
2008-09-30,0.0,30.35,68.1,9.0,213.1,IMD_NORMALS_SYNTHETIC
2008-10-01,0.0,27.89,48.9,10.13,198.6,IMD_NORMALS_SYNTHETIC
2008-10-02,6.233,29.02,66.8,5.2,236.9,IMD_NORMALS_SYNTHETIC
2008-10-03,17.536,31.08,68.9,9.55,147.9,IMD_NORMALS_SYNTHETIC
2008-10-04,0.0,29.67,76.9,11.49,193.3,IMD_NORMALS_SYNTHETIC
2008-10-05,0.0,28.7,79.5,10.21,196.3,IMD_NORMALS_SYNTHETIC
2008-10-06,0.0,28.56,70.0,10.13,164.0,IMD_NORMALS_SYNTHETIC
2008-10-07,20.192,22.52,59.7,10.25,180.1,IMD_NORMALS_SYNTHETIC
2008-10-08,0.0,26.41,62.4,9.11,195.3,IMD_NORMALS_SYNTHETIC
2008-10-09,6.946,27.8,57.9,8.07,184.2,IMD_NORMALS_SYNTHETIC
2008-10-10,0.0,29.82,59.0,7.92,189.3,IMD_NORMALS_SYNTHETIC
2008-10-11,0.0,28.55,65.7,6.73,170.1,IMD_NORMALS_SYNTHETIC
2008-10-12,0.0,25.4,57.3,12.17,162.8,IMD_NORMALS_SYNTHETIC
2008-10-13,0.0,28.06,65.6,6.2,141.0,IMD_NORMALS_SYNTHETIC
2008-10-14,0.0,30.18,73.2,9.72,165.8,IMD_NORMALS_SYNTHETIC
2008-10-15,2.276,30.77,72.5,11.91,177.1,IMD_NORMALS_SYNTHETIC
2008-10-16,0.0,29.51,60.4,11.21,159.9,IMD_NORMALS_SYNTHETIC
2008-10-17,0.0,29.1,68.6,4.77,195.6,IMD_NORMALS_SYNTHETIC
2008-10-18,0.0,29.67,67.4,10.19,169.9,IMD_NORMALS_SYNTHETIC
2008-10-19,0.0,27.07,75.1,8.05,178.6,IMD_NORMALS_SYNTHETIC
2008-10-20,0.0,33.62,58.3,10.85,191.6,IMD_NORMALS_SYNTHETIC
2008-10-21,0.0,30.35,59.8,13.9,176.3,IMD_NORMALS_SYNTHETIC
2008-10-22,5.216,27.5,66.7,8.49,194.7,IMD_NORMALS_SYNTHETIC
2008-10-23,0.0,29.08,60.4,9.11,210.0,IMD_NORMALS_SYNTHETIC
2008-10-24,29.958,26.78,66.2,8.96,209.4,IMD_NORMALS_SYNTHETIC
2008-10-25,0.0,30.39,60.5,6.29,187.2,IMD_NORMALS_SYNTHETIC
2008-10-26,0.0,29.75,65.1,6.99,183.0,IMD_NORMALS_SYNTHETIC
2008-10-27,0.0,25.58,60.9,8.73,174.5,IMD_NORMALS_SYNTHETIC
2008-10-28,0.0,31.15,60.5,6.3,181.1,IMD_NORMALS_SYNTHETIC
2008-10-29,0.0,26.15,61.9,3.66,166.6,IMD_NORMALS_SYNTHETIC
2008-10-30,1.708,25.29,60.9,11.32,147.9,IMD_NORMALS_SYNTHETIC
2008-10-31,0.0,28.72,55.8,8.54,205.3,IMD_NORMALS_SYNTHETIC
2008-11-01,0.0,26.87,54.5,9.17,152.5,IMD_NORMALS_SYNTHETIC
2008-11-02,0.0,23.06,63.5,11.97,144.2,IMD_NORMALS_SYNTHETIC
2008-11-03,0.0,28.3,57.6,6.45,180.2,IMD_NORMALS_SYNTHETIC
2008-11-04,0.0,27.1,55.7,6.87,183.5,IMD_NORMALS_SYNTHETIC
2008-11-05,0.0,25.11,68.2,9.93,165.3,IMD_NORMALS_SYNTHETIC
2008-11-06,0.0,27.98,49.1,12.23,189.0,IMD_NORMALS_SYNTHETIC
2008-11-07,0.0,25.98,54.9,8.56,210.5,IMD_NORMALS_SYNTHETIC
2008-11-08,0.0,24.75,52.4,13.0,157.8,IMD_NORMALS_SYNTHETIC
2008-11-09,0.0,27.89,58.2,4.43,169.7,IMD_NORMALS_SYNTHETIC
2008-11-10,0.0,24.91,60.6,8.11,151.6,IMD_NORMALS_SYNTHETIC
2008-11-11,2.742,27.39,61.0,7.22,180.1,IMD_NORMALS_SYNTHETIC
2008-11-12,0.0,28.16,62.7,5.4,186.9,IMD_NORMALS_SYNTHETIC
2008-11-13,0.0,25.14,55.6,11.32,155.9,IMD_NORMALS_SYNTHETIC
2008-11-14,0.0,25.61,47.6,5.55,151.0,IMD_NORMALS_SYNTHETIC
2008-11-15,14.782,24.97,65.6,5.89,167.2,IMD_NORMALS_SYNTHETIC
2008-11-16,0.0,23.67,51.7,12.07,156.7,IMD_NORMALS_SYNTHETIC
2008-11-17,0.0,26.42,64.2,13.93,156.6,IMD_NORMALS_SYNTHETIC
2008-11-18,0.0,23.96,59.9,8.12,163.7,IMD_NORMALS_SYNTHETIC
2008-11-19,1.665,23.48,54.7,7.55,163.0,IMD_NORMALS_SYNTHETIC
2008-11-20,0.0,25.39,62.3,8.24,170.2,IMD_NORMALS_SYNTHETIC
2008-11-21,0.0,25.36,60.5,7.15,136.5,IMD_NORMALS_SYNTHETIC
2008-11-22,0.0,26.54,62.1,6.95,153.3,IMD_NORMALS_SYNTHETIC
2008-11-23,0.0,26.92,56.8,11.13,143.6,IMD_NORMALS_SYNTHETIC
2008-11-24,0.0,30.2,55.7,7.6,182.4,IMD_NORMALS_SYNTHETIC
2008-11-25,0.0,26.61,58.2,7.88,177.3,IMD_NORMALS_SYNTHETIC
2008-11-26,0.0,27.25,54.4,5.07,162.7,IMD_NORMALS_SYNTHETIC
2008-11-27,0.0,27.41,60.4,8.51,162.7,IMD_NORMALS_SYNTHETIC
2008-11-28,0.0,28.45,61.0,4.51,175.4,IMD_NORMALS_SYNTHETIC
2008-11-29,0.0,28.12,53.7,9.59,150.5,IMD_NORMALS_SYNTHETIC
2008-11-30,20.152,24.86,55.5,6.62,163.9,IMD_NORMALS_SYNTHETIC
2008-12-01,26.937,27.72,61.4,11.97,175.1,IMD_NORMALS_SYNTHETIC
2008-12-02,0.0,24.91,47.6,5.51,188.1,IMD_NORMALS_SYNTHETIC
2008-12-03,2.611,23.97,51.9,3.57,133.4,IMD_NORMALS_SYNTHETIC
2008-12-04,0.0,23.81,53.1,7.48,121.8,IMD_NORMALS_SYNTHETIC
2008-12-05,0.0,24.21,51.2,12.27,142.8,IMD_NORMALS_SYNTHETIC
2008-12-06,0.0,23.17,55.9,6.03,159.4,IMD_NORMALS_SYNTHETIC
2008-12-07,0.0,22.16,44.9,7.02,144.3,IMD_NORMALS_SYNTHETIC
2008-12-08,0.0,21.21,55.7,13.52,186.6,IMD_NORMALS_SYNTHETIC
2008-12-09,0.0,22.48,60.8,8.91,147.6,IMD_NORMALS_SYNTHETIC
2008-12-10,0.0,23.53,55.9,6.55,151.0,IMD_NORMALS_SYNTHETIC
2008-12-11,0.0,24.82,57.1,11.85,176.6,IMD_NORMALS_SYNTHETIC
2008-12-12,0.0,23.85,57.9,7.76,144.5,IMD_NORMALS_SYNTHETIC
2008-12-13,0.0,25.61,58.2,6.99,174.3,IMD_NORMALS_SYNTHETIC
2008-12-14,0.0,23.7,64.4,8.73,144.4,IMD_NORMALS_SYNTHETIC
2008-12-15,0.0,26.34,64.6,9.09,161.4,IMD_NORMALS_SYNTHETIC
2008-12-16,0.0,25.22,62.4,9.86,166.8,IMD_NORMALS_SYNTHETIC
2008-12-17,0.0,23.69,50.0,12.16,154.2,IMD_NORMALS_SYNTHETIC
2008-12-18,0.0,23.26,58.1,3.48,164.6,IMD_NORMALS_SYNTHETIC
2008-12-19,0.0,22.71,62.3,11.97,189.1,IMD_NORMALS_SYNTHETIC
2008-12-20,0.0,25.54,49.1,9.07,141.3,IMD_NORMALS_SYNTHETIC
2008-12-21,0.0,24.63,46.6,5.67,154.1,IMD_NORMALS_SYNTHETIC
2008-12-22,0.0,22.37,56.3,11.38,169.6,IMD_NORMALS_SYNTHETIC
2008-12-23,0.0,26.0,58.3,5.09,170.7,IMD_NORMALS_SYNTHETIC
2008-12-24,0.0,23.36,46.4,6.4,121.7,IMD_NORMALS_SYNTHETIC
2008-12-25,0.0,25.83,59.4,7.79,103.6,IMD_NORMALS_SYNTHETIC
2008-12-26,0.0,25.28,59.9,11.17,123.2,IMD_NORMALS_SYNTHETIC
2008-12-27,0.0,22.45,52.7,6.32,139.5,IMD_NORMALS_SYNTHETIC
2008-12-28,6.191,26.25,55.6,5.06,154.7,IMD_NORMALS_SYNTHETIC
2008-12-29,0.0,22.59,60.5,12.04,169.7,IMD_NORMALS_SYNTHETIC
2008-12-30,36.269,24.2,54.3,5.43,128.5,IMD_NORMALS_SYNTHETIC
2008-12-31,0.0,23.58,55.3,6.48,123.7,IMD_NORMALS_SYNTHETIC
2009-01-01,0.0,27.52,56.7,8.33,173.7,IMD_NORMALS_SYNTHETIC
2009-01-02,0.0,26.67,48.1,6.47,129.4,IMD_NORMALS_SYNTHETIC
2009-01-03,0.0,22.99,53.8,6.13,178.0,IMD_NORMALS_SYNTHETIC
2009-01-04,0.0,27.49,65.7,4.49,115.7,IMD_NORMALS_SYNTHETIC
2009-01-05,0.0,26.17,54.9,12.62,168.7,IMD_NORMALS_SYNTHETIC
2009-01-06,0.0,22.53,51.2,4.69,141.4,IMD_NORMALS_SYNTHETIC
2009-01-07,0.0,24.83,53.0,6.33,165.4,IMD_NORMALS_SYNTHETIC
2009-01-08,0.0,25.31,45.0,6.23,169.9,IMD_NORMALS_SYNTHETIC
2009-01-09,0.456,25.06,48.3,4.91,182.0,IMD_NORMALS_SYNTHETIC
2009-01-10,0.0,24.7,52.1,11.24,139.8,IMD_NORMALS_SYNTHETIC
2009-01-11,0.0,22.24,50.2,6.93,181.8,IMD_NORMALS_SYNTHETIC
2009-01-12,0.0,22.66,50.4,6.16,161.3,IMD_NORMALS_SYNTHETIC
2009-01-13,0.0,22.32,52.8,10.97,150.5,IMD_NORMALS_SYNTHETIC
2009-01-14,0.0,21.36,42.7,6.65,184.1,IMD_NORMALS_SYNTHETIC
2009-01-15,0.0,19.67,51.7,9.27,153.3,IMD_NORMALS_SYNTHETIC
2009-01-16,0.0,22.61,59.3,9.65,136.6,IMD_NORMALS_SYNTHETIC
2009-01-17,0.0,24.62,43.3,9.97,158.6,IMD_NORMALS_SYNTHETIC
2009-01-18,0.0,23.08,61.7,12.88,176.2,IMD_NORMALS_SYNTHETIC
2009-01-19,0.0,26.93,43.1,12.1,173.7,IMD_NORMALS_SYNTHETIC
2009-01-20,0.0,24.51,50.8,12.16,175.0,IMD_NORMALS_SYNTHETIC
2009-01-21,0.0,24.17,58.3,7.02,166.1,IMD_NORMALS_SYNTHETIC
2009-01-22,0.0,22.06,55.2,8.9,154.4,IMD_NORMALS_SYNTHETIC
2009-01-23,0.0,23.62,42.4,10.03,200.6,IMD_NORMALS_SYNTHETIC
2009-01-24,0.0,25.36,57.5,4.33,159.7,IMD_NORMALS_SYNTHETIC
2009-01-25,0.0,26.37,51.6,6.5,150.1,IMD_NORMALS_SYNTHETIC
2009-01-26,0.0,24.15,57.3,7.83,174.7,IMD_NORMALS_SYNTHETIC
2009-01-27,0.0,25.87,54.4,9.5,142.0,IMD_NORMALS_SYNTHETIC
2009-01-28,0.0,24.19,50.8,2.29,196.1,IMD_NORMALS_SYNTHETIC
2009-01-29,0.0,22.26,59.1,12.43,106.6,IMD_NORMALS_SYNTHETIC
2009-01-30,0.0,22.09,50.2,6.12,185.6,IMD_NORMALS_SYNTHETIC
2009-01-31,0.0,26.2,64.4,11.76,157.7,IMD_NORMALS_SYNTHETIC
2009-02-01,0.0,29.32,38.9,5.81,192.3,IMD_NORMALS_SYNTHETIC
2009-02-02,0.0,25.24,50.7,8.75,189.1,IMD_NORMALS_SYNTHETIC
2009-02-03,0.0,27.24,45.2,11.39,166.2,IMD_NORMALS_SYNTHETIC
2009-02-04,0.0,26.91,37.5,2.31,185.8,IMD_NORMALS_SYNTHETIC
2009-02-05,0.0,28.16,48.9,9.72,174.6,IMD_NORMALS_SYNTHETIC
2009-02-06,0.0,24.69,47.0,3.16,200.7,IMD_NORMALS_SYNTHETIC
2009-02-07,0.0,27.46,35.9,3.68,195.4,IMD_NORMALS_SYNTHETIC
2009-02-08,0.0,26.71,52.5,5.6,173.3,IMD_NORMALS_SYNTHETIC
2009-02-09,0.0,29.02,41.5,11.76,173.0,IMD_NORMALS_SYNTHETIC
2009-02-10,0.0,28.12,46.7,13.37,145.5,IMD_NORMALS_SYNTHETIC
2009-02-11,0.0,25.97,39.8,13.55,183.4,IMD_NORMALS_SYNTHETIC
2009-02-12,0.0,25.76,47.3,7.12,183.7,IMD_NORMALS_SYNTHETIC
2009-02-13,0.0,28.11,45.8,9.09,188.5,IMD_NORMALS_SYNTHETIC
2009-02-14,0.0,29.83,41.0,13.76,169.7,IMD_NORMALS_SYNTHETIC
2009-02-15,0.0,26.1,53.7,11.57,188.7,IMD_NORMALS_SYNTHETIC
2009-02-16,0.0,24.3,42.6,7.16,172.6,IMD_NORMALS_SYNTHETIC
2009-02-17,1.76,25.4,51.5,12.48,181.7,IMD_NORMALS_SYNTHETIC
2009-02-18,0.0,27.46,39.5,10.94,204.2,IMD_NORMALS_SYNTHETIC
2009-02-19,0.0,26.42,39.0,7.56,179.6,IMD_NORMALS_SYNTHETIC
2009-02-20,0.0,31.62,50.7,4.87,175.4,IMD_NORMALS_SYNTHETIC
2009-02-21,0.0,26.1,42.1,11.86,153.8,IMD_NORMALS_SYNTHETIC
2009-02-22,0.0,25.11,40.5,11.73,201.1,IMD_NORMALS_SYNTHETIC
2009-02-23,0.0,24.94,38.4,4.04,175.2,IMD_NORMALS_SYNTHETIC
2009-02-24,0.0,23.34,44.4,10.1,167.0,IMD_NORMALS_SYNTHETIC
2009-02-25,0.0,26.97,49.6,4.83,166.2,IMD_NORMALS_SYNTHETIC
2009-02-26,0.0,26.9,38.1,11.29,207.8,IMD_NORMALS_SYNTHETIC
2009-02-27,0.0,25.07,47.6,9.02,156.9,IMD_NORMALS_SYNTHETIC
2009-02-28,0.0,23.28,41.5,7.81,202.0,IMD_NORMALS_SYNTHETIC
2009-03-01,0.0,32.78,43.5,1.89,204.7,IMD_NORMALS_SYNTHETIC
2009-03-02,0.0,29.55,31.8,7.7,165.6,IMD_NORMALS_SYNTHETIC
2009-03-03,0.0,28.64,33.4,8.44,192.6,IMD_NORMALS_SYNTHETIC
2009-03-04,0.0,30.27,34.2,8.35,193.0,IMD_NORMALS_SYNTHETIC
2009-03-05,0.0,31.51,35.4,3.12,177.8,IMD_NORMALS_SYNTHETIC
2009-03-06,0.0,29.38,40.4,10.21,174.2,IMD_NORMALS_SYNTHETIC
2009-03-07,0.0,30.77,48.5,11.79,165.5,IMD_NORMALS_SYNTHETIC
2009-03-08,0.0,34.34,33.3,10.78,216.2,IMD_NORMALS_SYNTHETIC
2009-03-09,0.0,32.07,29.9,6.75,157.4,IMD_NORMALS_SYNTHETIC
2009-03-10,0.0,32.06,41.0,9.08,197.6,IMD_NORMALS_SYNTHETIC
2009-03-11,0.0,32.82,38.2,8.44,153.1,IMD_NORMALS_SYNTHETIC
2009-03-12,0.0,31.53,34.1,15.09,195.8,IMD_NORMALS_SYNTHETIC
2009-03-13,0.0,32.35,38.5,10.72,186.3,IMD_NORMALS_SYNTHETIC
2009-03-14,0.0,31.1,39.6,12.45,198.4,IMD_NORMALS_SYNTHETIC
2009-03-15,0.0,30.94,33.6,9.57,183.5,IMD_NORMALS_SYNTHETIC
2009-03-16,0.0,30.94,49.0,10.3,203.8,IMD_NORMALS_SYNTHETIC
2009-03-17,0.0,32.27,45.3,6.55,198.3,IMD_NORMALS_SYNTHETIC
2009-03-18,0.0,31.56,33.1,10.15,207.2,IMD_NORMALS_SYNTHETIC
2009-03-19,0.0,31.96,41.6,8.54,209.3,IMD_NORMALS_SYNTHETIC
2009-03-20,0.0,31.33,44.8,10.73,215.9,IMD_NORMALS_SYNTHETIC
2009-03-21,0.0,30.78,35.5,4.45,182.5,IMD_NORMALS_SYNTHETIC
2009-03-22,0.0,29.83,32.2,6.26,182.7,IMD_NORMALS_SYNTHETIC
2009-03-23,0.0,32.77,40.1,11.36,198.5,IMD_NORMALS_SYNTHETIC
2009-03-24,0.0,30.04,42.7,5.34,182.8,IMD_NORMALS_SYNTHETIC
2009-03-25,0.0,30.29,35.9,7.51,168.8,IMD_NORMALS_SYNTHETIC
2009-03-26,17.156,30.79,46.5,12.61,162.3,IMD_NORMALS_SYNTHETIC
2009-03-27,0.0,33.21,37.3,4.53,196.6,IMD_NORMALS_SYNTHETIC
2009-03-28,0.0,28.67,36.5,3.99,181.0,IMD_NORMALS_SYNTHETIC
2009-03-29,0.0,31.49,39.5,13.0,198.3,IMD_NORMALS_SYNTHETIC
2009-03-30,0.0,30.17,40.9,7.76,200.2,IMD_NORMALS_SYNTHETIC
2009-03-31,0.0,32.57,35.5,2.72,175.6,IMD_NORMALS_SYNTHETIC
2009-04-01,0.0,33.84,32.4,4.92,228.6,IMD_NORMALS_SYNTHETIC
2009-04-02,0.0,35.36,35.7,7.95,177.6,IMD_NORMALS_SYNTHETIC
2009-04-03,0.0,32.31,36.6,13.81,224.8,IMD_NORMALS_SYNTHETIC
2009-04-04,0.0,32.94,34.8,7.83,216.4,IMD_NORMALS_SYNTHETIC
2009-04-05,0.0,34.68,32.9,10.0,186.2,IMD_NORMALS_SYNTHETIC
2009-04-06,8.182,33.73,39.2,10.63,208.1,IMD_NORMALS_SYNTHETIC
2009-04-07,0.0,33.97,36.5,13.72,202.0,IMD_NORMALS_SYNTHETIC
2009-04-08,0.0,36.06,34.5,9.72,207.3,IMD_NORMALS_SYNTHETIC
2009-04-09,0.0,34.55,28.8,6.99,161.4,IMD_NORMALS_SYNTHETIC
2009-04-10,0.0,33.86,37.3,8.56,210.1,IMD_NORMALS_SYNTHETIC
2009-04-11,8.622,35.99,32.4,9.32,210.7,IMD_NORMALS_SYNTHETIC
2009-04-12,0.0,35.28,33.8,3.79,256.2,IMD_NORMALS_SYNTHETIC
2009-04-13,3.723,31.44,33.0,7.91,207.5,IMD_NORMALS_SYNTHETIC
2009-04-14,0.0,31.73,42.8,5.14,181.8,IMD_NORMALS_SYNTHETIC
2009-04-15,0.0,35.77,51.5,8.26,206.7,IMD_NORMALS_SYNTHETIC
2009-04-16,4.929,32.22,49.1,7.98,232.1,IMD_NORMALS_SYNTHETIC
2009-04-17,0.0,32.78,32.4,4.85,221.2,IMD_NORMALS_SYNTHETIC
2009-04-18,0.0,35.78,38.1,8.51,250.2,IMD_NORMALS_SYNTHETIC
2009-04-19,0.0,32.97,29.9,2.1,220.9,IMD_NORMALS_SYNTHETIC
2009-04-20,0.0,35.05,32.2,6.05,190.7,IMD_NORMALS_SYNTHETIC
2009-04-21,0.0,34.35,32.3,9.49,219.0,IMD_NORMALS_SYNTHETIC
2009-04-22,0.0,36.22,29.2,6.49,216.9,IMD_NORMALS_SYNTHETIC
2009-04-23,0.0,31.22,33.0,3.01,215.7,IMD_NORMALS_SYNTHETIC
2009-04-24,0.0,31.9,31.2,6.2,199.6,IMD_NORMALS_SYNTHETIC
2009-04-25,0.0,32.34,26.6,10.67,250.3,IMD_NORMALS_SYNTHETIC
2009-04-26,0.0,30.44,56.0,6.34,224.8,IMD_NORMALS_SYNTHETIC
2009-04-27,0.0,33.44,36.9,6.71,236.4,IMD_NORMALS_SYNTHETIC
2009-04-28,0.0,33.34,34.6,6.84,199.3,IMD_NORMALS_SYNTHETIC
2009-04-29,0.407,35.47,31.4,5.62,171.2,IMD_NORMALS_SYNTHETIC
2009-04-30,0.0,35.92,29.3,12.51,212.1,IMD_NORMALS_SYNTHETIC
2009-05-01,0.0,34.61,44.9,8.61,236.9,IMD_NORMALS_SYNTHETIC
2009-05-02,0.0,34.2,43.9,3.75,265.3,IMD_NORMALS_SYNTHETIC
2009-05-03,0.0,35.68,45.2,10.84,237.8,IMD_NORMALS_SYNTHETIC
2009-05-04,0.0,34.21,39.5,4.88,197.4,IMD_NORMALS_SYNTHETIC
2009-05-05,0.0,31.77,54.0,9.42,248.8,IMD_NORMALS_SYNTHETIC
2009-05-06,0.0,37.82,44.9,3.85,237.6,IMD_NORMALS_SYNTHETIC
2009-05-07,4.467,36.69,44.0,8.67,231.1,IMD_NORMALS_SYNTHETIC
2009-05-08,0.0,33.3,45.2,2.36,205.9,IMD_NORMALS_SYNTHETIC
2009-05-09,0.0,34.64,40.6,8.28,224.1,IMD_NORMALS_SYNTHETIC
2009-05-10,0.0,34.51,38.4,8.23,241.2,IMD_NORMALS_SYNTHETIC
2009-05-11,0.0,34.94,41.8,5.09,256.2,IMD_NORMALS_SYNTHETIC
2009-05-12,0.0,34.33,40.7,9.97,244.0,IMD_NORMALS_SYNTHETIC
2009-05-13,0.0,35.92,39.7,8.93,203.1,IMD_NORMALS_SYNTHETIC
2009-05-14,0.0,35.26,47.9,7.28,216.7,IMD_NORMALS_SYNTHETIC
2009-05-15,0.0,36.57,47.1,11.88,210.9,IMD_NORMALS_SYNTHETIC
2009-05-16,0.0,32.91,33.1,9.53,240.2,IMD_NORMALS_SYNTHETIC
2009-05-17,0.0,33.95,46.6,7.38,224.8,IMD_NORMALS_SYNTHETIC
2009-05-18,3.04,36.38,34.3,2.03,209.9,IMD_NORMALS_SYNTHETIC
2009-05-19,0.0,36.85,37.2,6.88,197.9,IMD_NORMALS_SYNTHETIC
2009-05-20,8.126,36.5,38.9,9.31,197.9,IMD_NORMALS_SYNTHETIC
2009-05-21,0.0,36.55,44.1,11.82,237.0,IMD_NORMALS_SYNTHETIC
2009-05-22,0.0,32.91,46.2,6.05,221.9,IMD_NORMALS_SYNTHETIC
2009-05-23,5.913,37.21,39.7,8.29,195.7,IMD_NORMALS_SYNTHETIC
2009-05-24,0.0,36.07,39.5,11.62,205.5,IMD_NORMALS_SYNTHETIC
2009-05-25,0.0,36.4,39.1,11.84,252.1,IMD_NORMALS_SYNTHETIC
2009-05-26,0.0,36.5,39.4,7.48,224.9,IMD_NORMALS_SYNTHETIC
2009-05-27,0.0,34.21,36.2,5.36,229.2,IMD_NORMALS_SYNTHETIC
2009-05-28,22.366,34.29,42.2,7.23,231.2,IMD_NORMALS_SYNTHETIC
2009-05-29,0.0,35.81,40.0,9.2,217.4,IMD_NORMALS_SYNTHETIC
2009-05-30,0.0,33.01,42.0,6.31,249.3,IMD_NORMALS_SYNTHETIC
2009-05-31,0.0,33.95,41.1,7.96,229.6,IMD_NORMALS_SYNTHETIC
2009-06-01,0.0,29.08,64.7,8.43,244.6,IMD_NORMALS_SYNTHETIC
2009-06-02,0.0,31.37,66.9,6.66,213.8,IMD_NORMALS_SYNTHETIC
2009-06-03,0.0,35.26,62.2,2.98,249.0,IMD_NORMALS_SYNTHETIC
2009-06-04,15.687,31.63,62.5,12.26,231.0,IMD_NORMALS_SYNTHETIC
2009-06-05,0.0,30.34,65.1,7.57,232.5,IMD_NORMALS_SYNTHETIC
2009-06-06,0.0,33.18,59.3,8.4,239.0,IMD_NORMALS_SYNTHETIC
2009-06-07,0.0,31.42,59.4,9.53,288.7,IMD_NORMALS_SYNTHETIC
2009-06-08,0.0,33.72,55.2,7.69,219.1,IMD_NORMALS_SYNTHETIC
2009-06-09,0.0,29.82,60.2,8.61,235.6,IMD_NORMALS_SYNTHETIC
2009-06-10,1.606,29.9,68.2,5.71,210.8,IMD_NORMALS_SYNTHETIC
2009-06-11,19.156,32.58,59.3,5.01,254.1,IMD_NORMALS_SYNTHETIC
2009-06-12,0.0,32.67,68.0,10.02,262.2,IMD_NORMALS_SYNTHETIC
2009-06-13,0.0,33.14,71.0,6.08,244.4,IMD_NORMALS_SYNTHETIC
2009-06-14,3.491,31.03,63.8,0.81,236.4,IMD_NORMALS_SYNTHETIC
2009-06-15,6.829,31.13,68.6,8.7,243.4,IMD_NORMALS_SYNTHETIC
2009-06-16,8.177,32.08,63.5,8.75,201.9,IMD_NORMALS_SYNTHETIC
2009-06-17,0.0,31.24,60.6,7.56,224.2,IMD_NORMALS_SYNTHETIC
2009-06-18,0.0,28.52,62.4,3.51,228.0,IMD_NORMALS_SYNTHETIC
2009-06-19,0.0,33.1,55.9,6.5,243.0,IMD_NORMALS_SYNTHETIC
2009-06-20,3.179,30.15,65.5,12.25,237.2,IMD_NORMALS_SYNTHETIC
2009-06-21,0.0,30.08,61.1,9.61,222.9,IMD_NORMALS_SYNTHETIC
2009-06-22,2.733,31.9,59.4,13.53,262.0,IMD_NORMALS_SYNTHETIC
2009-06-23,0.0,32.36,66.1,5.24,240.7,IMD_NORMALS_SYNTHETIC
2009-06-24,0.0,33.38,61.5,5.99,207.5,IMD_NORMALS_SYNTHETIC
2009-06-25,0.0,32.64,73.5,6.83,229.1,IMD_NORMALS_SYNTHETIC
2009-06-26,24.74,33.51,73.2,9.24,219.1,IMD_NORMALS_SYNTHETIC
2009-06-27,27.746,32.17,61.5,7.52,242.8,IMD_NORMALS_SYNTHETIC
2009-06-28,0.0,30.34,69.8,8.53,227.4,IMD_NORMALS_SYNTHETIC
2009-06-29,0.0,29.23,68.9,9.93,232.0,IMD_NORMALS_SYNTHETIC
2009-06-30,11.938,33.52,68.7,6.46,231.7,IMD_NORMALS_SYNTHETIC
2009-07-01,0.0,25.49,71.1,7.76,252.9,IMD_NORMALS_SYNTHETIC
2009-07-02,11.045,27.0,74.6,8.09,249.7,IMD_NORMALS_SYNTHETIC
2009-07-03,0.0,28.67,65.9,5.36,256.3,IMD_NORMALS_SYNTHETIC
2009-07-04,0.0,27.86,71.6,12.57,211.0,IMD_NORMALS_SYNTHETIC
2009-07-05,0.0,29.03,73.9,9.66,191.4,IMD_NORMALS_SYNTHETIC
2009-07-06,0.0,27.46,79.4,11.31,255.3,IMD_NORMALS_SYNTHETIC
2009-07-07,11.328,29.06,75.1,1.09,191.2,IMD_NORMALS_SYNTHETIC
2009-07-08,0.0,28.66,74.7,8.95,227.5,IMD_NORMALS_SYNTHETIC
2009-07-09,3.46,27.35,75.6,7.21,237.9,IMD_NORMALS_SYNTHETIC
2009-07-10,0.0,30.58,82.9,4.29,172.9,IMD_NORMALS_SYNTHETIC
2009-07-11,4.63,31.53,75.4,6.17,230.7,IMD_NORMALS_SYNTHETIC
2009-07-12,9.081,27.79,86.3,0.12,233.9,IMD_NORMALS_SYNTHETIC
2009-07-13,64.895,30.29,73.4,11.72,225.3,IMD_NORMALS_SYNTHETIC
2009-07-14,0.0,27.17,74.0,5.09,235.2,IMD_NORMALS_SYNTHETIC
2009-07-15,0.0,29.67,76.1,8.18,217.7,IMD_NORMALS_SYNTHETIC
2009-07-16,0.0,27.32,84.1,6.76,232.4,IMD_NORMALS_SYNTHETIC
2009-07-17,0.0,30.75,71.7,6.97,221.9,IMD_NORMALS_SYNTHETIC
2009-07-18,0.0,26.07,72.4,8.98,242.1,IMD_NORMALS_SYNTHETIC
2009-07-19,0.0,24.91,78.8,10.92,253.1,IMD_NORMALS_SYNTHETIC
2009-07-20,14.642,28.6,74.5,9.46,213.4,IMD_NORMALS_SYNTHETIC
2009-07-21,0.0,28.76,66.5,13.54,258.8,IMD_NORMALS_SYNTHETIC
2009-07-22,0.0,26.31,78.0,12.55,225.2,IMD_NORMALS_SYNTHETIC
2009-07-23,0.0,23.93,75.4,5.11,203.0,IMD_NORMALS_SYNTHETIC
2009-07-24,0.0,28.13,79.8,4.63,211.4,IMD_NORMALS_SYNTHETIC
2009-07-25,0.0,28.99,65.7,11.86,206.7,IMD_NORMALS_SYNTHETIC
2009-07-26,0.0,30.01,72.7,3.79,242.4,IMD_NORMALS_SYNTHETIC
2009-07-27,0.0,29.61,77.2,6.86,255.1,IMD_NORMALS_SYNTHETIC
2009-07-28,0.0,28.1,77.7,6.64,204.5,IMD_NORMALS_SYNTHETIC
2009-07-29,0.0,29.36,70.1,12.64,225.6,IMD_NORMALS_SYNTHETIC
2009-07-30,20.812,28.89,85.0,7.85,252.0,IMD_NORMALS_SYNTHETIC
2009-07-31,0.0,27.04,79.1,5.09,239.1,IMD_NORMALS_SYNTHETIC
2009-08-01,0.0,25.75,69.6,2.72,223.5,IMD_NORMALS_SYNTHETIC
2009-08-02,0.0,31.0,70.4,4.97,235.2,IMD_NORMALS_SYNTHETIC
2009-08-03,0.0,30.97,70.6,7.42,214.2,IMD_NORMALS_SYNTHETIC
2009-08-04,5.252,31.46,68.8,7.49,202.7,IMD_NORMALS_SYNTHETIC
2009-08-05,6.464,26.97,82.2,8.88,204.7,IMD_NORMALS_SYNTHETIC
2009-08-06,0.0,29.2,77.0,8.25,210.2,IMD_NORMALS_SYNTHETIC
2009-08-07,0.0,29.48,75.3,7.45,217.7,IMD_NORMALS_SYNTHETIC
2009-08-08,0.0,28.2,66.8,11.86,200.6,IMD_NORMALS_SYNTHETIC
2009-08-09,0.0,27.23,75.1,3.29,218.2,IMD_NORMALS_SYNTHETIC
2009-08-10,11.466,29.11,75.2,5.63,227.3,IMD_NORMALS_SYNTHETIC
2009-08-11,0.0,27.53,78.7,1.36,169.5,IMD_NORMALS_SYNTHETIC
2009-08-12,0.0,30.23,75.3,7.1,181.8,IMD_NORMALS_SYNTHETIC
2009-08-13,0.0,28.9,77.4,10.88,219.7,IMD_NORMALS_SYNTHETIC
2009-08-14,0.027,27.53,64.9,6.64,199.6,IMD_NORMALS_SYNTHETIC
2009-08-15,0.0,26.93,75.8,7.8,224.0,IMD_NORMALS_SYNTHETIC
2009-08-16,13.037,29.64,69.0,9.17,227.9,IMD_NORMALS_SYNTHETIC
2009-08-17,14.99,27.44,82.3,10.29,200.8,IMD_NORMALS_SYNTHETIC
2009-08-18,0.0,27.85,78.7,16.47,199.4,IMD_NORMALS_SYNTHETIC
2009-08-19,0.0,27.13,66.9,6.44,248.7,IMD_NORMALS_SYNTHETIC
2009-08-20,0.0,25.68,78.8,8.6,191.4,IMD_NORMALS_SYNTHETIC
2009-08-21,0.0,29.37,77.5,7.42,207.8,IMD_NORMALS_SYNTHETIC
2009-08-22,11.886,31.49,71.0,4.95,226.5,IMD_NORMALS_SYNTHETIC
2009-08-23,0.0,28.29,69.4,4.55,219.1,IMD_NORMALS_SYNTHETIC
2009-08-24,9.14,27.91,74.3,11.54,182.7,IMD_NORMALS_SYNTHETIC
2009-08-25,11.472,26.49,84.0,4.51,231.1,IMD_NORMALS_SYNTHETIC
2009-08-26,0.0,29.5,80.0,5.26,208.2,IMD_NORMALS_SYNTHETIC
2009-08-27,0.0,29.72,71.8,7.26,213.3,IMD_NORMALS_SYNTHETIC
2009-08-28,0.0,32.52,65.5,5.78,215.4,IMD_NORMALS_SYNTHETIC
2009-08-29,25.667,28.06,68.6,7.1,212.5,IMD_NORMALS_SYNTHETIC
2009-08-30,0.0,30.16,71.9,6.29,230.9,IMD_NORMALS_SYNTHETIC
2009-08-31,0.626,26.94,76.8,7.41,211.8,IMD_NORMALS_SYNTHETIC
2009-09-01,0.0,31.25,73.5,8.6,189.0,IMD_NORMALS_SYNTHETIC
2009-09-02,0.0,30.05,73.5,2.44,190.1,IMD_NORMALS_SYNTHETIC
2009-09-03,0.065,28.3,65.8,11.6,178.5,IMD_NORMALS_SYNTHETIC
2009-09-04,0.0,25.66,74.1,10.78,165.7,IMD_NORMALS_SYNTHETIC
2009-09-05,0.0,27.61,70.3,7.35,159.2,IMD_NORMALS_SYNTHETIC
2009-09-06,0.0,29.3,79.6,6.71,205.6,IMD_NORMALS_SYNTHETIC
2009-09-07,0.0,25.91,71.0,7.46,216.4,IMD_NORMALS_SYNTHETIC
2009-09-08,42.527,26.95,76.6,10.99,200.6,IMD_NORMALS_SYNTHETIC
2009-09-09,0.0,28.68,67.1,4.49,231.4,IMD_NORMALS_SYNTHETIC
2009-09-10,0.0,26.77,71.9,7.17,209.8,IMD_NORMALS_SYNTHETIC
2009-09-11,0.0,27.28,74.2,8.85,168.1,IMD_NORMALS_SYNTHETIC
2009-09-12,0.0,28.45,72.9,10.0,220.7,IMD_NORMALS_SYNTHETIC
2009-09-13,21.074,27.35,71.7,7.39,175.7,IMD_NORMALS_SYNTHETIC
2009-09-14,18.82,27.89,74.5,7.85,216.2,IMD_NORMALS_SYNTHETIC
2009-09-15,20.948,31.35,87.3,3.15,198.1,IMD_NORMALS_SYNTHETIC
2009-09-16,0.0,27.36,72.8,8.17,190.4,IMD_NORMALS_SYNTHETIC
2009-09-17,0.0,29.1,66.9,5.17,183.0,IMD_NORMALS_SYNTHETIC
2009-09-18,0.0,28.31,70.0,5.98,190.3,IMD_NORMALS_SYNTHETIC
2009-09-19,0.0,29.54,69.5,8.74,165.8,IMD_NORMALS_SYNTHETIC
2009-09-20,0.0,29.33,65.7,5.77,225.9,IMD_NORMALS_SYNTHETIC
2009-09-21,0.0,24.68,79.0,5.5,189.6,IMD_NORMALS_SYNTHETIC
2009-09-22,0.0,26.85,73.8,10.57,211.4,IMD_NORMALS_SYNTHETIC
2009-09-23,0.0,25.14,75.4,9.31,177.9,IMD_NORMALS_SYNTHETIC
2009-09-24,0.0,28.47,59.4,8.27,249.5,IMD_NORMALS_SYNTHETIC
2009-09-25,6.451,28.6,68.3,7.54,238.4,IMD_NORMALS_SYNTHETIC
2009-09-26,0.0,26.02,73.7,7.09,208.9,IMD_NORMALS_SYNTHETIC
2009-09-27,4.736,30.23,76.2,9.73,190.1,IMD_NORMALS_SYNTHETIC
2009-09-28,0.0,30.03,70.2,8.53,233.2,IMD_NORMALS_SYNTHETIC
2009-09-29,7.521,29.74,69.9,10.84,207.9,IMD_NORMALS_SYNTHETIC
2009-09-30,6.024,30.1,66.8,9.68,171.8,IMD_NORMALS_SYNTHETIC
2009-10-01,0.0,27.88,70.8,8.04,176.8,IMD_NORMALS_SYNTHETIC
2009-10-02,0.0,24.94,59.4,11.01,196.1,IMD_NORMALS_SYNTHETIC
2009-10-03,0.0,26.41,66.9,4.14,171.9,IMD_NORMALS_SYNTHETIC
2009-10-04,3.573,28.68,72.0,5.29,181.9,IMD_NORMALS_SYNTHETIC
2009-10-05,0.0,27.27,70.0,15.13,218.4,IMD_NORMALS_SYNTHETIC
2009-10-06,0.0,26.88,69.5,8.79,216.2,IMD_NORMALS_SYNTHETIC
2009-10-07,0.0,26.68,67.5,8.02,168.6,IMD_NORMALS_SYNTHETIC
2009-10-08,0.0,29.99,71.3,11.56,195.6,IMD_NORMALS_SYNTHETIC
2009-10-09,0.0,27.18,73.1,7.9,158.3,IMD_NORMALS_SYNTHETIC
2009-10-10,0.0,25.35,62.8,9.03,179.1,IMD_NORMALS_SYNTHETIC
2009-10-11,26.198,29.22,54.4,3.91,164.9,IMD_NORMALS_SYNTHETIC
2009-10-12,0.0,27.06,69.4,10.39,186.6,IMD_NORMALS_SYNTHETIC
2009-10-13,0.0,28.29,72.7,2.23,215.6,IMD_NORMALS_SYNTHETIC
2009-10-14,0.0,26.37,63.9,10.59,145.8,IMD_NORMALS_SYNTHETIC
2009-10-15,0.0,29.32,75.4,7.9,189.2,IMD_NORMALS_SYNTHETIC
2009-10-16,0.0,26.29,60.5,5.28,176.7,IMD_NORMALS_SYNTHETIC
2009-10-17,0.0,26.96,77.0,7.28,176.6,IMD_NORMALS_SYNTHETIC
2009-10-18,25.905,28.03,66.4,11.24,199.1,IMD_NORMALS_SYNTHETIC
2009-10-19,0.0,27.73,68.0,3.96,205.0,IMD_NORMALS_SYNTHETIC
2009-10-20,0.0,28.71,65.1,4.11,172.3,IMD_NORMALS_SYNTHETIC
2009-10-21,0.0,29.3,71.6,3.72,149.9,IMD_NORMALS_SYNTHETIC
2009-10-22,17.782,30.22,74.6,6.87,219.8,IMD_NORMALS_SYNTHETIC
2009-10-23,2.634,27.34,62.4,1.96,208.4,IMD_NORMALS_SYNTHETIC
2009-10-24,0.0,27.23,58.0,3.5,189.2,IMD_NORMALS_SYNTHETIC
2009-10-25,0.0,25.82,72.4,4.51,152.7,IMD_NORMALS_SYNTHETIC
2009-10-26,0.0,29.67,60.1,10.58,215.0,IMD_NORMALS_SYNTHETIC
2009-10-27,0.0,33.13,56.5,6.4,184.7,IMD_NORMALS_SYNTHETIC
2009-10-28,0.0,27.2,63.1,6.09,124.5,IMD_NORMALS_SYNTHETIC
2009-10-29,0.0,27.41,66.0,9.72,163.1,IMD_NORMALS_SYNTHETIC
2009-10-30,0.0,26.64,68.2,8.36,195.0,IMD_NORMALS_SYNTHETIC
2009-10-31,0.0,26.55,61.6,5.18,181.5,IMD_NORMALS_SYNTHETIC
2009-11-01,0.0,29.4,66.0,8.06,183.5,IMD_NORMALS_SYNTHETIC
2009-11-02,0.0,27.46,61.2,6.3,228.2,IMD_NORMALS_SYNTHETIC
2009-11-03,0.0,26.07,62.8,10.44,168.3,IMD_NORMALS_SYNTHETIC
2009-11-04,5.146,23.57,64.2,6.25,175.3,IMD_NORMALS_SYNTHETIC
2009-11-05,0.0,22.25,61.5,2.36,192.8,IMD_NORMALS_SYNTHETIC
2009-11-06,0.0,27.82,49.8,1.69,160.6,IMD_NORMALS_SYNTHETIC
2009-11-07,0.0,23.81,51.8,3.55,143.5,IMD_NORMALS_SYNTHETIC
2009-11-08,0.0,27.86,62.6,8.31,145.2,IMD_NORMALS_SYNTHETIC
2009-11-09,26.227,25.36,57.6,2.21,165.6,IMD_NORMALS_SYNTHETIC
2009-11-10,0.0,27.21,63.0,9.91,182.8,IMD_NORMALS_SYNTHETIC
2009-11-11,0.0,22.65,62.8,13.16,182.3,IMD_NORMALS_SYNTHETIC
2009-11-12,0.0,26.14,57.0,6.69,161.7,IMD_NORMALS_SYNTHETIC
2009-11-13,0.0,22.98,59.4,9.65,159.6,IMD_NORMALS_SYNTHETIC
2009-11-14,0.0,29.15,67.6,11.57,161.3,IMD_NORMALS_SYNTHETIC
2009-11-15,0.0,26.34,53.1,7.52,185.0,IMD_NORMALS_SYNTHETIC
2009-11-16,0.0,25.24,50.0,7.47,115.5,IMD_NORMALS_SYNTHETIC
2009-11-17,0.0,28.81,62.8,4.38,191.3,IMD_NORMALS_SYNTHETIC
2009-11-18,0.0,26.1,54.2,6.07,141.2,IMD_NORMALS_SYNTHETIC
2009-11-19,0.0,27.18,59.1,8.52,154.2,IMD_NORMALS_SYNTHETIC
2009-11-20,0.0,25.96,66.7,6.6,145.2,IMD_NORMALS_SYNTHETIC
2009-11-21,0.0,29.03,54.9,7.29,160.8,IMD_NORMALS_SYNTHETIC
2009-11-22,0.0,26.81,52.2,12.14,164.1,IMD_NORMALS_SYNTHETIC
2009-11-23,0.0,25.85,57.4,6.95,166.1,IMD_NORMALS_SYNTHETIC
2009-11-24,0.0,25.2,58.2,10.61,160.8,IMD_NORMALS_SYNTHETIC
2009-11-25,0.0,24.3,65.0,11.03,164.9,IMD_NORMALS_SYNTHETIC
2009-11-26,0.0,23.35,59.0,5.42,160.9,IMD_NORMALS_SYNTHETIC
2009-11-27,0.0,25.23,55.1,9.54,147.5,IMD_NORMALS_SYNTHETIC
2009-11-28,0.0,27.53,51.4,5.71,148.5,IMD_NORMALS_SYNTHETIC
2009-11-29,0.0,27.66,59.0,6.77,181.8,IMD_NORMALS_SYNTHETIC
2009-11-30,2.208,24.02,63.0,11.23,143.9,IMD_NORMALS_SYNTHETIC
2009-12-01,0.0,25.86,53.5,4.6,151.1,IMD_NORMALS_SYNTHETIC
2009-12-02,0.0,25.57,48.2,6.01,139.1,IMD_NORMALS_SYNTHETIC
2009-12-03,0.0,21.45,57.6,5.86,157.1,IMD_NORMALS_SYNTHETIC
2009-12-04,0.0,23.76,55.5,2.9,134.7,IMD_NORMALS_SYNTHETIC
2009-12-05,0.0,24.12,47.7,6.91,153.0,IMD_NORMALS_SYNTHETIC
2009-12-06,0.0,21.95,53.8,10.77,149.3,IMD_NORMALS_SYNTHETIC
2009-12-07,0.0,26.44,58.2,3.39,140.4,IMD_NORMALS_SYNTHETIC
2009-12-08,0.0,25.53,54.6,6.69,138.1,IMD_NORMALS_SYNTHETIC
2009-12-09,10.314,24.7,61.3,1.06,159.9,IMD_NORMALS_SYNTHETIC
2009-12-10,0.0,24.66,58.1,10.38,130.4,IMD_NORMALS_SYNTHETIC
2009-12-11,0.0,23.53,44.8,12.76,166.1,IMD_NORMALS_SYNTHETIC
2009-12-12,0.0,25.8,49.5,2.34,156.9,IMD_NORMALS_SYNTHETIC
2009-12-13,0.0,23.68,50.3,8.76,141.6,IMD_NORMALS_SYNTHETIC
2009-12-14,0.0,25.85,56.9,8.18,159.9,IMD_NORMALS_SYNTHETIC
2009-12-15,0.0,24.72,60.5,11.08,161.4,IMD_NORMALS_SYNTHETIC
2009-12-16,0.0,23.92,51.9,12.11,168.5,IMD_NORMALS_SYNTHETIC
2009-12-17,0.0,25.22,46.7,9.12,114.4,IMD_NORMALS_SYNTHETIC
2009-12-18,0.0,23.66,46.2,10.07,129.8,IMD_NORMALS_SYNTHETIC
2009-12-19,0.0,25.27,54.0,7.68,162.0,IMD_NORMALS_SYNTHETIC
2009-12-20,9.75,23.89,54.4,10.35,157.6,IMD_NORMALS_SYNTHETIC
2009-12-21,0.0,23.32,47.8,7.97,121.7,IMD_NORMALS_SYNTHETIC
2009-12-22,0.0,24.34,59.5,9.52,141.2,IMD_NORMALS_SYNTHETIC
2009-12-23,0.0,22.3,57.9,12.55,144.7,IMD_NORMALS_SYNTHETIC
2009-12-24,0.0,23.98,55.5,13.19,158.7,IMD_NORMALS_SYNTHETIC
2009-12-25,0.0,25.93,57.5,7.39,171.5,IMD_NORMALS_SYNTHETIC
2009-12-26,0.0,25.47,53.4,9.76,159.8,IMD_NORMALS_SYNTHETIC
2009-12-27,0.0,20.7,57.3,2.85,133.2,IMD_NORMALS_SYNTHETIC
2009-12-28,0.0,23.27,43.6,9.99,134.6,IMD_NORMALS_SYNTHETIC
2009-12-29,0.0,21.18,51.2,4.61,127.9,IMD_NORMALS_SYNTHETIC
2009-12-30,0.0,19.32,56.7,13.87,169.8,IMD_NORMALS_SYNTHETIC
2009-12-31,0.0,22.27,56.3,11.15,128.2,IMD_NORMALS_SYNTHETIC
2010-01-01,0.0,24.81,54.9,8.55,149.9,IMD_NORMALS_SYNTHETIC
2010-01-02,0.0,25.6,53.7,4.65,165.5,IMD_NORMALS_SYNTHETIC
2010-01-03,0.0,24.4,51.9,9.03,178.1,IMD_NORMALS_SYNTHETIC
2010-01-04,0.0,21.51,60.7,6.57,199.9,IMD_NORMALS_SYNTHETIC
2010-01-05,0.0,25.92,48.9,7.25,175.0,IMD_NORMALS_SYNTHETIC
2010-01-06,0.0,27.63,60.1,7.44,169.9,IMD_NORMALS_SYNTHETIC
2010-01-07,0.0,27.42,48.1,8.57,169.0,IMD_NORMALS_SYNTHETIC
2010-01-08,0.0,27.66,50.9,7.37,135.6,IMD_NORMALS_SYNTHETIC
2010-01-09,0.0,23.25,56.4,5.07,179.9,IMD_NORMALS_SYNTHETIC
2010-01-10,1.689,22.94,56.6,11.55,156.5,IMD_NORMALS_SYNTHETIC
2010-01-11,0.0,25.78,55.7,10.58,213.8,IMD_NORMALS_SYNTHETIC
2010-01-12,0.0,25.73,52.8,4.72,155.1,IMD_NORMALS_SYNTHETIC
2010-01-13,0.0,24.85,51.0,11.4,160.0,IMD_NORMALS_SYNTHETIC
2010-01-14,0.0,18.51,60.6,6.65,203.5,IMD_NORMALS_SYNTHETIC
2010-01-15,0.0,26.69,51.2,10.69,168.1,IMD_NORMALS_SYNTHETIC
2010-01-16,0.0,27.42,46.0,6.85,175.6,IMD_NORMALS_SYNTHETIC
2010-01-17,0.0,22.93,41.5,6.83,152.5,IMD_NORMALS_SYNTHETIC
2010-01-18,0.0,22.31,51.6,8.93,163.3,IMD_NORMALS_SYNTHETIC
2010-01-19,0.0,28.42,57.6,7.65,180.2,IMD_NORMALS_SYNTHETIC
2010-01-20,0.0,23.68,47.5,4.7,164.7,IMD_NORMALS_SYNTHETIC
2010-01-21,0.0,27.67,49.9,9.41,194.3,IMD_NORMALS_SYNTHETIC
2010-01-22,0.0,20.25,45.9,5.9,173.8,IMD_NORMALS_SYNTHETIC
2010-01-23,1.339,25.91,47.8,3.22,180.5,IMD_NORMALS_SYNTHETIC
2010-01-24,0.0,20.6,53.4,10.85,171.6,IMD_NORMALS_SYNTHETIC
2010-01-25,0.0,25.09,50.6,11.92,158.3,IMD_NORMALS_SYNTHETIC
2010-01-26,0.0,22.2,59.5,5.96,179.6,IMD_NORMALS_SYNTHETIC
2010-01-27,0.0,24.95,50.4,12.61,162.6,IMD_NORMALS_SYNTHETIC
2010-01-28,0.0,27.22,56.1,9.94,164.0,IMD_NORMALS_SYNTHETIC
2010-01-29,0.0,22.26,49.1,8.52,159.3,IMD_NORMALS_SYNTHETIC
2010-01-30,0.0,24.75,55.8,8.0,154.2,IMD_NORMALS_SYNTHETIC
2010-01-31,0.0,26.3,47.2,12.13,179.1,IMD_NORMALS_SYNTHETIC
2010-02-01,0.0,28.01,46.8,4.2,188.1,IMD_NORMALS_SYNTHETIC
2010-02-02,0.0,25.86,51.6,5.42,191.6,IMD_NORMALS_SYNTHETIC
2010-02-03,0.0,22.67,48.0,5.12,186.2,IMD_NORMALS_SYNTHETIC
2010-02-04,0.0,28.02,48.3,6.26,188.1,IMD_NORMALS_SYNTHETIC
2010-02-05,0.0,25.09,37.0,7.52,173.3,IMD_NORMALS_SYNTHETIC
2010-02-06,1.956,23.42,44.7,9.58,200.2,IMD_NORMALS_SYNTHETIC
2010-02-07,0.0,26.83,47.5,8.76,171.3,IMD_NORMALS_SYNTHETIC
2010-02-08,0.0,24.98,48.8,8.3,142.0,IMD_NORMALS_SYNTHETIC
2010-02-09,0.0,30.56,53.4,11.68,164.5,IMD_NORMALS_SYNTHETIC
2010-02-10,0.0,26.9,44.0,9.83,157.3,IMD_NORMALS_SYNTHETIC
2010-02-11,0.0,27.5,45.6,5.33,209.2,IMD_NORMALS_SYNTHETIC
2010-02-12,0.0,25.57,53.7,5.08,113.9,IMD_NORMALS_SYNTHETIC
2010-02-13,0.0,25.05,40.1,6.4,210.8,IMD_NORMALS_SYNTHETIC
2010-02-14,0.0,28.82,36.2,10.68,160.7,IMD_NORMALS_SYNTHETIC
2010-02-15,0.0,25.96,41.8,5.45,210.0,IMD_NORMALS_SYNTHETIC
2010-02-16,0.0,27.31,48.8,9.08,183.9,IMD_NORMALS_SYNTHETIC
2010-02-17,0.0,27.05,41.0,13.4,187.2,IMD_NORMALS_SYNTHETIC
2010-02-18,0.0,27.31,51.9,10.06,174.9,IMD_NORMALS_SYNTHETIC
2010-02-19,0.0,27.19,38.6,9.45,207.1,IMD_NORMALS_SYNTHETIC
2010-02-20,0.0,27.25,44.5,6.6,193.3,IMD_NORMALS_SYNTHETIC
2010-02-21,0.0,26.44,38.6,10.55,224.0,IMD_NORMALS_SYNTHETIC
2010-02-22,0.0,25.32,38.6,4.57,158.6,IMD_NORMALS_SYNTHETIC
2010-02-23,0.0,31.36,36.4,10.56,179.4,IMD_NORMALS_SYNTHETIC
2010-02-24,0.0,26.13,41.6,12.24,162.9,IMD_NORMALS_SYNTHETIC
2010-02-25,0.0,27.02,34.3,7.98,198.8,IMD_NORMALS_SYNTHETIC
2010-02-26,0.0,26.46,38.7,9.34,159.3,IMD_NORMALS_SYNTHETIC
2010-02-27,0.0,30.52,39.0,2.79,159.2,IMD_NORMALS_SYNTHETIC
2010-02-28,0.0,27.92,40.7,11.17,139.4,IMD_NORMALS_SYNTHETIC
2010-03-01,0.0,33.22,40.6,8.13,158.7,IMD_NORMALS_SYNTHETIC
2010-03-02,20.204,32.48,35.6,6.35,174.9,IMD_NORMALS_SYNTHETIC
2010-03-03,0.0,31.61,37.1,11.45,195.9,IMD_NORMALS_SYNTHETIC
2010-03-04,0.0,31.93,36.0,6.12,209.0,IMD_NORMALS_SYNTHETIC
2010-03-05,0.0,32.28,33.4,8.51,180.8,IMD_NORMALS_SYNTHETIC
2010-03-06,0.0,30.12,36.5,4.73,206.1,IMD_NORMALS_SYNTHETIC
2010-03-07,0.0,30.94,33.7,13.61,217.4,IMD_NORMALS_SYNTHETIC
2010-03-08,0.0,32.51,26.9,9.84,211.6,IMD_NORMALS_SYNTHETIC
2010-03-09,0.0,30.06,34.4,14.81,208.3,IMD_NORMALS_SYNTHETIC
2010-03-10,0.0,27.0,31.7,4.1,197.0,IMD_NORMALS_SYNTHETIC
2010-03-11,0.0,31.65,42.5,5.62,196.6,IMD_NORMALS_SYNTHETIC
2010-03-12,0.0,29.89,35.9,11.16,189.9,IMD_NORMALS_SYNTHETIC
2010-03-13,0.0,30.89,36.0,11.55,216.7,IMD_NORMALS_SYNTHETIC
2010-03-14,0.0,31.88,35.9,3.55,205.9,IMD_NORMALS_SYNTHETIC
2010-03-15,0.0,33.0,31.9,7.11,225.0,IMD_NORMALS_SYNTHETIC
2010-03-16,0.0,31.51,39.2,6.9,202.7,IMD_NORMALS_SYNTHETIC
2010-03-17,0.0,27.45,40.6,11.81,190.2,IMD_NORMALS_SYNTHETIC
2010-03-18,0.0,30.45,44.9,7.17,210.4,IMD_NORMALS_SYNTHETIC
2010-03-19,0.0,30.02,44.1,7.48,210.7,IMD_NORMALS_SYNTHETIC
2010-03-20,0.0,34.88,28.6,13.17,167.3,IMD_NORMALS_SYNTHETIC
2010-03-21,0.0,34.08,36.1,8.89,196.1,IMD_NORMALS_SYNTHETIC
2010-03-22,0.0,27.26,46.9,10.73,166.3,IMD_NORMALS_SYNTHETIC
2010-03-23,0.0,32.99,46.5,10.36,199.3,IMD_NORMALS_SYNTHETIC
2010-03-24,0.0,31.64,36.0,11.08,211.0,IMD_NORMALS_SYNTHETIC
2010-03-25,0.0,32.18,34.6,7.78,183.1,IMD_NORMALS_SYNTHETIC
2010-03-26,0.0,27.9,37.1,11.38,194.1,IMD_NORMALS_SYNTHETIC
2010-03-27,0.0,37.58,33.7,4.51,201.8,IMD_NORMALS_SYNTHETIC
2010-03-28,0.0,30.51,37.5,2.49,203.7,IMD_NORMALS_SYNTHETIC
2010-03-29,0.0,31.86,29.1,4.5,226.9,IMD_NORMALS_SYNTHETIC
2010-03-30,0.0,31.78,29.6,8.15,195.0,IMD_NORMALS_SYNTHETIC
2010-03-31,0.0,28.29,44.9,8.27,196.7,IMD_NORMALS_SYNTHETIC
2010-04-01,0.0,33.57,31.6,10.39,165.9,IMD_NORMALS_SYNTHETIC
2010-04-02,0.0,35.3,38.3,9.61,208.4,IMD_NORMALS_SYNTHETIC
2010-04-03,7.933,37.33,32.7,7.81,207.5,IMD_NORMALS_SYNTHETIC
2010-04-04,0.0,33.49,31.4,4.46,207.2,IMD_NORMALS_SYNTHETIC
2010-04-05,0.0,34.8,29.1,5.96,225.6,IMD_NORMALS_SYNTHETIC
2010-04-06,0.0,34.39,42.7,9.51,185.3,IMD_NORMALS_SYNTHETIC
2010-04-07,0.0,33.87,35.6,8.46,201.1,IMD_NORMALS_SYNTHETIC
2010-04-08,0.0,33.49,29.9,6.15,196.8,IMD_NORMALS_SYNTHETIC
2010-04-09,0.0,36.81,32.4,6.33,230.2,IMD_NORMALS_SYNTHETIC
2010-04-10,0.0,35.53,29.7,2.5,203.8,IMD_NORMALS_SYNTHETIC
2010-04-11,0.0,36.98,36.1,6.77,219.4,IMD_NORMALS_SYNTHETIC
2010-04-12,0.0,32.73,39.5,6.2,190.0,IMD_NORMALS_SYNTHETIC
2010-04-13,0.0,34.84,40.0,11.13,219.8,IMD_NORMALS_SYNTHETIC
2010-04-14,0.0,28.26,35.8,10.56,184.3,IMD_NORMALS_SYNTHETIC
2010-04-15,0.0,33.3,36.4,7.63,227.4,IMD_NORMALS_SYNTHETIC
2010-04-16,0.0,37.34,40.8,9.47,173.2,IMD_NORMALS_SYNTHETIC
2010-04-17,0.0,38.43,30.5,10.97,171.2,IMD_NORMALS_SYNTHETIC
2010-04-18,0.0,33.76,33.8,7.04,195.0,IMD_NORMALS_SYNTHETIC
2010-04-19,0.0,37.74,38.3,10.21,222.0,IMD_NORMALS_SYNTHETIC
2010-04-20,0.0,37.06,40.8,5.61,239.3,IMD_NORMALS_SYNTHETIC
2010-04-21,0.0,31.72,40.6,7.94,196.8,IMD_NORMALS_SYNTHETIC
2010-04-22,0.0,34.92,31.7,4.99,240.8,IMD_NORMALS_SYNTHETIC
2010-04-23,0.0,33.73,34.2,13.97,198.8,IMD_NORMALS_SYNTHETIC
2010-04-24,0.0,35.06,33.3,6.18,225.6,IMD_NORMALS_SYNTHETIC
2010-04-25,0.0,34.3,45.5,9.41,205.2,IMD_NORMALS_SYNTHETIC
2010-04-26,0.0,33.2,32.5,1.17,224.8,IMD_NORMALS_SYNTHETIC
2010-04-27,0.0,36.79,36.2,9.6,240.5,IMD_NORMALS_SYNTHETIC
2010-04-28,0.0,34.96,45.1,13.69,196.2,IMD_NORMALS_SYNTHETIC
2010-04-29,0.0,34.85,27.0,3.71,194.6,IMD_NORMALS_SYNTHETIC
2010-04-30,0.0,33.16,33.0,3.64,186.8,IMD_NORMALS_SYNTHETIC
2010-05-01,0.0,35.21,36.5,11.12,195.8,IMD_NORMALS_SYNTHETIC
2010-05-02,0.0,35.19,42.6,3.78,243.9,IMD_NORMALS_SYNTHETIC
2010-05-03,0.0,35.74,39.1,8.27,241.3,IMD_NORMALS_SYNTHETIC
2010-05-04,0.0,36.65,44.6,3.03,240.6,IMD_NORMALS_SYNTHETIC
2010-05-05,0.0,35.97,36.9,8.86,241.7,IMD_NORMALS_SYNTHETIC
2010-05-06,0.0,35.05,41.7,9.11,217.7,IMD_NORMALS_SYNTHETIC
2010-05-07,0.0,36.95,41.0,8.84,226.7,IMD_NORMALS_SYNTHETIC
2010-05-08,0.0,34.38,44.5,8.67,207.8,IMD_NORMALS_SYNTHETIC
2010-05-09,0.0,38.3,39.4,9.33,239.8,IMD_NORMALS_SYNTHETIC
2010-05-10,0.0,34.22,43.6,10.88,221.7,IMD_NORMALS_SYNTHETIC
2010-05-11,0.0,32.06,36.3,7.43,244.8,IMD_NORMALS_SYNTHETIC
2010-05-12,0.0,37.31,32.6,10.31,224.9,IMD_NORMALS_SYNTHETIC
2010-05-13,0.0,34.61,38.8,8.3,213.3,IMD_NORMALS_SYNTHETIC
2010-05-14,0.0,34.96,39.0,8.22,238.7,IMD_NORMALS_SYNTHETIC
2010-05-15,0.0,34.95,45.3,9.68,241.6,IMD_NORMALS_SYNTHETIC
2010-05-16,0.0,39.4,43.6,5.63,210.5,IMD_NORMALS_SYNTHETIC
2010-05-17,0.0,34.2,42.5,7.53,223.9,IMD_NORMALS_SYNTHETIC
2010-05-18,0.0,36.66,46.6,9.47,239.3,IMD_NORMALS_SYNTHETIC
2010-05-19,0.0,35.88,41.6,10.29,230.9,IMD_NORMALS_SYNTHETIC
2010-05-20,0.0,34.5,39.1,4.48,233.7,IMD_NORMALS_SYNTHETIC
2010-05-21,0.0,34.8,43.5,12.34,223.9,IMD_NORMALS_SYNTHETIC
2010-05-22,0.0,33.12,51.9,13.84,230.8,IMD_NORMALS_SYNTHETIC
2010-05-23,0.0,38.7,46.4,8.54,201.1,IMD_NORMALS_SYNTHETIC
2010-05-24,0.0,35.03,43.1,6.59,198.9,IMD_NORMALS_SYNTHETIC
2010-05-25,0.0,36.53,47.9,10.09,240.0,IMD_NORMALS_SYNTHETIC
2010-05-26,0.0,36.13,43.5,5.12,195.7,IMD_NORMALS_SYNTHETIC
2010-05-27,0.0,35.3,43.4,10.19,182.1,IMD_NORMALS_SYNTHETIC
2010-05-28,0.501,35.33,43.4,5.54,223.6,IMD_NORMALS_SYNTHETIC
2010-05-29,0.0,36.04,47.7,11.84,255.9,IMD_NORMALS_SYNTHETIC
2010-05-30,0.0,33.97,45.3,6.35,228.1,IMD_NORMALS_SYNTHETIC
2010-05-31,0.0,35.88,44.1,7.86,235.5,IMD_NORMALS_SYNTHETIC
2010-06-01,0.0,30.53,71.2,8.26,230.6,IMD_NORMALS_SYNTHETIC
2010-06-02,0.0,30.79,57.8,8.58,263.0,IMD_NORMALS_SYNTHETIC
2010-06-03,0.0,31.89,60.8,4.89,247.4,IMD_NORMALS_SYNTHETIC
2010-06-04,0.0,29.63,66.0,8.65,236.7,IMD_NORMALS_SYNTHETIC
2010-06-05,0.0,31.57,60.3,11.41,242.6,IMD_NORMALS_SYNTHETIC
2010-06-06,0.0,31.69,66.2,8.46,208.7,IMD_NORMALS_SYNTHETIC
2010-06-07,157.673,30.94,61.9,6.21,263.4,IMD_NORMALS_SYNTHETIC
2010-06-08,11.08,28.11,62.7,3.58,255.5,IMD_NORMALS_SYNTHETIC
2010-06-09,0.0,30.48,69.0,10.96,244.1,IMD_NORMALS_SYNTHETIC
2010-06-10,0.0,29.93,60.0,7.41,197.1,IMD_NORMALS_SYNTHETIC
2010-06-11,0.0,34.5,65.8,6.04,269.8,IMD_NORMALS_SYNTHETIC
2010-06-12,0.689,29.63,62.4,13.44,230.4,IMD_NORMALS_SYNTHETIC
2010-06-13,4.141,29.99,54.8,9.85,242.2,IMD_NORMALS_SYNTHETIC
2010-06-14,0.0,30.95,60.7,9.61,243.4,IMD_NORMALS_SYNTHETIC
2010-06-15,1.688,31.03,65.5,18.5,251.8,IMD_NORMALS_SYNTHETIC
2010-06-16,7.785,35.1,62.8,7.46,240.9,IMD_NORMALS_SYNTHETIC
2010-06-17,0.0,30.07,63.0,13.31,196.8,IMD_NORMALS_SYNTHETIC
2010-06-18,0.0,32.2,68.3,10.68,229.3,IMD_NORMALS_SYNTHETIC
2010-06-19,0.0,30.07,72.1,11.46,235.2,IMD_NORMALS_SYNTHETIC
2010-06-20,13.754,30.58,65.6,8.64,212.6,IMD_NORMALS_SYNTHETIC
2010-06-21,0.0,29.79,69.9,10.2,229.6,IMD_NORMALS_SYNTHETIC
2010-06-22,0.0,31.63,69.2,10.62,247.5,IMD_NORMALS_SYNTHETIC
2010-06-23,0.0,30.46,64.6,10.32,233.1,IMD_NORMALS_SYNTHETIC
2010-06-24,0.0,32.47,68.9,2.18,241.6,IMD_NORMALS_SYNTHETIC
2010-06-25,30.075,30.92,66.8,8.18,238.4,IMD_NORMALS_SYNTHETIC
2010-06-26,0.0,33.57,63.4,3.29,196.2,IMD_NORMALS_SYNTHETIC
2010-06-27,7.061,32.29,67.8,9.97,243.8,IMD_NORMALS_SYNTHETIC
2010-06-28,0.0,29.16,64.5,9.77,219.4,IMD_NORMALS_SYNTHETIC
2010-06-29,0.0,30.08,62.7,10.59,251.6,IMD_NORMALS_SYNTHETIC
2010-06-30,0.0,33.56,59.1,9.0,259.2,IMD_NORMALS_SYNTHETIC
2010-07-01,12.466,29.42,67.0,6.25,240.8,IMD_NORMALS_SYNTHETIC
2010-07-02,14.616,27.46,78.1,7.4,205.3,IMD_NORMALS_SYNTHETIC
2010-07-03,9.466,31.41,73.6,4.73,202.1,IMD_NORMALS_SYNTHETIC
2010-07-04,0.0,32.39,71.6,2.15,238.8,IMD_NORMALS_SYNTHETIC
2010-07-05,44.346,28.98,74.5,10.3,200.2,IMD_NORMALS_SYNTHETIC
2010-07-06,0.0,32.81,77.7,8.35,208.6,IMD_NORMALS_SYNTHETIC
2010-07-07,3.273,27.59,82.4,4.75,239.8,IMD_NORMALS_SYNTHETIC
2010-07-08,0.0,30.48,85.0,13.23,222.4,IMD_NORMALS_SYNTHETIC
2010-07-09,44.647,30.66,69.3,12.32,247.0,IMD_NORMALS_SYNTHETIC
2010-07-10,0.0,30.25,73.7,9.99,215.5,IMD_NORMALS_SYNTHETIC
2010-07-11,0.0,26.99,71.9,10.61,237.4,IMD_NORMALS_SYNTHETIC
2010-07-12,0.0,27.23,84.0,9.75,238.1,IMD_NORMALS_SYNTHETIC
2010-07-13,1.085,26.92,76.6,7.41,244.2,IMD_NORMALS_SYNTHETIC
2010-07-14,0.0,27.37,80.4,5.6,175.6,IMD_NORMALS_SYNTHETIC
2010-07-15,0.0,30.91,72.4,8.21,187.9,IMD_NORMALS_SYNTHETIC
2010-07-16,0.0,29.04,77.5,11.76,235.7,IMD_NORMALS_SYNTHETIC
2010-07-17,6.625,31.96,72.7,6.49,224.3,IMD_NORMALS_SYNTHETIC
2010-07-18,3.934,26.86,72.7,8.33,212.7,IMD_NORMALS_SYNTHETIC
2010-07-19,0.0,30.37,76.0,10.01,243.7,IMD_NORMALS_SYNTHETIC
2010-07-20,11.594,29.88,75.0,8.9,248.8,IMD_NORMALS_SYNTHETIC
2010-07-21,5.277,30.19,76.0,0.46,273.9,IMD_NORMALS_SYNTHETIC
2010-07-22,0.0,25.85,78.9,9.08,281.4,IMD_NORMALS_SYNTHETIC
2010-07-23,0.0,29.53,76.3,5.24,202.6,IMD_NORMALS_SYNTHETIC
2010-07-24,0.0,30.36,69.8,6.65,231.1,IMD_NORMALS_SYNTHETIC
2010-07-25,0.0,29.98,73.3,5.88,223.5,IMD_NORMALS_SYNTHETIC
2010-07-26,23.727,28.32,72.7,12.42,206.6,IMD_NORMALS_SYNTHETIC
2010-07-27,0.0,31.46,71.6,12.12,207.8,IMD_NORMALS_SYNTHETIC
2010-07-28,3.923,28.41,75.6,5.54,241.5,IMD_NORMALS_SYNTHETIC
2010-07-29,6.324,31.4,81.6,9.04,212.2,IMD_NORMALS_SYNTHETIC
2010-07-30,0.0,28.29,80.5,18.76,202.6,IMD_NORMALS_SYNTHETIC
2010-07-31,10.016,31.61,81.6,7.97,237.6,IMD_NORMALS_SYNTHETIC
2010-08-01,6.677,30.14,76.0,8.64,167.4,IMD_NORMALS_SYNTHETIC
2010-08-02,0.0,30.57,74.9,10.92,223.1,IMD_NORMALS_SYNTHETIC
2010-08-03,23.307,26.21,70.5,8.43,204.9,IMD_NORMALS_SYNTHETIC
2010-08-04,0.0,32.62,74.4,10.49,238.3,IMD_NORMALS_SYNTHETIC
2010-08-05,0.0,31.76,70.6,8.52,203.5,IMD_NORMALS_SYNTHETIC
2010-08-06,0.0,28.26,73.1,7.02,201.2,IMD_NORMALS_SYNTHETIC
2010-08-07,22.346,27.51,76.6,13.2,185.4,IMD_NORMALS_SYNTHETIC
2010-08-08,0.0,25.89,70.2,9.39,219.6,IMD_NORMALS_SYNTHETIC
2010-08-09,3.607,29.64,74.7,6.37,209.7,IMD_NORMALS_SYNTHETIC
2010-08-10,0.0,29.54,77.1,5.79,212.0,IMD_NORMALS_SYNTHETIC
2010-08-11,0.0,29.1,82.5,10.78,183.9,IMD_NORMALS_SYNTHETIC
2010-08-12,0.0,28.68,77.3,8.4,196.0,IMD_NORMALS_SYNTHETIC
2010-08-13,0.0,28.62,77.1,9.57,259.0,IMD_NORMALS_SYNTHETIC
2010-08-14,0.0,26.85,75.9,5.14,176.6,IMD_NORMALS_SYNTHETIC
2010-08-15,0.0,27.12,79.7,11.41,210.4,IMD_NORMALS_SYNTHETIC
2010-08-16,0.0,29.08,82.3,4.69,183.8,IMD_NORMALS_SYNTHETIC
2010-08-17,24.881,32.43,69.1,7.27,194.6,IMD_NORMALS_SYNTHETIC
2010-08-18,0.0,30.48,73.5,2.26,210.0,IMD_NORMALS_SYNTHETIC
2010-08-19,0.0,28.42,73.7,10.91,192.3,IMD_NORMALS_SYNTHETIC
2010-08-20,0.0,26.56,70.1,1.59,214.0,IMD_NORMALS_SYNTHETIC
2010-08-21,10.546,26.98,78.4,10.64,212.1,IMD_NORMALS_SYNTHETIC
2010-08-22,0.0,30.29,74.2,3.88,219.5,IMD_NORMALS_SYNTHETIC
2010-08-23,0.0,28.48,71.1,10.59,201.0,IMD_NORMALS_SYNTHETIC
2010-08-24,0.0,27.6,74.9,8.31,204.2,IMD_NORMALS_SYNTHETIC
2010-08-25,17.296,25.47,70.6,5.8,228.9,IMD_NORMALS_SYNTHETIC
2010-08-26,33.342,28.52,78.9,6.72,211.9,IMD_NORMALS_SYNTHETIC
2010-08-27,0.0,34.64,67.5,8.29,254.7,IMD_NORMALS_SYNTHETIC
2010-08-28,0.0,29.59,78.0,10.76,202.2,IMD_NORMALS_SYNTHETIC
2010-08-29,6.447,29.83,82.2,9.28,212.2,IMD_NORMALS_SYNTHETIC
2010-08-30,0.0,32.35,70.8,8.35,190.0,IMD_NORMALS_SYNTHETIC
2010-08-31,0.0,28.91,69.3,13.31,209.0,IMD_NORMALS_SYNTHETIC
2010-09-01,5.597,28.29,78.7,5.32,193.8,IMD_NORMALS_SYNTHETIC
2010-09-02,0.0,30.51,71.8,14.43,220.3,IMD_NORMALS_SYNTHETIC
2010-09-03,16.305,27.52,75.3,5.18,186.9,IMD_NORMALS_SYNTHETIC
2010-09-04,0.0,27.54,77.5,5.24,214.4,IMD_NORMALS_SYNTHETIC
2010-09-05,17.464,31.13,70.8,4.75,168.1,IMD_NORMALS_SYNTHETIC
2010-09-06,0.0,31.98,59.4,8.66,191.0,IMD_NORMALS_SYNTHETIC
2010-09-07,17.328,27.14,75.6,10.22,197.1,IMD_NORMALS_SYNTHETIC
2010-09-08,0.0,27.35,79.6,8.91,181.6,IMD_NORMALS_SYNTHETIC
2010-09-09,5.178,25.78,77.4,8.26,225.2,IMD_NORMALS_SYNTHETIC
2010-09-10,0.0,29.33,76.8,7.19,210.6,IMD_NORMALS_SYNTHETIC
2010-09-11,0.0,24.91,74.3,7.16,173.9,IMD_NORMALS_SYNTHETIC
2010-09-12,0.0,27.38,67.0,11.09,174.2,IMD_NORMALS_SYNTHETIC
2010-09-13,0.0,26.14,76.3,8.08,171.8,IMD_NORMALS_SYNTHETIC
2010-09-14,1.958,29.48,81.0,4.44,167.8,IMD_NORMALS_SYNTHETIC
2010-09-15,0.0,27.48,67.7,6.59,191.7,IMD_NORMALS_SYNTHETIC
2010-09-16,0.0,26.32,69.0,5.43,195.5,IMD_NORMALS_SYNTHETIC
2010-09-17,0.0,27.1,76.9,6.66,196.6,IMD_NORMALS_SYNTHETIC
2010-09-18,4.114,29.72,67.2,10.98,172.2,IMD_NORMALS_SYNTHETIC
2010-09-19,6.365,28.31,76.5,9.83,202.2,IMD_NORMALS_SYNTHETIC
2010-09-20,5.077,26.42,65.7,7.94,191.5,IMD_NORMALS_SYNTHETIC
2010-09-21,0.0,29.73,75.9,7.65,173.1,IMD_NORMALS_SYNTHETIC
2010-09-22,0.0,26.29,66.5,1.53,206.9,IMD_NORMALS_SYNTHETIC
2010-09-23,0.0,28.11,76.2,9.72,224.2,IMD_NORMALS_SYNTHETIC
2010-09-24,0.502,27.16,75.7,3.96,199.1,IMD_NORMALS_SYNTHETIC
2010-09-25,0.0,29.21,75.4,11.62,199.1,IMD_NORMALS_SYNTHETIC
2010-09-26,2.368,29.52,77.6,6.57,190.2,IMD_NORMALS_SYNTHETIC
2010-09-27,0.0,31.43,73.4,10.73,202.2,IMD_NORMALS_SYNTHETIC
2010-09-28,5.608,25.43,81.3,11.9,200.3,IMD_NORMALS_SYNTHETIC
2010-09-29,0.0,30.76,70.8,8.88,199.0,IMD_NORMALS_SYNTHETIC
2010-09-30,0.0,27.02,66.2,8.65,191.1,IMD_NORMALS_SYNTHETIC
2010-10-01,0.0,27.07,73.6,6.96,124.6,IMD_NORMALS_SYNTHETIC
2010-10-02,0.0,27.48,59.1,15.5,191.1,IMD_NORMALS_SYNTHETIC
2010-10-03,0.0,29.24,58.1,11.63,210.8,IMD_NORMALS_SYNTHETIC
2010-10-04,0.0,26.15,66.3,12.34,182.6,IMD_NORMALS_SYNTHETIC
2010-10-05,0.0,27.06,58.9,1.56,204.7,IMD_NORMALS_SYNTHETIC
2010-10-06,0.0,27.24,67.1,9.08,176.4,IMD_NORMALS_SYNTHETIC
2010-10-07,1.779,25.88,60.1,3.07,187.9,IMD_NORMALS_SYNTHETIC
2010-10-08,0.0,28.09,62.3,10.48,206.3,IMD_NORMALS_SYNTHETIC
2010-10-09,0.0,27.76,63.0,11.62,197.9,IMD_NORMALS_SYNTHETIC
2010-10-10,0.0,28.89,68.7,9.94,186.0,IMD_NORMALS_SYNTHETIC
2010-10-11,0.0,26.56,59.7,11.08,151.7,IMD_NORMALS_SYNTHETIC
2010-10-12,0.0,26.85,68.6,5.09,182.2,IMD_NORMALS_SYNTHETIC
2010-10-13,0.0,27.16,67.2,10.55,177.0,IMD_NORMALS_SYNTHETIC
2010-10-14,0.0,28.7,75.6,5.9,171.3,IMD_NORMALS_SYNTHETIC
2010-10-15,0.0,28.37,63.9,7.08,171.6,IMD_NORMALS_SYNTHETIC
2010-10-16,0.0,28.71,69.2,0.86,174.0,IMD_NORMALS_SYNTHETIC
2010-10-17,6.465,27.55,63.2,4.78,197.9,IMD_NORMALS_SYNTHETIC
2010-10-18,1.958,31.1,65.5,5.78,178.3,IMD_NORMALS_SYNTHETIC
2010-10-19,0.0,28.35,64.8,11.04,164.4,IMD_NORMALS_SYNTHETIC
2010-10-20,0.884,29.88,69.2,9.49,193.6,IMD_NORMALS_SYNTHETIC
2010-10-21,0.0,31.96,63.4,3.66,190.8,IMD_NORMALS_SYNTHETIC
2010-10-22,18.327,28.46,69.5,5.6,171.8,IMD_NORMALS_SYNTHETIC
2010-10-23,0.0,26.45,72.2,2.27,172.3,IMD_NORMALS_SYNTHETIC
2010-10-24,8.202,29.35,74.7,4.62,155.5,IMD_NORMALS_SYNTHETIC
2010-10-25,2.218,27.41,69.1,12.77,198.9,IMD_NORMALS_SYNTHETIC
2010-10-26,0.0,26.85,68.4,9.95,219.4,IMD_NORMALS_SYNTHETIC
2010-10-27,0.0,30.29,62.4,8.46,195.3,IMD_NORMALS_SYNTHETIC
2010-10-28,0.0,28.49,61.4,6.29,209.6,IMD_NORMALS_SYNTHETIC
2010-10-29,0.0,30.49,64.6,14.05,155.4,IMD_NORMALS_SYNTHETIC
2010-10-30,0.0,26.37,60.6,9.73,188.8,IMD_NORMALS_SYNTHETIC
2010-10-31,0.0,24.94,64.5,9.13,178.1,IMD_NORMALS_SYNTHETIC
2010-11-01,0.0,30.7,62.1,7.89,153.0,IMD_NORMALS_SYNTHETIC
2010-11-02,0.0,25.71,53.9,7.54,203.6,IMD_NORMALS_SYNTHETIC
2010-11-03,0.0,25.92,54.0,9.91,163.8,IMD_NORMALS_SYNTHETIC
2010-11-04,0.0,26.7,50.0,8.95,173.9,IMD_NORMALS_SYNTHETIC
2010-11-05,0.0,24.98,59.7,3.43,174.2,IMD_NORMALS_SYNTHETIC
2010-11-06,0.0,25.32,64.4,10.65,118.7,IMD_NORMALS_SYNTHETIC
2010-11-07,0.0,26.94,57.8,12.88,174.4,IMD_NORMALS_SYNTHETIC
2010-11-08,0.0,20.95,60.3,7.52,183.4,IMD_NORMALS_SYNTHETIC
2010-11-09,0.0,23.7,48.8,10.95,172.9,IMD_NORMALS_SYNTHETIC
2010-11-10,0.0,25.84,60.6,7.69,119.4,IMD_NORMALS_SYNTHETIC
2010-11-11,0.325,26.3,58.6,8.84,190.7,IMD_NORMALS_SYNTHETIC
2010-11-12,0.0,26.62,54.0,7.97,171.9,IMD_NORMALS_SYNTHETIC
2010-11-13,11.165,22.08,45.0,11.07,174.3,IMD_NORMALS_SYNTHETIC
2010-11-14,0.0,23.8,54.7,13.3,160.5,IMD_NORMALS_SYNTHETIC
2010-11-15,1.902,27.19,54.8,7.9,184.5,IMD_NORMALS_SYNTHETIC
2010-11-16,0.0,25.79,57.5,8.27,183.6,IMD_NORMALS_SYNTHETIC
2010-11-17,0.0,28.09,56.1,11.24,163.7,IMD_NORMALS_SYNTHETIC
2010-11-18,0.0,25.81,56.7,7.47,161.0,IMD_NORMALS_SYNTHETIC
2010-11-19,0.0,24.42,60.4,12.35,143.2,IMD_NORMALS_SYNTHETIC
2010-11-20,0.0,25.23,67.3,7.68,199.3,IMD_NORMALS_SYNTHETIC
2010-11-21,0.0,28.49,57.7,10.13,172.1,IMD_NORMALS_SYNTHETIC
2010-11-22,0.0,21.61,53.7,9.06,146.7,IMD_NORMALS_SYNTHETIC
2010-11-23,0.0,27.3,62.5,8.83,163.7,IMD_NORMALS_SYNTHETIC
2010-11-24,5.645,24.89,59.4,2.25,196.6,IMD_NORMALS_SYNTHETIC
2010-11-25,0.0,27.48,51.5,6.04,108.0,IMD_NORMALS_SYNTHETIC
2010-11-26,0.0,25.98,57.4,5.77,157.0,IMD_NORMALS_SYNTHETIC
2010-11-27,0.0,23.27,52.6,10.64,198.1,IMD_NORMALS_SYNTHETIC
2010-11-28,0.0,25.79,59.7,7.58,156.4,IMD_NORMALS_SYNTHETIC
2010-11-29,0.0,26.15,63.1,8.93,153.9,IMD_NORMALS_SYNTHETIC
2010-11-30,3.71,24.9,59.4,4.81,174.3,IMD_NORMALS_SYNTHETIC
2010-12-01,0.0,22.59,47.1,12.12,139.2,IMD_NORMALS_SYNTHETIC
2010-12-02,0.0,24.98,53.9,11.7,167.1,IMD_NORMALS_SYNTHETIC
2010-12-03,0.0,24.75,60.9,12.06,161.7,IMD_NORMALS_SYNTHETIC
2010-12-04,0.0,24.86,46.7,8.88,174.9,IMD_NORMALS_SYNTHETIC
2010-12-05,0.0,21.63,48.1,11.59,150.0,IMD_NORMALS_SYNTHETIC
2010-12-06,0.0,24.1,51.9,7.15,202.4,IMD_NORMALS_SYNTHETIC
2010-12-07,0.0,25.24,50.3,7.92,144.4,IMD_NORMALS_SYNTHETIC
2010-12-08,0.0,24.73,59.9,6.27,127.7,IMD_NORMALS_SYNTHETIC
2010-12-09,0.0,24.5,62.7,6.19,141.1,IMD_NORMALS_SYNTHETIC
2010-12-10,0.0,23.48,54.2,11.27,130.3,IMD_NORMALS_SYNTHETIC
2010-12-11,0.0,26.99,58.9,7.85,129.7,IMD_NORMALS_SYNTHETIC
2010-12-12,0.0,25.76,59.1,10.3,164.5,IMD_NORMALS_SYNTHETIC
2010-12-13,0.0,23.06,62.4,10.38,141.2,IMD_NORMALS_SYNTHETIC
2010-12-14,0.0,23.14,43.6,11.01,151.5,IMD_NORMALS_SYNTHETIC
2010-12-15,0.0,26.28,51.1,9.05,177.9,IMD_NORMALS_SYNTHETIC
2010-12-16,0.0,21.46,57.3,8.26,173.1,IMD_NORMALS_SYNTHETIC
2010-12-17,0.0,24.66,52.9,9.9,175.6,IMD_NORMALS_SYNTHETIC
2010-12-18,0.0,23.23,52.0,9.06,113.8,IMD_NORMALS_SYNTHETIC
2010-12-19,0.0,23.76,65.4,10.82,163.2,IMD_NORMALS_SYNTHETIC
2010-12-20,0.0,24.29,56.2,3.84,165.4,IMD_NORMALS_SYNTHETIC
2010-12-21,0.0,24.93,63.2,12.07,138.8,IMD_NORMALS_SYNTHETIC
2010-12-22,0.0,27.42,56.3,4.89,173.5,IMD_NORMALS_SYNTHETIC
2010-12-23,15.798,24.58,58.3,7.52,152.4,IMD_NORMALS_SYNTHETIC
2010-12-24,0.0,24.7,53.1,8.73,201.1,IMD_NORMALS_SYNTHETIC
2010-12-25,0.0,24.04,51.3,9.18,168.4,IMD_NORMALS_SYNTHETIC
2010-12-26,0.0,24.32,61.3,6.45,152.1,IMD_NORMALS_SYNTHETIC
2010-12-27,0.0,23.74,57.5,9.43,156.4,IMD_NORMALS_SYNTHETIC
2010-12-28,0.0,24.28,57.9,6.89,149.1,IMD_NORMALS_SYNTHETIC
2010-12-29,0.0,22.35,56.2,12.45,136.7,IMD_NORMALS_SYNTHETIC
2010-12-30,0.0,22.62,60.2,2.3,150.8,IMD_NORMALS_SYNTHETIC
2010-12-31,0.0,22.69,45.1,8.73,142.4,IMD_NORMALS_SYNTHETIC
2011-01-01,0.0,24.37,42.8,11.01,169.4,IMD_NORMALS_SYNTHETIC
2011-01-02,0.0,22.82,47.6,9.41,176.1,IMD_NORMALS_SYNTHETIC
2011-01-03,0.0,22.95,48.4,11.48,161.0,IMD_NORMALS_SYNTHETIC
2011-01-04,0.0,22.74,57.1,9.19,165.8,IMD_NORMALS_SYNTHETIC
2011-01-05,0.0,25.92,51.3,14.31,169.7,IMD_NORMALS_SYNTHETIC
2011-01-06,0.0,23.99,59.7,6.26,188.5,IMD_NORMALS_SYNTHETIC
2011-01-07,0.0,22.98,53.0,7.77,165.8,IMD_NORMALS_SYNTHETIC
2011-01-08,0.0,24.1,59.6,9.43,150.2,IMD_NORMALS_SYNTHETIC
2011-01-09,0.0,23.57,55.2,7.54,154.1,IMD_NORMALS_SYNTHETIC
2011-01-10,0.0,23.48,54.7,13.54,157.0,IMD_NORMALS_SYNTHETIC
2011-01-11,0.0,25.08,53.3,11.89,152.4,IMD_NORMALS_SYNTHETIC
2011-01-12,0.0,23.02,45.6,6.88,135.5,IMD_NORMALS_SYNTHETIC
2011-01-13,0.0,23.7,46.4,3.5,161.7,IMD_NORMALS_SYNTHETIC
2011-01-14,0.0,24.96,45.5,7.02,177.4,IMD_NORMALS_SYNTHETIC
2011-01-15,0.0,27.92,47.6,5.26,156.0,IMD_NORMALS_SYNTHETIC
2011-01-16,0.0,21.98,49.6,9.42,159.7,IMD_NORMALS_SYNTHETIC
2011-01-17,0.0,22.63,53.0,3.36,171.2,IMD_NORMALS_SYNTHETIC
2011-01-18,0.0,23.97,47.9,9.68,172.2,IMD_NORMALS_SYNTHETIC
2011-01-19,0.0,23.42,58.1,7.94,133.0,IMD_NORMALS_SYNTHETIC
2011-01-20,0.0,27.86,44.8,4.36,180.3,IMD_NORMALS_SYNTHETIC
2011-01-21,0.0,23.37,59.8,7.93,186.5,IMD_NORMALS_SYNTHETIC
2011-01-22,0.0,23.62,49.9,7.46,149.6,IMD_NORMALS_SYNTHETIC
2011-01-23,3.959,24.68,43.9,6.81,144.7,IMD_NORMALS_SYNTHETIC
2011-01-24,0.0,22.95,51.5,10.51,172.0,IMD_NORMALS_SYNTHETIC
2011-01-25,0.0,24.54,46.2,11.78,160.5,IMD_NORMALS_SYNTHETIC
2011-01-26,0.0,24.76,42.0,5.47,176.4,IMD_NORMALS_SYNTHETIC
2011-01-27,0.0,27.3,47.2,5.45,143.8,IMD_NORMALS_SYNTHETIC
2011-01-28,0.0,22.38,50.5,9.66,169.8,IMD_NORMALS_SYNTHETIC
2011-01-29,0.0,25.79,54.8,7.7,150.5,IMD_NORMALS_SYNTHETIC
2011-01-30,0.0,25.32,56.8,11.59,149.0,IMD_NORMALS_SYNTHETIC
2011-01-31,0.0,24.32,55.9,7.46,142.9,IMD_NORMALS_SYNTHETIC
2011-02-01,0.0,26.33,40.3,10.82,187.6,IMD_NORMALS_SYNTHETIC
2011-02-02,0.0,24.46,46.7,8.37,171.1,IMD_NORMALS_SYNTHETIC
2011-02-03,12.713,28.08,43.7,10.3,176.9,IMD_NORMALS_SYNTHETIC
2011-02-04,0.0,26.82,38.0,4.53,148.6,IMD_NORMALS_SYNTHETIC
2011-02-05,0.0,25.47,44.4,6.96,196.4,IMD_NORMALS_SYNTHETIC
2011-02-06,0.0,26.55,45.0,6.44,183.2,IMD_NORMALS_SYNTHETIC
2011-02-07,0.0,28.29,39.5,5.48,140.2,IMD_NORMALS_SYNTHETIC
2011-02-08,0.0,28.65,42.6,8.65,183.3,IMD_NORMALS_SYNTHETIC
2011-02-09,0.0,27.87,52.0,9.71,178.9,IMD_NORMALS_SYNTHETIC
2011-02-10,0.0,25.81,41.2,4.47,152.5,IMD_NORMALS_SYNTHETIC
2011-02-11,0.0,24.74,41.5,13.09,197.0,IMD_NORMALS_SYNTHETIC
2011-02-12,0.0,28.2,48.6,4.72,194.1,IMD_NORMALS_SYNTHETIC
2011-02-13,0.0,26.84,54.8,7.5,173.5,IMD_NORMALS_SYNTHETIC
2011-02-14,0.0,25.55,51.3,4.95,171.9,IMD_NORMALS_SYNTHETIC
2011-02-15,0.0,26.48,38.0,9.3,163.8,IMD_NORMALS_SYNTHETIC
2011-02-16,0.0,25.25,39.6,9.65,157.2,IMD_NORMALS_SYNTHETIC
2011-02-17,0.0,26.64,35.2,4.51,213.4,IMD_NORMALS_SYNTHETIC
2011-02-18,0.0,25.3,37.0,14.3,244.4,IMD_NORMALS_SYNTHETIC
2011-02-19,0.0,27.8,40.1,7.85,180.9,IMD_NORMALS_SYNTHETIC
2011-02-20,0.0,23.22,43.1,6.45,175.1,IMD_NORMALS_SYNTHETIC
2011-02-21,0.0,26.99,47.7,12.53,204.3,IMD_NORMALS_SYNTHETIC
2011-02-22,0.0,30.1,37.3,10.75,155.4,IMD_NORMALS_SYNTHETIC
2011-02-23,0.0,25.5,47.2,6.61,163.8,IMD_NORMALS_SYNTHETIC
2011-02-24,0.0,27.18,41.3,7.5,198.3,IMD_NORMALS_SYNTHETIC
2011-02-25,0.0,26.79,46.6,7.97,165.5,IMD_NORMALS_SYNTHETIC
2011-02-26,0.0,24.51,44.5,1.42,151.2,IMD_NORMALS_SYNTHETIC
2011-02-27,0.0,24.48,41.4,9.62,186.1,IMD_NORMALS_SYNTHETIC
2011-02-28,0.0,30.33,43.2,11.05,165.9,IMD_NORMALS_SYNTHETIC
2011-03-01,6.182,31.63,40.2,10.49,208.4,IMD_NORMALS_SYNTHETIC
2011-03-02,0.0,30.38,45.3,4.78,209.2,IMD_NORMALS_SYNTHETIC
2011-03-03,0.0,30.61,39.0,2.75,208.2,IMD_NORMALS_SYNTHETIC
2011-03-04,5.596,30.0,43.0,3.43,186.9,IMD_NORMALS_SYNTHETIC
2011-03-05,0.0,33.67,44.4,10.15,193.1,IMD_NORMALS_SYNTHETIC
2011-03-06,0.0,30.64,37.7,9.14,165.1,IMD_NORMALS_SYNTHETIC
2011-03-07,0.0,31.44,40.3,7.22,149.5,IMD_NORMALS_SYNTHETIC
2011-03-08,0.0,34.34,34.3,4.54,189.9,IMD_NORMALS_SYNTHETIC
2011-03-09,0.0,31.43,34.1,8.21,198.7,IMD_NORMALS_SYNTHETIC
2011-03-10,0.0,32.34,32.7,9.19,204.7,IMD_NORMALS_SYNTHETIC
2011-03-11,0.0,34.24,32.7,5.05,164.8,IMD_NORMALS_SYNTHETIC
2011-03-12,0.0,29.85,34.3,10.2,179.1,IMD_NORMALS_SYNTHETIC
2011-03-13,0.0,30.71,39.4,10.06,193.8,IMD_NORMALS_SYNTHETIC
2011-03-14,0.0,30.6,46.9,6.36,195.6,IMD_NORMALS_SYNTHETIC
2011-03-15,0.0,30.99,35.3,7.43,173.8,IMD_NORMALS_SYNTHETIC
2011-03-16,0.0,30.2,32.3,9.65,213.2,IMD_NORMALS_SYNTHETIC
2011-03-17,0.0,32.4,39.1,7.44,201.0,IMD_NORMALS_SYNTHETIC
2011-03-18,0.0,31.83,42.5,8.21,189.4,IMD_NORMALS_SYNTHETIC
2011-03-19,0.0,32.88,32.8,5.5,181.5,IMD_NORMALS_SYNTHETIC
2011-03-20,0.0,31.58,41.1,8.97,199.2,IMD_NORMALS_SYNTHETIC
2011-03-21,0.0,33.06,34.2,10.56,221.5,IMD_NORMALS_SYNTHETIC
2011-03-22,0.0,29.03,33.3,6.79,225.9,IMD_NORMALS_SYNTHETIC
2011-03-23,0.0,34.04,33.5,11.55,156.7,IMD_NORMALS_SYNTHETIC
2011-03-24,14.471,28.94,36.0,13.05,178.5,IMD_NORMALS_SYNTHETIC
2011-03-25,0.0,27.95,42.9,5.97,177.8,IMD_NORMALS_SYNTHETIC
2011-03-26,0.0,30.1,41.2,10.3,196.7,IMD_NORMALS_SYNTHETIC
2011-03-27,0.0,31.65,39.8,10.52,179.1,IMD_NORMALS_SYNTHETIC
2011-03-28,0.0,31.29,30.8,7.51,194.2,IMD_NORMALS_SYNTHETIC
2011-03-29,0.0,31.55,49.1,10.14,187.8,IMD_NORMALS_SYNTHETIC
2011-03-30,0.0,28.4,30.3,9.27,215.3,IMD_NORMALS_SYNTHETIC
2011-03-31,0.0,28.84,35.2,8.15,174.3,IMD_NORMALS_SYNTHETIC
2011-04-01,0.0,34.54,32.7,6.82,222.3,IMD_NORMALS_SYNTHETIC
2011-04-02,0.0,33.12,27.8,5.87,203.1,IMD_NORMALS_SYNTHETIC
2011-04-03,0.0,31.65,33.5,12.75,202.6,IMD_NORMALS_SYNTHETIC
2011-04-04,0.344,34.59,36.0,8.36,222.4,IMD_NORMALS_SYNTHETIC
2011-04-05,0.0,31.88,45.5,3.98,233.0,IMD_NORMALS_SYNTHETIC
2011-04-06,0.0,35.86,42.2,7.75,176.0,IMD_NORMALS_SYNTHETIC
2011-04-07,0.0,29.95,43.0,15.04,227.1,IMD_NORMALS_SYNTHETIC
2011-04-08,0.0,29.49,42.5,11.0,259.9,IMD_NORMALS_SYNTHETIC
2011-04-09,0.0,33.66,31.3,6.69,201.3,IMD_NORMALS_SYNTHETIC
2011-04-10,0.0,35.95,37.1,11.91,197.1,IMD_NORMALS_SYNTHETIC
2011-04-11,0.0,33.34,23.9,7.44,210.2,IMD_NORMALS_SYNTHETIC
2011-04-12,0.0,33.69,30.0,2.46,207.7,IMD_NORMALS_SYNTHETIC
2011-04-13,0.0,34.61,32.2,4.75,256.3,IMD_NORMALS_SYNTHETIC
2011-04-14,0.0,31.45,36.6,6.66,210.8,IMD_NORMALS_SYNTHETIC
2011-04-15,0.0,32.55,34.1,7.73,227.8,IMD_NORMALS_SYNTHETIC
2011-04-16,0.0,35.33,26.7,8.42,219.6,IMD_NORMALS_SYNTHETIC
2011-04-17,0.0,32.82,41.1,17.45,219.5,IMD_NORMALS_SYNTHETIC
2011-04-18,0.0,35.12,33.5,14.63,203.3,IMD_NORMALS_SYNTHETIC
2011-04-19,0.0,32.95,43.4,8.27,211.5,IMD_NORMALS_SYNTHETIC
2011-04-20,0.0,35.94,35.0,8.89,187.1,IMD_NORMALS_SYNTHETIC
2011-04-21,0.0,33.89,37.9,7.81,231.6,IMD_NORMALS_SYNTHETIC
2011-04-22,0.0,35.24,36.4,5.8,202.3,IMD_NORMALS_SYNTHETIC
2011-04-23,0.0,34.92,37.3,1.92,203.3,IMD_NORMALS_SYNTHETIC
2011-04-24,0.0,35.98,44.3,7.14,238.2,IMD_NORMALS_SYNTHETIC
2011-04-25,0.0,34.54,31.9,7.83,210.7,IMD_NORMALS_SYNTHETIC
2011-04-26,0.0,35.64,40.9,9.15,219.1,IMD_NORMALS_SYNTHETIC
2011-04-27,0.0,34.88,40.1,10.25,235.4,IMD_NORMALS_SYNTHETIC
2011-04-28,0.0,33.57,38.9,6.52,220.5,IMD_NORMALS_SYNTHETIC
2011-04-29,0.0,36.39,34.8,8.06,245.1,IMD_NORMALS_SYNTHETIC
2011-04-30,0.0,35.11,37.7,10.87,207.6,IMD_NORMALS_SYNTHETIC
2011-05-01,2.315,35.55,51.6,8.34,213.7,IMD_NORMALS_SYNTHETIC
2011-05-02,0.0,35.39,43.5,5.84,201.3,IMD_NORMALS_SYNTHETIC
2011-05-03,0.0,34.14,32.6,11.59,228.2,IMD_NORMALS_SYNTHETIC
2011-05-04,0.0,38.24,47.4,9.32,222.0,IMD_NORMALS_SYNTHETIC
2011-05-05,0.0,36.53,38.6,6.11,205.5,IMD_NORMALS_SYNTHETIC
2011-05-06,9.792,36.13,49.6,7.68,201.3,IMD_NORMALS_SYNTHETIC
2011-05-07,0.0,35.73,47.6,8.37,271.8,IMD_NORMALS_SYNTHETIC
2011-05-08,0.0,33.88,36.4,9.89,234.3,IMD_NORMALS_SYNTHETIC
2011-05-09,0.0,33.5,44.1,9.53,211.0,IMD_NORMALS_SYNTHETIC
2011-05-10,0.0,35.99,48.6,12.79,245.6,IMD_NORMALS_SYNTHETIC
2011-05-11,17.42,36.67,41.1,8.64,219.2,IMD_NORMALS_SYNTHETIC
2011-05-12,0.0,33.64,51.9,6.0,240.7,IMD_NORMALS_SYNTHETIC
2011-05-13,0.0,33.1,48.4,8.58,231.4,IMD_NORMALS_SYNTHETIC
2011-05-14,0.0,35.52,36.2,6.44,236.1,IMD_NORMALS_SYNTHETIC
2011-05-15,2.914,34.87,43.0,6.06,192.6,IMD_NORMALS_SYNTHETIC
2011-05-16,0.0,36.37,37.1,4.36,222.3,IMD_NORMALS_SYNTHETIC
2011-05-17,0.0,35.15,46.8,3.5,250.4,IMD_NORMALS_SYNTHETIC
2011-05-18,0.0,32.32,49.6,7.36,201.0,IMD_NORMALS_SYNTHETIC
2011-05-19,0.0,32.85,42.3,15.98,247.4,IMD_NORMALS_SYNTHETIC
2011-05-20,0.0,35.22,42.0,5.05,210.0,IMD_NORMALS_SYNTHETIC
2011-05-21,0.0,35.7,46.9,10.93,273.2,IMD_NORMALS_SYNTHETIC
2011-05-22,0.0,35.16,43.3,6.36,222.1,IMD_NORMALS_SYNTHETIC
2011-05-23,0.0,35.97,44.7,9.69,228.3,IMD_NORMALS_SYNTHETIC
2011-05-24,0.0,35.53,43.7,8.25,219.4,IMD_NORMALS_SYNTHETIC
2011-05-25,0.0,36.14,45.6,13.05,214.5,IMD_NORMALS_SYNTHETIC
2011-05-26,0.0,37.02,37.8,7.3,222.8,IMD_NORMALS_SYNTHETIC
2011-05-27,0.0,33.58,50.9,12.2,260.9,IMD_NORMALS_SYNTHETIC
2011-05-28,0.0,35.21,43.2,3.7,220.9,IMD_NORMALS_SYNTHETIC
2011-05-29,0.0,37.48,44.7,10.12,246.0,IMD_NORMALS_SYNTHETIC
2011-05-30,2.238,36.38,49.3,8.38,227.6,IMD_NORMALS_SYNTHETIC
2011-05-31,0.0,34.56,43.9,13.82,223.0,IMD_NORMALS_SYNTHETIC
2011-06-01,0.0,33.72,66.3,10.59,293.3,IMD_NORMALS_SYNTHETIC
2011-06-02,0.0,31.34,67.0,9.54,256.7,IMD_NORMALS_SYNTHETIC
2011-06-03,0.0,29.8,66.1,6.37,254.6,IMD_NORMALS_SYNTHETIC
2011-06-04,0.0,30.7,75.2,11.14,235.6,IMD_NORMALS_SYNTHETIC
2011-06-05,0.0,31.04,66.7,4.64,277.2,IMD_NORMALS_SYNTHETIC
2011-06-06,0.0,31.29,58.4,9.7,241.1,IMD_NORMALS_SYNTHETIC
2011-06-07,4.919,31.36,64.9,7.94,233.1,IMD_NORMALS_SYNTHETIC
2011-06-08,1.102,34.14,81.1,14.04,271.3,IMD_NORMALS_SYNTHETIC
2011-06-09,0.0,33.41,66.5,8.76,246.2,IMD_NORMALS_SYNTHETIC
2011-06-10,0.0,30.54,63.1,9.73,283.8,IMD_NORMALS_SYNTHETIC
2011-06-11,0.0,31.89,66.6,6.78,265.0,IMD_NORMALS_SYNTHETIC
2011-06-12,3.898,30.34,59.2,7.52,233.0,IMD_NORMALS_SYNTHETIC
2011-06-13,0.0,30.88,60.7,9.57,229.6,IMD_NORMALS_SYNTHETIC
2011-06-14,0.25,30.69,63.8,7.97,209.6,IMD_NORMALS_SYNTHETIC
2011-06-15,0.0,34.46,67.2,10.15,242.6,IMD_NORMALS_SYNTHETIC
2011-06-16,0.0,31.33,57.9,9.89,216.1,IMD_NORMALS_SYNTHETIC
2011-06-17,0.0,29.96,65.9,4.14,233.8,IMD_NORMALS_SYNTHETIC
2011-06-18,0.0,32.14,68.7,8.68,261.6,IMD_NORMALS_SYNTHETIC
2011-06-19,0.0,31.91,69.2,3.03,215.1,IMD_NORMALS_SYNTHETIC
2011-06-20,0.0,32.24,71.9,10.08,215.6,IMD_NORMALS_SYNTHETIC
2011-06-21,0.0,30.96,56.0,8.37,230.6,IMD_NORMALS_SYNTHETIC
2011-06-22,4.927,32.66,62.2,9.33,266.5,IMD_NORMALS_SYNTHETIC
2011-06-23,0.0,28.85,57.1,9.49,221.8,IMD_NORMALS_SYNTHETIC
2011-06-24,4.727,30.53,68.6,5.19,262.2,IMD_NORMALS_SYNTHETIC
2011-06-25,25.35,30.21,64.5,6.8,276.8,IMD_NORMALS_SYNTHETIC
2011-06-26,0.0,32.93,61.9,9.87,257.0,IMD_NORMALS_SYNTHETIC
2011-06-27,0.0,33.67,65.9,9.74,250.0,IMD_NORMALS_SYNTHETIC
2011-06-28,0.0,34.31,60.4,10.03,239.9,IMD_NORMALS_SYNTHETIC
2011-06-29,0.0,31.46,63.3,11.2,262.7,IMD_NORMALS_SYNTHETIC
2011-06-30,0.0,30.11,63.4,1.95,197.0,IMD_NORMALS_SYNTHETIC
2011-07-01,0.0,32.39,75.0,10.11,247.8,IMD_NORMALS_SYNTHETIC
2011-07-02,0.0,25.77,73.6,13.34,236.8,IMD_NORMALS_SYNTHETIC
2011-07-03,19.144,30.88,74.2,7.25,210.5,IMD_NORMALS_SYNTHETIC
2011-07-04,0.0,30.01,77.5,7.3,228.7,IMD_NORMALS_SYNTHETIC
2011-07-05,0.0,27.79,79.6,6.26,205.8,IMD_NORMALS_SYNTHETIC
2011-07-06,62.419,31.15,77.6,6.36,261.6,IMD_NORMALS_SYNTHETIC
2011-07-07,0.0,29.02,63.1,4.16,226.5,IMD_NORMALS_SYNTHETIC
2011-07-08,0.0,29.84,68.4,4.08,203.1,IMD_NORMALS_SYNTHETIC
2011-07-09,0.0,24.0,72.2,6.18,207.8,IMD_NORMALS_SYNTHETIC
2011-07-10,11.154,28.45,75.7,6.77,234.4,IMD_NORMALS_SYNTHETIC
2011-07-11,0.0,26.79,62.6,8.73,231.0,IMD_NORMALS_SYNTHETIC
2011-07-12,0.0,29.34,72.0,12.35,231.8,IMD_NORMALS_SYNTHETIC
2011-07-13,0.0,28.87,78.7,5.78,217.8,IMD_NORMALS_SYNTHETIC
2011-07-14,0.0,29.04,72.0,11.22,234.8,IMD_NORMALS_SYNTHETIC
2011-07-15,0.0,27.9,64.8,6.67,235.7,IMD_NORMALS_SYNTHETIC
2011-07-16,0.0,29.4,80.3,6.0,215.0,IMD_NORMALS_SYNTHETIC
2011-07-17,0.0,29.45,74.3,7.05,241.9,IMD_NORMALS_SYNTHETIC
2011-07-18,14.372,28.39,67.6,12.81,214.7,IMD_NORMALS_SYNTHETIC
2011-07-19,14.713,27.54,77.1,10.23,222.0,IMD_NORMALS_SYNTHETIC
2011-07-20,0.0,27.98,77.7,2.64,211.6,IMD_NORMALS_SYNTHETIC
2011-07-21,0.0,25.39,80.4,9.52,214.8,IMD_NORMALS_SYNTHETIC
2011-07-22,0.0,29.93,70.9,7.02,205.2,IMD_NORMALS_SYNTHETIC
2011-07-23,48.709,31.08,64.5,7.17,263.9,IMD_NORMALS_SYNTHETIC
2011-07-24,2.384,31.34,70.2,2.92,234.1,IMD_NORMALS_SYNTHETIC
2011-07-25,1.192,28.25,83.8,2.48,231.1,IMD_NORMALS_SYNTHETIC
2011-07-26,0.0,29.76,68.4,12.93,223.3,IMD_NORMALS_SYNTHETIC
2011-07-27,0.0,31.68,73.8,6.6,257.2,IMD_NORMALS_SYNTHETIC
2011-07-28,21.984,29.35,70.2,5.56,236.5,IMD_NORMALS_SYNTHETIC
2011-07-29,15.691,29.03,68.9,6.87,254.3,IMD_NORMALS_SYNTHETIC
2011-07-30,0.0,28.28,72.0,8.28,234.1,IMD_NORMALS_SYNTHETIC
2011-07-31,3.878,28.65,77.0,4.88,221.3,IMD_NORMALS_SYNTHETIC
2011-08-01,0.0,28.74,73.5,13.6,224.3,IMD_NORMALS_SYNTHETIC
2011-08-02,0.0,26.11,69.2,4.94,207.1,IMD_NORMALS_SYNTHETIC
2011-08-03,0.0,27.49,72.9,12.16,216.9,IMD_NORMALS_SYNTHETIC
2011-08-04,10.305,30.55,71.9,7.12,198.5,IMD_NORMALS_SYNTHETIC
2011-08-05,3.473,26.52,71.9,9.31,184.5,IMD_NORMALS_SYNTHETIC
2011-08-06,0.308,24.79,72.0,3.7,208.7,IMD_NORMALS_SYNTHETIC
2011-08-07,0.0,32.05,70.9,13.35,202.4,IMD_NORMALS_SYNTHETIC
2011-08-08,0.0,29.12,69.1,7.3,230.8,IMD_NORMALS_SYNTHETIC
2011-08-09,0.0,27.55,73.9,9.71,218.6,IMD_NORMALS_SYNTHETIC
2011-08-10,38.663,29.33,77.2,9.4,204.7,IMD_NORMALS_SYNTHETIC
2011-08-11,0.0,28.62,74.7,6.43,185.9,IMD_NORMALS_SYNTHETIC
2011-08-12,0.0,26.39,82.7,7.77,212.1,IMD_NORMALS_SYNTHETIC
2011-08-13,0.0,29.69,79.0,9.44,215.2,IMD_NORMALS_SYNTHETIC
2011-08-14,22.936,29.28,72.0,4.91,213.6,IMD_NORMALS_SYNTHETIC
2011-08-15,2.642,30.29,68.6,4.9,185.4,IMD_NORMALS_SYNTHETIC
2011-08-16,0.0,29.32,75.0,4.4,216.6,IMD_NORMALS_SYNTHETIC
2011-08-17,0.0,32.71,70.0,6.97,238.8,IMD_NORMALS_SYNTHETIC
2011-08-18,1.261,31.64,69.0,11.48,229.1,IMD_NORMALS_SYNTHETIC
2011-08-19,0.0,28.14,63.8,14.44,180.4,IMD_NORMALS_SYNTHETIC
2011-08-20,8.496,29.75,69.5,13.37,222.7,IMD_NORMALS_SYNTHETIC
2011-08-21,40.485,32.84,74.3,6.91,218.7,IMD_NORMALS_SYNTHETIC
2011-08-22,2.524,26.87,71.3,6.99,223.3,IMD_NORMALS_SYNTHETIC
2011-08-23,26.536,29.19,78.7,8.76,210.9,IMD_NORMALS_SYNTHETIC
2011-08-24,1.166,31.37,72.0,7.8,263.3,IMD_NORMALS_SYNTHETIC
2011-08-25,12.018,28.44,70.3,9.23,231.2,IMD_NORMALS_SYNTHETIC
2011-08-26,0.416,28.32,71.5,3.46,214.6,IMD_NORMALS_SYNTHETIC
2011-08-27,3.518,29.0,78.1,9.15,178.7,IMD_NORMALS_SYNTHETIC
2011-08-28,13.079,25.84,73.2,3.51,212.3,IMD_NORMALS_SYNTHETIC
2011-08-29,0.0,29.64,76.4,8.68,200.0,IMD_NORMALS_SYNTHETIC
2011-08-30,0.0,28.87,73.7,13.83,187.7,IMD_NORMALS_SYNTHETIC
2011-08-31,2.08,27.74,69.9,6.12,221.5,IMD_NORMALS_SYNTHETIC
2011-09-01,0.0,30.58,71.0,6.07,199.7,IMD_NORMALS_SYNTHETIC
2011-09-02,1.559,26.83,73.9,5.82,226.2,IMD_NORMALS_SYNTHETIC
2011-09-03,0.0,25.88,70.7,8.02,201.2,IMD_NORMALS_SYNTHETIC
2011-09-04,1.067,27.98,70.7,1.93,175.4,IMD_NORMALS_SYNTHETIC
2011-09-05,0.0,30.54,69.7,7.25,209.2,IMD_NORMALS_SYNTHETIC
2011-09-06,0.0,29.31,69.9,13.65,188.2,IMD_NORMALS_SYNTHETIC
2011-09-07,0.0,29.48,73.5,14.38,192.3,IMD_NORMALS_SYNTHETIC
2011-09-08,0.0,26.63,69.1,7.85,194.2,IMD_NORMALS_SYNTHETIC
2011-09-09,0.0,28.63,65.8,8.12,197.4,IMD_NORMALS_SYNTHETIC
2011-09-10,20.642,27.76,71.5,5.87,234.1,IMD_NORMALS_SYNTHETIC
2011-09-11,0.0,25.48,66.4,10.68,194.8,IMD_NORMALS_SYNTHETIC
2011-09-12,3.766,28.21,70.9,8.81,204.0,IMD_NORMALS_SYNTHETIC
2011-09-13,0.0,33.77,77.8,10.59,186.0,IMD_NORMALS_SYNTHETIC
2011-09-14,0.0,27.13,70.5,5.06,203.9,IMD_NORMALS_SYNTHETIC
2011-09-15,0.0,29.0,72.2,12.47,203.2,IMD_NORMALS_SYNTHETIC
2011-09-16,0.0,28.68,68.2,9.42,178.0,IMD_NORMALS_SYNTHETIC
2011-09-17,10.048,29.54,74.2,4.12,193.6,IMD_NORMALS_SYNTHETIC
2011-09-18,0.0,29.33,74.4,8.38,209.2,IMD_NORMALS_SYNTHETIC
2011-09-19,0.0,29.3,77.0,5.95,196.2,IMD_NORMALS_SYNTHETIC
2011-09-20,41.674,27.52,71.3,3.82,209.6,IMD_NORMALS_SYNTHETIC
2011-09-21,0.0,28.37,73.0,8.93,160.5,IMD_NORMALS_SYNTHETIC
2011-09-22,0.0,24.64,74.9,11.86,185.3,IMD_NORMALS_SYNTHETIC
2011-09-23,0.0,29.36,68.1,7.03,194.9,IMD_NORMALS_SYNTHETIC
2011-09-24,0.0,26.64,66.7,8.02,213.0,IMD_NORMALS_SYNTHETIC
2011-09-25,47.811,30.78,75.7,9.87,227.2,IMD_NORMALS_SYNTHETIC
2011-09-26,0.0,29.33,72.4,8.41,179.5,IMD_NORMALS_SYNTHETIC
2011-09-27,0.0,29.2,69.3,6.05,148.5,IMD_NORMALS_SYNTHETIC
2011-09-28,0.0,28.45,75.7,4.28,198.7,IMD_NORMALS_SYNTHETIC
2011-09-29,0.0,30.07,65.4,9.22,242.1,IMD_NORMALS_SYNTHETIC
2011-09-30,0.0,28.85,69.8,12.44,209.7,IMD_NORMALS_SYNTHETIC
2011-10-01,0.0,28.1,69.4,8.86,216.2,IMD_NORMALS_SYNTHETIC
2011-10-02,0.0,31.15,61.5,3.37,163.8,IMD_NORMALS_SYNTHETIC
2011-10-03,0.0,28.28,72.2,5.78,180.4,IMD_NORMALS_SYNTHETIC
2011-10-04,0.0,31.56,65.7,8.83,190.1,IMD_NORMALS_SYNTHETIC
2011-10-05,0.0,30.6,68.4,10.92,187.6,IMD_NORMALS_SYNTHETIC
2011-10-06,0.0,27.51,68.3,4.06,169.7,IMD_NORMALS_SYNTHETIC
2011-10-07,0.0,27.99,61.7,6.97,166.1,IMD_NORMALS_SYNTHETIC
2011-10-08,0.0,28.05,66.1,2.95,176.7,IMD_NORMALS_SYNTHETIC
2011-10-09,0.0,28.17,55.7,6.21,177.7,IMD_NORMALS_SYNTHETIC
2011-10-10,0.0,30.49,62.5,8.67,220.0,IMD_NORMALS_SYNTHETIC
2011-10-11,0.0,26.69,67.3,13.4,171.5,IMD_NORMALS_SYNTHETIC
2011-10-12,0.0,29.4,59.2,7.78,210.5,IMD_NORMALS_SYNTHETIC
2011-10-13,0.0,28.23,72.0,12.36,171.5,IMD_NORMALS_SYNTHETIC
2011-10-14,0.0,29.66,63.2,7.05,166.4,IMD_NORMALS_SYNTHETIC
2011-10-15,0.0,28.04,60.9,6.26,188.0,IMD_NORMALS_SYNTHETIC
2011-10-16,4.28,30.24,60.5,5.22,178.7,IMD_NORMALS_SYNTHETIC
2011-10-17,0.0,29.77,58.4,9.61,163.3,IMD_NORMALS_SYNTHETIC
2011-10-18,0.0,28.27,68.6,10.44,171.4,IMD_NORMALS_SYNTHETIC
2011-10-19,21.467,25.33,59.7,8.13,162.3,IMD_NORMALS_SYNTHETIC
2011-10-20,0.0,29.25,68.1,3.98,163.9,IMD_NORMALS_SYNTHETIC
2011-10-21,0.0,30.58,63.6,12.21,136.1,IMD_NORMALS_SYNTHETIC
2011-10-22,0.0,27.65,63.0,4.58,182.3,IMD_NORMALS_SYNTHETIC
2011-10-23,0.0,26.63,65.0,9.26,154.0,IMD_NORMALS_SYNTHETIC
2011-10-24,0.0,27.39,63.1,4.8,185.8,IMD_NORMALS_SYNTHETIC
2011-10-25,0.0,29.56,63.1,10.68,208.0,IMD_NORMALS_SYNTHETIC
2011-10-26,0.0,30.08,62.2,7.99,144.8,IMD_NORMALS_SYNTHETIC
2011-10-27,9.212,30.46,68.7,5.8,173.0,IMD_NORMALS_SYNTHETIC
2011-10-28,0.0,29.53,64.3,6.25,161.9,IMD_NORMALS_SYNTHETIC
2011-10-29,0.0,30.44,59.6,13.23,168.4,IMD_NORMALS_SYNTHETIC
2011-10-30,0.0,25.32,66.9,5.46,173.3,IMD_NORMALS_SYNTHETIC
2011-10-31,0.0,29.66,62.4,9.81,168.6,IMD_NORMALS_SYNTHETIC
2011-11-01,0.0,23.14,58.7,9.07,104.1,IMD_NORMALS_SYNTHETIC
2011-11-02,0.0,25.2,59.2,5.3,164.4,IMD_NORMALS_SYNTHETIC
2011-11-03,0.0,25.86,66.4,8.27,146.4,IMD_NORMALS_SYNTHETIC
2011-11-04,0.0,26.3,53.8,9.2,137.9,IMD_NORMALS_SYNTHETIC
2011-11-05,0.0,25.57,57.0,7.3,162.8,IMD_NORMALS_SYNTHETIC
2011-11-06,1.377,26.7,56.6,6.02,169.0,IMD_NORMALS_SYNTHETIC
2011-11-07,0.0,24.68,60.0,10.52,145.3,IMD_NORMALS_SYNTHETIC
2011-11-08,0.0,24.58,47.8,9.65,184.6,IMD_NORMALS_SYNTHETIC
2011-11-09,0.0,26.98,60.7,16.43,168.0,IMD_NORMALS_SYNTHETIC
2011-11-10,0.0,26.13,52.3,3.74,188.5,IMD_NORMALS_SYNTHETIC
2011-11-11,0.0,28.34,59.8,4.72,141.7,IMD_NORMALS_SYNTHETIC
2011-11-12,0.0,24.76,57.9,8.11,194.5,IMD_NORMALS_SYNTHETIC
2011-11-13,0.0,24.11,64.5,8.33,133.2,IMD_NORMALS_SYNTHETIC
2011-11-14,0.0,28.91,57.4,9.56,122.9,IMD_NORMALS_SYNTHETIC
2011-11-15,0.0,27.33,57.6,5.81,138.5,IMD_NORMALS_SYNTHETIC
2011-11-16,5.217,28.31,59.4,3.88,151.1,IMD_NORMALS_SYNTHETIC
2011-11-17,0.0,26.73,59.2,10.84,177.4,IMD_NORMALS_SYNTHETIC
2011-11-18,0.0,26.55,55.9,8.55,191.0,IMD_NORMALS_SYNTHETIC
2011-11-19,0.0,27.76,51.7,1.98,172.2,IMD_NORMALS_SYNTHETIC
2011-11-20,0.0,27.63,57.0,6.19,145.0,IMD_NORMALS_SYNTHETIC
2011-11-21,0.0,25.43,63.3,6.73,197.1,IMD_NORMALS_SYNTHETIC
2011-11-22,3.905,24.37,57.6,4.36,175.3,IMD_NORMALS_SYNTHETIC
2011-11-23,0.0,22.38,64.6,8.99,183.5,IMD_NORMALS_SYNTHETIC
2011-11-24,0.0,23.43,61.5,10.72,148.7,IMD_NORMALS_SYNTHETIC
2011-11-25,0.0,28.43,65.3,10.38,161.5,IMD_NORMALS_SYNTHETIC
2011-11-26,29.014,29.73,53.2,11.42,157.8,IMD_NORMALS_SYNTHETIC
2011-11-27,0.0,28.14,60.1,13.23,172.5,IMD_NORMALS_SYNTHETIC
2011-11-28,0.0,24.75,48.6,10.5,152.1,IMD_NORMALS_SYNTHETIC
2011-11-29,0.0,26.85,52.5,12.05,194.2,IMD_NORMALS_SYNTHETIC
2011-11-30,0.0,26.14,46.9,6.27,157.9,IMD_NORMALS_SYNTHETIC
2011-12-01,0.0,26.7,46.2,8.05,145.0,IMD_NORMALS_SYNTHETIC
2011-12-02,0.0,23.13,63.7,6.97,172.4,IMD_NORMALS_SYNTHETIC
2011-12-03,0.0,24.75,48.1,8.74,131.8,IMD_NORMALS_SYNTHETIC
2011-12-04,0.0,26.19,54.9,16.04,120.9,IMD_NORMALS_SYNTHETIC
2011-12-05,0.0,23.72,58.0,6.05,158.3,IMD_NORMALS_SYNTHETIC
2011-12-06,0.0,24.18,48.6,9.35,156.4,IMD_NORMALS_SYNTHETIC
2011-12-07,0.0,21.2,55.9,13.2,137.9,IMD_NORMALS_SYNTHETIC
2011-12-08,0.0,22.96,60.0,10.34,136.5,IMD_NORMALS_SYNTHETIC
2011-12-09,0.0,24.17,54.3,5.0,150.5,IMD_NORMALS_SYNTHETIC
2011-12-10,0.0,24.57,52.0,7.98,136.1,IMD_NORMALS_SYNTHETIC
2011-12-11,0.0,22.17,57.0,7.26,110.8,IMD_NORMALS_SYNTHETIC
2011-12-12,0.0,25.49,60.9,12.66,168.8,IMD_NORMALS_SYNTHETIC
2011-12-13,0.0,23.99,58.2,7.35,148.6,IMD_NORMALS_SYNTHETIC
2011-12-14,0.0,22.47,59.1,8.94,138.8,IMD_NORMALS_SYNTHETIC
2011-12-15,0.0,24.16,53.4,6.35,122.6,IMD_NORMALS_SYNTHETIC
2011-12-16,0.0,22.18,49.8,14.12,147.6,IMD_NORMALS_SYNTHETIC
2011-12-17,0.0,25.95,57.8,9.83,102.4,IMD_NORMALS_SYNTHETIC
2011-12-18,0.0,26.1,45.1,11.87,105.0,IMD_NORMALS_SYNTHETIC
2011-12-19,0.0,27.55,54.6,6.78,144.7,IMD_NORMALS_SYNTHETIC
2011-12-20,0.0,23.35,55.6,10.32,113.3,IMD_NORMALS_SYNTHETIC
2011-12-21,0.0,21.46,46.7,10.06,150.5,IMD_NORMALS_SYNTHETIC
2011-12-22,0.0,21.9,49.0,7.49,111.7,IMD_NORMALS_SYNTHETIC
2011-12-23,0.0,20.22,54.7,7.27,168.9,IMD_NORMALS_SYNTHETIC
2011-12-24,0.0,23.11,54.0,9.3,148.2,IMD_NORMALS_SYNTHETIC
2011-12-25,0.0,20.96,60.8,3.27,132.2,IMD_NORMALS_SYNTHETIC
2011-12-26,0.0,23.13,58.9,9.37,153.9,IMD_NORMALS_SYNTHETIC
2011-12-27,0.0,25.95,66.5,8.75,137.1,IMD_NORMALS_SYNTHETIC
2011-12-28,0.0,21.64,52.4,3.88,173.2,IMD_NORMALS_SYNTHETIC
2011-12-29,0.0,22.11,60.2,10.16,151.3,IMD_NORMALS_SYNTHETIC
2011-12-30,0.0,23.84,52.1,4.7,175.0,IMD_NORMALS_SYNTHETIC
2011-12-31,0.0,23.47,58.7,8.98,141.3,IMD_NORMALS_SYNTHETIC
2012-01-01,0.0,25.15,67.0,8.73,171.7,IMD_NORMALS_SYNTHETIC
2012-01-02,0.0,23.87,55.0,3.13,208.9,IMD_NORMALS_SYNTHETIC
2012-01-03,0.0,24.7,52.2,6.13,157.0,IMD_NORMALS_SYNTHETIC
2012-01-04,0.0,22.47,51.4,13.02,163.6,IMD_NORMALS_SYNTHETIC
2012-01-05,0.0,25.84,54.2,7.81,130.6,IMD_NORMALS_SYNTHETIC
2012-01-06,0.0,24.69,47.4,7.3,151.8,IMD_NORMALS_SYNTHETIC
2012-01-07,0.0,26.07,61.5,6.21,186.0,IMD_NORMALS_SYNTHETIC
2012-01-08,0.0,23.19,38.4,4.77,166.7,IMD_NORMALS_SYNTHETIC
2012-01-09,0.0,28.31,50.7,5.26,149.5,IMD_NORMALS_SYNTHETIC
2012-01-10,0.0,21.06,55.2,11.71,181.4,IMD_NORMALS_SYNTHETIC
2012-01-11,0.0,26.48,50.5,11.77,160.5,IMD_NORMALS_SYNTHETIC
2012-01-12,0.0,25.59,47.8,8.13,168.0,IMD_NORMALS_SYNTHETIC
2012-01-13,0.0,26.33,52.9,12.37,171.5,IMD_NORMALS_SYNTHETIC
2012-01-14,0.0,25.59,45.3,8.85,167.7,IMD_NORMALS_SYNTHETIC
2012-01-15,0.0,22.04,50.8,7.34,180.0,IMD_NORMALS_SYNTHETIC
2012-01-16,0.0,27.39,49.5,6.83,170.1,IMD_NORMALS_SYNTHETIC
2012-01-17,0.0,23.85,54.2,7.79,166.6,IMD_NORMALS_SYNTHETIC
2012-01-18,0.0,24.74,39.3,12.85,196.6,IMD_NORMALS_SYNTHETIC
2012-01-19,0.0,27.75,55.2,7.45,145.2,IMD_NORMALS_SYNTHETIC
2012-01-20,4.847,23.35,49.3,6.4,142.4,IMD_NORMALS_SYNTHETIC
2012-01-21,0.0,24.69,56.4,5.68,173.8,IMD_NORMALS_SYNTHETIC
2012-01-22,0.0,21.79,58.8,4.36,182.0,IMD_NORMALS_SYNTHETIC
2012-01-23,0.0,22.3,51.6,10.75,173.2,IMD_NORMALS_SYNTHETIC
2012-01-24,0.0,26.34,50.0,8.55,170.7,IMD_NORMALS_SYNTHETIC
2012-01-25,0.0,24.37,42.3,3.76,170.1,IMD_NORMALS_SYNTHETIC
2012-01-26,0.0,22.85,51.5,7.73,159.5,IMD_NORMALS_SYNTHETIC
2012-01-27,0.0,24.5,53.4,12.58,166.1,IMD_NORMALS_SYNTHETIC
2012-01-28,0.0,23.24,46.8,11.47,126.4,IMD_NORMALS_SYNTHETIC
2012-01-29,0.0,24.95,58.0,14.05,161.4,IMD_NORMALS_SYNTHETIC
2012-01-30,0.0,26.14,50.7,4.24,138.8,IMD_NORMALS_SYNTHETIC
2012-01-31,0.0,25.73,56.8,6.03,149.4,IMD_NORMALS_SYNTHETIC
2012-02-01,0.0,24.27,49.1,3.59,198.9,IMD_NORMALS_SYNTHETIC
2012-02-02,0.0,30.6,41.2,10.16,178.4,IMD_NORMALS_SYNTHETIC
2012-02-03,0.0,25.34,45.4,11.95,216.4,IMD_NORMALS_SYNTHETIC
2012-02-04,0.0,25.85,47.7,8.26,187.9,IMD_NORMALS_SYNTHETIC
2012-02-05,0.0,23.71,48.9,7.25,176.7,IMD_NORMALS_SYNTHETIC
2012-02-06,0.0,25.65,53.1,9.13,214.9,IMD_NORMALS_SYNTHETIC
2012-02-07,0.0,27.39,45.3,9.04,197.9,IMD_NORMALS_SYNTHETIC
2012-02-08,0.0,25.57,44.5,8.61,184.9,IMD_NORMALS_SYNTHETIC
2012-02-09,4.316,29.16,43.2,9.97,181.3,IMD_NORMALS_SYNTHETIC
2012-02-10,0.0,26.99,45.7,5.43,169.5,IMD_NORMALS_SYNTHETIC
2012-02-11,0.0,29.79,56.6,7.51,207.4,IMD_NORMALS_SYNTHETIC
2012-02-12,0.0,26.43,38.8,7.62,201.7,IMD_NORMALS_SYNTHETIC
2012-02-13,0.0,24.24,52.5,7.21,179.5,IMD_NORMALS_SYNTHETIC
2012-02-14,0.0,24.05,36.5,4.78,170.6,IMD_NORMALS_SYNTHETIC
2012-02-15,0.0,28.29,45.6,8.16,142.2,IMD_NORMALS_SYNTHETIC
2012-02-16,0.0,26.37,36.4,7.83,225.0,IMD_NORMALS_SYNTHETIC
2012-02-17,0.0,27.68,46.0,9.14,169.4,IMD_NORMALS_SYNTHETIC
2012-02-18,0.0,32.36,45.4,3.99,188.9,IMD_NORMALS_SYNTHETIC
2012-02-19,0.0,25.38,50.5,6.43,169.8,IMD_NORMALS_SYNTHETIC
2012-02-20,0.0,28.55,42.0,5.15,167.3,IMD_NORMALS_SYNTHETIC
2012-02-21,0.0,25.62,41.0,9.29,202.3,IMD_NORMALS_SYNTHETIC
2012-02-22,0.0,27.67,43.1,7.1,174.0,IMD_NORMALS_SYNTHETIC
2012-02-23,0.0,28.99,42.0,7.14,179.1,IMD_NORMALS_SYNTHETIC
2012-02-24,0.0,27.56,44.9,5.72,196.6,IMD_NORMALS_SYNTHETIC
2012-02-25,0.0,29.17,47.9,10.36,179.5,IMD_NORMALS_SYNTHETIC
2012-02-26,9.224,27.91,37.5,6.71,182.1,IMD_NORMALS_SYNTHETIC
2012-02-27,7.267,27.87,39.9,4.9,154.6,IMD_NORMALS_SYNTHETIC
2012-02-28,0.0,29.39,38.7,8.13,194.9,IMD_NORMALS_SYNTHETIC
2012-02-29,0.0,29.55,39.9,5.4,150.6,IMD_NORMALS_SYNTHETIC
2012-03-01,8.073,32.02,40.5,11.34,188.7,IMD_NORMALS_SYNTHETIC
2012-03-02,0.0,33.12,35.7,7.17,162.6,IMD_NORMALS_SYNTHETIC
2012-03-03,0.0,32.17,39.9,3.72,200.8,IMD_NORMALS_SYNTHETIC
2012-03-04,0.0,32.49,35.0,6.21,134.4,IMD_NORMALS_SYNTHETIC
2012-03-05,0.0,27.6,38.0,5.29,175.3,IMD_NORMALS_SYNTHETIC
2012-03-06,0.0,30.89,34.0,7.56,169.4,IMD_NORMALS_SYNTHETIC
2012-03-07,0.0,31.64,28.4,6.98,193.8,IMD_NORMALS_SYNTHETIC
2012-03-08,0.0,30.55,27.9,8.6,156.4,IMD_NORMALS_SYNTHETIC
2012-03-09,0.0,31.55,29.1,7.82,209.9,IMD_NORMALS_SYNTHETIC
2012-03-10,0.0,25.9,42.7,2.99,212.1,IMD_NORMALS_SYNTHETIC
2012-03-11,0.0,30.88,37.6,7.6,167.2,IMD_NORMALS_SYNTHETIC
2012-03-12,0.0,31.59,37.1,8.65,176.1,IMD_NORMALS_SYNTHETIC
2012-03-13,0.0,28.41,36.6,10.51,198.9,IMD_NORMALS_SYNTHETIC
2012-03-14,0.0,30.61,25.3,8.49,161.3,IMD_NORMALS_SYNTHETIC
2012-03-15,0.0,35.49,36.9,6.73,191.8,IMD_NORMALS_SYNTHETIC
2012-03-16,0.0,31.68,41.9,13.5,202.1,IMD_NORMALS_SYNTHETIC
2012-03-17,4.803,28.41,43.4,8.86,183.7,IMD_NORMALS_SYNTHETIC
2012-03-18,0.0,29.89,42.7,10.2,196.4,IMD_NORMALS_SYNTHETIC
2012-03-19,0.0,32.39,35.2,9.04,167.1,IMD_NORMALS_SYNTHETIC
2012-03-20,0.0,28.02,35.6,5.15,185.6,IMD_NORMALS_SYNTHETIC
2012-03-21,0.0,30.24,37.3,5.79,191.7,IMD_NORMALS_SYNTHETIC
2012-03-22,0.0,29.63,48.1,12.73,201.8,IMD_NORMALS_SYNTHETIC
2012-03-23,0.0,32.79,34.8,7.03,197.9,IMD_NORMALS_SYNTHETIC
2012-03-24,0.0,30.98,31.6,4.93,218.6,IMD_NORMALS_SYNTHETIC
2012-03-25,0.0,30.01,43.6,4.63,183.2,IMD_NORMALS_SYNTHETIC
2012-03-26,0.0,30.83,40.7,6.08,183.5,IMD_NORMALS_SYNTHETIC
2012-03-27,0.0,33.74,38.9,3.37,196.2,IMD_NORMALS_SYNTHETIC
2012-03-28,0.0,27.48,34.8,7.34,192.7,IMD_NORMALS_SYNTHETIC
2012-03-29,0.0,32.53,41.7,12.34,218.8,IMD_NORMALS_SYNTHETIC
2012-03-30,0.0,32.98,35.4,1.15,219.5,IMD_NORMALS_SYNTHETIC
2012-03-31,0.0,28.78,39.1,9.73,209.2,IMD_NORMALS_SYNTHETIC
2012-04-01,13.28,35.78,31.2,10.75,210.9,IMD_NORMALS_SYNTHETIC
2012-04-02,0.0,34.15,26.6,4.68,188.8,IMD_NORMALS_SYNTHETIC
2012-04-03,2.553,35.47,37.1,7.21,246.6,IMD_NORMALS_SYNTHETIC
2012-04-04,0.0,32.68,35.7,5.05,203.5,IMD_NORMALS_SYNTHETIC
2012-04-05,0.0,34.65,43.3,10.62,205.5,IMD_NORMALS_SYNTHETIC
2012-04-06,0.0,33.2,42.4,6.2,256.5,IMD_NORMALS_SYNTHETIC
2012-04-07,0.0,36.17,34.4,8.69,185.3,IMD_NORMALS_SYNTHETIC
2012-04-08,0.0,34.97,41.8,6.75,224.1,IMD_NORMALS_SYNTHETIC
2012-04-09,0.0,34.98,37.2,10.15,238.7,IMD_NORMALS_SYNTHETIC
2012-04-10,0.0,35.47,30.5,12.13,183.9,IMD_NORMALS_SYNTHETIC
2012-04-11,0.0,33.35,32.2,8.33,193.6,IMD_NORMALS_SYNTHETIC
2012-04-12,0.0,30.11,40.9,11.44,224.3,IMD_NORMALS_SYNTHETIC
2012-04-13,0.0,35.71,31.7,6.23,202.2,IMD_NORMALS_SYNTHETIC
2012-04-14,0.0,35.66,40.5,10.92,227.3,IMD_NORMALS_SYNTHETIC
2012-04-15,0.0,37.25,38.5,3.42,222.9,IMD_NORMALS_SYNTHETIC
2012-04-16,0.0,34.78,25.8,7.38,216.5,IMD_NORMALS_SYNTHETIC
2012-04-17,0.0,36.17,36.4,13.8,218.4,IMD_NORMALS_SYNTHETIC
2012-04-18,0.0,34.57,39.8,10.61,194.2,IMD_NORMALS_SYNTHETIC
2012-04-19,0.0,31.35,34.8,11.41,248.7,IMD_NORMALS_SYNTHETIC
2012-04-20,0.0,30.72,30.2,6.06,194.7,IMD_NORMALS_SYNTHETIC
2012-04-21,0.0,34.08,27.6,9.49,189.3,IMD_NORMALS_SYNTHETIC
2012-04-22,7.061,34.8,34.5,8.92,216.0,IMD_NORMALS_SYNTHETIC
2012-04-23,0.0,32.64,37.5,6.9,210.8,IMD_NORMALS_SYNTHETIC
2012-04-24,0.0,37.26,34.2,8.28,245.0,IMD_NORMALS_SYNTHETIC
2012-04-25,0.0,35.54,43.2,8.89,200.3,IMD_NORMALS_SYNTHETIC
2012-04-26,0.0,35.08,42.2,11.48,152.1,IMD_NORMALS_SYNTHETIC
2012-04-27,16.742,34.01,34.4,11.34,170.7,IMD_NORMALS_SYNTHETIC
2012-04-28,0.0,33.46,33.9,8.46,221.2,IMD_NORMALS_SYNTHETIC
2012-04-29,0.0,35.01,37.4,4.85,194.4,IMD_NORMALS_SYNTHETIC
2012-04-30,0.0,32.48,30.2,4.9,218.3,IMD_NORMALS_SYNTHETIC
2012-05-01,0.0,37.59,42.6,6.35,202.6,IMD_NORMALS_SYNTHETIC
2012-05-02,3.294,32.99,31.1,5.46,195.7,IMD_NORMALS_SYNTHETIC
2012-05-03,0.0,36.73,50.6,7.62,237.0,IMD_NORMALS_SYNTHETIC
2012-05-04,0.0,36.17,46.1,10.08,222.1,IMD_NORMALS_SYNTHETIC
2012-05-05,0.0,36.2,33.1,9.7,262.3,IMD_NORMALS_SYNTHETIC
2012-05-06,0.0,33.6,47.4,2.77,226.4,IMD_NORMALS_SYNTHETIC
2012-05-07,0.0,32.21,34.8,6.01,273.4,IMD_NORMALS_SYNTHETIC
2012-05-08,0.0,34.9,46.6,8.06,232.6,IMD_NORMALS_SYNTHETIC
2012-05-09,0.0,34.42,40.9,4.15,229.6,IMD_NORMALS_SYNTHETIC
2012-05-10,0.0,35.95,43.0,5.85,214.0,IMD_NORMALS_SYNTHETIC
2012-05-11,0.0,35.44,52.4,11.37,214.3,IMD_NORMALS_SYNTHETIC
2012-05-12,0.0,34.57,41.3,8.28,191.4,IMD_NORMALS_SYNTHETIC
2012-05-13,0.0,36.17,40.7,4.44,247.7,IMD_NORMALS_SYNTHETIC
2012-05-14,0.0,37.93,36.4,3.05,253.8,IMD_NORMALS_SYNTHETIC
2012-05-15,0.0,33.47,50.4,13.0,226.5,IMD_NORMALS_SYNTHETIC
2012-05-16,2.321,36.75,36.2,8.71,197.7,IMD_NORMALS_SYNTHETIC
2012-05-17,0.0,34.03,46.2,5.04,209.7,IMD_NORMALS_SYNTHETIC
2012-05-18,0.0,33.58,46.6,8.99,232.2,IMD_NORMALS_SYNTHETIC
2012-05-19,0.0,31.83,34.6,3.62,237.6,IMD_NORMALS_SYNTHETIC
2012-05-20,0.0,35.65,40.0,11.47,203.8,IMD_NORMALS_SYNTHETIC
2012-05-21,0.0,37.25,41.9,8.15,213.6,IMD_NORMALS_SYNTHETIC
2012-05-22,0.0,34.16,39.0,11.09,225.1,IMD_NORMALS_SYNTHETIC
2012-05-23,0.0,38.15,47.4,4.81,229.5,IMD_NORMALS_SYNTHETIC
2012-05-24,0.0,34.56,44.1,3.46,238.2,IMD_NORMALS_SYNTHETIC
2012-05-25,5.954,36.69,43.3,7.36,253.5,IMD_NORMALS_SYNTHETIC
2012-05-26,8.842,35.12,50.7,6.51,215.6,IMD_NORMALS_SYNTHETIC
2012-05-27,4.549,35.15,39.2,13.7,219.5,IMD_NORMALS_SYNTHETIC
2012-05-28,0.0,34.39,36.8,7.42,198.3,IMD_NORMALS_SYNTHETIC
2012-05-29,0.0,33.4,52.3,7.46,284.2,IMD_NORMALS_SYNTHETIC
2012-05-30,0.0,36.24,46.2,8.69,222.1,IMD_NORMALS_SYNTHETIC
2012-05-31,0.0,35.06,46.2,9.99,223.7,IMD_NORMALS_SYNTHETIC
2012-06-01,0.0,30.48,62.4,13.03,210.3,IMD_NORMALS_SYNTHETIC
2012-06-02,0.62,30.7,73.3,11.96,244.9,IMD_NORMALS_SYNTHETIC
2012-06-03,23.939,32.78,68.2,7.56,251.3,IMD_NORMALS_SYNTHETIC
2012-06-04,0.0,33.04,71.4,10.59,241.5,IMD_NORMALS_SYNTHETIC
2012-06-05,0.0,33.09,56.9,12.06,250.9,IMD_NORMALS_SYNTHETIC
2012-06-06,0.0,31.6,57.8,8.12,232.5,IMD_NORMALS_SYNTHETIC
2012-06-07,3.741,33.09,64.4,5.47,223.8,IMD_NORMALS_SYNTHETIC
2012-06-08,1.256,33.49,63.3,8.71,257.7,IMD_NORMALS_SYNTHETIC
2012-06-09,0.0,32.1,68.9,12.33,240.5,IMD_NORMALS_SYNTHETIC
2012-06-10,0.0,32.29,71.1,12.96,240.1,IMD_NORMALS_SYNTHETIC
2012-06-11,0.0,25.33,61.3,8.75,231.2,IMD_NORMALS_SYNTHETIC
2012-06-12,0.0,29.2,56.9,6.06,232.8,IMD_NORMALS_SYNTHETIC
2012-06-13,11.934,30.76,67.9,9.39,225.0,IMD_NORMALS_SYNTHETIC
2012-06-14,0.0,34.4,71.9,11.26,227.4,IMD_NORMALS_SYNTHETIC
2012-06-15,2.55,33.38,61.6,7.75,245.0,IMD_NORMALS_SYNTHETIC
2012-06-16,0.0,32.58,70.4,9.22,219.3,IMD_NORMALS_SYNTHETIC
2012-06-17,1.821,29.6,56.9,11.31,233.8,IMD_NORMALS_SYNTHETIC
2012-06-18,20.527,32.92,65.9,10.61,259.1,IMD_NORMALS_SYNTHETIC
2012-06-19,29.32,30.55,61.6,6.04,245.5,IMD_NORMALS_SYNTHETIC
2012-06-20,0.0,32.86,64.4,5.73,222.3,IMD_NORMALS_SYNTHETIC
2012-06-21,0.0,32.42,63.1,4.8,256.5,IMD_NORMALS_SYNTHETIC
2012-06-22,0.0,30.84,61.2,10.3,245.7,IMD_NORMALS_SYNTHETIC
2012-06-23,0.0,32.44,74.6,8.75,238.7,IMD_NORMALS_SYNTHETIC
2012-06-24,0.0,32.75,71.0,7.92,247.7,IMD_NORMALS_SYNTHETIC
2012-06-25,0.0,33.48,62.2,12.04,243.0,IMD_NORMALS_SYNTHETIC
2012-06-26,0.0,33.51,67.5,4.31,265.9,IMD_NORMALS_SYNTHETIC
2012-06-27,0.0,28.87,56.5,1.09,271.2,IMD_NORMALS_SYNTHETIC
2012-06-28,0.0,32.22,53.9,9.66,223.9,IMD_NORMALS_SYNTHETIC
2012-06-29,0.0,32.59,57.5,11.35,232.8,IMD_NORMALS_SYNTHETIC
2012-06-30,0.0,31.16,65.6,7.05,256.5,IMD_NORMALS_SYNTHETIC
2012-07-01,0.0,32.09,64.1,5.07,221.8,IMD_NORMALS_SYNTHETIC
2012-07-02,3.889,31.54,73.9,8.7,185.6,IMD_NORMALS_SYNTHETIC
2012-07-03,0.0,29.95,77.5,7.04,214.6,IMD_NORMALS_SYNTHETIC
2012-07-04,0.0,27.91,77.3,7.89,203.3,IMD_NORMALS_SYNTHETIC
2012-07-05,1.589,27.71,79.1,3.59,190.9,IMD_NORMALS_SYNTHETIC
2012-07-06,0.0,31.35,67.2,12.2,220.3,IMD_NORMALS_SYNTHETIC
2012-07-07,4.497,27.44,78.3,9.95,213.7,IMD_NORMALS_SYNTHETIC
2012-07-08,0.0,30.51,73.9,10.3,224.9,IMD_NORMALS_SYNTHETIC
2012-07-09,0.0,26.69,77.0,7.87,253.0,IMD_NORMALS_SYNTHETIC
2012-07-10,17.628,28.05,74.6,12.16,218.9,IMD_NORMALS_SYNTHETIC
2012-07-11,0.0,28.54,74.0,11.14,214.9,IMD_NORMALS_SYNTHETIC
2012-07-12,5.785,31.04,77.5,7.47,235.0,IMD_NORMALS_SYNTHETIC
2012-07-13,10.04,26.84,77.0,7.17,204.4,IMD_NORMALS_SYNTHETIC
2012-07-14,0.0,27.59,68.0,8.79,242.1,IMD_NORMALS_SYNTHETIC
2012-07-15,0.0,27.79,69.4,11.33,217.0,IMD_NORMALS_SYNTHETIC
2012-07-16,0.0,23.73,76.7,6.71,196.2,IMD_NORMALS_SYNTHETIC
2012-07-17,27.325,30.24,78.9,9.97,253.9,IMD_NORMALS_SYNTHETIC
2012-07-18,9.232,28.75,80.4,8.6,210.8,IMD_NORMALS_SYNTHETIC
2012-07-19,0.0,27.83,79.7,7.57,230.3,IMD_NORMALS_SYNTHETIC
2012-07-20,36.23,24.03,72.5,8.03,199.3,IMD_NORMALS_SYNTHETIC
2012-07-21,0.0,29.45,71.7,2.11,200.8,IMD_NORMALS_SYNTHETIC
2012-07-22,0.0,30.77,73.0,4.38,215.4,IMD_NORMALS_SYNTHETIC
2012-07-23,0.0,30.01,80.0,7.8,196.5,IMD_NORMALS_SYNTHETIC
2012-07-24,0.0,30.24,84.1,10.0,213.7,IMD_NORMALS_SYNTHETIC
2012-07-25,30.958,26.28,73.7,12.27,213.2,IMD_NORMALS_SYNTHETIC
2012-07-26,0.0,28.98,69.5,3.53,214.3,IMD_NORMALS_SYNTHETIC
2012-07-27,0.0,29.12,75.0,7.54,209.3,IMD_NORMALS_SYNTHETIC
2012-07-28,0.0,31.85,74.5,10.11,220.2,IMD_NORMALS_SYNTHETIC
2012-07-29,0.0,27.2,80.6,8.85,186.6,IMD_NORMALS_SYNTHETIC
2012-07-30,0.0,31.1,71.7,10.99,263.4,IMD_NORMALS_SYNTHETIC
2012-07-31,0.0,30.62,70.9,5.92,179.7,IMD_NORMALS_SYNTHETIC
2012-08-01,38.047,28.31,82.4,9.45,240.0,IMD_NORMALS_SYNTHETIC
2012-08-02,5.267,30.77,75.6,6.78,195.1,IMD_NORMALS_SYNTHETIC
2012-08-03,26.001,31.97,77.7,9.74,244.4,IMD_NORMALS_SYNTHETIC
2012-08-04,0.0,26.07,69.5,6.52,201.3,IMD_NORMALS_SYNTHETIC
2012-08-05,16.287,28.3,72.9,5.45,253.4,IMD_NORMALS_SYNTHETIC
2012-08-06,14.555,28.46,73.6,10.93,216.5,IMD_NORMALS_SYNTHETIC
2012-08-07,7.848,27.8,69.4,8.0,222.9,IMD_NORMALS_SYNTHETIC
2012-08-08,0.0,26.37,71.9,12.37,241.8,IMD_NORMALS_SYNTHETIC
2012-08-09,0.325,31.3,77.0,11.75,219.2,IMD_NORMALS_SYNTHETIC
2012-08-10,0.0,29.1,73.7,4.91,210.9,IMD_NORMALS_SYNTHETIC
2012-08-11,0.0,24.42,78.3,10.86,203.9,IMD_NORMALS_SYNTHETIC
2012-08-12,14.321,31.0,77.9,4.26,208.5,IMD_NORMALS_SYNTHETIC
2012-08-13,0.0,28.5,77.0,6.42,217.5,IMD_NORMALS_SYNTHETIC
2012-08-14,3.004,29.6,78.7,7.9,182.5,IMD_NORMALS_SYNTHETIC
2012-08-15,0.0,29.8,71.1,6.8,200.1,IMD_NORMALS_SYNTHETIC
2012-08-16,0.0,25.25,76.0,8.02,213.8,IMD_NORMALS_SYNTHETIC
2012-08-17,0.0,29.9,81.5,8.24,220.2,IMD_NORMALS_SYNTHETIC
2012-08-18,5.024,28.78,76.7,8.39,206.5,IMD_NORMALS_SYNTHETIC
2012-08-19,0.0,28.32,76.7,5.69,208.3,IMD_NORMALS_SYNTHETIC
2012-08-20,0.0,27.18,66.8,12.67,171.8,IMD_NORMALS_SYNTHETIC
2012-08-21,13.067,27.29,71.3,10.1,222.3,IMD_NORMALS_SYNTHETIC
2012-08-22,8.626,31.37,73.8,2.98,216.4,IMD_NORMALS_SYNTHETIC
2012-08-23,25.277,29.67,72.6,5.77,199.1,IMD_NORMALS_SYNTHETIC
2012-08-24,0.0,27.03,87.0,6.73,205.4,IMD_NORMALS_SYNTHETIC
2012-08-25,0.0,28.24,77.3,11.24,205.6,IMD_NORMALS_SYNTHETIC
2012-08-26,4.162,29.41,77.2,7.18,197.8,IMD_NORMALS_SYNTHETIC
2012-08-27,0.0,29.86,78.2,6.86,237.4,IMD_NORMALS_SYNTHETIC
2012-08-28,0.0,27.68,77.4,4.31,253.4,IMD_NORMALS_SYNTHETIC
2012-08-29,29.451,31.43,72.3,7.74,239.6,IMD_NORMALS_SYNTHETIC
2012-08-30,6.436,30.33,74.8,6.19,201.0,IMD_NORMALS_SYNTHETIC
2012-08-31,0.0,27.14,77.0,6.78,214.4,IMD_NORMALS_SYNTHETIC
2012-09-01,0.0,28.09,64.6,10.27,166.6,IMD_NORMALS_SYNTHETIC
2012-09-02,0.0,28.84,77.5,10.24,214.2,IMD_NORMALS_SYNTHETIC
2012-09-03,14.391,26.11,79.1,8.87,190.8,IMD_NORMALS_SYNTHETIC
2012-09-04,0.0,29.91,75.8,8.81,240.4,IMD_NORMALS_SYNTHETIC
2012-09-05,0.0,28.73,73.3,10.95,213.6,IMD_NORMALS_SYNTHETIC
2012-09-06,0.0,25.02,62.2,9.74,202.6,IMD_NORMALS_SYNTHETIC
2012-09-07,0.0,29.72,73.1,15.28,189.5,IMD_NORMALS_SYNTHETIC
2012-09-08,0.0,28.86,66.7,6.63,206.2,IMD_NORMALS_SYNTHETIC
2012-09-09,10.184,28.61,68.0,9.38,207.5,IMD_NORMALS_SYNTHETIC
2012-09-10,0.688,28.58,77.6,12.42,196.3,IMD_NORMALS_SYNTHETIC
2012-09-11,17.286,29.08,75.7,6.47,186.7,IMD_NORMALS_SYNTHETIC
2012-09-12,0.0,31.0,71.5,5.65,197.0,IMD_NORMALS_SYNTHETIC
2012-09-13,0.0,29.21,75.8,5.73,174.2,IMD_NORMALS_SYNTHETIC
2012-09-14,0.0,31.41,67.8,0.39,206.9,IMD_NORMALS_SYNTHETIC
2012-09-15,6.802,26.91,72.7,3.1,171.4,IMD_NORMALS_SYNTHETIC
2012-09-16,0.0,29.24,83.1,7.11,205.5,IMD_NORMALS_SYNTHETIC
2012-09-17,0.0,29.24,72.9,10.2,188.3,IMD_NORMALS_SYNTHETIC
2012-09-18,0.0,31.07,68.6,9.01,181.3,IMD_NORMALS_SYNTHETIC
2012-09-19,0.0,26.4,73.9,8.42,199.9,IMD_NORMALS_SYNTHETIC
2012-09-20,0.0,30.28,72.8,8.66,229.2,IMD_NORMALS_SYNTHETIC
2012-09-21,20.002,27.16,69.1,6.57,166.5,IMD_NORMALS_SYNTHETIC
2012-09-22,0.0,30.12,72.0,10.66,201.9,IMD_NORMALS_SYNTHETIC
2012-09-23,0.0,31.23,79.2,8.98,205.4,IMD_NORMALS_SYNTHETIC
2012-09-24,1.21,28.64,71.3,4.32,203.6,IMD_NORMALS_SYNTHETIC
2012-09-25,3.991,27.71,64.8,3.28,218.9,IMD_NORMALS_SYNTHETIC
2012-09-26,8.5,30.82,75.8,5.32,197.7,IMD_NORMALS_SYNTHETIC
2012-09-27,0.0,30.33,70.4,8.12,174.3,IMD_NORMALS_SYNTHETIC
2012-09-28,0.0,27.35,74.1,11.83,195.4,IMD_NORMALS_SYNTHETIC
2012-09-29,0.0,29.64,73.8,11.14,214.3,IMD_NORMALS_SYNTHETIC
2012-09-30,0.0,27.56,73.2,7.44,201.3,IMD_NORMALS_SYNTHETIC
2012-10-01,0.0,30.03,63.2,10.2,215.8,IMD_NORMALS_SYNTHETIC
2012-10-02,0.0,27.69,71.1,10.22,158.2,IMD_NORMALS_SYNTHETIC
2012-10-03,0.0,30.25,70.6,10.1,169.1,IMD_NORMALS_SYNTHETIC
2012-10-04,0.0,29.08,66.1,7.19,140.9,IMD_NORMALS_SYNTHETIC
2012-10-05,0.0,27.35,63.1,5.68,175.6,IMD_NORMALS_SYNTHETIC
2012-10-06,0.0,31.33,63.8,8.56,166.9,IMD_NORMALS_SYNTHETIC
2012-10-07,8.61,24.74,68.8,5.74,170.0,IMD_NORMALS_SYNTHETIC
2012-10-08,0.0,28.39,63.0,11.34,171.8,IMD_NORMALS_SYNTHETIC
2012-10-09,0.0,27.06,59.5,7.82,184.7,IMD_NORMALS_SYNTHETIC
2012-10-10,0.0,28.32,63.4,11.05,179.5,IMD_NORMALS_SYNTHETIC
2012-10-11,54.492,25.54,59.7,12.72,173.2,IMD_NORMALS_SYNTHETIC
2012-10-12,0.0,28.48,67.3,7.87,163.4,IMD_NORMALS_SYNTHETIC
2012-10-13,6.845,25.96,60.6,11.32,201.0,IMD_NORMALS_SYNTHETIC
2012-10-14,0.0,26.55,66.7,14.67,187.1,IMD_NORMALS_SYNTHETIC
2012-10-15,0.0,27.34,67.9,10.61,168.6,IMD_NORMALS_SYNTHETIC
2012-10-16,0.0,29.68,71.3,10.78,132.9,IMD_NORMALS_SYNTHETIC
2012-10-17,0.0,26.64,66.0,5.1,165.6,IMD_NORMALS_SYNTHETIC
2012-10-18,0.0,28.25,69.1,6.77,183.7,IMD_NORMALS_SYNTHETIC
2012-10-19,0.0,28.17,69.3,5.9,186.1,IMD_NORMALS_SYNTHETIC
2012-10-20,0.0,30.03,65.8,6.24,138.8,IMD_NORMALS_SYNTHETIC
2012-10-21,0.0,29.46,62.2,5.59,210.6,IMD_NORMALS_SYNTHETIC
2012-10-22,46.131,29.98,66.4,5.04,171.9,IMD_NORMALS_SYNTHETIC
2012-10-23,4.839,29.24,69.1,8.54,156.1,IMD_NORMALS_SYNTHETIC
2012-10-24,0.0,25.77,67.3,9.66,151.5,IMD_NORMALS_SYNTHETIC
2012-10-25,0.0,27.39,70.9,11.2,186.2,IMD_NORMALS_SYNTHETIC
2012-10-26,0.0,27.02,67.3,10.25,173.4,IMD_NORMALS_SYNTHETIC
2012-10-27,0.0,27.25,57.3,2.67,150.1,IMD_NORMALS_SYNTHETIC
2012-10-28,0.0,24.23,64.2,10.88,159.6,IMD_NORMALS_SYNTHETIC
2012-10-29,0.0,30.67,60.1,9.48,185.3,IMD_NORMALS_SYNTHETIC
2012-10-30,3.616,30.66,70.4,8.92,163.8,IMD_NORMALS_SYNTHETIC
2012-10-31,0.0,28.58,59.8,5.98,197.7,IMD_NORMALS_SYNTHETIC
2012-11-01,0.0,23.46,69.7,5.6,156.9,IMD_NORMALS_SYNTHETIC
2012-11-02,0.0,24.52,57.5,4.47,194.9,IMD_NORMALS_SYNTHETIC
2012-11-03,0.0,26.73,62.9,12.5,153.3,IMD_NORMALS_SYNTHETIC
2012-11-04,0.0,24.06,59.6,9.15,146.7,IMD_NORMALS_SYNTHETIC
2012-11-05,0.0,25.38,57.1,12.33,160.4,IMD_NORMALS_SYNTHETIC
2012-11-06,0.0,25.79,55.7,10.59,153.4,IMD_NORMALS_SYNTHETIC
2012-11-07,0.0,24.72,59.5,3.11,158.2,IMD_NORMALS_SYNTHETIC
2012-11-08,0.0,26.29,49.2,6.14,163.3,IMD_NORMALS_SYNTHETIC
2012-11-09,0.0,28.07,66.0,10.03,133.1,IMD_NORMALS_SYNTHETIC
2012-11-10,0.0,27.33,65.2,12.24,184.3,IMD_NORMALS_SYNTHETIC
2012-11-11,33.994,24.33,58.6,6.06,157.9,IMD_NORMALS_SYNTHETIC
2012-11-12,0.0,25.62,59.5,7.38,161.7,IMD_NORMALS_SYNTHETIC
2012-11-13,0.0,29.51,61.7,14.38,179.5,IMD_NORMALS_SYNTHETIC
2012-11-14,0.0,26.68,58.1,3.46,171.3,IMD_NORMALS_SYNTHETIC
2012-11-15,0.0,25.06,63.6,7.85,136.8,IMD_NORMALS_SYNTHETIC
2012-11-16,0.0,24.31,52.5,10.37,192.7,IMD_NORMALS_SYNTHETIC
2012-11-17,0.0,27.1,61.3,7.23,186.6,IMD_NORMALS_SYNTHETIC
2012-11-18,0.0,28.09,55.6,11.02,171.9,IMD_NORMALS_SYNTHETIC
2012-11-19,0.0,28.07,59.5,6.62,158.8,IMD_NORMALS_SYNTHETIC
2012-11-20,0.0,24.98,62.8,6.58,143.1,IMD_NORMALS_SYNTHETIC
2012-11-21,0.0,28.13,68.6,14.66,170.1,IMD_NORMALS_SYNTHETIC
2012-11-22,0.0,23.68,59.7,6.99,155.2,IMD_NORMALS_SYNTHETIC
2012-11-23,0.0,24.03,55.3,9.59,183.1,IMD_NORMALS_SYNTHETIC
2012-11-24,0.0,24.14,56.4,7.96,179.1,IMD_NORMALS_SYNTHETIC
2012-11-25,0.0,24.07,56.3,9.16,145.1,IMD_NORMALS_SYNTHETIC
2012-11-26,0.0,23.69,55.9,10.08,178.6,IMD_NORMALS_SYNTHETIC
2012-11-27,0.0,24.31,58.8,6.3,218.6,IMD_NORMALS_SYNTHETIC
2012-11-28,0.0,27.29,54.5,8.62,177.1,IMD_NORMALS_SYNTHETIC
2012-11-29,0.0,24.08,47.9,12.16,143.4,IMD_NORMALS_SYNTHETIC
2012-11-30,1.455,25.21,60.4,7.63,173.6,IMD_NORMALS_SYNTHETIC
2012-12-01,0.0,22.27,49.8,3.94,187.0,IMD_NORMALS_SYNTHETIC
2012-12-02,0.0,23.72,54.8,10.16,179.9,IMD_NORMALS_SYNTHETIC
2012-12-03,0.0,22.81,46.4,3.75,120.1,IMD_NORMALS_SYNTHETIC
2012-12-04,0.0,25.24,51.7,8.89,157.3,IMD_NORMALS_SYNTHETIC
2012-12-05,0.0,27.78,51.7,6.06,174.7,IMD_NORMALS_SYNTHETIC
2012-12-06,0.0,21.6,60.8,6.57,149.1,IMD_NORMALS_SYNTHETIC
2012-12-07,0.0,21.65,50.0,3.78,164.2,IMD_NORMALS_SYNTHETIC
2012-12-08,0.0,22.68,60.6,6.21,156.1,IMD_NORMALS_SYNTHETIC
2012-12-09,0.0,25.07,52.3,10.97,128.2,IMD_NORMALS_SYNTHETIC
2012-12-10,0.0,23.39,51.3,5.63,183.5,IMD_NORMALS_SYNTHETIC
2012-12-11,7.186,26.5,62.6,2.88,139.3,IMD_NORMALS_SYNTHETIC
2012-12-12,0.0,25.42,52.7,6.85,151.2,IMD_NORMALS_SYNTHETIC
2012-12-13,0.0,22.19,47.5,9.59,149.1,IMD_NORMALS_SYNTHETIC
2012-12-14,0.0,25.75,54.0,5.45,120.6,IMD_NORMALS_SYNTHETIC
2012-12-15,0.0,22.88,51.8,3.84,178.6,IMD_NORMALS_SYNTHETIC
2012-12-16,0.0,22.68,47.0,9.87,154.1,IMD_NORMALS_SYNTHETIC
2012-12-17,0.0,24.72,56.3,8.34,162.9,IMD_NORMALS_SYNTHETIC
2012-12-18,0.0,23.87,59.7,12.14,122.9,IMD_NORMALS_SYNTHETIC
2012-12-19,0.0,24.65,63.3,5.73,148.0,IMD_NORMALS_SYNTHETIC
2012-12-20,0.0,23.28,53.2,7.96,167.0,IMD_NORMALS_SYNTHETIC
2012-12-21,0.0,21.71,58.6,11.22,162.1,IMD_NORMALS_SYNTHETIC
2012-12-22,0.0,27.01,47.9,9.74,189.8,IMD_NORMALS_SYNTHETIC
2012-12-23,0.0,20.69,57.4,7.88,120.6,IMD_NORMALS_SYNTHETIC
2012-12-24,0.0,23.82,59.3,5.75,154.8,IMD_NORMALS_SYNTHETIC
2012-12-25,0.0,24.2,56.9,9.41,159.0,IMD_NORMALS_SYNTHETIC
2012-12-26,0.0,21.51,48.7,9.03,172.2,IMD_NORMALS_SYNTHETIC
2012-12-27,0.0,25.88,58.9,6.97,134.6,IMD_NORMALS_SYNTHETIC
2012-12-28,0.0,24.25,56.9,4.45,159.5,IMD_NORMALS_SYNTHETIC
2012-12-29,0.0,23.95,56.0,5.94,148.6,IMD_NORMALS_SYNTHETIC
2012-12-30,0.0,25.1,56.3,6.87,132.2,IMD_NORMALS_SYNTHETIC
2012-12-31,8.142,22.44,58.7,9.38,132.8,IMD_NORMALS_SYNTHETIC
2013-01-01,0.0,23.98,40.1,6.13,173.1,IMD_NORMALS_SYNTHETIC
2013-01-02,0.0,25.5,58.7,7.31,153.6,IMD_NORMALS_SYNTHETIC
2013-01-03,0.0,25.54,42.6,6.85,151.1,IMD_NORMALS_SYNTHETIC
2013-01-04,0.0,21.36,50.7,10.18,191.1,IMD_NORMALS_SYNTHETIC
2013-01-05,0.0,24.69,55.1,10.86,158.3,IMD_NORMALS_SYNTHETIC
2013-01-06,0.0,24.6,49.3,6.59,160.1,IMD_NORMALS_SYNTHETIC
2013-01-07,0.0,21.35,47.5,7.57,148.3,IMD_NORMALS_SYNTHETIC
2013-01-08,0.0,24.75,51.1,9.81,132.8,IMD_NORMALS_SYNTHETIC
2013-01-09,0.0,23.22,50.1,0.8,121.3,IMD_NORMALS_SYNTHETIC
2013-01-10,0.0,24.27,45.3,5.6,167.2,IMD_NORMALS_SYNTHETIC
2013-01-11,0.0,23.12,51.1,6.98,168.6,IMD_NORMALS_SYNTHETIC
2013-01-12,0.0,22.95,59.0,2.01,167.7,IMD_NORMALS_SYNTHETIC
2013-01-13,0.0,27.97,53.1,10.4,163.9,IMD_NORMALS_SYNTHETIC
2013-01-14,0.0,24.55,48.8,11.41,154.4,IMD_NORMALS_SYNTHETIC
2013-01-15,0.0,26.81,53.2,8.19,149.8,IMD_NORMALS_SYNTHETIC
2013-01-16,0.0,24.82,54.0,8.08,152.8,IMD_NORMALS_SYNTHETIC
2013-01-17,0.0,31.43,51.4,11.79,184.0,IMD_NORMALS_SYNTHETIC
2013-01-18,0.0,25.39,57.2,12.36,174.9,IMD_NORMALS_SYNTHETIC
2013-01-19,0.0,20.74,55.5,9.34,201.7,IMD_NORMALS_SYNTHETIC
2013-01-20,0.0,23.3,51.3,8.31,152.9,IMD_NORMALS_SYNTHETIC
2013-01-21,0.0,23.96,46.2,9.88,118.0,IMD_NORMALS_SYNTHETIC
2013-01-22,0.0,25.17,50.3,10.61,210.3,IMD_NORMALS_SYNTHETIC
2013-01-23,0.0,25.66,54.3,6.97,188.0,IMD_NORMALS_SYNTHETIC
2013-01-24,0.0,24.34,51.7,5.78,176.1,IMD_NORMALS_SYNTHETIC
2013-01-25,0.0,24.63,49.4,6.29,170.1,IMD_NORMALS_SYNTHETIC
2013-01-26,0.0,25.72,57.4,5.76,186.6,IMD_NORMALS_SYNTHETIC
2013-01-27,0.0,22.78,51.6,4.75,184.6,IMD_NORMALS_SYNTHETIC
2013-01-28,0.0,27.86,53.8,5.43,185.9,IMD_NORMALS_SYNTHETIC
2013-01-29,0.0,24.39,45.9,9.86,173.1,IMD_NORMALS_SYNTHETIC
2013-01-30,0.0,25.81,52.0,11.08,148.9,IMD_NORMALS_SYNTHETIC
2013-01-31,0.0,22.71,50.9,3.56,160.2,IMD_NORMALS_SYNTHETIC
2013-02-01,0.0,27.38,50.2,5.27,160.5,IMD_NORMALS_SYNTHETIC
2013-02-02,0.0,28.74,43.7,11.05,180.3,IMD_NORMALS_SYNTHETIC
2013-02-03,0.0,27.73,50.5,10.19,166.8,IMD_NORMALS_SYNTHETIC
2013-02-04,0.0,27.56,43.9,7.02,171.7,IMD_NORMALS_SYNTHETIC
2013-02-05,0.0,27.16,49.5,13.97,158.2,IMD_NORMALS_SYNTHETIC
2013-02-06,0.0,26.82,48.4,6.88,148.0,IMD_NORMALS_SYNTHETIC
2013-02-07,0.0,25.63,52.5,12.63,182.9,IMD_NORMALS_SYNTHETIC
2013-02-08,0.0,25.93,38.1,4.14,173.9,IMD_NORMALS_SYNTHETIC
2013-02-09,0.0,30.61,39.9,8.86,212.3,IMD_NORMALS_SYNTHETIC
2013-02-10,0.0,27.55,43.7,8.56,206.6,IMD_NORMALS_SYNTHETIC
2013-02-11,2.381,25.72,47.8,7.67,176.9,IMD_NORMALS_SYNTHETIC
2013-02-12,0.0,26.79,47.2,7.26,162.1,IMD_NORMALS_SYNTHETIC
2013-02-13,0.0,28.51,43.4,10.26,179.5,IMD_NORMALS_SYNTHETIC
2013-02-14,0.0,25.66,51.6,7.79,194.8,IMD_NORMALS_SYNTHETIC
2013-02-15,0.0,26.35,38.9,4.61,176.0,IMD_NORMALS_SYNTHETIC
2013-02-16,0.0,28.27,39.2,6.18,174.8,IMD_NORMALS_SYNTHETIC
2013-02-17,0.0,28.61,45.6,5.37,180.3,IMD_NORMALS_SYNTHETIC
2013-02-18,0.0,24.45,45.1,7.84,168.8,IMD_NORMALS_SYNTHETIC
2013-02-19,0.0,29.81,36.0,5.62,185.6,IMD_NORMALS_SYNTHETIC
2013-02-20,0.0,26.27,46.0,6.81,201.0,IMD_NORMALS_SYNTHETIC
2013-02-21,0.0,26.55,50.5,8.87,179.2,IMD_NORMALS_SYNTHETIC
2013-02-22,0.0,25.6,48.6,12.91,161.8,IMD_NORMALS_SYNTHETIC
2013-02-23,0.0,26.39,41.6,8.58,152.4,IMD_NORMALS_SYNTHETIC
2013-02-24,0.0,26.44,43.6,8.17,150.0,IMD_NORMALS_SYNTHETIC
2013-02-25,0.0,28.26,41.5,3.19,212.5,IMD_NORMALS_SYNTHETIC
2013-02-26,0.0,30.75,42.4,5.2,185.7,IMD_NORMALS_SYNTHETIC
2013-02-27,9.054,27.44,35.6,10.27,158.3,IMD_NORMALS_SYNTHETIC
2013-02-28,0.0,28.15,50.3,12.22,169.4,IMD_NORMALS_SYNTHETIC
2013-03-01,0.0,32.42,39.7,11.49,212.3,IMD_NORMALS_SYNTHETIC
2013-03-02,0.0,31.87,30.7,0.28,221.5,IMD_NORMALS_SYNTHETIC
2013-03-03,0.0,31.17,41.7,15.79,215.3,IMD_NORMALS_SYNTHETIC
2013-03-04,0.0,31.09,46.8,14.73,228.7,IMD_NORMALS_SYNTHETIC
2013-03-05,0.0,31.66,31.1,5.32,174.0,IMD_NORMALS_SYNTHETIC
2013-03-06,0.0,32.78,40.6,6.76,182.4,IMD_NORMALS_SYNTHETIC
2013-03-07,0.0,30.11,32.7,10.08,180.2,IMD_NORMALS_SYNTHETIC
2013-03-08,0.0,29.64,39.5,3.52,210.2,IMD_NORMALS_SYNTHETIC
2013-03-09,0.0,34.17,39.9,7.42,206.8,IMD_NORMALS_SYNTHETIC
2013-03-10,0.0,29.04,38.1,9.03,207.3,IMD_NORMALS_SYNTHETIC
2013-03-11,0.0,33.51,40.7,7.66,219.3,IMD_NORMALS_SYNTHETIC
2013-03-12,0.0,32.91,39.3,9.52,227.5,IMD_NORMALS_SYNTHETIC
2013-03-13,0.0,29.07,38.6,12.3,222.3,IMD_NORMALS_SYNTHETIC
2013-03-14,0.0,30.08,34.4,5.01,171.9,IMD_NORMALS_SYNTHETIC
2013-03-15,0.0,31.5,30.7,4.92,162.2,IMD_NORMALS_SYNTHETIC
2013-03-16,0.0,28.92,37.0,1.87,219.6,IMD_NORMALS_SYNTHETIC
2013-03-17,0.0,33.96,30.6,9.54,167.0,IMD_NORMALS_SYNTHETIC
2013-03-18,17.9,30.42,34.6,14.22,182.5,IMD_NORMALS_SYNTHETIC
2013-03-19,0.0,28.84,34.3,10.85,203.6,IMD_NORMALS_SYNTHETIC
2013-03-20,0.0,31.56,41.2,10.84,207.9,IMD_NORMALS_SYNTHETIC
2013-03-21,0.0,33.99,49.1,7.5,229.7,IMD_NORMALS_SYNTHETIC
2013-03-22,0.0,32.02,38.9,10.12,207.5,IMD_NORMALS_SYNTHETIC
2013-03-23,0.0,27.23,33.1,13.08,160.0,IMD_NORMALS_SYNTHETIC
2013-03-24,0.0,30.92,40.0,6.46,200.0,IMD_NORMALS_SYNTHETIC
2013-03-25,0.0,30.46,45.5,7.77,182.4,IMD_NORMALS_SYNTHETIC
2013-03-26,0.0,29.88,42.7,9.0,195.0,IMD_NORMALS_SYNTHETIC
2013-03-27,0.0,30.63,37.3,8.09,203.7,IMD_NORMALS_SYNTHETIC
2013-03-28,0.0,27.72,42.1,6.79,221.6,IMD_NORMALS_SYNTHETIC
2013-03-29,0.0,28.19,32.6,5.13,177.9,IMD_NORMALS_SYNTHETIC
2013-03-30,0.0,32.38,35.4,6.02,202.7,IMD_NORMALS_SYNTHETIC
2013-03-31,0.0,28.33,36.0,8.75,217.2,IMD_NORMALS_SYNTHETIC
2013-04-01,0.0,37.76,36.3,10.84,168.8,IMD_NORMALS_SYNTHETIC
2013-04-02,0.0,33.91,37.1,6.72,206.1,IMD_NORMALS_SYNTHETIC
2013-04-03,0.0,38.13,25.5,9.69,202.9,IMD_NORMALS_SYNTHETIC
2013-04-04,0.0,34.32,46.1,7.73,227.4,IMD_NORMALS_SYNTHETIC
2013-04-05,0.0,34.42,25.2,14.08,171.8,IMD_NORMALS_SYNTHETIC
2013-04-06,0.0,31.11,35.2,9.07,201.1,IMD_NORMALS_SYNTHETIC
2013-04-07,0.0,35.13,33.0,4.66,235.9,IMD_NORMALS_SYNTHETIC
2013-04-08,0.0,38.42,41.3,4.48,222.2,IMD_NORMALS_SYNTHETIC
2013-04-09,0.0,32.9,40.6,8.29,194.1,IMD_NORMALS_SYNTHETIC
2013-04-10,0.0,34.23,28.2,6.01,193.7,IMD_NORMALS_SYNTHETIC
2013-04-11,0.0,35.45,44.2,9.18,235.0,IMD_NORMALS_SYNTHETIC
2013-04-12,0.0,33.6,39.0,10.76,231.3,IMD_NORMALS_SYNTHETIC
2013-04-13,0.0,33.98,33.5,0.22,187.7,IMD_NORMALS_SYNTHETIC
2013-04-14,0.0,35.74,47.5,14.38,224.1,IMD_NORMALS_SYNTHETIC
2013-04-15,0.0,32.25,41.5,6.28,177.9,IMD_NORMALS_SYNTHETIC
2013-04-16,0.0,34.46,40.4,5.17,266.0,IMD_NORMALS_SYNTHETIC
2013-04-17,0.0,33.31,30.4,12.07,191.8,IMD_NORMALS_SYNTHETIC
2013-04-18,0.0,35.84,32.8,5.63,211.1,IMD_NORMALS_SYNTHETIC
2013-04-19,0.0,34.04,37.8,7.56,186.6,IMD_NORMALS_SYNTHETIC
2013-04-20,0.0,35.68,33.8,5.6,203.9,IMD_NORMALS_SYNTHETIC
2013-04-21,0.0,37.15,37.0,10.04,213.9,IMD_NORMALS_SYNTHETIC
2013-04-22,0.0,31.25,43.2,5.33,224.7,IMD_NORMALS_SYNTHETIC
2013-04-23,0.0,34.34,30.7,9.12,195.8,IMD_NORMALS_SYNTHETIC
2013-04-24,0.0,34.16,39.2,7.22,188.7,IMD_NORMALS_SYNTHETIC
2013-04-25,0.0,35.98,32.6,12.91,220.8,IMD_NORMALS_SYNTHETIC
2013-04-26,0.0,39.53,38.1,3.83,219.3,IMD_NORMALS_SYNTHETIC
2013-04-27,0.0,33.48,43.4,4.6,236.3,IMD_NORMALS_SYNTHETIC
2013-04-28,0.0,35.58,39.3,10.69,209.8,IMD_NORMALS_SYNTHETIC
2013-04-29,0.0,37.86,34.8,9.14,200.7,IMD_NORMALS_SYNTHETIC
2013-04-30,0.0,33.28,33.4,5.85,187.9,IMD_NORMALS_SYNTHETIC
2013-05-01,0.0,37.53,40.9,9.25,231.8,IMD_NORMALS_SYNTHETIC
2013-05-02,0.0,32.74,37.4,7.17,245.5,IMD_NORMALS_SYNTHETIC
2013-05-03,0.0,38.11,53.1,4.95,182.1,IMD_NORMALS_SYNTHETIC
2013-05-04,0.0,37.93,39.6,11.74,213.0,IMD_NORMALS_SYNTHETIC
2013-05-05,0.0,37.01,46.7,6.22,241.5,IMD_NORMALS_SYNTHETIC
2013-05-06,0.0,38.13,41.5,5.15,189.8,IMD_NORMALS_SYNTHETIC
2013-05-07,0.0,32.51,45.9,4.98,232.2,IMD_NORMALS_SYNTHETIC
2013-05-08,0.0,38.55,56.8,10.64,219.0,IMD_NORMALS_SYNTHETIC
2013-05-09,0.0,34.62,40.4,7.92,241.5,IMD_NORMALS_SYNTHETIC
2013-05-10,4.315,36.85,37.7,8.1,222.7,IMD_NORMALS_SYNTHETIC
2013-05-11,0.0,36.21,37.5,7.84,219.9,IMD_NORMALS_SYNTHETIC
2013-05-12,0.0,33.31,49.3,2.05,220.6,IMD_NORMALS_SYNTHETIC
2013-05-13,0.0,33.74,42.6,10.34,205.3,IMD_NORMALS_SYNTHETIC
2013-05-14,0.0,36.31,44.5,7.32,223.3,IMD_NORMALS_SYNTHETIC
2013-05-15,0.0,37.29,37.2,3.78,220.1,IMD_NORMALS_SYNTHETIC
2013-05-16,0.0,33.32,44.5,5.74,221.0,IMD_NORMALS_SYNTHETIC
2013-05-17,0.0,35.47,44.7,15.38,188.8,IMD_NORMALS_SYNTHETIC
2013-05-18,7.392,37.81,48.2,12.16,284.7,IMD_NORMALS_SYNTHETIC
2013-05-19,0.0,32.67,45.8,9.3,197.9,IMD_NORMALS_SYNTHETIC
2013-05-20,0.0,32.42,47.9,9.96,190.9,IMD_NORMALS_SYNTHETIC
2013-05-21,0.0,34.13,53.2,17.24,201.3,IMD_NORMALS_SYNTHETIC
2013-05-22,0.0,34.95,44.7,7.99,197.6,IMD_NORMALS_SYNTHETIC
2013-05-23,0.0,35.83,40.4,6.47,236.1,IMD_NORMALS_SYNTHETIC
2013-05-24,0.0,34.37,46.0,11.64,232.6,IMD_NORMALS_SYNTHETIC
2013-05-25,0.0,34.36,44.1,9.65,205.4,IMD_NORMALS_SYNTHETIC
2013-05-26,0.0,34.8,43.3,7.12,261.4,IMD_NORMALS_SYNTHETIC
2013-05-27,0.0,31.61,33.0,11.56,227.3,IMD_NORMALS_SYNTHETIC
2013-05-28,0.0,34.36,48.0,5.69,227.1,IMD_NORMALS_SYNTHETIC
2013-05-29,0.0,32.81,48.4,5.13,244.9,IMD_NORMALS_SYNTHETIC
2013-05-30,0.0,33.18,48.0,13.89,249.0,IMD_NORMALS_SYNTHETIC
2013-05-31,0.0,34.6,51.8,11.59,261.9,IMD_NORMALS_SYNTHETIC
2013-06-01,7.459,29.38,63.6,7.03,264.7,IMD_NORMALS_SYNTHETIC
2013-06-02,0.0,31.96,58.4,4.82,191.5,IMD_NORMALS_SYNTHETIC
2013-06-03,22.207,33.89,71.7,11.82,233.3,IMD_NORMALS_SYNTHETIC
2013-06-04,52.703,31.24,67.2,9.02,251.0,IMD_NORMALS_SYNTHETIC
2013-06-05,0.0,30.03,69.8,6.01,245.8,IMD_NORMALS_SYNTHETIC
2013-06-06,0.0,30.92,66.6,7.09,239.8,IMD_NORMALS_SYNTHETIC
2013-06-07,0.0,30.13,63.0,6.96,202.2,IMD_NORMALS_SYNTHETIC
2013-06-08,0.0,32.9,62.5,5.74,233.6,IMD_NORMALS_SYNTHETIC
2013-06-09,0.0,29.15,67.0,6.1,225.2,IMD_NORMALS_SYNTHETIC
2013-06-10,0.0,35.0,72.9,9.93,247.9,IMD_NORMALS_SYNTHETIC
2013-06-11,0.0,30.02,71.4,4.39,251.1,IMD_NORMALS_SYNTHETIC
2013-06-12,0.0,30.99,61.6,5.37,262.1,IMD_NORMALS_SYNTHETIC
2013-06-13,0.0,32.36,59.9,12.94,261.7,IMD_NORMALS_SYNTHETIC
2013-06-14,0.0,30.25,69.4,7.87,250.0,IMD_NORMALS_SYNTHETIC
2013-06-15,9.969,30.27,70.8,12.28,217.0,IMD_NORMALS_SYNTHETIC
2013-06-16,0.0,30.15,70.1,7.93,233.1,IMD_NORMALS_SYNTHETIC
2013-06-17,0.0,30.61,70.5,2.31,239.6,IMD_NORMALS_SYNTHETIC
2013-06-18,0.0,31.56,66.0,8.89,239.1,IMD_NORMALS_SYNTHETIC
2013-06-19,2.348,31.37,65.1,8.01,228.6,IMD_NORMALS_SYNTHETIC
2013-06-20,0.0,30.99,82.1,10.22,255.4,IMD_NORMALS_SYNTHETIC
2013-06-21,0.0,35.53,61.6,11.04,251.5,IMD_NORMALS_SYNTHETIC
2013-06-22,0.0,29.41,58.1,9.25,264.3,IMD_NORMALS_SYNTHETIC
2013-06-23,0.0,32.13,66.4,9.04,238.7,IMD_NORMALS_SYNTHETIC
2013-06-24,4.964,29.89,68.9,10.43,236.0,IMD_NORMALS_SYNTHETIC
2013-06-25,0.787,26.59,67.2,10.75,236.1,IMD_NORMALS_SYNTHETIC
2013-06-26,0.0,33.12,58.5,9.94,249.1,IMD_NORMALS_SYNTHETIC
2013-06-27,0.0,31.67,63.9,8.54,240.9,IMD_NORMALS_SYNTHETIC
2013-06-28,0.0,29.22,62.9,10.46,243.3,IMD_NORMALS_SYNTHETIC
2013-06-29,0.0,31.81,66.6,14.31,238.3,IMD_NORMALS_SYNTHETIC
2013-06-30,0.0,31.68,67.4,8.84,218.1,IMD_NORMALS_SYNTHETIC
2013-07-01,0.52,30.76,73.3,6.51,270.9,IMD_NORMALS_SYNTHETIC
2013-07-02,3.613,29.33,83.5,4.89,181.5,IMD_NORMALS_SYNTHETIC
2013-07-03,0.0,27.28,77.6,6.84,227.4,IMD_NORMALS_SYNTHETIC
2013-07-04,0.0,25.63,78.0,7.91,215.5,IMD_NORMALS_SYNTHETIC
2013-07-05,0.0,29.76,76.7,11.68,194.3,IMD_NORMALS_SYNTHETIC
2013-07-06,15.232,27.24,65.8,7.77,243.8,IMD_NORMALS_SYNTHETIC
2013-07-07,8.601,29.07,75.9,7.16,204.8,IMD_NORMALS_SYNTHETIC
2013-07-08,0.0,31.11,82.3,12.38,212.5,IMD_NORMALS_SYNTHETIC
2013-07-09,3.606,31.97,86.5,12.05,251.1,IMD_NORMALS_SYNTHETIC
2013-07-10,0.0,30.44,78.9,5.58,216.0,IMD_NORMALS_SYNTHETIC
2013-07-11,18.299,27.88,78.5,7.16,204.7,IMD_NORMALS_SYNTHETIC
2013-07-12,1.394,28.73,64.9,8.3,205.1,IMD_NORMALS_SYNTHETIC
2013-07-13,5.96,28.33,69.0,8.2,218.1,IMD_NORMALS_SYNTHETIC
2013-07-14,25.375,28.21,71.8,7.23,232.2,IMD_NORMALS_SYNTHETIC
2013-07-15,0.0,28.14,68.6,2.47,225.1,IMD_NORMALS_SYNTHETIC
2013-07-16,16.969,28.29,68.3,7.91,202.1,IMD_NORMALS_SYNTHETIC
2013-07-17,0.0,30.05,82.0,10.24,253.3,IMD_NORMALS_SYNTHETIC
2013-07-18,0.0,31.56,73.9,8.59,200.5,IMD_NORMALS_SYNTHETIC
2013-07-19,9.112,28.72,76.0,8.91,254.9,IMD_NORMALS_SYNTHETIC
2013-07-20,7.471,27.8,70.9,5.55,226.0,IMD_NORMALS_SYNTHETIC
2013-07-21,2.569,27.26,63.3,9.06,208.5,IMD_NORMALS_SYNTHETIC
2013-07-22,0.219,29.39,78.4,6.16,214.8,IMD_NORMALS_SYNTHETIC
2013-07-23,6.414,32.94,71.8,13.2,256.4,IMD_NORMALS_SYNTHETIC
2013-07-24,0.0,28.51,69.9,0.33,246.6,IMD_NORMALS_SYNTHETIC
2013-07-25,17.88,25.67,82.6,7.36,211.6,IMD_NORMALS_SYNTHETIC
2013-07-26,0.0,28.71,65.3,8.88,218.6,IMD_NORMALS_SYNTHETIC
2013-07-27,0.0,29.39,71.1,6.19,228.1,IMD_NORMALS_SYNTHETIC
2013-07-28,0.0,31.05,81.2,6.99,214.1,IMD_NORMALS_SYNTHETIC
2013-07-29,3.994,29.01,74.5,3.99,226.3,IMD_NORMALS_SYNTHETIC
2013-07-30,0.0,31.13,80.0,7.66,201.0,IMD_NORMALS_SYNTHETIC
2013-07-31,0.0,30.01,69.3,8.16,191.6,IMD_NORMALS_SYNTHETIC
2013-08-01,14.743,30.25,79.1,7.43,245.7,IMD_NORMALS_SYNTHETIC
2013-08-02,0.0,29.78,74.7,6.7,226.8,IMD_NORMALS_SYNTHETIC
2013-08-03,8.226,29.82,77.8,10.33,199.6,IMD_NORMALS_SYNTHETIC
2013-08-04,0.0,26.02,77.7,7.55,215.0,IMD_NORMALS_SYNTHETIC
2013-08-05,4.556,30.09,74.0,7.99,189.7,IMD_NORMALS_SYNTHETIC
2013-08-06,9.318,29.4,70.7,8.01,207.0,IMD_NORMALS_SYNTHETIC
2013-08-07,0.0,29.92,83.8,4.5,210.4,IMD_NORMALS_SYNTHETIC
2013-08-08,0.0,27.87,69.7,10.19,226.6,IMD_NORMALS_SYNTHETIC
2013-08-09,0.0,26.23,75.8,10.02,195.9,IMD_NORMALS_SYNTHETIC
2013-08-10,0.0,26.67,76.6,4.42,220.8,IMD_NORMALS_SYNTHETIC
2013-08-11,0.0,29.96,78.3,7.01,161.7,IMD_NORMALS_SYNTHETIC
2013-08-12,0.0,26.98,88.4,4.45,182.4,IMD_NORMALS_SYNTHETIC
2013-08-13,0.0,27.75,70.9,11.15,211.8,IMD_NORMALS_SYNTHETIC
2013-08-14,3.873,27.99,76.4,1.23,194.0,IMD_NORMALS_SYNTHETIC
2013-08-15,37.635,29.71,71.4,8.86,196.4,IMD_NORMALS_SYNTHETIC
2013-08-16,0.441,27.63,79.1,5.2,214.7,IMD_NORMALS_SYNTHETIC
2013-08-17,5.914,28.22,77.7,0.98,213.1,IMD_NORMALS_SYNTHETIC
2013-08-18,0.0,29.13,73.8,8.24,214.7,IMD_NORMALS_SYNTHETIC
2013-08-19,0.0,28.97,79.3,6.25,189.6,IMD_NORMALS_SYNTHETIC
2013-08-20,8.236,26.88,79.7,0.98,198.0,IMD_NORMALS_SYNTHETIC
2013-08-21,0.0,29.11,75.1,3.58,203.8,IMD_NORMALS_SYNTHETIC
2013-08-22,0.0,27.18,74.8,9.15,191.0,IMD_NORMALS_SYNTHETIC
2013-08-23,0.0,29.9,68.0,5.98,234.0,IMD_NORMALS_SYNTHETIC
2013-08-24,0.0,28.83,75.4,7.61,226.0,IMD_NORMALS_SYNTHETIC
2013-08-25,0.0,26.56,62.9,6.04,197.6,IMD_NORMALS_SYNTHETIC
2013-08-26,41.37,28.78,73.6,8.03,217.7,IMD_NORMALS_SYNTHETIC
2013-08-27,0.0,28.11,72.2,7.98,194.6,IMD_NORMALS_SYNTHETIC
2013-08-28,10.41,27.5,85.3,8.34,164.0,IMD_NORMALS_SYNTHETIC
2013-08-29,0.0,27.32,86.4,8.88,206.7,IMD_NORMALS_SYNTHETIC
2013-08-30,0.0,30.01,78.6,15.33,220.8,IMD_NORMALS_SYNTHETIC
2013-08-31,6.606,29.53,79.3,6.68,201.8,IMD_NORMALS_SYNTHETIC
2013-09-01,0.0,27.97,71.5,9.71,174.1,IMD_NORMALS_SYNTHETIC
2013-09-02,0.0,25.6,74.6,6.87,178.8,IMD_NORMALS_SYNTHETIC
2013-09-03,0.0,27.75,81.2,5.61,176.9,IMD_NORMALS_SYNTHETIC
2013-09-04,0.0,29.15,70.7,4.88,187.9,IMD_NORMALS_SYNTHETIC
2013-09-05,0.0,24.95,77.3,7.3,233.0,IMD_NORMALS_SYNTHETIC
2013-09-06,0.0,29.81,80.4,8.45,173.3,IMD_NORMALS_SYNTHETIC
2013-09-07,0.0,27.3,75.4,8.13,206.4,IMD_NORMALS_SYNTHETIC
2013-09-08,9.1,29.48,66.4,8.44,214.6,IMD_NORMALS_SYNTHETIC
2013-09-09,0.0,30.1,82.6,11.37,195.4,IMD_NORMALS_SYNTHETIC
2013-09-10,34.325,26.76,70.7,10.77,208.5,IMD_NORMALS_SYNTHETIC
2013-09-11,0.0,29.28,68.6,4.51,222.6,IMD_NORMALS_SYNTHETIC
2013-09-12,0.0,29.49,75.1,9.04,182.9,IMD_NORMALS_SYNTHETIC
2013-09-13,0.0,30.1,70.6,7.2,207.8,IMD_NORMALS_SYNTHETIC
2013-09-14,11.815,30.45,65.9,5.19,199.4,IMD_NORMALS_SYNTHETIC
2013-09-15,6.567,26.7,64.1,6.59,173.9,IMD_NORMALS_SYNTHETIC
2013-09-16,0.0,29.08,71.7,10.63,203.5,IMD_NORMALS_SYNTHETIC
2013-09-17,0.0,26.9,67.2,3.95,238.9,IMD_NORMALS_SYNTHETIC
2013-09-18,0.0,27.29,77.5,8.73,210.9,IMD_NORMALS_SYNTHETIC
2013-09-19,0.0,32.83,76.1,9.59,213.0,IMD_NORMALS_SYNTHETIC
2013-09-20,0.0,28.31,83.3,10.32,206.4,IMD_NORMALS_SYNTHETIC
2013-09-21,0.0,25.57,81.4,9.09,170.7,IMD_NORMALS_SYNTHETIC
2013-09-22,0.0,29.44,73.0,11.0,232.0,IMD_NORMALS_SYNTHETIC
2013-09-23,0.0,28.18,72.7,8.99,206.6,IMD_NORMALS_SYNTHETIC
2013-09-24,4.71,30.42,77.3,7.72,193.8,IMD_NORMALS_SYNTHETIC
2013-09-25,9.616,30.7,73.9,9.63,194.6,IMD_NORMALS_SYNTHETIC
2013-09-26,0.0,29.66,68.5,5.91,166.5,IMD_NORMALS_SYNTHETIC
2013-09-27,0.0,27.65,67.1,6.24,210.7,IMD_NORMALS_SYNTHETIC
2013-09-28,0.0,30.16,76.6,8.38,201.2,IMD_NORMALS_SYNTHETIC
2013-09-29,0.0,31.43,72.9,9.52,174.5,IMD_NORMALS_SYNTHETIC
2013-09-30,0.0,29.54,74.6,6.33,234.1,IMD_NORMALS_SYNTHETIC
2013-10-01,0.0,25.04,61.4,9.55,230.8,IMD_NORMALS_SYNTHETIC
2013-10-02,0.0,28.15,64.8,9.89,188.1,IMD_NORMALS_SYNTHETIC
2013-10-03,10.403,28.8,62.5,9.46,145.2,IMD_NORMALS_SYNTHETIC
2013-10-04,0.0,29.06,65.1,8.73,142.0,IMD_NORMALS_SYNTHETIC
2013-10-05,0.0,28.87,62.1,8.66,174.4,IMD_NORMALS_SYNTHETIC
2013-10-06,0.0,30.73,71.6,7.98,176.5,IMD_NORMALS_SYNTHETIC
2013-10-07,0.0,26.48,58.2,8.36,235.1,IMD_NORMALS_SYNTHETIC
2013-10-08,11.909,27.86,69.9,10.47,170.7,IMD_NORMALS_SYNTHETIC
2013-10-09,0.0,28.18,64.8,3.21,203.5,IMD_NORMALS_SYNTHETIC
2013-10-10,0.0,27.92,64.9,7.83,158.7,IMD_NORMALS_SYNTHETIC
2013-10-11,0.0,28.16,69.4,11.69,175.2,IMD_NORMALS_SYNTHETIC
2013-10-12,0.0,26.18,65.7,12.22,181.6,IMD_NORMALS_SYNTHETIC
2013-10-13,0.0,25.9,61.7,9.18,193.6,IMD_NORMALS_SYNTHETIC
2013-10-14,0.0,29.9,68.2,5.23,175.8,IMD_NORMALS_SYNTHETIC
2013-10-15,0.0,31.06,61.7,7.34,170.8,IMD_NORMALS_SYNTHETIC
2013-10-16,0.0,30.3,71.7,5.05,160.2,IMD_NORMALS_SYNTHETIC
2013-10-17,0.0,29.05,66.8,7.65,179.6,IMD_NORMALS_SYNTHETIC
2013-10-18,0.0,28.93,67.4,15.05,203.2,IMD_NORMALS_SYNTHETIC
2013-10-19,0.0,30.04,67.9,6.93,186.9,IMD_NORMALS_SYNTHETIC
2013-10-20,0.0,27.39,62.8,8.06,167.7,IMD_NORMALS_SYNTHETIC
2013-10-21,12.836,30.34,64.4,9.93,172.6,IMD_NORMALS_SYNTHETIC
2013-10-22,0.0,28.38,74.1,12.1,172.5,IMD_NORMALS_SYNTHETIC
2013-10-23,0.0,26.24,62.0,9.95,191.5,IMD_NORMALS_SYNTHETIC
2013-10-24,0.0,25.06,68.9,7.78,150.8,IMD_NORMALS_SYNTHETIC
2013-10-25,0.0,26.64,66.7,14.38,151.9,IMD_NORMALS_SYNTHETIC
2013-10-26,56.751,27.03,69.0,13.61,158.5,IMD_NORMALS_SYNTHETIC
2013-10-27,0.0,30.6,74.7,6.53,144.4,IMD_NORMALS_SYNTHETIC
2013-10-28,77.168,29.67,62.2,8.64,170.5,IMD_NORMALS_SYNTHETIC
2013-10-29,0.0,29.21,69.1,3.87,159.4,IMD_NORMALS_SYNTHETIC
2013-10-30,4.627,28.89,62.2,10.65,204.3,IMD_NORMALS_SYNTHETIC
2013-10-31,0.0,27.75,67.4,11.24,192.8,IMD_NORMALS_SYNTHETIC
2013-11-01,0.0,25.14,50.2,8.53,201.8,IMD_NORMALS_SYNTHETIC
2013-11-02,0.0,25.29,58.0,6.33,165.4,IMD_NORMALS_SYNTHETIC
2013-11-03,0.0,26.32,59.1,4.59,142.9,IMD_NORMALS_SYNTHETIC
2013-11-04,0.0,25.07,69.9,13.04,185.3,IMD_NORMALS_SYNTHETIC
2013-11-05,0.0,23.8,57.4,9.9,183.0,IMD_NORMALS_SYNTHETIC
2013-11-06,0.0,26.59,65.0,6.2,168.4,IMD_NORMALS_SYNTHETIC
2013-11-07,0.0,27.35,65.7,6.55,162.7,IMD_NORMALS_SYNTHETIC
2013-11-08,0.0,27.05,64.1,11.02,161.0,IMD_NORMALS_SYNTHETIC
2013-11-09,24.58,24.23,56.5,9.59,156.1,IMD_NORMALS_SYNTHETIC
2013-11-10,0.0,25.14,57.1,9.24,185.7,IMD_NORMALS_SYNTHETIC
2013-11-11,0.0,24.84,59.4,2.42,176.6,IMD_NORMALS_SYNTHETIC
2013-11-12,0.0,24.85,52.9,11.09,139.5,IMD_NORMALS_SYNTHETIC
2013-11-13,0.0,28.32,60.0,7.47,131.1,IMD_NORMALS_SYNTHETIC
2013-11-14,0.0,27.65,58.8,8.95,176.6,IMD_NORMALS_SYNTHETIC
2013-11-15,0.0,25.86,60.1,7.43,186.1,IMD_NORMALS_SYNTHETIC
2013-11-16,0.0,26.39,48.9,7.55,175.2,IMD_NORMALS_SYNTHETIC
2013-11-17,0.0,24.94,57.9,2.67,174.5,IMD_NORMALS_SYNTHETIC
2013-11-18,0.0,23.15,61.4,13.01,142.6,IMD_NORMALS_SYNTHETIC
2013-11-19,0.0,23.65,51.7,7.8,143.7,IMD_NORMALS_SYNTHETIC
2013-11-20,0.0,23.82,65.4,9.55,195.7,IMD_NORMALS_SYNTHETIC
2013-11-21,0.0,27.6,60.1,5.3,170.8,IMD_NORMALS_SYNTHETIC
2013-11-22,0.0,23.48,46.4,3.0,156.1,IMD_NORMALS_SYNTHETIC
2013-11-23,2.318,25.31,50.5,5.08,151.2,IMD_NORMALS_SYNTHETIC
2013-11-24,0.0,22.6,56.0,2.83,157.4,IMD_NORMALS_SYNTHETIC
2013-11-25,0.0,27.14,60.0,5.89,152.0,IMD_NORMALS_SYNTHETIC
2013-11-26,0.0,28.4,63.2,11.68,154.7,IMD_NORMALS_SYNTHETIC
2013-11-27,0.0,25.72,51.8,9.03,187.4,IMD_NORMALS_SYNTHETIC
2013-11-28,0.0,27.46,65.4,10.95,142.4,IMD_NORMALS_SYNTHETIC
2013-11-29,0.0,26.34,66.7,6.77,154.6,IMD_NORMALS_SYNTHETIC
2013-11-30,0.0,24.25,53.8,8.68,136.1,IMD_NORMALS_SYNTHETIC
2013-12-01,0.0,25.14,52.6,7.97,151.8,IMD_NORMALS_SYNTHETIC
2013-12-02,0.0,24.63,59.9,4.96,171.8,IMD_NORMALS_SYNTHETIC
2013-12-03,0.0,23.83,54.3,13.23,124.7,IMD_NORMALS_SYNTHETIC
2013-12-04,0.0,21.26,64.1,4.71,120.5,IMD_NORMALS_SYNTHETIC
2013-12-05,0.0,25.69,41.4,9.29,134.0,IMD_NORMALS_SYNTHETIC
2013-12-06,0.0,25.8,52.9,5.63,161.1,IMD_NORMALS_SYNTHETIC
2013-12-07,0.0,27.11,52.5,1.7,132.1,IMD_NORMALS_SYNTHETIC
2013-12-08,0.0,22.31,54.2,13.33,174.1,IMD_NORMALS_SYNTHETIC
2013-12-09,0.0,24.26,53.7,8.77,152.4,IMD_NORMALS_SYNTHETIC
2013-12-10,0.0,23.62,64.9,7.28,168.5,IMD_NORMALS_SYNTHETIC
2013-12-11,0.0,23.01,59.1,0.59,122.0,IMD_NORMALS_SYNTHETIC
2013-12-12,0.0,24.72,58.8,11.8,174.2,IMD_NORMALS_SYNTHETIC
2013-12-13,0.0,25.88,55.2,2.23,138.7,IMD_NORMALS_SYNTHETIC
2013-12-14,0.0,24.17,55.3,5.5,135.2,IMD_NORMALS_SYNTHETIC
2013-12-15,6.326,23.88,63.0,0.68,141.9,IMD_NORMALS_SYNTHETIC
2013-12-16,0.0,22.06,51.4,6.01,166.3,IMD_NORMALS_SYNTHETIC
2013-12-17,0.0,22.52,57.1,8.42,134.8,IMD_NORMALS_SYNTHETIC
2013-12-18,0.0,23.78,61.0,8.32,150.3,IMD_NORMALS_SYNTHETIC
2013-12-19,0.0,23.75,57.4,9.93,136.3,IMD_NORMALS_SYNTHETIC
2013-12-20,0.0,22.95,59.8,8.03,140.6,IMD_NORMALS_SYNTHETIC
2013-12-21,0.0,23.64,51.8,13.46,166.4,IMD_NORMALS_SYNTHETIC
2013-12-22,0.0,25.15,57.5,3.68,129.7,IMD_NORMALS_SYNTHETIC
2013-12-23,0.0,22.77,53.0,10.34,170.7,IMD_NORMALS_SYNTHETIC
2013-12-24,0.0,20.19,54.1,5.93,103.3,IMD_NORMALS_SYNTHETIC
2013-12-25,11.392,22.72,55.4,11.05,137.8,IMD_NORMALS_SYNTHETIC
2013-12-26,0.0,23.13,51.3,4.6,114.1,IMD_NORMALS_SYNTHETIC
2013-12-27,0.0,25.49,49.3,10.33,143.4,IMD_NORMALS_SYNTHETIC
2013-12-28,0.0,23.11,53.7,7.36,156.5,IMD_NORMALS_SYNTHETIC
2013-12-29,0.0,24.55,58.6,11.3,163.8,IMD_NORMALS_SYNTHETIC
2013-12-30,0.0,21.91,52.4,6.42,118.2,IMD_NORMALS_SYNTHETIC
2013-12-31,0.0,20.65,60.3,14.88,148.3,IMD_NORMALS_SYNTHETIC
2014-01-01,0.0,25.52,59.5,8.72,179.6,IMD_NORMALS_SYNTHETIC
2014-01-02,0.0,24.27,53.4,5.92,185.2,IMD_NORMALS_SYNTHETIC
2014-01-03,0.0,25.38,49.2,13.02,143.8,IMD_NORMALS_SYNTHETIC
2014-01-04,0.0,25.56,54.6,9.21,146.7,IMD_NORMALS_SYNTHETIC
2014-01-05,0.0,25.88,47.5,5.7,173.5,IMD_NORMALS_SYNTHETIC
2014-01-06,0.0,24.05,53.9,11.96,201.0,IMD_NORMALS_SYNTHETIC
2014-01-07,0.0,26.01,50.7,10.53,175.1,IMD_NORMALS_SYNTHETIC
2014-01-08,0.0,23.32,47.5,5.89,181.2,IMD_NORMALS_SYNTHETIC
2014-01-09,0.0,20.13,54.2,1.22,177.8,IMD_NORMALS_SYNTHETIC
2014-01-10,0.0,23.35,55.7,5.28,134.1,IMD_NORMALS_SYNTHETIC
2014-01-11,0.0,26.65,46.8,7.59,166.3,IMD_NORMALS_SYNTHETIC
2014-01-12,0.0,26.5,52.9,9.95,160.1,IMD_NORMALS_SYNTHETIC
2014-01-13,0.0,25.21,51.7,8.31,176.9,IMD_NORMALS_SYNTHETIC
2014-01-14,0.0,26.67,55.5,9.18,167.5,IMD_NORMALS_SYNTHETIC
2014-01-15,0.0,28.35,45.7,12.27,151.6,IMD_NORMALS_SYNTHETIC
2014-01-16,0.0,25.06,43.6,9.05,171.7,IMD_NORMALS_SYNTHETIC
2014-01-17,0.0,25.24,40.2,9.65,171.1,IMD_NORMALS_SYNTHETIC
2014-01-18,0.0,24.56,47.8,7.17,213.4,IMD_NORMALS_SYNTHETIC
2014-01-19,0.0,25.54,53.3,13.68,160.9,IMD_NORMALS_SYNTHETIC
2014-01-20,0.0,27.25,57.3,14.4,136.8,IMD_NORMALS_SYNTHETIC
2014-01-21,0.0,23.83,47.9,9.6,135.8,IMD_NORMALS_SYNTHETIC
2014-01-22,0.0,25.75,51.3,8.65,171.5,IMD_NORMALS_SYNTHETIC
2014-01-23,0.0,24.31,60.5,7.15,187.9,IMD_NORMALS_SYNTHETIC
2014-01-24,2.389,25.66,54.5,3.96,135.4,IMD_NORMALS_SYNTHETIC
2014-01-25,0.0,23.95,46.4,5.61,151.2,IMD_NORMALS_SYNTHETIC
2014-01-26,0.0,24.78,46.7,5.98,158.6,IMD_NORMALS_SYNTHETIC
2014-01-27,0.0,24.8,55.2,7.02,167.5,IMD_NORMALS_SYNTHETIC
2014-01-28,0.0,26.58,52.4,7.42,178.9,IMD_NORMALS_SYNTHETIC
2014-01-29,0.0,23.25,53.2,6.76,165.9,IMD_NORMALS_SYNTHETIC
2014-01-30,0.0,24.43,47.2,7.51,158.6,IMD_NORMALS_SYNTHETIC
2014-01-31,0.0,22.74,53.5,8.18,186.7,IMD_NORMALS_SYNTHETIC
2014-02-01,0.0,27.06,44.4,5.8,166.1,IMD_NORMALS_SYNTHETIC
2014-02-02,0.0,26.27,38.3,5.09,149.3,IMD_NORMALS_SYNTHETIC
2014-02-03,0.0,25.76,43.5,10.41,173.1,IMD_NORMALS_SYNTHETIC
2014-02-04,0.0,27.39,47.4,6.61,179.6,IMD_NORMALS_SYNTHETIC
2014-02-05,0.0,27.45,46.0,3.8,197.5,IMD_NORMALS_SYNTHETIC
2014-02-06,0.0,28.59,39.3,10.97,178.1,IMD_NORMALS_SYNTHETIC
2014-02-07,0.0,26.57,34.6,8.72,171.6,IMD_NORMALS_SYNTHETIC
2014-02-08,0.0,26.1,40.4,5.04,165.0,IMD_NORMALS_SYNTHETIC
2014-02-09,0.0,27.16,44.0,8.9,170.1,IMD_NORMALS_SYNTHETIC
2014-02-10,0.0,27.04,45.7,9.84,193.4,IMD_NORMALS_SYNTHETIC
2014-02-11,0.0,27.53,47.3,14.39,165.4,IMD_NORMALS_SYNTHETIC
2014-02-12,0.0,27.74,51.0,6.28,174.6,IMD_NORMALS_SYNTHETIC
2014-02-13,0.0,24.18,35.1,9.81,201.0,IMD_NORMALS_SYNTHETIC
2014-02-14,0.0,27.96,46.2,9.88,175.6,IMD_NORMALS_SYNTHETIC
2014-02-15,0.0,28.21,42.6,5.35,193.9,IMD_NORMALS_SYNTHETIC
2014-02-16,0.0,25.83,42.9,9.3,166.6,IMD_NORMALS_SYNTHETIC
2014-02-17,0.0,28.56,34.0,9.69,198.4,IMD_NORMALS_SYNTHETIC
2014-02-18,0.0,27.27,35.6,6.89,181.2,IMD_NORMALS_SYNTHETIC
2014-02-19,0.0,26.61,41.0,8.38,187.9,IMD_NORMALS_SYNTHETIC
2014-02-20,0.0,27.79,41.7,7.36,141.5,IMD_NORMALS_SYNTHETIC
2014-02-21,0.0,26.43,42.3,8.47,133.7,IMD_NORMALS_SYNTHETIC
2014-02-22,0.0,26.15,39.4,10.33,199.0,IMD_NORMALS_SYNTHETIC
2014-02-23,0.0,26.62,53.4,3.41,149.7,IMD_NORMALS_SYNTHETIC
2014-02-24,0.0,25.38,43.4,8.45,160.4,IMD_NORMALS_SYNTHETIC
2014-02-25,0.0,25.9,55.6,8.42,170.4,IMD_NORMALS_SYNTHETIC
2014-02-26,0.0,26.72,44.3,5.77,192.9,IMD_NORMALS_SYNTHETIC
2014-02-27,0.0,25.8,43.4,7.6,147.4,IMD_NORMALS_SYNTHETIC
2014-02-28,0.0,27.02,48.0,7.34,178.2,IMD_NORMALS_SYNTHETIC
2014-03-01,0.0,27.59,45.8,16.06,200.5,IMD_NORMALS_SYNTHETIC
2014-03-02,0.0,30.29,33.2,2.23,201.5,IMD_NORMALS_SYNTHETIC
2014-03-03,0.0,28.42,29.6,11.15,203.6,IMD_NORMALS_SYNTHETIC
2014-03-04,0.0,31.79,42.0,8.34,216.5,IMD_NORMALS_SYNTHETIC
2014-03-05,0.0,33.4,40.2,7.12,184.4,IMD_NORMALS_SYNTHETIC
2014-03-06,0.0,32.28,30.9,2.21,149.3,IMD_NORMALS_SYNTHETIC
2014-03-07,0.0,29.56,36.0,8.83,216.2,IMD_NORMALS_SYNTHETIC
2014-03-08,0.0,31.72,28.2,7.76,195.9,IMD_NORMALS_SYNTHETIC
2014-03-09,0.0,30.55,41.0,8.59,196.3,IMD_NORMALS_SYNTHETIC
2014-03-10,0.0,31.52,34.9,8.6,189.1,IMD_NORMALS_SYNTHETIC
2014-03-11,0.0,32.66,32.6,11.36,190.8,IMD_NORMALS_SYNTHETIC
2014-03-12,0.0,33.26,39.2,11.85,222.6,IMD_NORMALS_SYNTHETIC
2014-03-13,0.0,29.24,44.7,6.73,206.6,IMD_NORMALS_SYNTHETIC
2014-03-14,0.0,30.88,37.7,10.45,224.2,IMD_NORMALS_SYNTHETIC
2014-03-15,0.0,29.52,32.8,5.44,246.2,IMD_NORMALS_SYNTHETIC
2014-03-16,0.0,30.0,38.8,6.27,220.6,IMD_NORMALS_SYNTHETIC
2014-03-17,0.0,31.06,41.6,5.39,207.6,IMD_NORMALS_SYNTHETIC
2014-03-18,0.0,29.96,40.0,12.59,184.1,IMD_NORMALS_SYNTHETIC
2014-03-19,0.0,30.98,39.2,4.27,169.6,IMD_NORMALS_SYNTHETIC
2014-03-20,0.0,30.5,35.6,8.74,240.2,IMD_NORMALS_SYNTHETIC
2014-03-21,0.0,31.91,38.1,5.55,187.1,IMD_NORMALS_SYNTHETIC
2014-03-22,0.0,32.2,36.0,10.7,218.8,IMD_NORMALS_SYNTHETIC
2014-03-23,0.0,29.81,39.5,3.88,181.7,IMD_NORMALS_SYNTHETIC
2014-03-24,0.0,31.76,26.4,6.54,223.4,IMD_NORMALS_SYNTHETIC
2014-03-25,0.0,30.63,32.2,10.41,204.7,IMD_NORMALS_SYNTHETIC
2014-03-26,0.0,32.47,43.5,1.12,194.4,IMD_NORMALS_SYNTHETIC
2014-03-27,0.0,29.9,51.1,7.65,214.8,IMD_NORMALS_SYNTHETIC
2014-03-28,0.0,31.95,33.7,7.93,210.6,IMD_NORMALS_SYNTHETIC
2014-03-29,0.0,30.06,39.0,8.05,141.6,IMD_NORMALS_SYNTHETIC
2014-03-30,0.0,28.34,39.3,7.6,185.4,IMD_NORMALS_SYNTHETIC
2014-03-31,0.0,30.85,37.3,1.8,169.7,IMD_NORMALS_SYNTHETIC
2014-04-01,0.0,34.63,34.8,7.63,220.9,IMD_NORMALS_SYNTHETIC
2014-04-02,0.0,37.76,31.1,6.35,235.1,IMD_NORMALS_SYNTHETIC
2014-04-03,0.0,32.97,41.3,13.08,181.5,IMD_NORMALS_SYNTHETIC
2014-04-04,0.0,32.6,40.6,11.45,220.3,IMD_NORMALS_SYNTHETIC
2014-04-05,0.0,33.05,34.6,10.38,212.4,IMD_NORMALS_SYNTHETIC
2014-04-06,0.0,32.75,29.4,8.58,194.7,IMD_NORMALS_SYNTHETIC
2014-04-07,0.0,33.41,33.3,7.6,223.5,IMD_NORMALS_SYNTHETIC
2014-04-08,0.0,35.5,27.1,11.91,210.9,IMD_NORMALS_SYNTHETIC
2014-04-09,0.0,33.61,35.2,11.7,203.8,IMD_NORMALS_SYNTHETIC
2014-04-10,0.0,35.05,43.0,10.34,209.8,IMD_NORMALS_SYNTHETIC
2014-04-11,0.0,32.83,44.3,14.36,223.8,IMD_NORMALS_SYNTHETIC
2014-04-12,0.0,34.62,43.8,9.1,191.6,IMD_NORMALS_SYNTHETIC
2014-04-13,0.0,33.52,35.3,7.13,207.4,IMD_NORMALS_SYNTHETIC
2014-04-14,0.0,34.73,31.3,7.41,176.6,IMD_NORMALS_SYNTHETIC
2014-04-15,0.0,38.58,37.7,5.97,183.2,IMD_NORMALS_SYNTHETIC
2014-04-16,0.0,31.91,42.3,6.93,173.1,IMD_NORMALS_SYNTHETIC
2014-04-17,21.764,31.3,42.8,9.1,213.3,IMD_NORMALS_SYNTHETIC
2014-04-18,0.0,33.68,32.3,7.35,227.2,IMD_NORMALS_SYNTHETIC
2014-04-19,0.0,35.02,28.2,10.09,204.1,IMD_NORMALS_SYNTHETIC
2014-04-20,0.0,34.82,40.7,10.13,203.4,IMD_NORMALS_SYNTHETIC
2014-04-21,0.0,35.58,41.8,8.38,194.7,IMD_NORMALS_SYNTHETIC
2014-04-22,0.0,34.16,32.8,8.37,240.1,IMD_NORMALS_SYNTHETIC
2014-04-23,0.0,32.39,27.2,6.03,189.8,IMD_NORMALS_SYNTHETIC
2014-04-24,0.0,33.94,32.1,12.92,183.6,IMD_NORMALS_SYNTHETIC
2014-04-25,0.0,34.16,48.1,12.56,233.1,IMD_NORMALS_SYNTHETIC
2014-04-26,0.0,36.19,40.3,9.55,211.7,IMD_NORMALS_SYNTHETIC
2014-04-27,0.0,33.12,28.0,8.33,210.0,IMD_NORMALS_SYNTHETIC
2014-04-28,0.0,34.25,41.5,10.26,195.1,IMD_NORMALS_SYNTHETIC
2014-04-29,0.0,35.24,45.6,0.54,215.3,IMD_NORMALS_SYNTHETIC
2014-04-30,0.0,37.12,33.0,4.34,206.0,IMD_NORMALS_SYNTHETIC
2014-05-01,0.0,34.21,45.9,8.13,222.7,IMD_NORMALS_SYNTHETIC
2014-05-02,0.0,34.25,54.4,8.05,216.4,IMD_NORMALS_SYNTHETIC
2014-05-03,0.0,36.77,44.3,4.25,228.1,IMD_NORMALS_SYNTHETIC
2014-05-04,0.0,34.72,41.8,8.32,203.2,IMD_NORMALS_SYNTHETIC
2014-05-05,0.0,34.97,35.8,8.34,255.0,IMD_NORMALS_SYNTHETIC
2014-05-06,0.0,34.41,44.2,9.4,239.1,IMD_NORMALS_SYNTHETIC
2014-05-07,0.0,38.14,36.7,8.97,215.1,IMD_NORMALS_SYNTHETIC
2014-05-08,0.0,35.19,46.2,7.21,202.4,IMD_NORMALS_SYNTHETIC
2014-05-09,0.0,35.75,46.8,13.27,213.1,IMD_NORMALS_SYNTHETIC
2014-05-10,0.0,35.42,47.7,8.44,209.6,IMD_NORMALS_SYNTHETIC
2014-05-11,0.0,33.04,40.8,8.71,227.1,IMD_NORMALS_SYNTHETIC
2014-05-12,0.0,35.82,36.4,7.22,248.6,IMD_NORMALS_SYNTHETIC
2014-05-13,0.0,35.68,49.0,13.25,259.9,IMD_NORMALS_SYNTHETIC
2014-05-14,0.0,33.78,52.1,5.85,232.2,IMD_NORMALS_SYNTHETIC
2014-05-15,0.0,37.1,50.1,13.28,237.7,IMD_NORMALS_SYNTHETIC
2014-05-16,0.635,37.82,35.1,11.49,225.5,IMD_NORMALS_SYNTHETIC
2014-05-17,0.0,36.26,36.1,13.5,230.3,IMD_NORMALS_SYNTHETIC
2014-05-18,0.0,37.1,51.4,8.86,210.6,IMD_NORMALS_SYNTHETIC
2014-05-19,0.0,35.76,34.3,5.21,239.8,IMD_NORMALS_SYNTHETIC
2014-05-20,0.0,36.98,31.1,5.47,221.9,IMD_NORMALS_SYNTHETIC
2014-05-21,0.0,35.94,51.6,3.16,223.6,IMD_NORMALS_SYNTHETIC
2014-05-22,0.0,34.32,39.1,10.19,227.0,IMD_NORMALS_SYNTHETIC
2014-05-23,0.0,34.15,44.8,10.98,218.0,IMD_NORMALS_SYNTHETIC
2014-05-24,0.0,32.41,42.1,10.37,261.4,IMD_NORMALS_SYNTHETIC
2014-05-25,0.0,30.28,38.4,5.25,226.3,IMD_NORMALS_SYNTHETIC
2014-05-26,0.0,35.85,34.7,12.65,241.8,IMD_NORMALS_SYNTHETIC
2014-05-27,0.0,36.87,47.8,6.74,271.5,IMD_NORMALS_SYNTHETIC
2014-05-28,0.0,37.73,54.8,9.14,231.3,IMD_NORMALS_SYNTHETIC
2014-05-29,0.0,34.17,36.3,10.67,207.9,IMD_NORMALS_SYNTHETIC
2014-05-30,0.0,34.5,37.3,7.47,205.8,IMD_NORMALS_SYNTHETIC
2014-05-31,0.0,35.49,34.9,5.45,196.6,IMD_NORMALS_SYNTHETIC
2014-06-01,0.0,31.93,62.9,10.11,237.3,IMD_NORMALS_SYNTHETIC
2014-06-02,10.916,35.58,75.6,6.26,241.1,IMD_NORMALS_SYNTHETIC
2014-06-03,1.834,32.12,55.0,8.91,260.0,IMD_NORMALS_SYNTHETIC
2014-06-04,0.0,30.82,71.7,13.55,268.1,IMD_NORMALS_SYNTHETIC
2014-06-05,11.439,30.22,66.2,9.47,278.4,IMD_NORMALS_SYNTHETIC
2014-06-06,0.0,33.1,67.0,2.69,227.1,IMD_NORMALS_SYNTHETIC
2014-06-07,0.0,31.86,63.2,8.18,234.3,IMD_NORMALS_SYNTHETIC
2014-06-08,17.372,33.07,64.2,11.12,248.4,IMD_NORMALS_SYNTHETIC
2014-06-09,0.0,30.68,72.0,13.85,235.4,IMD_NORMALS_SYNTHETIC
2014-06-10,37.549,30.89,65.7,11.21,217.8,IMD_NORMALS_SYNTHETIC
2014-06-11,0.0,34.24,61.3,8.91,263.0,IMD_NORMALS_SYNTHETIC
2014-06-12,0.0,29.94,63.5,10.33,240.5,IMD_NORMALS_SYNTHETIC
2014-06-13,39.986,31.64,69.0,10.09,272.6,IMD_NORMALS_SYNTHETIC
2014-06-14,1.997,30.64,64.0,9.9,214.0,IMD_NORMALS_SYNTHETIC
2014-06-15,5.747,30.55,58.2,5.83,213.7,IMD_NORMALS_SYNTHETIC
2014-06-16,16.812,32.42,67.7,11.7,230.3,IMD_NORMALS_SYNTHETIC
2014-06-17,0.988,31.44,64.3,11.68,243.3,IMD_NORMALS_SYNTHETIC
2014-06-18,22.458,31.53,54.1,7.88,249.7,IMD_NORMALS_SYNTHETIC
2014-06-19,0.0,29.11,66.1,9.6,220.2,IMD_NORMALS_SYNTHETIC
2014-06-20,2.681,30.72,66.5,9.4,262.2,IMD_NORMALS_SYNTHETIC
2014-06-21,6.132,32.4,62.7,8.48,256.4,IMD_NORMALS_SYNTHETIC
2014-06-22,0.0,32.24,66.1,7.92,288.8,IMD_NORMALS_SYNTHETIC
2014-06-23,0.0,34.34,62.8,8.47,235.6,IMD_NORMALS_SYNTHETIC
2014-06-24,0.0,29.66,58.0,3.59,216.5,IMD_NORMALS_SYNTHETIC
2014-06-25,11.489,34.12,62.2,10.07,222.5,IMD_NORMALS_SYNTHETIC
2014-06-26,0.0,33.07,60.6,3.2,212.9,IMD_NORMALS_SYNTHETIC
2014-06-27,17.137,31.4,70.2,7.57,232.3,IMD_NORMALS_SYNTHETIC
2014-06-28,37.772,31.52,60.6,6.27,249.7,IMD_NORMALS_SYNTHETIC
2014-06-29,19.285,35.21,62.2,9.14,224.4,IMD_NORMALS_SYNTHETIC
2014-06-30,0.0,30.91,60.8,5.68,283.0,IMD_NORMALS_SYNTHETIC
2014-07-01,0.0,27.13,69.8,8.92,234.4,IMD_NORMALS_SYNTHETIC
2014-07-02,28.918,30.1,89.6,8.74,216.3,IMD_NORMALS_SYNTHETIC
2014-07-03,1.566,27.65,71.2,8.52,213.4,IMD_NORMALS_SYNTHETIC
2014-07-04,0.0,29.54,65.4,9.07,237.1,IMD_NORMALS_SYNTHETIC
2014-07-05,8.272,30.25,72.1,16.66,245.3,IMD_NORMALS_SYNTHETIC
2014-07-06,0.0,29.03,80.0,9.78,197.3,IMD_NORMALS_SYNTHETIC
2014-07-07,0.0,26.41,72.6,12.2,216.6,IMD_NORMALS_SYNTHETIC
2014-07-08,6.079,29.53,77.9,1.76,248.1,IMD_NORMALS_SYNTHETIC
2014-07-09,0.0,31.19,71.9,5.1,192.2,IMD_NORMALS_SYNTHETIC
2014-07-10,0.0,29.18,72.8,9.54,231.6,IMD_NORMALS_SYNTHETIC
2014-07-11,0.0,31.09,72.0,4.02,219.7,IMD_NORMALS_SYNTHETIC
2014-07-12,0.0,29.58,68.0,5.6,228.7,IMD_NORMALS_SYNTHETIC
2014-07-13,6.344,30.87,86.0,9.36,223.0,IMD_NORMALS_SYNTHETIC
2014-07-14,0.0,30.06,69.9,8.55,224.3,IMD_NORMALS_SYNTHETIC
2014-07-15,5.898,28.46,70.7,8.36,237.6,IMD_NORMALS_SYNTHETIC
2014-07-16,7.332,28.93,75.9,11.31,236.9,IMD_NORMALS_SYNTHETIC
2014-07-17,0.0,28.91,71.6,9.6,221.1,IMD_NORMALS_SYNTHETIC
2014-07-18,0.0,32.25,77.2,7.91,210.3,IMD_NORMALS_SYNTHETIC
2014-07-19,0.0,29.72,72.3,8.61,255.4,IMD_NORMALS_SYNTHETIC
2014-07-20,0.0,31.32,81.2,6.12,250.9,IMD_NORMALS_SYNTHETIC
2014-07-21,0.0,30.17,74.6,5.86,227.3,IMD_NORMALS_SYNTHETIC
2014-07-22,0.0,29.14,79.4,10.42,236.9,IMD_NORMALS_SYNTHETIC
2014-07-23,0.0,28.08,66.0,10.4,218.3,IMD_NORMALS_SYNTHETIC
2014-07-24,0.0,28.85,71.1,11.5,225.3,IMD_NORMALS_SYNTHETIC
2014-07-25,0.0,29.19,73.8,2.43,238.3,IMD_NORMALS_SYNTHETIC
2014-07-26,0.0,31.6,72.3,9.49,239.5,IMD_NORMALS_SYNTHETIC
2014-07-27,5.174,29.04,78.1,4.98,251.0,IMD_NORMALS_SYNTHETIC
2014-07-28,0.0,30.09,69.8,5.97,219.1,IMD_NORMALS_SYNTHETIC
2014-07-29,0.0,30.31,73.6,8.69,215.2,IMD_NORMALS_SYNTHETIC
2014-07-30,19.79,26.02,71.6,11.54,197.9,IMD_NORMALS_SYNTHETIC
2014-07-31,0.0,25.43,74.3,9.04,231.9,IMD_NORMALS_SYNTHETIC
2014-08-01,0.0,28.57,70.2,10.36,205.7,IMD_NORMALS_SYNTHETIC
2014-08-02,0.0,29.36,73.8,10.72,190.0,IMD_NORMALS_SYNTHETIC
2014-08-03,2.171,27.24,77.8,12.69,216.4,IMD_NORMALS_SYNTHETIC
2014-08-04,0.0,30.1,80.6,8.61,209.0,IMD_NORMALS_SYNTHETIC
2014-08-05,20.232,31.0,77.1,3.28,216.1,IMD_NORMALS_SYNTHETIC
2014-08-06,4.625,29.11,74.8,9.23,219.8,IMD_NORMALS_SYNTHETIC
2014-08-07,4.573,26.54,72.3,6.84,204.8,IMD_NORMALS_SYNTHETIC
2014-08-08,5.074,27.47,68.9,8.06,182.9,IMD_NORMALS_SYNTHETIC
2014-08-09,0.0,30.09,74.2,12.07,212.9,IMD_NORMALS_SYNTHETIC
2014-08-10,0.0,27.86,72.2,11.26,210.4,IMD_NORMALS_SYNTHETIC
2014-08-11,0.0,27.91,76.2,10.5,230.0,IMD_NORMALS_SYNTHETIC
2014-08-12,0.0,28.25,75.0,11.29,205.6,IMD_NORMALS_SYNTHETIC
2014-08-13,0.0,28.33,76.3,9.79,232.8,IMD_NORMALS_SYNTHETIC
2014-08-14,15.029,27.33,81.3,7.91,245.1,IMD_NORMALS_SYNTHETIC
2014-08-15,0.0,29.61,80.1,11.41,196.8,IMD_NORMALS_SYNTHETIC
2014-08-16,0.0,27.14,65.4,6.54,207.2,IMD_NORMALS_SYNTHETIC
2014-08-17,0.0,28.51,79.8,6.89,197.1,IMD_NORMALS_SYNTHETIC
2014-08-18,0.709,27.71,72.5,9.54,249.5,IMD_NORMALS_SYNTHETIC
2014-08-19,0.0,32.37,70.3,10.63,166.0,IMD_NORMALS_SYNTHETIC
2014-08-20,23.963,27.6,83.2,11.21,209.5,IMD_NORMALS_SYNTHETIC
2014-08-21,10.037,30.32,73.5,4.43,198.3,IMD_NORMALS_SYNTHETIC
2014-08-22,0.0,28.67,71.6,6.23,209.2,IMD_NORMALS_SYNTHETIC
2014-08-23,12.19,27.84,76.5,9.36,225.8,IMD_NORMALS_SYNTHETIC
2014-08-24,0.849,27.19,77.2,7.92,195.2,IMD_NORMALS_SYNTHETIC
2014-08-25,9.949,31.31,64.3,7.82,196.6,IMD_NORMALS_SYNTHETIC
2014-08-26,0.0,31.1,81.7,9.05,198.6,IMD_NORMALS_SYNTHETIC
2014-08-27,1.224,31.43,82.6,9.34,209.0,IMD_NORMALS_SYNTHETIC
2014-08-28,0.0,27.79,72.8,5.63,171.4,IMD_NORMALS_SYNTHETIC
2014-08-29,0.0,26.16,73.7,11.7,177.8,IMD_NORMALS_SYNTHETIC
2014-08-30,0.0,26.59,68.1,4.93,191.7,IMD_NORMALS_SYNTHETIC
2014-08-31,13.058,27.48,71.7,11.81,200.6,IMD_NORMALS_SYNTHETIC
2014-09-01,25.895,28.23,75.3,0.99,232.3,IMD_NORMALS_SYNTHETIC
2014-09-02,2.826,31.47,63.6,3.97,213.7,IMD_NORMALS_SYNTHETIC
2014-09-03,0.0,24.61,74.3,10.68,157.8,IMD_NORMALS_SYNTHETIC
2014-09-04,0.0,27.78,67.2,10.47,177.4,IMD_NORMALS_SYNTHETIC
2014-09-05,11.801,28.23,72.8,8.77,208.1,IMD_NORMALS_SYNTHETIC
2014-09-06,16.161,30.5,73.9,6.54,204.1,IMD_NORMALS_SYNTHETIC
2014-09-07,0.0,27.41,70.7,6.8,169.6,IMD_NORMALS_SYNTHETIC
2014-09-08,0.0,31.06,70.6,6.17,177.4,IMD_NORMALS_SYNTHETIC
2014-09-09,0.0,28.88,75.3,8.95,150.0,IMD_NORMALS_SYNTHETIC
2014-09-10,24.114,26.54,78.7,9.04,231.4,IMD_NORMALS_SYNTHETIC
2014-09-11,0.0,29.37,72.5,8.52,165.9,IMD_NORMALS_SYNTHETIC
2014-09-12,2.559,30.05,72.1,5.08,188.6,IMD_NORMALS_SYNTHETIC
2014-09-13,0.0,28.03,77.5,6.33,212.2,IMD_NORMALS_SYNTHETIC
2014-09-14,0.0,29.83,79.1,10.36,193.2,IMD_NORMALS_SYNTHETIC
2014-09-15,0.0,27.04,72.2,11.06,217.0,IMD_NORMALS_SYNTHETIC
2014-09-16,23.37,27.16,69.5,9.84,228.3,IMD_NORMALS_SYNTHETIC
2014-09-17,0.0,29.09,74.6,10.96,204.2,IMD_NORMALS_SYNTHETIC
2014-09-18,8.374,25.6,75.8,10.74,186.0,IMD_NORMALS_SYNTHETIC
2014-09-19,0.0,27.6,74.4,7.42,196.5,IMD_NORMALS_SYNTHETIC
2014-09-20,0.0,26.9,76.7,12.0,181.2,IMD_NORMALS_SYNTHETIC
2014-09-21,0.0,30.91,77.5,12.2,206.5,IMD_NORMALS_SYNTHETIC
2014-09-22,0.922,29.57,68.2,6.37,171.7,IMD_NORMALS_SYNTHETIC
2014-09-23,0.0,32.97,74.5,7.64,199.2,IMD_NORMALS_SYNTHETIC
2014-09-24,0.0,27.42,77.4,9.9,192.2,IMD_NORMALS_SYNTHETIC
2014-09-25,0.131,28.29,75.4,8.32,173.9,IMD_NORMALS_SYNTHETIC
2014-09-26,0.0,30.84,74.7,9.11,195.7,IMD_NORMALS_SYNTHETIC
2014-09-27,0.0,27.39,72.2,7.69,212.5,IMD_NORMALS_SYNTHETIC
2014-09-28,1.964,27.02,79.8,12.0,224.6,IMD_NORMALS_SYNTHETIC
2014-09-29,0.0,27.55,77.5,9.49,169.2,IMD_NORMALS_SYNTHETIC
2014-09-30,0.0,26.16,72.5,8.64,167.9,IMD_NORMALS_SYNTHETIC
2014-10-01,41.054,28.18,62.6,14.04,189.3,IMD_NORMALS_SYNTHETIC
2014-10-02,0.0,27.45,65.3,11.62,151.9,IMD_NORMALS_SYNTHETIC
2014-10-03,46.894,28.29,69.1,7.23,180.9,IMD_NORMALS_SYNTHETIC
2014-10-04,0.0,29.69,66.4,6.28,196.3,IMD_NORMALS_SYNTHETIC
2014-10-05,13.865,26.39,70.4,8.23,165.7,IMD_NORMALS_SYNTHETIC
2014-10-06,0.0,27.52,60.0,2.36,210.9,IMD_NORMALS_SYNTHETIC
2014-10-07,0.0,29.34,63.2,10.22,188.3,IMD_NORMALS_SYNTHETIC
2014-10-08,0.0,30.2,63.7,9.58,187.9,IMD_NORMALS_SYNTHETIC
2014-10-09,0.0,26.85,65.8,10.86,173.9,IMD_NORMALS_SYNTHETIC
2014-10-10,19.064,29.03,61.1,11.07,172.5,IMD_NORMALS_SYNTHETIC
2014-10-11,0.0,29.11,62.7,10.17,188.4,IMD_NORMALS_SYNTHETIC
2014-10-12,0.0,28.67,61.5,6.46,187.5,IMD_NORMALS_SYNTHETIC
2014-10-13,0.0,29.66,66.0,10.45,167.1,IMD_NORMALS_SYNTHETIC
2014-10-14,0.0,31.03,64.1,8.65,201.9,IMD_NORMALS_SYNTHETIC
2014-10-15,0.0,28.72,70.8,12.38,211.9,IMD_NORMALS_SYNTHETIC
2014-10-16,0.0,26.72,61.0,6.87,208.1,IMD_NORMALS_SYNTHETIC
2014-10-17,11.911,30.68,63.6,5.32,154.1,IMD_NORMALS_SYNTHETIC
2014-10-18,0.0,28.64,69.7,14.19,159.3,IMD_NORMALS_SYNTHETIC
2014-10-19,8.233,27.64,72.6,9.9,157.2,IMD_NORMALS_SYNTHETIC
2014-10-20,0.0,28.61,69.0,12.34,161.5,IMD_NORMALS_SYNTHETIC
2014-10-21,0.0,28.49,68.1,6.03,140.5,IMD_NORMALS_SYNTHETIC
2014-10-22,0.0,29.01,57.9,10.56,162.5,IMD_NORMALS_SYNTHETIC
2014-10-23,0.0,31.89,67.5,5.4,190.1,IMD_NORMALS_SYNTHETIC
2014-10-24,0.0,27.21,64.7,9.18,205.8,IMD_NORMALS_SYNTHETIC
2014-10-25,0.0,26.53,63.2,7.69,184.9,IMD_NORMALS_SYNTHETIC
2014-10-26,0.0,28.34,67.6,4.6,181.4,IMD_NORMALS_SYNTHETIC
2014-10-27,0.0,27.75,58.6,6.25,186.4,IMD_NORMALS_SYNTHETIC
2014-10-28,0.0,28.06,61.6,9.45,163.8,IMD_NORMALS_SYNTHETIC
2014-10-29,0.0,27.73,64.0,7.82,233.0,IMD_NORMALS_SYNTHETIC
2014-10-30,0.0,26.95,65.3,3.35,204.1,IMD_NORMALS_SYNTHETIC
2014-10-31,0.0,30.05,67.2,1.81,161.9,IMD_NORMALS_SYNTHETIC
2014-11-01,19.161,25.11,64.5,4.87,176.6,IMD_NORMALS_SYNTHETIC
2014-11-02,0.0,24.65,63.7,12.75,143.7,IMD_NORMALS_SYNTHETIC
2014-11-03,0.0,27.14,49.7,8.43,160.6,IMD_NORMALS_SYNTHETIC
2014-11-04,0.0,26.23,65.3,8.75,126.0,IMD_NORMALS_SYNTHETIC
2014-11-05,0.0,25.91,57.6,10.41,144.8,IMD_NORMALS_SYNTHETIC
2014-11-06,0.0,28.57,60.8,3.8,183.0,IMD_NORMALS_SYNTHETIC
2014-11-07,0.0,29.14,47.8,6.03,205.4,IMD_NORMALS_SYNTHETIC
2014-11-08,0.0,25.66,63.2,10.55,181.7,IMD_NORMALS_SYNTHETIC
2014-11-09,0.0,26.9,53.7,2.78,113.2,IMD_NORMALS_SYNTHETIC
2014-11-10,0.0,29.78,68.3,9.91,179.2,IMD_NORMALS_SYNTHETIC
2014-11-11,0.0,27.12,51.9,2.56,151.8,IMD_NORMALS_SYNTHETIC
2014-11-12,0.0,25.67,64.0,10.12,159.7,IMD_NORMALS_SYNTHETIC
2014-11-13,0.0,20.1,58.5,10.17,169.6,IMD_NORMALS_SYNTHETIC
2014-11-14,0.0,24.43,63.7,7.71,174.4,IMD_NORMALS_SYNTHETIC
2014-11-15,0.0,23.03,56.5,12.14,171.5,IMD_NORMALS_SYNTHETIC
2014-11-16,0.0,25.65,60.4,2.35,177.1,IMD_NORMALS_SYNTHETIC
2014-11-17,0.0,27.36,50.2,10.27,191.8,IMD_NORMALS_SYNTHETIC
2014-11-18,0.0,25.44,55.7,9.31,183.7,IMD_NORMALS_SYNTHETIC
2014-11-19,0.0,27.67,59.3,8.65,149.3,IMD_NORMALS_SYNTHETIC
2014-11-20,0.0,28.3,59.7,5.26,179.8,IMD_NORMALS_SYNTHETIC
2014-11-21,0.0,28.3,53.2,10.85,191.2,IMD_NORMALS_SYNTHETIC
2014-11-22,0.0,23.04,49.5,10.59,190.9,IMD_NORMALS_SYNTHETIC
2014-11-23,0.0,25.03,50.3,10.26,171.7,IMD_NORMALS_SYNTHETIC
2014-11-24,0.0,22.96,64.7,6.02,184.0,IMD_NORMALS_SYNTHETIC
2014-11-25,0.0,22.36,56.0,8.98,148.5,IMD_NORMALS_SYNTHETIC
2014-11-26,0.0,26.74,50.8,14.71,172.2,IMD_NORMALS_SYNTHETIC
2014-11-27,0.0,23.69,55.4,7.22,190.7,IMD_NORMALS_SYNTHETIC
2014-11-28,0.0,25.02,59.1,5.89,161.6,IMD_NORMALS_SYNTHETIC
2014-11-29,0.0,28.25,56.1,6.18,144.0,IMD_NORMALS_SYNTHETIC
2014-11-30,0.0,24.53,49.3,3.87,180.0,IMD_NORMALS_SYNTHETIC
2014-12-01,0.0,24.93,53.8,5.1,194.0,IMD_NORMALS_SYNTHETIC
2014-12-02,0.0,19.84,53.7,6.21,141.1,IMD_NORMALS_SYNTHETIC
2014-12-03,0.0,27.79,49.8,3.24,172.4,IMD_NORMALS_SYNTHETIC
2014-12-04,0.0,22.77,61.4,8.33,143.2,IMD_NORMALS_SYNTHETIC
2014-12-05,0.0,24.47,61.4,14.49,157.6,IMD_NORMALS_SYNTHETIC
2014-12-06,0.0,24.22,58.9,7.06,149.8,IMD_NORMALS_SYNTHETIC
2014-12-07,0.0,20.72,62.0,3.63,138.8,IMD_NORMALS_SYNTHETIC
2014-12-08,0.0,25.96,48.1,6.36,139.6,IMD_NORMALS_SYNTHETIC
2014-12-09,0.0,24.03,54.2,15.22,130.9,IMD_NORMALS_SYNTHETIC
2014-12-10,6.407,24.01,55.6,5.19,133.8,IMD_NORMALS_SYNTHETIC
2014-12-11,0.0,20.72,49.9,12.86,122.0,IMD_NORMALS_SYNTHETIC
2014-12-12,0.0,24.45,59.4,5.28,137.5,IMD_NORMALS_SYNTHETIC
2014-12-13,0.0,22.54,59.8,6.16,121.6,IMD_NORMALS_SYNTHETIC
2014-12-14,1.943,22.28,56.0,8.78,150.9,IMD_NORMALS_SYNTHETIC
2014-12-15,0.0,24.75,58.1,11.57,158.1,IMD_NORMALS_SYNTHETIC
2014-12-16,0.0,19.91,59.3,10.2,150.8,IMD_NORMALS_SYNTHETIC
2014-12-17,0.0,24.51,45.3,9.36,159.1,IMD_NORMALS_SYNTHETIC
2014-12-18,0.0,21.29,50.5,7.69,152.7,IMD_NORMALS_SYNTHETIC
2014-12-19,0.0,24.01,47.0,8.69,206.9,IMD_NORMALS_SYNTHETIC
2014-12-20,0.0,25.48,63.3,11.59,169.8,IMD_NORMALS_SYNTHETIC
2014-12-21,0.0,22.6,43.9,10.03,140.6,IMD_NORMALS_SYNTHETIC
2014-12-22,0.0,25.86,53.6,3.07,150.5,IMD_NORMALS_SYNTHETIC
2014-12-23,0.0,26.47,51.8,4.21,136.5,IMD_NORMALS_SYNTHETIC
2014-12-24,0.0,25.1,55.6,7.24,157.7,IMD_NORMALS_SYNTHETIC
2014-12-25,0.0,24.23,54.9,4.36,154.6,IMD_NORMALS_SYNTHETIC
2014-12-26,0.0,24.19,55.9,7.76,176.6,IMD_NORMALS_SYNTHETIC
2014-12-27,0.0,23.38,55.4,9.04,164.0,IMD_NORMALS_SYNTHETIC
2014-12-28,0.0,25.14,57.1,11.64,152.7,IMD_NORMALS_SYNTHETIC
2014-12-29,0.0,22.87,63.5,6.76,147.8,IMD_NORMALS_SYNTHETIC
2014-12-30,1.27,24.54,60.8,8.42,125.1,IMD_NORMALS_SYNTHETIC
2014-12-31,0.0,25.12,60.5,12.32,141.8,IMD_NORMALS_SYNTHETIC
2015-01-01,0.0,23.05,49.5,8.23,177.6,IMD_NORMALS_SYNTHETIC
2015-01-02,0.0,24.63,49.0,9.58,162.3,IMD_NORMALS_SYNTHETIC
2015-01-03,0.0,26.15,57.7,6.51,185.8,IMD_NORMALS_SYNTHETIC
2015-01-04,0.0,24.45,56.5,6.9,168.2,IMD_NORMALS_SYNTHETIC
2015-01-05,8.406,22.3,56.2,4.35,163.0,IMD_NORMALS_SYNTHETIC
2015-01-06,0.0,22.63,46.9,8.36,183.8,IMD_NORMALS_SYNTHETIC
2015-01-07,0.0,24.9,53.3,8.93,143.8,IMD_NORMALS_SYNTHETIC
2015-01-08,0.0,25.2,53.2,14.55,151.4,IMD_NORMALS_SYNTHETIC
2015-01-09,0.0,24.54,48.7,15.24,148.0,IMD_NORMALS_SYNTHETIC
2015-01-10,0.0,22.05,48.5,12.56,188.9,IMD_NORMALS_SYNTHETIC
2015-01-11,0.0,26.7,57.3,11.48,161.6,IMD_NORMALS_SYNTHETIC
2015-01-12,0.0,25.14,53.6,8.92,162.5,IMD_NORMALS_SYNTHETIC
2015-01-13,1.652,25.55,45.9,2.25,184.5,IMD_NORMALS_SYNTHETIC
2015-01-14,0.0,25.38,51.0,9.78,192.9,IMD_NORMALS_SYNTHETIC
2015-01-15,0.0,22.67,45.4,7.24,164.0,IMD_NORMALS_SYNTHETIC
2015-01-16,0.0,23.26,53.9,0.85,184.6,IMD_NORMALS_SYNTHETIC
2015-01-17,0.0,23.28,52.5,10.77,200.0,IMD_NORMALS_SYNTHETIC
2015-01-18,0.0,23.83,42.2,3.15,131.0,IMD_NORMALS_SYNTHETIC
2015-01-19,0.0,22.63,55.5,11.38,141.3,IMD_NORMALS_SYNTHETIC
2015-01-20,0.0,26.47,56.8,6.26,156.3,IMD_NORMALS_SYNTHETIC
2015-01-21,0.0,25.46,53.2,6.72,139.7,IMD_NORMALS_SYNTHETIC
2015-01-22,0.0,25.0,45.4,6.45,139.9,IMD_NORMALS_SYNTHETIC
2015-01-23,0.0,23.75,51.8,14.36,161.3,IMD_NORMALS_SYNTHETIC
2015-01-24,0.0,24.49,49.8,11.3,147.9,IMD_NORMALS_SYNTHETIC
2015-01-25,0.0,23.21,55.4,6.74,136.0,IMD_NORMALS_SYNTHETIC
2015-01-26,0.0,25.37,50.8,10.99,186.5,IMD_NORMALS_SYNTHETIC
2015-01-27,0.0,25.45,54.2,4.97,180.5,IMD_NORMALS_SYNTHETIC
2015-01-28,0.0,23.79,51.2,13.27,160.4,IMD_NORMALS_SYNTHETIC
2015-01-29,0.0,23.63,55.7,4.19,180.2,IMD_NORMALS_SYNTHETIC
2015-01-30,0.0,25.08,52.7,10.5,155.1,IMD_NORMALS_SYNTHETIC
2015-01-31,0.0,24.34,56.9,7.1,205.6,IMD_NORMALS_SYNTHETIC
2015-02-01,0.0,26.05,50.5,4.34,190.3,IMD_NORMALS_SYNTHETIC
2015-02-02,0.0,26.06,52.9,11.15,182.5,IMD_NORMALS_SYNTHETIC
2015-02-03,0.0,22.51,40.4,3.67,197.4,IMD_NORMALS_SYNTHETIC
2015-02-04,0.0,26.59,51.3,11.16,183.3,IMD_NORMALS_SYNTHETIC
2015-02-05,0.0,28.54,41.3,12.23,208.2,IMD_NORMALS_SYNTHETIC
2015-02-06,0.0,25.98,31.9,7.06,166.2,IMD_NORMALS_SYNTHETIC
2015-02-07,0.0,25.58,50.8,8.06,186.3,IMD_NORMALS_SYNTHETIC
2015-02-08,0.0,24.12,44.2,6.04,197.7,IMD_NORMALS_SYNTHETIC
2015-02-09,0.0,25.29,46.0,7.04,171.2,IMD_NORMALS_SYNTHETIC
2015-02-10,0.0,26.53,40.5,0.06,152.6,IMD_NORMALS_SYNTHETIC
2015-02-11,0.0,27.4,35.7,9.27,199.4,IMD_NORMALS_SYNTHETIC
2015-02-12,0.0,29.84,46.7,9.56,179.3,IMD_NORMALS_SYNTHETIC
2015-02-13,8.436,25.43,44.9,9.05,159.6,IMD_NORMALS_SYNTHETIC
2015-02-14,0.0,33.96,38.6,6.21,184.4,IMD_NORMALS_SYNTHETIC
2015-02-15,0.0,26.38,47.4,4.74,148.0,IMD_NORMALS_SYNTHETIC
2015-02-16,0.0,27.54,51.1,6.7,200.5,IMD_NORMALS_SYNTHETIC
2015-02-17,0.0,26.39,40.8,9.25,180.6,IMD_NORMALS_SYNTHETIC
2015-02-18,0.0,27.61,35.5,6.84,170.1,IMD_NORMALS_SYNTHETIC
2015-02-19,0.0,26.59,43.7,5.25,183.7,IMD_NORMALS_SYNTHETIC
2015-02-20,0.0,27.63,44.9,7.59,174.6,IMD_NORMALS_SYNTHETIC
2015-02-21,0.0,26.54,46.6,8.24,133.6,IMD_NORMALS_SYNTHETIC
2015-02-22,0.0,21.1,51.4,7.11,167.1,IMD_NORMALS_SYNTHETIC
2015-02-23,0.0,26.08,42.4,9.14,181.7,IMD_NORMALS_SYNTHETIC
2015-02-24,0.0,28.16,38.0,3.51,173.5,IMD_NORMALS_SYNTHETIC
2015-02-25,0.0,29.24,39.6,10.19,186.0,IMD_NORMALS_SYNTHETIC
2015-02-26,0.0,28.25,48.2,12.85,186.4,IMD_NORMALS_SYNTHETIC
2015-02-27,0.0,26.73,44.8,7.55,181.9,IMD_NORMALS_SYNTHETIC
2015-02-28,0.0,28.5,49.3,10.53,184.1,IMD_NORMALS_SYNTHETIC
2015-03-01,0.0,33.97,41.2,9.11,199.5,IMD_NORMALS_SYNTHETIC
2015-03-02,0.0,28.38,41.4,5.93,162.1,IMD_NORMALS_SYNTHETIC
2015-03-03,0.0,30.7,36.5,7.3,245.8,IMD_NORMALS_SYNTHETIC
2015-03-04,0.0,29.96,35.3,7.22,235.6,IMD_NORMALS_SYNTHETIC
2015-03-05,0.0,29.85,45.7,6.05,153.8,IMD_NORMALS_SYNTHETIC
2015-03-06,0.0,29.86,38.1,7.15,205.3,IMD_NORMALS_SYNTHETIC
2015-03-07,0.0,31.38,39.4,8.52,199.6,IMD_NORMALS_SYNTHETIC
2015-03-08,0.0,30.85,36.8,3.5,195.9,IMD_NORMALS_SYNTHETIC
2015-03-09,0.0,30.52,34.9,6.33,220.0,IMD_NORMALS_SYNTHETIC
2015-03-10,0.0,31.01,41.5,10.8,179.0,IMD_NORMALS_SYNTHETIC
2015-03-11,0.0,31.61,40.6,5.45,177.6,IMD_NORMALS_SYNTHETIC
2015-03-12,0.0,29.69,46.4,13.83,165.5,IMD_NORMALS_SYNTHETIC
2015-03-13,0.0,29.51,38.8,4.94,161.4,IMD_NORMALS_SYNTHETIC
2015-03-14,0.0,30.38,36.1,7.48,204.3,IMD_NORMALS_SYNTHETIC
2015-03-15,0.0,29.14,46.9,8.1,171.0,IMD_NORMALS_SYNTHETIC
2015-03-16,0.0,28.39,37.2,6.16,191.7,IMD_NORMALS_SYNTHETIC
2015-03-17,0.0,28.67,45.5,7.91,220.6,IMD_NORMALS_SYNTHETIC
2015-03-18,0.0,29.07,40.7,10.22,209.5,IMD_NORMALS_SYNTHETIC
2015-03-19,0.0,30.97,40.1,9.89,208.5,IMD_NORMALS_SYNTHETIC
2015-03-20,0.0,31.5,42.7,3.81,188.6,IMD_NORMALS_SYNTHETIC
2015-03-21,0.0,32.33,40.7,4.61,202.0,IMD_NORMALS_SYNTHETIC
2015-03-22,0.0,32.69,33.0,8.34,186.0,IMD_NORMALS_SYNTHETIC
2015-03-23,0.0,32.99,44.1,7.01,204.3,IMD_NORMALS_SYNTHETIC
2015-03-24,0.0,34.64,36.6,7.85,183.2,IMD_NORMALS_SYNTHETIC
2015-03-25,0.0,31.89,32.5,8.16,221.6,IMD_NORMALS_SYNTHETIC
2015-03-26,0.0,29.67,41.6,5.47,192.9,IMD_NORMALS_SYNTHETIC
2015-03-27,0.0,31.39,38.7,7.98,205.8,IMD_NORMALS_SYNTHETIC
2015-03-28,0.0,32.43,32.0,7.44,210.2,IMD_NORMALS_SYNTHETIC
2015-03-29,0.0,32.94,34.4,7.57,220.2,IMD_NORMALS_SYNTHETIC
2015-03-30,0.0,34.63,42.5,3.65,158.0,IMD_NORMALS_SYNTHETIC
2015-03-31,0.0,30.62,41.5,8.9,201.4,IMD_NORMALS_SYNTHETIC
2015-04-01,0.0,32.12,31.9,6.02,209.5,IMD_NORMALS_SYNTHETIC
2015-04-02,0.959,33.97,32.7,8.28,215.3,IMD_NORMALS_SYNTHETIC
2015-04-03,0.0,34.41,42.0,8.85,190.6,IMD_NORMALS_SYNTHETIC
2015-04-04,0.0,32.51,36.5,6.91,245.0,IMD_NORMALS_SYNTHETIC
2015-04-05,5.416,33.89,40.2,4.08,232.3,IMD_NORMALS_SYNTHETIC
2015-04-06,0.0,35.09,34.8,5.8,201.7,IMD_NORMALS_SYNTHETIC
2015-04-07,0.0,33.85,38.3,9.95,192.3,IMD_NORMALS_SYNTHETIC
2015-04-08,0.0,34.09,37.2,5.22,234.2,IMD_NORMALS_SYNTHETIC
2015-04-09,0.0,35.88,40.9,13.26,222.0,IMD_NORMALS_SYNTHETIC
2015-04-10,0.0,35.06,38.1,8.9,192.2,IMD_NORMALS_SYNTHETIC
2015-04-11,0.0,36.07,27.6,5.18,235.4,IMD_NORMALS_SYNTHETIC
2015-04-12,0.0,32.21,32.8,5.17,212.2,IMD_NORMALS_SYNTHETIC
2015-04-13,0.0,34.68,39.1,9.14,193.6,IMD_NORMALS_SYNTHETIC
2015-04-14,0.0,35.48,41.1,8.56,209.2,IMD_NORMALS_SYNTHETIC
2015-04-15,0.0,36.85,32.9,6.39,216.3,IMD_NORMALS_SYNTHETIC
2015-04-16,0.0,32.94,26.5,10.79,225.2,IMD_NORMALS_SYNTHETIC
2015-04-17,0.0,33.69,35.9,6.99,196.0,IMD_NORMALS_SYNTHETIC
2015-04-18,0.0,32.42,42.8,9.19,239.6,IMD_NORMALS_SYNTHETIC
2015-04-19,0.0,34.07,33.5,0.62,202.3,IMD_NORMALS_SYNTHETIC
2015-04-20,12.533,38.08,34.0,6.35,237.1,IMD_NORMALS_SYNTHETIC
2015-04-21,0.0,33.15,37.7,12.27,211.8,IMD_NORMALS_SYNTHETIC
2015-04-22,0.0,37.87,37.5,11.69,190.8,IMD_NORMALS_SYNTHETIC
2015-04-23,0.0,36.17,37.7,9.19,197.5,IMD_NORMALS_SYNTHETIC
2015-04-24,0.0,36.1,34.9,6.13,230.9,IMD_NORMALS_SYNTHETIC
2015-04-25,0.0,37.79,35.1,11.6,214.1,IMD_NORMALS_SYNTHETIC
2015-04-26,0.0,34.04,36.9,8.32,199.9,IMD_NORMALS_SYNTHETIC
2015-04-27,0.0,35.73,41.4,11.35,199.2,IMD_NORMALS_SYNTHETIC
2015-04-28,0.0,31.26,46.4,8.47,211.5,IMD_NORMALS_SYNTHETIC
2015-04-29,0.0,29.78,31.8,5.98,179.3,IMD_NORMALS_SYNTHETIC
2015-04-30,0.0,35.32,36.9,8.52,185.9,IMD_NORMALS_SYNTHETIC
2015-05-01,0.0,33.78,42.2,9.0,230.3,IMD_NORMALS_SYNTHETIC
2015-05-02,0.0,34.58,36.8,13.48,243.5,IMD_NORMALS_SYNTHETIC
2015-05-03,0.0,36.09,49.1,5.92,177.5,IMD_NORMALS_SYNTHETIC
2015-05-04,5.489,35.3,39.2,7.18,212.7,IMD_NORMALS_SYNTHETIC
2015-05-05,0.0,36.45,37.6,7.18,239.9,IMD_NORMALS_SYNTHETIC
2015-05-06,0.0,34.16,45.2,8.43,222.1,IMD_NORMALS_SYNTHETIC
2015-05-07,0.0,32.8,38.7,11.42,232.3,IMD_NORMALS_SYNTHETIC
2015-05-08,0.505,37.1,39.7,16.59,245.7,IMD_NORMALS_SYNTHETIC
2015-05-09,0.0,38.88,37.3,9.18,195.1,IMD_NORMALS_SYNTHETIC
2015-05-10,0.0,33.76,40.0,10.62,222.6,IMD_NORMALS_SYNTHETIC
2015-05-11,10.834,33.74,40.6,4.95,258.4,IMD_NORMALS_SYNTHETIC
2015-05-12,0.0,37.23,41.7,6.24,259.5,IMD_NORMALS_SYNTHETIC
2015-05-13,0.0,37.03,39.3,0.01,236.7,IMD_NORMALS_SYNTHETIC
2015-05-14,0.0,32.96,41.2,5.52,217.4,IMD_NORMALS_SYNTHETIC
2015-05-15,0.0,34.06,45.1,2.93,225.7,IMD_NORMALS_SYNTHETIC
2015-05-16,0.0,33.29,45.8,8.65,195.7,IMD_NORMALS_SYNTHETIC
2015-05-17,0.0,34.21,36.6,12.04,238.8,IMD_NORMALS_SYNTHETIC
2015-05-18,0.0,33.36,33.1,8.57,224.8,IMD_NORMALS_SYNTHETIC
2015-05-19,0.0,37.37,41.4,7.6,216.8,IMD_NORMALS_SYNTHETIC
2015-05-20,0.0,34.66,46.1,5.58,252.4,IMD_NORMALS_SYNTHETIC
2015-05-21,0.0,35.51,38.2,10.06,181.8,IMD_NORMALS_SYNTHETIC
2015-05-22,0.0,38.33,46.0,8.27,233.0,IMD_NORMALS_SYNTHETIC
2015-05-23,0.0,35.99,48.8,9.16,253.3,IMD_NORMALS_SYNTHETIC
2015-05-24,0.0,38.55,49.6,3.8,218.2,IMD_NORMALS_SYNTHETIC
2015-05-25,0.0,35.84,46.1,4.53,195.8,IMD_NORMALS_SYNTHETIC
2015-05-26,0.0,34.49,45.4,7.0,194.4,IMD_NORMALS_SYNTHETIC
2015-05-27,0.0,35.85,43.5,8.57,225.5,IMD_NORMALS_SYNTHETIC
2015-05-28,0.0,36.35,40.6,3.88,263.8,IMD_NORMALS_SYNTHETIC
2015-05-29,0.0,36.3,42.0,4.06,212.5,IMD_NORMALS_SYNTHETIC
2015-05-30,0.0,33.41,45.6,9.43,265.1,IMD_NORMALS_SYNTHETIC
2015-05-31,0.0,34.39,45.0,4.53,203.6,IMD_NORMALS_SYNTHETIC
2015-06-01,0.116,33.18,58.7,7.03,244.3,IMD_NORMALS_SYNTHETIC
2015-06-02,0.0,30.69,65.9,5.05,207.6,IMD_NORMALS_SYNTHETIC
2015-06-03,22.028,31.17,66.1,10.23,231.0,IMD_NORMALS_SYNTHETIC
2015-06-04,0.0,32.45,67.8,9.64,297.5,IMD_NORMALS_SYNTHETIC
2015-06-05,0.0,32.81,58.0,8.95,271.7,IMD_NORMALS_SYNTHETIC
2015-06-06,0.0,30.7,73.6,4.64,193.6,IMD_NORMALS_SYNTHETIC
2015-06-07,0.0,30.41,64.5,9.75,241.9,IMD_NORMALS_SYNTHETIC
2015-06-08,0.0,32.23,60.7,9.92,261.9,IMD_NORMALS_SYNTHETIC
2015-06-09,0.0,31.1,67.9,8.48,209.4,IMD_NORMALS_SYNTHETIC
2015-06-10,4.195,29.49,62.8,9.22,241.6,IMD_NORMALS_SYNTHETIC
2015-06-11,0.0,27.56,69.5,4.85,249.5,IMD_NORMALS_SYNTHETIC
2015-06-12,0.0,28.72,69.1,4.73,266.6,IMD_NORMALS_SYNTHETIC
2015-06-13,0.0,31.01,70.2,13.64,239.4,IMD_NORMALS_SYNTHETIC
2015-06-14,0.0,32.91,66.0,8.77,229.8,IMD_NORMALS_SYNTHETIC
2015-06-15,1.528,28.51,64.0,12.23,257.6,IMD_NORMALS_SYNTHETIC
2015-06-16,0.0,28.5,62.7,10.19,279.9,IMD_NORMALS_SYNTHETIC
2015-06-17,0.0,32.95,59.7,9.07,256.4,IMD_NORMALS_SYNTHETIC
2015-06-18,0.0,32.88,67.1,8.76,226.6,IMD_NORMALS_SYNTHETIC
2015-06-19,11.776,31.3,66.0,14.29,248.5,IMD_NORMALS_SYNTHETIC
2015-06-20,0.0,31.23,68.6,3.76,258.0,IMD_NORMALS_SYNTHETIC
2015-06-21,10.732,31.0,64.4,10.38,269.3,IMD_NORMALS_SYNTHETIC
2015-06-22,0.0,31.71,58.2,8.21,202.8,IMD_NORMALS_SYNTHETIC
2015-06-23,0.0,30.61,62.3,7.1,234.2,IMD_NORMALS_SYNTHETIC
2015-06-24,26.456,29.95,53.8,9.09,278.7,IMD_NORMALS_SYNTHETIC
2015-06-25,0.0,34.39,71.0,9.93,221.5,IMD_NORMALS_SYNTHETIC
2015-06-26,0.0,31.46,60.3,5.51,260.7,IMD_NORMALS_SYNTHETIC
2015-06-27,0.0,32.67,62.8,8.63,219.9,IMD_NORMALS_SYNTHETIC
2015-06-28,0.0,33.42,58.1,9.39,237.3,IMD_NORMALS_SYNTHETIC
2015-06-29,0.0,30.92,63.4,5.85,262.2,IMD_NORMALS_SYNTHETIC
2015-06-30,0.0,31.28,71.2,6.82,215.9,IMD_NORMALS_SYNTHETIC
2015-07-01,0.0,26.74,72.1,12.63,208.4,IMD_NORMALS_SYNTHETIC
2015-07-02,0.258,28.6,69.1,5.81,208.0,IMD_NORMALS_SYNTHETIC
2015-07-03,0.0,30.2,66.9,1.28,197.8,IMD_NORMALS_SYNTHETIC
2015-07-04,0.0,26.98,67.4,7.11,219.7,IMD_NORMALS_SYNTHETIC
2015-07-05,0.0,29.48,73.6,9.6,218.0,IMD_NORMALS_SYNTHETIC
2015-07-06,7.127,26.76,73.4,8.13,233.6,IMD_NORMALS_SYNTHETIC
2015-07-07,5.127,27.57,70.0,5.16,230.6,IMD_NORMALS_SYNTHETIC
2015-07-08,0.0,32.69,70.5,9.93,256.0,IMD_NORMALS_SYNTHETIC
2015-07-09,0.0,28.71,71.7,12.6,224.7,IMD_NORMALS_SYNTHETIC
2015-07-10,0.0,29.32,84.3,8.96,218.3,IMD_NORMALS_SYNTHETIC
2015-07-11,0.0,28.48,74.8,7.77,189.3,IMD_NORMALS_SYNTHETIC
2015-07-12,0.0,29.62,68.8,11.83,235.5,IMD_NORMALS_SYNTHETIC
2015-07-13,0.915,31.39,71.5,11.56,217.1,IMD_NORMALS_SYNTHETIC
2015-07-14,0.0,30.23,75.2,7.26,238.9,IMD_NORMALS_SYNTHETIC
2015-07-15,0.0,28.21,81.4,9.27,236.7,IMD_NORMALS_SYNTHETIC
2015-07-16,0.533,32.28,73.6,12.17,218.9,IMD_NORMALS_SYNTHETIC
2015-07-17,0.0,29.28,71.5,6.65,236.8,IMD_NORMALS_SYNTHETIC
2015-07-18,0.0,27.3,78.5,9.54,235.2,IMD_NORMALS_SYNTHETIC
2015-07-19,0.0,31.83,74.0,8.15,243.9,IMD_NORMALS_SYNTHETIC
2015-07-20,3.127,29.83,65.3,6.68,235.5,IMD_NORMALS_SYNTHETIC
2015-07-21,0.0,31.24,82.8,8.67,240.8,IMD_NORMALS_SYNTHETIC
2015-07-22,1.437,31.65,65.7,6.8,194.8,IMD_NORMALS_SYNTHETIC
2015-07-23,28.078,33.47,69.0,13.4,197.3,IMD_NORMALS_SYNTHETIC
2015-07-24,3.572,30.71,74.9,12.04,218.8,IMD_NORMALS_SYNTHETIC
2015-07-25,0.0,31.54,77.9,8.37,244.3,IMD_NORMALS_SYNTHETIC
2015-07-26,0.0,27.04,72.3,4.41,274.9,IMD_NORMALS_SYNTHETIC
2015-07-27,0.0,28.46,84.1,8.97,262.1,IMD_NORMALS_SYNTHETIC
2015-07-28,0.0,29.35,74.8,11.01,212.3,IMD_NORMALS_SYNTHETIC
2015-07-29,0.0,31.12,74.3,9.58,234.1,IMD_NORMALS_SYNTHETIC
2015-07-30,0.0,30.24,66.9,12.08,184.2,IMD_NORMALS_SYNTHETIC
2015-07-31,1.663,31.34,71.4,10.8,197.7,IMD_NORMALS_SYNTHETIC
2015-08-01,0.0,28.9,80.0,10.19,242.1,IMD_NORMALS_SYNTHETIC
2015-08-02,0.0,30.46,79.6,4.68,190.7,IMD_NORMALS_SYNTHETIC
2015-08-03,0.0,28.96,73.4,8.48,225.0,IMD_NORMALS_SYNTHETIC
2015-08-04,0.0,28.23,80.6,7.57,222.9,IMD_NORMALS_SYNTHETIC
2015-08-05,0.0,26.22,68.7,10.06,207.7,IMD_NORMALS_SYNTHETIC
2015-08-06,1.45,28.78,75.0,3.91,242.0,IMD_NORMALS_SYNTHETIC
2015-08-07,0.0,27.61,73.2,8.52,180.1,IMD_NORMALS_SYNTHETIC
2015-08-08,7.946,27.38,80.6,9.46,178.8,IMD_NORMALS_SYNTHETIC
2015-08-09,0.0,27.64,73.6,12.03,204.6,IMD_NORMALS_SYNTHETIC
2015-08-10,0.0,27.18,67.7,7.49,208.9,IMD_NORMALS_SYNTHETIC
2015-08-11,1.68,30.07,81.5,11.27,201.4,IMD_NORMALS_SYNTHETIC
2015-08-12,2.723,26.67,79.5,12.3,192.7,IMD_NORMALS_SYNTHETIC
2015-08-13,12.992,28.84,73.2,3.89,207.2,IMD_NORMALS_SYNTHETIC
2015-08-14,18.443,28.32,78.3,8.5,219.1,IMD_NORMALS_SYNTHETIC
2015-08-15,0.0,28.46,76.1,9.07,215.3,IMD_NORMALS_SYNTHETIC
2015-08-16,0.0,24.37,76.8,5.14,210.1,IMD_NORMALS_SYNTHETIC
2015-08-17,0.0,28.77,65.0,8.97,202.5,IMD_NORMALS_SYNTHETIC
2015-08-18,0.0,30.54,72.2,5.85,197.2,IMD_NORMALS_SYNTHETIC
2015-08-19,0.0,29.85,73.5,6.77,190.9,IMD_NORMALS_SYNTHETIC
2015-08-20,11.386,29.92,78.6,10.3,191.2,IMD_NORMALS_SYNTHETIC
2015-08-21,0.0,26.03,77.2,8.95,239.1,IMD_NORMALS_SYNTHETIC
2015-08-22,0.0,25.9,75.8,9.66,183.3,IMD_NORMALS_SYNTHETIC
2015-08-23,0.0,29.22,75.9,12.3,226.6,IMD_NORMALS_SYNTHETIC
2015-08-24,0.0,27.52,72.5,9.22,205.6,IMD_NORMALS_SYNTHETIC
2015-08-25,0.0,28.13,80.8,7.55,203.7,IMD_NORMALS_SYNTHETIC
2015-08-26,0.576,27.33,69.5,4.31,197.8,IMD_NORMALS_SYNTHETIC
2015-08-27,0.0,25.21,76.4,7.65,238.3,IMD_NORMALS_SYNTHETIC
2015-08-28,0.0,31.53,80.7,7.4,181.2,IMD_NORMALS_SYNTHETIC
2015-08-29,0.0,27.03,72.1,7.0,211.3,IMD_NORMALS_SYNTHETIC
2015-08-30,14.389,29.86,70.7,9.62,193.1,IMD_NORMALS_SYNTHETIC
2015-08-31,14.27,28.15,71.2,8.81,225.4,IMD_NORMALS_SYNTHETIC
2015-09-01,0.0,28.75,71.8,8.03,183.3,IMD_NORMALS_SYNTHETIC
2015-09-02,0.0,30.67,79.8,7.49,184.3,IMD_NORMALS_SYNTHETIC
2015-09-03,0.0,27.87,78.7,16.77,187.2,IMD_NORMALS_SYNTHETIC
2015-09-04,0.0,29.44,70.9,12.91,128.2,IMD_NORMALS_SYNTHETIC
2015-09-05,0.0,32.27,80.3,6.42,169.9,IMD_NORMALS_SYNTHETIC
2015-09-06,0.0,29.02,81.2,5.38,170.7,IMD_NORMALS_SYNTHETIC
2015-09-07,0.0,29.38,65.0,5.87,188.7,IMD_NORMALS_SYNTHETIC
2015-09-08,3.389,27.67,72.9,10.84,163.9,IMD_NORMALS_SYNTHETIC
2015-09-09,0.0,27.91,67.5,7.33,193.8,IMD_NORMALS_SYNTHETIC
2015-09-10,0.0,28.57,70.2,6.47,201.5,IMD_NORMALS_SYNTHETIC
2015-09-11,0.0,28.67,76.7,3.41,185.7,IMD_NORMALS_SYNTHETIC
2015-09-12,0.0,31.37,77.8,4.53,192.1,IMD_NORMALS_SYNTHETIC
2015-09-13,0.0,27.61,72.2,7.03,213.2,IMD_NORMALS_SYNTHETIC
2015-09-14,0.0,30.85,73.4,10.2,223.8,IMD_NORMALS_SYNTHETIC
2015-09-15,0.0,29.06,77.7,4.69,194.6,IMD_NORMALS_SYNTHETIC
2015-09-16,0.0,28.66,68.8,10.62,181.6,IMD_NORMALS_SYNTHETIC
2015-09-17,0.0,30.68,73.7,10.25,191.5,IMD_NORMALS_SYNTHETIC
2015-09-18,0.0,25.59,75.7,9.32,182.3,IMD_NORMALS_SYNTHETIC
2015-09-19,0.0,29.6,67.9,7.75,216.7,IMD_NORMALS_SYNTHETIC
2015-09-20,0.0,27.7,61.4,8.75,211.3,IMD_NORMALS_SYNTHETIC
2015-09-21,0.0,28.77,73.0,8.4,206.9,IMD_NORMALS_SYNTHETIC
2015-09-22,7.236,28.57,76.3,4.47,203.9,IMD_NORMALS_SYNTHETIC
2015-09-23,0.0,29.8,73.3,8.85,196.6,IMD_NORMALS_SYNTHETIC
2015-09-24,0.0,29.75,71.3,8.16,194.2,IMD_NORMALS_SYNTHETIC
2015-09-25,0.0,29.83,61.7,2.5,151.3,IMD_NORMALS_SYNTHETIC
2015-09-26,0.0,30.63,64.0,4.52,210.1,IMD_NORMALS_SYNTHETIC
2015-09-27,22.516,25.81,75.2,4.64,215.6,IMD_NORMALS_SYNTHETIC
2015-09-28,0.0,28.36,75.6,6.78,182.4,IMD_NORMALS_SYNTHETIC
2015-09-29,1.414,30.4,79.1,11.15,184.1,IMD_NORMALS_SYNTHETIC
2015-09-30,3.384,27.87,70.3,12.13,189.0,IMD_NORMALS_SYNTHETIC
2015-10-01,0.0,27.84,68.1,13.33,158.1,IMD_NORMALS_SYNTHETIC
2015-10-02,0.0,26.04,67.3,12.42,176.8,IMD_NORMALS_SYNTHETIC
2015-10-03,0.0,27.86,69.0,6.81,190.2,IMD_NORMALS_SYNTHETIC
2015-10-04,0.0,31.96,55.1,7.31,157.7,IMD_NORMALS_SYNTHETIC
2015-10-05,0.0,28.86,60.7,4.68,183.6,IMD_NORMALS_SYNTHETIC
2015-10-06,0.0,26.84,65.7,6.05,174.0,IMD_NORMALS_SYNTHETIC
2015-10-07,0.0,26.27,62.5,9.97,176.3,IMD_NORMALS_SYNTHETIC
2015-10-08,0.0,25.51,71.5,13.61,216.0,IMD_NORMALS_SYNTHETIC
2015-10-09,0.0,27.39,60.0,13.3,202.5,IMD_NORMALS_SYNTHETIC
2015-10-10,0.0,28.19,63.7,6.87,159.9,IMD_NORMALS_SYNTHETIC
2015-10-11,0.0,29.7,63.3,9.28,155.9,IMD_NORMALS_SYNTHETIC
2015-10-12,0.0,23.65,69.3,9.78,215.0,IMD_NORMALS_SYNTHETIC
2015-10-13,0.0,28.09,64.2,9.64,191.0,IMD_NORMALS_SYNTHETIC
2015-10-14,0.0,33.26,74.6,7.42,163.4,IMD_NORMALS_SYNTHETIC
2015-10-15,0.0,28.11,70.5,3.05,228.5,IMD_NORMALS_SYNTHETIC
2015-10-16,6.935,26.43,63.9,4.18,179.8,IMD_NORMALS_SYNTHETIC
2015-10-17,0.0,27.09,66.0,6.67,155.8,IMD_NORMALS_SYNTHETIC
2015-10-18,0.0,26.19,63.8,3.86,174.0,IMD_NORMALS_SYNTHETIC
2015-10-19,0.0,31.79,64.3,9.1,192.0,IMD_NORMALS_SYNTHETIC
2015-10-20,0.0,28.95,70.7,8.11,179.3,IMD_NORMALS_SYNTHETIC
2015-10-21,11.808,27.76,67.4,5.03,208.0,IMD_NORMALS_SYNTHETIC
2015-10-22,0.0,28.7,66.4,5.37,184.0,IMD_NORMALS_SYNTHETIC
2015-10-23,0.0,28.63,51.9,5.93,173.4,IMD_NORMALS_SYNTHETIC
2015-10-24,0.0,25.96,67.1,6.66,240.3,IMD_NORMALS_SYNTHETIC
2015-10-25,0.0,30.31,70.7,7.43,187.3,IMD_NORMALS_SYNTHETIC
2015-10-26,0.0,27.89,74.0,6.28,170.5,IMD_NORMALS_SYNTHETIC
2015-10-27,20.792,28.08,63.2,6.74,164.2,IMD_NORMALS_SYNTHETIC
2015-10-28,0.527,26.7,62.1,7.54,195.9,IMD_NORMALS_SYNTHETIC
2015-10-29,0.0,30.47,62.8,9.15,190.8,IMD_NORMALS_SYNTHETIC
2015-10-30,0.0,27.05,66.6,8.55,190.6,IMD_NORMALS_SYNTHETIC
2015-10-31,14.651,30.52,79.8,12.07,187.5,IMD_NORMALS_SYNTHETIC
2015-11-01,0.0,29.04,57.7,6.52,175.2,IMD_NORMALS_SYNTHETIC
2015-11-02,0.0,21.16,57.9,14.51,141.7,IMD_NORMALS_SYNTHETIC
2015-11-03,0.0,27.46,57.1,11.86,177.9,IMD_NORMALS_SYNTHETIC
2015-11-04,11.696,24.57,52.9,8.52,159.0,IMD_NORMALS_SYNTHETIC
2015-11-05,0.0,27.09,55.4,4.67,145.5,IMD_NORMALS_SYNTHETIC
2015-11-06,0.0,26.51,62.0,8.43,145.3,IMD_NORMALS_SYNTHETIC
2015-11-07,0.0,28.28,49.1,15.67,171.4,IMD_NORMALS_SYNTHETIC
2015-11-08,0.0,25.44,54.5,4.29,193.9,IMD_NORMALS_SYNTHETIC
2015-11-09,0.0,23.99,58.9,4.79,181.9,IMD_NORMALS_SYNTHETIC
2015-11-10,0.0,24.72,56.2,8.78,158.6,IMD_NORMALS_SYNTHETIC
2015-11-11,0.0,23.75,54.9,4.04,195.2,IMD_NORMALS_SYNTHETIC
2015-11-12,0.0,25.94,53.0,11.63,161.2,IMD_NORMALS_SYNTHETIC
2015-11-13,0.0,22.76,62.6,2.07,150.8,IMD_NORMALS_SYNTHETIC
2015-11-14,44.36,26.91,55.5,7.78,166.5,IMD_NORMALS_SYNTHETIC
2015-11-15,0.0,25.26,53.2,9.61,178.2,IMD_NORMALS_SYNTHETIC
2015-11-16,0.0,21.67,61.1,5.47,180.7,IMD_NORMALS_SYNTHETIC
2015-11-17,0.0,25.57,50.8,10.17,172.1,IMD_NORMALS_SYNTHETIC
2015-11-18,0.0,26.47,58.9,9.73,128.3,IMD_NORMALS_SYNTHETIC
2015-11-19,0.0,24.79,55.1,8.21,145.4,IMD_NORMALS_SYNTHETIC
2015-11-20,0.0,25.18,56.5,6.78,139.6,IMD_NORMALS_SYNTHETIC
2015-11-21,30.234,25.36,52.2,2.72,144.8,IMD_NORMALS_SYNTHETIC
2015-11-22,0.0,24.75,57.1,5.42,187.5,IMD_NORMALS_SYNTHETIC
2015-11-23,0.0,23.5,48.0,5.42,165.9,IMD_NORMALS_SYNTHETIC
2015-11-24,0.0,28.77,49.0,7.36,162.6,IMD_NORMALS_SYNTHETIC
2015-11-25,0.0,24.35,55.4,8.52,156.0,IMD_NORMALS_SYNTHETIC
2015-11-26,0.0,25.86,55.0,7.16,185.5,IMD_NORMALS_SYNTHETIC
2015-11-27,0.0,24.55,60.5,9.07,173.7,IMD_NORMALS_SYNTHETIC
2015-11-28,0.0,25.46,54.5,8.53,190.2,IMD_NORMALS_SYNTHETIC
2015-11-29,0.0,26.36,67.1,8.47,154.1,IMD_NORMALS_SYNTHETIC
2015-11-30,0.0,26.24,63.9,8.75,165.2,IMD_NORMALS_SYNTHETIC
2015-12-01,0.0,23.97,56.9,10.19,187.4,IMD_NORMALS_SYNTHETIC
2015-12-02,0.0,25.29,51.7,5.88,174.5,IMD_NORMALS_SYNTHETIC
2015-12-03,0.0,27.8,44.6,6.21,145.5,IMD_NORMALS_SYNTHETIC
2015-12-04,25.1,23.63,49.1,12.31,116.6,IMD_NORMALS_SYNTHETIC
2015-12-05,0.0,23.38,53.0,13.04,100.0,IMD_NORMALS_SYNTHETIC
2015-12-06,0.0,22.03,54.9,13.37,124.4,IMD_NORMALS_SYNTHETIC
2015-12-07,0.0,21.65,47.0,11.88,149.7,IMD_NORMALS_SYNTHETIC
2015-12-08,5.998,22.6,57.1,6.95,185.3,IMD_NORMALS_SYNTHETIC
2015-12-09,0.0,23.1,54.5,6.61,137.2,IMD_NORMALS_SYNTHETIC
2015-12-10,0.0,23.11,50.9,9.79,185.0,IMD_NORMALS_SYNTHETIC
2015-12-11,0.0,22.89,59.9,7.52,176.9,IMD_NORMALS_SYNTHETIC
2015-12-12,0.0,22.17,53.1,8.15,146.5,IMD_NORMALS_SYNTHETIC
2015-12-13,0.0,23.49,58.8,7.04,142.7,IMD_NORMALS_SYNTHETIC
2015-12-14,0.0,24.42,54.6,2.26,172.1,IMD_NORMALS_SYNTHETIC
2015-12-15,0.0,23.53,52.1,14.32,126.4,IMD_NORMALS_SYNTHETIC
2015-12-16,0.0,22.11,54.3,10.6,111.6,IMD_NORMALS_SYNTHETIC
2015-12-17,0.0,23.72,49.4,5.96,130.4,IMD_NORMALS_SYNTHETIC
2015-12-18,0.0,22.83,51.9,10.82,134.8,IMD_NORMALS_SYNTHETIC
2015-12-19,0.0,24.78,51.6,5.34,161.8,IMD_NORMALS_SYNTHETIC
2015-12-20,0.0,24.42,60.8,6.98,123.5,IMD_NORMALS_SYNTHETIC
2015-12-21,0.0,26.36,53.0,4.76,166.0,IMD_NORMALS_SYNTHETIC
2015-12-22,0.0,25.92,61.5,6.6,192.4,IMD_NORMALS_SYNTHETIC
2015-12-23,7.279,24.3,49.2,8.58,145.8,IMD_NORMALS_SYNTHETIC
2015-12-24,0.0,21.51,66.1,4.24,115.6,IMD_NORMALS_SYNTHETIC
2015-12-25,0.0,23.59,47.7,7.16,163.7,IMD_NORMALS_SYNTHETIC
2015-12-26,0.0,26.05,60.2,16.27,150.7,IMD_NORMALS_SYNTHETIC
2015-12-27,0.0,23.1,48.4,7.5,173.9,IMD_NORMALS_SYNTHETIC
2015-12-28,0.0,23.09,53.0,9.9,151.9,IMD_NORMALS_SYNTHETIC
2015-12-29,0.0,23.62,55.4,10.33,151.4,IMD_NORMALS_SYNTHETIC
2015-12-30,0.0,21.29,55.6,6.32,159.0,IMD_NORMALS_SYNTHETIC
2015-12-31,5.983,22.7,56.6,10.02,133.3,IMD_NORMALS_SYNTHETIC
2016-01-01,0.0,26.15,49.6,2.49,154.9,IMD_NORMALS_SYNTHETIC
2016-01-02,0.0,24.86,50.9,10.6,154.7,IMD_NORMALS_SYNTHETIC
2016-01-03,0.0,25.59,56.0,2.88,196.4,IMD_NORMALS_SYNTHETIC
2016-01-04,0.0,24.8,52.3,7.86,189.0,IMD_NORMALS_SYNTHETIC
2016-01-05,0.0,24.39,50.1,9.96,119.1,IMD_NORMALS_SYNTHETIC
2016-01-06,0.0,27.11,47.2,7.78,171.5,IMD_NORMALS_SYNTHETIC
2016-01-07,0.0,26.92,52.2,16.25,162.9,IMD_NORMALS_SYNTHETIC
2016-01-08,0.0,26.79,50.7,6.82,154.3,IMD_NORMALS_SYNTHETIC
2016-01-09,0.0,23.73,60.5,11.64,161.6,IMD_NORMALS_SYNTHETIC
2016-01-10,0.0,26.02,46.0,11.11,111.6,IMD_NORMALS_SYNTHETIC
2016-01-11,0.0,24.41,51.5,6.9,158.2,IMD_NORMALS_SYNTHETIC
2016-01-12,0.0,22.56,47.1,10.67,186.8,IMD_NORMALS_SYNTHETIC
2016-01-13,0.0,23.64,41.9,8.17,182.3,IMD_NORMALS_SYNTHETIC
2016-01-14,0.0,26.33,59.7,6.07,146.0,IMD_NORMALS_SYNTHETIC
2016-01-15,3.887,23.23,51.0,2.27,175.1,IMD_NORMALS_SYNTHETIC
2016-01-16,0.0,29.35,57.8,5.88,151.2,IMD_NORMALS_SYNTHETIC
2016-01-17,0.0,28.28,50.8,9.84,164.3,IMD_NORMALS_SYNTHETIC
2016-01-18,0.0,23.6,54.7,5.1,184.0,IMD_NORMALS_SYNTHETIC
2016-01-19,0.0,24.77,44.4,4.59,195.5,IMD_NORMALS_SYNTHETIC
2016-01-20,0.0,26.44,55.0,7.44,228.8,IMD_NORMALS_SYNTHETIC
2016-01-21,0.0,24.17,56.5,3.02,138.3,IMD_NORMALS_SYNTHETIC
2016-01-22,0.0,24.83,50.5,0.79,184.2,IMD_NORMALS_SYNTHETIC
2016-01-23,0.0,23.83,53.4,9.33,168.0,IMD_NORMALS_SYNTHETIC
2016-01-24,0.0,26.36,59.5,8.73,173.1,IMD_NORMALS_SYNTHETIC
2016-01-25,0.0,25.29,45.7,10.91,167.8,IMD_NORMALS_SYNTHETIC
2016-01-26,0.0,26.23,50.3,8.42,140.2,IMD_NORMALS_SYNTHETIC
2016-01-27,0.0,23.33,55.8,13.74,188.6,IMD_NORMALS_SYNTHETIC
2016-01-28,0.0,25.38,48.9,9.68,159.8,IMD_NORMALS_SYNTHETIC
2016-01-29,0.0,25.36,59.4,0.74,162.2,IMD_NORMALS_SYNTHETIC
2016-01-30,0.0,25.45,52.2,5.37,167.6,IMD_NORMALS_SYNTHETIC
2016-01-31,0.0,21.61,51.3,8.97,130.4,IMD_NORMALS_SYNTHETIC
2016-02-01,0.0,25.22,40.3,12.87,153.0,IMD_NORMALS_SYNTHETIC
2016-02-02,0.0,28.43,44.5,9.27,159.2,IMD_NORMALS_SYNTHETIC
2016-02-03,0.0,28.41,48.5,2.27,208.9,IMD_NORMALS_SYNTHETIC
2016-02-04,0.0,29.33,48.3,1.86,185.9,IMD_NORMALS_SYNTHETIC
2016-02-05,0.0,26.59,45.1,10.08,196.2,IMD_NORMALS_SYNTHETIC
2016-02-06,0.0,26.68,43.2,10.44,165.5,IMD_NORMALS_SYNTHETIC
2016-02-07,0.0,25.76,43.1,9.17,186.5,IMD_NORMALS_SYNTHETIC
2016-02-08,2.128,28.18,33.1,2.53,164.6,IMD_NORMALS_SYNTHETIC
2016-02-09,0.0,29.52,44.4,9.05,181.5,IMD_NORMALS_SYNTHETIC
2016-02-10,0.0,28.43,45.1,5.84,191.3,IMD_NORMALS_SYNTHETIC
2016-02-11,0.0,25.11,46.4,6.26,169.9,IMD_NORMALS_SYNTHETIC
2016-02-12,0.0,29.79,41.4,11.18,204.5,IMD_NORMALS_SYNTHETIC
2016-02-13,0.0,27.49,43.6,12.3,172.9,IMD_NORMALS_SYNTHETIC
2016-02-14,0.0,24.93,38.6,6.87,178.3,IMD_NORMALS_SYNTHETIC
2016-02-15,0.0,26.54,45.3,11.05,189.8,IMD_NORMALS_SYNTHETIC
2016-02-16,0.0,28.63,45.0,11.48,184.8,IMD_NORMALS_SYNTHETIC
2016-02-17,0.0,28.74,38.4,16.24,208.3,IMD_NORMALS_SYNTHETIC
2016-02-18,0.0,26.41,37.2,10.02,191.7,IMD_NORMALS_SYNTHETIC
2016-02-19,0.0,25.2,54.1,6.76,180.8,IMD_NORMALS_SYNTHETIC
2016-02-20,15.191,29.44,49.5,4.61,151.7,IMD_NORMALS_SYNTHETIC
2016-02-21,0.0,26.41,48.1,8.63,152.7,IMD_NORMALS_SYNTHETIC
2016-02-22,0.0,26.5,50.2,9.28,184.9,IMD_NORMALS_SYNTHETIC
2016-02-23,0.0,27.04,40.9,8.73,179.2,IMD_NORMALS_SYNTHETIC
2016-02-24,0.0,26.41,47.1,7.15,194.3,IMD_NORMALS_SYNTHETIC
2016-02-25,0.0,27.41,41.0,7.98,182.7,IMD_NORMALS_SYNTHETIC
2016-02-26,0.0,22.43,45.2,10.49,190.3,IMD_NORMALS_SYNTHETIC
2016-02-27,0.0,29.69,44.4,2.42,162.6,IMD_NORMALS_SYNTHETIC
2016-02-28,0.0,25.88,39.0,11.36,190.6,IMD_NORMALS_SYNTHETIC
2016-02-29,0.0,25.77,43.0,11.26,158.6,IMD_NORMALS_SYNTHETIC
2016-03-01,0.0,31.94,38.1,4.76,202.0,IMD_NORMALS_SYNTHETIC
2016-03-02,0.0,32.99,37.2,8.56,177.4,IMD_NORMALS_SYNTHETIC
2016-03-03,0.0,34.28,36.4,6.92,188.4,IMD_NORMALS_SYNTHETIC
2016-03-04,0.0,30.81,42.2,8.28,173.6,IMD_NORMALS_SYNTHETIC
2016-03-05,0.0,33.63,37.4,9.04,179.0,IMD_NORMALS_SYNTHETIC
2016-03-06,0.0,29.42,39.7,8.16,177.2,IMD_NORMALS_SYNTHETIC
2016-03-07,0.0,30.03,44.7,3.68,204.4,IMD_NORMALS_SYNTHETIC
2016-03-08,0.0,31.31,49.4,8.36,205.4,IMD_NORMALS_SYNTHETIC
2016-03-09,0.0,31.92,35.6,5.45,201.4,IMD_NORMALS_SYNTHETIC
2016-03-10,0.0,29.76,46.4,7.75,196.1,IMD_NORMALS_SYNTHETIC
2016-03-11,0.0,28.11,38.2,8.24,209.0,IMD_NORMALS_SYNTHETIC
2016-03-12,0.0,32.44,36.0,13.85,215.1,IMD_NORMALS_SYNTHETIC
2016-03-13,0.0,33.07,31.0,8.3,187.8,IMD_NORMALS_SYNTHETIC
2016-03-14,0.0,32.37,28.0,11.38,185.5,IMD_NORMALS_SYNTHETIC
2016-03-15,0.0,28.6,47.2,7.05,209.1,IMD_NORMALS_SYNTHETIC
2016-03-16,0.0,29.12,39.4,11.36,196.7,IMD_NORMALS_SYNTHETIC
2016-03-17,4.885,30.25,37.3,3.09,201.2,IMD_NORMALS_SYNTHETIC
2016-03-18,0.0,33.82,35.4,13.01,182.5,IMD_NORMALS_SYNTHETIC
2016-03-19,0.0,28.92,32.8,7.46,208.3,IMD_NORMALS_SYNTHETIC
2016-03-20,0.0,34.44,35.7,11.55,210.3,IMD_NORMALS_SYNTHETIC
2016-03-21,0.0,30.89,38.0,8.05,205.2,IMD_NORMALS_SYNTHETIC
2016-03-22,0.0,32.54,42.8,8.33,215.5,IMD_NORMALS_SYNTHETIC
2016-03-23,0.0,32.71,40.8,13.35,196.3,IMD_NORMALS_SYNTHETIC
2016-03-24,22.315,32.69,36.3,6.29,180.1,IMD_NORMALS_SYNTHETIC
2016-03-25,0.0,34.34,36.2,3.15,185.3,IMD_NORMALS_SYNTHETIC
2016-03-26,0.0,29.03,34.5,11.37,176.1,IMD_NORMALS_SYNTHETIC
2016-03-27,1.758,33.34,37.6,10.24,234.8,IMD_NORMALS_SYNTHETIC
2016-03-28,0.0,29.84,40.3,13.37,193.6,IMD_NORMALS_SYNTHETIC
2016-03-29,0.0,30.12,42.2,11.02,197.4,IMD_NORMALS_SYNTHETIC
2016-03-30,0.0,31.06,41.5,6.88,198.4,IMD_NORMALS_SYNTHETIC
2016-03-31,0.0,31.87,33.9,6.13,237.1,IMD_NORMALS_SYNTHETIC
2016-04-01,2.415,35.29,41.1,8.8,203.9,IMD_NORMALS_SYNTHETIC
2016-04-02,0.0,33.62,35.5,14.88,192.2,IMD_NORMALS_SYNTHETIC
2016-04-03,0.0,36.12,34.9,8.57,228.4,IMD_NORMALS_SYNTHETIC
2016-04-04,0.0,34.84,34.7,8.76,204.9,IMD_NORMALS_SYNTHETIC
2016-04-05,1.25,30.87,44.7,6.41,196.8,IMD_NORMALS_SYNTHETIC
2016-04-06,0.0,32.95,39.5,7.09,210.0,IMD_NORMALS_SYNTHETIC
2016-04-07,0.0,36.48,42.1,8.08,217.3,IMD_NORMALS_SYNTHETIC
2016-04-08,0.0,37.52,31.1,9.97,239.4,IMD_NORMALS_SYNTHETIC
2016-04-09,0.0,34.62,29.4,6.27,190.1,IMD_NORMALS_SYNTHETIC
2016-04-10,0.0,35.71,42.2,6.21,230.5,IMD_NORMALS_SYNTHETIC
2016-04-11,0.0,34.12,34.0,15.58,218.2,IMD_NORMALS_SYNTHETIC
2016-04-12,0.0,34.82,41.2,8.28,203.1,IMD_NORMALS_SYNTHETIC
2016-04-13,0.0,36.22,38.3,9.33,191.9,IMD_NORMALS_SYNTHETIC
2016-04-14,0.0,34.33,30.7,11.75,194.0,IMD_NORMALS_SYNTHETIC
2016-04-15,0.0,36.4,32.4,5.47,182.0,IMD_NORMALS_SYNTHETIC
2016-04-16,0.0,36.76,42.4,4.02,177.8,IMD_NORMALS_SYNTHETIC
2016-04-17,0.0,29.72,34.4,2.98,174.9,IMD_NORMALS_SYNTHETIC
2016-04-18,0.0,36.52,33.8,13.45,193.2,IMD_NORMALS_SYNTHETIC
2016-04-19,0.0,33.54,36.8,7.54,218.9,IMD_NORMALS_SYNTHETIC
2016-04-20,0.733,38.37,29.7,7.4,192.7,IMD_NORMALS_SYNTHETIC
2016-04-21,0.0,34.39,34.4,5.74,216.4,IMD_NORMALS_SYNTHETIC
2016-04-22,0.0,33.17,31.8,6.09,244.4,IMD_NORMALS_SYNTHETIC
2016-04-23,0.0,32.81,39.3,5.44,238.0,IMD_NORMALS_SYNTHETIC
2016-04-24,9.895,35.15,28.9,7.41,214.0,IMD_NORMALS_SYNTHETIC
2016-04-25,0.0,33.65,31.8,8.88,222.6,IMD_NORMALS_SYNTHETIC
2016-04-26,0.0,37.45,41.8,0.82,239.1,IMD_NORMALS_SYNTHETIC
2016-04-27,0.0,35.33,35.8,8.96,216.4,IMD_NORMALS_SYNTHETIC
2016-04-28,0.0,33.71,34.0,7.87,162.5,IMD_NORMALS_SYNTHETIC
2016-04-29,0.0,34.23,32.1,3.36,195.2,IMD_NORMALS_SYNTHETIC
2016-04-30,0.0,34.19,40.8,8.76,202.3,IMD_NORMALS_SYNTHETIC
2016-05-01,0.0,34.06,34.7,9.92,243.0,IMD_NORMALS_SYNTHETIC
2016-05-02,0.0,35.86,52.9,11.43,219.2,IMD_NORMALS_SYNTHETIC
2016-05-03,0.0,37.57,52.1,9.51,198.7,IMD_NORMALS_SYNTHETIC
2016-05-04,0.0,36.82,44.1,7.16,220.1,IMD_NORMALS_SYNTHETIC
2016-05-05,0.0,33.18,39.7,8.47,204.8,IMD_NORMALS_SYNTHETIC
2016-05-06,0.0,33.41,39.4,8.02,236.1,IMD_NORMALS_SYNTHETIC
2016-05-07,0.0,34.77,45.3,11.81,240.1,IMD_NORMALS_SYNTHETIC
2016-05-08,0.0,31.21,39.1,5.61,246.7,IMD_NORMALS_SYNTHETIC
2016-05-09,0.0,31.83,49.0,11.32,247.7,IMD_NORMALS_SYNTHETIC
2016-05-10,0.0,35.96,42.0,8.71,163.9,IMD_NORMALS_SYNTHETIC
2016-05-11,0.0,36.12,39.4,5.03,230.4,IMD_NORMALS_SYNTHETIC
2016-05-12,0.0,35.23,43.6,6.2,222.0,IMD_NORMALS_SYNTHETIC
2016-05-13,0.0,34.47,39.0,8.69,252.5,IMD_NORMALS_SYNTHETIC
2016-05-14,3.297,35.99,42.9,5.83,204.2,IMD_NORMALS_SYNTHETIC
2016-05-15,0.0,36.03,39.3,11.85,227.7,IMD_NORMALS_SYNTHETIC
2016-05-16,0.0,33.28,47.3,9.67,234.9,IMD_NORMALS_SYNTHETIC
2016-05-17,0.0,34.35,42.0,5.12,189.6,IMD_NORMALS_SYNTHETIC
2016-05-18,22.205,32.98,38.0,7.4,205.3,IMD_NORMALS_SYNTHETIC
2016-05-19,9.329,33.29,48.1,11.27,220.9,IMD_NORMALS_SYNTHETIC
2016-05-20,0.0,37.05,43.5,9.67,214.6,IMD_NORMALS_SYNTHETIC
2016-05-21,0.0,31.41,48.2,5.96,216.5,IMD_NORMALS_SYNTHETIC
2016-05-22,0.0,34.72,44.8,6.74,206.1,IMD_NORMALS_SYNTHETIC
2016-05-23,0.0,32.61,41.2,9.98,215.2,IMD_NORMALS_SYNTHETIC
2016-05-24,0.0,35.07,34.0,8.06,241.7,IMD_NORMALS_SYNTHETIC
2016-05-25,0.0,38.35,49.4,6.02,250.9,IMD_NORMALS_SYNTHETIC
2016-05-26,6.8,35.83,42.1,3.18,241.0,IMD_NORMALS_SYNTHETIC
2016-05-27,0.0,37.33,44.7,13.86,237.6,IMD_NORMALS_SYNTHETIC
2016-05-28,0.0,34.25,44.9,6.33,223.1,IMD_NORMALS_SYNTHETIC
2016-05-29,0.0,33.21,48.3,5.05,197.1,IMD_NORMALS_SYNTHETIC
2016-05-30,0.0,32.21,44.7,8.14,212.6,IMD_NORMALS_SYNTHETIC
2016-05-31,0.0,35.47,43.3,6.74,223.0,IMD_NORMALS_SYNTHETIC
2016-06-01,0.0,30.23,69.3,4.72,262.7,IMD_NORMALS_SYNTHETIC
2016-06-02,33.61,30.98,69.6,5.15,255.3,IMD_NORMALS_SYNTHETIC
2016-06-03,0.0,31.7,63.0,9.26,260.6,IMD_NORMALS_SYNTHETIC
2016-06-04,0.0,33.97,70.6,8.01,247.9,IMD_NORMALS_SYNTHETIC
2016-06-05,10.064,31.46,73.0,3.27,229.1,IMD_NORMALS_SYNTHETIC
2016-06-06,0.0,33.45,63.6,11.27,227.9,IMD_NORMALS_SYNTHETIC
2016-06-07,0.0,30.67,70.3,15.5,239.8,IMD_NORMALS_SYNTHETIC
2016-06-08,0.0,29.32,69.1,5.64,250.9,IMD_NORMALS_SYNTHETIC
2016-06-09,0.0,34.81,52.6,10.87,246.0,IMD_NORMALS_SYNTHETIC
2016-06-10,0.0,32.31,70.3,8.1,243.7,IMD_NORMALS_SYNTHETIC
2016-06-11,0.0,32.19,66.1,8.88,247.6,IMD_NORMALS_SYNTHETIC
2016-06-12,1.397,31.15,67.4,7.51,252.4,IMD_NORMALS_SYNTHETIC
2016-06-13,2.703,30.95,60.7,5.14,218.3,IMD_NORMALS_SYNTHETIC
2016-06-14,0.0,33.64,62.1,4.42,263.2,IMD_NORMALS_SYNTHETIC
2016-06-15,0.0,30.25,67.2,8.65,215.0,IMD_NORMALS_SYNTHETIC
2016-06-16,3.86,31.71,61.0,9.52,226.8,IMD_NORMALS_SYNTHETIC
2016-06-17,0.0,31.4,67.4,11.73,214.5,IMD_NORMALS_SYNTHETIC
2016-06-18,0.0,29.82,67.8,7.45,245.7,IMD_NORMALS_SYNTHETIC
2016-06-19,0.0,33.33,68.1,7.79,245.6,IMD_NORMALS_SYNTHETIC
2016-06-20,10.807,30.45,65.2,7.53,211.4,IMD_NORMALS_SYNTHETIC
2016-06-21,1.676,30.71,58.0,6.92,243.4,IMD_NORMALS_SYNTHETIC
2016-06-22,0.0,32.16,62.2,7.94,246.5,IMD_NORMALS_SYNTHETIC
2016-06-23,1.738,31.51,65.7,11.16,239.3,IMD_NORMALS_SYNTHETIC
2016-06-24,38.073,31.61,61.1,0.48,244.2,IMD_NORMALS_SYNTHETIC
2016-06-25,0.578,29.27,64.3,3.43,207.0,IMD_NORMALS_SYNTHETIC
2016-06-26,0.0,31.44,62.4,11.69,216.3,IMD_NORMALS_SYNTHETIC
2016-06-27,0.0,32.68,69.5,5.91,260.1,IMD_NORMALS_SYNTHETIC
2016-06-28,0.0,30.96,59.8,12.55,218.2,IMD_NORMALS_SYNTHETIC
2016-06-29,0.0,30.9,67.1,10.62,273.7,IMD_NORMALS_SYNTHETIC
2016-06-30,0.0,32.38,54.3,9.22,249.0,IMD_NORMALS_SYNTHETIC
2016-07-01,0.0,27.9,76.5,8.92,202.3,IMD_NORMALS_SYNTHETIC
2016-07-02,0.0,28.42,80.1,8.56,267.2,IMD_NORMALS_SYNTHETIC
2016-07-03,18.947,31.33,68.1,5.98,237.1,IMD_NORMALS_SYNTHETIC
2016-07-04,0.0,23.22,69.5,12.11,197.6,IMD_NORMALS_SYNTHETIC
2016-07-05,0.0,30.22,74.7,5.12,177.3,IMD_NORMALS_SYNTHETIC
2016-07-06,0.0,27.93,75.1,8.65,203.0,IMD_NORMALS_SYNTHETIC
2016-07-07,1.676,26.84,68.2,9.79,222.1,IMD_NORMALS_SYNTHETIC
2016-07-08,0.0,27.58,65.7,9.34,206.6,IMD_NORMALS_SYNTHETIC
2016-07-09,30.366,28.77,64.2,8.28,256.8,IMD_NORMALS_SYNTHETIC
2016-07-10,0.0,27.99,74.5,4.94,197.0,IMD_NORMALS_SYNTHETIC
2016-07-11,0.0,29.81,73.2,9.91,204.0,IMD_NORMALS_SYNTHETIC
2016-07-12,0.0,27.38,70.2,9.26,191.2,IMD_NORMALS_SYNTHETIC
2016-07-13,0.0,30.66,75.7,11.9,224.5,IMD_NORMALS_SYNTHETIC
2016-07-14,0.0,30.29,78.6,4.48,226.1,IMD_NORMALS_SYNTHETIC
2016-07-15,0.0,27.89,75.4,1.83,178.8,IMD_NORMALS_SYNTHETIC
2016-07-16,0.0,29.52,71.7,8.1,240.5,IMD_NORMALS_SYNTHETIC
2016-07-17,2.597,29.21,82.4,8.7,235.0,IMD_NORMALS_SYNTHETIC
2016-07-18,0.0,30.24,75.6,6.41,231.9,IMD_NORMALS_SYNTHETIC
2016-07-19,0.0,29.41,75.0,6.62,227.5,IMD_NORMALS_SYNTHETIC
2016-07-20,14.312,29.92,76.8,7.0,224.3,IMD_NORMALS_SYNTHETIC
2016-07-21,9.776,30.08,80.8,10.43,241.7,IMD_NORMALS_SYNTHETIC
2016-07-22,0.0,28.75,75.6,7.56,188.9,IMD_NORMALS_SYNTHETIC
2016-07-23,0.0,28.89,74.6,8.47,208.8,IMD_NORMALS_SYNTHETIC
2016-07-24,9.014,27.4,74.9,5.72,220.5,IMD_NORMALS_SYNTHETIC
2016-07-25,30.984,28.31,77.5,7.57,210.1,IMD_NORMALS_SYNTHETIC
2016-07-26,1.99,27.57,77.4,6.91,198.9,IMD_NORMALS_SYNTHETIC
2016-07-27,0.0,30.4,66.8,10.9,233.1,IMD_NORMALS_SYNTHETIC
2016-07-28,1.344,28.36,74.0,9.61,244.7,IMD_NORMALS_SYNTHETIC
2016-07-29,20.796,31.25,69.7,9.66,260.6,IMD_NORMALS_SYNTHETIC
2016-07-30,0.0,28.3,68.2,8.03,253.5,IMD_NORMALS_SYNTHETIC
2016-07-31,0.0,29.34,71.4,5.54,282.7,IMD_NORMALS_SYNTHETIC
2016-08-01,12.021,30.46,75.9,7.95,206.2,IMD_NORMALS_SYNTHETIC
2016-08-02,0.0,28.82,81.4,11.25,210.5,IMD_NORMALS_SYNTHETIC
2016-08-03,0.0,26.94,76.4,5.38,204.4,IMD_NORMALS_SYNTHETIC
2016-08-04,12.524,27.95,84.2,12.39,209.3,IMD_NORMALS_SYNTHETIC
2016-08-05,21.629,26.52,72.5,11.88,201.2,IMD_NORMALS_SYNTHETIC
2016-08-06,0.0,30.79,73.9,3.36,219.1,IMD_NORMALS_SYNTHETIC
2016-08-07,0.0,29.76,88.5,12.35,177.1,IMD_NORMALS_SYNTHETIC
2016-08-08,4.335,30.81,70.6,9.61,214.6,IMD_NORMALS_SYNTHETIC
2016-08-09,0.0,28.41,70.2,4.51,206.8,IMD_NORMALS_SYNTHETIC
2016-08-10,0.0,26.84,67.8,7.44,235.2,IMD_NORMALS_SYNTHETIC
2016-08-11,1.06,25.69,81.4,0.19,225.2,IMD_NORMALS_SYNTHETIC
2016-08-12,14.811,26.46,77.2,4.54,247.7,IMD_NORMALS_SYNTHETIC
2016-08-13,0.0,29.81,73.9,8.41,208.1,IMD_NORMALS_SYNTHETIC
2016-08-14,0.0,27.5,80.3,3.67,226.3,IMD_NORMALS_SYNTHETIC
2016-08-15,0.0,27.96,70.9,6.98,184.3,IMD_NORMALS_SYNTHETIC
2016-08-16,0.0,27.06,72.7,8.45,254.1,IMD_NORMALS_SYNTHETIC
2016-08-17,19.825,30.06,78.2,10.38,180.1,IMD_NORMALS_SYNTHETIC
2016-08-18,0.0,30.16,68.2,8.18,170.6,IMD_NORMALS_SYNTHETIC
2016-08-19,0.0,25.59,76.1,6.81,232.3,IMD_NORMALS_SYNTHETIC
2016-08-20,10.432,25.93,72.7,6.93,218.8,IMD_NORMALS_SYNTHETIC
2016-08-21,0.0,27.93,69.1,9.2,216.5,IMD_NORMALS_SYNTHETIC
2016-08-22,2.472,29.94,81.3,3.0,227.4,IMD_NORMALS_SYNTHETIC
2016-08-23,0.0,29.79,74.6,7.98,201.1,IMD_NORMALS_SYNTHETIC
2016-08-24,0.0,28.85,86.1,10.1,225.1,IMD_NORMALS_SYNTHETIC
2016-08-25,0.0,26.19,74.5,11.05,232.5,IMD_NORMALS_SYNTHETIC
2016-08-26,1.032,27.27,72.1,8.41,201.8,IMD_NORMALS_SYNTHETIC
2016-08-27,0.0,32.13,87.1,8.36,207.8,IMD_NORMALS_SYNTHETIC
2016-08-28,6.955,33.15,77.6,4.52,156.3,IMD_NORMALS_SYNTHETIC
2016-08-29,0.0,29.04,71.3,1.41,229.1,IMD_NORMALS_SYNTHETIC
2016-08-30,0.0,28.99,76.4,6.12,215.4,IMD_NORMALS_SYNTHETIC
2016-08-31,0.0,28.99,75.2,10.68,224.9,IMD_NORMALS_SYNTHETIC
2016-09-01,0.358,27.15,69.4,7.66,227.7,IMD_NORMALS_SYNTHETIC
2016-09-02,0.0,24.29,76.8,9.12,191.9,IMD_NORMALS_SYNTHETIC
2016-09-03,0.0,26.64,80.4,10.99,194.2,IMD_NORMALS_SYNTHETIC
2016-09-04,0.0,30.06,77.8,7.82,189.2,IMD_NORMALS_SYNTHETIC
2016-09-05,0.0,27.43,66.0,6.59,210.5,IMD_NORMALS_SYNTHETIC
2016-09-06,2.634,28.84,81.4,7.32,210.1,IMD_NORMALS_SYNTHETIC
2016-09-07,17.162,29.01,70.2,8.44,159.8,IMD_NORMALS_SYNTHETIC
2016-09-08,6.856,29.05,70.4,9.94,188.5,IMD_NORMALS_SYNTHETIC
2016-09-09,0.0,26.29,78.8,2.64,208.9,IMD_NORMALS_SYNTHETIC
2016-09-10,0.0,21.69,77.9,10.83,222.2,IMD_NORMALS_SYNTHETIC
2016-09-11,0.0,26.83,69.0,10.57,162.9,IMD_NORMALS_SYNTHETIC
2016-09-12,0.0,26.97,78.9,4.7,184.8,IMD_NORMALS_SYNTHETIC
2016-09-13,0.0,28.04,63.8,10.72,187.8,IMD_NORMALS_SYNTHETIC
2016-09-14,0.0,27.2,71.2,3.28,185.0,IMD_NORMALS_SYNTHETIC
2016-09-15,0.687,28.03,73.2,11.27,177.1,IMD_NORMALS_SYNTHETIC
2016-09-16,0.0,30.38,66.3,13.09,203.2,IMD_NORMALS_SYNTHETIC
2016-09-17,0.0,29.11,70.1,11.81,196.8,IMD_NORMALS_SYNTHETIC
2016-09-18,0.0,26.54,74.7,6.89,199.2,IMD_NORMALS_SYNTHETIC
2016-09-19,0.0,30.09,71.1,7.38,190.2,IMD_NORMALS_SYNTHETIC
2016-09-20,0.866,29.22,72.1,5.71,203.0,IMD_NORMALS_SYNTHETIC
2016-09-21,32.231,32.4,78.0,2.11,194.8,IMD_NORMALS_SYNTHETIC
2016-09-22,0.0,29.29,65.7,13.07,198.1,IMD_NORMALS_SYNTHETIC
2016-09-23,6.609,31.19,72.3,10.02,166.6,IMD_NORMALS_SYNTHETIC
2016-09-24,0.0,31.18,72.2,7.6,235.4,IMD_NORMALS_SYNTHETIC
2016-09-25,9.09,25.6,72.7,6.41,172.8,IMD_NORMALS_SYNTHETIC
2016-09-26,0.0,30.05,68.8,6.45,207.3,IMD_NORMALS_SYNTHETIC
2016-09-27,0.0,29.18,71.1,11.94,211.0,IMD_NORMALS_SYNTHETIC
2016-09-28,1.55,26.14,79.9,3.2,174.4,IMD_NORMALS_SYNTHETIC
2016-09-29,2.513,26.87,72.2,8.62,198.1,IMD_NORMALS_SYNTHETIC
2016-09-30,0.0,27.62,79.6,9.25,205.8,IMD_NORMALS_SYNTHETIC
2016-10-01,0.0,25.17,66.6,5.22,177.5,IMD_NORMALS_SYNTHETIC
2016-10-02,0.0,28.17,69.5,7.25,159.4,IMD_NORMALS_SYNTHETIC
2016-10-03,0.0,27.26,74.1,8.72,179.5,IMD_NORMALS_SYNTHETIC
2016-10-04,0.0,28.7,63.8,7.66,173.5,IMD_NORMALS_SYNTHETIC
2016-10-05,0.0,28.31,68.2,9.65,177.5,IMD_NORMALS_SYNTHETIC
2016-10-06,0.0,28.87,64.5,9.76,168.7,IMD_NORMALS_SYNTHETIC
2016-10-07,0.0,32.48,67.6,13.27,156.6,IMD_NORMALS_SYNTHETIC
2016-10-08,0.0,29.81,69.8,4.01,165.0,IMD_NORMALS_SYNTHETIC
2016-10-09,0.0,26.68,64.2,10.66,215.1,IMD_NORMALS_SYNTHETIC
2016-10-10,0.0,27.93,62.7,7.49,187.4,IMD_NORMALS_SYNTHETIC
2016-10-11,0.0,27.57,58.9,6.67,202.2,IMD_NORMALS_SYNTHETIC
2016-10-12,0.0,27.13,69.1,13.23,166.2,IMD_NORMALS_SYNTHETIC
2016-10-13,19.099,26.92,70.5,6.32,214.7,IMD_NORMALS_SYNTHETIC
2016-10-14,0.0,30.21,69.3,8.58,129.8,IMD_NORMALS_SYNTHETIC
2016-10-15,0.0,27.82,72.9,9.26,198.5,IMD_NORMALS_SYNTHETIC
2016-10-16,11.804,27.42,64.0,10.53,219.9,IMD_NORMALS_SYNTHETIC
2016-10-17,0.0,29.44,66.7,7.24,189.7,IMD_NORMALS_SYNTHETIC
2016-10-18,0.0,28.21,60.3,7.21,192.2,IMD_NORMALS_SYNTHETIC
2016-10-19,0.0,26.62,72.4,9.24,180.5,IMD_NORMALS_SYNTHETIC
2016-10-20,4.743,27.69,65.5,9.45,164.5,IMD_NORMALS_SYNTHETIC
2016-10-21,0.0,32.94,71.1,6.85,192.7,IMD_NORMALS_SYNTHETIC
2016-10-22,0.0,29.5,71.1,11.1,207.7,IMD_NORMALS_SYNTHETIC
2016-10-23,0.0,27.6,59.7,10.15,174.4,IMD_NORMALS_SYNTHETIC
2016-10-24,0.0,28.56,66.2,10.99,153.0,IMD_NORMALS_SYNTHETIC
2016-10-25,0.0,28.15,63.6,8.64,197.7,IMD_NORMALS_SYNTHETIC
2016-10-26,0.0,26.9,66.0,16.79,184.3,IMD_NORMALS_SYNTHETIC
2016-10-27,18.208,27.78,62.7,9.33,219.0,IMD_NORMALS_SYNTHETIC
2016-10-28,3.82,26.7,59.8,7.02,168.9,IMD_NORMALS_SYNTHETIC
2016-10-29,0.0,28.24,67.7,8.66,191.3,IMD_NORMALS_SYNTHETIC
2016-10-30,0.0,26.76,67.3,5.0,165.4,IMD_NORMALS_SYNTHETIC
2016-10-31,0.0,27.67,66.1,6.01,191.8,IMD_NORMALS_SYNTHETIC
2016-11-01,0.0,25.65,59.6,6.56,176.7,IMD_NORMALS_SYNTHETIC
2016-11-02,0.0,24.79,60.8,8.61,155.1,IMD_NORMALS_SYNTHETIC
2016-11-03,18.754,27.29,63.9,10.68,192.4,IMD_NORMALS_SYNTHETIC
2016-11-04,0.0,26.44,65.3,11.56,173.9,IMD_NORMALS_SYNTHETIC
2016-11-05,0.0,27.51,53.2,4.03,156.9,IMD_NORMALS_SYNTHETIC
2016-11-06,0.0,23.96,71.0,9.34,176.8,IMD_NORMALS_SYNTHETIC
2016-11-07,0.0,27.6,49.0,5.88,141.8,IMD_NORMALS_SYNTHETIC
2016-11-08,0.0,26.46,56.6,7.88,194.4,IMD_NORMALS_SYNTHETIC
2016-11-09,0.0,26.46,55.8,3.5,162.5,IMD_NORMALS_SYNTHETIC
2016-11-10,0.0,25.18,60.2,6.98,190.7,IMD_NORMALS_SYNTHETIC
2016-11-11,5.753,21.89,66.4,4.66,179.3,IMD_NORMALS_SYNTHETIC
2016-11-12,0.0,25.01,58.9,6.89,154.3,IMD_NORMALS_SYNTHETIC
2016-11-13,0.0,26.75,68.3,7.03,163.5,IMD_NORMALS_SYNTHETIC
2016-11-14,0.0,23.87,51.8,13.44,171.1,IMD_NORMALS_SYNTHETIC
2016-11-15,0.0,24.84,48.6,14.74,160.8,IMD_NORMALS_SYNTHETIC
2016-11-16,0.0,25.01,66.1,7.72,147.1,IMD_NORMALS_SYNTHETIC
2016-11-17,0.0,27.95,63.4,8.41,152.6,IMD_NORMALS_SYNTHETIC
2016-11-18,0.0,31.13,49.2,6.98,170.2,IMD_NORMALS_SYNTHETIC
2016-11-19,0.0,24.83,65.1,4.22,168.7,IMD_NORMALS_SYNTHETIC
2016-11-20,0.0,26.57,52.6,12.93,173.8,IMD_NORMALS_SYNTHETIC
2016-11-21,0.0,25.12,63.5,7.57,161.2,IMD_NORMALS_SYNTHETIC
2016-11-22,46.769,26.29,51.7,5.3,155.6,IMD_NORMALS_SYNTHETIC
2016-11-23,0.0,27.81,62.4,4.96,154.2,IMD_NORMALS_SYNTHETIC
2016-11-24,0.0,29.49,54.4,6.64,163.0,IMD_NORMALS_SYNTHETIC
2016-11-25,0.0,27.27,51.4,6.53,148.3,IMD_NORMALS_SYNTHETIC
2016-11-26,0.0,24.88,65.9,5.6,153.2,IMD_NORMALS_SYNTHETIC
2016-11-27,0.0,24.72,58.7,7.89,183.7,IMD_NORMALS_SYNTHETIC
2016-11-28,0.0,26.62,65.2,7.95,174.0,IMD_NORMALS_SYNTHETIC
2016-11-29,31.961,27.14,62.9,3.01,163.7,IMD_NORMALS_SYNTHETIC
2016-11-30,0.0,26.15,48.9,10.12,164.8,IMD_NORMALS_SYNTHETIC
2016-12-01,0.0,25.49,57.4,12.68,125.5,IMD_NORMALS_SYNTHETIC
2016-12-02,0.0,24.33,57.6,6.69,154.0,IMD_NORMALS_SYNTHETIC
2016-12-03,0.0,23.04,58.3,6.62,137.3,IMD_NORMALS_SYNTHETIC
2016-12-04,0.0,22.97,56.7,11.37,140.4,IMD_NORMALS_SYNTHETIC
2016-12-05,0.0,24.53,64.1,8.96,135.8,IMD_NORMALS_SYNTHETIC
2016-12-06,0.0,22.42,57.0,4.48,133.5,IMD_NORMALS_SYNTHETIC
2016-12-07,0.0,23.7,46.1,7.0,148.6,IMD_NORMALS_SYNTHETIC
2016-12-08,0.0,24.58,55.4,8.18,123.2,IMD_NORMALS_SYNTHETIC
2016-12-09,0.0,27.21,61.7,10.45,152.9,IMD_NORMALS_SYNTHETIC
2016-12-10,0.0,26.03,61.6,7.88,167.1,IMD_NORMALS_SYNTHETIC
2016-12-11,0.0,22.77,57.5,12.76,143.8,IMD_NORMALS_SYNTHETIC
2016-12-12,0.0,24.7,57.4,9.14,158.1,IMD_NORMALS_SYNTHETIC
2016-12-13,0.0,24.7,52.4,7.66,161.4,IMD_NORMALS_SYNTHETIC
2016-12-14,0.0,26.96,55.7,6.75,136.8,IMD_NORMALS_SYNTHETIC
2016-12-15,0.0,21.4,55.0,9.52,137.2,IMD_NORMALS_SYNTHETIC
2016-12-16,0.0,21.71,61.2,3.23,150.7,IMD_NORMALS_SYNTHETIC
2016-12-17,0.0,24.6,47.1,9.26,180.9,IMD_NORMALS_SYNTHETIC
2016-12-18,0.0,22.99,54.3,11.0,139.6,IMD_NORMALS_SYNTHETIC
2016-12-19,0.0,26.6,57.3,17.15,114.6,IMD_NORMALS_SYNTHETIC
2016-12-20,0.0,25.07,58.5,10.23,158.3,IMD_NORMALS_SYNTHETIC
2016-12-21,0.0,25.72,62.9,10.45,145.5,IMD_NORMALS_SYNTHETIC
2016-12-22,0.0,25.09,60.1,10.18,149.2,IMD_NORMALS_SYNTHETIC
2016-12-23,0.0,26.32,54.8,9.63,116.3,IMD_NORMALS_SYNTHETIC
2016-12-24,0.0,25.24,47.4,3.92,151.1,IMD_NORMALS_SYNTHETIC
2016-12-25,0.0,26.21,49.1,6.48,158.1,IMD_NORMALS_SYNTHETIC
2016-12-26,0.0,25.67,46.1,9.19,167.9,IMD_NORMALS_SYNTHETIC
2016-12-27,0.0,25.66,48.2,6.89,163.0,IMD_NORMALS_SYNTHETIC
2016-12-28,0.0,25.88,55.9,6.7,174.7,IMD_NORMALS_SYNTHETIC
2016-12-29,0.0,23.51,55.7,14.99,189.8,IMD_NORMALS_SYNTHETIC
2016-12-30,0.0,24.87,51.4,5.19,150.6,IMD_NORMALS_SYNTHETIC
2016-12-31,0.0,26.62,56.7,8.66,159.3,IMD_NORMALS_SYNTHETIC
2017-01-01,0.0,20.77,58.9,8.93,187.3,IMD_NORMALS_SYNTHETIC
2017-01-02,0.0,26.6,57.8,9.42,188.3,IMD_NORMALS_SYNTHETIC
2017-01-03,0.0,23.32,52.5,7.28,164.8,IMD_NORMALS_SYNTHETIC
2017-01-04,0.0,24.36,51.4,9.05,153.6,IMD_NORMALS_SYNTHETIC
2017-01-05,0.0,22.85,36.2,9.44,155.4,IMD_NORMALS_SYNTHETIC
2017-01-06,0.0,25.01,47.6,9.98,164.8,IMD_NORMALS_SYNTHETIC
2017-01-07,0.0,26.78,50.6,10.54,119.0,IMD_NORMALS_SYNTHETIC
2017-01-08,0.0,21.51,55.4,10.25,163.2,IMD_NORMALS_SYNTHETIC
2017-01-09,0.0,21.07,55.1,8.79,160.4,IMD_NORMALS_SYNTHETIC
2017-01-10,0.0,26.25,50.3,9.65,142.1,IMD_NORMALS_SYNTHETIC
2017-01-11,0.0,26.54,51.8,7.7,177.2,IMD_NORMALS_SYNTHETIC
2017-01-12,0.0,25.83,58.8,13.88,152.5,IMD_NORMALS_SYNTHETIC
2017-01-13,0.0,25.99,53.8,3.77,139.1,IMD_NORMALS_SYNTHETIC
2017-01-14,0.0,24.41,54.0,7.64,125.3,IMD_NORMALS_SYNTHETIC
2017-01-15,0.0,24.41,48.3,11.86,144.3,IMD_NORMALS_SYNTHETIC
2017-01-16,0.0,26.1,54.6,11.37,172.5,IMD_NORMALS_SYNTHETIC
2017-01-17,0.0,25.26,57.9,7.4,154.5,IMD_NORMALS_SYNTHETIC
2017-01-18,0.0,22.52,51.6,3.79,135.4,IMD_NORMALS_SYNTHETIC
2017-01-19,0.0,26.62,48.5,4.41,154.2,IMD_NORMALS_SYNTHETIC
2017-01-20,0.0,22.39,47.2,12.29,192.7,IMD_NORMALS_SYNTHETIC
2017-01-21,4.697,22.64,58.3,0.41,137.8,IMD_NORMALS_SYNTHETIC
2017-01-22,0.0,22.65,62.7,11.35,158.2,IMD_NORMALS_SYNTHETIC
2017-01-23,0.0,24.9,50.0,11.53,144.4,IMD_NORMALS_SYNTHETIC
2017-01-24,0.0,24.76,53.6,9.61,156.7,IMD_NORMALS_SYNTHETIC
2017-01-25,0.0,24.56,62.2,5.59,197.3,IMD_NORMALS_SYNTHETIC
2017-01-26,0.0,23.41,57.7,3.75,170.2,IMD_NORMALS_SYNTHETIC
2017-01-27,0.0,26.17,58.0,3.68,164.3,IMD_NORMALS_SYNTHETIC
2017-01-28,0.0,22.65,42.0,4.66,173.3,IMD_NORMALS_SYNTHETIC
2017-01-29,0.0,25.59,42.9,2.91,151.9,IMD_NORMALS_SYNTHETIC
2017-01-30,0.0,27.82,43.0,3.69,159.8,IMD_NORMALS_SYNTHETIC
2017-01-31,0.0,26.34,49.1,6.25,195.1,IMD_NORMALS_SYNTHETIC
2017-02-01,0.0,24.49,39.9,11.31,164.6,IMD_NORMALS_SYNTHETIC
2017-02-02,0.0,24.75,38.0,13.66,188.2,IMD_NORMALS_SYNTHETIC
2017-02-03,0.0,27.37,46.5,9.14,213.0,IMD_NORMALS_SYNTHETIC
2017-02-04,0.0,28.78,45.1,3.8,180.2,IMD_NORMALS_SYNTHETIC
2017-02-05,0.0,28.23,39.5,7.65,173.9,IMD_NORMALS_SYNTHETIC
2017-02-06,0.0,24.07,49.0,7.48,207.7,IMD_NORMALS_SYNTHETIC
2017-02-07,0.0,26.03,41.1,13.89,168.0,IMD_NORMALS_SYNTHETIC
2017-02-08,0.0,25.56,52.2,8.09,226.8,IMD_NORMALS_SYNTHETIC
2017-02-09,0.0,27.36,39.3,9.26,173.1,IMD_NORMALS_SYNTHETIC
2017-02-10,0.0,27.92,36.9,9.47,163.1,IMD_NORMALS_SYNTHETIC
2017-02-11,0.0,27.85,49.7,8.78,162.9,IMD_NORMALS_SYNTHETIC
2017-02-12,0.0,27.08,44.6,6.91,175.1,IMD_NORMALS_SYNTHETIC
2017-02-13,0.0,25.23,57.0,1.17,191.7,IMD_NORMALS_SYNTHETIC
2017-02-14,0.0,25.9,42.3,8.54,174.7,IMD_NORMALS_SYNTHETIC
2017-02-15,0.0,29.89,50.6,6.62,156.0,IMD_NORMALS_SYNTHETIC
2017-02-16,0.0,26.85,48.7,6.44,170.7,IMD_NORMALS_SYNTHETIC
2017-02-17,0.0,30.39,46.5,6.17,163.4,IMD_NORMALS_SYNTHETIC
2017-02-18,0.0,25.92,47.5,4.31,158.0,IMD_NORMALS_SYNTHETIC
2017-02-19,0.0,24.25,38.4,8.78,186.5,IMD_NORMALS_SYNTHETIC
2017-02-20,0.0,23.14,45.1,10.27,206.6,IMD_NORMALS_SYNTHETIC
2017-02-21,0.0,29.33,39.9,6.17,178.2,IMD_NORMALS_SYNTHETIC
2017-02-22,0.0,31.59,54.9,7.48,199.9,IMD_NORMALS_SYNTHETIC
2017-02-23,0.0,29.45,45.4,7.32,213.8,IMD_NORMALS_SYNTHETIC
2017-02-24,0.0,26.9,48.6,4.39,141.6,IMD_NORMALS_SYNTHETIC
2017-02-25,0.0,27.08,38.4,12.6,169.8,IMD_NORMALS_SYNTHETIC
2017-02-26,0.0,26.74,46.7,9.35,226.1,IMD_NORMALS_SYNTHETIC
2017-02-27,0.0,27.11,42.6,8.18,192.9,IMD_NORMALS_SYNTHETIC
2017-02-28,0.0,26.03,50.7,6.7,196.2,IMD_NORMALS_SYNTHETIC
2017-03-01,0.0,32.89,42.5,6.58,202.5,IMD_NORMALS_SYNTHETIC
2017-03-02,0.0,32.27,41.6,4.41,216.3,IMD_NORMALS_SYNTHETIC
2017-03-03,0.0,29.96,35.4,8.27,199.7,IMD_NORMALS_SYNTHETIC
2017-03-04,0.0,27.76,37.9,7.74,194.7,IMD_NORMALS_SYNTHETIC
2017-03-05,0.0,31.0,34.3,5.74,177.4,IMD_NORMALS_SYNTHETIC
2017-03-06,0.0,30.85,34.8,10.81,197.9,IMD_NORMALS_SYNTHETIC
2017-03-07,31.948,33.31,40.9,9.35,206.6,IMD_NORMALS_SYNTHETIC
2017-03-08,0.0,31.39,32.5,8.73,177.9,IMD_NORMALS_SYNTHETIC
2017-03-09,0.0,29.34,38.1,8.97,187.7,IMD_NORMALS_SYNTHETIC
2017-03-10,0.0,31.0,35.8,7.68,197.2,IMD_NORMALS_SYNTHETIC
2017-03-11,0.0,29.27,40.7,8.38,200.4,IMD_NORMALS_SYNTHETIC
2017-03-12,0.0,30.81,34.5,9.09,210.0,IMD_NORMALS_SYNTHETIC
2017-03-13,0.0,28.21,36.1,11.06,228.7,IMD_NORMALS_SYNTHETIC
2017-03-14,0.0,31.77,38.0,11.86,192.9,IMD_NORMALS_SYNTHETIC
2017-03-15,0.0,30.1,37.2,6.51,214.3,IMD_NORMALS_SYNTHETIC
2017-03-16,0.0,33.25,39.7,10.04,202.5,IMD_NORMALS_SYNTHETIC
2017-03-17,0.0,29.16,31.6,8.86,239.9,IMD_NORMALS_SYNTHETIC
2017-03-18,0.0,33.77,40.1,10.59,189.0,IMD_NORMALS_SYNTHETIC
2017-03-19,0.0,31.48,41.7,10.73,186.9,IMD_NORMALS_SYNTHETIC
2017-03-20,0.0,30.55,35.6,10.67,198.0,IMD_NORMALS_SYNTHETIC
2017-03-21,0.0,31.86,38.4,3.2,213.0,IMD_NORMALS_SYNTHETIC
2017-03-22,0.0,30.65,35.0,6.14,227.8,IMD_NORMALS_SYNTHETIC
2017-03-23,0.0,30.28,24.2,7.63,184.2,IMD_NORMALS_SYNTHETIC
2017-03-24,0.0,32.6,38.4,6.03,192.5,IMD_NORMALS_SYNTHETIC
2017-03-25,0.0,29.76,30.8,10.59,188.5,IMD_NORMALS_SYNTHETIC
2017-03-26,0.0,31.24,45.4,4.08,218.8,IMD_NORMALS_SYNTHETIC
2017-03-27,0.0,31.3,39.8,5.79,217.1,IMD_NORMALS_SYNTHETIC
2017-03-28,16.665,28.69,39.5,6.04,213.4,IMD_NORMALS_SYNTHETIC
2017-03-29,16.316,32.48,34.9,7.04,224.6,IMD_NORMALS_SYNTHETIC
2017-03-30,0.0,33.03,32.7,5.8,188.5,IMD_NORMALS_SYNTHETIC
2017-03-31,0.0,27.85,46.4,5.61,213.2,IMD_NORMALS_SYNTHETIC
2017-04-01,0.0,37.15,32.2,8.11,210.6,IMD_NORMALS_SYNTHETIC
2017-04-02,0.0,34.01,35.8,6.41,229.0,IMD_NORMALS_SYNTHETIC
2017-04-03,0.0,32.89,43.7,5.2,219.1,IMD_NORMALS_SYNTHETIC
2017-04-04,0.0,34.03,43.5,1.32,186.5,IMD_NORMALS_SYNTHETIC
2017-04-05,0.0,36.13,33.1,10.37,192.9,IMD_NORMALS_SYNTHETIC
2017-04-06,7.437,34.2,33.3,8.94,212.8,IMD_NORMALS_SYNTHETIC
2017-04-07,0.0,36.6,46.1,7.42,215.9,IMD_NORMALS_SYNTHETIC
2017-04-08,0.0,33.93,39.7,8.37,182.5,IMD_NORMALS_SYNTHETIC
2017-04-09,0.0,34.56,38.0,8.76,219.0,IMD_NORMALS_SYNTHETIC
2017-04-10,0.0,34.36,35.1,4.86,233.4,IMD_NORMALS_SYNTHETIC
2017-04-11,0.0,35.7,33.2,15.2,219.5,IMD_NORMALS_SYNTHETIC
2017-04-12,0.0,34.13,44.8,8.52,192.9,IMD_NORMALS_SYNTHETIC
2017-04-13,0.0,37.32,39.1,3.08,190.5,IMD_NORMALS_SYNTHETIC
2017-04-14,0.0,33.85,37.9,8.07,217.4,IMD_NORMALS_SYNTHETIC
2017-04-15,0.0,32.76,32.6,7.37,193.3,IMD_NORMALS_SYNTHETIC
2017-04-16,0.0,32.55,37.3,12.71,215.1,IMD_NORMALS_SYNTHETIC
2017-04-17,14.506,34.52,34.8,3.85,190.9,IMD_NORMALS_SYNTHETIC
2017-04-18,0.0,35.08,29.4,12.94,182.6,IMD_NORMALS_SYNTHETIC
2017-04-19,0.0,34.4,41.5,9.1,214.7,IMD_NORMALS_SYNTHETIC
2017-04-20,3.369,38.08,27.0,2.95,162.1,IMD_NORMALS_SYNTHETIC
2017-04-21,0.0,29.03,38.8,10.81,200.5,IMD_NORMALS_SYNTHETIC
2017-04-22,0.0,34.41,34.2,8.89,214.1,IMD_NORMALS_SYNTHETIC
2017-04-23,0.0,34.37,26.7,11.71,209.1,IMD_NORMALS_SYNTHETIC
2017-04-24,0.0,30.88,38.9,5.54,226.5,IMD_NORMALS_SYNTHETIC
2017-04-25,0.0,35.3,37.2,9.45,229.3,IMD_NORMALS_SYNTHETIC
2017-04-26,0.0,34.34,37.8,9.19,182.4,IMD_NORMALS_SYNTHETIC
2017-04-27,0.0,37.93,33.5,5.26,165.7,IMD_NORMALS_SYNTHETIC
2017-04-28,0.0,35.27,33.5,9.77,238.3,IMD_NORMALS_SYNTHETIC
2017-04-29,0.0,33.2,38.0,3.2,189.2,IMD_NORMALS_SYNTHETIC
2017-04-30,0.0,34.05,46.4,10.66,220.1,IMD_NORMALS_SYNTHETIC
2017-05-01,0.0,36.65,45.6,9.5,215.2,IMD_NORMALS_SYNTHETIC
2017-05-02,0.0,35.79,47.2,8.29,228.6,IMD_NORMALS_SYNTHETIC
2017-05-03,20.054,33.91,47.5,9.12,275.9,IMD_NORMALS_SYNTHETIC
2017-05-04,0.0,36.34,45.3,8.41,249.3,IMD_NORMALS_SYNTHETIC
2017-05-05,0.0,36.32,37.5,4.5,216.1,IMD_NORMALS_SYNTHETIC
2017-05-06,0.0,36.38,48.0,6.36,212.4,IMD_NORMALS_SYNTHETIC
2017-05-07,0.0,34.97,38.6,10.94,235.8,IMD_NORMALS_SYNTHETIC
2017-05-08,0.0,37.69,42.5,4.61,229.7,IMD_NORMALS_SYNTHETIC
2017-05-09,0.0,36.51,34.3,3.26,235.0,IMD_NORMALS_SYNTHETIC
2017-05-10,0.0,32.75,40.4,9.75,233.6,IMD_NORMALS_SYNTHETIC
2017-05-11,2.964,37.41,50.1,9.75,154.0,IMD_NORMALS_SYNTHETIC
2017-05-12,0.0,36.93,55.2,11.26,247.1,IMD_NORMALS_SYNTHETIC
2017-05-13,0.0,33.24,43.7,6.66,238.0,IMD_NORMALS_SYNTHETIC
2017-05-14,0.0,33.82,41.2,5.57,194.2,IMD_NORMALS_SYNTHETIC
2017-05-15,0.0,35.78,49.3,6.42,216.3,IMD_NORMALS_SYNTHETIC
2017-05-16,0.0,34.97,35.9,9.93,239.4,IMD_NORMALS_SYNTHETIC
2017-05-17,0.0,35.18,43.7,8.55,242.7,IMD_NORMALS_SYNTHETIC
2017-05-18,0.0,35.48,40.1,10.06,224.5,IMD_NORMALS_SYNTHETIC
2017-05-19,0.0,34.91,47.2,11.57,224.1,IMD_NORMALS_SYNTHETIC
2017-05-20,0.0,35.22,30.7,6.98,243.7,IMD_NORMALS_SYNTHETIC
2017-05-21,0.0,36.93,43.5,7.69,255.8,IMD_NORMALS_SYNTHETIC
2017-05-22,0.0,35.63,45.7,11.46,192.5,IMD_NORMALS_SYNTHETIC
2017-05-23,0.0,34.49,51.5,0.27,223.8,IMD_NORMALS_SYNTHETIC
2017-05-24,0.0,34.04,40.6,9.11,211.9,IMD_NORMALS_SYNTHETIC
2017-05-25,1.939,33.48,42.6,5.43,258.6,IMD_NORMALS_SYNTHETIC
2017-05-26,0.0,38.16,44.6,10.85,248.5,IMD_NORMALS_SYNTHETIC
2017-05-27,0.0,34.58,44.8,4.93,223.1,IMD_NORMALS_SYNTHETIC
2017-05-28,0.0,35.43,43.1,10.57,198.1,IMD_NORMALS_SYNTHETIC
2017-05-29,0.0,33.93,45.3,3.83,216.5,IMD_NORMALS_SYNTHETIC
2017-05-30,8.067,33.21,39.9,10.09,252.5,IMD_NORMALS_SYNTHETIC
2017-05-31,0.0,35.07,42.3,8.44,242.7,IMD_NORMALS_SYNTHETIC
2017-06-01,0.0,32.07,61.7,8.69,227.4,IMD_NORMALS_SYNTHETIC
2017-06-02,0.0,32.17,62.4,10.46,214.5,IMD_NORMALS_SYNTHETIC
2017-06-03,6.63,33.45,61.1,9.05,235.2,IMD_NORMALS_SYNTHETIC
2017-06-04,0.0,30.82,62.6,8.9,233.8,IMD_NORMALS_SYNTHETIC
2017-06-05,7.269,33.64,62.5,6.12,255.2,IMD_NORMALS_SYNTHETIC
2017-06-06,0.0,32.72,49.9,10.65,259.9,IMD_NORMALS_SYNTHETIC
2017-06-07,0.0,32.55,63.1,8.91,253.0,IMD_NORMALS_SYNTHETIC
2017-06-08,0.0,29.49,67.2,6.46,232.8,IMD_NORMALS_SYNTHETIC
2017-06-09,0.0,30.5,62.4,8.45,240.3,IMD_NORMALS_SYNTHETIC
2017-06-10,7.302,33.0,62.2,11.25,260.9,IMD_NORMALS_SYNTHETIC
2017-06-11,0.0,31.87,67.9,8.69,242.2,IMD_NORMALS_SYNTHETIC
2017-06-12,0.0,33.99,63.4,7.43,186.3,IMD_NORMALS_SYNTHETIC
2017-06-13,0.0,33.39,66.0,9.55,247.2,IMD_NORMALS_SYNTHETIC
2017-06-14,0.0,32.85,57.9,9.03,267.6,IMD_NORMALS_SYNTHETIC
2017-06-15,0.0,30.2,62.5,4.98,244.9,IMD_NORMALS_SYNTHETIC
2017-06-16,0.0,31.18,66.8,3.27,223.7,IMD_NORMALS_SYNTHETIC
2017-06-17,0.0,31.33,68.2,7.74,206.3,IMD_NORMALS_SYNTHETIC
2017-06-18,0.0,33.05,62.6,8.44,244.3,IMD_NORMALS_SYNTHETIC
2017-06-19,7.318,28.63,55.8,11.18,273.3,IMD_NORMALS_SYNTHETIC
2017-06-20,0.0,28.07,62.9,9.87,219.8,IMD_NORMALS_SYNTHETIC
2017-06-21,0.0,31.91,68.6,11.4,277.1,IMD_NORMALS_SYNTHETIC
2017-06-22,0.0,26.91,59.0,3.0,240.3,IMD_NORMALS_SYNTHETIC
2017-06-23,0.0,37.3,67.0,9.65,210.3,IMD_NORMALS_SYNTHETIC
2017-06-24,0.0,30.95,66.1,8.09,264.1,IMD_NORMALS_SYNTHETIC
2017-06-25,0.0,30.96,54.0,9.61,238.0,IMD_NORMALS_SYNTHETIC
2017-06-26,0.0,33.59,66.9,7.05,247.3,IMD_NORMALS_SYNTHETIC
2017-06-27,0.0,29.97,59.8,7.55,239.3,IMD_NORMALS_SYNTHETIC
2017-06-28,0.0,34.75,64.8,8.47,257.3,IMD_NORMALS_SYNTHETIC
2017-06-29,0.0,30.18,65.8,4.43,241.8,IMD_NORMALS_SYNTHETIC
2017-06-30,0.0,30.39,65.3,8.82,193.0,IMD_NORMALS_SYNTHETIC
2017-07-01,0.0,29.48,73.0,10.56,254.8,IMD_NORMALS_SYNTHETIC
2017-07-02,0.0,27.11,73.2,7.25,246.4,IMD_NORMALS_SYNTHETIC
2017-07-03,1.722,33.58,68.3,7.66,221.4,IMD_NORMALS_SYNTHETIC
2017-07-04,0.0,30.79,67.2,3.9,231.8,IMD_NORMALS_SYNTHETIC
2017-07-05,0.0,29.19,66.3,9.49,258.5,IMD_NORMALS_SYNTHETIC
2017-07-06,0.0,29.38,73.8,7.01,195.7,IMD_NORMALS_SYNTHETIC
2017-07-07,0.0,34.16,77.5,9.46,236.3,IMD_NORMALS_SYNTHETIC
2017-07-08,0.0,28.75,82.4,8.09,248.5,IMD_NORMALS_SYNTHETIC
2017-07-09,17.552,30.45,74.4,4.65,222.0,IMD_NORMALS_SYNTHETIC
2017-07-10,4.627,24.88,79.4,7.88,245.8,IMD_NORMALS_SYNTHETIC
2017-07-11,0.0,26.93,71.5,9.41,208.8,IMD_NORMALS_SYNTHETIC
2017-07-12,0.0,28.53,73.5,4.94,220.7,IMD_NORMALS_SYNTHETIC
2017-07-13,0.0,30.27,76.3,5.29,215.6,IMD_NORMALS_SYNTHETIC
2017-07-14,0.0,28.79,70.5,7.86,241.1,IMD_NORMALS_SYNTHETIC
2017-07-15,0.0,30.03,77.7,9.02,217.0,IMD_NORMALS_SYNTHETIC
2017-07-16,0.0,26.0,77.3,5.81,235.8,IMD_NORMALS_SYNTHETIC
2017-07-17,0.0,30.97,77.3,11.12,235.6,IMD_NORMALS_SYNTHETIC
2017-07-18,9.151,30.46,67.6,11.9,220.6,IMD_NORMALS_SYNTHETIC
2017-07-19,0.0,29.95,70.0,11.51,239.5,IMD_NORMALS_SYNTHETIC
2017-07-20,5.828,30.52,68.0,9.22,229.2,IMD_NORMALS_SYNTHETIC
2017-07-21,0.0,29.5,69.3,2.51,204.6,IMD_NORMALS_SYNTHETIC
2017-07-22,6.215,28.97,71.9,3.45,216.3,IMD_NORMALS_SYNTHETIC
2017-07-23,25.616,27.07,65.8,10.65,218.8,IMD_NORMALS_SYNTHETIC
2017-07-24,14.036,31.33,79.2,7.38,236.2,IMD_NORMALS_SYNTHETIC
2017-07-25,15.417,28.6,76.4,10.49,246.7,IMD_NORMALS_SYNTHETIC
2017-07-26,0.0,28.93,75.7,8.37,245.0,IMD_NORMALS_SYNTHETIC
2017-07-27,0.0,28.04,61.9,7.3,236.4,IMD_NORMALS_SYNTHETIC
2017-07-28,0.0,30.23,67.4,3.78,221.6,IMD_NORMALS_SYNTHETIC
2017-07-29,0.0,31.01,65.3,10.53,231.4,IMD_NORMALS_SYNTHETIC
2017-07-30,0.0,30.12,80.6,13.32,188.7,IMD_NORMALS_SYNTHETIC
2017-07-31,0.0,28.21,72.4,4.08,211.5,IMD_NORMALS_SYNTHETIC
2017-08-01,0.0,28.52,73.3,10.51,193.3,IMD_NORMALS_SYNTHETIC
2017-08-02,7.378,30.65,78.6,5.52,198.5,IMD_NORMALS_SYNTHETIC
2017-08-03,0.0,30.26,76.3,9.01,192.0,IMD_NORMALS_SYNTHETIC
2017-08-04,0.0,27.99,72.0,11.27,189.1,IMD_NORMALS_SYNTHETIC
2017-08-05,70.123,27.9,74.3,7.99,215.4,IMD_NORMALS_SYNTHETIC
2017-08-06,0.0,27.97,68.8,6.83,199.7,IMD_NORMALS_SYNTHETIC
2017-08-07,21.487,28.2,74.3,13.11,219.0,IMD_NORMALS_SYNTHETIC
2017-08-08,0.0,26.6,77.0,11.92,214.3,IMD_NORMALS_SYNTHETIC
2017-08-09,0.0,30.73,82.4,9.61,214.1,IMD_NORMALS_SYNTHETIC
2017-08-10,0.0,28.67,73.0,4.79,255.2,IMD_NORMALS_SYNTHETIC
2017-08-11,0.0,30.24,72.2,6.07,214.1,IMD_NORMALS_SYNTHETIC
2017-08-12,0.0,27.91,69.3,2.99,253.0,IMD_NORMALS_SYNTHETIC
2017-08-13,0.0,26.71,82.8,9.86,217.2,IMD_NORMALS_SYNTHETIC
2017-08-14,0.0,28.75,76.8,10.59,229.9,IMD_NORMALS_SYNTHETIC
2017-08-15,19.828,26.1,81.3,9.72,208.7,IMD_NORMALS_SYNTHETIC
2017-08-16,0.0,27.9,74.1,12.52,203.3,IMD_NORMALS_SYNTHETIC
2017-08-17,0.0,26.45,73.5,10.88,196.6,IMD_NORMALS_SYNTHETIC
2017-08-18,6.793,27.71,71.7,7.87,203.2,IMD_NORMALS_SYNTHETIC
2017-08-19,0.0,29.92,85.9,9.05,225.2,IMD_NORMALS_SYNTHETIC
2017-08-20,12.278,29.38,76.5,8.4,214.8,IMD_NORMALS_SYNTHETIC
2017-08-21,11.566,28.62,67.7,11.66,216.4,IMD_NORMALS_SYNTHETIC
2017-08-22,0.0,29.41,74.8,8.75,189.8,IMD_NORMALS_SYNTHETIC
2017-08-23,20.514,29.12,73.9,4.94,222.6,IMD_NORMALS_SYNTHETIC
2017-08-24,1.27,28.21,76.5,4.71,181.9,IMD_NORMALS_SYNTHETIC
2017-08-25,0.0,28.23,85.8,3.75,240.2,IMD_NORMALS_SYNTHETIC
2017-08-26,0.0,29.48,75.1,5.88,233.3,IMD_NORMALS_SYNTHETIC
2017-08-27,0.55,29.31,77.0,8.34,196.1,IMD_NORMALS_SYNTHETIC
2017-08-28,0.0,27.07,74.4,15.21,198.9,IMD_NORMALS_SYNTHETIC
2017-08-29,6.267,26.35,79.3,1.28,215.6,IMD_NORMALS_SYNTHETIC
2017-08-30,8.038,27.94,74.9,7.11,226.6,IMD_NORMALS_SYNTHETIC
2017-08-31,0.36,31.61,74.4,8.43,253.1,IMD_NORMALS_SYNTHETIC
2017-09-01,2.95,29.48,69.4,9.27,166.2,IMD_NORMALS_SYNTHETIC
2017-09-02,0.0,30.75,77.2,7.83,185.2,IMD_NORMALS_SYNTHETIC
2017-09-03,0.0,28.56,79.8,12.51,173.4,IMD_NORMALS_SYNTHETIC
2017-09-04,0.0,33.15,73.3,9.58,187.6,IMD_NORMALS_SYNTHETIC
2017-09-05,34.598,31.74,71.0,12.26,186.7,IMD_NORMALS_SYNTHETIC
2017-09-06,42.399,29.94,65.4,10.76,182.7,IMD_NORMALS_SYNTHETIC
2017-09-07,0.0,28.64,74.3,0.9,194.2,IMD_NORMALS_SYNTHETIC
2017-09-08,0.0,26.89,69.4,11.12,186.6,IMD_NORMALS_SYNTHETIC
2017-09-09,1.65,26.13,77.4,6.32,198.1,IMD_NORMALS_SYNTHETIC
2017-09-10,16.741,29.15,69.6,9.85,162.6,IMD_NORMALS_SYNTHETIC
2017-09-11,5.158,26.25,79.1,0.93,181.2,IMD_NORMALS_SYNTHETIC
2017-09-12,4.317,28.93,84.8,10.85,173.6,IMD_NORMALS_SYNTHETIC
2017-09-13,0.0,28.83,69.6,5.55,196.9,IMD_NORMALS_SYNTHETIC
2017-09-14,0.0,28.06,76.3,5.5,189.8,IMD_NORMALS_SYNTHETIC
2017-09-15,0.0,28.8,73.2,9.3,210.2,IMD_NORMALS_SYNTHETIC
2017-09-16,0.0,27.04,75.0,11.7,191.4,IMD_NORMALS_SYNTHETIC
2017-09-17,0.0,29.57,81.7,4.26,220.5,IMD_NORMALS_SYNTHETIC
2017-09-18,0.0,28.92,72.6,5.53,193.5,IMD_NORMALS_SYNTHETIC
2017-09-19,0.0,27.07,67.1,7.46,173.5,IMD_NORMALS_SYNTHETIC
2017-09-20,0.0,31.05,77.7,7.41,222.9,IMD_NORMALS_SYNTHETIC
2017-09-21,31.138,28.36,71.6,8.06,209.6,IMD_NORMALS_SYNTHETIC
2017-09-22,0.0,25.53,66.3,5.26,199.3,IMD_NORMALS_SYNTHETIC
2017-09-23,28.158,28.95,79.6,5.95,177.7,IMD_NORMALS_SYNTHETIC
2017-09-24,0.0,27.92,73.0,3.87,193.3,IMD_NORMALS_SYNTHETIC
2017-09-25,0.0,29.5,68.9,8.47,190.7,IMD_NORMALS_SYNTHETIC
2017-09-26,0.0,29.4,65.2,15.0,178.5,IMD_NORMALS_SYNTHETIC
2017-09-27,0.0,30.62,70.9,5.87,194.7,IMD_NORMALS_SYNTHETIC
2017-09-28,0.0,26.87,59.5,5.13,181.0,IMD_NORMALS_SYNTHETIC
2017-09-29,7.32,28.12,66.2,9.14,208.5,IMD_NORMALS_SYNTHETIC
2017-09-30,6.12,30.04,71.3,12.53,223.5,IMD_NORMALS_SYNTHETIC
2017-10-01,0.0,27.85,64.3,8.12,249.5,IMD_NORMALS_SYNTHETIC
2017-10-02,0.0,27.7,69.5,8.14,196.5,IMD_NORMALS_SYNTHETIC
2017-10-03,0.0,26.86,68.6,6.9,146.6,IMD_NORMALS_SYNTHETIC
2017-10-04,0.0,27.25,73.6,1.36,177.5,IMD_NORMALS_SYNTHETIC
2017-10-05,0.0,28.34,72.7,15.9,188.7,IMD_NORMALS_SYNTHETIC
2017-10-06,0.0,26.29,57.0,11.83,209.4,IMD_NORMALS_SYNTHETIC
2017-10-07,0.0,29.77,70.0,8.74,193.1,IMD_NORMALS_SYNTHETIC
2017-10-08,0.0,28.21,60.6,5.86,181.4,IMD_NORMALS_SYNTHETIC
2017-10-09,0.0,29.99,69.9,10.51,189.9,IMD_NORMALS_SYNTHETIC
2017-10-10,0.0,29.01,66.5,12.71,206.5,IMD_NORMALS_SYNTHETIC
2017-10-11,3.095,27.39,58.5,10.22,193.9,IMD_NORMALS_SYNTHETIC
2017-10-12,0.0,25.91,58.1,8.45,184.1,IMD_NORMALS_SYNTHETIC
2017-10-13,0.0,32.71,70.9,4.19,135.4,IMD_NORMALS_SYNTHETIC
2017-10-14,0.0,33.17,70.1,11.86,197.2,IMD_NORMALS_SYNTHETIC
2017-10-15,46.017,26.65,72.5,6.07,179.8,IMD_NORMALS_SYNTHETIC
2017-10-16,0.0,28.89,63.5,5.7,189.5,IMD_NORMALS_SYNTHETIC
2017-10-17,0.0,24.13,59.7,6.72,186.0,IMD_NORMALS_SYNTHETIC
2017-10-18,0.0,27.22,64.0,13.13,171.1,IMD_NORMALS_SYNTHETIC
2017-10-19,0.0,28.99,77.9,8.17,180.7,IMD_NORMALS_SYNTHETIC
2017-10-20,0.0,27.43,58.0,5.6,203.1,IMD_NORMALS_SYNTHETIC
2017-10-21,8.803,25.48,71.6,7.25,198.0,IMD_NORMALS_SYNTHETIC
2017-10-22,0.0,31.39,65.2,11.85,162.5,IMD_NORMALS_SYNTHETIC
2017-10-23,0.0,29.39,66.2,8.8,170.9,IMD_NORMALS_SYNTHETIC
2017-10-24,0.0,29.46,76.1,8.46,190.7,IMD_NORMALS_SYNTHETIC
2017-10-25,0.0,25.3,74.0,10.25,172.3,IMD_NORMALS_SYNTHETIC
2017-10-26,33.127,30.89,56.2,8.01,195.1,IMD_NORMALS_SYNTHETIC
2017-10-27,0.0,26.26,62.3,7.87,179.2,IMD_NORMALS_SYNTHETIC
2017-10-28,0.0,28.14,63.0,4.85,199.4,IMD_NORMALS_SYNTHETIC
2017-10-29,9.125,28.52,59.2,4.55,129.8,IMD_NORMALS_SYNTHETIC
2017-10-30,0.0,25.88,60.2,2.12,194.1,IMD_NORMALS_SYNTHETIC
2017-10-31,0.0,25.9,73.9,15.0,171.8,IMD_NORMALS_SYNTHETIC
2017-11-01,0.0,29.05,58.5,4.95,156.4,IMD_NORMALS_SYNTHETIC
2017-11-02,0.0,24.64,55.3,4.53,138.6,IMD_NORMALS_SYNTHETIC
2017-11-03,0.0,27.41,57.2,4.86,192.9,IMD_NORMALS_SYNTHETIC
2017-11-04,0.0,26.49,53.5,6.85,171.5,IMD_NORMALS_SYNTHETIC
2017-11-05,0.0,25.76,53.0,8.88,135.4,IMD_NORMALS_SYNTHETIC
2017-11-06,0.0,22.86,50.7,10.4,174.5,IMD_NORMALS_SYNTHETIC
2017-11-07,0.0,27.54,52.6,7.42,181.8,IMD_NORMALS_SYNTHETIC
2017-11-08,0.0,24.52,57.7,10.77,136.8,IMD_NORMALS_SYNTHETIC
2017-11-09,0.0,24.59,59.4,6.37,139.0,IMD_NORMALS_SYNTHETIC
2017-11-10,6.647,26.05,58.5,9.19,137.8,IMD_NORMALS_SYNTHETIC
2017-11-11,0.0,24.6,58.1,4.51,125.0,IMD_NORMALS_SYNTHETIC
2017-11-12,0.0,25.02,56.4,6.43,157.4,IMD_NORMALS_SYNTHETIC
2017-11-13,0.0,26.07,67.7,5.65,182.8,IMD_NORMALS_SYNTHETIC
2017-11-14,0.0,26.44,58.0,5.5,171.0,IMD_NORMALS_SYNTHETIC
2017-11-15,0.0,25.11,54.1,12.61,156.4,IMD_NORMALS_SYNTHETIC
2017-11-16,0.0,27.54,61.0,11.91,153.0,IMD_NORMALS_SYNTHETIC
2017-11-17,0.0,23.06,47.5,10.85,152.7,IMD_NORMALS_SYNTHETIC
2017-11-18,0.0,31.89,55.2,5.7,172.0,IMD_NORMALS_SYNTHETIC
2017-11-19,0.0,27.81,51.3,4.92,124.5,IMD_NORMALS_SYNTHETIC
2017-11-20,0.0,26.69,60.2,5.59,176.6,IMD_NORMALS_SYNTHETIC
2017-11-21,0.0,24.02,54.5,9.72,211.3,IMD_NORMALS_SYNTHETIC
2017-11-22,0.0,24.64,54.5,6.34,132.4,IMD_NORMALS_SYNTHETIC
2017-11-23,0.0,24.64,63.7,7.56,158.5,IMD_NORMALS_SYNTHETIC
2017-11-24,0.0,26.32,61.3,8.49,186.9,IMD_NORMALS_SYNTHETIC
2017-11-25,0.0,27.38,55.9,10.77,193.2,IMD_NORMALS_SYNTHETIC
2017-11-26,0.0,29.25,58.0,8.21,164.1,IMD_NORMALS_SYNTHETIC
2017-11-27,0.0,24.08,63.3,7.05,173.6,IMD_NORMALS_SYNTHETIC
2017-11-28,0.0,25.68,56.9,4.84,150.9,IMD_NORMALS_SYNTHETIC
2017-11-29,3.961,25.64,55.8,6.05,144.7,IMD_NORMALS_SYNTHETIC
2017-11-30,0.0,23.25,61.8,2.38,166.8,IMD_NORMALS_SYNTHETIC
2017-12-01,0.0,26.02,59.8,4.55,145.2,IMD_NORMALS_SYNTHETIC
2017-12-02,0.0,24.77,59.8,15.91,154.2,IMD_NORMALS_SYNTHETIC
2017-12-03,0.0,23.37,56.4,4.16,100.0,IMD_NORMALS_SYNTHETIC
2017-12-04,0.0,22.85,57.3,8.65,144.3,IMD_NORMALS_SYNTHETIC
2017-12-05,0.0,22.61,57.2,5.37,147.6,IMD_NORMALS_SYNTHETIC
2017-12-06,0.0,24.25,54.1,7.99,131.3,IMD_NORMALS_SYNTHETIC
2017-12-07,0.0,25.23,52.0,10.03,130.9,IMD_NORMALS_SYNTHETIC
2017-12-08,0.0,22.72,57.9,8.79,130.8,IMD_NORMALS_SYNTHETIC
2017-12-09,0.597,25.06,51.2,10.84,146.0,IMD_NORMALS_SYNTHETIC
2017-12-10,0.0,25.95,57.9,5.03,164.4,IMD_NORMALS_SYNTHETIC
2017-12-11,0.0,24.71,54.5,5.11,133.0,IMD_NORMALS_SYNTHETIC
2017-12-12,0.0,25.52,51.3,9.13,167.4,IMD_NORMALS_SYNTHETIC
2017-12-13,0.0,26.66,57.2,5.12,180.8,IMD_NORMALS_SYNTHETIC
2017-12-14,0.0,24.61,55.8,11.05,163.0,IMD_NORMALS_SYNTHETIC
2017-12-15,0.0,26.24,58.4,2.6,165.0,IMD_NORMALS_SYNTHETIC
2017-12-16,0.0,22.76,56.7,4.38,170.4,IMD_NORMALS_SYNTHETIC
2017-12-17,0.0,23.16,54.0,8.08,199.2,IMD_NORMALS_SYNTHETIC
2017-12-18,0.0,22.26,54.2,14.61,186.6,IMD_NORMALS_SYNTHETIC
2017-12-19,0.0,25.84,59.4,13.31,158.2,IMD_NORMALS_SYNTHETIC
2017-12-20,0.0,21.41,53.8,5.23,130.1,IMD_NORMALS_SYNTHETIC
2017-12-21,0.0,24.73,61.7,7.06,159.7,IMD_NORMALS_SYNTHETIC
2017-12-22,0.0,24.64,50.0,3.08,170.0,IMD_NORMALS_SYNTHETIC
2017-12-23,0.0,24.54,52.6,4.89,153.8,IMD_NORMALS_SYNTHETIC
2017-12-24,0.0,26.29,51.7,13.65,128.9,IMD_NORMALS_SYNTHETIC
2017-12-25,0.0,25.85,54.6,9.13,165.5,IMD_NORMALS_SYNTHETIC
2017-12-26,0.0,22.78,55.1,12.3,154.5,IMD_NORMALS_SYNTHETIC
2017-12-27,0.0,23.97,50.0,10.04,151.8,IMD_NORMALS_SYNTHETIC
2017-12-28,0.0,22.71,50.0,4.26,158.7,IMD_NORMALS_SYNTHETIC
2017-12-29,0.0,23.64,44.3,6.27,158.1,IMD_NORMALS_SYNTHETIC
2017-12-30,0.0,23.11,46.0,6.03,166.6,IMD_NORMALS_SYNTHETIC
2017-12-31,0.0,24.49,53.1,7.79,152.6,IMD_NORMALS_SYNTHETIC
2018-01-01,0.0,22.96,48.6,9.38,181.0,IMD_NORMALS_SYNTHETIC
2018-01-02,0.0,24.32,54.3,8.04,150.4,IMD_NORMALS_SYNTHETIC
2018-01-03,0.0,27.1,47.5,11.63,180.1,IMD_NORMALS_SYNTHETIC
2018-01-04,0.0,22.81,43.6,9.7,167.3,IMD_NORMALS_SYNTHETIC
2018-01-05,0.0,24.3,53.2,12.45,164.9,IMD_NORMALS_SYNTHETIC
2018-01-06,0.0,23.81,53.2,7.68,150.1,IMD_NORMALS_SYNTHETIC
2018-01-07,0.0,25.71,51.7,6.21,143.0,IMD_NORMALS_SYNTHETIC
2018-01-08,0.0,22.01,51.3,6.55,131.7,IMD_NORMALS_SYNTHETIC
2018-01-09,0.0,22.86,55.9,8.04,167.5,IMD_NORMALS_SYNTHETIC
2018-01-10,0.0,27.93,52.7,7.32,164.1,IMD_NORMALS_SYNTHETIC
2018-01-11,0.0,21.79,47.5,3.72,130.7,IMD_NORMALS_SYNTHETIC
2018-01-12,0.0,23.06,46.6,8.21,162.0,IMD_NORMALS_SYNTHETIC
2018-01-13,0.773,24.36,48.4,13.77,155.5,IMD_NORMALS_SYNTHETIC
2018-01-14,0.0,26.03,57.3,6.16,149.9,IMD_NORMALS_SYNTHETIC
2018-01-15,0.0,24.56,50.6,6.86,171.4,IMD_NORMALS_SYNTHETIC
2018-01-16,0.0,24.75,48.0,8.99,165.0,IMD_NORMALS_SYNTHETIC
2018-01-17,0.0,26.69,50.3,8.81,188.3,IMD_NORMALS_SYNTHETIC
2018-01-18,0.0,25.69,48.5,6.04,182.5,IMD_NORMALS_SYNTHETIC
2018-01-19,0.0,21.53,57.9,6.11,172.8,IMD_NORMALS_SYNTHETIC
2018-01-20,0.0,24.59,46.1,6.62,191.4,IMD_NORMALS_SYNTHETIC
2018-01-21,0.0,22.81,50.9,9.81,168.1,IMD_NORMALS_SYNTHETIC
2018-01-22,0.0,23.35,49.8,10.28,179.9,IMD_NORMALS_SYNTHETIC
2018-01-23,0.0,22.95,55.9,6.77,160.9,IMD_NORMALS_SYNTHETIC
2018-01-24,0.0,24.35,51.6,8.0,162.2,IMD_NORMALS_SYNTHETIC
2018-01-25,0.0,27.56,44.4,9.76,137.3,IMD_NORMALS_SYNTHETIC
2018-01-26,0.0,22.66,56.9,9.42,176.1,IMD_NORMALS_SYNTHETIC
2018-01-27,0.0,23.34,50.0,10.23,166.7,IMD_NORMALS_SYNTHETIC
2018-01-28,2.837,23.38,41.4,5.92,180.4,IMD_NORMALS_SYNTHETIC
2018-01-29,0.0,26.97,43.4,3.43,173.0,IMD_NORMALS_SYNTHETIC
2018-01-30,0.0,26.05,58.3,1.58,157.9,IMD_NORMALS_SYNTHETIC
2018-01-31,0.0,26.65,51.3,4.14,127.4,IMD_NORMALS_SYNTHETIC
2018-02-01,0.0,26.38,51.0,8.22,168.7,IMD_NORMALS_SYNTHETIC
2018-02-02,0.0,27.38,36.4,9.42,192.5,IMD_NORMALS_SYNTHETIC
2018-02-03,0.0,23.86,40.9,5.23,178.8,IMD_NORMALS_SYNTHETIC
2018-02-04,0.0,27.91,37.9,7.67,169.0,IMD_NORMALS_SYNTHETIC
2018-02-05,0.0,27.96,45.3,8.83,141.6,IMD_NORMALS_SYNTHETIC
2018-02-06,0.0,30.38,38.8,10.57,199.1,IMD_NORMALS_SYNTHETIC
2018-02-07,0.0,26.22,47.4,0.35,214.3,IMD_NORMALS_SYNTHETIC
2018-02-08,0.0,25.79,40.7,3.65,198.0,IMD_NORMALS_SYNTHETIC
2018-02-09,0.0,28.94,47.7,6.04,164.8,IMD_NORMALS_SYNTHETIC
2018-02-10,0.0,25.25,43.2,7.8,183.7,IMD_NORMALS_SYNTHETIC
2018-02-11,0.0,28.07,40.8,8.64,169.6,IMD_NORMALS_SYNTHETIC
2018-02-12,0.0,28.95,47.0,11.31,184.7,IMD_NORMALS_SYNTHETIC
2018-02-13,2.544,28.82,38.4,5.32,193.5,IMD_NORMALS_SYNTHETIC
2018-02-14,22.296,27.9,46.2,6.35,172.1,IMD_NORMALS_SYNTHETIC
2018-02-15,0.0,29.87,42.4,6.75,182.7,IMD_NORMALS_SYNTHETIC
2018-02-16,0.0,25.49,44.9,3.59,175.7,IMD_NORMALS_SYNTHETIC
2018-02-17,9.249,30.26,51.3,6.87,170.6,IMD_NORMALS_SYNTHETIC
2018-02-18,0.0,26.28,46.5,9.5,208.0,IMD_NORMALS_SYNTHETIC
2018-02-19,0.0,25.96,44.2,5.74,169.2,IMD_NORMALS_SYNTHETIC
2018-02-20,0.0,26.59,44.1,6.73,181.2,IMD_NORMALS_SYNTHETIC
2018-02-21,0.0,28.1,38.6,11.9,182.4,IMD_NORMALS_SYNTHETIC
2018-02-22,0.0,26.54,51.0,3.64,138.9,IMD_NORMALS_SYNTHETIC
2018-02-23,0.0,25.22,60.2,9.58,206.8,IMD_NORMALS_SYNTHETIC
2018-02-24,0.0,24.99,43.7,2.94,175.0,IMD_NORMALS_SYNTHETIC
2018-02-25,0.0,30.18,38.2,6.26,181.0,IMD_NORMALS_SYNTHETIC
2018-02-26,0.0,28.67,42.3,10.88,172.0,IMD_NORMALS_SYNTHETIC
2018-02-27,0.0,27.77,40.1,14.83,154.7,IMD_NORMALS_SYNTHETIC
2018-02-28,0.0,26.31,52.5,5.5,205.9,IMD_NORMALS_SYNTHETIC
2018-03-01,0.0,28.44,29.6,10.23,204.2,IMD_NORMALS_SYNTHETIC
2018-03-02,0.0,28.32,41.5,6.18,146.6,IMD_NORMALS_SYNTHETIC
2018-03-03,0.0,31.2,35.3,10.72,216.1,IMD_NORMALS_SYNTHETIC
2018-03-04,0.0,30.94,35.1,12.37,188.8,IMD_NORMALS_SYNTHETIC
2018-03-05,0.0,31.5,31.9,4.71,192.5,IMD_NORMALS_SYNTHETIC
2018-03-06,0.0,31.03,28.8,6.54,207.7,IMD_NORMALS_SYNTHETIC
2018-03-07,0.0,29.43,38.6,14.6,225.2,IMD_NORMALS_SYNTHETIC
2018-03-08,0.0,34.02,30.4,9.26,168.9,IMD_NORMALS_SYNTHETIC
2018-03-09,0.0,28.5,37.3,6.76,201.3,IMD_NORMALS_SYNTHETIC
2018-03-10,0.0,30.59,46.0,9.12,184.9,IMD_NORMALS_SYNTHETIC
2018-03-11,0.0,30.61,44.3,11.01,179.2,IMD_NORMALS_SYNTHETIC
2018-03-12,0.0,28.45,37.7,9.68,211.9,IMD_NORMALS_SYNTHETIC
2018-03-13,0.0,30.29,25.1,2.79,210.6,IMD_NORMALS_SYNTHETIC
2018-03-14,0.0,28.72,44.0,2.93,187.9,IMD_NORMALS_SYNTHETIC
2018-03-15,3.863,28.5,40.0,8.48,223.3,IMD_NORMALS_SYNTHETIC
2018-03-16,0.0,31.27,39.9,4.07,233.3,IMD_NORMALS_SYNTHETIC
2018-03-17,12.225,33.29,32.6,3.52,180.9,IMD_NORMALS_SYNTHETIC
2018-03-18,0.0,30.72,39.8,10.16,190.0,IMD_NORMALS_SYNTHETIC
2018-03-19,0.0,32.27,38.6,5.61,191.0,IMD_NORMALS_SYNTHETIC
2018-03-20,5.894,32.69,28.6,12.45,148.8,IMD_NORMALS_SYNTHETIC
2018-03-21,0.0,32.46,41.7,5.8,195.3,IMD_NORMALS_SYNTHETIC
2018-03-22,0.0,28.88,33.4,13.87,222.2,IMD_NORMALS_SYNTHETIC
2018-03-23,0.0,31.49,34.4,10.74,211.1,IMD_NORMALS_SYNTHETIC
2018-03-24,0.0,30.85,38.3,10.63,155.5,IMD_NORMALS_SYNTHETIC
2018-03-25,0.0,36.95,42.0,10.55,168.6,IMD_NORMALS_SYNTHETIC
2018-03-26,0.0,32.25,36.4,2.89,205.6,IMD_NORMALS_SYNTHETIC
2018-03-27,0.0,31.9,36.5,11.53,179.6,IMD_NORMALS_SYNTHETIC
2018-03-28,0.0,30.16,43.7,5.18,217.0,IMD_NORMALS_SYNTHETIC
2018-03-29,0.0,30.16,41.4,8.06,194.1,IMD_NORMALS_SYNTHETIC
2018-03-30,0.0,31.09,36.0,6.84,177.8,IMD_NORMALS_SYNTHETIC
2018-03-31,0.0,29.15,35.1,11.39,226.7,IMD_NORMALS_SYNTHETIC
2018-04-01,0.0,34.0,31.9,11.65,205.1,IMD_NORMALS_SYNTHETIC
2018-04-02,1.736,36.06,32.5,7.82,206.4,IMD_NORMALS_SYNTHETIC
2018-04-03,17.03,35.56,36.1,6.74,232.6,IMD_NORMALS_SYNTHETIC
2018-04-04,0.0,36.49,38.9,6.65,202.4,IMD_NORMALS_SYNTHETIC
2018-04-05,0.0,35.54,33.9,10.91,237.8,IMD_NORMALS_SYNTHETIC
2018-04-06,0.0,35.73,42.1,11.05,219.0,IMD_NORMALS_SYNTHETIC
2018-04-07,7.193,33.4,30.2,10.01,219.3,IMD_NORMALS_SYNTHETIC
2018-04-08,0.0,34.8,34.8,6.77,198.2,IMD_NORMALS_SYNTHETIC
2018-04-09,0.0,37.31,46.4,3.35,213.3,IMD_NORMALS_SYNTHETIC
2018-04-10,0.0,33.57,36.6,5.95,147.3,IMD_NORMALS_SYNTHETIC
2018-04-11,0.0,34.8,36.2,9.51,172.6,IMD_NORMALS_SYNTHETIC
2018-04-12,0.0,32.76,39.3,6.46,227.8,IMD_NORMALS_SYNTHETIC
2018-04-13,16.659,35.38,28.6,4.24,226.8,IMD_NORMALS_SYNTHETIC
2018-04-14,0.0,32.65,30.9,12.25,224.1,IMD_NORMALS_SYNTHETIC
2018-04-15,0.0,31.72,41.5,9.82,233.0,IMD_NORMALS_SYNTHETIC
2018-04-16,11.652,34.71,38.8,15.63,230.1,IMD_NORMALS_SYNTHETIC
2018-04-17,0.0,31.47,37.5,5.86,231.9,IMD_NORMALS_SYNTHETIC
2018-04-18,0.0,34.52,36.9,6.33,197.1,IMD_NORMALS_SYNTHETIC
2018-04-19,0.0,34.0,43.0,11.69,242.6,IMD_NORMALS_SYNTHETIC
2018-04-20,0.0,34.68,31.8,9.67,231.7,IMD_NORMALS_SYNTHETIC
2018-04-21,0.0,35.13,42.8,1.4,186.5,IMD_NORMALS_SYNTHETIC
2018-04-22,0.0,33.26,32.4,7.59,252.5,IMD_NORMALS_SYNTHETIC
2018-04-23,0.0,31.55,36.7,8.49,177.7,IMD_NORMALS_SYNTHETIC
2018-04-24,0.0,34.77,37.9,10.94,229.9,IMD_NORMALS_SYNTHETIC
2018-04-25,0.0,34.75,34.4,9.82,179.5,IMD_NORMALS_SYNTHETIC
2018-04-26,0.0,31.89,43.5,8.05,155.4,IMD_NORMALS_SYNTHETIC
2018-04-27,0.0,34.85,26.7,4.09,188.5,IMD_NORMALS_SYNTHETIC
2018-04-28,0.0,33.39,37.8,7.95,216.8,IMD_NORMALS_SYNTHETIC
2018-04-29,0.0,36.32,33.4,11.66,188.6,IMD_NORMALS_SYNTHETIC
2018-04-30,0.0,40.12,42.0,9.59,210.8,IMD_NORMALS_SYNTHETIC
2018-05-01,0.0,35.16,35.4,3.25,203.2,IMD_NORMALS_SYNTHETIC
2018-05-02,0.0,36.92,42.0,11.02,248.8,IMD_NORMALS_SYNTHETIC
2018-05-03,0.0,36.4,39.8,14.54,231.8,IMD_NORMALS_SYNTHETIC
2018-05-04,0.0,30.27,39.9,12.98,235.5,IMD_NORMALS_SYNTHETIC
2018-05-05,0.0,35.02,48.7,8.59,231.7,IMD_NORMALS_SYNTHETIC
2018-05-06,0.0,36.02,46.7,4.58,241.2,IMD_NORMALS_SYNTHETIC
2018-05-07,0.0,32.22,39.2,9.54,246.5,IMD_NORMALS_SYNTHETIC
2018-05-08,0.0,34.69,47.2,9.22,224.0,IMD_NORMALS_SYNTHETIC
2018-05-09,43.348,33.16,43.4,6.55,238.0,IMD_NORMALS_SYNTHETIC
2018-05-10,0.0,33.89,44.9,9.47,227.7,IMD_NORMALS_SYNTHETIC
2018-05-11,0.0,36.07,49.0,8.22,233.6,IMD_NORMALS_SYNTHETIC
2018-05-12,5.841,36.66,46.8,10.31,233.1,IMD_NORMALS_SYNTHETIC
2018-05-13,0.0,31.84,46.1,4.25,189.2,IMD_NORMALS_SYNTHETIC
2018-05-14,6.665,34.92,42.1,6.65,201.6,IMD_NORMALS_SYNTHETIC
2018-05-15,0.0,35.53,35.3,7.04,215.1,IMD_NORMALS_SYNTHETIC
2018-05-16,15.15,36.07,40.4,10.88,228.1,IMD_NORMALS_SYNTHETIC
2018-05-17,0.0,36.26,49.5,7.74,200.6,IMD_NORMALS_SYNTHETIC
2018-05-18,0.0,34.23,44.1,7.82,238.5,IMD_NORMALS_SYNTHETIC
2018-05-19,0.0,35.88,41.8,5.03,248.1,IMD_NORMALS_SYNTHETIC
2018-05-20,0.0,34.99,39.9,12.38,214.9,IMD_NORMALS_SYNTHETIC
2018-05-21,0.0,34.38,44.1,8.5,226.2,IMD_NORMALS_SYNTHETIC
2018-05-22,0.0,35.69,49.0,10.09,248.5,IMD_NORMALS_SYNTHETIC
2018-05-23,0.0,36.72,53.2,4.59,241.2,IMD_NORMALS_SYNTHETIC
2018-05-24,0.0,34.76,45.3,6.37,229.7,IMD_NORMALS_SYNTHETIC
2018-05-25,0.0,32.43,48.1,3.25,210.6,IMD_NORMALS_SYNTHETIC
2018-05-26,0.0,36.86,37.2,5.24,221.3,IMD_NORMALS_SYNTHETIC
2018-05-27,0.0,34.31,35.1,7.81,206.0,IMD_NORMALS_SYNTHETIC
2018-05-28,0.0,34.95,43.5,7.43,231.0,IMD_NORMALS_SYNTHETIC
2018-05-29,0.0,34.39,44.1,7.48,239.8,IMD_NORMALS_SYNTHETIC
2018-05-30,0.0,33.17,38.8,6.39,238.9,IMD_NORMALS_SYNTHETIC
2018-05-31,0.0,31.44,51.4,7.92,213.2,IMD_NORMALS_SYNTHETIC
2018-06-01,0.0,31.7,63.8,12.95,237.3,IMD_NORMALS_SYNTHETIC
2018-06-02,4.32,32.97,64.8,8.72,259.0,IMD_NORMALS_SYNTHETIC
2018-06-03,9.867,31.47,60.2,5.08,249.5,IMD_NORMALS_SYNTHETIC
2018-06-04,25.495,30.78,68.4,8.66,243.2,IMD_NORMALS_SYNTHETIC
2018-06-05,7.731,32.87,69.9,9.36,265.4,IMD_NORMALS_SYNTHETIC
2018-06-06,0.0,28.63,66.5,8.65,209.0,IMD_NORMALS_SYNTHETIC
2018-06-07,0.0,31.16,58.2,9.14,222.3,IMD_NORMALS_SYNTHETIC
2018-06-08,39.261,29.97,56.4,11.08,243.5,IMD_NORMALS_SYNTHETIC
2018-06-09,0.0,30.25,58.3,11.31,259.9,IMD_NORMALS_SYNTHETIC
2018-06-10,0.0,31.22,61.6,12.88,241.3,IMD_NORMALS_SYNTHETIC
2018-06-11,0.0,32.87,58.4,9.73,236.7,IMD_NORMALS_SYNTHETIC
2018-06-12,4.929,27.75,62.5,8.12,245.4,IMD_NORMALS_SYNTHETIC
2018-06-13,0.0,33.42,68.9,6.98,223.9,IMD_NORMALS_SYNTHETIC
2018-06-14,0.0,32.74,69.2,6.85,267.1,IMD_NORMALS_SYNTHETIC
2018-06-15,0.0,29.78,75.0,11.93,239.9,IMD_NORMALS_SYNTHETIC
2018-06-16,0.0,29.95,63.7,8.5,251.8,IMD_NORMALS_SYNTHETIC
2018-06-17,16.482,30.54,66.2,9.14,232.3,IMD_NORMALS_SYNTHETIC
2018-06-18,0.0,30.14,63.2,5.46,229.6,IMD_NORMALS_SYNTHETIC
2018-06-19,0.645,29.36,54.9,5.75,260.8,IMD_NORMALS_SYNTHETIC
2018-06-20,0.0,33.42,61.1,8.48,234.9,IMD_NORMALS_SYNTHETIC
2018-06-21,0.0,31.38,65.6,5.03,250.6,IMD_NORMALS_SYNTHETIC
2018-06-22,0.0,28.66,58.1,10.96,260.8,IMD_NORMALS_SYNTHETIC
2018-06-23,0.0,30.62,71.2,10.13,248.7,IMD_NORMALS_SYNTHETIC
2018-06-24,0.0,33.01,59.1,13.35,214.6,IMD_NORMALS_SYNTHETIC
2018-06-25,0.0,33.71,72.2,9.07,235.0,IMD_NORMALS_SYNTHETIC
2018-06-26,0.0,33.55,78.9,8.61,238.6,IMD_NORMALS_SYNTHETIC
2018-06-27,0.0,32.2,60.8,3.57,265.8,IMD_NORMALS_SYNTHETIC
2018-06-28,7.807,29.55,69.5,9.2,233.3,IMD_NORMALS_SYNTHETIC
2018-06-29,11.169,32.08,62.8,0.65,253.0,IMD_NORMALS_SYNTHETIC
2018-06-30,0.0,32.68,63.0,6.89,207.3,IMD_NORMALS_SYNTHETIC
2018-07-01,0.0,31.09,82.8,11.17,228.2,IMD_NORMALS_SYNTHETIC
2018-07-02,0.0,32.04,76.8,6.16,233.4,IMD_NORMALS_SYNTHETIC
2018-07-03,1.39,28.18,71.9,0.99,247.1,IMD_NORMALS_SYNTHETIC
2018-07-04,0.0,29.65,71.7,8.23,221.0,IMD_NORMALS_SYNTHETIC
2018-07-05,0.0,28.79,66.1,9.61,191.5,IMD_NORMALS_SYNTHETIC
2018-07-06,0.0,31.25,73.8,3.81,207.3,IMD_NORMALS_SYNTHETIC
2018-07-07,0.0,30.04,66.2,9.03,242.1,IMD_NORMALS_SYNTHETIC
2018-07-08,0.0,30.06,73.0,11.52,216.1,IMD_NORMALS_SYNTHETIC
2018-07-09,0.0,30.76,72.2,5.69,228.4,IMD_NORMALS_SYNTHETIC
2018-07-10,0.0,26.78,71.2,9.25,231.2,IMD_NORMALS_SYNTHETIC
2018-07-11,0.0,31.2,77.5,10.48,229.1,IMD_NORMALS_SYNTHETIC
2018-07-12,0.0,30.22,72.7,6.0,238.8,IMD_NORMALS_SYNTHETIC
2018-07-13,0.0,27.76,75.8,6.97,220.0,IMD_NORMALS_SYNTHETIC
2018-07-14,0.0,28.64,70.8,13.52,228.2,IMD_NORMALS_SYNTHETIC
2018-07-15,0.0,30.27,75.7,2.66,228.2,IMD_NORMALS_SYNTHETIC
2018-07-16,0.0,30.81,73.5,9.86,214.2,IMD_NORMALS_SYNTHETIC
2018-07-17,0.0,28.99,76.1,8.84,221.5,IMD_NORMALS_SYNTHETIC
2018-07-18,2.713,28.08,71.4,8.69,211.4,IMD_NORMALS_SYNTHETIC
2018-07-19,0.0,29.87,77.6,5.66,221.8,IMD_NORMALS_SYNTHETIC
2018-07-20,31.547,27.4,79.6,9.67,182.1,IMD_NORMALS_SYNTHETIC
2018-07-21,0.0,33.01,75.0,12.3,204.4,IMD_NORMALS_SYNTHETIC
2018-07-22,0.0,27.5,76.9,11.97,212.5,IMD_NORMALS_SYNTHETIC
2018-07-23,46.809,28.29,71.9,10.59,243.0,IMD_NORMALS_SYNTHETIC
2018-07-24,10.087,26.07,82.8,7.58,193.0,IMD_NORMALS_SYNTHETIC
2018-07-25,0.0,32.48,74.3,12.0,235.6,IMD_NORMALS_SYNTHETIC
2018-07-26,0.0,28.71,75.4,5.99,201.4,IMD_NORMALS_SYNTHETIC
2018-07-27,0.0,28.29,83.2,9.54,260.8,IMD_NORMALS_SYNTHETIC
2018-07-28,0.0,29.87,74.0,10.11,244.1,IMD_NORMALS_SYNTHETIC
2018-07-29,0.0,30.01,74.5,5.63,254.9,IMD_NORMALS_SYNTHETIC
2018-07-30,0.0,28.56,59.6,10.99,214.8,IMD_NORMALS_SYNTHETIC
2018-07-31,0.0,28.95,86.2,8.88,261.2,IMD_NORMALS_SYNTHETIC
2018-08-01,0.0,31.98,78.7,9.49,198.9,IMD_NORMALS_SYNTHETIC
2018-08-02,0.0,31.08,85.7,8.68,163.1,IMD_NORMALS_SYNTHETIC
2018-08-03,8.255,29.26,71.7,8.41,245.1,IMD_NORMALS_SYNTHETIC
2018-08-04,0.0,29.22,77.7,10.18,200.6,IMD_NORMALS_SYNTHETIC
2018-08-05,1.962,27.18,78.6,8.17,201.2,IMD_NORMALS_SYNTHETIC
2018-08-06,0.0,28.42,69.7,4.72,222.3,IMD_NORMALS_SYNTHETIC
2018-08-07,0.0,28.87,73.0,9.92,195.7,IMD_NORMALS_SYNTHETIC
2018-08-08,0.0,29.77,83.8,8.37,201.5,IMD_NORMALS_SYNTHETIC
2018-08-09,18.961,28.21,72.6,6.89,210.3,IMD_NORMALS_SYNTHETIC
2018-08-10,2.342,29.38,71.9,8.07,230.6,IMD_NORMALS_SYNTHETIC
2018-08-11,0.0,31.18,79.0,7.1,221.6,IMD_NORMALS_SYNTHETIC
2018-08-12,0.662,29.07,72.6,5.01,235.8,IMD_NORMALS_SYNTHETIC
2018-08-13,0.0,29.67,69.4,11.57,240.0,IMD_NORMALS_SYNTHETIC
2018-08-14,22.466,28.38,66.6,9.23,210.6,IMD_NORMALS_SYNTHETIC
2018-08-15,0.0,28.07,76.8,9.32,217.0,IMD_NORMALS_SYNTHETIC
2018-08-16,38.417,28.69,68.3,6.37,196.6,IMD_NORMALS_SYNTHETIC
2018-08-17,0.0,27.57,67.9,7.05,206.0,IMD_NORMALS_SYNTHETIC
2018-08-18,0.0,24.89,71.5,14.83,201.7,IMD_NORMALS_SYNTHETIC
2018-08-19,0.0,31.05,63.0,3.19,213.0,IMD_NORMALS_SYNTHETIC
2018-08-20,0.0,24.84,76.3,6.13,167.2,IMD_NORMALS_SYNTHETIC
2018-08-21,20.049,27.12,68.3,5.89,200.4,IMD_NORMALS_SYNTHETIC
2018-08-22,0.0,29.64,86.6,5.92,205.0,IMD_NORMALS_SYNTHETIC
2018-08-23,9.192,28.82,76.3,9.88,231.5,IMD_NORMALS_SYNTHETIC
2018-08-24,2.563,28.15,76.8,11.11,197.6,IMD_NORMALS_SYNTHETIC
2018-08-25,0.0,27.65,71.8,6.28,225.4,IMD_NORMALS_SYNTHETIC
2018-08-26,5.744,31.31,71.7,7.94,222.4,IMD_NORMALS_SYNTHETIC
2018-08-27,0.0,30.14,66.3,10.53,214.4,IMD_NORMALS_SYNTHETIC
2018-08-28,1.323,27.47,86.8,4.95,217.3,IMD_NORMALS_SYNTHETIC
2018-08-29,32.381,32.08,71.4,11.51,175.5,IMD_NORMALS_SYNTHETIC
2018-08-30,15.357,27.9,69.2,7.41,218.3,IMD_NORMALS_SYNTHETIC
2018-08-31,0.0,26.66,76.0,9.47,223.1,IMD_NORMALS_SYNTHETIC
2018-09-01,0.0,29.54,76.7,11.59,230.1,IMD_NORMALS_SYNTHETIC
2018-09-02,0.0,30.2,80.7,6.78,208.0,IMD_NORMALS_SYNTHETIC
2018-09-03,0.0,25.96,75.3,9.84,219.3,IMD_NORMALS_SYNTHETIC
2018-09-04,0.0,31.98,78.9,11.75,162.2,IMD_NORMALS_SYNTHETIC
2018-09-05,2.573,31.87,76.0,6.62,199.8,IMD_NORMALS_SYNTHETIC
2018-09-06,28.999,24.69,86.4,8.13,219.6,IMD_NORMALS_SYNTHETIC
2018-09-07,0.0,29.36,72.6,5.71,188.4,IMD_NORMALS_SYNTHETIC
2018-09-08,15.134,29.93,74.7,4.71,187.2,IMD_NORMALS_SYNTHETIC
2018-09-09,0.0,29.46,73.7,15.15,202.3,IMD_NORMALS_SYNTHETIC
2018-09-10,0.0,28.93,67.3,9.83,166.9,IMD_NORMALS_SYNTHETIC
2018-09-11,0.0,26.99,72.2,4.85,171.9,IMD_NORMALS_SYNTHETIC
2018-09-12,7.235,27.03,63.4,8.56,207.0,IMD_NORMALS_SYNTHETIC
2018-09-13,0.0,29.55,68.9,11.47,154.6,IMD_NORMALS_SYNTHETIC
2018-09-14,3.053,26.94,77.7,8.15,167.2,IMD_NORMALS_SYNTHETIC
2018-09-15,0.0,28.32,78.6,10.33,150.4,IMD_NORMALS_SYNTHETIC
2018-09-16,0.0,31.07,69.2,11.52,192.0,IMD_NORMALS_SYNTHETIC
2018-09-17,0.0,23.32,76.9,2.23,204.3,IMD_NORMALS_SYNTHETIC
2018-09-18,0.0,29.29,78.9,9.71,170.8,IMD_NORMALS_SYNTHETIC
2018-09-19,7.062,27.03,70.7,13.16,191.8,IMD_NORMALS_SYNTHETIC
2018-09-20,16.264,29.06,75.9,6.6,161.6,IMD_NORMALS_SYNTHETIC
2018-09-21,0.0,28.63,70.8,10.36,200.6,IMD_NORMALS_SYNTHETIC
2018-09-22,2.634,28.9,67.6,7.22,193.3,IMD_NORMALS_SYNTHETIC
2018-09-23,0.0,24.93,70.6,10.89,176.7,IMD_NORMALS_SYNTHETIC
2018-09-24,0.0,29.84,72.8,8.81,218.0,IMD_NORMALS_SYNTHETIC
2018-09-25,0.0,31.98,73.1,5.92,170.1,IMD_NORMALS_SYNTHETIC
2018-09-26,57.553,27.46,68.7,7.24,179.8,IMD_NORMALS_SYNTHETIC
2018-09-27,0.0,30.44,78.4,7.69,180.4,IMD_NORMALS_SYNTHETIC
2018-09-28,0.0,24.41,67.1,6.33,173.7,IMD_NORMALS_SYNTHETIC
2018-09-29,8.295,30.33,75.4,7.62,203.9,IMD_NORMALS_SYNTHETIC
2018-09-30,0.0,29.79,69.2,4.01,213.5,IMD_NORMALS_SYNTHETIC
2018-10-01,0.0,26.61,62.1,3.05,215.4,IMD_NORMALS_SYNTHETIC
2018-10-02,0.0,23.22,67.1,6.97,172.1,IMD_NORMALS_SYNTHETIC
2018-10-03,0.0,28.32,61.5,7.25,171.9,IMD_NORMALS_SYNTHETIC
2018-10-04,0.0,31.04,70.0,2.14,178.1,IMD_NORMALS_SYNTHETIC
2018-10-05,0.0,27.46,66.3,8.3,199.9,IMD_NORMALS_SYNTHETIC
2018-10-06,0.0,28.6,69.7,4.15,182.5,IMD_NORMALS_SYNTHETIC
2018-10-07,0.0,25.33,67.2,6.5,166.1,IMD_NORMALS_SYNTHETIC
2018-10-08,0.0,28.31,72.9,7.45,201.1,IMD_NORMALS_SYNTHETIC
2018-10-09,0.0,27.43,73.6,7.38,144.3,IMD_NORMALS_SYNTHETIC
2018-10-10,3.853,30.28,65.0,14.51,169.2,IMD_NORMALS_SYNTHETIC
2018-10-11,0.0,27.74,68.7,10.86,178.9,IMD_NORMALS_SYNTHETIC
2018-10-12,9.986,27.81,68.0,7.5,202.1,IMD_NORMALS_SYNTHETIC
2018-10-13,7.409,28.39,68.8,6.38,161.3,IMD_NORMALS_SYNTHETIC
2018-10-14,0.0,27.75,60.0,5.07,167.7,IMD_NORMALS_SYNTHETIC
2018-10-15,0.0,26.12,60.4,6.79,192.2,IMD_NORMALS_SYNTHETIC
2018-10-16,0.0,26.28,60.4,7.52,187.0,IMD_NORMALS_SYNTHETIC
2018-10-17,0.0,28.42,69.8,9.36,195.1,IMD_NORMALS_SYNTHETIC
2018-10-18,0.0,26.75,66.1,4.48,192.2,IMD_NORMALS_SYNTHETIC
2018-10-19,0.0,31.65,56.6,5.51,188.6,IMD_NORMALS_SYNTHETIC
2018-10-20,0.0,27.69,63.4,7.46,198.4,IMD_NORMALS_SYNTHETIC
2018-10-21,0.0,28.6,63.7,7.7,176.3,IMD_NORMALS_SYNTHETIC
2018-10-22,0.0,29.03,68.3,9.42,162.2,IMD_NORMALS_SYNTHETIC
2018-10-23,16.351,27.41,49.2,13.73,182.7,IMD_NORMALS_SYNTHETIC
2018-10-24,0.0,28.75,69.2,6.63,171.1,IMD_NORMALS_SYNTHETIC
2018-10-25,0.0,29.89,56.6,8.61,162.1,IMD_NORMALS_SYNTHETIC
2018-10-26,0.0,26.83,57.5,7.77,185.8,IMD_NORMALS_SYNTHETIC
2018-10-27,0.0,28.56,73.6,12.99,211.7,IMD_NORMALS_SYNTHETIC
2018-10-28,0.0,27.55,70.5,3.95,197.8,IMD_NORMALS_SYNTHETIC
2018-10-29,0.0,29.95,65.6,8.89,184.3,IMD_NORMALS_SYNTHETIC
2018-10-30,0.0,28.35,74.0,9.74,193.1,IMD_NORMALS_SYNTHETIC
2018-10-31,0.0,26.94,73.6,11.89,189.8,IMD_NORMALS_SYNTHETIC
2018-11-01,0.0,27.63,59.1,4.2,188.0,IMD_NORMALS_SYNTHETIC
2018-11-02,0.0,30.49,59.3,9.67,112.1,IMD_NORMALS_SYNTHETIC
2018-11-03,0.0,26.96,59.5,5.18,108.7,IMD_NORMALS_SYNTHETIC
2018-11-04,0.0,22.92,57.3,3.89,163.1,IMD_NORMALS_SYNTHETIC
2018-11-05,0.0,24.49,56.1,5.19,150.7,IMD_NORMALS_SYNTHETIC
2018-11-06,0.0,25.49,50.9,6.37,161.2,IMD_NORMALS_SYNTHETIC
2018-11-07,0.0,27.88,58.6,15.08,148.4,IMD_NORMALS_SYNTHETIC
2018-11-08,0.0,26.56,60.2,9.61,161.3,IMD_NORMALS_SYNTHETIC
2018-11-09,0.0,26.32,67.5,7.83,163.3,IMD_NORMALS_SYNTHETIC
2018-11-10,0.0,26.13,63.0,7.64,131.8,IMD_NORMALS_SYNTHETIC
2018-11-11,0.0,27.85,49.3,5.75,159.0,IMD_NORMALS_SYNTHETIC
2018-11-12,0.0,24.8,65.2,4.29,177.2,IMD_NORMALS_SYNTHETIC
2018-11-13,0.0,23.53,59.4,9.67,166.4,IMD_NORMALS_SYNTHETIC
2018-11-14,0.0,23.47,54.6,6.23,182.5,IMD_NORMALS_SYNTHETIC
2018-11-15,0.0,26.6,53.6,13.26,185.9,IMD_NORMALS_SYNTHETIC
2018-11-16,0.0,25.43,55.8,5.12,175.4,IMD_NORMALS_SYNTHETIC
2018-11-17,0.0,22.11,58.8,8.92,152.9,IMD_NORMALS_SYNTHETIC
2018-11-18,0.0,26.1,64.0,5.78,179.1,IMD_NORMALS_SYNTHETIC
2018-11-19,0.0,21.95,62.4,10.79,154.9,IMD_NORMALS_SYNTHETIC
2018-11-20,0.0,25.94,59.1,9.38,177.8,IMD_NORMALS_SYNTHETIC
2018-11-21,0.0,27.14,56.3,15.63,168.9,IMD_NORMALS_SYNTHETIC
2018-11-22,0.0,28.56,61.2,8.65,146.1,IMD_NORMALS_SYNTHETIC
2018-11-23,19.224,24.6,67.2,0.79,165.8,IMD_NORMALS_SYNTHETIC
2018-11-24,0.0,27.53,50.1,10.21,170.8,IMD_NORMALS_SYNTHETIC
2018-11-25,0.0,24.55,64.4,6.46,180.6,IMD_NORMALS_SYNTHETIC
2018-11-26,0.0,26.76,53.5,10.33,173.2,IMD_NORMALS_SYNTHETIC
2018-11-27,2.842,26.81,57.1,4.82,169.1,IMD_NORMALS_SYNTHETIC
2018-11-28,0.0,26.31,56.1,6.23,132.4,IMD_NORMALS_SYNTHETIC
2018-11-29,0.0,27.35,58.8,7.57,145.3,IMD_NORMALS_SYNTHETIC
2018-11-30,0.0,26.09,53.0,6.6,139.2,IMD_NORMALS_SYNTHETIC
2018-12-01,0.0,22.55,57.5,4.03,117.1,IMD_NORMALS_SYNTHETIC
2018-12-02,0.0,25.71,54.9,7.44,124.1,IMD_NORMALS_SYNTHETIC
2018-12-03,0.0,23.27,51.9,3.77,153.5,IMD_NORMALS_SYNTHETIC
2018-12-04,0.0,26.35,50.8,11.91,116.9,IMD_NORMALS_SYNTHETIC
2018-12-05,0.0,25.53,61.5,8.18,157.5,IMD_NORMALS_SYNTHETIC
2018-12-06,0.0,25.94,58.9,7.05,143.0,IMD_NORMALS_SYNTHETIC
2018-12-07,0.0,23.46,54.3,8.94,131.8,IMD_NORMALS_SYNTHETIC
2018-12-08,0.0,23.38,50.6,8.81,146.5,IMD_NORMALS_SYNTHETIC
2018-12-09,0.0,20.82,53.5,6.56,168.3,IMD_NORMALS_SYNTHETIC
2018-12-10,0.0,24.1,58.5,5.66,105.6,IMD_NORMALS_SYNTHETIC
2018-12-11,0.0,23.82,60.9,10.53,132.0,IMD_NORMALS_SYNTHETIC
2018-12-12,0.0,25.63,56.8,8.57,127.1,IMD_NORMALS_SYNTHETIC
2018-12-13,0.0,21.96,57.4,0.7,171.9,IMD_NORMALS_SYNTHETIC
2018-12-14,0.0,24.55,59.8,5.3,160.7,IMD_NORMALS_SYNTHETIC
2018-12-15,0.0,24.32,55.5,4.08,154.7,IMD_NORMALS_SYNTHETIC
2018-12-16,0.0,28.03,50.4,4.29,147.6,IMD_NORMALS_SYNTHETIC
2018-12-17,0.0,23.49,58.0,7.26,117.8,IMD_NORMALS_SYNTHETIC
2018-12-18,0.0,22.97,56.2,7.41,119.7,IMD_NORMALS_SYNTHETIC
2018-12-19,0.0,27.5,54.3,8.69,121.0,IMD_NORMALS_SYNTHETIC
2018-12-20,0.0,23.23,70.2,7.6,125.1,IMD_NORMALS_SYNTHETIC
2018-12-21,0.0,23.59,58.2,8.5,146.1,IMD_NORMALS_SYNTHETIC
2018-12-22,0.0,21.64,57.0,9.85,169.8,IMD_NORMALS_SYNTHETIC
2018-12-23,0.0,21.87,54.7,8.57,147.0,IMD_NORMALS_SYNTHETIC
2018-12-24,0.0,21.15,51.4,11.62,147.2,IMD_NORMALS_SYNTHETIC
2018-12-25,0.0,22.82,58.9,8.62,176.0,IMD_NORMALS_SYNTHETIC
2018-12-26,0.0,25.94,51.3,6.91,170.0,IMD_NORMALS_SYNTHETIC
2018-12-27,0.0,22.1,54.7,12.82,157.7,IMD_NORMALS_SYNTHETIC
2018-12-28,0.0,25.06,54.6,4.7,126.6,IMD_NORMALS_SYNTHETIC
2018-12-29,0.0,23.49,48.5,12.29,134.6,IMD_NORMALS_SYNTHETIC
2018-12-30,0.0,21.04,47.3,7.22,158.1,IMD_NORMALS_SYNTHETIC
2018-12-31,3.762,25.04,52.3,9.91,149.8,IMD_NORMALS_SYNTHETIC
2019-01-01,0.0,23.06,46.6,7.23,179.3,IMD_NORMALS_SYNTHETIC
2019-01-02,0.0,25.88,60.6,8.76,161.7,IMD_NORMALS_SYNTHETIC
2019-01-03,0.0,25.37,51.5,9.03,132.5,IMD_NORMALS_SYNTHETIC
2019-01-04,0.0,23.79,48.4,7.87,180.5,IMD_NORMALS_SYNTHETIC
2019-01-05,0.0,23.71,55.1,6.53,124.6,IMD_NORMALS_SYNTHETIC
2019-01-06,0.0,26.88,57.3,11.84,189.7,IMD_NORMALS_SYNTHETIC
2019-01-07,0.0,23.51,55.4,2.77,180.2,IMD_NORMALS_SYNTHETIC
2019-01-08,0.0,25.46,53.7,5.39,179.4,IMD_NORMALS_SYNTHETIC
2019-01-09,0.0,21.8,40.9,6.15,208.3,IMD_NORMALS_SYNTHETIC
2019-01-10,0.0,20.92,42.7,7.33,140.5,IMD_NORMALS_SYNTHETIC
2019-01-11,0.0,21.65,42.6,8.96,166.9,IMD_NORMALS_SYNTHETIC
2019-01-12,0.0,28.79,58.3,7.41,185.5,IMD_NORMALS_SYNTHETIC
2019-01-13,0.0,23.73,37.2,5.91,165.4,IMD_NORMALS_SYNTHETIC
2019-01-14,0.0,25.94,42.7,6.16,170.6,IMD_NORMALS_SYNTHETIC
2019-01-15,0.0,24.02,51.1,3.65,185.6,IMD_NORMALS_SYNTHETIC
2019-01-16,0.0,23.46,54.3,4.76,160.5,IMD_NORMALS_SYNTHETIC
2019-01-17,0.0,24.55,49.1,11.06,162.7,IMD_NORMALS_SYNTHETIC
2019-01-18,0.0,25.69,55.2,9.3,138.3,IMD_NORMALS_SYNTHETIC
2019-01-19,0.0,25.27,48.4,9.78,172.0,IMD_NORMALS_SYNTHETIC
2019-01-20,0.0,25.49,59.1,8.28,169.5,IMD_NORMALS_SYNTHETIC
2019-01-21,5.441,20.71,55.4,9.07,151.7,IMD_NORMALS_SYNTHETIC
2019-01-22,0.0,23.09,42.2,6.56,172.6,IMD_NORMALS_SYNTHETIC
2019-01-23,0.0,24.0,43.8,2.99,192.4,IMD_NORMALS_SYNTHETIC
2019-01-24,0.0,22.59,53.1,5.33,200.2,IMD_NORMALS_SYNTHETIC
2019-01-25,0.0,27.75,40.6,5.13,147.6,IMD_NORMALS_SYNTHETIC
2019-01-26,0.0,24.74,51.7,2.71,165.8,IMD_NORMALS_SYNTHETIC
2019-01-27,0.0,24.27,48.5,8.69,169.1,IMD_NORMALS_SYNTHETIC
2019-01-28,2.921,22.45,50.8,13.56,177.1,IMD_NORMALS_SYNTHETIC
2019-01-29,0.0,20.69,51.1,6.09,166.4,IMD_NORMALS_SYNTHETIC
2019-01-30,0.0,25.6,50.0,4.63,143.4,IMD_NORMALS_SYNTHETIC
2019-01-31,0.0,23.56,66.2,11.11,169.2,IMD_NORMALS_SYNTHETIC
2019-02-01,0.0,25.94,36.2,7.76,177.1,IMD_NORMALS_SYNTHETIC
2019-02-02,0.0,27.1,42.2,7.72,162.3,IMD_NORMALS_SYNTHETIC
2019-02-03,0.0,24.73,43.1,7.21,218.4,IMD_NORMALS_SYNTHETIC
2019-02-04,0.0,27.92,47.1,10.54,157.0,IMD_NORMALS_SYNTHETIC
2019-02-05,0.0,27.57,42.5,14.74,188.8,IMD_NORMALS_SYNTHETIC
2019-02-06,0.0,29.2,45.4,4.08,200.7,IMD_NORMALS_SYNTHETIC
2019-02-07,0.0,26.68,43.6,9.89,164.9,IMD_NORMALS_SYNTHETIC
2019-02-08,0.0,31.98,36.0,11.39,137.2,IMD_NORMALS_SYNTHETIC
2019-02-09,0.0,26.59,45.8,7.76,184.6,IMD_NORMALS_SYNTHETIC
2019-02-10,0.0,29.1,43.2,10.51,157.6,IMD_NORMALS_SYNTHETIC
2019-02-11,0.0,30.11,46.6,13.84,171.9,IMD_NORMALS_SYNTHETIC
2019-02-12,0.0,30.26,50.0,5.87,193.7,IMD_NORMALS_SYNTHETIC
2019-02-13,0.0,25.35,38.9,10.58,188.5,IMD_NORMALS_SYNTHETIC
2019-02-14,0.0,27.26,37.7,6.56,172.1,IMD_NORMALS_SYNTHETIC
2019-02-15,9.008,27.66,40.2,9.89,167.5,IMD_NORMALS_SYNTHETIC
2019-02-16,0.0,23.74,45.7,6.99,208.3,IMD_NORMALS_SYNTHETIC
2019-02-17,0.0,29.81,39.9,10.54,200.7,IMD_NORMALS_SYNTHETIC
2019-02-18,0.0,27.16,44.3,5.65,195.0,IMD_NORMALS_SYNTHETIC
2019-02-19,0.0,28.52,46.2,3.49,170.3,IMD_NORMALS_SYNTHETIC
2019-02-20,0.0,26.58,42.3,7.58,204.8,IMD_NORMALS_SYNTHETIC
2019-02-21,0.0,27.85,43.3,0.58,179.9,IMD_NORMALS_SYNTHETIC
2019-02-22,0.0,26.35,41.4,9.24,164.6,IMD_NORMALS_SYNTHETIC
2019-02-23,0.0,29.16,47.9,9.2,170.8,IMD_NORMALS_SYNTHETIC
2019-02-24,0.0,23.38,33.2,5.49,188.1,IMD_NORMALS_SYNTHETIC
2019-02-25,0.0,26.54,38.2,9.88,175.0,IMD_NORMALS_SYNTHETIC
2019-02-26,0.0,29.37,38.6,12.33,201.0,IMD_NORMALS_SYNTHETIC
2019-02-27,0.0,25.53,38.2,9.62,215.5,IMD_NORMALS_SYNTHETIC
2019-02-28,0.0,25.53,44.5,6.27,173.2,IMD_NORMALS_SYNTHETIC
2019-03-01,0.0,29.31,37.6,5.67,212.6,IMD_NORMALS_SYNTHETIC
2019-03-02,0.0,30.04,39.5,8.87,180.5,IMD_NORMALS_SYNTHETIC
2019-03-03,0.0,29.38,43.4,9.99,193.9,IMD_NORMALS_SYNTHETIC
2019-03-04,0.0,33.2,46.3,1.89,224.9,IMD_NORMALS_SYNTHETIC
2019-03-05,0.0,31.46,34.8,12.04,194.7,IMD_NORMALS_SYNTHETIC
2019-03-06,0.0,33.09,28.6,5.53,204.8,IMD_NORMALS_SYNTHETIC
2019-03-07,0.0,33.8,32.9,10.33,223.3,IMD_NORMALS_SYNTHETIC
2019-03-08,0.0,33.05,41.5,10.29,228.8,IMD_NORMALS_SYNTHETIC
2019-03-09,0.0,31.77,44.4,7.25,215.8,IMD_NORMALS_SYNTHETIC
2019-03-10,0.0,29.57,41.8,5.11,214.9,IMD_NORMALS_SYNTHETIC
2019-03-11,0.0,32.37,36.0,13.67,189.8,IMD_NORMALS_SYNTHETIC
2019-03-12,0.0,30.62,40.6,6.95,187.7,IMD_NORMALS_SYNTHETIC
2019-03-13,0.0,31.1,37.4,6.23,149.6,IMD_NORMALS_SYNTHETIC
2019-03-14,0.0,32.89,30.7,5.53,196.9,IMD_NORMALS_SYNTHETIC
2019-03-15,0.0,29.76,37.6,8.9,197.4,IMD_NORMALS_SYNTHETIC
2019-03-16,0.0,35.03,35.4,8.72,209.1,IMD_NORMALS_SYNTHETIC
2019-03-17,0.0,28.9,41.2,7.13,189.4,IMD_NORMALS_SYNTHETIC
2019-03-18,20.484,32.82,45.0,6.04,207.6,IMD_NORMALS_SYNTHETIC
2019-03-19,0.0,30.93,36.2,10.08,141.1,IMD_NORMALS_SYNTHETIC
2019-03-20,0.0,28.08,35.8,6.87,153.6,IMD_NORMALS_SYNTHETIC
2019-03-21,0.0,32.97,33.8,7.24,182.6,IMD_NORMALS_SYNTHETIC
2019-03-22,0.0,29.73,39.1,4.94,190.4,IMD_NORMALS_SYNTHETIC
2019-03-23,0.0,29.97,35.7,7.11,167.1,IMD_NORMALS_SYNTHETIC
2019-03-24,0.0,30.16,45.7,9.59,179.5,IMD_NORMALS_SYNTHETIC
2019-03-25,0.0,34.89,34.8,11.23,161.7,IMD_NORMALS_SYNTHETIC
2019-03-26,0.0,29.89,38.5,8.89,208.1,IMD_NORMALS_SYNTHETIC
2019-03-27,0.0,32.89,43.1,7.23,203.1,IMD_NORMALS_SYNTHETIC
2019-03-28,0.0,32.67,43.2,7.43,179.3,IMD_NORMALS_SYNTHETIC
2019-03-29,0.0,31.12,40.4,9.35,204.5,IMD_NORMALS_SYNTHETIC
2019-03-30,0.0,29.36,36.8,8.23,192.9,IMD_NORMALS_SYNTHETIC
2019-03-31,0.0,31.45,34.6,6.65,177.5,IMD_NORMALS_SYNTHETIC
2019-04-01,0.0,34.54,29.0,5.3,197.1,IMD_NORMALS_SYNTHETIC
2019-04-02,0.0,32.46,36.2,10.46,215.3,IMD_NORMALS_SYNTHETIC
2019-04-03,0.0,36.85,36.0,10.69,200.2,IMD_NORMALS_SYNTHETIC
2019-04-04,0.0,35.73,38.2,5.95,205.3,IMD_NORMALS_SYNTHETIC
2019-04-05,0.0,35.4,36.6,5.68,201.4,IMD_NORMALS_SYNTHETIC
2019-04-06,0.0,35.75,37.1,5.79,218.7,IMD_NORMALS_SYNTHETIC
2019-04-07,0.0,35.82,38.7,7.24,195.3,IMD_NORMALS_SYNTHETIC
2019-04-08,0.0,34.51,39.3,7.85,198.7,IMD_NORMALS_SYNTHETIC
2019-04-09,2.111,31.61,41.7,7.83,239.1,IMD_NORMALS_SYNTHETIC
2019-04-10,0.0,35.63,36.7,6.88,183.7,IMD_NORMALS_SYNTHETIC
2019-04-11,0.0,29.84,37.5,7.37,194.8,IMD_NORMALS_SYNTHETIC
2019-04-12,0.0,31.29,30.9,9.8,237.4,IMD_NORMALS_SYNTHETIC
2019-04-13,0.0,33.62,29.8,5.23,201.1,IMD_NORMALS_SYNTHETIC
2019-04-14,0.0,38.59,28.3,10.68,200.9,IMD_NORMALS_SYNTHETIC
2019-04-15,0.0,35.72,38.4,12.37,203.2,IMD_NORMALS_SYNTHETIC
2019-04-16,0.0,34.23,37.3,9.33,229.3,IMD_NORMALS_SYNTHETIC
2019-04-17,0.0,32.34,43.3,4.88,217.6,IMD_NORMALS_SYNTHETIC
2019-04-18,0.0,36.56,35.3,8.86,257.1,IMD_NORMALS_SYNTHETIC
2019-04-19,0.0,34.01,35.0,5.95,218.3,IMD_NORMALS_SYNTHETIC
2019-04-20,0.0,33.03,40.8,12.37,215.6,IMD_NORMALS_SYNTHETIC
2019-04-21,0.0,33.33,34.0,7.96,198.8,IMD_NORMALS_SYNTHETIC
2019-04-22,0.0,32.81,31.6,7.8,190.1,IMD_NORMALS_SYNTHETIC
2019-04-23,0.0,35.53,35.2,5.7,187.4,IMD_NORMALS_SYNTHETIC
2019-04-24,0.0,33.32,34.6,9.87,218.7,IMD_NORMALS_SYNTHETIC
2019-04-25,0.0,31.73,30.9,10.84,181.8,IMD_NORMALS_SYNTHETIC
2019-04-26,0.0,37.12,31.0,9.51,228.1,IMD_NORMALS_SYNTHETIC
2019-04-27,0.0,34.19,37.7,11.0,187.1,IMD_NORMALS_SYNTHETIC
2019-04-28,0.0,33.48,30.2,8.18,198.4,IMD_NORMALS_SYNTHETIC
2019-04-29,0.0,36.12,43.6,4.88,237.0,IMD_NORMALS_SYNTHETIC
2019-04-30,0.0,35.12,33.2,5.75,210.9,IMD_NORMALS_SYNTHETIC
2019-05-01,0.0,33.7,47.9,5.49,198.1,IMD_NORMALS_SYNTHETIC
2019-05-02,0.0,35.14,47.7,7.75,208.3,IMD_NORMALS_SYNTHETIC
2019-05-03,0.0,34.69,31.4,1.54,214.1,IMD_NORMALS_SYNTHETIC
2019-05-04,0.0,36.22,39.0,9.29,221.1,IMD_NORMALS_SYNTHETIC
2019-05-05,0.0,36.07,42.9,2.16,229.2,IMD_NORMALS_SYNTHETIC
2019-05-06,0.0,35.29,40.7,7.4,237.1,IMD_NORMALS_SYNTHETIC
2019-05-07,0.643,35.58,38.3,12.08,216.1,IMD_NORMALS_SYNTHETIC
2019-05-08,0.0,35.41,39.2,4.44,240.5,IMD_NORMALS_SYNTHETIC
2019-05-09,2.782,35.56,39.9,7.51,203.2,IMD_NORMALS_SYNTHETIC
2019-05-10,10.668,38.57,46.8,14.83,217.1,IMD_NORMALS_SYNTHETIC
2019-05-11,0.0,35.18,47.6,2.76,234.2,IMD_NORMALS_SYNTHETIC
2019-05-12,0.0,36.61,42.5,4.79,232.7,IMD_NORMALS_SYNTHETIC
2019-05-13,7.245,34.44,43.0,4.88,240.5,IMD_NORMALS_SYNTHETIC
2019-05-14,0.0,32.87,36.8,5.64,243.4,IMD_NORMALS_SYNTHETIC
2019-05-15,0.0,33.03,41.3,6.21,244.7,IMD_NORMALS_SYNTHETIC
2019-05-16,0.0,33.63,42.8,13.0,217.6,IMD_NORMALS_SYNTHETIC
2019-05-17,0.0,33.7,52.5,6.15,262.1,IMD_NORMALS_SYNTHETIC
2019-05-18,0.0,31.88,48.9,13.74,213.3,IMD_NORMALS_SYNTHETIC
2019-05-19,0.0,36.62,48.3,7.08,246.5,IMD_NORMALS_SYNTHETIC
2019-05-20,0.0,34.55,39.9,5.55,194.3,IMD_NORMALS_SYNTHETIC
2019-05-21,0.0,34.76,45.8,14.04,196.4,IMD_NORMALS_SYNTHETIC
2019-05-22,0.0,33.78,38.9,5.41,212.7,IMD_NORMALS_SYNTHETIC
2019-05-23,0.0,33.57,37.0,9.88,190.7,IMD_NORMALS_SYNTHETIC
2019-05-24,0.0,37.52,41.1,7.03,236.0,IMD_NORMALS_SYNTHETIC
2019-05-25,0.0,37.41,40.6,6.94,240.9,IMD_NORMALS_SYNTHETIC
2019-05-26,0.0,36.38,41.7,7.91,215.9,IMD_NORMALS_SYNTHETIC
2019-05-27,0.0,33.82,27.5,6.17,222.6,IMD_NORMALS_SYNTHETIC
2019-05-28,0.0,37.18,43.8,10.58,241.7,IMD_NORMALS_SYNTHETIC
2019-05-29,0.0,36.97,50.4,6.3,212.1,IMD_NORMALS_SYNTHETIC
2019-05-30,0.0,34.37,33.8,6.57,230.5,IMD_NORMALS_SYNTHETIC
2019-05-31,0.0,33.63,43.4,9.34,226.9,IMD_NORMALS_SYNTHETIC
2019-06-01,2.617,34.91,64.7,6.71,204.1,IMD_NORMALS_SYNTHETIC
2019-06-02,0.0,33.11,61.2,6.65,234.0,IMD_NORMALS_SYNTHETIC
2019-06-03,0.0,33.81,70.1,9.53,259.3,IMD_NORMALS_SYNTHETIC
2019-06-04,0.0,30.11,64.8,7.59,252.5,IMD_NORMALS_SYNTHETIC
2019-06-05,0.0,29.54,60.9,5.8,231.9,IMD_NORMALS_SYNTHETIC
2019-06-06,0.0,29.56,62.0,6.37,237.5,IMD_NORMALS_SYNTHETIC
2019-06-07,0.0,33.47,63.7,5.71,248.5,IMD_NORMALS_SYNTHETIC
2019-06-08,25.166,29.24,52.4,8.85,227.9,IMD_NORMALS_SYNTHETIC
2019-06-09,0.0,30.73,66.5,6.3,210.2,IMD_NORMALS_SYNTHETIC
2019-06-10,5.778,29.96,64.6,7.24,224.0,IMD_NORMALS_SYNTHETIC
2019-06-11,1.503,30.99,65.6,7.6,253.0,IMD_NORMALS_SYNTHETIC
2019-06-12,0.0,32.57,59.4,9.89,234.3,IMD_NORMALS_SYNTHETIC
2019-06-13,0.0,30.1,62.3,9.92,231.5,IMD_NORMALS_SYNTHETIC
2019-06-14,0.0,29.91,69.4,3.63,260.3,IMD_NORMALS_SYNTHETIC
2019-06-15,0.0,31.03,66.5,9.6,251.3,IMD_NORMALS_SYNTHETIC
2019-06-16,2.959,35.89,64.4,6.56,212.4,IMD_NORMALS_SYNTHETIC
2019-06-17,0.0,31.93,65.5,14.43,221.0,IMD_NORMALS_SYNTHETIC
2019-06-18,0.0,32.59,67.1,8.09,256.2,IMD_NORMALS_SYNTHETIC
2019-06-19,0.0,31.03,52.5,7.74,229.2,IMD_NORMALS_SYNTHETIC
2019-06-20,0.0,31.3,69.6,10.04,253.6,IMD_NORMALS_SYNTHETIC
2019-06-21,0.0,29.11,60.9,8.26,230.6,IMD_NORMALS_SYNTHETIC
2019-06-22,19.678,29.47,59.4,11.06,257.4,IMD_NORMALS_SYNTHETIC
2019-06-23,0.0,33.0,66.4,10.37,223.8,IMD_NORMALS_SYNTHETIC
2019-06-24,32.259,30.81,57.9,10.98,212.3,IMD_NORMALS_SYNTHETIC
2019-06-25,0.0,29.72,59.4,6.67,229.1,IMD_NORMALS_SYNTHETIC
2019-06-26,0.0,29.71,56.7,4.45,250.7,IMD_NORMALS_SYNTHETIC
2019-06-27,0.0,30.9,54.8,9.03,240.6,IMD_NORMALS_SYNTHETIC
2019-06-28,0.334,32.31,71.0,8.7,219.8,IMD_NORMALS_SYNTHETIC
2019-06-29,26.263,30.13,59.8,10.33,240.0,IMD_NORMALS_SYNTHETIC
2019-06-30,0.0,28.71,56.5,6.09,232.5,IMD_NORMALS_SYNTHETIC
2019-07-01,0.748,30.4,73.2,7.96,222.9,IMD_NORMALS_SYNTHETIC
2019-07-02,2.007,29.49,72.0,4.29,205.5,IMD_NORMALS_SYNTHETIC
2019-07-03,0.0,26.82,73.0,10.26,235.3,IMD_NORMALS_SYNTHETIC
2019-07-04,0.0,29.06,83.7,4.41,226.0,IMD_NORMALS_SYNTHETIC
2019-07-05,2.349,28.68,69.7,7.2,204.4,IMD_NORMALS_SYNTHETIC
2019-07-06,2.991,25.82,78.3,4.96,257.8,IMD_NORMALS_SYNTHETIC
2019-07-07,0.0,32.03,81.7,4.31,235.7,IMD_NORMALS_SYNTHETIC
2019-07-08,0.0,27.57,72.2,13.23,197.0,IMD_NORMALS_SYNTHETIC
2019-07-09,52.595,31.45,68.4,8.31,245.2,IMD_NORMALS_SYNTHETIC
2019-07-10,2.732,30.02,73.7,11.79,251.7,IMD_NORMALS_SYNTHETIC
2019-07-11,5.369,32.1,73.7,8.27,222.5,IMD_NORMALS_SYNTHETIC
2019-07-12,0.0,26.96,72.6,8.15,224.5,IMD_NORMALS_SYNTHETIC
2019-07-13,1.04,31.41,73.5,5.17,210.3,IMD_NORMALS_SYNTHETIC
2019-07-14,0.0,29.1,86.1,5.03,222.3,IMD_NORMALS_SYNTHETIC
2019-07-15,0.0,28.79,79.2,6.84,210.0,IMD_NORMALS_SYNTHETIC
2019-07-16,0.52,29.77,76.8,8.64,220.4,IMD_NORMALS_SYNTHETIC
2019-07-17,0.0,29.98,76.5,13.31,282.9,IMD_NORMALS_SYNTHETIC
2019-07-18,0.0,31.13,69.7,2.66,230.6,IMD_NORMALS_SYNTHETIC
2019-07-19,0.0,29.55,70.5,13.9,230.1,IMD_NORMALS_SYNTHETIC
2019-07-20,0.0,28.15,71.0,9.93,207.3,IMD_NORMALS_SYNTHETIC
2019-07-21,11.482,28.46,79.2,3.84,211.0,IMD_NORMALS_SYNTHETIC
2019-07-22,0.0,29.39,73.6,6.66,225.3,IMD_NORMALS_SYNTHETIC
2019-07-23,2.073,29.64,74.6,8.62,234.9,IMD_NORMALS_SYNTHETIC
2019-07-24,5.382,28.87,75.5,7.07,237.8,IMD_NORMALS_SYNTHETIC
2019-07-25,0.0,29.99,69.4,6.39,224.7,IMD_NORMALS_SYNTHETIC
2019-07-26,24.778,29.18,73.7,12.87,205.8,IMD_NORMALS_SYNTHETIC
2019-07-27,0.0,30.78,67.6,4.95,216.5,IMD_NORMALS_SYNTHETIC
2019-07-28,0.0,28.37,65.3,4.75,229.0,IMD_NORMALS_SYNTHETIC
2019-07-29,0.0,26.17,69.8,13.48,216.5,IMD_NORMALS_SYNTHETIC
2019-07-30,0.0,27.01,78.9,19.15,208.0,IMD_NORMALS_SYNTHETIC
2019-07-31,0.0,28.95,77.0,10.76,226.9,IMD_NORMALS_SYNTHETIC
2019-08-01,0.0,25.04,83.2,6.8,223.9,IMD_NORMALS_SYNTHETIC
2019-08-02,0.0,28.32,77.1,6.85,213.7,IMD_NORMALS_SYNTHETIC
2019-08-03,0.0,29.33,73.4,9.35,202.9,IMD_NORMALS_SYNTHETIC
2019-08-04,0.0,31.41,76.6,12.27,184.1,IMD_NORMALS_SYNTHETIC
2019-08-05,0.0,27.25,73.4,3.14,209.1,IMD_NORMALS_SYNTHETIC
2019-08-06,2.835,31.46,73.2,7.22,211.1,IMD_NORMALS_SYNTHETIC
2019-08-07,0.0,30.5,76.6,6.87,203.8,IMD_NORMALS_SYNTHETIC
2019-08-08,0.0,28.98,70.2,9.54,197.2,IMD_NORMALS_SYNTHETIC
2019-08-09,0.0,25.11,80.1,9.98,228.5,IMD_NORMALS_SYNTHETIC
2019-08-10,0.0,24.7,78.2,10.5,227.2,IMD_NORMALS_SYNTHETIC
2019-08-11,3.018,29.72,70.2,7.12,238.9,IMD_NORMALS_SYNTHETIC
2019-08-12,25.762,29.56,73.8,6.37,207.4,IMD_NORMALS_SYNTHETIC
2019-08-13,0.0,28.15,77.6,4.89,196.5,IMD_NORMALS_SYNTHETIC
2019-08-14,0.0,31.31,79.4,1.85,226.8,IMD_NORMALS_SYNTHETIC
2019-08-15,0.0,28.3,72.0,10.11,210.0,IMD_NORMALS_SYNTHETIC
2019-08-16,0.0,28.73,83.6,9.7,207.4,IMD_NORMALS_SYNTHETIC
2019-08-17,0.0,24.61,74.2,10.84,199.6,IMD_NORMALS_SYNTHETIC
2019-08-18,1.115,30.11,64.0,11.08,213.0,IMD_NORMALS_SYNTHETIC
2019-08-19,56.668,28.41,75.4,6.69,238.7,IMD_NORMALS_SYNTHETIC
2019-08-20,63.866,27.29,70.0,7.73,185.3,IMD_NORMALS_SYNTHETIC
2019-08-21,0.0,28.02,67.9,10.5,205.1,IMD_NORMALS_SYNTHETIC
2019-08-22,0.0,31.57,68.5,10.83,206.1,IMD_NORMALS_SYNTHETIC
2019-08-23,1.512,29.03,74.3,7.8,221.1,IMD_NORMALS_SYNTHETIC
2019-08-24,0.0,29.46,76.7,10.88,174.3,IMD_NORMALS_SYNTHETIC
2019-08-25,0.0,29.29,79.3,14.51,188.9,IMD_NORMALS_SYNTHETIC
2019-08-26,0.0,30.85,70.8,4.12,179.3,IMD_NORMALS_SYNTHETIC
2019-08-27,0.0,28.74,76.8,9.66,204.4,IMD_NORMALS_SYNTHETIC
2019-08-28,0.0,26.47,78.2,7.8,224.3,IMD_NORMALS_SYNTHETIC
2019-08-29,0.0,28.41,76.5,6.45,255.6,IMD_NORMALS_SYNTHETIC
2019-08-30,0.0,31.36,73.9,11.15,230.8,IMD_NORMALS_SYNTHETIC
2019-08-31,0.0,29.42,72.0,12.34,217.3,IMD_NORMALS_SYNTHETIC
2019-09-01,0.0,26.66,74.9,9.38,230.4,IMD_NORMALS_SYNTHETIC
2019-09-02,0.0,27.27,77.0,10.69,244.1,IMD_NORMALS_SYNTHETIC
2019-09-03,0.0,27.32,63.0,8.14,222.1,IMD_NORMALS_SYNTHETIC
2019-09-04,22.681,27.49,77.3,6.13,188.5,IMD_NORMALS_SYNTHETIC
2019-09-05,0.0,28.25,74.8,10.11,233.3,IMD_NORMALS_SYNTHETIC
2019-09-06,0.0,30.61,77.1,0.98,187.8,IMD_NORMALS_SYNTHETIC
2019-09-07,0.0,29.83,73.5,12.87,185.5,IMD_NORMALS_SYNTHETIC
2019-09-08,34.432,29.56,72.2,8.65,169.9,IMD_NORMALS_SYNTHETIC
2019-09-09,6.611,26.76,76.4,8.23,223.7,IMD_NORMALS_SYNTHETIC
2019-09-10,16.697,27.2,59.8,3.97,192.5,IMD_NORMALS_SYNTHETIC
2019-09-11,0.0,29.0,68.8,7.41,223.0,IMD_NORMALS_SYNTHETIC
2019-09-12,0.0,28.47,65.4,8.17,158.0,IMD_NORMALS_SYNTHETIC
2019-09-13,0.0,29.1,71.5,2.41,176.3,IMD_NORMALS_SYNTHETIC
2019-09-14,8.566,28.51,81.7,12.66,214.5,IMD_NORMALS_SYNTHETIC
2019-09-15,0.0,29.19,69.2,15.1,199.4,IMD_NORMALS_SYNTHETIC
2019-09-16,0.0,32.51,72.7,8.56,202.3,IMD_NORMALS_SYNTHETIC
2019-09-17,0.244,29.53,77.3,7.31,204.6,IMD_NORMALS_SYNTHETIC
2019-09-18,6.484,28.37,74.0,9.0,141.1,IMD_NORMALS_SYNTHETIC
2019-09-19,4.005,27.83,70.1,9.03,202.2,IMD_NORMALS_SYNTHETIC
2019-09-20,6.107,26.88,69.6,9.25,216.9,IMD_NORMALS_SYNTHETIC
2019-09-21,0.0,27.52,71.1,8.45,214.0,IMD_NORMALS_SYNTHETIC
2019-09-22,0.651,31.22,72.6,5.24,157.4,IMD_NORMALS_SYNTHETIC
2019-09-23,0.0,27.97,77.1,6.68,152.6,IMD_NORMALS_SYNTHETIC
2019-09-24,0.0,32.72,67.5,4.63,203.2,IMD_NORMALS_SYNTHETIC
2019-09-25,22.739,28.98,69.6,4.29,164.1,IMD_NORMALS_SYNTHETIC
2019-09-26,11.404,29.2,78.1,1.86,183.0,IMD_NORMALS_SYNTHETIC
2019-09-27,0.0,26.7,75.6,1.07,211.7,IMD_NORMALS_SYNTHETIC
2019-09-28,13.655,27.16,71.7,8.66,183.0,IMD_NORMALS_SYNTHETIC
2019-09-29,0.0,28.83,78.3,3.34,204.1,IMD_NORMALS_SYNTHETIC
2019-09-30,1.555,33.5,76.1,12.22,215.7,IMD_NORMALS_SYNTHETIC
2019-10-01,0.0,28.22,65.6,1.93,192.7,IMD_NORMALS_SYNTHETIC
2019-10-02,0.0,28.29,57.7,5.55,220.6,IMD_NORMALS_SYNTHETIC
2019-10-03,0.0,25.96,63.7,4.54,181.5,IMD_NORMALS_SYNTHETIC
2019-10-04,0.0,27.32,60.7,4.41,215.2,IMD_NORMALS_SYNTHETIC
2019-10-05,0.0,27.67,65.2,2.02,197.0,IMD_NORMALS_SYNTHETIC
2019-10-06,12.644,23.93,65.1,8.85,183.3,IMD_NORMALS_SYNTHETIC
2019-10-07,0.0,27.98,73.2,3.92,207.6,IMD_NORMALS_SYNTHETIC
2019-10-08,0.0,27.41,62.7,6.02,179.5,IMD_NORMALS_SYNTHETIC
2019-10-09,22.921,32.18,68.5,4.67,157.1,IMD_NORMALS_SYNTHETIC
2019-10-10,0.0,28.49,64.5,6.74,186.5,IMD_NORMALS_SYNTHETIC
2019-10-11,1.648,27.74,72.9,5.32,173.0,IMD_NORMALS_SYNTHETIC
2019-10-12,0.0,27.64,61.2,13.75,168.2,IMD_NORMALS_SYNTHETIC
2019-10-13,0.0,29.95,75.0,3.35,203.2,IMD_NORMALS_SYNTHETIC
2019-10-14,0.0,28.72,70.0,11.41,165.2,IMD_NORMALS_SYNTHETIC
2019-10-15,24.767,22.9,61.8,10.41,136.9,IMD_NORMALS_SYNTHETIC
2019-10-16,0.0,26.8,67.8,8.27,197.6,IMD_NORMALS_SYNTHETIC
2019-10-17,0.0,30.27,59.1,6.3,184.8,IMD_NORMALS_SYNTHETIC
2019-10-18,0.0,26.61,69.8,8.27,162.5,IMD_NORMALS_SYNTHETIC
2019-10-19,0.0,29.07,64.0,5.6,192.4,IMD_NORMALS_SYNTHETIC
2019-10-20,12.001,25.92,52.7,11.11,222.2,IMD_NORMALS_SYNTHETIC
2019-10-21,0.0,26.91,62.3,13.7,169.7,IMD_NORMALS_SYNTHETIC
2019-10-22,0.0,26.57,67.8,7.52,144.8,IMD_NORMALS_SYNTHETIC
2019-10-23,0.0,30.08,72.8,11.14,219.8,IMD_NORMALS_SYNTHETIC
2019-10-24,0.0,27.49,68.4,5.97,184.6,IMD_NORMALS_SYNTHETIC
2019-10-25,0.0,25.68,64.4,2.09,202.4,IMD_NORMALS_SYNTHETIC
2019-10-26,0.0,29.38,64.6,8.68,213.7,IMD_NORMALS_SYNTHETIC
2019-10-27,0.0,25.9,66.0,8.46,171.4,IMD_NORMALS_SYNTHETIC
2019-10-28,0.0,28.76,61.7,5.43,179.8,IMD_NORMALS_SYNTHETIC
2019-10-29,0.0,28.65,66.3,9.81,162.8,IMD_NORMALS_SYNTHETIC
2019-10-30,0.0,30.49,66.8,6.6,226.6,IMD_NORMALS_SYNTHETIC
2019-10-31,0.0,25.96,62.5,7.72,163.4,IMD_NORMALS_SYNTHETIC
2019-11-01,0.0,26.02,59.3,10.16,135.9,IMD_NORMALS_SYNTHETIC
2019-11-02,0.0,28.21,52.5,4.37,148.9,IMD_NORMALS_SYNTHETIC
2019-11-03,0.0,27.85,62.1,11.43,158.0,IMD_NORMALS_SYNTHETIC
2019-11-04,0.0,25.0,58.5,4.31,202.2,IMD_NORMALS_SYNTHETIC
2019-11-05,0.0,22.57,56.9,10.87,163.9,IMD_NORMALS_SYNTHETIC
2019-11-06,0.0,28.43,55.9,10.38,169.4,IMD_NORMALS_SYNTHETIC
2019-11-07,0.0,25.24,63.2,3.81,181.6,IMD_NORMALS_SYNTHETIC
2019-11-08,0.0,25.97,59.3,5.79,191.2,IMD_NORMALS_SYNTHETIC
2019-11-09,0.0,25.57,67.7,10.02,179.3,IMD_NORMALS_SYNTHETIC
2019-11-10,0.0,27.57,53.0,1.88,171.9,IMD_NORMALS_SYNTHETIC
2019-11-11,17.35,28.66,50.7,10.17,170.1,IMD_NORMALS_SYNTHETIC
2019-11-12,0.0,24.14,63.7,3.69,151.6,IMD_NORMALS_SYNTHETIC
2019-11-13,14.887,26.99,58.5,6.28,193.9,IMD_NORMALS_SYNTHETIC
2019-11-14,0.0,24.91,57.7,7.36,151.9,IMD_NORMALS_SYNTHETIC
2019-11-15,0.0,28.19,59.6,6.18,120.3,IMD_NORMALS_SYNTHETIC
2019-11-16,0.0,24.55,60.8,11.29,150.0,IMD_NORMALS_SYNTHETIC
2019-11-17,0.0,25.77,61.4,10.29,126.5,IMD_NORMALS_SYNTHETIC
2019-11-18,0.0,26.46,54.2,15.92,136.1,IMD_NORMALS_SYNTHETIC
2019-11-19,2.483,26.64,60.5,6.64,158.6,IMD_NORMALS_SYNTHETIC
2019-11-20,0.0,29.7,62.3,7.72,179.6,IMD_NORMALS_SYNTHETIC
2019-11-21,0.0,28.1,64.8,5.72,164.2,IMD_NORMALS_SYNTHETIC
2019-11-22,0.0,25.41,55.1,8.83,159.3,IMD_NORMALS_SYNTHETIC
2019-11-23,0.0,24.35,56.2,8.14,177.3,IMD_NORMALS_SYNTHETIC
2019-11-24,25.647,27.38,61.9,7.51,163.9,IMD_NORMALS_SYNTHETIC
2019-11-25,0.0,26.35,51.0,9.5,190.0,IMD_NORMALS_SYNTHETIC
2019-11-26,0.0,26.46,56.4,7.65,163.8,IMD_NORMALS_SYNTHETIC
2019-11-27,0.0,26.84,56.3,4.5,153.3,IMD_NORMALS_SYNTHETIC
2019-11-28,0.0,26.58,55.0,9.95,150.8,IMD_NORMALS_SYNTHETIC
2019-11-29,0.0,28.74,56.2,6.15,197.7,IMD_NORMALS_SYNTHETIC
2019-11-30,0.0,27.96,56.4,5.4,168.8,IMD_NORMALS_SYNTHETIC
2019-12-01,0.0,22.32,58.9,13.98,151.9,IMD_NORMALS_SYNTHETIC
2019-12-02,0.0,24.55,54.1,2.87,151.5,IMD_NORMALS_SYNTHETIC
2019-12-03,0.0,24.09,47.5,8.9,167.6,IMD_NORMALS_SYNTHETIC
2019-12-04,0.0,29.02,44.7,9.97,133.2,IMD_NORMALS_SYNTHETIC
2019-12-05,0.0,21.92,59.9,7.5,136.2,IMD_NORMALS_SYNTHETIC
2019-12-06,0.0,25.6,54.1,9.0,163.5,IMD_NORMALS_SYNTHETIC
2019-12-07,0.0,26.48,50.7,10.79,147.7,IMD_NORMALS_SYNTHETIC
2019-12-08,0.0,24.54,53.5,6.51,212.6,IMD_NORMALS_SYNTHETIC
2019-12-09,0.0,22.87,58.1,9.37,151.4,IMD_NORMALS_SYNTHETIC
2019-12-10,0.0,22.89,52.9,8.48,119.9,IMD_NORMALS_SYNTHETIC
2019-12-11,0.0,26.45,57.2,4.53,147.3,IMD_NORMALS_SYNTHETIC
2019-12-12,0.0,28.55,50.1,8.17,155.0,IMD_NORMALS_SYNTHETIC
2019-12-13,0.0,24.36,60.6,7.82,187.6,IMD_NORMALS_SYNTHETIC
2019-12-14,0.0,24.34,54.0,6.79,143.5,IMD_NORMALS_SYNTHETIC
2019-12-15,0.0,22.22,43.2,11.35,135.7,IMD_NORMALS_SYNTHETIC
2019-12-16,0.0,27.72,55.7,5.48,138.8,IMD_NORMALS_SYNTHETIC
2019-12-17,0.0,24.66,58.7,10.57,131.5,IMD_NORMALS_SYNTHETIC
2019-12-18,0.0,23.83,53.5,13.08,153.0,IMD_NORMALS_SYNTHETIC
2019-12-19,0.0,24.86,59.8,10.47,141.9,IMD_NORMALS_SYNTHETIC
2019-12-20,0.0,23.05,64.1,5.96,191.0,IMD_NORMALS_SYNTHETIC
2019-12-21,0.0,25.05,46.7,10.06,155.2,IMD_NORMALS_SYNTHETIC
2019-12-22,0.0,24.93,47.2,9.93,142.5,IMD_NORMALS_SYNTHETIC
2019-12-23,0.0,26.98,58.4,8.87,142.9,IMD_NORMALS_SYNTHETIC
2019-12-24,0.0,20.84,56.1,6.55,162.2,IMD_NORMALS_SYNTHETIC
2019-12-25,0.0,22.48,51.7,8.82,121.7,IMD_NORMALS_SYNTHETIC
2019-12-26,9.307,20.95,56.5,8.82,155.4,IMD_NORMALS_SYNTHETIC
2019-12-27,0.0,24.05,55.6,9.45,123.4,IMD_NORMALS_SYNTHETIC
2019-12-28,0.0,22.68,47.8,9.07,163.8,IMD_NORMALS_SYNTHETIC
2019-12-29,0.0,18.09,64.4,6.45,152.9,IMD_NORMALS_SYNTHETIC
2019-12-30,0.0,20.45,53.1,3.01,157.4,IMD_NORMALS_SYNTHETIC
2019-12-31,0.0,22.88,54.6,9.55,118.7,IMD_NORMALS_SYNTHETIC
2020-01-01,0.0,22.18,50.5,3.88,175.1,IMD_NORMALS_SYNTHETIC
2020-01-02,0.0,26.78,48.4,2.9,168.9,IMD_NORMALS_SYNTHETIC
2020-01-03,0.0,27.03,46.7,6.27,196.8,IMD_NORMALS_SYNTHETIC
2020-01-04,0.0,24.43,42.8,10.05,174.5,IMD_NORMALS_SYNTHETIC
2020-01-05,0.0,22.79,55.2,9.86,149.4,IMD_NORMALS_SYNTHETIC
2020-01-06,0.0,22.01,47.9,8.82,171.2,IMD_NORMALS_SYNTHETIC
2020-01-07,0.0,27.4,44.9,10.53,169.6,IMD_NORMALS_SYNTHETIC
2020-01-08,0.0,26.64,54.0,7.94,165.6,IMD_NORMALS_SYNTHETIC
2020-01-09,0.0,28.06,48.0,9.39,155.1,IMD_NORMALS_SYNTHETIC
2020-01-10,0.0,25.31,53.0,9.46,221.8,IMD_NORMALS_SYNTHETIC
2020-01-11,0.0,21.92,55.4,7.62,220.9,IMD_NORMALS_SYNTHETIC
2020-01-12,0.0,25.16,46.9,11.01,160.0,IMD_NORMALS_SYNTHETIC
2020-01-13,0.0,25.47,44.2,11.53,152.4,IMD_NORMALS_SYNTHETIC
2020-01-14,0.0,24.32,58.7,7.06,171.0,IMD_NORMALS_SYNTHETIC
2020-01-15,2.008,23.1,57.5,9.31,131.5,IMD_NORMALS_SYNTHETIC
2020-01-16,0.0,23.65,42.5,9.08,141.5,IMD_NORMALS_SYNTHETIC
2020-01-17,0.0,28.08,57.1,3.65,161.0,IMD_NORMALS_SYNTHETIC
2020-01-18,0.0,23.9,54.1,9.24,166.0,IMD_NORMALS_SYNTHETIC
2020-01-19,0.0,23.54,56.2,6.5,163.4,IMD_NORMALS_SYNTHETIC
2020-01-20,0.0,29.2,51.6,1.02,175.4,IMD_NORMALS_SYNTHETIC
2020-01-21,0.0,23.44,51.6,4.17,181.6,IMD_NORMALS_SYNTHETIC
2020-01-22,0.0,22.82,43.6,9.27,184.4,IMD_NORMALS_SYNTHETIC
2020-01-23,1.677,24.77,55.7,3.42,163.7,IMD_NORMALS_SYNTHETIC
2020-01-24,0.0,24.54,60.7,7.16,153.5,IMD_NORMALS_SYNTHETIC
2020-01-25,0.0,25.59,49.8,8.13,140.9,IMD_NORMALS_SYNTHETIC
2020-01-26,0.0,27.0,63.0,10.29,184.0,IMD_NORMALS_SYNTHETIC
2020-01-27,0.0,25.78,50.1,7.47,163.3,IMD_NORMALS_SYNTHETIC
2020-01-28,0.0,26.05,51.3,5.24,168.3,IMD_NORMALS_SYNTHETIC
2020-01-29,0.0,26.14,44.7,4.82,175.0,IMD_NORMALS_SYNTHETIC
2020-01-30,0.0,24.93,56.4,6.61,191.1,IMD_NORMALS_SYNTHETIC
2020-01-31,0.0,23.65,46.1,8.27,173.6,IMD_NORMALS_SYNTHETIC
2020-02-01,0.0,27.73,41.1,5.25,173.5,IMD_NORMALS_SYNTHETIC
2020-02-02,0.0,25.34,34.0,11.72,165.1,IMD_NORMALS_SYNTHETIC
2020-02-03,0.0,27.49,37.5,7.64,160.7,IMD_NORMALS_SYNTHETIC
2020-02-04,0.0,28.87,34.2,4.29,179.8,IMD_NORMALS_SYNTHETIC
2020-02-05,0.0,31.52,45.5,6.19,197.9,IMD_NORMALS_SYNTHETIC
2020-02-06,0.0,27.25,44.7,8.52,146.1,IMD_NORMALS_SYNTHETIC
2020-02-07,0.0,27.9,52.4,10.31,158.4,IMD_NORMALS_SYNTHETIC
2020-02-08,0.0,27.89,51.7,7.15,175.0,IMD_NORMALS_SYNTHETIC
2020-02-09,0.0,29.46,43.9,4.63,182.6,IMD_NORMALS_SYNTHETIC
2020-02-10,0.0,27.74,45.8,4.33,180.0,IMD_NORMALS_SYNTHETIC
2020-02-11,0.0,28.07,52.1,10.28,175.4,IMD_NORMALS_SYNTHETIC
2020-02-12,0.0,31.54,33.6,7.1,194.6,IMD_NORMALS_SYNTHETIC
2020-02-13,0.0,26.68,39.9,11.14,222.3,IMD_NORMALS_SYNTHETIC
2020-02-14,0.0,24.71,49.2,4.56,174.5,IMD_NORMALS_SYNTHETIC
2020-02-15,0.0,25.29,50.6,8.98,157.8,IMD_NORMALS_SYNTHETIC
2020-02-16,0.0,27.08,39.7,6.27,182.0,IMD_NORMALS_SYNTHETIC
2020-02-17,14.998,25.36,54.4,7.29,179.7,IMD_NORMALS_SYNTHETIC
2020-02-18,22.564,25.89,45.7,10.89,192.2,IMD_NORMALS_SYNTHETIC
2020-02-19,0.0,26.31,44.6,5.06,178.6,IMD_NORMALS_SYNTHETIC
2020-02-20,0.0,27.24,46.0,11.41,166.6,IMD_NORMALS_SYNTHETIC
2020-02-21,0.0,29.52,33.7,10.46,160.7,IMD_NORMALS_SYNTHETIC
2020-02-22,0.0,25.44,48.9,12.98,172.5,IMD_NORMALS_SYNTHETIC
2020-02-23,0.0,27.72,38.7,11.2,191.7,IMD_NORMALS_SYNTHETIC
2020-02-24,0.0,27.34,46.2,7.39,162.3,IMD_NORMALS_SYNTHETIC
2020-02-25,0.0,27.79,41.5,10.06,149.2,IMD_NORMALS_SYNTHETIC
2020-02-26,0.0,27.62,32.2,4.8,179.0,IMD_NORMALS_SYNTHETIC
2020-02-27,0.0,25.72,52.4,7.57,180.2,IMD_NORMALS_SYNTHETIC
2020-02-28,0.0,27.63,49.9,7.1,173.5,IMD_NORMALS_SYNTHETIC
2020-02-29,0.0,24.66,44.2,14.15,193.6,IMD_NORMALS_SYNTHETIC
2020-03-01,0.0,34.0,37.6,8.79,246.7,IMD_NORMALS_SYNTHETIC
2020-03-02,0.0,33.51,35.8,8.82,149.3,IMD_NORMALS_SYNTHETIC
2020-03-03,0.0,31.32,34.9,7.63,198.0,IMD_NORMALS_SYNTHETIC
2020-03-04,0.0,30.9,32.9,8.52,175.1,IMD_NORMALS_SYNTHETIC
2020-03-05,0.0,32.27,42.2,4.43,193.0,IMD_NORMALS_SYNTHETIC
2020-03-06,0.0,30.81,35.3,6.07,187.8,IMD_NORMALS_SYNTHETIC
2020-03-07,0.0,29.88,44.3,4.7,219.3,IMD_NORMALS_SYNTHETIC
2020-03-08,5.513,31.41,39.9,6.89,153.0,IMD_NORMALS_SYNTHETIC
2020-03-09,0.0,28.58,44.1,2.26,152.4,IMD_NORMALS_SYNTHETIC
2020-03-10,0.0,32.88,37.9,5.32,196.7,IMD_NORMALS_SYNTHETIC
2020-03-11,0.0,30.05,44.5,5.88,176.7,IMD_NORMALS_SYNTHETIC
2020-03-12,0.0,28.71,28.6,8.75,193.4,IMD_NORMALS_SYNTHETIC
2020-03-13,0.0,31.76,36.1,7.89,203.6,IMD_NORMALS_SYNTHETIC
2020-03-14,0.0,26.2,35.4,12.5,200.8,IMD_NORMALS_SYNTHETIC
2020-03-15,0.0,31.95,45.4,2.61,203.0,IMD_NORMALS_SYNTHETIC
2020-03-16,0.0,31.06,38.4,5.82,157.0,IMD_NORMALS_SYNTHETIC
2020-03-17,0.0,34.0,40.2,4.03,211.3,IMD_NORMALS_SYNTHETIC
2020-03-18,0.0,29.41,36.3,6.03,175.8,IMD_NORMALS_SYNTHETIC
2020-03-19,0.0,31.84,30.0,5.33,215.7,IMD_NORMALS_SYNTHETIC
2020-03-20,0.0,32.25,36.4,10.62,169.0,IMD_NORMALS_SYNTHETIC
2020-03-21,0.0,29.02,41.8,5.25,170.1,IMD_NORMALS_SYNTHETIC
2020-03-22,0.0,31.05,43.7,6.57,204.9,IMD_NORMALS_SYNTHETIC
2020-03-23,0.0,28.86,36.1,4.42,174.2,IMD_NORMALS_SYNTHETIC
2020-03-24,0.0,32.68,39.3,5.92,170.8,IMD_NORMALS_SYNTHETIC
2020-03-25,0.0,32.4,40.9,8.58,188.2,IMD_NORMALS_SYNTHETIC
2020-03-26,2.332,30.71,35.2,2.13,176.0,IMD_NORMALS_SYNTHETIC
2020-03-27,0.0,26.07,32.0,10.52,162.2,IMD_NORMALS_SYNTHETIC
2020-03-28,0.0,33.36,34.5,11.51,200.4,IMD_NORMALS_SYNTHETIC
2020-03-29,0.0,31.9,40.1,4.52,173.4,IMD_NORMALS_SYNTHETIC
2020-03-30,0.0,30.47,37.6,5.6,166.8,IMD_NORMALS_SYNTHETIC
2020-03-31,0.0,29.88,39.2,9.55,177.0,IMD_NORMALS_SYNTHETIC
2020-04-01,0.0,33.28,33.9,12.95,250.9,IMD_NORMALS_SYNTHETIC
2020-04-02,0.0,35.05,32.8,3.07,223.8,IMD_NORMALS_SYNTHETIC
2020-04-03,0.0,33.39,39.7,7.67,187.3,IMD_NORMALS_SYNTHETIC
2020-04-04,0.0,33.08,36.2,3.04,250.6,IMD_NORMALS_SYNTHETIC
2020-04-05,0.0,38.0,35.4,8.78,204.1,IMD_NORMALS_SYNTHETIC
2020-04-06,0.0,33.79,33.1,3.93,237.7,IMD_NORMALS_SYNTHETIC
2020-04-07,0.0,34.88,41.9,7.27,175.6,IMD_NORMALS_SYNTHETIC
2020-04-08,0.0,32.09,45.5,8.06,215.0,IMD_NORMALS_SYNTHETIC
2020-04-09,0.0,33.95,31.7,5.64,236.0,IMD_NORMALS_SYNTHETIC
2020-04-10,0.0,34.57,34.8,9.87,180.4,IMD_NORMALS_SYNTHETIC
2020-04-11,22.088,35.48,34.3,10.36,213.6,IMD_NORMALS_SYNTHETIC
2020-04-12,0.0,32.89,39.2,5.25,202.9,IMD_NORMALS_SYNTHETIC
2020-04-13,0.0,35.48,36.9,7.34,151.5,IMD_NORMALS_SYNTHETIC
2020-04-14,0.0,34.12,33.5,4.35,234.4,IMD_NORMALS_SYNTHETIC
2020-04-15,0.0,35.27,31.6,9.74,223.3,IMD_NORMALS_SYNTHETIC
2020-04-16,13.554,31.29,35.2,10.41,224.8,IMD_NORMALS_SYNTHETIC
2020-04-17,0.0,35.88,39.9,9.44,225.9,IMD_NORMALS_SYNTHETIC
2020-04-18,0.0,34.39,39.3,5.88,221.5,IMD_NORMALS_SYNTHETIC
2020-04-19,0.0,34.72,30.9,5.79,194.4,IMD_NORMALS_SYNTHETIC
2020-04-20,0.0,34.49,51.0,8.67,173.9,IMD_NORMALS_SYNTHETIC
2020-04-21,0.0,30.42,40.8,6.69,210.4,IMD_NORMALS_SYNTHETIC
2020-04-22,0.0,34.51,35.9,9.3,180.2,IMD_NORMALS_SYNTHETIC
2020-04-23,0.0,33.48,39.7,7.53,221.4,IMD_NORMALS_SYNTHETIC
2020-04-24,0.0,33.1,34.0,4.63,237.3,IMD_NORMALS_SYNTHETIC
2020-04-25,0.0,34.04,34.0,5.08,206.2,IMD_NORMALS_SYNTHETIC
2020-04-26,0.0,34.33,28.9,10.07,174.3,IMD_NORMALS_SYNTHETIC
2020-04-27,0.0,35.09,38.9,8.19,186.0,IMD_NORMALS_SYNTHETIC
2020-04-28,0.0,35.96,33.6,12.5,231.9,IMD_NORMALS_SYNTHETIC
2020-04-29,0.0,38.32,32.8,3.45,167.0,IMD_NORMALS_SYNTHETIC
2020-04-30,0.0,34.22,38.6,11.9,204.5,IMD_NORMALS_SYNTHETIC
2020-05-01,0.0,34.9,38.6,6.93,248.8,IMD_NORMALS_SYNTHETIC
2020-05-02,0.0,32.93,41.4,14.72,233.7,IMD_NORMALS_SYNTHETIC
2020-05-03,0.0,37.13,44.9,4.89,219.1,IMD_NORMALS_SYNTHETIC
2020-05-04,0.0,35.22,38.0,4.58,214.1,IMD_NORMALS_SYNTHETIC
2020-05-05,0.0,34.48,48.2,6.56,231.6,IMD_NORMALS_SYNTHETIC
2020-05-06,0.0,37.65,43.3,12.39,226.7,IMD_NORMALS_SYNTHETIC
2020-05-07,0.0,34.73,41.3,8.13,222.6,IMD_NORMALS_SYNTHETIC
2020-05-08,0.0,33.83,51.3,10.16,201.5,IMD_NORMALS_SYNTHETIC
2020-05-09,0.0,35.9,46.5,9.35,240.6,IMD_NORMALS_SYNTHETIC
2020-05-10,0.0,35.07,47.2,3.34,248.7,IMD_NORMALS_SYNTHETIC
2020-05-11,0.555,34.01,35.4,3.97,268.7,IMD_NORMALS_SYNTHETIC
2020-05-12,0.0,38.92,49.3,6.1,236.4,IMD_NORMALS_SYNTHETIC
2020-05-13,0.0,35.43,39.7,5.52,239.1,IMD_NORMALS_SYNTHETIC
2020-05-14,0.0,35.91,30.8,10.23,221.2,IMD_NORMALS_SYNTHETIC
2020-05-15,0.0,33.6,50.7,9.04,181.3,IMD_NORMALS_SYNTHETIC
2020-05-16,0.0,36.06,46.2,9.87,226.3,IMD_NORMALS_SYNTHETIC
2020-05-17,0.0,32.14,32.9,9.27,196.0,IMD_NORMALS_SYNTHETIC
2020-05-18,0.0,33.87,47.0,9.59,222.4,IMD_NORMALS_SYNTHETIC
2020-05-19,4.507,34.44,36.0,1.87,204.9,IMD_NORMALS_SYNTHETIC
2020-05-20,0.0,32.99,42.5,8.17,197.7,IMD_NORMALS_SYNTHETIC
2020-05-21,0.0,35.92,38.9,12.18,223.6,IMD_NORMALS_SYNTHETIC
2020-05-22,0.0,32.29,54.9,3.5,235.8,IMD_NORMALS_SYNTHETIC
2020-05-23,0.0,32.66,37.2,9.87,199.9,IMD_NORMALS_SYNTHETIC
2020-05-24,0.0,37.04,48.1,2.85,233.4,IMD_NORMALS_SYNTHETIC
2020-05-25,0.0,40.61,44.8,9.41,233.7,IMD_NORMALS_SYNTHETIC
2020-05-26,0.0,34.32,41.4,10.97,239.2,IMD_NORMALS_SYNTHETIC
2020-05-27,0.0,33.3,39.6,12.9,251.1,IMD_NORMALS_SYNTHETIC
2020-05-28,0.0,31.28,46.5,6.68,236.9,IMD_NORMALS_SYNTHETIC
2020-05-29,0.0,32.27,41.0,8.7,221.0,IMD_NORMALS_SYNTHETIC
2020-05-30,0.0,37.43,43.9,16.46,212.2,IMD_NORMALS_SYNTHETIC
2020-05-31,0.0,33.27,37.9,3.48,241.1,IMD_NORMALS_SYNTHETIC
2020-06-01,0.0,30.44,64.7,10.34,238.1,IMD_NORMALS_SYNTHETIC
2020-06-02,0.0,34.26,69.5,8.92,236.4,IMD_NORMALS_SYNTHETIC
2020-06-03,0.0,30.22,70.4,8.62,267.3,IMD_NORMALS_SYNTHETIC
2020-06-04,0.0,32.08,65.2,6.02,214.5,IMD_NORMALS_SYNTHETIC
2020-06-05,6.29,30.88,66.9,12.64,206.3,IMD_NORMALS_SYNTHETIC
2020-06-06,0.0,31.28,62.3,6.95,224.8,IMD_NORMALS_SYNTHETIC
2020-06-07,23.07,30.43,71.1,6.02,214.9,IMD_NORMALS_SYNTHETIC
2020-06-08,0.0,30.97,60.0,7.28,231.1,IMD_NORMALS_SYNTHETIC
2020-06-09,0.0,32.04,67.7,8.18,223.8,IMD_NORMALS_SYNTHETIC
2020-06-10,0.0,29.77,65.8,8.18,207.2,IMD_NORMALS_SYNTHETIC
2020-06-11,6.807,30.16,60.6,6.47,244.6,IMD_NORMALS_SYNTHETIC
2020-06-12,0.0,30.06,61.4,6.95,247.2,IMD_NORMALS_SYNTHETIC
2020-06-13,0.0,32.35,58.5,7.64,246.3,IMD_NORMALS_SYNTHETIC
2020-06-14,0.0,34.4,61.3,7.2,246.4,IMD_NORMALS_SYNTHETIC
2020-06-15,0.0,31.78,62.3,7.67,213.8,IMD_NORMALS_SYNTHETIC
2020-06-16,0.0,31.75,58.7,9.8,246.1,IMD_NORMALS_SYNTHETIC
2020-06-17,0.0,31.56,67.1,3.92,215.0,IMD_NORMALS_SYNTHETIC
2020-06-18,0.0,32.6,63.4,9.46,266.1,IMD_NORMALS_SYNTHETIC
2020-06-19,0.0,29.84,66.4,10.06,211.2,IMD_NORMALS_SYNTHETIC
2020-06-20,0.0,32.81,67.9,4.97,253.9,IMD_NORMALS_SYNTHETIC
2020-06-21,0.0,31.28,65.8,10.79,252.7,IMD_NORMALS_SYNTHETIC
2020-06-22,42.809,31.74,67.2,11.06,207.5,IMD_NORMALS_SYNTHETIC
2020-06-23,0.0,33.57,62.3,9.65,216.6,IMD_NORMALS_SYNTHETIC
2020-06-24,0.273,29.36,62.1,2.82,239.4,IMD_NORMALS_SYNTHETIC
2020-06-25,0.0,30.14,56.2,8.11,296.4,IMD_NORMALS_SYNTHETIC
2020-06-26,0.0,30.02,65.2,7.05,232.6,IMD_NORMALS_SYNTHETIC
2020-06-27,0.0,35.61,59.2,12.6,252.1,IMD_NORMALS_SYNTHETIC
2020-06-28,25.965,33.39,61.0,8.08,218.3,IMD_NORMALS_SYNTHETIC
2020-06-29,0.0,30.22,62.4,6.16,241.5,IMD_NORMALS_SYNTHETIC
2020-06-30,0.0,33.47,53.8,11.68,219.8,IMD_NORMALS_SYNTHETIC
2020-07-01,8.398,27.93,83.2,9.11,236.0,IMD_NORMALS_SYNTHETIC
2020-07-02,5.344,30.35,83.9,5.82,223.7,IMD_NORMALS_SYNTHETIC
2020-07-03,29.291,30.35,60.1,8.26,183.7,IMD_NORMALS_SYNTHETIC
2020-07-04,0.0,32.28,80.8,10.26,209.4,IMD_NORMALS_SYNTHETIC
2020-07-05,0.0,31.81,77.4,6.26,226.2,IMD_NORMALS_SYNTHETIC
2020-07-06,4.325,26.07,76.9,6.21,227.5,IMD_NORMALS_SYNTHETIC
2020-07-07,16.214,30.76,80.2,1.05,246.7,IMD_NORMALS_SYNTHETIC
2020-07-08,0.0,29.84,67.5,4.85,229.1,IMD_NORMALS_SYNTHETIC
2020-07-09,0.0,31.56,69.0,11.2,260.3,IMD_NORMALS_SYNTHETIC
2020-07-10,5.892,27.0,79.2,10.81,224.3,IMD_NORMALS_SYNTHETIC
2020-07-11,0.0,27.0,63.5,11.09,251.4,IMD_NORMALS_SYNTHETIC
2020-07-12,13.117,29.84,78.7,4.91,207.7,IMD_NORMALS_SYNTHETIC
2020-07-13,0.0,29.03,78.5,11.2,220.1,IMD_NORMALS_SYNTHETIC
2020-07-14,0.0,26.51,79.6,10.97,158.9,IMD_NORMALS_SYNTHETIC
2020-07-15,0.0,25.73,77.3,12.12,203.4,IMD_NORMALS_SYNTHETIC
2020-07-16,0.0,30.05,76.8,6.9,237.5,IMD_NORMALS_SYNTHETIC
2020-07-17,0.0,30.7,79.1,4.89,239.5,IMD_NORMALS_SYNTHETIC
2020-07-18,0.0,27.55,74.0,5.73,240.9,IMD_NORMALS_SYNTHETIC
2020-07-19,0.0,26.35,68.7,2.29,240.5,IMD_NORMALS_SYNTHETIC
2020-07-20,0.0,30.71,70.4,3.49,227.6,IMD_NORMALS_SYNTHETIC
2020-07-21,19.381,28.65,79.1,14.17,228.3,IMD_NORMALS_SYNTHETIC
2020-07-22,0.0,28.7,69.0,8.49,224.8,IMD_NORMALS_SYNTHETIC
2020-07-23,6.558,28.86,70.5,7.37,227.0,IMD_NORMALS_SYNTHETIC
2020-07-24,0.0,30.08,83.3,7.11,266.7,IMD_NORMALS_SYNTHETIC
2020-07-25,0.0,26.5,68.3,4.63,213.2,IMD_NORMALS_SYNTHETIC
2020-07-26,25.928,29.6,74.0,9.33,223.3,IMD_NORMALS_SYNTHETIC
2020-07-27,0.0,27.72,74.9,11.46,226.6,IMD_NORMALS_SYNTHETIC
2020-07-28,0.0,28.81,70.6,9.85,228.1,IMD_NORMALS_SYNTHETIC
2020-07-29,19.4,32.11,66.9,6.54,222.8,IMD_NORMALS_SYNTHETIC
2020-07-30,8.83,28.9,74.5,5.83,207.0,IMD_NORMALS_SYNTHETIC
2020-07-31,0.0,30.75,68.3,7.21,220.4,IMD_NORMALS_SYNTHETIC
2020-08-01,0.0,28.24,79.4,9.6,208.8,IMD_NORMALS_SYNTHETIC
2020-08-02,0.0,28.0,73.4,8.71,191.8,IMD_NORMALS_SYNTHETIC
2020-08-03,0.0,27.6,74.2,7.85,198.7,IMD_NORMALS_SYNTHETIC
2020-08-04,0.0,28.1,80.8,4.7,223.7,IMD_NORMALS_SYNTHETIC
2020-08-05,18.132,25.7,78.2,4.91,206.8,IMD_NORMALS_SYNTHETIC
2020-08-06,0.0,27.63,71.6,7.72,197.4,IMD_NORMALS_SYNTHETIC
2020-08-07,0.0,28.71,83.7,8.98,243.2,IMD_NORMALS_SYNTHETIC
2020-08-08,0.0,29.92,65.9,6.65,258.5,IMD_NORMALS_SYNTHETIC
2020-08-09,0.0,31.32,84.8,6.3,238.2,IMD_NORMALS_SYNTHETIC
2020-08-10,0.0,29.16,70.9,14.15,220.7,IMD_NORMALS_SYNTHETIC
2020-08-11,0.0,30.93,69.7,11.17,211.9,IMD_NORMALS_SYNTHETIC
2020-08-12,0.0,29.96,76.5,9.6,183.8,IMD_NORMALS_SYNTHETIC
2020-08-13,0.0,28.66,71.3,5.04,173.4,IMD_NORMALS_SYNTHETIC
2020-08-14,0.0,28.24,71.1,6.45,221.3,IMD_NORMALS_SYNTHETIC
2020-08-15,0.0,23.65,82.7,10.99,227.8,IMD_NORMALS_SYNTHETIC
2020-08-16,0.0,26.3,79.0,2.91,217.2,IMD_NORMALS_SYNTHETIC
2020-08-17,0.0,27.43,85.2,7.79,156.6,IMD_NORMALS_SYNTHETIC
2020-08-18,0.707,30.47,83.0,9.44,202.4,IMD_NORMALS_SYNTHETIC
2020-08-19,0.0,27.39,69.8,12.25,196.1,IMD_NORMALS_SYNTHETIC
2020-08-20,17.429,30.87,83.1,9.17,213.4,IMD_NORMALS_SYNTHETIC
2020-08-21,0.0,27.89,73.1,7.94,202.3,IMD_NORMALS_SYNTHETIC
2020-08-22,0.0,31.49,74.7,9.54,213.7,IMD_NORMALS_SYNTHETIC
2020-08-23,0.0,29.92,80.6,8.72,246.9,IMD_NORMALS_SYNTHETIC
2020-08-24,1.998,31.76,72.9,8.31,228.5,IMD_NORMALS_SYNTHETIC
2020-08-25,0.0,26.7,66.3,9.8,200.0,IMD_NORMALS_SYNTHETIC
2020-08-26,0.0,28.04,73.8,5.68,231.3,IMD_NORMALS_SYNTHETIC
2020-08-27,0.0,28.18,73.8,10.83,204.6,IMD_NORMALS_SYNTHETIC
2020-08-28,0.0,28.25,82.1,7.76,182.4,IMD_NORMALS_SYNTHETIC
2020-08-29,30.461,28.7,65.6,7.17,211.3,IMD_NORMALS_SYNTHETIC
2020-08-30,0.0,33.06,71.4,9.65,177.0,IMD_NORMALS_SYNTHETIC
2020-08-31,7.628,24.62,79.6,14.46,231.3,IMD_NORMALS_SYNTHETIC
2020-09-01,0.0,29.45,70.5,11.12,184.1,IMD_NORMALS_SYNTHETIC
2020-09-02,0.0,29.59,75.0,8.1,239.0,IMD_NORMALS_SYNTHETIC
2020-09-03,0.0,26.27,79.7,11.84,199.0,IMD_NORMALS_SYNTHETIC
2020-09-04,0.0,31.15,74.1,6.53,196.5,IMD_NORMALS_SYNTHETIC
2020-09-05,0.0,30.09,60.7,9.98,181.1,IMD_NORMALS_SYNTHETIC
2020-09-06,0.0,30.85,79.7,5.16,220.3,IMD_NORMALS_SYNTHETIC
2020-09-07,0.0,28.87,75.4,11.51,206.4,IMD_NORMALS_SYNTHETIC
2020-09-08,19.094,31.14,82.2,11.4,188.2,IMD_NORMALS_SYNTHETIC
2020-09-09,0.0,27.51,80.4,13.01,176.5,IMD_NORMALS_SYNTHETIC
2020-09-10,0.0,30.71,77.6,6.03,217.3,IMD_NORMALS_SYNTHETIC
2020-09-11,0.0,27.37,70.4,11.31,171.3,IMD_NORMALS_SYNTHETIC
2020-09-12,0.0,26.5,70.5,5.37,155.4,IMD_NORMALS_SYNTHETIC
2020-09-13,16.407,27.98,74.2,12.73,201.6,IMD_NORMALS_SYNTHETIC
2020-09-14,0.0,26.99,72.3,6.69,179.9,IMD_NORMALS_SYNTHETIC
2020-09-15,11.57,30.11,63.6,3.79,187.9,IMD_NORMALS_SYNTHETIC
2020-09-16,3.884,27.58,68.8,11.96,216.1,IMD_NORMALS_SYNTHETIC
2020-09-17,0.0,26.28,79.8,8.69,177.0,IMD_NORMALS_SYNTHETIC
2020-09-18,0.0,29.76,68.2,4.92,202.0,IMD_NORMALS_SYNTHETIC
2020-09-19,0.0,29.87,77.9,14.65,201.2,IMD_NORMALS_SYNTHETIC
2020-09-20,0.0,27.92,76.5,6.97,193.5,IMD_NORMALS_SYNTHETIC
2020-09-21,0.0,24.83,68.2,5.74,190.0,IMD_NORMALS_SYNTHETIC
2020-09-22,0.0,27.84,75.4,12.75,180.5,IMD_NORMALS_SYNTHETIC
2020-09-23,3.154,26.64,71.7,7.01,173.0,IMD_NORMALS_SYNTHETIC
2020-09-24,30.123,29.35,70.9,6.86,227.3,IMD_NORMALS_SYNTHETIC
2020-09-25,0.0,30.36,74.1,6.18,169.5,IMD_NORMALS_SYNTHETIC
2020-09-26,9.426,29.21,72.6,10.23,219.1,IMD_NORMALS_SYNTHETIC
2020-09-27,0.0,30.14,78.3,10.09,180.3,IMD_NORMALS_SYNTHETIC
2020-09-28,28.952,28.48,70.6,5.99,191.2,IMD_NORMALS_SYNTHETIC
2020-09-29,0.0,30.34,68.0,3.45,172.1,IMD_NORMALS_SYNTHETIC
2020-09-30,5.981,24.44,72.9,13.33,208.5,IMD_NORMALS_SYNTHETIC
2020-10-01,0.0,27.09,66.4,5.95,160.4,IMD_NORMALS_SYNTHETIC
2020-10-02,0.0,29.77,73.0,6.78,212.0,IMD_NORMALS_SYNTHETIC
2020-10-03,0.0,28.29,68.4,8.36,161.0,IMD_NORMALS_SYNTHETIC
2020-10-04,0.0,29.82,62.3,10.56,187.6,IMD_NORMALS_SYNTHETIC
2020-10-05,0.0,25.13,64.8,8.36,203.2,IMD_NORMALS_SYNTHETIC
2020-10-06,0.0,29.63,66.5,7.52,171.6,IMD_NORMALS_SYNTHETIC
2020-10-07,0.0,29.96,65.7,3.22,199.5,IMD_NORMALS_SYNTHETIC
2020-10-08,0.0,27.54,72.6,6.29,151.2,IMD_NORMALS_SYNTHETIC
2020-10-09,17.627,27.39,69.0,11.82,188.1,IMD_NORMALS_SYNTHETIC
2020-10-10,0.0,30.76,61.8,8.5,145.9,IMD_NORMALS_SYNTHETIC
2020-10-11,0.0,29.72,56.8,4.79,159.6,IMD_NORMALS_SYNTHETIC
2020-10-12,0.0,28.92,64.2,3.95,161.8,IMD_NORMALS_SYNTHETIC
2020-10-13,0.0,26.22,67.6,1.73,191.0,IMD_NORMALS_SYNTHETIC
2020-10-14,0.0,27.31,69.3,4.89,182.2,IMD_NORMALS_SYNTHETIC
2020-10-15,0.0,28.86,58.7,4.16,186.9,IMD_NORMALS_SYNTHETIC
2020-10-16,0.0,26.78,56.6,7.44,191.0,IMD_NORMALS_SYNTHETIC
2020-10-17,0.0,29.14,61.2,7.55,155.9,IMD_NORMALS_SYNTHETIC
2020-10-18,0.0,26.47,67.1,7.5,182.3,IMD_NORMALS_SYNTHETIC
2020-10-19,0.0,28.92,65.6,8.23,168.2,IMD_NORMALS_SYNTHETIC
2020-10-20,0.0,25.66,70.7,7.02,194.9,IMD_NORMALS_SYNTHETIC
2020-10-21,0.0,29.39,74.8,11.59,205.7,IMD_NORMALS_SYNTHETIC
2020-10-22,0.0,27.29,69.1,5.91,169.6,IMD_NORMALS_SYNTHETIC
2020-10-23,0.0,31.56,73.6,5.87,150.2,IMD_NORMALS_SYNTHETIC
2020-10-24,0.0,26.83,59.7,5.07,191.3,IMD_NORMALS_SYNTHETIC
2020-10-25,0.0,30.9,70.4,6.57,183.7,IMD_NORMALS_SYNTHETIC
2020-10-26,0.0,30.57,66.5,5.38,146.0,IMD_NORMALS_SYNTHETIC
2020-10-27,0.0,30.57,64.9,4.59,209.4,IMD_NORMALS_SYNTHETIC
2020-10-28,0.0,30.54,57.4,9.5,204.9,IMD_NORMALS_SYNTHETIC
2020-10-29,0.0,28.35,70.0,10.45,219.7,IMD_NORMALS_SYNTHETIC
2020-10-30,0.0,31.27,73.5,5.22,213.0,IMD_NORMALS_SYNTHETIC
2020-10-31,80.793,23.17,65.8,9.02,178.5,IMD_NORMALS_SYNTHETIC
2020-11-01,0.0,25.11,55.3,4.41,175.2,IMD_NORMALS_SYNTHETIC
2020-11-02,0.0,28.2,56.7,4.91,172.8,IMD_NORMALS_SYNTHETIC
2020-11-03,1.189,25.0,51.0,3.75,155.8,IMD_NORMALS_SYNTHETIC
2020-11-04,0.0,26.83,69.9,8.38,166.4,IMD_NORMALS_SYNTHETIC
2020-11-05,0.0,25.22,58.8,6.1,151.7,IMD_NORMALS_SYNTHETIC
2020-11-06,0.0,26.26,64.6,4.61,163.2,IMD_NORMALS_SYNTHETIC
2020-11-07,0.0,26.23,61.1,5.22,174.8,IMD_NORMALS_SYNTHETIC
2020-11-08,0.0,25.38,67.4,1.89,190.6,IMD_NORMALS_SYNTHETIC
2020-11-09,0.0,28.08,61.4,8.86,187.5,IMD_NORMALS_SYNTHETIC
2020-11-10,13.974,27.07,49.5,5.73,158.0,IMD_NORMALS_SYNTHETIC
2020-11-11,0.0,25.43,57.0,12.28,179.6,IMD_NORMALS_SYNTHETIC
2020-11-12,0.0,25.6,49.8,12.75,162.3,IMD_NORMALS_SYNTHETIC
2020-11-13,0.0,26.54,52.5,3.18,190.6,IMD_NORMALS_SYNTHETIC
2020-11-14,0.0,23.7,53.3,8.29,152.3,IMD_NORMALS_SYNTHETIC
2020-11-15,0.0,27.26,54.2,7.06,184.5,IMD_NORMALS_SYNTHETIC
2020-11-16,0.0,27.17,54.3,9.22,213.1,IMD_NORMALS_SYNTHETIC
2020-11-17,0.0,26.31,56.7,9.7,151.4,IMD_NORMALS_SYNTHETIC
2020-11-18,0.0,26.55,60.5,13.67,181.9,IMD_NORMALS_SYNTHETIC
2020-11-19,11.567,24.84,57.7,9.74,159.4,IMD_NORMALS_SYNTHETIC
2020-11-20,0.0,27.25,62.6,7.22,209.6,IMD_NORMALS_SYNTHETIC
2020-11-21,0.0,25.37,61.7,5.13,150.1,IMD_NORMALS_SYNTHETIC
2020-11-22,0.0,28.24,55.7,5.97,175.2,IMD_NORMALS_SYNTHETIC
2020-11-23,4.212,26.07,54.7,9.96,151.1,IMD_NORMALS_SYNTHETIC
2020-11-24,0.0,26.77,59.8,6.11,144.9,IMD_NORMALS_SYNTHETIC
2020-11-25,0.0,24.6,46.4,7.92,175.3,IMD_NORMALS_SYNTHETIC
2020-11-26,0.0,29.62,61.8,10.64,155.6,IMD_NORMALS_SYNTHETIC
2020-11-27,0.0,24.48,60.4,10.66,160.6,IMD_NORMALS_SYNTHETIC
2020-11-28,0.0,25.39,59.7,9.68,161.1,IMD_NORMALS_SYNTHETIC
2020-11-29,0.0,25.22,58.3,14.0,156.7,IMD_NORMALS_SYNTHETIC
2020-11-30,0.0,25.12,63.9,7.16,149.1,IMD_NORMALS_SYNTHETIC
2020-12-01,0.0,22.13,58.0,10.11,151.3,IMD_NORMALS_SYNTHETIC
2020-12-02,0.0,22.71,55.8,8.18,140.0,IMD_NORMALS_SYNTHETIC
2020-12-03,0.0,24.46,60.6,9.17,167.4,IMD_NORMALS_SYNTHETIC
2020-12-04,0.0,24.92,61.0,5.89,153.4,IMD_NORMALS_SYNTHETIC
2020-12-05,0.0,24.5,59.6,6.75,148.4,IMD_NORMALS_SYNTHETIC
2020-12-06,0.0,24.93,51.5,12.23,136.0,IMD_NORMALS_SYNTHETIC
2020-12-07,0.0,26.28,49.9,4.56,163.9,IMD_NORMALS_SYNTHETIC
2020-12-08,0.0,23.95,48.4,9.46,150.8,IMD_NORMALS_SYNTHETIC
2020-12-09,0.0,20.64,61.2,2.94,144.3,IMD_NORMALS_SYNTHETIC
2020-12-10,0.0,22.06,51.1,9.33,148.0,IMD_NORMALS_SYNTHETIC
2020-12-11,0.0,23.24,43.2,6.07,125.4,IMD_NORMALS_SYNTHETIC
2020-12-12,0.0,25.08,56.5,7.02,172.0,IMD_NORMALS_SYNTHETIC
2020-12-13,0.0,22.92,55.1,10.44,142.5,IMD_NORMALS_SYNTHETIC
2020-12-14,0.0,19.99,50.6,7.57,126.0,IMD_NORMALS_SYNTHETIC
2020-12-15,0.0,22.93,64.8,1.22,135.9,IMD_NORMALS_SYNTHETIC
2020-12-16,0.0,22.27,40.9,9.3,124.0,IMD_NORMALS_SYNTHETIC
2020-12-17,0.0,24.99,53.1,8.24,174.8,IMD_NORMALS_SYNTHETIC
2020-12-18,0.0,21.74,48.3,7.24,121.1,IMD_NORMALS_SYNTHETIC
2020-12-19,0.0,25.42,51.3,4.15,138.8,IMD_NORMALS_SYNTHETIC
2020-12-20,0.0,25.37,56.5,9.8,147.3,IMD_NORMALS_SYNTHETIC
2020-12-21,0.0,20.91,56.6,7.63,147.5,IMD_NORMALS_SYNTHETIC
2020-12-22,0.0,24.08,51.8,10.45,178.6,IMD_NORMALS_SYNTHETIC
2020-12-23,7.282,24.18,52.4,6.26,129.6,IMD_NORMALS_SYNTHETIC
2020-12-24,0.0,23.82,46.0,14.21,152.6,IMD_NORMALS_SYNTHETIC
2020-12-25,0.0,25.77,51.0,6.19,124.8,IMD_NORMALS_SYNTHETIC
2020-12-26,0.0,25.97,46.1,3.48,177.4,IMD_NORMALS_SYNTHETIC
2020-12-27,0.0,24.35,59.8,6.27,162.5,IMD_NORMALS_SYNTHETIC
2020-12-28,0.0,23.75,56.0,11.65,163.4,IMD_NORMALS_SYNTHETIC
2020-12-29,0.0,25.82,51.7,8.39,149.6,IMD_NORMALS_SYNTHETIC
2020-12-30,0.0,21.73,57.2,6.94,163.1,IMD_NORMALS_SYNTHETIC
2020-12-31,0.0,22.71,48.7,12.85,161.9,IMD_NORMALS_SYNTHETIC
2021-01-01,0.0,27.35,49.8,7.13,199.2,IMD_NORMALS_SYNTHETIC
2021-01-02,0.0,22.34,47.2,4.87,188.9,IMD_NORMALS_SYNTHETIC
2021-01-03,0.0,24.74,48.1,7.79,153.6,IMD_NORMALS_SYNTHETIC
2021-01-04,0.0,25.11,51.7,8.77,159.9,IMD_NORMALS_SYNTHETIC
2021-01-05,0.0,22.29,50.4,10.71,172.4,IMD_NORMALS_SYNTHETIC
2021-01-06,0.0,20.73,61.7,5.94,159.1,IMD_NORMALS_SYNTHETIC
2021-01-07,0.0,24.2,47.9,12.42,164.9,IMD_NORMALS_SYNTHETIC
2021-01-08,0.0,23.75,50.2,8.67,159.0,IMD_NORMALS_SYNTHETIC
2021-01-09,0.0,23.26,56.1,10.67,155.9,IMD_NORMALS_SYNTHETIC
2021-01-10,0.0,25.41,52.9,8.66,190.4,IMD_NORMALS_SYNTHETIC
2021-01-11,0.0,22.32,54.5,4.8,129.9,IMD_NORMALS_SYNTHETIC
2021-01-12,0.0,26.79,61.8,6.94,157.4,IMD_NORMALS_SYNTHETIC
2021-01-13,0.0,24.7,45.3,6.95,177.4,IMD_NORMALS_SYNTHETIC
2021-01-14,0.0,24.23,43.7,8.77,138.9,IMD_NORMALS_SYNTHETIC
2021-01-15,0.0,24.73,51.3,10.49,203.3,IMD_NORMALS_SYNTHETIC
2021-01-16,0.0,25.86,55.8,11.92,181.3,IMD_NORMALS_SYNTHETIC
2021-01-17,17.281,25.05,56.3,8.31,161.6,IMD_NORMALS_SYNTHETIC
2021-01-18,0.0,24.32,60.7,8.52,182.1,IMD_NORMALS_SYNTHETIC
2021-01-19,0.0,22.16,49.3,8.97,170.4,IMD_NORMALS_SYNTHETIC
2021-01-20,0.0,23.04,56.7,7.65,135.6,IMD_NORMALS_SYNTHETIC
2021-01-21,0.0,28.69,56.9,6.13,156.1,IMD_NORMALS_SYNTHETIC
2021-01-22,0.0,23.71,56.5,9.69,160.9,IMD_NORMALS_SYNTHETIC
2021-01-23,0.0,21.86,55.3,6.51,147.9,IMD_NORMALS_SYNTHETIC
2021-01-24,0.0,23.85,56.1,6.21,176.4,IMD_NORMALS_SYNTHETIC
2021-01-25,0.0,26.73,50.7,12.7,143.6,IMD_NORMALS_SYNTHETIC
2021-01-26,0.0,20.33,55.3,10.87,172.9,IMD_NORMALS_SYNTHETIC
2021-01-27,0.0,27.6,46.0,11.6,183.3,IMD_NORMALS_SYNTHETIC
2021-01-28,0.0,20.37,56.1,4.91,168.2,IMD_NORMALS_SYNTHETIC
2021-01-29,2.962,24.25,59.6,10.74,182.5,IMD_NORMALS_SYNTHETIC
2021-01-30,0.0,26.59,56.9,6.97,144.5,IMD_NORMALS_SYNTHETIC
2021-01-31,0.0,24.39,48.7,4.51,158.0,IMD_NORMALS_SYNTHETIC
2021-02-01,0.0,30.19,42.1,4.98,199.0,IMD_NORMALS_SYNTHETIC
2021-02-02,0.0,28.23,48.3,12.43,177.7,IMD_NORMALS_SYNTHETIC
2021-02-03,0.0,28.4,43.2,8.18,193.6,IMD_NORMALS_SYNTHETIC
2021-02-04,0.0,27.48,47.4,11.03,158.2,IMD_NORMALS_SYNTHETIC
2021-02-05,0.0,28.85,49.2,8.83,158.5,IMD_NORMALS_SYNTHETIC
2021-02-06,0.0,27.5,44.7,10.61,172.5,IMD_NORMALS_SYNTHETIC
2021-02-07,0.0,30.86,41.0,9.83,190.2,IMD_NORMALS_SYNTHETIC
2021-02-08,8.174,25.69,31.1,9.47,185.0,IMD_NORMALS_SYNTHETIC
2021-02-09,0.0,28.15,46.1,3.76,167.3,IMD_NORMALS_SYNTHETIC
2021-02-10,0.0,27.47,36.1,9.06,186.1,IMD_NORMALS_SYNTHETIC
2021-02-11,0.0,24.97,43.8,6.81,183.6,IMD_NORMALS_SYNTHETIC
2021-02-12,0.0,23.07,35.8,6.1,144.6,IMD_NORMALS_SYNTHETIC
2021-02-13,1.291,29.37,47.8,9.75,184.2,IMD_NORMALS_SYNTHETIC
2021-02-14,0.0,27.65,42.5,7.21,183.9,IMD_NORMALS_SYNTHETIC
2021-02-15,0.0,24.06,44.0,9.95,186.4,IMD_NORMALS_SYNTHETIC
2021-02-16,0.0,29.11,47.9,7.21,218.8,IMD_NORMALS_SYNTHETIC
2021-02-17,0.0,23.94,39.6,3.61,187.8,IMD_NORMALS_SYNTHETIC
2021-02-18,0.0,28.12,45.9,0.79,178.3,IMD_NORMALS_SYNTHETIC
2021-02-19,0.0,25.31,42.7,7.01,196.5,IMD_NORMALS_SYNTHETIC
2021-02-20,0.0,27.95,35.8,8.94,183.6,IMD_NORMALS_SYNTHETIC
2021-02-21,0.0,29.02,46.6,8.56,171.1,IMD_NORMALS_SYNTHETIC
2021-02-22,0.0,27.99,46.0,7.71,220.4,IMD_NORMALS_SYNTHETIC
2021-02-23,0.0,29.87,50.8,6.22,152.0,IMD_NORMALS_SYNTHETIC
2021-02-24,0.0,27.86,46.3,9.62,176.3,IMD_NORMALS_SYNTHETIC
2021-02-25,0.0,26.16,48.9,14.3,204.4,IMD_NORMALS_SYNTHETIC
2021-02-26,0.0,29.88,44.1,2.63,174.3,IMD_NORMALS_SYNTHETIC
2021-02-27,0.0,28.57,42.9,8.1,187.9,IMD_NORMALS_SYNTHETIC
2021-02-28,0.0,25.94,40.8,3.6,162.3,IMD_NORMALS_SYNTHETIC
2021-03-01,0.0,30.8,36.3,10.86,163.9,IMD_NORMALS_SYNTHETIC
2021-03-02,0.0,27.44,32.2,8.15,203.4,IMD_NORMALS_SYNTHETIC
2021-03-03,0.0,30.99,29.8,13.2,158.4,IMD_NORMALS_SYNTHETIC
2021-03-04,23.087,33.14,36.3,8.19,139.7,IMD_NORMALS_SYNTHETIC
2021-03-05,0.0,31.67,40.2,4.09,171.5,IMD_NORMALS_SYNTHETIC
2021-03-06,0.0,28.92,40.1,5.37,189.2,IMD_NORMALS_SYNTHETIC
2021-03-07,0.0,30.69,41.0,8.37,217.8,IMD_NORMALS_SYNTHETIC
2021-03-08,0.0,30.57,45.8,3.08,192.7,IMD_NORMALS_SYNTHETIC
2021-03-09,0.0,33.87,41.7,9.47,216.1,IMD_NORMALS_SYNTHETIC
2021-03-10,0.0,30.36,34.7,5.66,209.3,IMD_NORMALS_SYNTHETIC
2021-03-11,0.0,30.85,33.7,4.28,188.2,IMD_NORMALS_SYNTHETIC
2021-03-12,0.0,29.44,38.4,9.86,206.1,IMD_NORMALS_SYNTHETIC
2021-03-13,0.0,27.55,39.5,7.03,189.9,IMD_NORMALS_SYNTHETIC
2021-03-14,0.0,28.35,36.7,7.83,227.1,IMD_NORMALS_SYNTHETIC
2021-03-15,0.0,31.65,34.9,10.21,205.6,IMD_NORMALS_SYNTHETIC
2021-03-16,0.0,30.33,35.3,9.31,177.6,IMD_NORMALS_SYNTHETIC
2021-03-17,0.0,31.35,38.4,4.16,182.9,IMD_NORMALS_SYNTHETIC
2021-03-18,0.0,33.55,35.7,9.21,200.6,IMD_NORMALS_SYNTHETIC
2021-03-19,0.0,29.0,33.7,13.29,172.1,IMD_NORMALS_SYNTHETIC
2021-03-20,0.0,32.31,31.5,6.23,177.4,IMD_NORMALS_SYNTHETIC
2021-03-21,0.0,29.33,42.0,8.59,224.1,IMD_NORMALS_SYNTHETIC
2021-03-22,0.0,31.53,43.7,10.3,210.2,IMD_NORMALS_SYNTHETIC
2021-03-23,0.0,30.82,31.6,6.36,215.9,IMD_NORMALS_SYNTHETIC
2021-03-24,0.0,29.87,45.4,8.39,203.3,IMD_NORMALS_SYNTHETIC
2021-03-25,0.0,30.7,43.1,7.74,185.6,IMD_NORMALS_SYNTHETIC
2021-03-26,0.0,29.34,35.1,9.68,164.5,IMD_NORMALS_SYNTHETIC
2021-03-27,0.0,31.86,32.8,6.78,233.6,IMD_NORMALS_SYNTHETIC
2021-03-28,0.0,30.76,45.8,7.4,176.1,IMD_NORMALS_SYNTHETIC
2021-03-29,0.0,32.8,38.1,5.85,193.8,IMD_NORMALS_SYNTHETIC
2021-03-30,0.0,31.27,52.1,10.61,200.7,IMD_NORMALS_SYNTHETIC
2021-03-31,0.0,30.75,45.0,8.87,222.6,IMD_NORMALS_SYNTHETIC
2021-04-01,0.0,36.57,34.9,6.09,259.9,IMD_NORMALS_SYNTHETIC
2021-04-02,0.0,35.3,38.1,9.85,234.1,IMD_NORMALS_SYNTHETIC
2021-04-03,0.0,31.44,42.9,7.29,210.4,IMD_NORMALS_SYNTHETIC
2021-04-04,0.0,37.44,36.2,2.22,219.5,IMD_NORMALS_SYNTHETIC
2021-04-05,0.0,31.37,38.4,6.82,218.6,IMD_NORMALS_SYNTHETIC
2021-04-06,0.0,34.33,40.6,4.49,229.4,IMD_NORMALS_SYNTHETIC
2021-04-07,0.0,32.19,42.4,4.76,200.7,IMD_NORMALS_SYNTHETIC
2021-04-08,0.0,33.65,41.9,7.73,210.0,IMD_NORMALS_SYNTHETIC
2021-04-09,0.0,32.83,41.5,9.32,212.9,IMD_NORMALS_SYNTHETIC
2021-04-10,0.0,34.61,37.7,12.61,183.0,IMD_NORMALS_SYNTHETIC
2021-04-11,0.0,33.79,27.9,13.43,199.2,IMD_NORMALS_SYNTHETIC
2021-04-12,4.925,33.95,30.8,4.44,223.0,IMD_NORMALS_SYNTHETIC
2021-04-13,0.0,36.64,36.6,12.03,207.6,IMD_NORMALS_SYNTHETIC
2021-04-14,0.0,30.0,28.8,6.66,223.6,IMD_NORMALS_SYNTHETIC
2021-04-15,0.0,35.89,27.7,5.5,235.2,IMD_NORMALS_SYNTHETIC
2021-04-16,0.0,33.9,36.1,9.18,181.1,IMD_NORMALS_SYNTHETIC
2021-04-17,0.0,32.84,38.2,6.41,210.9,IMD_NORMALS_SYNTHETIC
2021-04-18,0.0,34.77,34.7,6.16,206.4,IMD_NORMALS_SYNTHETIC
2021-04-19,0.0,34.14,26.9,12.67,221.9,IMD_NORMALS_SYNTHETIC
2021-04-20,0.0,31.09,44.5,9.71,235.0,IMD_NORMALS_SYNTHETIC
2021-04-21,0.0,38.49,36.7,10.28,209.1,IMD_NORMALS_SYNTHETIC
2021-04-22,0.0,37.13,42.4,8.47,221.0,IMD_NORMALS_SYNTHETIC
2021-04-23,0.0,34.69,28.9,2.94,178.6,IMD_NORMALS_SYNTHETIC
2021-04-24,0.0,31.5,30.1,10.18,196.6,IMD_NORMALS_SYNTHETIC
2021-04-25,0.0,36.37,26.7,7.63,221.9,IMD_NORMALS_SYNTHETIC
2021-04-26,0.0,34.12,35.3,11.75,209.8,IMD_NORMALS_SYNTHETIC
2021-04-27,0.0,33.07,36.1,4.32,196.1,IMD_NORMALS_SYNTHETIC
2021-04-28,0.0,35.47,39.1,10.37,213.4,IMD_NORMALS_SYNTHETIC
2021-04-29,0.0,36.44,42.3,9.31,215.8,IMD_NORMALS_SYNTHETIC
2021-04-30,0.0,35.22,28.0,12.49,180.1,IMD_NORMALS_SYNTHETIC
2021-05-01,0.0,33.97,47.6,4.28,230.8,IMD_NORMALS_SYNTHETIC
2021-05-02,0.0,35.92,48.2,7.22,273.0,IMD_NORMALS_SYNTHETIC
2021-05-03,0.0,34.28,41.5,6.98,215.5,IMD_NORMALS_SYNTHETIC
2021-05-04,0.0,38.45,53.5,6.6,253.3,IMD_NORMALS_SYNTHETIC
2021-05-05,0.0,30.92,42.2,9.49,164.7,IMD_NORMALS_SYNTHETIC
2021-05-06,0.0,32.26,41.8,8.03,238.0,IMD_NORMALS_SYNTHETIC
2021-05-07,0.0,36.38,46.1,1.47,260.3,IMD_NORMALS_SYNTHETIC
2021-05-08,0.0,37.28,51.3,1.77,254.5,IMD_NORMALS_SYNTHETIC
2021-05-09,19.135,34.39,33.7,5.71,211.9,IMD_NORMALS_SYNTHETIC
2021-05-10,0.0,33.01,45.9,7.57,217.8,IMD_NORMALS_SYNTHETIC
2021-05-11,0.0,34.51,49.8,12.11,208.2,IMD_NORMALS_SYNTHETIC
2021-05-12,0.0,33.61,35.9,6.41,212.9,IMD_NORMALS_SYNTHETIC
2021-05-13,0.0,33.55,35.8,8.81,255.2,IMD_NORMALS_SYNTHETIC
2021-05-14,0.0,37.34,49.9,6.64,221.0,IMD_NORMALS_SYNTHETIC
2021-05-15,0.0,33.96,41.7,10.79,218.4,IMD_NORMALS_SYNTHETIC
2021-05-16,0.0,36.68,45.8,7.16,223.1,IMD_NORMALS_SYNTHETIC
2021-05-17,0.0,34.94,43.3,7.76,257.1,IMD_NORMALS_SYNTHETIC
2021-05-18,0.0,35.55,48.1,2.49,237.2,IMD_NORMALS_SYNTHETIC
2021-05-19,0.0,34.67,47.4,11.61,206.5,IMD_NORMALS_SYNTHETIC
2021-05-20,2.956,37.07,52.3,9.55,205.2,IMD_NORMALS_SYNTHETIC
2021-05-21,0.0,34.8,41.2,12.03,248.8,IMD_NORMALS_SYNTHETIC
2021-05-22,0.0,34.43,41.4,10.08,243.0,IMD_NORMALS_SYNTHETIC
2021-05-23,0.0,36.78,33.9,6.47,246.4,IMD_NORMALS_SYNTHETIC
2021-05-24,0.0,32.35,49.0,8.77,250.8,IMD_NORMALS_SYNTHETIC
2021-05-25,0.0,35.33,38.4,7.21,209.9,IMD_NORMALS_SYNTHETIC
2021-05-26,0.0,38.78,45.6,9.05,262.4,IMD_NORMALS_SYNTHETIC
2021-05-27,0.0,36.09,42.2,5.57,226.2,IMD_NORMALS_SYNTHETIC
2021-05-28,0.0,33.93,42.8,10.0,204.2,IMD_NORMALS_SYNTHETIC
2021-05-29,0.0,35.82,34.8,8.8,204.2,IMD_NORMALS_SYNTHETIC
2021-05-30,0.0,35.67,41.4,11.37,245.0,IMD_NORMALS_SYNTHETIC
2021-05-31,11.659,35.78,44.3,8.0,235.9,IMD_NORMALS_SYNTHETIC
2021-06-01,25.305,31.36,60.9,5.52,216.0,IMD_NORMALS_SYNTHETIC
2021-06-02,0.0,29.96,56.5,6.82,225.0,IMD_NORMALS_SYNTHETIC
2021-06-03,7.639,29.87,62.8,7.93,218.3,IMD_NORMALS_SYNTHETIC
2021-06-04,0.0,32.08,68.5,9.23,245.6,IMD_NORMALS_SYNTHETIC
2021-06-05,0.0,29.77,59.6,9.06,284.5,IMD_NORMALS_SYNTHETIC
2021-06-06,0.0,31.43,51.4,11.16,246.4,IMD_NORMALS_SYNTHETIC
2021-06-07,0.0,31.24,68.3,8.12,202.1,IMD_NORMALS_SYNTHETIC
2021-06-08,1.104,31.87,59.2,9.69,222.0,IMD_NORMALS_SYNTHETIC
2021-06-09,6.143,32.2,68.0,6.88,232.2,IMD_NORMALS_SYNTHETIC
2021-06-10,0.0,30.86,66.1,7.67,259.7,IMD_NORMALS_SYNTHETIC
2021-06-11,0.0,34.64,63.7,13.44,243.3,IMD_NORMALS_SYNTHETIC
2021-06-12,0.0,28.51,66.6,6.14,255.4,IMD_NORMALS_SYNTHETIC
2021-06-13,0.0,31.03,65.4,6.14,210.0,IMD_NORMALS_SYNTHETIC
2021-06-14,0.0,31.45,66.1,2.32,245.8,IMD_NORMALS_SYNTHETIC
2021-06-15,0.762,32.71,57.8,6.62,237.3,IMD_NORMALS_SYNTHETIC
2021-06-16,0.0,29.43,67.0,9.97,245.6,IMD_NORMALS_SYNTHETIC
2021-06-17,0.0,27.74,58.0,3.84,247.1,IMD_NORMALS_SYNTHETIC
2021-06-18,0.0,30.16,60.5,8.71,221.1,IMD_NORMALS_SYNTHETIC
2021-06-19,0.0,35.36,65.1,5.94,263.1,IMD_NORMALS_SYNTHETIC
2021-06-20,0.0,30.37,67.8,9.21,244.2,IMD_NORMALS_SYNTHETIC
2021-06-21,0.0,29.57,67.4,5.88,233.8,IMD_NORMALS_SYNTHETIC
2021-06-22,0.0,34.74,65.7,7.7,248.6,IMD_NORMALS_SYNTHETIC
2021-06-23,0.0,29.4,68.8,8.19,245.7,IMD_NORMALS_SYNTHETIC
2021-06-24,0.0,33.12,63.9,12.79,264.5,IMD_NORMALS_SYNTHETIC
2021-06-25,0.0,33.69,67.8,9.23,231.0,IMD_NORMALS_SYNTHETIC
2021-06-26,0.0,26.72,61.0,7.34,241.4,IMD_NORMALS_SYNTHETIC
2021-06-27,0.0,34.02,66.6,7.83,250.4,IMD_NORMALS_SYNTHETIC
2021-06-28,22.08,30.74,76.1,6.91,241.3,IMD_NORMALS_SYNTHETIC
2021-06-29,0.485,32.73,69.2,11.46,228.1,IMD_NORMALS_SYNTHETIC
2021-06-30,0.0,30.22,58.3,14.34,217.8,IMD_NORMALS_SYNTHETIC
2021-07-01,0.0,32.6,71.7,12.05,219.2,IMD_NORMALS_SYNTHETIC
2021-07-02,0.0,28.43,80.9,6.09,156.9,IMD_NORMALS_SYNTHETIC
2021-07-03,0.0,27.33,76.3,9.89,234.7,IMD_NORMALS_SYNTHETIC
2021-07-04,1.818,30.67,63.9,7.0,224.1,IMD_NORMALS_SYNTHETIC
2021-07-05,0.0,27.58,70.7,8.85,238.6,IMD_NORMALS_SYNTHETIC
2021-07-06,0.0,29.89,73.1,5.81,250.1,IMD_NORMALS_SYNTHETIC
2021-07-07,0.0,32.84,72.9,7.61,213.5,IMD_NORMALS_SYNTHETIC
2021-07-08,0.0,28.47,76.6,9.18,219.4,IMD_NORMALS_SYNTHETIC
2021-07-09,0.0,26.89,71.7,9.18,211.3,IMD_NORMALS_SYNTHETIC
2021-07-10,4.212,28.61,74.1,7.85,206.2,IMD_NORMALS_SYNTHETIC
2021-07-11,13.84,30.42,77.0,4.99,257.7,IMD_NORMALS_SYNTHETIC
2021-07-12,0.0,28.34,72.0,0.92,181.0,IMD_NORMALS_SYNTHETIC
2021-07-13,0.0,28.2,66.1,7.35,222.3,IMD_NORMALS_SYNTHETIC
2021-07-14,0.0,30.16,66.1,6.55,232.1,IMD_NORMALS_SYNTHETIC
2021-07-15,0.0,29.92,74.9,11.66,217.9,IMD_NORMALS_SYNTHETIC
2021-07-16,0.0,31.32,73.0,6.17,242.0,IMD_NORMALS_SYNTHETIC
2021-07-17,2.376,32.13,72.5,4.16,214.9,IMD_NORMALS_SYNTHETIC
2021-07-18,0.0,27.41,73.0,8.18,214.5,IMD_NORMALS_SYNTHETIC
2021-07-19,0.0,27.75,69.6,7.15,222.6,IMD_NORMALS_SYNTHETIC
2021-07-20,0.108,30.42,76.1,7.36,240.6,IMD_NORMALS_SYNTHETIC
2021-07-21,49.405,25.61,68.1,11.41,235.2,IMD_NORMALS_SYNTHETIC
2021-07-22,0.0,29.71,74.4,8.44,228.5,IMD_NORMALS_SYNTHETIC
2021-07-23,0.495,31.06,72.9,6.91,261.3,IMD_NORMALS_SYNTHETIC
2021-07-24,88.662,27.12,74.1,10.32,246.9,IMD_NORMALS_SYNTHETIC
2021-07-25,0.0,28.14,70.1,11.71,260.6,IMD_NORMALS_SYNTHETIC
2021-07-26,0.0,28.05,69.6,9.07,225.9,IMD_NORMALS_SYNTHETIC
2021-07-27,0.0,26.85,81.9,3.8,249.3,IMD_NORMALS_SYNTHETIC
2021-07-28,2.523,32.35,74.6,3.59,215.2,IMD_NORMALS_SYNTHETIC
2021-07-29,2.011,28.71,69.9,14.44,210.9,IMD_NORMALS_SYNTHETIC
2021-07-30,0.0,27.78,72.2,3.21,233.6,IMD_NORMALS_SYNTHETIC
2021-07-31,0.633,29.54,69.4,7.85,267.9,IMD_NORMALS_SYNTHETIC
2021-08-01,6.281,29.21,80.3,7.45,209.8,IMD_NORMALS_SYNTHETIC
2021-08-02,0.0,27.28,77.6,6.95,194.3,IMD_NORMALS_SYNTHETIC
2021-08-03,18.298,28.19,73.2,4.22,227.6,IMD_NORMALS_SYNTHETIC
2021-08-04,0.0,28.83,75.8,8.27,190.5,IMD_NORMALS_SYNTHETIC
2021-08-05,0.0,25.32,74.6,5.48,201.4,IMD_NORMALS_SYNTHETIC
2021-08-06,0.0,29.75,71.2,10.92,214.4,IMD_NORMALS_SYNTHETIC
2021-08-07,0.0,26.84,77.1,5.83,220.9,IMD_NORMALS_SYNTHETIC
2021-08-08,0.0,26.77,83.7,4.86,214.5,IMD_NORMALS_SYNTHETIC
2021-08-09,10.11,30.24,75.6,7.04,229.5,IMD_NORMALS_SYNTHETIC
2021-08-10,0.0,29.84,73.4,2.92,202.7,IMD_NORMALS_SYNTHETIC
2021-08-11,0.0,29.88,72.0,6.64,225.9,IMD_NORMALS_SYNTHETIC
2021-08-12,0.0,30.29,72.0,11.92,207.7,IMD_NORMALS_SYNTHETIC
2021-08-13,10.127,26.18,68.7,12.99,187.2,IMD_NORMALS_SYNTHETIC
2021-08-14,0.0,27.47,75.2,10.5,223.6,IMD_NORMALS_SYNTHETIC
2021-08-15,0.0,30.64,80.5,7.8,229.3,IMD_NORMALS_SYNTHETIC
2021-08-16,0.0,30.92,66.6,7.75,186.9,IMD_NORMALS_SYNTHETIC
2021-08-17,22.477,28.44,74.8,6.84,206.6,IMD_NORMALS_SYNTHETIC
2021-08-18,0.0,27.87,78.9,9.41,193.6,IMD_NORMALS_SYNTHETIC
2021-08-19,0.0,27.59,69.2,12.45,207.5,IMD_NORMALS_SYNTHETIC
2021-08-20,0.0,28.84,73.2,4.79,185.4,IMD_NORMALS_SYNTHETIC
2021-08-21,0.0,26.21,71.4,8.71,233.3,IMD_NORMALS_SYNTHETIC
2021-08-22,0.0,27.17,73.1,12.25,220.5,IMD_NORMALS_SYNTHETIC
2021-08-23,0.0,29.69,71.9,7.37,197.8,IMD_NORMALS_SYNTHETIC
2021-08-24,17.754,28.0,74.1,7.79,179.6,IMD_NORMALS_SYNTHETIC
2021-08-25,0.0,31.32,77.1,7.66,196.2,IMD_NORMALS_SYNTHETIC
2021-08-26,0.0,29.75,78.4,9.71,217.3,IMD_NORMALS_SYNTHETIC
2021-08-27,16.867,29.65,72.2,8.68,192.5,IMD_NORMALS_SYNTHETIC
2021-08-28,0.0,34.57,70.2,9.02,212.6,IMD_NORMALS_SYNTHETIC
2021-08-29,10.33,29.39,78.2,11.12,185.5,IMD_NORMALS_SYNTHETIC
2021-08-30,2.658,27.37,77.4,7.44,180.3,IMD_NORMALS_SYNTHETIC
2021-08-31,0.0,27.54,74.1,6.63,227.0,IMD_NORMALS_SYNTHETIC
2021-09-01,14.462,24.58,74.7,5.3,204.7,IMD_NORMALS_SYNTHETIC
2021-09-02,0.0,29.81,67.2,11.3,206.8,IMD_NORMALS_SYNTHETIC
2021-09-03,3.601,30.62,64.9,3.93,192.5,IMD_NORMALS_SYNTHETIC
2021-09-04,0.0,27.27,57.9,8.75,191.5,IMD_NORMALS_SYNTHETIC
2021-09-05,3.673,28.23,78.5,5.39,216.2,IMD_NORMALS_SYNTHETIC
2021-09-06,0.0,29.69,77.1,4.45,190.6,IMD_NORMALS_SYNTHETIC
2021-09-07,0.0,28.77,74.8,3.34,198.5,IMD_NORMALS_SYNTHETIC
2021-09-08,7.435,28.07,70.3,11.22,186.2,IMD_NORMALS_SYNTHETIC
2021-09-09,0.0,28.22,73.6,13.43,161.5,IMD_NORMALS_SYNTHETIC
2021-09-10,0.0,29.21,65.3,9.67,185.7,IMD_NORMALS_SYNTHETIC
2021-09-11,16.982,27.02,82.1,7.41,201.9,IMD_NORMALS_SYNTHETIC
2021-09-12,0.0,27.66,75.7,5.78,216.4,IMD_NORMALS_SYNTHETIC
2021-09-13,0.0,31.89,70.1,9.33,201.8,IMD_NORMALS_SYNTHETIC
2021-09-14,0.0,30.29,81.3,11.8,172.0,IMD_NORMALS_SYNTHETIC
2021-09-15,0.0,25.06,65.6,6.48,182.9,IMD_NORMALS_SYNTHETIC
2021-09-16,31.697,26.74,73.4,9.22,212.0,IMD_NORMALS_SYNTHETIC
2021-09-17,0.0,25.61,69.1,8.26,216.1,IMD_NORMALS_SYNTHETIC
2021-09-18,0.0,28.57,75.9,5.04,204.8,IMD_NORMALS_SYNTHETIC
2021-09-19,0.0,28.22,77.8,3.97,199.0,IMD_NORMALS_SYNTHETIC
2021-09-20,9.277,28.73,70.4,6.04,176.4,IMD_NORMALS_SYNTHETIC
2021-09-21,0.0,25.84,77.3,6.21,214.5,IMD_NORMALS_SYNTHETIC
2021-09-22,0.0,26.64,78.3,2.23,202.1,IMD_NORMALS_SYNTHETIC
2021-09-23,0.0,27.21,73.1,5.31,205.4,IMD_NORMALS_SYNTHETIC
2021-09-24,0.0,27.78,73.6,5.22,187.3,IMD_NORMALS_SYNTHETIC
2021-09-25,8.159,25.84,75.4,9.91,205.6,IMD_NORMALS_SYNTHETIC
2021-09-26,38.178,29.28,71.7,7.4,212.9,IMD_NORMALS_SYNTHETIC
2021-09-27,0.0,26.72,80.1,10.58,200.9,IMD_NORMALS_SYNTHETIC
2021-09-28,0.0,29.32,67.9,11.62,163.6,IMD_NORMALS_SYNTHETIC
2021-09-29,0.0,27.7,68.0,10.07,185.9,IMD_NORMALS_SYNTHETIC
2021-09-30,0.0,25.15,69.0,6.83,173.6,IMD_NORMALS_SYNTHETIC
2021-10-01,0.0,24.83,57.3,7.02,185.5,IMD_NORMALS_SYNTHETIC
2021-10-02,0.0,29.5,66.1,13.53,197.4,IMD_NORMALS_SYNTHETIC
2021-10-03,0.0,30.25,65.7,10.51,168.4,IMD_NORMALS_SYNTHETIC
2021-10-04,0.0,25.84,76.1,9.59,176.3,IMD_NORMALS_SYNTHETIC
2021-10-05,0.0,26.78,61.0,11.31,188.9,IMD_NORMALS_SYNTHETIC
2021-10-06,0.0,27.75,74.9,7.83,175.5,IMD_NORMALS_SYNTHETIC
2021-10-07,0.0,29.57,71.7,8.29,189.5,IMD_NORMALS_SYNTHETIC
2021-10-08,0.0,30.21,67.3,3.63,245.9,IMD_NORMALS_SYNTHETIC
2021-10-09,0.421,27.63,63.4,12.74,155.7,IMD_NORMALS_SYNTHETIC
2021-10-10,0.0,28.44,62.9,10.23,185.6,IMD_NORMALS_SYNTHETIC
2021-10-11,0.0,28.91,69.4,11.12,172.1,IMD_NORMALS_SYNTHETIC
2021-10-12,0.0,28.04,69.7,7.0,233.0,IMD_NORMALS_SYNTHETIC
2021-10-13,0.0,27.54,74.3,6.93,187.3,IMD_NORMALS_SYNTHETIC
2021-10-14,10.324,29.32,72.4,6.92,163.6,IMD_NORMALS_SYNTHETIC
2021-10-15,0.0,27.14,75.7,13.74,136.0,IMD_NORMALS_SYNTHETIC
2021-10-16,0.0,25.97,72.7,9.64,175.2,IMD_NORMALS_SYNTHETIC
2021-10-17,0.0,27.65,64.5,5.64,157.9,IMD_NORMALS_SYNTHETIC
2021-10-18,0.0,26.14,65.1,10.97,200.5,IMD_NORMALS_SYNTHETIC
2021-10-19,0.0,32.31,77.1,0.09,186.9,IMD_NORMALS_SYNTHETIC
2021-10-20,0.0,25.22,60.6,9.69,204.3,IMD_NORMALS_SYNTHETIC
2021-10-21,0.0,28.59,60.8,7.86,164.1,IMD_NORMALS_SYNTHETIC
2021-10-22,0.0,28.86,66.2,13.53,196.7,IMD_NORMALS_SYNTHETIC
2021-10-23,0.0,29.41,75.3,7.66,181.8,IMD_NORMALS_SYNTHETIC
2021-10-24,0.0,26.84,69.1,6.67,189.8,IMD_NORMALS_SYNTHETIC
2021-10-25,0.0,25.59,69.0,8.34,174.8,IMD_NORMALS_SYNTHETIC
2021-10-26,0.0,27.66,61.2,12.23,182.3,IMD_NORMALS_SYNTHETIC
2021-10-27,10.635,28.11,73.2,9.42,188.8,IMD_NORMALS_SYNTHETIC
2021-10-28,0.0,25.55,65.3,3.64,185.8,IMD_NORMALS_SYNTHETIC
2021-10-29,21.065,27.89,55.0,10.02,123.7,IMD_NORMALS_SYNTHETIC
2021-10-30,28.245,28.77,76.0,12.4,140.5,IMD_NORMALS_SYNTHETIC
2021-10-31,0.0,26.82,58.7,6.64,162.4,IMD_NORMALS_SYNTHETIC
2021-11-01,0.0,26.93,68.0,2.81,186.6,IMD_NORMALS_SYNTHETIC
2021-11-02,0.0,28.14,53.2,8.47,170.3,IMD_NORMALS_SYNTHETIC
2021-11-03,0.0,25.75,57.8,10.17,141.9,IMD_NORMALS_SYNTHETIC
2021-11-04,0.0,26.92,58.6,1.46,172.3,IMD_NORMALS_SYNTHETIC
2021-11-05,0.0,29.55,49.7,10.25,161.0,IMD_NORMALS_SYNTHETIC
2021-11-06,0.0,24.11,50.6,8.38,163.5,IMD_NORMALS_SYNTHETIC
2021-11-07,0.0,27.39,61.4,5.49,155.2,IMD_NORMALS_SYNTHETIC
2021-11-08,0.0,24.93,52.0,12.87,116.8,IMD_NORMALS_SYNTHETIC
2021-11-09,0.0,24.79,59.2,11.96,200.7,IMD_NORMALS_SYNTHETIC
2021-11-10,0.0,27.48,54.8,8.09,168.3,IMD_NORMALS_SYNTHETIC
2021-11-11,0.0,25.54,67.2,13.84,184.0,IMD_NORMALS_SYNTHETIC
2021-11-12,0.0,28.01,53.1,6.88,167.9,IMD_NORMALS_SYNTHETIC
2021-11-13,0.0,21.67,50.7,7.58,191.5,IMD_NORMALS_SYNTHETIC
2021-11-14,11.128,29.19,55.1,11.38,178.8,IMD_NORMALS_SYNTHETIC
2021-11-15,0.0,25.91,54.1,11.49,214.4,IMD_NORMALS_SYNTHETIC
2021-11-16,0.0,29.09,57.4,0.09,158.8,IMD_NORMALS_SYNTHETIC
2021-11-17,18.649,24.95,63.6,10.83,178.8,IMD_NORMALS_SYNTHETIC
2021-11-18,0.0,27.57,58.8,15.82,166.7,IMD_NORMALS_SYNTHETIC
2021-11-19,0.0,23.09,61.5,7.22,170.3,IMD_NORMALS_SYNTHETIC
2021-11-20,0.0,26.88,49.7,3.02,192.1,IMD_NORMALS_SYNTHETIC
2021-11-21,0.0,23.62,55.1,15.04,151.9,IMD_NORMALS_SYNTHETIC
2021-11-22,0.0,27.35,49.7,10.61,169.9,IMD_NORMALS_SYNTHETIC
2021-11-23,0.0,25.77,48.2,6.91,159.6,IMD_NORMALS_SYNTHETIC
2021-11-24,0.0,26.99,61.0,7.11,142.3,IMD_NORMALS_SYNTHETIC
2021-11-25,0.0,27.09,61.0,4.05,157.8,IMD_NORMALS_SYNTHETIC
2021-11-26,0.0,26.32,58.8,8.07,121.3,IMD_NORMALS_SYNTHETIC
2021-11-27,0.0,28.95,60.7,9.92,176.0,IMD_NORMALS_SYNTHETIC
2021-11-28,0.0,26.49,58.9,10.22,157.5,IMD_NORMALS_SYNTHETIC
2021-11-29,0.0,23.64,60.8,6.55,179.1,IMD_NORMALS_SYNTHETIC
2021-11-30,22.072,27.87,52.5,9.6,180.8,IMD_NORMALS_SYNTHETIC
2021-12-01,0.0,23.04,48.3,7.83,117.0,IMD_NORMALS_SYNTHETIC
2021-12-02,0.0,22.97,48.6,5.96,165.4,IMD_NORMALS_SYNTHETIC
2021-12-03,0.0,22.83,54.1,14.11,176.3,IMD_NORMALS_SYNTHETIC
2021-12-04,0.0,23.98,61.7,9.21,138.7,IMD_NORMALS_SYNTHETIC
2021-12-05,0.0,26.78,61.0,7.24,148.1,IMD_NORMALS_SYNTHETIC
2021-12-06,0.0,24.16,55.1,9.25,176.8,IMD_NORMALS_SYNTHETIC
2021-12-07,0.0,22.32,59.2,7.6,113.0,IMD_NORMALS_SYNTHETIC
2021-12-08,0.0,26.65,55.8,8.7,171.0,IMD_NORMALS_SYNTHETIC
2021-12-09,0.0,26.69,59.0,8.99,141.6,IMD_NORMALS_SYNTHETIC
2021-12-10,0.0,20.21,51.0,10.17,115.4,IMD_NORMALS_SYNTHETIC
2021-12-11,0.0,24.6,55.9,7.61,166.8,IMD_NORMALS_SYNTHETIC
2021-12-12,0.0,26.31,66.2,7.31,172.8,IMD_NORMALS_SYNTHETIC
2021-12-13,0.0,22.78,61.9,4.46,154.2,IMD_NORMALS_SYNTHETIC
2021-12-14,0.0,23.33,53.7,4.47,164.5,IMD_NORMALS_SYNTHETIC
2021-12-15,0.0,25.76,53.6,6.45,188.6,IMD_NORMALS_SYNTHETIC
2021-12-16,0.0,21.49,57.3,11.51,166.0,IMD_NORMALS_SYNTHETIC
2021-12-17,0.0,24.36,55.2,10.25,140.1,IMD_NORMALS_SYNTHETIC
2021-12-18,0.0,23.05,54.5,5.22,155.9,IMD_NORMALS_SYNTHETIC
2021-12-19,0.0,24.42,49.1,6.94,164.9,IMD_NORMALS_SYNTHETIC
2021-12-20,0.0,22.91,53.5,12.23,131.8,IMD_NORMALS_SYNTHETIC
2021-12-21,0.0,19.86,48.0,6.61,160.9,IMD_NORMALS_SYNTHETIC
2021-12-22,0.0,22.73,53.2,8.19,161.2,IMD_NORMALS_SYNTHETIC
2021-12-23,0.0,26.5,56.0,12.65,136.3,IMD_NORMALS_SYNTHETIC
2021-12-24,0.0,24.06,47.2,10.32,123.1,IMD_NORMALS_SYNTHETIC
2021-12-25,0.0,22.87,62.9,7.36,160.3,IMD_NORMALS_SYNTHETIC
2021-12-26,0.0,28.6,49.2,8.18,123.9,IMD_NORMALS_SYNTHETIC
2021-12-27,0.0,27.22,59.1,9.65,178.9,IMD_NORMALS_SYNTHETIC
2021-12-28,0.0,23.59,48.3,6.5,148.4,IMD_NORMALS_SYNTHETIC
2021-12-29,0.0,24.22,49.0,8.84,167.5,IMD_NORMALS_SYNTHETIC
2021-12-30,0.0,22.5,54.1,2.2,165.4,IMD_NORMALS_SYNTHETIC
2021-12-31,0.0,23.78,60.0,8.44,175.9,IMD_NORMALS_SYNTHETIC
2022-01-01,0.0,22.93,50.7,9.79,183.6,IMD_NORMALS_SYNTHETIC
2022-01-02,0.0,23.16,46.9,7.64,144.3,IMD_NORMALS_SYNTHETIC
2022-01-03,0.0,27.53,50.5,4.78,157.3,IMD_NORMALS_SYNTHETIC
2022-01-04,0.0,22.8,38.0,9.06,168.4,IMD_NORMALS_SYNTHETIC
2022-01-05,0.0,23.54,44.4,4.1,165.6,IMD_NORMALS_SYNTHETIC
2022-01-06,0.0,24.95,49.5,7.45,161.4,IMD_NORMALS_SYNTHETIC
2022-01-07,0.0,22.32,57.6,15.99,195.8,IMD_NORMALS_SYNTHETIC
2022-01-08,0.0,24.11,52.5,6.53,188.6,IMD_NORMALS_SYNTHETIC
2022-01-09,0.0,22.12,56.7,5.61,154.1,IMD_NORMALS_SYNTHETIC
2022-01-10,0.0,24.85,58.5,4.94,156.6,IMD_NORMALS_SYNTHETIC
2022-01-11,0.0,26.43,45.2,5.74,148.8,IMD_NORMALS_SYNTHETIC
2022-01-12,0.0,25.78,58.0,10.27,152.8,IMD_NORMALS_SYNTHETIC
2022-01-13,0.0,24.18,46.3,4.28,144.6,IMD_NORMALS_SYNTHETIC
2022-01-14,0.0,23.98,50.2,9.46,177.4,IMD_NORMALS_SYNTHETIC
2022-01-15,0.0,23.71,56.5,12.75,178.5,IMD_NORMALS_SYNTHETIC
2022-01-16,0.0,23.96,55.8,5.7,138.6,IMD_NORMALS_SYNTHETIC
2022-01-17,0.0,25.48,45.9,10.08,164.6,IMD_NORMALS_SYNTHETIC
2022-01-18,0.0,22.5,56.9,6.57,181.8,IMD_NORMALS_SYNTHETIC
2022-01-19,0.0,24.64,43.9,7.45,177.2,IMD_NORMALS_SYNTHETIC
2022-01-20,0.0,23.0,52.6,7.53,157.8,IMD_NORMALS_SYNTHETIC
2022-01-21,0.0,23.9,55.5,3.71,195.6,IMD_NORMALS_SYNTHETIC
2022-01-22,0.0,27.96,56.9,5.78,134.3,IMD_NORMALS_SYNTHETIC
2022-01-23,0.0,22.64,46.4,3.7,176.5,IMD_NORMALS_SYNTHETIC
2022-01-24,0.0,24.92,53.7,11.8,210.3,IMD_NORMALS_SYNTHETIC
2022-01-25,0.0,25.91,52.0,8.71,159.3,IMD_NORMALS_SYNTHETIC
2022-01-26,0.0,27.27,51.2,6.5,150.5,IMD_NORMALS_SYNTHETIC
2022-01-27,0.0,24.13,49.1,7.11,171.2,IMD_NORMALS_SYNTHETIC
2022-01-28,0.0,25.75,48.7,9.74,167.2,IMD_NORMALS_SYNTHETIC
2022-01-29,0.0,24.91,49.2,7.08,152.5,IMD_NORMALS_SYNTHETIC
2022-01-30,0.0,24.9,44.5,8.01,168.3,IMD_NORMALS_SYNTHETIC
2022-01-31,0.0,26.0,45.0,6.37,178.6,IMD_NORMALS_SYNTHETIC
2022-02-01,0.0,30.26,43.7,10.21,160.8,IMD_NORMALS_SYNTHETIC
2022-02-02,0.0,26.79,44.7,8.81,177.6,IMD_NORMALS_SYNTHETIC
2022-02-03,44.506,25.21,41.6,8.69,193.1,IMD_NORMALS_SYNTHETIC
2022-02-04,0.0,26.92,43.4,8.03,160.6,IMD_NORMALS_SYNTHETIC
2022-02-05,0.0,26.34,50.7,4.88,224.0,IMD_NORMALS_SYNTHETIC
2022-02-06,0.0,25.76,45.9,11.53,174.8,IMD_NORMALS_SYNTHETIC
2022-02-07,0.0,25.16,51.0,7.66,193.3,IMD_NORMALS_SYNTHETIC
2022-02-08,0.0,27.77,49.9,9.09,187.3,IMD_NORMALS_SYNTHETIC
2022-02-09,0.0,28.73,40.9,6.4,202.8,IMD_NORMALS_SYNTHETIC
2022-02-10,0.0,29.73,37.4,6.01,178.2,IMD_NORMALS_SYNTHETIC
2022-02-11,10.5,27.82,43.5,7.63,167.7,IMD_NORMALS_SYNTHETIC
2022-02-12,0.0,26.84,42.4,8.68,167.1,IMD_NORMALS_SYNTHETIC
2022-02-13,0.0,25.02,44.0,9.49,174.3,IMD_NORMALS_SYNTHETIC
2022-02-14,1.717,24.96,57.8,6.55,174.2,IMD_NORMALS_SYNTHETIC
2022-02-15,0.0,24.75,39.4,5.56,161.5,IMD_NORMALS_SYNTHETIC
2022-02-16,0.0,25.64,47.4,9.32,163.2,IMD_NORMALS_SYNTHETIC
2022-02-17,0.0,23.5,43.8,1.83,122.5,IMD_NORMALS_SYNTHETIC
2022-02-18,0.0,30.33,40.9,11.5,191.8,IMD_NORMALS_SYNTHETIC
2022-02-19,0.0,26.57,49.0,8.14,179.4,IMD_NORMALS_SYNTHETIC
2022-02-20,0.0,27.46,41.8,8.53,211.0,IMD_NORMALS_SYNTHETIC
2022-02-21,0.0,29.07,42.6,8.05,177.6,IMD_NORMALS_SYNTHETIC
2022-02-22,0.0,27.76,41.9,7.61,144.0,IMD_NORMALS_SYNTHETIC
2022-02-23,0.0,27.68,32.0,6.04,163.2,IMD_NORMALS_SYNTHETIC
2022-02-24,20.706,29.59,47.6,10.99,195.3,IMD_NORMALS_SYNTHETIC
2022-02-25,0.0,28.87,45.3,5.04,208.3,IMD_NORMALS_SYNTHETIC
2022-02-26,0.0,26.26,53.5,7.48,181.2,IMD_NORMALS_SYNTHETIC
2022-02-27,0.0,24.4,47.6,9.23,156.4,IMD_NORMALS_SYNTHETIC
2022-02-28,0.0,21.76,43.7,7.34,157.8,IMD_NORMALS_SYNTHETIC
2022-03-01,0.0,31.79,37.4,7.25,185.2,IMD_NORMALS_SYNTHETIC
2022-03-02,0.0,32.62,34.2,7.27,217.1,IMD_NORMALS_SYNTHETIC
2022-03-03,1.079,30.24,35.8,6.78,199.3,IMD_NORMALS_SYNTHETIC
2022-03-04,7.572,31.1,33.4,9.61,189.0,IMD_NORMALS_SYNTHETIC
2022-03-05,0.0,31.09,41.9,8.27,193.1,IMD_NORMALS_SYNTHETIC
2022-03-06,0.0,29.32,34.8,10.93,212.6,IMD_NORMALS_SYNTHETIC
2022-03-07,0.0,31.99,36.9,9.01,237.7,IMD_NORMALS_SYNTHETIC
2022-03-08,0.0,29.71,33.9,8.27,198.6,IMD_NORMALS_SYNTHETIC
2022-03-09,0.0,29.12,35.0,11.64,184.6,IMD_NORMALS_SYNTHETIC
2022-03-10,0.0,31.05,39.7,4.7,200.6,IMD_NORMALS_SYNTHETIC
2022-03-11,0.0,32.89,39.0,5.7,183.3,IMD_NORMALS_SYNTHETIC
2022-03-12,0.0,32.16,40.7,3.59,188.4,IMD_NORMALS_SYNTHETIC
2022-03-13,0.0,29.58,34.6,11.78,219.9,IMD_NORMALS_SYNTHETIC
2022-03-14,0.0,32.09,40.8,9.51,225.6,IMD_NORMALS_SYNTHETIC
2022-03-15,0.0,30.88,34.9,9.19,206.2,IMD_NORMALS_SYNTHETIC
2022-03-16,0.0,31.88,36.5,0.54,200.5,IMD_NORMALS_SYNTHETIC
2022-03-17,0.0,28.88,38.7,4.21,218.8,IMD_NORMALS_SYNTHETIC
2022-03-18,0.0,33.51,40.7,7.35,179.6,IMD_NORMALS_SYNTHETIC
2022-03-19,0.0,32.41,44.1,10.04,206.5,IMD_NORMALS_SYNTHETIC
2022-03-20,0.0,32.71,45.7,11.52,180.8,IMD_NORMALS_SYNTHETIC
2022-03-21,0.0,33.17,37.0,5.98,189.4,IMD_NORMALS_SYNTHETIC
2022-03-22,0.0,32.46,35.9,6.16,186.2,IMD_NORMALS_SYNTHETIC
2022-03-23,0.0,33.08,37.6,9.88,199.8,IMD_NORMALS_SYNTHETIC
2022-03-24,0.0,30.12,42.3,10.18,167.2,IMD_NORMALS_SYNTHETIC
2022-03-25,0.0,31.66,35.3,14.25,220.3,IMD_NORMALS_SYNTHETIC
2022-03-26,0.0,32.17,31.6,5.62,226.9,IMD_NORMALS_SYNTHETIC
2022-03-27,0.0,31.19,42.6,13.58,180.1,IMD_NORMALS_SYNTHETIC
2022-03-28,0.0,28.69,38.6,4.5,207.0,IMD_NORMALS_SYNTHETIC
2022-03-29,0.0,34.26,42.5,8.36,192.5,IMD_NORMALS_SYNTHETIC
2022-03-30,0.0,31.83,36.2,4.81,209.2,IMD_NORMALS_SYNTHETIC
2022-03-31,0.0,29.47,39.5,10.72,192.3,IMD_NORMALS_SYNTHETIC
2022-04-01,0.0,32.17,30.5,7.53,191.6,IMD_NORMALS_SYNTHETIC
2022-04-02,0.0,32.11,31.7,8.85,242.7,IMD_NORMALS_SYNTHETIC
2022-04-03,0.0,33.46,36.2,8.41,209.3,IMD_NORMALS_SYNTHETIC
2022-04-04,0.0,35.02,34.4,13.98,239.1,IMD_NORMALS_SYNTHETIC
2022-04-05,0.0,35.88,38.1,8.38,206.0,IMD_NORMALS_SYNTHETIC
2022-04-06,0.0,35.64,33.4,8.46,208.2,IMD_NORMALS_SYNTHETIC
2022-04-07,0.0,35.94,32.3,9.94,202.4,IMD_NORMALS_SYNTHETIC
2022-04-08,0.0,38.55,43.6,7.82,211.8,IMD_NORMALS_SYNTHETIC
2022-04-09,12.034,34.79,35.7,14.53,238.3,IMD_NORMALS_SYNTHETIC
2022-04-10,0.0,36.45,39.2,3.63,224.1,IMD_NORMALS_SYNTHETIC
2022-04-11,0.0,36.65,36.1,5.66,239.4,IMD_NORMALS_SYNTHETIC
2022-04-12,0.0,33.93,36.7,8.15,214.8,IMD_NORMALS_SYNTHETIC
2022-04-13,0.0,34.19,38.6,9.65,248.5,IMD_NORMALS_SYNTHETIC
2022-04-14,0.0,35.17,40.8,7.41,256.0,IMD_NORMALS_SYNTHETIC
2022-04-15,0.0,33.85,33.6,6.88,239.6,IMD_NORMALS_SYNTHETIC
2022-04-16,0.0,33.42,52.8,7.6,218.4,IMD_NORMALS_SYNTHETIC
2022-04-17,0.0,35.65,34.4,9.59,217.9,IMD_NORMALS_SYNTHETIC
2022-04-18,0.0,38.7,31.0,12.14,246.5,IMD_NORMALS_SYNTHETIC
2022-04-19,0.0,34.03,28.0,9.99,196.2,IMD_NORMALS_SYNTHETIC
2022-04-20,0.0,36.0,35.1,11.12,235.8,IMD_NORMALS_SYNTHETIC
2022-04-21,0.0,36.7,40.2,1.47,230.1,IMD_NORMALS_SYNTHETIC
2022-04-22,0.0,36.05,31.2,10.84,202.3,IMD_NORMALS_SYNTHETIC
2022-04-23,0.0,31.32,28.1,8.82,240.6,IMD_NORMALS_SYNTHETIC
2022-04-24,0.0,30.22,41.2,9.22,191.9,IMD_NORMALS_SYNTHETIC
2022-04-25,0.0,31.01,43.1,6.99,213.9,IMD_NORMALS_SYNTHETIC
2022-04-26,0.0,34.56,41.4,4.37,224.9,IMD_NORMALS_SYNTHETIC
2022-04-27,0.0,32.04,40.2,9.86,161.6,IMD_NORMALS_SYNTHETIC
2022-04-28,0.0,37.47,29.8,10.63,231.5,IMD_NORMALS_SYNTHETIC
2022-04-29,0.0,34.68,41.6,11.25,202.1,IMD_NORMALS_SYNTHETIC
2022-04-30,0.516,32.99,37.2,7.71,178.2,IMD_NORMALS_SYNTHETIC
2022-05-01,0.0,32.53,44.0,9.08,193.6,IMD_NORMALS_SYNTHETIC
2022-05-02,0.0,34.02,47.4,7.21,222.5,IMD_NORMALS_SYNTHETIC
2022-05-03,0.0,35.97,51.9,7.91,206.3,IMD_NORMALS_SYNTHETIC
2022-05-04,0.0,36.41,40.1,7.6,193.7,IMD_NORMALS_SYNTHETIC
2022-05-05,0.0,35.57,45.2,6.04,250.8,IMD_NORMALS_SYNTHETIC
2022-05-06,0.0,34.18,53.1,6.82,218.0,IMD_NORMALS_SYNTHETIC
2022-05-07,0.0,34.35,37.7,4.78,221.0,IMD_NORMALS_SYNTHETIC
2022-05-08,0.0,35.12,43.4,11.89,221.2,IMD_NORMALS_SYNTHETIC
2022-05-09,0.0,35.7,46.9,9.61,219.4,IMD_NORMALS_SYNTHETIC
2022-05-10,0.0,37.13,47.8,7.16,232.5,IMD_NORMALS_SYNTHETIC
2022-05-11,0.0,33.74,32.4,4.57,236.3,IMD_NORMALS_SYNTHETIC
2022-05-12,0.0,35.25,36.4,5.82,255.0,IMD_NORMALS_SYNTHETIC
2022-05-13,0.0,33.72,43.9,4.57,195.7,IMD_NORMALS_SYNTHETIC
2022-05-14,0.0,37.39,41.7,6.26,237.5,IMD_NORMALS_SYNTHETIC
2022-05-15,0.0,32.6,39.4,9.78,218.2,IMD_NORMALS_SYNTHETIC
2022-05-16,0.0,38.06,43.3,5.87,256.0,IMD_NORMALS_SYNTHETIC
2022-05-17,1.708,34.68,43.4,2.57,222.2,IMD_NORMALS_SYNTHETIC
2022-05-18,0.0,36.56,35.6,7.6,243.4,IMD_NORMALS_SYNTHETIC
2022-05-19,0.0,35.35,52.0,4.72,223.0,IMD_NORMALS_SYNTHETIC
2022-05-20,0.0,35.61,36.3,15.37,221.7,IMD_NORMALS_SYNTHETIC
2022-05-21,0.0,34.46,37.8,13.27,203.5,IMD_NORMALS_SYNTHETIC
2022-05-22,0.0,33.45,45.3,5.34,244.2,IMD_NORMALS_SYNTHETIC
2022-05-23,0.0,36.43,39.5,9.11,224.1,IMD_NORMALS_SYNTHETIC
2022-05-24,0.0,36.54,42.6,7.67,204.4,IMD_NORMALS_SYNTHETIC
2022-05-25,0.0,32.39,48.1,9.73,217.5,IMD_NORMALS_SYNTHETIC
2022-05-26,0.0,33.81,41.4,11.94,199.8,IMD_NORMALS_SYNTHETIC
2022-05-27,0.0,36.43,38.0,10.07,216.3,IMD_NORMALS_SYNTHETIC
2022-05-28,0.0,37.01,44.9,14.49,219.4,IMD_NORMALS_SYNTHETIC
2022-05-29,0.0,34.89,43.4,12.05,214.4,IMD_NORMALS_SYNTHETIC
2022-05-30,0.0,39.34,36.5,10.52,221.5,IMD_NORMALS_SYNTHETIC
2022-05-31,0.0,37.55,34.1,10.88,239.1,IMD_NORMALS_SYNTHETIC
2022-06-01,0.0,32.74,65.7,8.44,224.3,IMD_NORMALS_SYNTHETIC
2022-06-02,0.0,32.42,69.7,9.68,275.4,IMD_NORMALS_SYNTHETIC
2022-06-03,13.025,32.06,62.5,10.6,217.6,IMD_NORMALS_SYNTHETIC
2022-06-04,0.0,29.8,67.1,5.04,235.2,IMD_NORMALS_SYNTHETIC
2022-06-05,0.0,31.32,64.0,6.48,271.1,IMD_NORMALS_SYNTHETIC
2022-06-06,3.114,32.94,66.6,8.84,248.4,IMD_NORMALS_SYNTHETIC
2022-06-07,25.65,30.62,67.4,10.41,232.4,IMD_NORMALS_SYNTHETIC
2022-06-08,0.0,31.76,67.7,4.86,208.4,IMD_NORMALS_SYNTHETIC
2022-06-09,21.814,32.66,68.5,13.51,263.3,IMD_NORMALS_SYNTHETIC
2022-06-10,0.0,30.93,61.9,7.28,288.9,IMD_NORMALS_SYNTHETIC
2022-06-11,0.0,31.27,59.8,10.06,271.6,IMD_NORMALS_SYNTHETIC
2022-06-12,0.0,31.44,70.0,7.43,228.4,IMD_NORMALS_SYNTHETIC
2022-06-13,17.37,32.34,69.4,5.32,218.9,IMD_NORMALS_SYNTHETIC
2022-06-14,0.0,31.76,59.9,7.75,227.3,IMD_NORMALS_SYNTHETIC
2022-06-15,0.0,32.57,67.9,4.22,252.9,IMD_NORMALS_SYNTHETIC
2022-06-16,0.0,31.25,56.0,5.45,272.9,IMD_NORMALS_SYNTHETIC
2022-06-17,0.0,28.71,62.9,8.49,230.2,IMD_NORMALS_SYNTHETIC
2022-06-18,3.202,29.58,58.0,6.12,233.0,IMD_NORMALS_SYNTHETIC
2022-06-19,0.0,33.01,62.3,9.71,197.5,IMD_NORMALS_SYNTHETIC
2022-06-20,0.254,33.46,64.4,10.93,253.8,IMD_NORMALS_SYNTHETIC
2022-06-21,0.0,33.77,65.7,10.61,256.9,IMD_NORMALS_SYNTHETIC
2022-06-22,0.0,36.68,55.7,12.28,234.1,IMD_NORMALS_SYNTHETIC
2022-06-23,0.0,30.85,61.3,9.26,258.0,IMD_NORMALS_SYNTHETIC
2022-06-24,9.978,31.51,66.2,7.39,241.0,IMD_NORMALS_SYNTHETIC
2022-06-25,0.0,30.64,64.4,2.99,233.8,IMD_NORMALS_SYNTHETIC
2022-06-26,0.0,31.49,62.4,9.37,219.6,IMD_NORMALS_SYNTHETIC
2022-06-27,0.0,32.17,69.7,2.89,270.3,IMD_NORMALS_SYNTHETIC
2022-06-28,0.0,31.16,59.8,3.3,225.6,IMD_NORMALS_SYNTHETIC
2022-06-29,6.894,29.66,65.1,8.93,212.8,IMD_NORMALS_SYNTHETIC
2022-06-30,0.0,27.98,54.7,4.49,261.9,IMD_NORMALS_SYNTHETIC
2022-07-01,9.406,27.91,80.1,6.19,246.7,IMD_NORMALS_SYNTHETIC
2022-07-02,3.751,32.27,77.4,5.78,209.5,IMD_NORMALS_SYNTHETIC
2022-07-03,0.0,26.57,66.3,9.22,220.2,IMD_NORMALS_SYNTHETIC
2022-07-04,0.0,27.41,74.3,11.59,233.5,IMD_NORMALS_SYNTHETIC
2022-07-05,0.0,27.81,83.6,8.65,227.8,IMD_NORMALS_SYNTHETIC
2022-07-06,0.0,33.86,80.7,5.4,238.7,IMD_NORMALS_SYNTHETIC
2022-07-07,30.91,28.28,66.4,8.74,235.1,IMD_NORMALS_SYNTHETIC
2022-07-08,19.884,33.06,74.2,5.2,243.2,IMD_NORMALS_SYNTHETIC
2022-07-09,0.0,30.28,62.1,9.04,212.3,IMD_NORMALS_SYNTHETIC
2022-07-10,3.312,29.06,73.8,10.51,194.3,IMD_NORMALS_SYNTHETIC
2022-07-11,4.326,26.81,76.1,6.7,199.4,IMD_NORMALS_SYNTHETIC
2022-07-12,2.704,26.96,68.9,11.63,229.7,IMD_NORMALS_SYNTHETIC
2022-07-13,2.45,30.87,77.3,5.77,223.8,IMD_NORMALS_SYNTHETIC
2022-07-14,0.0,30.76,75.4,3.46,238.4,IMD_NORMALS_SYNTHETIC
2022-07-15,0.0,27.26,75.6,4.6,203.3,IMD_NORMALS_SYNTHETIC
2022-07-16,0.0,25.58,72.8,5.85,251.1,IMD_NORMALS_SYNTHETIC
2022-07-17,0.0,31.71,77.0,11.9,255.4,IMD_NORMALS_SYNTHETIC
2022-07-18,6.523,29.46,70.4,7.84,264.5,IMD_NORMALS_SYNTHETIC
2022-07-19,5.731,28.02,69.7,11.31,229.6,IMD_NORMALS_SYNTHETIC
2022-07-20,0.0,30.51,77.9,10.84,243.1,IMD_NORMALS_SYNTHETIC
2022-07-21,6.499,27.91,68.6,9.05,217.4,IMD_NORMALS_SYNTHETIC
2022-07-22,0.0,32.17,76.1,5.94,217.4,IMD_NORMALS_SYNTHETIC
2022-07-23,13.29,28.28,76.1,14.81,204.5,IMD_NORMALS_SYNTHETIC
2022-07-24,0.0,29.35,70.9,8.62,220.5,IMD_NORMALS_SYNTHETIC
2022-07-25,0.0,29.38,78.3,11.64,214.8,IMD_NORMALS_SYNTHETIC
2022-07-26,0.22,30.39,67.6,3.37,202.0,IMD_NORMALS_SYNTHETIC
2022-07-27,14.699,29.06,75.8,5.63,218.8,IMD_NORMALS_SYNTHETIC
2022-07-28,14.419,28.55,66.8,9.73,233.9,IMD_NORMALS_SYNTHETIC
2022-07-29,0.0,28.32,63.0,6.24,241.8,IMD_NORMALS_SYNTHETIC
2022-07-30,0.0,30.22,73.9,8.95,244.3,IMD_NORMALS_SYNTHETIC
2022-07-31,0.0,28.87,72.3,5.69,228.2,IMD_NORMALS_SYNTHETIC
2022-08-01,0.0,28.67,76.2,14.41,236.3,IMD_NORMALS_SYNTHETIC
2022-08-02,1.9,27.97,74.2,9.14,180.2,IMD_NORMALS_SYNTHETIC
2022-08-03,0.0,29.32,80.9,7.95,163.3,IMD_NORMALS_SYNTHETIC
2022-08-04,16.911,28.83,84.5,6.46,213.4,IMD_NORMALS_SYNTHETIC
2022-08-05,0.0,27.21,79.5,7.92,224.2,IMD_NORMALS_SYNTHETIC
2022-08-06,0.0,30.26,82.2,9.2,189.2,IMD_NORMALS_SYNTHETIC
2022-08-07,0.0,31.23,66.7,13.67,236.4,IMD_NORMALS_SYNTHETIC
2022-08-08,0.0,25.72,76.7,7.9,215.9,IMD_NORMALS_SYNTHETIC
2022-08-09,0.0,26.97,78.9,12.38,236.3,IMD_NORMALS_SYNTHETIC
2022-08-10,0.0,26.42,70.6,13.94,214.4,IMD_NORMALS_SYNTHETIC
2022-08-11,0.0,27.69,79.0,6.98,219.1,IMD_NORMALS_SYNTHETIC
2022-08-12,0.0,27.86,74.3,1.43,186.2,IMD_NORMALS_SYNTHETIC
2022-08-13,0.0,29.99,71.4,9.09,233.3,IMD_NORMALS_SYNTHETIC
2022-08-14,25.553,25.64,76.3,11.05,207.6,IMD_NORMALS_SYNTHETIC
2022-08-15,0.0,30.55,73.0,8.31,218.1,IMD_NORMALS_SYNTHETIC
2022-08-16,0.0,27.34,75.5,10.86,206.2,IMD_NORMALS_SYNTHETIC
2022-08-17,0.0,28.05,75.2,7.58,182.1,IMD_NORMALS_SYNTHETIC
2022-08-18,6.768,28.94,76.5,8.2,233.0,IMD_NORMALS_SYNTHETIC
2022-08-19,0.0,30.28,68.6,2.64,215.6,IMD_NORMALS_SYNTHETIC
2022-08-20,5.457,29.76,71.9,10.96,235.2,IMD_NORMALS_SYNTHETIC
2022-08-21,0.0,29.31,74.5,8.28,237.7,IMD_NORMALS_SYNTHETIC
2022-08-22,29.698,31.2,75.9,9.15,213.0,IMD_NORMALS_SYNTHETIC
2022-08-23,0.0,28.49,72.4,8.03,177.2,IMD_NORMALS_SYNTHETIC
2022-08-24,0.0,30.15,81.9,3.82,196.9,IMD_NORMALS_SYNTHETIC
2022-08-25,5.76,27.94,80.4,6.31,207.3,IMD_NORMALS_SYNTHETIC
2022-08-26,6.554,31.49,71.8,6.14,215.1,IMD_NORMALS_SYNTHETIC
2022-08-27,0.0,27.62,72.5,8.18,231.7,IMD_NORMALS_SYNTHETIC
2022-08-28,0.0,28.23,77.6,10.2,166.4,IMD_NORMALS_SYNTHETIC
2022-08-29,0.0,28.91,74.5,5.37,232.8,IMD_NORMALS_SYNTHETIC
2022-08-30,0.0,31.5,68.5,9.28,215.9,IMD_NORMALS_SYNTHETIC
2022-08-31,0.0,27.63,62.1,6.43,202.8,IMD_NORMALS_SYNTHETIC
2022-09-01,0.0,25.7,74.5,8.75,208.3,IMD_NORMALS_SYNTHETIC
2022-09-02,0.0,28.63,69.3,9.89,186.8,IMD_NORMALS_SYNTHETIC
2022-09-03,0.0,27.91,66.6,11.46,169.8,IMD_NORMALS_SYNTHETIC
2022-09-04,42.096,28.09,73.4,7.57,179.8,IMD_NORMALS_SYNTHETIC
2022-09-05,0.056,29.07,73.2,10.78,195.0,IMD_NORMALS_SYNTHETIC
2022-09-06,4.304,28.82,67.8,6.01,206.9,IMD_NORMALS_SYNTHETIC
2022-09-07,0.0,26.35,74.4,0.2,225.2,IMD_NORMALS_SYNTHETIC
2022-09-08,6.41,27.03,71.1,8.64,223.7,IMD_NORMALS_SYNTHETIC
2022-09-09,0.0,28.83,71.4,8.76,209.3,IMD_NORMALS_SYNTHETIC
2022-09-10,0.0,25.78,67.4,10.96,195.0,IMD_NORMALS_SYNTHETIC
2022-09-11,0.0,31.58,66.4,6.38,178.4,IMD_NORMALS_SYNTHETIC
2022-09-12,1.062,28.44,81.7,11.43,170.2,IMD_NORMALS_SYNTHETIC
2022-09-13,0.0,31.26,75.7,4.74,195.4,IMD_NORMALS_SYNTHETIC
2022-09-14,0.0,29.66,72.9,9.09,176.4,IMD_NORMALS_SYNTHETIC
2022-09-15,8.265,27.1,64.2,9.2,209.5,IMD_NORMALS_SYNTHETIC
2022-09-16,31.186,28.22,65.8,9.53,213.3,IMD_NORMALS_SYNTHETIC
2022-09-17,0.0,30.78,63.0,7.62,192.3,IMD_NORMALS_SYNTHETIC
2022-09-18,0.0,28.2,82.8,5.81,191.6,IMD_NORMALS_SYNTHETIC
2022-09-19,0.0,27.94,66.7,7.49,209.5,IMD_NORMALS_SYNTHETIC
2022-09-20,5.783,29.98,77.7,9.22,176.1,IMD_NORMALS_SYNTHETIC
2022-09-21,0.0,28.77,72.5,3.09,192.9,IMD_NORMALS_SYNTHETIC
2022-09-22,0.0,26.38,81.6,9.06,193.0,IMD_NORMALS_SYNTHETIC
2022-09-23,0.0,27.3,70.5,8.82,160.4,IMD_NORMALS_SYNTHETIC
2022-09-24,0.0,28.24,70.7,9.77,209.9,IMD_NORMALS_SYNTHETIC
2022-09-25,37.21,32.35,71.4,6.62,168.6,IMD_NORMALS_SYNTHETIC
2022-09-26,0.0,27.15,71.4,5.6,182.3,IMD_NORMALS_SYNTHETIC
2022-09-27,0.0,29.68,68.3,5.55,187.1,IMD_NORMALS_SYNTHETIC
2022-09-28,9.446,28.5,79.0,5.05,187.4,IMD_NORMALS_SYNTHETIC
2022-09-29,0.0,31.69,83.7,15.18,177.4,IMD_NORMALS_SYNTHETIC
2022-09-30,12.016,27.35,64.1,5.4,214.0,IMD_NORMALS_SYNTHETIC
2022-10-01,0.0,25.72,62.9,8.91,180.7,IMD_NORMALS_SYNTHETIC
2022-10-02,0.0,30.98,64.6,5.12,207.4,IMD_NORMALS_SYNTHETIC
2022-10-03,0.0,29.39,67.0,3.83,162.1,IMD_NORMALS_SYNTHETIC
2022-10-04,0.0,26.52,74.9,3.71,185.7,IMD_NORMALS_SYNTHETIC
2022-10-05,0.0,26.61,59.8,4.31,158.6,IMD_NORMALS_SYNTHETIC
2022-10-06,0.0,28.09,60.2,3.89,181.8,IMD_NORMALS_SYNTHETIC
2022-10-07,0.0,30.74,67.7,8.2,170.5,IMD_NORMALS_SYNTHETIC
2022-10-08,0.0,26.64,59.5,7.05,175.4,IMD_NORMALS_SYNTHETIC
2022-10-09,0.0,29.64,69.2,11.38,172.7,IMD_NORMALS_SYNTHETIC
2022-10-10,0.0,29.05,63.7,7.17,171.6,IMD_NORMALS_SYNTHETIC
2022-10-11,0.0,26.18,66.4,12.29,195.3,IMD_NORMALS_SYNTHETIC
2022-10-12,0.0,25.07,75.1,9.11,186.3,IMD_NORMALS_SYNTHETIC
2022-10-13,0.0,29.18,53.9,5.32,181.9,IMD_NORMALS_SYNTHETIC
2022-10-14,0.0,27.4,70.2,9.85,165.4,IMD_NORMALS_SYNTHETIC
2022-10-15,0.0,27.27,67.3,13.62,156.6,IMD_NORMALS_SYNTHETIC
2022-10-16,27.506,31.1,68.5,7.65,214.5,IMD_NORMALS_SYNTHETIC
2022-10-17,0.0,28.88,65.8,11.72,186.6,IMD_NORMALS_SYNTHETIC
2022-10-18,0.0,29.85,59.7,8.28,205.0,IMD_NORMALS_SYNTHETIC
2022-10-19,0.0,30.92,70.1,12.2,188.8,IMD_NORMALS_SYNTHETIC
2022-10-20,0.0,26.01,69.7,7.84,174.9,IMD_NORMALS_SYNTHETIC
2022-10-21,0.0,28.58,58.1,14.51,186.0,IMD_NORMALS_SYNTHETIC
2022-10-22,0.0,30.49,70.7,4.67,163.8,IMD_NORMALS_SYNTHETIC
2022-10-23,0.0,28.24,66.4,9.28,198.0,IMD_NORMALS_SYNTHETIC
2022-10-24,0.0,27.78,67.1,6.13,148.8,IMD_NORMALS_SYNTHETIC
2022-10-25,0.0,28.68,68.2,4.34,140.1,IMD_NORMALS_SYNTHETIC
2022-10-26,0.0,25.26,70.6,4.56,214.6,IMD_NORMALS_SYNTHETIC
2022-10-27,0.0,25.94,66.3,6.99,192.1,IMD_NORMALS_SYNTHETIC
2022-10-28,0.0,25.19,73.8,8.99,185.8,IMD_NORMALS_SYNTHETIC
2022-10-29,0.0,28.21,54.6,6.68,188.1,IMD_NORMALS_SYNTHETIC
2022-10-30,13.231,26.77,69.5,10.6,206.3,IMD_NORMALS_SYNTHETIC
2022-10-31,0.0,29.41,69.7,12.48,167.4,IMD_NORMALS_SYNTHETIC
2022-11-01,0.0,25.57,60.0,9.13,168.5,IMD_NORMALS_SYNTHETIC
2022-11-02,0.0,25.02,63.1,4.02,151.8,IMD_NORMALS_SYNTHETIC
2022-11-03,0.0,27.51,67.2,7.85,161.4,IMD_NORMALS_SYNTHETIC
2022-11-04,0.0,28.84,67.9,5.55,199.5,IMD_NORMALS_SYNTHETIC
2022-11-05,0.0,29.2,58.3,4.04,195.8,IMD_NORMALS_SYNTHETIC
2022-11-06,0.0,21.96,57.7,9.4,163.8,IMD_NORMALS_SYNTHETIC
2022-11-07,0.0,25.87,58.5,4.25,156.9,IMD_NORMALS_SYNTHETIC
2022-11-08,0.0,23.04,58.3,5.27,150.7,IMD_NORMALS_SYNTHETIC
2022-11-09,0.95,24.71,56.4,6.38,159.5,IMD_NORMALS_SYNTHETIC
2022-11-10,0.0,28.43,54.7,14.14,161.6,IMD_NORMALS_SYNTHETIC
2022-11-11,0.0,20.95,53.1,5.53,161.9,IMD_NORMALS_SYNTHETIC
2022-11-12,0.0,27.04,54.3,10.3,194.8,IMD_NORMALS_SYNTHETIC
2022-11-13,0.0,24.48,51.7,6.84,216.1,IMD_NORMALS_SYNTHETIC
2022-11-14,0.0,25.97,58.0,7.78,153.7,IMD_NORMALS_SYNTHETIC
2022-11-15,0.0,24.4,59.4,8.37,177.1,IMD_NORMALS_SYNTHETIC
2022-11-16,0.0,25.41,61.7,4.5,174.3,IMD_NORMALS_SYNTHETIC
2022-11-17,0.0,28.02,57.8,11.65,144.5,IMD_NORMALS_SYNTHETIC
2022-11-18,0.0,26.83,56.9,4.55,141.7,IMD_NORMALS_SYNTHETIC
2022-11-19,0.0,26.01,57.8,8.34,146.1,IMD_NORMALS_SYNTHETIC
2022-11-20,0.0,25.19,59.7,6.6,176.3,IMD_NORMALS_SYNTHETIC
2022-11-21,0.0,24.55,47.9,11.7,174.9,IMD_NORMALS_SYNTHETIC
2022-11-22,0.0,28.19,51.7,4.97,156.9,IMD_NORMALS_SYNTHETIC
2022-11-23,5.565,27.92,54.6,11.31,171.0,IMD_NORMALS_SYNTHETIC
2022-11-24,0.0,27.16,61.1,10.87,173.2,IMD_NORMALS_SYNTHETIC
2022-11-25,14.646,27.15,59.1,4.27,155.0,IMD_NORMALS_SYNTHETIC
2022-11-26,0.0,27.2,59.4,6.28,202.6,IMD_NORMALS_SYNTHETIC
2022-11-27,0.0,24.44,64.8,7.37,164.1,IMD_NORMALS_SYNTHETIC
2022-11-28,0.0,27.53,62.4,10.01,165.3,IMD_NORMALS_SYNTHETIC
2022-11-29,0.0,24.17,51.6,8.89,157.4,IMD_NORMALS_SYNTHETIC
2022-11-30,0.0,26.46,55.0,4.55,161.0,IMD_NORMALS_SYNTHETIC
2022-12-01,0.0,28.04,61.9,11.81,155.1,IMD_NORMALS_SYNTHETIC
2022-12-02,0.0,23.31,59.6,6.42,174.2,IMD_NORMALS_SYNTHETIC
2022-12-03,0.0,21.79,50.1,7.23,172.8,IMD_NORMALS_SYNTHETIC
2022-12-04,0.0,26.23,55.6,0.62,156.5,IMD_NORMALS_SYNTHETIC
2022-12-05,4.7,23.19,58.7,5.93,122.2,IMD_NORMALS_SYNTHETIC
2022-12-06,0.0,27.45,54.4,3.95,158.9,IMD_NORMALS_SYNTHETIC
2022-12-07,0.0,25.45,60.0,2.06,160.5,IMD_NORMALS_SYNTHETIC
2022-12-08,0.0,26.58,52.3,5.8,137.4,IMD_NORMALS_SYNTHETIC
2022-12-09,0.0,21.44,46.5,9.44,144.1,IMD_NORMALS_SYNTHETIC
2022-12-10,0.0,23.84,46.1,5.13,133.9,IMD_NORMALS_SYNTHETIC
2022-12-11,0.0,24.12,49.1,8.15,173.3,IMD_NORMALS_SYNTHETIC
2022-12-12,0.0,23.8,57.2,10.87,151.6,IMD_NORMALS_SYNTHETIC
2022-12-13,0.0,22.33,42.5,3.53,147.6,IMD_NORMALS_SYNTHETIC
2022-12-14,0.0,23.0,51.4,9.27,138.2,IMD_NORMALS_SYNTHETIC
2022-12-15,0.0,24.02,56.2,7.98,167.1,IMD_NORMALS_SYNTHETIC
2022-12-16,0.0,25.82,64.0,4.8,164.2,IMD_NORMALS_SYNTHETIC
2022-12-17,0.0,23.59,60.9,8.52,149.8,IMD_NORMALS_SYNTHETIC
2022-12-18,0.0,24.5,52.6,10.28,161.6,IMD_NORMALS_SYNTHETIC
2022-12-19,0.0,26.46,53.3,8.97,180.1,IMD_NORMALS_SYNTHETIC
2022-12-20,0.0,24.15,59.1,10.21,123.1,IMD_NORMALS_SYNTHETIC
2022-12-21,0.0,21.22,59.8,7.63,127.2,IMD_NORMALS_SYNTHETIC
2022-12-22,0.0,22.91,46.4,8.02,150.0,IMD_NORMALS_SYNTHETIC
2022-12-23,0.0,24.55,64.4,7.6,122.5,IMD_NORMALS_SYNTHETIC
2022-12-24,0.0,27.79,57.6,8.93,164.4,IMD_NORMALS_SYNTHETIC
2022-12-25,0.0,22.84,56.4,4.41,142.2,IMD_NORMALS_SYNTHETIC
2022-12-26,0.0,26.49,55.3,10.61,155.8,IMD_NORMALS_SYNTHETIC
2022-12-27,0.0,25.81,52.7,6.54,152.2,IMD_NORMALS_SYNTHETIC
2022-12-28,0.0,22.42,54.9,1.33,118.5,IMD_NORMALS_SYNTHETIC
2022-12-29,0.0,26.41,59.9,7.23,148.7,IMD_NORMALS_SYNTHETIC
2022-12-30,0.0,24.36,58.4,10.15,139.0,IMD_NORMALS_SYNTHETIC
2022-12-31,0.0,22.12,60.8,8.29,138.2,IMD_NORMALS_SYNTHETIC
2023-01-01,0.0,25.07,62.3,4.66,151.3,IMD_NORMALS_SYNTHETIC
2023-01-02,0.0,23.05,50.9,6.74,189.3,IMD_NORMALS_SYNTHETIC
2023-01-03,0.0,23.59,52.9,4.85,171.5,IMD_NORMALS_SYNTHETIC
2023-01-04,0.0,22.81,56.8,5.25,175.0,IMD_NORMALS_SYNTHETIC
2023-01-05,0.963,23.67,48.7,4.91,209.7,IMD_NORMALS_SYNTHETIC
2023-01-06,0.0,23.13,48.2,14.57,183.1,IMD_NORMALS_SYNTHETIC
2023-01-07,0.0,25.27,54.3,10.78,173.2,IMD_NORMALS_SYNTHETIC
2023-01-08,0.0,22.1,57.9,9.63,156.6,IMD_NORMALS_SYNTHETIC
2023-01-09,0.0,24.2,49.5,7.49,184.6,IMD_NORMALS_SYNTHETIC
2023-01-10,0.0,24.75,49.1,6.55,149.0,IMD_NORMALS_SYNTHETIC
2023-01-11,0.0,23.47,44.8,8.32,150.2,IMD_NORMALS_SYNTHETIC
2023-01-12,0.0,23.57,50.9,10.27,168.3,IMD_NORMALS_SYNTHETIC
2023-01-13,0.0,26.53,49.5,6.81,190.9,IMD_NORMALS_SYNTHETIC
2023-01-14,0.0,25.85,57.7,9.19,145.4,IMD_NORMALS_SYNTHETIC
2023-01-15,0.0,26.28,55.4,6.84,164.8,IMD_NORMALS_SYNTHETIC
2023-01-16,0.0,25.79,45.6,5.43,159.2,IMD_NORMALS_SYNTHETIC
2023-01-17,0.0,25.02,37.8,4.36,126.7,IMD_NORMALS_SYNTHETIC
2023-01-18,0.0,22.99,53.6,3.09,177.0,IMD_NORMALS_SYNTHETIC
2023-01-19,0.0,24.09,52.1,5.87,181.2,IMD_NORMALS_SYNTHETIC
2023-01-20,0.0,23.52,59.4,10.64,193.1,IMD_NORMALS_SYNTHETIC
2023-01-21,0.0,27.49,57.0,7.91,159.4,IMD_NORMALS_SYNTHETIC
2023-01-22,0.0,25.85,45.0,7.44,170.2,IMD_NORMALS_SYNTHETIC
2023-01-23,0.0,22.45,55.1,7.24,141.8,IMD_NORMALS_SYNTHETIC
2023-01-24,0.0,24.76,43.2,7.71,180.7,IMD_NORMALS_SYNTHETIC
2023-01-25,0.0,25.64,47.1,5.06,191.6,IMD_NORMALS_SYNTHETIC
2023-01-26,0.0,24.54,46.4,8.35,142.5,IMD_NORMALS_SYNTHETIC
2023-01-27,0.0,22.34,55.0,9.09,157.3,IMD_NORMALS_SYNTHETIC
2023-01-28,0.0,23.65,55.4,3.98,164.2,IMD_NORMALS_SYNTHETIC
2023-01-29,0.0,24.91,49.6,2.9,166.5,IMD_NORMALS_SYNTHETIC
2023-01-30,0.0,26.6,53.3,11.1,162.5,IMD_NORMALS_SYNTHETIC
2023-01-31,0.0,24.33,57.1,7.98,173.0,IMD_NORMALS_SYNTHETIC
2023-02-01,0.0,27.97,46.9,6.96,199.5,IMD_NORMALS_SYNTHETIC
2023-02-02,0.0,26.33,36.1,8.86,167.0,IMD_NORMALS_SYNTHETIC
2023-02-03,0.0,26.86,42.3,6.81,162.7,IMD_NORMALS_SYNTHETIC
2023-02-04,0.0,26.03,45.2,7.75,180.4,IMD_NORMALS_SYNTHETIC
2023-02-05,0.0,29.01,47.1,5.24,170.6,IMD_NORMALS_SYNTHETIC
2023-02-06,0.0,26.14,48.2,9.84,186.8,IMD_NORMALS_SYNTHETIC
2023-02-07,0.0,27.75,57.1,9.69,188.7,IMD_NORMALS_SYNTHETIC
2023-02-08,0.0,26.57,43.7,7.78,226.3,IMD_NORMALS_SYNTHETIC
2023-02-09,0.0,27.65,51.1,8.03,184.7,IMD_NORMALS_SYNTHETIC
2023-02-10,0.0,26.02,50.0,5.36,197.5,IMD_NORMALS_SYNTHETIC
2023-02-11,0.0,27.88,49.4,6.7,164.0,IMD_NORMALS_SYNTHETIC
2023-02-12,0.0,26.59,41.8,4.69,197.4,IMD_NORMALS_SYNTHETIC
2023-02-13,0.0,25.25,46.1,6.56,188.6,IMD_NORMALS_SYNTHETIC
2023-02-14,0.0,26.74,51.6,11.3,191.6,IMD_NORMALS_SYNTHETIC
2023-02-15,0.0,26.65,51.5,6.72,179.8,IMD_NORMALS_SYNTHETIC
2023-02-16,0.0,27.63,37.4,8.57,179.5,IMD_NORMALS_SYNTHETIC
2023-02-17,0.0,28.15,51.8,15.43,196.5,IMD_NORMALS_SYNTHETIC
2023-02-18,0.0,24.77,42.9,6.68,177.6,IMD_NORMALS_SYNTHETIC
2023-02-19,5.49,27.15,52.5,4.67,174.6,IMD_NORMALS_SYNTHETIC
2023-02-20,0.0,27.31,47.9,13.08,181.0,IMD_NORMALS_SYNTHETIC
2023-02-21,0.0,28.04,38.9,4.12,163.8,IMD_NORMALS_SYNTHETIC
2023-02-22,0.0,26.73,46.4,9.17,227.1,IMD_NORMALS_SYNTHETIC
2023-02-23,0.0,26.39,38.0,11.96,185.8,IMD_NORMALS_SYNTHETIC
2023-02-24,0.0,28.78,48.6,11.27,172.5,IMD_NORMALS_SYNTHETIC
2023-02-25,0.0,25.36,32.4,5.29,202.3,IMD_NORMALS_SYNTHETIC
2023-02-26,0.0,25.05,50.5,11.0,190.7,IMD_NORMALS_SYNTHETIC
2023-02-27,0.0,26.7,42.2,6.7,174.3,IMD_NORMALS_SYNTHETIC
2023-02-28,0.0,28.62,42.0,8.28,210.3,IMD_NORMALS_SYNTHETIC
2023-03-01,0.0,28.95,42.6,4.54,176.0,IMD_NORMALS_SYNTHETIC
2023-03-02,8.658,31.99,39.0,2.55,202.6,IMD_NORMALS_SYNTHETIC
2023-03-03,0.0,30.45,27.5,5.63,192.2,IMD_NORMALS_SYNTHETIC
2023-03-04,0.0,30.68,42.8,11.06,216.4,IMD_NORMALS_SYNTHETIC
2023-03-05,0.0,30.33,44.6,3.32,240.9,IMD_NORMALS_SYNTHETIC
2023-03-06,0.0,32.25,34.6,9.71,228.1,IMD_NORMALS_SYNTHETIC
2023-03-07,12.992,32.85,36.6,3.57,195.0,IMD_NORMALS_SYNTHETIC
2023-03-08,0.0,33.89,30.9,13.0,189.9,IMD_NORMALS_SYNTHETIC
2023-03-09,0.0,32.39,43.6,11.83,181.7,IMD_NORMALS_SYNTHETIC
2023-03-10,0.498,31.23,39.0,10.7,169.6,IMD_NORMALS_SYNTHETIC
2023-03-11,0.0,30.65,40.1,6.77,186.9,IMD_NORMALS_SYNTHETIC
2023-03-12,0.0,28.96,32.1,9.81,188.5,IMD_NORMALS_SYNTHETIC
2023-03-13,0.0,27.09,34.5,8.38,204.0,IMD_NORMALS_SYNTHETIC
2023-03-14,0.0,29.34,39.8,8.81,226.9,IMD_NORMALS_SYNTHETIC
2023-03-15,0.0,32.92,32.0,1.49,227.6,IMD_NORMALS_SYNTHETIC
2023-03-16,0.0,32.8,39.6,11.14,200.5,IMD_NORMALS_SYNTHETIC
2023-03-17,0.0,32.46,41.6,7.45,191.1,IMD_NORMALS_SYNTHETIC
2023-03-18,0.0,29.01,34.4,5.69,189.0,IMD_NORMALS_SYNTHETIC
2023-03-19,0.0,30.45,34.6,7.08,226.4,IMD_NORMALS_SYNTHETIC
2023-03-20,0.0,32.09,25.4,11.31,180.5,IMD_NORMALS_SYNTHETIC
2023-03-21,0.0,31.3,39.9,5.64,218.9,IMD_NORMALS_SYNTHETIC
2023-03-22,0.0,31.32,38.0,8.08,162.9,IMD_NORMALS_SYNTHETIC
2023-03-23,0.0,32.61,44.8,8.95,196.7,IMD_NORMALS_SYNTHETIC
2023-03-24,0.0,33.28,37.1,6.4,199.4,IMD_NORMALS_SYNTHETIC
2023-03-25,0.0,32.59,37.6,16.75,170.3,IMD_NORMALS_SYNTHETIC
2023-03-26,0.0,32.19,47.0,11.03,196.8,IMD_NORMALS_SYNTHETIC
2023-03-27,0.0,30.11,38.1,10.45,180.3,IMD_NORMALS_SYNTHETIC
2023-03-28,0.0,29.77,42.6,4.0,178.7,IMD_NORMALS_SYNTHETIC
2023-03-29,0.0,33.75,36.1,10.22,177.0,IMD_NORMALS_SYNTHETIC
2023-03-30,0.0,31.3,35.7,9.83,221.2,IMD_NORMALS_SYNTHETIC
2023-03-31,0.0,32.13,36.1,9.33,175.2,IMD_NORMALS_SYNTHETIC
2023-04-01,0.0,30.45,30.6,15.55,202.0,IMD_NORMALS_SYNTHETIC
2023-04-02,0.0,34.81,32.6,9.36,202.0,IMD_NORMALS_SYNTHETIC
2023-04-03,0.0,33.97,35.2,5.16,196.0,IMD_NORMALS_SYNTHETIC
2023-04-04,8.379,39.47,32.3,2.43,227.9,IMD_NORMALS_SYNTHETIC
2023-04-05,0.0,35.28,33.6,12.28,191.6,IMD_NORMALS_SYNTHETIC
2023-04-06,0.0,35.92,34.5,6.5,215.3,IMD_NORMALS_SYNTHETIC
2023-04-07,0.0,33.86,31.7,11.16,183.6,IMD_NORMALS_SYNTHETIC
2023-04-08,0.0,33.8,38.5,10.29,223.5,IMD_NORMALS_SYNTHETIC
2023-04-09,0.0,37.77,26.2,8.68,215.3,IMD_NORMALS_SYNTHETIC
2023-04-10,0.0,36.7,30.3,7.0,218.9,IMD_NORMALS_SYNTHETIC
2023-04-11,0.0,36.72,36.6,11.77,203.6,IMD_NORMALS_SYNTHETIC
2023-04-12,0.0,34.6,44.7,8.39,190.0,IMD_NORMALS_SYNTHETIC
2023-04-13,0.0,36.15,36.3,10.93,234.4,IMD_NORMALS_SYNTHETIC
2023-04-14,2.656,32.88,37.1,5.22,223.3,IMD_NORMALS_SYNTHETIC
2023-04-15,0.0,34.19,37.6,8.43,234.3,IMD_NORMALS_SYNTHETIC
2023-04-16,0.0,34.63,34.2,10.98,189.6,IMD_NORMALS_SYNTHETIC
2023-04-17,0.0,34.24,40.6,11.36,244.6,IMD_NORMALS_SYNTHETIC
2023-04-18,0.0,37.37,29.9,9.0,240.2,IMD_NORMALS_SYNTHETIC
2023-04-19,0.0,33.86,38.5,10.03,241.1,IMD_NORMALS_SYNTHETIC
2023-04-20,0.0,30.84,32.3,11.27,248.1,IMD_NORMALS_SYNTHETIC
2023-04-21,0.0,35.53,34.0,5.34,197.5,IMD_NORMALS_SYNTHETIC
2023-04-22,0.0,32.93,38.6,4.97,211.1,IMD_NORMALS_SYNTHETIC
2023-04-23,0.0,33.79,38.9,11.05,188.7,IMD_NORMALS_SYNTHETIC
2023-04-24,0.0,34.93,41.2,6.04,213.0,IMD_NORMALS_SYNTHETIC
2023-04-25,0.0,36.64,30.6,7.23,183.2,IMD_NORMALS_SYNTHETIC
2023-04-26,0.0,33.35,35.5,10.08,238.1,IMD_NORMALS_SYNTHETIC
2023-04-27,0.0,34.49,34.6,8.45,197.0,IMD_NORMALS_SYNTHETIC
2023-04-28,0.0,32.69,42.8,12.98,225.0,IMD_NORMALS_SYNTHETIC
2023-04-29,0.0,32.92,36.9,4.26,246.3,IMD_NORMALS_SYNTHETIC
2023-04-30,0.0,33.66,41.8,3.03,229.3,IMD_NORMALS_SYNTHETIC
2023-05-01,0.0,34.72,38.4,10.48,213.4,IMD_NORMALS_SYNTHETIC
2023-05-02,0.0,34.38,32.9,7.37,204.6,IMD_NORMALS_SYNTHETIC
2023-05-03,0.0,33.13,38.2,4.72,219.5,IMD_NORMALS_SYNTHETIC
2023-05-04,0.0,39.63,43.6,8.87,192.6,IMD_NORMALS_SYNTHETIC
2023-05-05,0.0,35.46,51.8,6.72,224.9,IMD_NORMALS_SYNTHETIC
2023-05-06,12.748,36.9,37.7,10.16,214.5,IMD_NORMALS_SYNTHETIC
2023-05-07,0.0,33.79,42.0,9.93,259.6,IMD_NORMALS_SYNTHETIC
2023-05-08,0.0,35.84,39.2,10.58,256.8,IMD_NORMALS_SYNTHETIC
2023-05-09,0.0,37.08,51.9,10.76,234.3,IMD_NORMALS_SYNTHETIC
2023-05-10,10.205,34.27,34.7,6.47,240.6,IMD_NORMALS_SYNTHETIC
2023-05-11,0.0,37.38,41.6,14.48,215.3,IMD_NORMALS_SYNTHETIC
2023-05-12,0.0,32.14,46.1,5.23,223.6,IMD_NORMALS_SYNTHETIC
2023-05-13,0.0,38.09,38.4,5.95,241.4,IMD_NORMALS_SYNTHETIC
2023-05-14,0.0,34.28,43.5,8.19,239.0,IMD_NORMALS_SYNTHETIC
2023-05-15,0.0,35.93,46.7,5.45,235.3,IMD_NORMALS_SYNTHETIC
2023-05-16,0.0,35.85,43.6,9.68,235.9,IMD_NORMALS_SYNTHETIC
2023-05-17,0.0,33.8,39.8,9.54,235.0,IMD_NORMALS_SYNTHETIC
2023-05-18,0.0,34.48,41.7,6.89,234.5,IMD_NORMALS_SYNTHETIC
2023-05-19,0.0,35.38,35.4,9.25,239.2,IMD_NORMALS_SYNTHETIC
2023-05-20,0.0,39.71,41.7,6.61,243.4,IMD_NORMALS_SYNTHETIC
2023-05-21,0.0,33.79,45.0,7.75,267.1,IMD_NORMALS_SYNTHETIC
2023-05-22,13.21,36.19,42.8,6.86,242.2,IMD_NORMALS_SYNTHETIC
2023-05-23,0.0,38.02,43.9,9.17,215.0,IMD_NORMALS_SYNTHETIC
2023-05-24,0.0,31.24,29.8,5.67,238.6,IMD_NORMALS_SYNTHETIC
2023-05-25,0.0,34.15,52.5,13.96,241.8,IMD_NORMALS_SYNTHETIC
2023-05-26,0.0,34.62,43.4,15.99,235.4,IMD_NORMALS_SYNTHETIC
2023-05-27,0.0,35.62,30.4,5.6,194.7,IMD_NORMALS_SYNTHETIC
2023-05-28,0.0,38.26,35.4,6.45,197.9,IMD_NORMALS_SYNTHETIC
2023-05-29,0.0,36.26,35.7,5.77,198.2,IMD_NORMALS_SYNTHETIC
2023-05-30,0.0,33.73,52.0,9.79,226.9,IMD_NORMALS_SYNTHETIC
2023-05-31,0.0,32.81,45.3,11.77,218.1,IMD_NORMALS_SYNTHETIC
2023-06-01,0.0,29.38,59.8,7.2,245.4,IMD_NORMALS_SYNTHETIC
2023-06-02,0.0,32.66,60.3,6.08,263.5,IMD_NORMALS_SYNTHETIC
2023-06-03,0.0,32.05,58.4,4.69,250.0,IMD_NORMALS_SYNTHETIC
2023-06-04,29.821,30.96,65.8,8.89,235.0,IMD_NORMALS_SYNTHETIC
2023-06-05,5.445,26.88,60.9,11.58,250.3,IMD_NORMALS_SYNTHETIC
2023-06-06,0.0,32.18,61.4,10.54,218.1,IMD_NORMALS_SYNTHETIC
2023-06-07,0.0,30.46,62.6,10.58,256.5,IMD_NORMALS_SYNTHETIC
2023-06-08,28.901,31.22,62.0,9.59,232.1,IMD_NORMALS_SYNTHETIC
2023-06-09,0.0,31.53,57.7,13.92,227.4,IMD_NORMALS_SYNTHETIC
2023-06-10,0.0,30.86,65.4,5.59,243.0,IMD_NORMALS_SYNTHETIC
2023-06-11,0.0,32.22,57.7,18.09,222.1,IMD_NORMALS_SYNTHETIC
2023-06-12,0.0,28.32,70.2,11.22,196.1,IMD_NORMALS_SYNTHETIC
2023-06-13,0.0,32.12,64.6,12.54,215.9,IMD_NORMALS_SYNTHETIC
2023-06-14,0.0,31.02,65.6,10.86,255.6,IMD_NORMALS_SYNTHETIC
2023-06-15,0.0,32.82,59.7,10.64,232.6,IMD_NORMALS_SYNTHETIC
2023-06-16,0.0,34.02,72.0,5.02,272.6,IMD_NORMALS_SYNTHETIC
2023-06-17,9.684,30.21,58.5,11.09,237.1,IMD_NORMALS_SYNTHETIC
2023-06-18,44.916,30.65,65.3,8.83,269.8,IMD_NORMALS_SYNTHETIC
2023-06-19,0.0,30.41,69.8,3.15,244.0,IMD_NORMALS_SYNTHETIC
2023-06-20,13.421,30.51,69.6,12.3,224.6,IMD_NORMALS_SYNTHETIC
2023-06-21,5.369,30.85,58.8,9.75,236.3,IMD_NORMALS_SYNTHETIC
2023-06-22,0.0,31.01,64.7,8.7,223.0,IMD_NORMALS_SYNTHETIC
2023-06-23,5.235,31.8,60.6,9.01,225.8,IMD_NORMALS_SYNTHETIC
2023-06-24,0.0,31.16,59.3,7.6,241.5,IMD_NORMALS_SYNTHETIC
2023-06-25,0.0,35.75,69.1,8.59,265.6,IMD_NORMALS_SYNTHETIC
2023-06-26,0.0,31.32,61.8,3.35,234.2,IMD_NORMALS_SYNTHETIC
2023-06-27,0.0,27.1,68.0,0.63,243.4,IMD_NORMALS_SYNTHETIC
2023-06-28,0.0,31.39,65.7,12.97,281.0,IMD_NORMALS_SYNTHETIC
2023-06-29,3.455,32.14,58.9,11.18,237.8,IMD_NORMALS_SYNTHETIC
2023-06-30,0.0,32.69,68.8,7.98,230.1,IMD_NORMALS_SYNTHETIC
2023-07-01,0.708,29.99,73.4,6.52,239.2,IMD_NORMALS_SYNTHETIC
2023-07-02,6.678,28.05,67.1,9.27,225.6,IMD_NORMALS_SYNTHETIC
2023-07-03,0.0,28.09,77.3,5.04,211.1,IMD_NORMALS_SYNTHETIC
2023-07-04,2.571,31.37,76.8,11.85,222.0,IMD_NORMALS_SYNTHETIC
2023-07-05,0.0,30.15,68.4,9.23,231.2,IMD_NORMALS_SYNTHETIC
2023-07-06,0.0,30.86,78.1,4.77,240.7,IMD_NORMALS_SYNTHETIC
2023-07-07,5.467,26.08,78.7,10.14,216.8,IMD_NORMALS_SYNTHETIC
2023-07-08,21.468,27.51,70.2,7.5,207.1,IMD_NORMALS_SYNTHETIC
2023-07-09,0.0,28.95,70.2,8.09,226.2,IMD_NORMALS_SYNTHETIC
2023-07-10,0.0,27.61,71.2,11.35,193.7,IMD_NORMALS_SYNTHETIC
2023-07-11,8.37,30.1,70.0,10.53,248.1,IMD_NORMALS_SYNTHETIC
2023-07-12,0.0,30.59,75.7,2.5,239.7,IMD_NORMALS_SYNTHETIC
2023-07-13,13.929,27.84,72.6,8.66,217.9,IMD_NORMALS_SYNTHETIC
2023-07-14,0.0,29.27,74.8,10.78,218.1,IMD_NORMALS_SYNTHETIC
2023-07-15,21.724,30.46,71.8,7.0,224.3,IMD_NORMALS_SYNTHETIC
2023-07-16,0.0,28.36,78.9,10.14,242.5,IMD_NORMALS_SYNTHETIC
2023-07-17,26.301,26.96,70.5,6.07,195.8,IMD_NORMALS_SYNTHETIC
2023-07-18,0.0,29.58,82.5,7.54,225.3,IMD_NORMALS_SYNTHETIC
2023-07-19,0.0,27.95,70.4,5.05,203.0,IMD_NORMALS_SYNTHETIC
2023-07-20,0.0,31.83,74.1,5.73,230.2,IMD_NORMALS_SYNTHETIC
2023-07-21,2.794,26.75,71.4,5.65,215.3,IMD_NORMALS_SYNTHETIC
2023-07-22,0.0,28.08,67.5,9.54,258.3,IMD_NORMALS_SYNTHETIC
2023-07-23,6.474,27.02,80.1,3.13,255.4,IMD_NORMALS_SYNTHETIC
2023-07-24,0.0,30.46,71.6,10.07,223.4,IMD_NORMALS_SYNTHETIC
2023-07-25,6.367,26.94,73.8,6.5,227.4,IMD_NORMALS_SYNTHETIC
2023-07-26,0.0,29.6,74.5,2.51,284.2,IMD_NORMALS_SYNTHETIC
2023-07-27,0.0,25.0,67.4,7.83,248.2,IMD_NORMALS_SYNTHETIC
2023-07-28,0.0,26.99,71.8,5.93,259.6,IMD_NORMALS_SYNTHETIC
2023-07-29,0.0,29.98,72.7,11.46,219.9,IMD_NORMALS_SYNTHETIC
2023-07-30,0.0,27.51,90.3,7.43,210.1,IMD_NORMALS_SYNTHETIC
2023-07-31,0.0,31.36,79.6,9.66,194.8,IMD_NORMALS_SYNTHETIC
2023-08-01,0.0,27.97,79.3,10.57,207.6,IMD_NORMALS_SYNTHETIC
2023-08-02,0.0,28.61,72.4,7.22,199.3,IMD_NORMALS_SYNTHETIC
2023-08-03,14.588,29.8,70.9,11.05,235.6,IMD_NORMALS_SYNTHETIC
2023-08-04,8.117,28.87,74.2,5.48,212.6,IMD_NORMALS_SYNTHETIC
2023-08-05,0.0,27.84,70.9,5.22,172.9,IMD_NORMALS_SYNTHETIC
2023-08-06,0.0,30.25,78.2,12.04,203.6,IMD_NORMALS_SYNTHETIC
2023-08-07,121.805,28.51,75.9,0.76,217.1,IMD_NORMALS_SYNTHETIC
2023-08-08,7.905,28.22,80.5,6.47,219.9,IMD_NORMALS_SYNTHETIC
2023-08-09,0.0,27.42,83.8,5.24,184.5,IMD_NORMALS_SYNTHETIC
2023-08-10,26.02,25.74,75.3,12.88,206.6,IMD_NORMALS_SYNTHETIC
2023-08-11,0.0,26.39,72.5,8.63,179.7,IMD_NORMALS_SYNTHETIC
2023-08-12,0.0,28.23,70.4,8.49,230.7,IMD_NORMALS_SYNTHETIC
2023-08-13,1.797,30.05,70.9,11.57,168.0,IMD_NORMALS_SYNTHETIC
2023-08-14,0.0,28.81,69.6,12.68,195.6,IMD_NORMALS_SYNTHETIC
2023-08-15,9.22,29.5,75.9,5.71,231.1,IMD_NORMALS_SYNTHETIC
2023-08-16,14.171,27.59,67.0,5.16,228.4,IMD_NORMALS_SYNTHETIC
2023-08-17,26.994,26.11,85.8,8.81,234.8,IMD_NORMALS_SYNTHETIC
2023-08-18,3.709,29.77,71.0,13.22,201.3,IMD_NORMALS_SYNTHETIC
2023-08-19,0.0,26.09,81.8,12.89,229.4,IMD_NORMALS_SYNTHETIC
2023-08-20,0.929,26.55,70.1,5.22,206.2,IMD_NORMALS_SYNTHETIC
2023-08-21,44.23,27.65,71.6,10.78,265.3,IMD_NORMALS_SYNTHETIC
2023-08-22,0.0,25.91,83.2,14.11,194.2,IMD_NORMALS_SYNTHETIC
2023-08-23,0.0,29.41,72.5,5.41,217.2,IMD_NORMALS_SYNTHETIC
2023-08-24,0.0,30.07,77.2,14.8,204.4,IMD_NORMALS_SYNTHETIC
2023-08-25,45.49,31.13,72.3,0.52,223.9,IMD_NORMALS_SYNTHETIC
2023-08-26,0.0,29.59,90.9,10.93,192.4,IMD_NORMALS_SYNTHETIC
2023-08-27,0.0,29.63,72.6,7.44,226.3,IMD_NORMALS_SYNTHETIC
2023-08-28,0.0,27.03,66.0,7.13,239.7,IMD_NORMALS_SYNTHETIC
2023-08-29,0.0,27.43,85.1,5.07,237.1,IMD_NORMALS_SYNTHETIC
2023-08-30,0.0,28.14,86.2,8.37,225.0,IMD_NORMALS_SYNTHETIC
2023-08-31,0.0,27.4,72.0,11.86,224.3,IMD_NORMALS_SYNTHETIC
2023-09-01,0.0,28.94,80.2,10.46,208.4,IMD_NORMALS_SYNTHETIC
2023-09-02,29.233,26.78,76.9,6.28,183.7,IMD_NORMALS_SYNTHETIC
2023-09-03,0.0,28.47,64.6,9.27,205.1,IMD_NORMALS_SYNTHETIC
2023-09-04,0.0,28.02,71.3,5.3,220.2,IMD_NORMALS_SYNTHETIC
2023-09-05,49.07,30.8,65.5,2.63,177.9,IMD_NORMALS_SYNTHETIC
2023-09-06,0.0,27.36,70.6,6.1,173.6,IMD_NORMALS_SYNTHETIC
2023-09-07,0.0,28.66,70.3,3.25,205.7,IMD_NORMALS_SYNTHETIC
2023-09-08,0.0,28.98,72.5,4.23,164.8,IMD_NORMALS_SYNTHETIC
2023-09-09,0.0,27.29,66.8,11.57,181.0,IMD_NORMALS_SYNTHETIC
2023-09-10,0.0,29.2,71.3,8.6,149.5,IMD_NORMALS_SYNTHETIC
2023-09-11,5.289,29.56,78.8,10.0,202.1,IMD_NORMALS_SYNTHETIC
2023-09-12,3.987,28.96,75.9,6.47,182.7,IMD_NORMALS_SYNTHETIC
2023-09-13,74.827,29.83,78.9,10.78,184.7,IMD_NORMALS_SYNTHETIC
2023-09-14,0.0,25.92,71.4,10.08,176.6,IMD_NORMALS_SYNTHETIC
2023-09-15,0.0,29.83,72.1,9.97,188.8,IMD_NORMALS_SYNTHETIC
2023-09-16,4.087,26.56,76.6,9.33,208.2,IMD_NORMALS_SYNTHETIC
2023-09-17,0.0,29.33,70.0,8.03,179.3,IMD_NORMALS_SYNTHETIC
2023-09-18,0.0,30.66,71.1,4.98,179.9,IMD_NORMALS_SYNTHETIC
2023-09-19,9.295,28.14,69.1,12.51,176.4,IMD_NORMALS_SYNTHETIC
2023-09-20,0.0,25.37,81.6,9.88,205.2,IMD_NORMALS_SYNTHETIC
2023-09-21,0.938,31.66,78.2,7.85,201.7,IMD_NORMALS_SYNTHETIC
2023-09-22,0.0,30.29,77.0,8.28,189.5,IMD_NORMALS_SYNTHETIC
2023-09-23,0.0,30.2,77.8,3.97,217.0,IMD_NORMALS_SYNTHETIC
2023-09-24,2.978,30.77,78.6,7.56,201.9,IMD_NORMALS_SYNTHETIC
2023-09-25,7.834,31.03,66.5,6.47,210.6,IMD_NORMALS_SYNTHETIC
2023-09-26,0.0,26.57,73.4,7.31,211.7,IMD_NORMALS_SYNTHETIC
2023-09-27,0.0,29.42,80.5,10.85,180.5,IMD_NORMALS_SYNTHETIC
2023-09-28,18.716,27.5,72.6,12.34,216.7,IMD_NORMALS_SYNTHETIC
2023-09-29,0.0,28.17,72.2,10.5,161.4,IMD_NORMALS_SYNTHETIC
2023-09-30,0.0,29.3,74.9,6.71,165.8,IMD_NORMALS_SYNTHETIC
2023-10-01,0.0,29.97,70.7,5.28,181.4,IMD_NORMALS_SYNTHETIC
2023-10-02,0.0,29.45,75.6,7.61,168.6,IMD_NORMALS_SYNTHETIC
2023-10-03,0.0,27.52,73.2,7.78,134.4,IMD_NORMALS_SYNTHETIC
2023-10-04,0.0,27.97,70.7,6.39,173.0,IMD_NORMALS_SYNTHETIC
2023-10-05,0.0,27.43,66.0,13.26,190.9,IMD_NORMALS_SYNTHETIC
2023-10-06,0.0,23.79,67.7,9.32,173.8,IMD_NORMALS_SYNTHETIC
2023-10-07,6.383,27.39,71.5,3.29,200.1,IMD_NORMALS_SYNTHETIC
2023-10-08,0.0,30.22,72.2,8.39,155.0,IMD_NORMALS_SYNTHETIC
2023-10-09,0.0,28.05,68.1,7.47,186.7,IMD_NORMALS_SYNTHETIC
2023-10-10,10.631,29.44,62.0,0.66,198.0,IMD_NORMALS_SYNTHETIC
2023-10-11,0.0,31.27,61.7,4.99,186.0,IMD_NORMALS_SYNTHETIC
2023-10-12,0.0,29.34,72.7,4.12,159.8,IMD_NORMALS_SYNTHETIC
2023-10-13,1.14,26.73,59.8,8.09,176.6,IMD_NORMALS_SYNTHETIC
2023-10-14,0.0,30.71,71.2,9.59,184.1,IMD_NORMALS_SYNTHETIC
2023-10-15,0.0,25.46,72.4,12.23,169.1,IMD_NORMALS_SYNTHETIC
2023-10-16,0.0,28.31,67.1,4.7,150.0,IMD_NORMALS_SYNTHETIC
2023-10-17,0.0,27.14,62.5,4.38,179.1,IMD_NORMALS_SYNTHETIC
2023-10-18,0.0,29.57,70.4,6.84,165.7,IMD_NORMALS_SYNTHETIC
2023-10-19,0.0,24.0,55.2,10.7,185.5,IMD_NORMALS_SYNTHETIC
2023-10-20,0.0,28.37,71.3,8.27,191.2,IMD_NORMALS_SYNTHETIC
2023-10-21,0.0,25.54,63.3,14.26,187.6,IMD_NORMALS_SYNTHETIC
2023-10-22,19.649,27.93,64.8,7.74,188.6,IMD_NORMALS_SYNTHETIC
2023-10-23,0.0,30.2,64.5,9.6,183.3,IMD_NORMALS_SYNTHETIC
2023-10-24,0.0,29.44,63.2,10.53,196.4,IMD_NORMALS_SYNTHETIC
2023-10-25,0.0,27.96,64.7,2.99,205.6,IMD_NORMALS_SYNTHETIC
2023-10-26,0.0,26.82,69.9,7.91,196.8,IMD_NORMALS_SYNTHETIC
2023-10-27,0.0,27.56,67.6,6.33,208.8,IMD_NORMALS_SYNTHETIC
2023-10-28,27.473,29.84,70.8,6.95,210.4,IMD_NORMALS_SYNTHETIC
2023-10-29,0.0,29.2,75.4,9.94,200.2,IMD_NORMALS_SYNTHETIC
2023-10-30,0.0,30.6,62.1,7.86,187.0,IMD_NORMALS_SYNTHETIC
2023-10-31,9.978,26.66,73.0,7.24,142.1,IMD_NORMALS_SYNTHETIC
2023-11-01,0.0,27.32,63.6,8.43,157.8,IMD_NORMALS_SYNTHETIC
2023-11-02,0.0,23.39,61.6,4.93,159.0,IMD_NORMALS_SYNTHETIC
2023-11-03,0.0,26.61,56.4,9.08,167.1,IMD_NORMALS_SYNTHETIC
2023-11-04,0.0,29.14,57.6,4.21,124.9,IMD_NORMALS_SYNTHETIC
2023-11-05,0.0,25.97,60.2,9.3,154.1,IMD_NORMALS_SYNTHETIC
2023-11-06,0.0,28.0,61.4,7.75,156.2,IMD_NORMALS_SYNTHETIC
2023-11-07,0.0,26.39,51.8,10.88,137.5,IMD_NORMALS_SYNTHETIC
2023-11-08,0.0,24.91,62.0,9.31,177.9,IMD_NORMALS_SYNTHETIC
2023-11-09,0.0,24.85,55.0,8.06,159.4,IMD_NORMALS_SYNTHETIC
2023-11-10,0.0,23.09,49.0,7.97,187.7,IMD_NORMALS_SYNTHETIC
2023-11-11,0.0,24.64,55.5,11.26,156.0,IMD_NORMALS_SYNTHETIC
2023-11-12,0.0,26.7,68.2,8.64,166.7,IMD_NORMALS_SYNTHETIC
2023-11-13,0.0,25.17,61.0,9.86,149.6,IMD_NORMALS_SYNTHETIC
2023-11-14,0.0,24.84,52.6,8.54,191.2,IMD_NORMALS_SYNTHETIC
2023-11-15,0.0,26.55,59.5,5.97,198.5,IMD_NORMALS_SYNTHETIC
2023-11-16,0.0,25.13,63.1,7.14,148.6,IMD_NORMALS_SYNTHETIC
2023-11-17,0.0,24.45,48.0,11.74,171.2,IMD_NORMALS_SYNTHETIC
2023-11-18,22.639,23.55,62.3,8.72,155.6,IMD_NORMALS_SYNTHETIC
2023-11-19,0.0,27.29,59.7,12.52,172.3,IMD_NORMALS_SYNTHETIC
2023-11-20,0.0,28.23,68.6,11.24,179.9,IMD_NORMALS_SYNTHETIC
2023-11-21,0.0,24.97,55.2,11.22,171.7,IMD_NORMALS_SYNTHETIC
2023-11-22,0.0,27.8,62.9,13.48,158.3,IMD_NORMALS_SYNTHETIC
2023-11-23,0.0,28.28,54.3,5.45,197.4,IMD_NORMALS_SYNTHETIC
2023-11-24,0.0,25.45,57.4,7.75,166.6,IMD_NORMALS_SYNTHETIC
2023-11-25,0.0,26.89,68.6,11.38,161.4,IMD_NORMALS_SYNTHETIC
2023-11-26,0.0,26.16,48.3,14.71,104.8,IMD_NORMALS_SYNTHETIC
2023-11-27,0.307,26.08,56.6,7.17,169.5,IMD_NORMALS_SYNTHETIC
2023-11-28,0.0,23.11,59.9,14.25,162.9,IMD_NORMALS_SYNTHETIC
2023-11-29,0.0,26.03,53.7,11.37,148.3,IMD_NORMALS_SYNTHETIC
2023-11-30,0.0,26.26,54.2,8.29,199.5,IMD_NORMALS_SYNTHETIC
2023-12-01,0.0,21.47,54.2,10.54,136.3,IMD_NORMALS_SYNTHETIC
2023-12-02,0.0,22.24,55.3,6.02,172.4,IMD_NORMALS_SYNTHETIC
2023-12-03,0.0,24.13,50.1,9.08,142.1,IMD_NORMALS_SYNTHETIC
2023-12-04,0.0,25.64,65.2,5.79,128.1,IMD_NORMALS_SYNTHETIC
2023-12-05,0.0,25.32,55.4,7.56,100.0,IMD_NORMALS_SYNTHETIC
2023-12-06,0.0,18.54,56.2,5.29,169.5,IMD_NORMALS_SYNTHETIC
2023-12-07,0.0,22.64,52.1,2.56,122.2,IMD_NORMALS_SYNTHETIC
2023-12-08,0.0,24.24,57.7,4.97,165.6,IMD_NORMALS_SYNTHETIC
2023-12-09,0.0,26.67,60.0,8.98,157.7,IMD_NORMALS_SYNTHETIC
2023-12-10,0.0,24.06,53.9,4.0,133.9,IMD_NORMALS_SYNTHETIC
2023-12-11,0.0,23.6,57.6,10.56,162.0,IMD_NORMALS_SYNTHETIC
2023-12-12,0.0,24.5,52.2,6.89,154.4,IMD_NORMALS_SYNTHETIC
2023-12-13,0.0,26.16,55.0,4.43,189.1,IMD_NORMALS_SYNTHETIC
2023-12-14,0.0,25.55,66.6,5.47,163.2,IMD_NORMALS_SYNTHETIC
2023-12-15,0.0,23.62,61.5,10.35,164.3,IMD_NORMALS_SYNTHETIC
2023-12-16,0.0,23.51,56.7,9.05,119.9,IMD_NORMALS_SYNTHETIC
2023-12-17,0.0,19.78,49.6,6.31,145.2,IMD_NORMALS_SYNTHETIC
2023-12-18,0.0,23.02,49.1,3.12,164.7,IMD_NORMALS_SYNTHETIC
2023-12-19,0.0,24.7,47.8,7.46,141.2,IMD_NORMALS_SYNTHETIC
2023-12-20,0.0,24.56,60.0,7.72,128.8,IMD_NORMALS_SYNTHETIC
2023-12-21,0.0,21.74,56.2,8.79,157.4,IMD_NORMALS_SYNTHETIC
2023-12-22,0.0,24.01,52.8,9.66,164.3,IMD_NORMALS_SYNTHETIC
2023-12-23,0.0,25.39,46.6,6.94,123.0,IMD_NORMALS_SYNTHETIC
2023-12-24,0.0,25.05,59.7,12.77,167.6,IMD_NORMALS_SYNTHETIC
2023-12-25,0.0,23.29,60.4,8.81,150.7,IMD_NORMALS_SYNTHETIC
2023-12-26,0.0,22.52,53.7,11.02,135.5,IMD_NORMALS_SYNTHETIC
2023-12-27,0.0,26.48,50.8,6.23,151.8,IMD_NORMALS_SYNTHETIC
2023-12-28,4.026,23.28,49.0,6.89,157.5,IMD_NORMALS_SYNTHETIC
2023-12-29,0.0,24.53,48.4,9.66,158.7,IMD_NORMALS_SYNTHETIC
2023-12-30,0.0,24.69,52.1,6.07,182.0,IMD_NORMALS_SYNTHETIC
2023-12-31,0.0,25.03,61.6,7.14,193.5,IMD_NORMALS_SYNTHETIC
2024-01-01,0.0,25.32,49.8,8.29,151.1,IMD_NORMALS_SYNTHETIC
2024-01-02,0.0,25.99,51.1,7.53,164.8,IMD_NORMALS_SYNTHETIC
2024-01-03,0.0,25.52,54.1,6.56,165.0,IMD_NORMALS_SYNTHETIC
2024-01-04,0.0,25.94,54.2,7.16,140.9,IMD_NORMALS_SYNTHETIC
2024-01-05,0.0,22.06,57.7,2.74,173.9,IMD_NORMALS_SYNTHETIC
2024-01-06,0.0,22.9,45.5,4.6,187.1,IMD_NORMALS_SYNTHETIC
2024-01-07,0.0,26.15,48.9,7.97,154.2,IMD_NORMALS_SYNTHETIC
2024-01-08,0.0,23.16,53.3,5.59,157.0,IMD_NORMALS_SYNTHETIC
2024-01-09,0.0,25.36,42.6,3.16,142.1,IMD_NORMALS_SYNTHETIC
2024-01-10,0.0,26.42,50.3,9.31,169.5,IMD_NORMALS_SYNTHETIC
2024-01-11,0.0,25.23,45.9,13.31,185.9,IMD_NORMALS_SYNTHETIC
2024-01-12,0.0,28.17,54.0,11.78,135.7,IMD_NORMALS_SYNTHETIC
2024-01-13,0.0,29.25,41.9,8.81,132.0,IMD_NORMALS_SYNTHETIC
2024-01-14,0.0,23.47,47.1,8.06,194.1,IMD_NORMALS_SYNTHETIC
2024-01-15,0.0,25.0,56.4,9.18,158.4,IMD_NORMALS_SYNTHETIC
2024-01-16,0.0,23.34,57.3,13.81,132.8,IMD_NORMALS_SYNTHETIC
2024-01-17,0.0,22.02,60.6,12.28,160.6,IMD_NORMALS_SYNTHETIC
2024-01-18,0.0,25.97,49.8,7.83,162.9,IMD_NORMALS_SYNTHETIC
2024-01-19,0.0,27.5,53.0,8.78,132.9,IMD_NORMALS_SYNTHETIC
2024-01-20,0.0,25.59,57.8,13.47,139.7,IMD_NORMALS_SYNTHETIC
2024-01-21,0.0,25.39,56.8,6.54,179.6,IMD_NORMALS_SYNTHETIC
2024-01-22,0.0,22.99,52.0,8.34,134.2,IMD_NORMALS_SYNTHETIC
2024-01-23,0.0,21.47,61.1,10.99,171.7,IMD_NORMALS_SYNTHETIC
2024-01-24,0.0,21.86,55.2,8.02,186.9,IMD_NORMALS_SYNTHETIC
2024-01-25,0.0,25.27,55.7,8.07,142.2,IMD_NORMALS_SYNTHETIC
2024-01-26,0.0,20.82,57.5,10.61,151.0,IMD_NORMALS_SYNTHETIC
2024-01-27,0.0,24.39,55.7,7.48,164.0,IMD_NORMALS_SYNTHETIC
2024-01-28,0.0,24.2,51.1,6.49,197.0,IMD_NORMALS_SYNTHETIC
2024-01-29,0.0,22.85,52.5,10.17,170.1,IMD_NORMALS_SYNTHETIC
2024-01-30,0.0,23.67,55.8,9.99,171.1,IMD_NORMALS_SYNTHETIC
2024-01-31,0.0,22.66,52.9,10.49,179.5,IMD_NORMALS_SYNTHETIC
2024-02-01,0.0,26.38,43.7,7.5,162.7,IMD_NORMALS_SYNTHETIC
2024-02-02,0.0,28.78,56.5,8.27,180.6,IMD_NORMALS_SYNTHETIC
2024-02-03,0.0,26.47,39.3,8.81,197.5,IMD_NORMALS_SYNTHETIC
2024-02-04,0.0,25.64,35.1,10.69,185.2,IMD_NORMALS_SYNTHETIC
2024-02-05,0.0,23.44,48.7,8.11,143.4,IMD_NORMALS_SYNTHETIC
2024-02-06,0.0,25.08,38.4,8.8,190.6,IMD_NORMALS_SYNTHETIC
2024-02-07,1.039,26.67,46.9,4.64,181.0,IMD_NORMALS_SYNTHETIC
2024-02-08,0.0,26.51,50.2,4.03,173.7,IMD_NORMALS_SYNTHETIC
2024-02-09,0.0,24.59,34.9,8.54,168.4,IMD_NORMALS_SYNTHETIC
2024-02-10,0.0,27.68,40.1,9.15,211.4,IMD_NORMALS_SYNTHETIC
2024-02-11,0.0,26.79,46.9,10.75,187.9,IMD_NORMALS_SYNTHETIC
2024-02-12,0.0,27.9,46.7,5.99,170.5,IMD_NORMALS_SYNTHETIC
2024-02-13,0.0,24.61,46.7,10.07,205.4,IMD_NORMALS_SYNTHETIC
2024-02-14,0.0,24.27,34.4,3.35,199.5,IMD_NORMALS_SYNTHETIC
2024-02-15,0.0,28.17,46.6,8.19,204.5,IMD_NORMALS_SYNTHETIC
2024-02-16,0.0,29.07,42.0,7.11,170.8,IMD_NORMALS_SYNTHETIC
2024-02-17,0.0,23.49,46.3,4.62,147.8,IMD_NORMALS_SYNTHETIC
2024-02-18,0.0,28.61,39.1,9.74,178.6,IMD_NORMALS_SYNTHETIC
2024-02-19,0.0,25.43,35.8,6.81,184.2,IMD_NORMALS_SYNTHETIC
2024-02-20,0.0,28.43,46.0,3.03,153.1,IMD_NORMALS_SYNTHETIC
2024-02-21,0.0,26.56,47.4,5.02,192.3,IMD_NORMALS_SYNTHETIC
2024-02-22,0.0,27.99,41.7,7.64,177.8,IMD_NORMALS_SYNTHETIC
2024-02-23,0.0,30.07,47.7,6.83,139.7,IMD_NORMALS_SYNTHETIC
2024-02-24,0.0,26.5,48.2,7.62,170.8,IMD_NORMALS_SYNTHETIC
2024-02-25,0.0,27.21,46.5,8.38,132.0,IMD_NORMALS_SYNTHETIC
2024-02-26,0.0,28.66,43.5,10.28,166.8,IMD_NORMALS_SYNTHETIC
2024-02-27,0.0,25.92,41.4,7.37,195.5,IMD_NORMALS_SYNTHETIC
2024-02-28,0.0,25.39,46.3,10.11,176.7,IMD_NORMALS_SYNTHETIC
2024-02-29,0.0,24.63,54.1,8.52,172.9,IMD_NORMALS_SYNTHETIC
2024-03-01,0.0,31.86,40.0,6.82,216.2,IMD_NORMALS_SYNTHETIC
2024-03-02,0.0,28.64,38.3,9.53,229.8,IMD_NORMALS_SYNTHETIC
2024-03-03,0.0,32.67,40.4,7.98,216.7,IMD_NORMALS_SYNTHETIC
2024-03-04,0.0,28.88,32.4,7.3,188.5,IMD_NORMALS_SYNTHETIC
2024-03-05,6.035,29.44,31.7,3.34,197.1,IMD_NORMALS_SYNTHETIC
2024-03-06,0.0,27.6,46.5,6.96,186.9,IMD_NORMALS_SYNTHETIC
2024-03-07,0.0,32.14,39.2,8.96,161.9,IMD_NORMALS_SYNTHETIC
2024-03-08,0.0,29.67,35.5,5.72,196.1,IMD_NORMALS_SYNTHETIC
2024-03-09,0.0,33.23,43.8,10.28,206.2,IMD_NORMALS_SYNTHETIC
2024-03-10,0.0,32.6,38.0,6.6,216.8,IMD_NORMALS_SYNTHETIC
2024-03-11,0.0,31.45,31.1,7.17,180.0,IMD_NORMALS_SYNTHETIC
2024-03-12,0.0,29.92,40.6,11.03,168.0,IMD_NORMALS_SYNTHETIC
2024-03-13,0.0,26.88,35.4,5.94,204.6,IMD_NORMALS_SYNTHETIC
2024-03-14,0.0,34.72,32.3,4.01,204.9,IMD_NORMALS_SYNTHETIC
2024-03-15,0.0,31.61,39.1,2.44,246.9,IMD_NORMALS_SYNTHETIC
2024-03-16,0.0,35.02,36.4,8.78,191.7,IMD_NORMALS_SYNTHETIC
2024-03-17,0.0,31.51,35.6,4.8,193.2,IMD_NORMALS_SYNTHETIC
2024-03-18,0.0,31.48,40.4,7.01,215.2,IMD_NORMALS_SYNTHETIC
2024-03-19,0.0,32.64,46.2,5.01,220.3,IMD_NORMALS_SYNTHETIC
2024-03-20,0.0,31.86,44.3,11.06,184.8,IMD_NORMALS_SYNTHETIC
2024-03-21,0.0,29.12,40.5,7.71,182.2,IMD_NORMALS_SYNTHETIC
2024-03-22,0.0,34.03,38.0,11.35,190.2,IMD_NORMALS_SYNTHETIC
2024-03-23,0.0,34.52,36.9,1.96,193.2,IMD_NORMALS_SYNTHETIC
2024-03-24,0.0,32.42,33.9,7.9,227.0,IMD_NORMALS_SYNTHETIC
2024-03-25,0.0,31.81,35.1,8.84,176.7,IMD_NORMALS_SYNTHETIC
2024-03-26,0.0,29.07,37.0,14.64,244.5,IMD_NORMALS_SYNTHETIC
2024-03-27,0.0,32.92,39.6,7.78,185.7,IMD_NORMALS_SYNTHETIC
2024-03-28,0.0,31.99,39.6,9.04,219.4,IMD_NORMALS_SYNTHETIC
2024-03-29,0.0,32.88,42.6,4.79,204.2,IMD_NORMALS_SYNTHETIC
2024-03-30,0.0,34.14,37.3,6.78,222.0,IMD_NORMALS_SYNTHETIC
2024-03-31,0.0,31.58,38.0,10.48,211.4,IMD_NORMALS_SYNTHETIC
2024-04-01,0.0,35.77,43.4,8.24,220.8,IMD_NORMALS_SYNTHETIC
2024-04-02,0.0,35.81,30.7,9.29,219.1,IMD_NORMALS_SYNTHETIC
2024-04-03,0.0,35.77,31.5,9.89,230.2,IMD_NORMALS_SYNTHETIC
2024-04-04,0.0,35.37,32.2,2.28,223.6,IMD_NORMALS_SYNTHETIC
2024-04-05,0.0,33.85,37.6,10.36,190.7,IMD_NORMALS_SYNTHETIC
2024-04-06,0.0,33.36,45.2,10.24,230.8,IMD_NORMALS_SYNTHETIC
2024-04-07,0.0,37.87,38.1,5.4,214.9,IMD_NORMALS_SYNTHETIC
2024-04-08,0.0,33.47,45.6,8.2,201.7,IMD_NORMALS_SYNTHETIC
2024-04-09,0.0,34.14,36.1,7.57,197.2,IMD_NORMALS_SYNTHETIC
2024-04-10,0.0,34.64,33.2,7.0,208.2,IMD_NORMALS_SYNTHETIC
2024-04-11,9.527,30.91,26.8,13.33,205.8,IMD_NORMALS_SYNTHETIC
2024-04-12,0.0,33.02,36.8,9.01,163.5,IMD_NORMALS_SYNTHETIC
2024-04-13,0.0,33.26,28.4,9.46,221.1,IMD_NORMALS_SYNTHETIC
2024-04-14,0.0,33.29,34.8,8.91,237.5,IMD_NORMALS_SYNTHETIC
2024-04-15,4.924,31.65,43.6,11.91,218.1,IMD_NORMALS_SYNTHETIC
2024-04-16,0.0,35.69,29.7,7.83,214.1,IMD_NORMALS_SYNTHETIC
2024-04-17,0.0,36.14,32.8,8.51,210.9,IMD_NORMALS_SYNTHETIC
2024-04-18,0.0,32.75,26.5,11.99,221.5,IMD_NORMALS_SYNTHETIC
2024-04-19,0.0,33.55,49.1,9.04,192.6,IMD_NORMALS_SYNTHETIC
2024-04-20,0.0,31.23,39.3,10.82,224.2,IMD_NORMALS_SYNTHETIC
2024-04-21,0.0,34.19,40.4,7.75,185.6,IMD_NORMALS_SYNTHETIC
2024-04-22,0.0,35.22,28.4,1.73,191.0,IMD_NORMALS_SYNTHETIC
2024-04-23,0.0,32.94,37.5,7.84,235.7,IMD_NORMALS_SYNTHETIC
2024-04-24,0.0,33.68,27.8,6.7,221.0,IMD_NORMALS_SYNTHETIC
2024-04-25,0.0,36.26,32.1,7.72,229.1,IMD_NORMALS_SYNTHETIC
2024-04-26,0.0,33.9,24.8,11.53,202.4,IMD_NORMALS_SYNTHETIC
2024-04-27,1.905,33.73,42.3,11.96,192.5,IMD_NORMALS_SYNTHETIC
2024-04-28,3.458,36.13,36.3,7.08,230.8,IMD_NORMALS_SYNTHETIC
2024-04-29,0.0,33.64,29.0,7.56,193.4,IMD_NORMALS_SYNTHETIC
2024-04-30,0.0,34.74,36.9,6.57,223.3,IMD_NORMALS_SYNTHETIC
2024-05-01,0.0,33.35,43.2,9.21,247.8,IMD_NORMALS_SYNTHETIC
2024-05-02,0.0,33.44,39.6,6.21,236.4,IMD_NORMALS_SYNTHETIC
2024-05-03,0.0,34.36,45.9,2.32,240.0,IMD_NORMALS_SYNTHETIC
2024-05-04,8.329,33.14,45.3,10.42,219.8,IMD_NORMALS_SYNTHETIC
2024-05-05,0.0,33.38,44.1,8.09,263.6,IMD_NORMALS_SYNTHETIC
2024-05-06,0.0,36.82,40.2,9.2,226.8,IMD_NORMALS_SYNTHETIC
2024-05-07,0.0,34.42,41.4,10.08,222.3,IMD_NORMALS_SYNTHETIC
2024-05-08,0.0,37.02,36.8,9.24,212.7,IMD_NORMALS_SYNTHETIC
2024-05-09,0.0,35.23,43.2,5.81,256.0,IMD_NORMALS_SYNTHETIC
2024-05-10,0.0,36.73,46.4,7.4,221.9,IMD_NORMALS_SYNTHETIC
2024-05-11,0.0,35.25,49.4,8.15,206.5,IMD_NORMALS_SYNTHETIC
2024-05-12,0.0,35.03,38.7,5.36,214.0,IMD_NORMALS_SYNTHETIC
2024-05-13,0.0,32.76,53.0,10.78,233.6,IMD_NORMALS_SYNTHETIC
2024-05-14,0.0,36.76,40.5,8.98,225.6,IMD_NORMALS_SYNTHETIC
2024-05-15,0.0,34.57,41.3,8.35,269.3,IMD_NORMALS_SYNTHETIC
2024-05-16,0.0,31.93,44.4,4.74,189.8,IMD_NORMALS_SYNTHETIC
2024-05-17,0.0,34.58,47.0,10.21,242.8,IMD_NORMALS_SYNTHETIC
2024-05-18,0.0,32.39,45.0,2.04,225.9,IMD_NORMALS_SYNTHETIC
2024-05-19,0.0,33.21,39.5,10.37,239.7,IMD_NORMALS_SYNTHETIC
2024-05-20,0.0,36.33,43.3,9.09,240.4,IMD_NORMALS_SYNTHETIC
2024-05-21,0.0,34.19,42.6,11.94,200.2,IMD_NORMALS_SYNTHETIC
2024-05-22,0.0,35.78,38.3,9.09,226.7,IMD_NORMALS_SYNTHETIC
2024-05-23,4.233,35.68,38.8,8.61,205.1,IMD_NORMALS_SYNTHETIC
2024-05-24,0.0,37.6,43.6,9.63,240.8,IMD_NORMALS_SYNTHETIC
2024-05-25,0.0,36.17,47.7,9.43,207.0,IMD_NORMALS_SYNTHETIC
2024-05-26,0.0,35.46,38.0,5.13,222.3,IMD_NORMALS_SYNTHETIC
2024-05-27,0.0,35.73,38.3,12.14,252.9,IMD_NORMALS_SYNTHETIC
2024-05-28,7.84,36.24,40.1,8.29,172.3,IMD_NORMALS_SYNTHETIC
2024-05-29,0.0,35.39,47.1,8.78,223.0,IMD_NORMALS_SYNTHETIC
2024-05-30,0.0,33.5,49.2,10.32,209.3,IMD_NORMALS_SYNTHETIC
2024-05-31,19.121,35.5,41.8,7.24,205.9,IMD_NORMALS_SYNTHETIC
2024-06-01,0.0,32.01,57.2,15.76,248.0,IMD_NORMALS_SYNTHETIC
2024-06-02,21.352,30.15,68.3,9.44,259.2,IMD_NORMALS_SYNTHETIC
2024-06-03,0.0,31.05,60.2,8.94,267.5,IMD_NORMALS_SYNTHETIC
2024-06-04,0.0,33.23,56.9,5.18,209.4,IMD_NORMALS_SYNTHETIC
2024-06-05,0.0,29.14,67.7,1.46,246.2,IMD_NORMALS_SYNTHETIC
2024-06-06,0.0,31.37,56.7,8.57,231.4,IMD_NORMALS_SYNTHETIC
2024-06-07,0.0,32.77,59.6,4.33,248.2,IMD_NORMALS_SYNTHETIC
2024-06-08,0.0,26.68,61.1,4.9,210.1,IMD_NORMALS_SYNTHETIC
2024-06-09,0.0,29.15,66.9,6.12,210.2,IMD_NORMALS_SYNTHETIC
2024-06-10,1.952,32.71,66.1,7.17,258.3,IMD_NORMALS_SYNTHETIC
2024-06-11,0.0,30.29,63.4,7.85,256.7,IMD_NORMALS_SYNTHETIC
2024-06-12,28.772,30.27,64.6,5.04,240.1,IMD_NORMALS_SYNTHETIC
2024-06-13,29.534,33.13,67.5,9.89,236.2,IMD_NORMALS_SYNTHETIC
2024-06-14,0.0,30.01,67.2,12.38,278.6,IMD_NORMALS_SYNTHETIC
2024-06-15,0.0,30.52,59.7,4.61,242.1,IMD_NORMALS_SYNTHETIC
2024-06-16,11.379,35.65,66.4,12.57,262.4,IMD_NORMALS_SYNTHETIC
2024-06-17,0.0,31.48,57.9,9.11,235.8,IMD_NORMALS_SYNTHETIC
2024-06-18,0.0,28.37,62.6,10.9,231.6,IMD_NORMALS_SYNTHETIC
2024-06-19,0.0,34.56,60.8,12.33,235.1,IMD_NORMALS_SYNTHETIC
2024-06-20,0.0,32.2,75.9,9.45,186.5,IMD_NORMALS_SYNTHETIC
2024-06-21,0.0,31.37,60.2,6.09,206.7,IMD_NORMALS_SYNTHETIC
2024-06-22,0.0,34.31,68.0,5.33,210.7,IMD_NORMALS_SYNTHETIC
2024-06-23,7.96,31.15,62.1,5.81,280.8,IMD_NORMALS_SYNTHETIC
2024-06-24,0.0,34.89,60.5,6.49,251.0,IMD_NORMALS_SYNTHETIC
2024-06-25,0.0,29.36,63.9,12.0,244.0,IMD_NORMALS_SYNTHETIC
2024-06-26,0.0,28.89,71.1,9.53,243.5,IMD_NORMALS_SYNTHETIC
2024-06-27,0.0,28.83,65.2,8.83,243.2,IMD_NORMALS_SYNTHETIC
2024-06-28,0.0,30.15,68.8,1.33,236.7,IMD_NORMALS_SYNTHETIC
2024-06-29,5.174,33.71,62.0,9.02,230.4,IMD_NORMALS_SYNTHETIC
2024-06-30,4.628,32.73,55.4,7.22,231.9,IMD_NORMALS_SYNTHETIC
2024-07-01,0.0,33.16,73.1,9.68,227.3,IMD_NORMALS_SYNTHETIC
2024-07-02,17.16,27.62,71.5,6.42,245.9,IMD_NORMALS_SYNTHETIC
2024-07-03,0.0,25.63,63.6,5.72,232.0,IMD_NORMALS_SYNTHETIC
2024-07-04,10.753,29.66,75.0,9.27,209.1,IMD_NORMALS_SYNTHETIC
2024-07-05,0.0,28.36,73.3,5.19,212.3,IMD_NORMALS_SYNTHETIC
2024-07-06,0.0,33.69,84.8,10.31,233.8,IMD_NORMALS_SYNTHETIC
2024-07-07,0.0,28.12,70.9,4.55,208.1,IMD_NORMALS_SYNTHETIC
2024-07-08,0.529,28.44,79.4,6.59,203.9,IMD_NORMALS_SYNTHETIC
2024-07-09,0.0,28.06,78.0,9.36,225.9,IMD_NORMALS_SYNTHETIC
2024-07-10,12.617,28.39,81.4,7.69,243.7,IMD_NORMALS_SYNTHETIC
2024-07-11,0.0,28.41,67.2,9.31,213.4,IMD_NORMALS_SYNTHETIC
2024-07-12,1.028,31.39,69.6,6.87,199.8,IMD_NORMALS_SYNTHETIC
2024-07-13,0.0,27.55,73.2,10.34,206.8,IMD_NORMALS_SYNTHETIC
2024-07-14,4.872,30.97,76.2,11.86,205.7,IMD_NORMALS_SYNTHETIC
2024-07-15,0.0,30.74,78.5,6.96,236.6,IMD_NORMALS_SYNTHETIC
2024-07-16,0.0,27.6,77.0,8.01,206.3,IMD_NORMALS_SYNTHETIC
2024-07-17,0.183,29.32,75.2,7.9,237.9,IMD_NORMALS_SYNTHETIC
2024-07-18,0.0,31.18,74.1,7.79,245.7,IMD_NORMALS_SYNTHETIC
2024-07-19,0.0,29.71,77.3,12.06,218.3,IMD_NORMALS_SYNTHETIC
2024-07-20,0.0,30.09,69.4,2.8,260.8,IMD_NORMALS_SYNTHETIC
2024-07-21,26.028,29.88,82.9,9.28,225.0,IMD_NORMALS_SYNTHETIC
2024-07-22,15.583,28.98,81.9,7.43,219.0,IMD_NORMALS_SYNTHETIC
2024-07-23,0.0,26.86,69.4,6.07,293.4,IMD_NORMALS_SYNTHETIC
2024-07-24,0.0,31.31,74.2,9.72,196.0,IMD_NORMALS_SYNTHETIC
2024-07-25,0.955,30.23,84.8,11.05,195.4,IMD_NORMALS_SYNTHETIC
2024-07-26,0.0,28.8,80.5,11.23,248.4,IMD_NORMALS_SYNTHETIC
2024-07-27,0.0,28.67,68.8,13.64,213.6,IMD_NORMALS_SYNTHETIC
2024-07-28,0.0,28.84,74.7,5.63,212.8,IMD_NORMALS_SYNTHETIC
2024-07-29,0.0,28.9,83.6,5.57,226.9,IMD_NORMALS_SYNTHETIC
2024-07-30,0.0,29.14,77.2,7.59,253.6,IMD_NORMALS_SYNTHETIC
2024-07-31,16.133,31.86,73.1,5.65,219.9,IMD_NORMALS_SYNTHETIC
2024-08-01,38.713,25.1,76.4,11.45,197.6,IMD_NORMALS_SYNTHETIC
2024-08-02,6.821,31.05,80.4,8.27,213.2,IMD_NORMALS_SYNTHETIC
2024-08-03,0.0,28.82,65.8,12.0,218.4,IMD_NORMALS_SYNTHETIC
2024-08-04,0.7,30.46,77.8,7.0,199.6,IMD_NORMALS_SYNTHETIC
2024-08-05,0.0,31.54,78.3,0.78,236.5,IMD_NORMALS_SYNTHETIC
2024-08-06,0.0,28.36,67.9,5.44,244.7,IMD_NORMALS_SYNTHETIC
2024-08-07,0.292,29.74,76.8,7.99,222.0,IMD_NORMALS_SYNTHETIC
2024-08-08,0.0,27.43,71.5,5.39,225.0,IMD_NORMALS_SYNTHETIC
2024-08-09,0.0,27.89,80.3,11.62,202.0,IMD_NORMALS_SYNTHETIC
2024-08-10,0.704,29.08,78.5,4.85,221.3,IMD_NORMALS_SYNTHETIC
2024-08-11,3.102,24.7,75.9,7.06,185.0,IMD_NORMALS_SYNTHETIC
2024-08-12,4.615,26.62,76.4,9.95,211.2,IMD_NORMALS_SYNTHETIC
2024-08-13,65.649,29.31,77.2,9.25,226.0,IMD_NORMALS_SYNTHETIC
2024-08-14,0.0,26.22,71.9,7.49,215.7,IMD_NORMALS_SYNTHETIC
2024-08-15,4.049,30.49,71.8,5.37,196.5,IMD_NORMALS_SYNTHETIC
2024-08-16,7.4,32.1,75.7,6.71,247.4,IMD_NORMALS_SYNTHETIC
2024-08-17,0.0,25.48,82.6,16.14,187.5,IMD_NORMALS_SYNTHETIC
2024-08-18,18.491,32.38,73.5,0.07,184.7,IMD_NORMALS_SYNTHETIC
2024-08-19,0.0,30.89,70.8,8.37,215.1,IMD_NORMALS_SYNTHETIC
2024-08-20,0.0,25.83,70.8,6.85,213.0,IMD_NORMALS_SYNTHETIC
2024-08-21,0.0,29.09,68.3,3.91,187.9,IMD_NORMALS_SYNTHETIC
2024-08-22,0.0,30.69,72.1,7.62,205.6,IMD_NORMALS_SYNTHETIC
2024-08-23,0.0,27.94,70.9,1.43,193.6,IMD_NORMALS_SYNTHETIC
2024-08-24,0.0,31.77,74.4,9.16,235.7,IMD_NORMALS_SYNTHETIC
2024-08-25,5.712,28.44,84.8,8.94,189.8,IMD_NORMALS_SYNTHETIC
2024-08-26,0.0,31.95,84.8,6.03,219.1,IMD_NORMALS_SYNTHETIC
2024-08-27,0.0,28.39,81.0,0.95,197.9,IMD_NORMALS_SYNTHETIC
2024-08-28,0.0,23.91,75.9,13.65,187.9,IMD_NORMALS_SYNTHETIC
2024-08-29,0.411,31.43,83.2,4.5,252.3,IMD_NORMALS_SYNTHETIC
2024-08-30,12.569,27.43,74.8,8.88,232.8,IMD_NORMALS_SYNTHETIC
2024-08-31,27.674,24.9,79.1,6.32,196.0,IMD_NORMALS_SYNTHETIC
2024-09-01,41.827,30.82,72.6,10.83,174.9,IMD_NORMALS_SYNTHETIC
2024-09-02,0.306,28.78,68.5,5.57,194.2,IMD_NORMALS_SYNTHETIC
2024-09-03,37.245,31.72,69.5,3.44,186.0,IMD_NORMALS_SYNTHETIC
2024-09-04,0.0,28.61,68.9,0.34,159.0,IMD_NORMALS_SYNTHETIC
2024-09-05,9.95,28.02,75.2,7.94,215.3,IMD_NORMALS_SYNTHETIC
2024-09-06,0.0,29.51,80.6,8.02,143.6,IMD_NORMALS_SYNTHETIC
2024-09-07,0.0,30.46,74.6,7.51,192.4,IMD_NORMALS_SYNTHETIC
2024-09-08,0.0,29.92,63.8,12.08,220.0,IMD_NORMALS_SYNTHETIC
2024-09-09,0.0,29.11,74.8,4.0,227.4,IMD_NORMALS_SYNTHETIC
2024-09-10,0.0,26.08,74.5,3.53,208.9,IMD_NORMALS_SYNTHETIC
2024-09-11,11.468,30.46,71.5,7.56,176.7,IMD_NORMALS_SYNTHETIC
2024-09-12,1.455,27.46,79.5,8.4,167.0,IMD_NORMALS_SYNTHETIC
2024-09-13,0.0,30.62,77.8,7.06,195.7,IMD_NORMALS_SYNTHETIC
2024-09-14,0.0,25.26,67.0,7.95,200.3,IMD_NORMALS_SYNTHETIC
2024-09-15,0.0,30.69,70.3,5.95,164.3,IMD_NORMALS_SYNTHETIC
2024-09-16,0.0,30.43,76.6,10.06,215.3,IMD_NORMALS_SYNTHETIC
2024-09-17,0.0,27.0,71.0,10.37,156.9,IMD_NORMALS_SYNTHETIC
2024-09-18,0.0,26.58,71.0,3.72,210.7,IMD_NORMALS_SYNTHETIC
2024-09-19,0.0,28.36,69.9,11.05,180.3,IMD_NORMALS_SYNTHETIC
2024-09-20,0.0,29.15,74.7,7.79,190.6,IMD_NORMALS_SYNTHETIC
2024-09-21,0.0,28.22,78.4,9.14,193.1,IMD_NORMALS_SYNTHETIC
2024-09-22,0.0,28.38,80.0,10.88,225.5,IMD_NORMALS_SYNTHETIC
2024-09-23,0.0,28.41,66.3,10.98,206.3,IMD_NORMALS_SYNTHETIC
2024-09-24,0.0,28.49,71.2,6.76,203.0,IMD_NORMALS_SYNTHETIC
2024-09-25,9.631,31.19,76.9,6.52,194.5,IMD_NORMALS_SYNTHETIC
2024-09-26,27.44,28.71,65.5,11.78,157.5,IMD_NORMALS_SYNTHETIC
2024-09-27,6.891,26.61,73.3,5.87,152.3,IMD_NORMALS_SYNTHETIC
2024-09-28,0.0,31.0,76.1,5.03,183.3,IMD_NORMALS_SYNTHETIC
2024-09-29,29.898,28.6,67.7,4.56,189.7,IMD_NORMALS_SYNTHETIC
2024-09-30,0.0,29.43,68.6,11.4,211.1,IMD_NORMALS_SYNTHETIC
2024-10-01,0.0,30.13,67.6,6.72,167.4,IMD_NORMALS_SYNTHETIC
2024-10-02,14.679,30.96,66.4,11.71,165.2,IMD_NORMALS_SYNTHETIC
2024-10-03,0.306,26.35,56.1,0.26,208.2,IMD_NORMALS_SYNTHETIC
2024-10-04,0.0,24.48,55.5,13.05,174.3,IMD_NORMALS_SYNTHETIC
2024-10-05,0.0,28.85,64.3,10.71,180.0,IMD_NORMALS_SYNTHETIC
2024-10-06,0.0,30.23,65.1,4.47,161.9,IMD_NORMALS_SYNTHETIC
2024-10-07,0.0,20.91,60.1,7.83,180.2,IMD_NORMALS_SYNTHETIC
2024-10-08,0.0,31.22,67.6,7.68,197.2,IMD_NORMALS_SYNTHETIC
2024-10-09,0.0,25.38,71.3,10.44,147.2,IMD_NORMALS_SYNTHETIC
2024-10-10,0.0,26.84,69.6,9.74,186.2,IMD_NORMALS_SYNTHETIC
2024-10-11,0.0,28.52,62.6,7.13,187.1,IMD_NORMALS_SYNTHETIC
2024-10-12,0.0,24.5,71.5,1.74,170.6,IMD_NORMALS_SYNTHETIC
2024-10-13,0.0,28.35,66.6,8.04,142.6,IMD_NORMALS_SYNTHETIC
2024-10-14,0.0,27.7,78.2,6.03,166.6,IMD_NORMALS_SYNTHETIC
2024-10-15,0.0,26.87,71.9,9.91,211.3,IMD_NORMALS_SYNTHETIC
2024-10-16,0.0,27.89,68.1,7.59,162.5,IMD_NORMALS_SYNTHETIC
2024-10-17,0.0,28.51,67.7,10.09,209.6,IMD_NORMALS_SYNTHETIC
2024-10-18,0.0,26.62,63.8,8.35,176.9,IMD_NORMALS_SYNTHETIC
2024-10-19,0.0,27.25,63.0,0.84,170.0,IMD_NORMALS_SYNTHETIC
2024-10-20,0.0,26.76,67.1,5.49,183.6,IMD_NORMALS_SYNTHETIC
2024-10-21,4.216,30.06,71.9,8.16,161.4,IMD_NORMALS_SYNTHETIC
2024-10-22,32.33,26.18,70.0,8.74,199.1,IMD_NORMALS_SYNTHETIC
2024-10-23,0.0,25.51,64.3,5.53,182.9,IMD_NORMALS_SYNTHETIC
2024-10-24,0.0,28.0,66.4,7.61,158.7,IMD_NORMALS_SYNTHETIC
2024-10-25,0.0,27.23,65.7,3.77,196.4,IMD_NORMALS_SYNTHETIC
2024-10-26,0.0,27.4,60.1,12.66,209.3,IMD_NORMALS_SYNTHETIC
2024-10-27,0.0,29.99,66.3,11.49,177.0,IMD_NORMALS_SYNTHETIC
2024-10-28,0.0,28.87,70.4,7.87,159.0,IMD_NORMALS_SYNTHETIC
2024-10-29,6.921,30.71,62.2,7.77,186.0,IMD_NORMALS_SYNTHETIC
2024-10-30,0.0,27.39,78.3,6.49,168.4,IMD_NORMALS_SYNTHETIC
2024-10-31,0.0,28.19,72.4,4.78,163.6,IMD_NORMALS_SYNTHETIC
2024-11-01,0.0,26.7,51.1,9.26,149.6,IMD_NORMALS_SYNTHETIC
2024-11-02,0.0,28.71,56.3,6.07,181.2,IMD_NORMALS_SYNTHETIC
2024-11-03,0.0,27.37,61.3,6.77,156.3,IMD_NORMALS_SYNTHETIC
2024-11-04,0.0,27.75,54.7,10.47,126.1,IMD_NORMALS_SYNTHETIC
2024-11-05,0.0,22.72,66.4,7.05,128.6,IMD_NORMALS_SYNTHETIC
2024-11-06,0.0,27.56,61.1,6.43,195.3,IMD_NORMALS_SYNTHETIC
2024-11-07,0.0,28.86,56.5,6.89,149.3,IMD_NORMALS_SYNTHETIC
2024-11-08,0.0,25.96,49.7,8.44,174.3,IMD_NORMALS_SYNTHETIC
2024-11-09,0.0,23.48,61.8,7.07,197.5,IMD_NORMALS_SYNTHETIC
2024-11-10,0.0,24.45,72.1,5.03,187.3,IMD_NORMALS_SYNTHETIC
2024-11-11,0.0,25.36,48.0,10.98,177.2,IMD_NORMALS_SYNTHETIC
2024-11-12,0.0,25.57,43.0,6.69,187.3,IMD_NORMALS_SYNTHETIC
2024-11-13,0.0,27.92,56.8,11.28,182.5,IMD_NORMALS_SYNTHETIC
2024-11-14,0.0,24.98,53.7,5.36,146.1,IMD_NORMALS_SYNTHETIC
2024-11-15,0.0,26.25,53.2,13.64,152.8,IMD_NORMALS_SYNTHETIC
2024-11-16,0.0,26.96,64.3,12.84,177.8,IMD_NORMALS_SYNTHETIC
2024-11-17,0.0,25.0,63.2,6.18,180.2,IMD_NORMALS_SYNTHETIC
2024-11-18,0.0,25.62,55.3,5.42,214.7,IMD_NORMALS_SYNTHETIC
2024-11-19,0.0,27.54,59.9,7.85,195.9,IMD_NORMALS_SYNTHETIC
2024-11-20,0.0,28.1,63.8,6.45,160.1,IMD_NORMALS_SYNTHETIC
2024-11-21,0.0,27.57,53.7,6.26,159.1,IMD_NORMALS_SYNTHETIC
2024-11-22,0.0,24.59,59.7,12.51,193.7,IMD_NORMALS_SYNTHETIC
2024-11-23,0.0,24.9,59.7,4.29,178.3,IMD_NORMALS_SYNTHETIC
2024-11-24,0.0,25.91,59.2,3.87,180.2,IMD_NORMALS_SYNTHETIC
2024-11-25,0.0,28.71,58.7,6.57,151.8,IMD_NORMALS_SYNTHETIC
2024-11-26,0.0,27.27,54.9,7.82,158.0,IMD_NORMALS_SYNTHETIC
2024-11-27,0.335,26.36,51.2,8.59,177.0,IMD_NORMALS_SYNTHETIC
2024-11-28,0.0,26.23,65.5,10.86,165.5,IMD_NORMALS_SYNTHETIC
2024-11-29,0.0,27.34,51.5,4.9,165.3,IMD_NORMALS_SYNTHETIC
2024-11-30,0.0,30.67,57.2,9.27,163.8,IMD_NORMALS_SYNTHETIC
2024-12-01,30.326,24.0,54.8,7.39,130.8,IMD_NORMALS_SYNTHETIC
2024-12-02,0.0,26.28,45.5,9.63,181.3,IMD_NORMALS_SYNTHETIC
2024-12-03,0.0,23.37,52.1,6.77,164.9,IMD_NORMALS_SYNTHETIC
2024-12-04,0.0,20.83,51.8,9.56,153.5,IMD_NORMALS_SYNTHETIC
2024-12-05,0.0,25.87,55.0,13.47,134.2,IMD_NORMALS_SYNTHETIC
2024-12-06,0.0,24.92,53.8,8.71,182.5,IMD_NORMALS_SYNTHETIC
2024-12-07,0.0,24.51,54.4,9.83,183.4,IMD_NORMALS_SYNTHETIC
2024-12-08,0.0,22.34,59.3,7.52,169.0,IMD_NORMALS_SYNTHETIC
2024-12-09,0.0,26.21,56.1,10.21,158.6,IMD_NORMALS_SYNTHETIC
2024-12-10,0.0,20.78,58.3,12.42,142.6,IMD_NORMALS_SYNTHETIC
2024-12-11,0.0,24.11,59.3,9.86,146.8,IMD_NORMALS_SYNTHETIC
2024-12-12,0.0,22.84,45.3,2.03,146.8,IMD_NORMALS_SYNTHETIC
2024-12-13,0.0,21.48,60.9,5.12,142.8,IMD_NORMALS_SYNTHETIC
2024-12-14,0.0,25.17,58.8,6.11,151.8,IMD_NORMALS_SYNTHETIC
2024-12-15,0.0,23.5,45.4,8.48,127.6,IMD_NORMALS_SYNTHETIC
2024-12-16,0.0,22.97,59.2,9.79,144.5,IMD_NORMALS_SYNTHETIC
2024-12-17,0.0,25.88,45.1,11.7,151.2,IMD_NORMALS_SYNTHETIC
2024-12-18,0.0,21.87,60.4,6.48,153.7,IMD_NORMALS_SYNTHETIC
2024-12-19,0.0,24.62,53.0,12.81,171.2,IMD_NORMALS_SYNTHETIC
2024-12-20,0.0,21.64,63.5,8.83,143.5,IMD_NORMALS_SYNTHETIC
2024-12-21,0.0,23.19,52.2,13.45,139.5,IMD_NORMALS_SYNTHETIC
2024-12-22,0.0,22.33,54.0,8.96,156.9,IMD_NORMALS_SYNTHETIC
2024-12-23,0.0,24.64,50.6,9.4,158.9,IMD_NORMALS_SYNTHETIC
2024-12-24,0.0,22.67,49.1,11.87,144.5,IMD_NORMALS_SYNTHETIC
2024-12-25,0.0,23.82,45.4,12.4,124.5,IMD_NORMALS_SYNTHETIC
2024-12-26,0.0,25.45,62.5,4.81,156.3,IMD_NORMALS_SYNTHETIC
2024-12-27,0.0,21.83,58.8,7.88,150.8,IMD_NORMALS_SYNTHETIC
2024-12-28,0.0,23.45,53.2,5.12,157.7,IMD_NORMALS_SYNTHETIC
2024-12-29,0.0,24.16,50.1,11.73,153.0,IMD_NORMALS_SYNTHETIC
2024-12-30,0.0,24.52,52.7,7.18,106.7,IMD_NORMALS_SYNTHETIC
2024-12-31,0.0,26.8,55.4,8.76,191.7,IMD_NORMALS_SYNTHETIC
