date,rainfall_mm,temp_C,humidity_pct,wind_kmh,solar_Wm2,scenario
2025-01-01,0.0,21.79,35.269,6.964,242.59,SSP2-4.5
2025-01-02,0.0,22.75,43.54,8.931,221.16,SSP2-4.5
2025-01-03,0.0,22.472,36.16,9.971,237.14,SSP2-4.5
2025-01-04,0.0,22.133,35.432,9.425,238.72,SSP2-4.5
2025-01-05,0.0,22.423,35.553,9.587,237.54,SSP2-4.5
2025-01-06,0.0,22.345,33.799,9.797,238.38,SSP2-4.5
2025-01-07,0.0,22.369,33.632,8.868,238.27,SSP2-4.5
2025-01-08,0.0,22.491,29.751,8.778,242.19,SSP2-4.5
2025-01-09,0.0,22.631,27.852,10.57,238.24,SSP2-4.5
2025-01-10,0.0,22.555,25.99,11.672,228.31,SSP2-4.5
2025-01-11,0.0,22.673,24.502,13.86,223.38,SSP2-4.5
2025-01-12,0.0,21.664,19.624,13.688,237.59,SSP2-4.5
2025-01-13,0.0,21.328,17.534,12.534,258.85,SSP2-4.5
2025-01-14,0.0,21.931,19.556,12.317,214.06,SSP2-4.5
2025-01-15,0.0,22.113,18.43,14.618,219.68,SSP2-4.5
2025-01-16,0.0,22.22,18.918,15.063,241.21,SSP2-4.5
2025-01-17,0.0,22.089,17.644,13.382,260.65,SSP2-4.5
2025-01-18,0.0,22.134,17.804,10.916,261.17,SSP2-4.5
2025-01-19,0.0,21.458,19.566,6.826,262.57,SSP2-4.5
2025-01-20,0.0,22.077,24.408,6.961,256.59,SSP2-4.5
2025-01-21,0.0,23.257,25.726,11.029,255.14,SSP2-4.5
2025-01-22,0.0,23.646,24.808,13.47,259.8,SSP2-4.5
2025-01-23,0.0,23.046,15.572,15.165,263.96,SSP2-4.5
2025-01-24,0.0,22.545,14.654,13.849,255.08,SSP2-4.5
2025-01-25,0.0,22.216,16.448,12.94,258.67,SSP2-4.5
2025-01-26,0.0,21.802,20.351,9.7,272.48,SSP2-4.5
2025-01-27,0.0,22.734,32.482,10.382,263.94,SSP2-4.5
2025-01-28,0.0,24.216,38.819,9.38,255.47,SSP2-4.5
2025-01-29,0.0,24.484,35.755,9.648,262.89,SSP2-4.5
2025-01-30,0.0,24.857,35.097,11.052,265.14,SSP2-4.5
2025-01-31,0.0,25.139,33.924,9.374,266.64,SSP2-4.5
2025-02-01,0.0,25.313,32.862,9.656,252.69,SSP2-4.5
2025-02-02,0.0,24.803,29.106,8.153,261.37,SSP2-4.5
2025-02-03,0.0,24.985,28.952,8.034,257.44,SSP2-4.5
2025-02-04,0.0,24.933,29.934,8.854,258.82,SSP2-4.5
2025-02-05,0.0,25.51,34.97,9.201,233.01,SSP2-4.5
2025-02-06,0.0,25.911,31.842,8.612,238.84,SSP2-4.5
2025-02-07,0.0,25.389,28.352,7.968,267.35,SSP2-4.5
2025-02-08,0.0,25.384,30.869,9.727,271.36,SSP2-4.5
2025-02-09,0.0,26.226,31.078,10.108,260.83,SSP2-4.5
2025-02-10,0.0,26.338,25.821,10.473,273.32,SSP2-4.5
2025-02-11,0.0,25.952,23.795,9.967,278.59,SSP2-4.5
2025-02-12,0.0,25.393,15.975,13.844,279.99,SSP2-4.5
2025-02-13,0.0,24.767,14.573,12.949,275.54,SSP2-4.5
2025-02-14,0.0,24.328,12.955,14.378,288.02,SSP2-4.5
2025-02-15,0.0,24.423,13.716,14.028,298.11,SSP2-4.5
2025-02-16,0.0,24.609,16.493,11.436,296.76,SSP2-4.5
2025-02-17,0.0,24.529,21.848,10.842,290.96,SSP2-4.5
2025-02-18,0.0,24.85,20.108,10.168,295.14,SSP2-4.5
2025-02-19,0.0,24.908,20.741,8.346,289.9,SSP2-4.5
2025-02-20,0.0,25.243,20.646,7.133,291.61,SSP2-4.5
2025-02-21,0.0,25.695,20.53,9.637,291.4,SSP2-4.5
2025-02-22,0.0,26.845,19.979,10.365,277.56,SSP2-4.5
2025-02-23,0.0,26.272,18.949,10.476,298.23,SSP2-4.5
2025-02-24,0.0,27.299,26.706,12.428,291.58,SSP2-4.5
2025-02-25,0.0,28.249,30.888,12.725,286.38,SSP2-4.5
2025-02-26,0.0,29.326,27.473,11.802,274.82,SSP2-4.5
2025-02-27,0.0,29.154,27.424,13.041,278.7,SSP2-4.5
2025-02-28,0.0,28.798,23.494,9.578,276.73,SSP2-4.5
2025-03-01,0.0,28.711,22.206,10.282,289.03,SSP2-4.5
2025-03-02,0.0,28.632,23.12,11.668,300.61,SSP2-4.5
2025-03-03,0.0,28.842,22.191,11.279,300.62,SSP2-4.5
2025-03-04,0.0,28.444,18.743,9.12,302.87,SSP2-4.5
2025-03-05,0.0,28.064,17.843,10.62,303.9,SSP2-4.5
2025-03-06,0.0,29.14,18.636,12.716,300.3,SSP2-4.5
2025-03-07,0.0,28.866,18.09,13.355,283.35,SSP2-4.5
2025-03-08,0.0,29.758,22.664,5.678,226.83,SSP2-4.5
2025-03-09,0.0,30.266,19.505,9.21,278.12,SSP2-4.5
2025-03-10,0.0,29.086,15.649,10.002,308.92,SSP2-4.5
2025-03-11,0.0,28.881,19.417,10.162,307.94,SSP2-4.5
2025-03-12,0.0,29.423,23.374,12.069,307.0,SSP2-4.5
2025-03-13,0.0,29.11,19.904,11.166,320.9,SSP2-4.5
2025-03-14,0.0,29.44,19.903,11.83,324.81,SSP2-4.5
2025-03-15,0.0,29.272,16.443,10.644,328.42,SSP2-4.5
2025-03-16,0.0097,28.593,17.11,8.377,316.46,SSP2-4.5
2025-03-17,0.0021,28.954,24.712,3.884,208.52,SSP2-4.5
2025-03-18,0.0,28.77,22.072,5.565,298.69,SSP2-4.5
2025-03-19,0.0,29.799,20.204,9.884,285.62,SSP2-4.5
2025-03-20,0.0,31.533,23.229,9.79,237.32,SSP2-4.5
2025-03-21,0.0064,30.974,21.244,11.853,279.45,SSP2-4.5
2025-03-22,0.0017,31.027,23.022,12.26,252.73,SSP2-4.5
2025-03-23,0.0032,30.247,25.516,10.582,281.32,SSP2-4.5
2025-03-24,4.3513,30.34,36.698,9.956,232.52,SSP2-4.5
2025-03-25,0.6066,29.992,36.619,9.359,279.6,SSP2-4.5
2025-03-26,6.4878,29.654,42.76,4.881,231.5,SSP2-4.5
2025-03-27,0.0266,29.188,42.727,4.782,224.54,SSP2-4.5
2025-03-28,0.3219,29.881,41.328,4.599,239.52,SSP2-4.5
2025-03-29,17.7721,29.253,51.964,3.865,234.12,SSP2-4.5
2025-03-30,27.8772,28.099,55.596,6.474,237.66,SSP2-4.5
2025-03-31,6.3787,29.07,50.093,6.962,260.62,SSP2-4.5
2025-04-01,0.0002,29.26,38.347,7.326,303.52,SSP2-4.5
2025-04-02,0.0005,29.786,35.128,7.927,306.2,SSP2-4.5
2025-04-03,0.1981,30.111,31.866,10.187,286.94,SSP2-4.5
2025-04-04,0.2252,28.428,41.933,8.884,217.38,SSP2-4.5
2025-04-05,0.2385,25.639,53.475,7.636,207.66,SSP2-4.5
2025-04-06,0.0,29.324,32.417,6.796,321.95,SSP2-4.5
2025-04-07,0.4602,30.01,28.819,6.906,300.03,SSP2-4.5
2025-04-08,0.0832,29.976,39.316,9.59,284.42,SSP2-4.5
2025-04-09,0.0184,30.423,33.095,10.087,292.11,SSP2-4.5
2025-04-10,0.0,30.244,28.975,8.71,325.65,SSP2-4.5
2025-04-11,0.0,30.397,26.989,9.131,320.15,SSP2-4.5
2025-04-12,0.0,30.295,23.806,9.259,302.92,SSP2-4.5
2025-04-13,0.0,31.074,24.614,9.783,280.76,SSP2-4.5
2025-04-14,0.0,30.814,25.608,9.65,248.04,SSP2-4.5
2025-04-15,0.0,31.503,23.757,7.703,263.02,SSP2-4.5
2025-04-16,0.1702,31.988,24.888,6.421,279.44,SSP2-4.5
2025-04-17,0.0,30.733,28.873,4.161,241.97,SSP2-4.5
2025-04-18,0.0115,31.271,24.746,4.722,302.72,SSP2-4.5
2025-04-19,0.8576,32.089,24.52,5.652,292.94,SSP2-4.5
2025-04-20,3.7476,31.843,31.687,6.657,266.88,SSP2-4.5
2025-04-21,0.8151,31.36,33.78,5.821,273.05,SSP2-4.5
2025-04-22,0.0064,31.909,28.809,8.668,301.66,SSP2-4.5
2025-04-23,0.2835,31.938,28.735,10.061,290.89,SSP2-4.5
2025-04-24,0.778,32.224,29.735,9.001,270.37,SSP2-4.5
2025-04-25,0.0,28.886,44.304,10.776,212.91,SSP2-4.5
2025-04-26,0.0,31.607,28.228,7.698,303.89,SSP2-4.5
2025-04-27,0.0,32.144,24.048,5.176,270.92,SSP2-4.5
2025-04-28,0.0,32.57,23.393,6.612,279.38,SSP2-4.5
2025-04-29,0.0,32.295,20.127,6.844,325.94,SSP2-4.5
2025-04-30,0.0,33.237,20.905,7.307,280.48,SSP2-4.5
2025-05-01,0.0,34.412,20.934,6.475,246.56,SSP2-4.5
2025-05-02,0.0,33.881,18.468,5.871,325.0,SSP2-4.5
2025-05-03,0.0039,34.965,19.101,7.703,300.15,SSP2-4.5
2025-05-04,0.0,32.675,23.0,8.05,208.31,SSP2-4.5
2025-05-05,0.0,34.243,23.762,7.093,262.85,SSP2-4.5
2025-05-06,0.0,34.562,22.014,7.12,271.79,SSP2-4.5
2025-05-07,0.0,33.542,19.226,6.388,276.0,SSP2-4.5
2025-05-08,0.0,32.501,15.221,7.197,341.74,SSP2-4.5
2025-05-09,0.0,33.83,13.753,8.296,358.62,SSP2-4.5
2025-05-10,0.0,32.811,14.468,11.213,360.96,SSP2-4.5
2025-05-11,0.0,34.983,15.068,13.662,347.34,SSP2-4.5
2025-05-12,0.0,35.783,16.642,14.605,327.57,SSP2-4.5
2025-05-13,0.0,34.966,17.681,12.52,272.25,SSP2-4.5
2025-05-14,0.0,34.161,16.439,10.797,330.99,SSP2-4.5
2025-05-15,0.0,35.098,16.251,11.939,351.6,SSP2-4.5
2025-05-16,0.0,35.028,16.699,13.948,360.57,SSP2-4.5
2025-05-17,0.0,35.535,16.645,14.479,361.47,SSP2-4.5
2025-05-18,0.0,35.413,15.919,14.053,364.14,SSP2-4.5
2025-05-19,0.0,35.463,16.91,13.838,363.14,SSP2-4.5
2025-05-20,0.0,36.001,17.218,13.72,362.81,SSP2-4.5
2025-05-21,0.0,36.615,18.807,14.749,304.95,SSP2-4.5
2025-05-22,0.0043,36.569,19.186,11.507,327.67,SSP2-4.5
2025-05-23,4.0091,34.633,29.385,8.993,274.45,SSP2-4.5
2025-05-24,0.0,32.571,36.769,10.584,207.84,SSP2-4.5
2025-05-25,0.0,34.71,27.715,14.505,302.45,SSP2-4.5
2025-05-26,0.6765,33.716,32.267,10.717,277.79,SSP2-4.5
2025-05-27,0.3955,35.172,27.796,10.007,302.09,SSP2-4.5
2025-05-28,0.0,35.033,29.162,10.631,277.31,SSP2-4.5
2025-05-29,0.0,35.357,26.585,10.359,322.41,SSP2-4.5
2025-05-30,0.0,35.564,26.344,9.777,316.93,SSP2-4.5
2025-05-31,0.0,35.51,27.103,11.936,304.07,SSP2-4.5
2025-06-01,0.4663,35.183,32.737,12.05,295.03,SSP2-4.5
2025-06-02,0.0,35.354,29.272,13.253,307.85,SSP2-4.5
2025-06-03,0.0,36.1,25.278,15.707,311.37,SSP2-4.5
2025-06-04,1.522,35.944,25.794,15.874,315.3,SSP2-4.5
2025-06-05,0.0,35.522,27.792,10.253,281.04,SSP2-4.5
2025-06-06,0.0,36.424,25.12,11.2,302.43,SSP2-4.5
2025-06-07,5.6422,35.436,36.251,7.747,289.99,SSP2-4.5
2025-06-08,0.3344,30.909,56.333,11.489,254.68,SSP2-4.5
2025-06-09,1.4052,29.598,57.954,10.953,239.79,SSP2-4.5
2025-06-10,20.1478,27.932,79.154,7.796,214.65,SSP2-4.5
2025-06-11,1.1759,28.795,72.914,7.943,233.03,SSP2-4.5
2025-06-12,0.0029,30.936,51.585,11.001,310.35,SSP2-4.5
2025-06-13,0.0515,32.862,45.977,10.698,312.05,SSP2-4.5
2025-06-14,0.0331,33.538,43.57,8.915,300.93,SSP2-4.5
2025-06-15,0.0,34.47,38.086,10.266,318.36,SSP2-4.5
2025-06-16,0.0,34.922,36.925,12.501,311.94,SSP2-4.5
2025-06-17,0.0,35.398,35.562,12.388,310.26,SSP2-4.5
2025-06-18,5.7917,35.147,41.754,12.23,299.43,SSP2-4.5
2025-06-19,13.5825,30.888,63.472,9.68,250.45,SSP2-4.5
2025-06-20,0.1361,28.784,74.06,12.275,242.95,SSP2-4.5
2025-06-21,4.0374,28.568,75.529,12.27,225.6,SSP2-4.5
2025-06-22,15.1223,26.691,85.142,12.605,184.09,SSP2-4.5
2025-06-23,50.0059,25.753,93.055,9.739,143.93,SSP2-4.5
2025-06-24,30.5818,25.925,92.664,10.245,172.17,SSP2-4.5
2025-06-25,0.6735,27.969,79.628,13.154,234.2,SSP2-4.5
2025-06-26,2.0659,28.118,79.126,11.023,240.94,SSP2-4.5
2025-06-27,5.6414,28.379,79.674,8.914,238.69,SSP2-4.5
2025-06-28,7.9872,28.181,82.346,8.539,246.99,SSP2-4.5
2025-06-29,14.8226,27.899,82.824,11.421,234.79,SSP2-4.5
2025-06-30,0.2221,27.511,84.715,10.806,215.18,SSP2-4.5
2025-07-01,3.6615,28.588,80.101,11.607,258.98,SSP2-4.5
2025-07-02,3.4949,28.661,81.397,9.339,256.83,SSP2-4.5
2025-07-03,6.3042,28.276,85.418,6.475,231.38,SSP2-4.5
2025-07-04,2.379,28.282,86.576,5.222,229.37,SSP2-4.5
2025-07-05,0.0129,28.919,82.615,5.31,239.64,SSP2-4.5
2025-07-06,0.0,29.064,81.826,4.221,244.89,SSP2-4.5
2025-07-07,0.0,28.984,77.754,7.615,247.31,SSP2-4.5
2025-07-08,0.0,29.189,72.982,11.207,256.51,SSP2-4.5
2025-07-09,0.0,29.609,73.885,9.815,274.73,SSP2-4.5
2025-07-10,0.0,30.017,71.741,9.858,282.11,SSP2-4.5
2025-07-11,0.0,29.848,72.576,10.629,278.8,SSP2-4.5
2025-07-12,0.0,29.09,77.628,10.419,234.83,SSP2-4.5
2025-07-13,0.0,29.736,70.112,11.576,271.61,SSP2-4.5
2025-07-14,0.0,30.124,69.595,9.142,262.46,SSP2-4.5
2025-07-15,0.0,30.466,71.378,7.263,266.61,SSP2-4.5
2025-07-16,0.0,30.364,74.438,6.628,245.71,SSP2-4.5
2025-07-17,5.7778,29.231,81.426,6.434,233.19,SSP2-4.5
2025-07-18,10.0894,29.238,82.779,6.498,239.91,SSP2-4.5
2025-07-19,0.0698,29.38,77.407,8.287,295.34,SSP2-4.5
2025-07-20,0.0,29.301,77.182,9.333,280.23,SSP2-4.5
2025-07-21,0.0,30.085,73.78,7.999,266.35,SSP2-4.5
2025-07-22,0.0,30.735,71.175,6.294,262.91,SSP2-4.5
2025-07-23,0.0,30.996,68.183,10.078,267.39,SSP2-4.5
2025-07-24,0.0,30.724,67.328,12.866,273.68,SSP2-4.5
2025-07-25,0.0,30.666,65.818,15.415,302.97,SSP2-4.5
2025-07-26,0.0452,30.582,66.625,15.038,255.82,SSP2-4.5
2025-07-27,31.1712,27.694,85.601,18.265,209.46,SSP2-4.5
2025-07-28,32.6135,25.974,93.568,13.521,151.63,SSP2-4.5
2025-07-29,9.0446,27.938,88.167,5.814,249.1,SSP2-4.5
2025-07-30,10.3104,28.258,88.403,7.286,247.89,SSP2-4.5
2025-07-31,0.0358,28.774,82.119,10.412,278.8,SSP2-4.5
2025-08-01,10.207,28.022,84.532,8.652,251.65,SSP2-4.5
2025-08-02,24.8022,26.675,91.399,8.547,208.69,SSP2-4.5
2025-08-03,13.6162,26.898,88.79,11.097,226.98,SSP2-4.5
2025-08-04,19.4823,26.823,88.53,13.327,214.55,SSP2-4.5
2025-08-05,0.0919,26.932,83.546,13.16,226.94,SSP2-4.5
2025-08-06,0.5415,27.48,80.49,13.195,272.74,SSP2-4.5
2025-08-07,0.5201,27.566,82.159,14.348,251.01,SSP2-4.5
2025-08-08,0.0562,27.159,83.521,12.618,225.27,SSP2-4.5
2025-08-09,0.7361,27.321,82.945,10.874,239.75,SSP2-4.5
2025-08-10,0.0769,27.159,86.743,9.232,234.91,SSP2-4.5
2025-08-11,5.5147,27.028,86.91,9.545,230.0,SSP2-4.5
2025-08-12,0.0,27.052,83.749,10.555,233.2,SSP2-4.5
2025-08-13,0.0,27.095,83.132,10.828,241.6,SSP2-4.5
2025-08-14,0.0982,27.118,84.617,11.111,236.89,SSP2-4.5
2025-08-15,0.0,27.284,80.371,11.294,270.45,SSP2-4.5
2025-08-16,0.0,27.368,82.491,10.294,259.54,SSP2-4.5
2025-08-17,0.0337,27.27,86.175,6.437,244.89,SSP2-4.5
2025-08-18,0.0,27.123,88.86,6.38,220.73,SSP2-4.5
2025-08-19,0.7406,27.855,82.108,8.636,250.81,SSP2-4.5
2025-08-20,32.3933,26.804,89.716,11.934,217.88,SSP2-4.5
2025-08-21,48.17,26.607,93.584,12.696,147.99,SSP2-4.5
2025-08-22,4.1878,26.384,92.495,10.611,209.88,SSP2-4.5
2025-08-23,0.2879,27.12,86.816,11.361,246.66,SSP2-4.5
2025-08-24,0.3436,27.128,86.116,10.218,238.91,SSP2-4.5
2025-08-25,0.0046,26.568,89.653,11.75,211.45,SSP2-4.5
2025-08-26,9.5046,26.962,89.287,11.69,223.32,SSP2-4.5
2025-08-27,0.0,27.336,84.195,11.859,237.83,SSP2-4.5
2025-08-28,0.0,27.682,76.67,13.985,283.68,SSP2-4.5
2025-08-29,0.0,27.128,82.172,12.483,233.76,SSP2-4.5
2025-08-30,0.0,27.03,81.948,11.333,230.68,SSP2-4.5
2025-08-31,0.4221,26.885,86.14,10.358,230.44,SSP2-4.5
2025-09-01,0.0,27.26,80.776,9.183,268.06,SSP2-4.5
2025-09-02,0.0,27.394,82.309,7.615,253.74,SSP2-4.5
2025-09-03,0.0,27.464,80.813,8.291,260.4,SSP2-4.5
2025-09-04,0.0813,27.026,81.915,9.952,236.41,SSP2-4.5
2025-09-05,0.0,27.576,75.117,11.915,260.22,SSP2-4.5
2025-09-06,6.8891,27.299,81.424,12.141,240.8,SSP2-4.5
2025-09-07,25.3182,26.874,81.113,15.115,250.9,SSP2-4.5
2025-09-08,12.7671,26.438,89.025,13.746,208.01,SSP2-4.5
2025-09-09,13.6781,26.54,89.33,14.074,217.59,SSP2-4.5
2025-09-10,11.5536,25.788,92.808,11.029,173.61,SSP2-4.5
2025-09-11,22.0213,26.16,91.309,6.406,207.21,SSP2-4.5
2025-09-12,0.0273,25.865,93.025,5.12,186.27,SSP2-4.5
2025-09-13,0.1871,26.55,87.732,10.388,225.72,SSP2-4.5
2025-09-14,0.6328,26.474,87.774,12.079,224.47,SSP2-4.5
2025-09-15,0.7097,26.832,82.772,10.571,238.55,SSP2-4.5
2025-09-16,21.2684,27.009,85.35,11.258,237.32,SSP2-4.5
2025-09-17,4.3374,26.452,90.251,6.905,204.55,SSP2-4.5
2025-09-18,41.5677,25.813,94.316,8.427,173.33,SSP2-4.5
2025-09-19,35.3892,25.858,94.701,10.472,173.73,SSP2-4.5
2025-09-20,0.0086,26.55,87.319,7.438,244.27,SSP2-4.5
2025-09-21,0.0619,26.718,89.464,4.84,220.86,SSP2-4.5
2025-09-22,10.0222,26.467,91.736,4.391,210.84,SSP2-4.5
2025-09-23,3.6597,26.611,89.435,5.047,221.44,SSP2-4.5
2025-09-24,0.0,26.893,86.096,4.905,246.99,SSP2-4.5
2025-09-25,0.0,27.194,84.948,4.776,239.74,SSP2-4.5
2025-09-26,0.0,27.723,79.712,4.962,245.76,SSP2-4.5
2025-09-27,0.0,27.919,75.923,5.806,265.96,SSP2-4.5
2025-09-28,0.2491,26.602,87.376,6.082,221.12,SSP2-4.5
2025-09-29,0.0143,26.415,87.882,6.813,227.99,SSP2-4.5
2025-09-30,10.5032,26.12,90.182,6.309,214.73,SSP2-4.5
2025-10-01,0.1626,25.893,87.88,5.73,221.41,SSP2-4.5
2025-10-02,1.2534,26.045,87.082,4.136,229.63,SSP2-4.5
2025-10-03,2.8187,26.414,86.38,4.016,234.66,SSP2-4.5
2025-10-04,0.8927,26.179,86.503,2.779,223.95,SSP2-4.5
2025-10-05,0.2043,26.473,82.562,2.682,230.59,SSP2-4.5
2025-10-06,0.4382,27.461,76.798,4.592,246.71,SSP2-4.5
2025-10-07,0.0,27.743,75.991,5.104,243.78,SSP2-4.5
2025-10-08,0.0,27.049,77.203,5.729,241.37,SSP2-4.5
2025-10-09,0.0,26.075,84.378,5.159,218.6,SSP2-4.5
2025-10-10,0.6238,25.764,87.086,3.984,210.95,SSP2-4.5
2025-10-11,0.0829,26.132,83.888,6.022,226.53,SSP2-4.5
2025-10-12,0.0,26.708,76.007,6.556,246.41,SSP2-4.5
2025-10-13,0.0106,26.656,80.209,7.439,229.46,SSP2-4.5
2025-10-14,0.0,26.446,76.397,7.935,236.84,SSP2-4.5
2025-10-15,0.0,26.566,77.61,5.567,228.22,SSP2-4.5
2025-10-16,0.0,26.229,57.762,7.375,218.09,SSP2-4.5
2025-10-17,0.0,26.094,48.226,8.087,231.02,SSP2-4.5
2025-10-18,0.0,26.013,54.539,10.489,221.87,SSP2-4.5
2025-10-19,0.0,26.986,47.773,11.546,276.12,SSP2-4.5
2025-10-20,0.0,26.501,53.765,11.095,229.47,SSP2-4.5
2025-10-21,0.0,27.068,61.943,9.345,217.41,SSP2-4.5
2025-10-22,0.0,25.77,47.276,9.396,230.19,SSP2-4.5
2025-10-23,0.0,24.951,51.74,7.923,207.14,SSP2-4.5
2025-10-24,0.0,25.181,55.446,5.895,238.93,SSP2-4.5
2025-10-25,0.0,26.322,52.556,5.891,246.94,SSP2-4.5
2025-10-26,0.0886,26.61,62.604,4.391,235.23,SSP2-4.5
2025-10-27,0.1613,26.882,63.24,5.795,221.44,SSP2-4.5
2025-10-28,0.3465,26.39,77.374,6.728,213.34,SSP2-4.5
2025-10-29,0.0387,25.995,64.298,9.092,223.03,SSP2-4.5
2025-10-30,0.0,25.796,53.915,10.632,237.75,SSP2-4.5
2025-10-31,0.2996,24.274,66.414,11.852,186.42,SSP2-4.5
2025-11-01,0.0,24.24,63.414,14.598,180.3,SSP2-4.5
2025-11-02,4.1909,23.605,81.734,11.474,171.25,SSP2-4.5
2025-11-03,3.0222,25.118,74.083,9.045,208.5,SSP2-4.5
2025-11-04,10.7429,25.759,79.664,9.675,180.89,SSP2-4.5
2025-11-05,12.7983,23.154,88.439,8.268,153.23,SSP2-4.5
2025-11-06,0.1285,24.573,65.988,7.104,234.15,SSP2-4.5
2025-11-07,0.0034,23.891,53.5,5.239,244.23,SSP2-4.5
2025-11-08,0.0536,23.637,53.398,4.265,241.75,SSP2-4.5
2025-11-09,0.109,24.439,62.983,5.649,223.66,SSP2-4.5
2025-11-10,0.0094,24.593,61.308,6.449,219.54,SSP2-4.5
2025-11-11,0.0,23.853,50.52,8.079,235.81,SSP2-4.5
2025-11-12,0.0,23.4,45.337,9.961,248.63,SSP2-4.5
2025-11-13,0.0,22.949,41.851,9.714,251.12,SSP2-4.5
2025-11-14,0.0,22.453,37.653,9.71,251.17,SSP2-4.5
2025-11-15,0.0,22.037,39.07,9.023,249.52,SSP2-4.5
2025-11-16,0.0,22.269,42.2,8.461,246.13,SSP2-4.5
2025-11-17,0.0867,23.056,51.786,9.394,237.61,SSP2-4.5
2025-11-18,0.1559,24.514,67.06,9.438,181.83,SSP2-4.5
2025-11-19,0.0,23.416,40.129,12.69,221.16,SSP2-4.5
2025-11-20,0.0,22.49,30.162,12.16,246.74,SSP2-4.5
2025-11-21,0.0,22.055,27.611,11.011,204.78,SSP2-4.5
2025-11-22,0.0,21.548,28.333,11.517,198.91,SSP2-4.5
2025-11-23,0.0,21.833,34.577,11.257,218.78,SSP2-4.5
2025-11-24,0.0,22.745,54.361,8.831,217.65,SSP2-4.5
2025-11-25,0.0,23.892,63.188,7.742,197.77,SSP2-4.5
2025-11-26,0.0,23.354,62.581,8.891,205.15,SSP2-4.5
2025-11-27,0.0,24.24,51.029,11.278,220.29,SSP2-4.5
2025-11-28,0.0,24.197,49.583,11.091,225.72,SSP2-4.5
2025-11-29,0.0,23.462,41.381,10.175,241.89,SSP2-4.5
2025-11-30,0.0,22.835,38.398,10.064,242.84,SSP2-4.5
2025-12-01,0.0,22.261,39.952,9.754,225.94,SSP2-4.5
2025-12-02,0.0,21.99,36.294,9.052,242.17,SSP2-4.5
2025-12-03,0.0,21.902,31.868,9.673,247.42,SSP2-4.5
2025-12-04,0.0,21.632,31.54,8.426,246.87,SSP2-4.5
2025-12-05,0.0,21.583,33.765,8.336,241.98,SSP2-4.5
2025-12-06,0.0,21.887,37.164,8.724,235.78,SSP2-4.5
2025-12-07,0.0,21.789,33.832,9.763,241.36,SSP2-4.5
2025-12-08,0.0,21.468,31.909,9.492,248.25,SSP2-4.5
2025-12-09,0.0,21.324,32.616,10.714,246.07,SSP2-4.5
2025-12-10,0.0,21.363,32.162,10.17,245.38,SSP2-4.5
2025-12-11,0.0,21.149,33.988,9.984,238.93,SSP2-4.5
2025-12-12,0.0,21.072,33.786,8.273,245.94,SSP2-4.5
2025-12-13,0.0,21.363,33.902,8.673,245.53,SSP2-4.5
2025-12-14,0.0,21.542,35.678,8.36,241.87,SSP2-4.5
2025-12-15,0.0,22.032,34.406,11.961,237.32,SSP2-4.5
2025-12-16,0.0,21.216,28.025,13.347,237.4,SSP2-4.5
2025-12-17,0.0,20.382,27.947,11.488,214.41,SSP2-4.5
2025-12-18,0.0,21.18,32.056,13.247,210.47,SSP2-4.5
2025-12-19,0.0,21.298,46.942,14.437,185.93,SSP2-4.5
2025-12-20,0.0,21.864,62.319,14.549,171.02,SSP2-4.5
2025-12-21,0.0,22.171,57.797,11.225,185.46,SSP2-4.5
2025-12-22,0.0,22.755,46.882,10.68,230.22,SSP2-4.5
2025-12-23,0.0,22.614,44.354,11.443,247.66,SSP2-4.5
2025-12-24,0.0,22.203,45.823,9.878,225.63,SSP2-4.5
2025-12-25,0.0,24.283,53.909,8.646,203.86,SSP2-4.5
2025-12-26,0.0,23.323,56.678,8.021,179.27,SSP2-4.5
2025-12-27,0.0,24.125,43.261,11.245,208.15,SSP2-4.5
2025-12-28,0.0,22.902,33.958,12.335,216.62,SSP2-4.5
2025-12-29,0.0,20.9,26.355,13.65,230.67,SSP2-4.5
2025-12-30,0.0,19.181,23.541,12.292,252.9,SSP2-4.5
2025-12-31,0.0,18.72,24.243,11.84,265.72,SSP2-4.5
2026-01-01,0.0,18.672,26.178,10.344,258.6,SSP2-4.5
2026-01-02,0.0,18.838,27.673,8.091,256.19,SSP2-4.5
2026-01-03,0.0,19.829,30.043,7.458,251.94,SSP2-4.5
2026-01-04,0.0,20.453,31.946,8.337,249.59,SSP2-4.5
2026-01-05,0.0,20.892,31.968,9.395,250.22,SSP2-4.5
2026-01-06,0.0,20.528,33.438,6.693,250.12,SSP2-4.5
2026-01-07,0.0,21.551,37.539,7.096,247.3,SSP2-4.5
2026-01-08,0.0,22.196,40.005,7.389,243.66,SSP2-4.5
2026-01-09,0.0,22.363,39.065,7.729,243.05,SSP2-4.5
2026-01-10,0.0,22.536,38.987,6.493,238.04,SSP2-4.5
2026-01-11,0.0,22.627,39.433,7.153,245.77,SSP2-4.5
2026-01-12,0.0,22.596,39.156,6.779,248.53,SSP2-4.5
2026-01-13,0.0,23.046,42.707,6.88,243.91,SSP2-4.5
2026-01-14,0.0,23.512,43.483,8.477,239.03,SSP2-4.5
2026-01-15,0.0,23.908,40.933,10.272,250.05,SSP2-4.5
2026-01-16,0.0,23.446,42.754,8.925,250.43,SSP2-4.5
2026-01-17,0.0,23.175,42.62,7.54,250.56,SSP2-4.5
2026-01-18,0.0,23.801,39.29,8.456,254.86,SSP2-4.5
2026-01-19,0.0,23.912,38.929,8.187,249.01,SSP2-4.5
2026-01-20,0.0,23.458,30.319,11.987,254.14,SSP2-4.5
2026-01-21,0.0,22.335,22.666,13.736,255.15,SSP2-4.5
2026-01-22,0.0,21.822,21.016,13.193,276.02,SSP2-4.5
2026-01-23,0.0,21.639,20.917,13.561,275.24,SSP2-4.5
2026-01-24,0.0,21.854,23.045,11.087,260.62,SSP2-4.5
2026-01-25,0.0,21.775,24.779,9.99,265.24,SSP2-4.5
2026-01-26,0.0,21.605,26.079,5.84,265.36,SSP2-4.5
2026-01-27,0.0,22.106,29.158,7.351,265.3,SSP2-4.5
2026-01-28,0.0,23.127,30.165,7.388,261.38,SSP2-4.5
2026-01-29,0.0,23.885,34.535,7.952,258.09,SSP2-4.5
2026-01-30,0.0,24.705,35.678,8.599,254.37,SSP2-4.5
2026-01-31,0.0,24.619,35.298,9.406,256.42,SSP2-4.5
2026-02-01,0.0,25.039,34.551,8.181,256.69,SSP2-4.5
2026-02-02,0.0,24.89,32.168,9.311,264.88,SSP2-4.5
2026-02-03,0.0,24.606,30.786,8.974,267.34,SSP2-4.5
2026-02-04,0.0,24.336,24.89,11.958,274.08,SSP2-4.5
2026-02-05,0.0,24.096,25.897,12.464,270.79,SSP2-4.5
2026-02-06,0.0,23.69,29.527,9.745,272.15,SSP2-4.5
2026-02-07,0.0,23.78,33.537,10.408,274.51,SSP2-4.5
2026-02-08,0.0,25.471,38.628,9.205,265.98,SSP2-4.5
2026-02-09,0.0,25.663,32.542,11.879,275.3,SSP2-4.5
2026-02-10,0.0,25.404,33.736,10.228,268.35,SSP2-4.5
2026-02-11,0.0,25.359,33.625,10.075,272.05,SSP2-4.5
2026-02-12,0.0,25.361,32.116,10.394,280.1,SSP2-4.5
2026-02-13,0.0,25.413,32.265,10.572,278.32,SSP2-4.5
2026-02-14,0.0,25.179,29.045,8.089,278.37,SSP2-4.5
2026-02-15,0.0,25.374,27.959,6.927,281.02,SSP2-4.5
2026-02-16,0.0,25.826,27.469,7.788,283.54,SSP2-4.5
2026-02-17,0.0,26.346,26.253,10.838,283.21,SSP2-4.5
2026-02-18,0.0,26.22,25.008,13.068,281.32,SSP2-4.5
2026-02-19,0.0,26.535,27.642,12.086,275.89,SSP2-4.5
2026-02-20,0.0,26.907,29.251,13.262,273.38,SSP2-4.5
2026-02-21,0.0,27.306,32.108,13.092,220.22,SSP2-4.5
2026-02-22,0.0,27.599,30.333,13.537,260.61,SSP2-4.5
2026-02-23,0.0,27.27,32.981,12.323,243.62,SSP2-4.5
2026-02-24,0.0,28.136,32.566,13.011,235.39,SSP2-4.5
2026-02-25,0.0096,23.853,56.821,10.133,154.27,SSP2-4.5
2026-02-26,0.0,24.314,58.266,10.073,187.4,SSP2-4.5
2026-02-27,0.0,27.208,43.817,9.689,227.4,SSP2-4.5
2026-02-28,0.0324,24.809,58.903,10.867,171.22,SSP2-4.5
2026-03-01,0.2705,27.808,47.467,10.459,229.32,SSP2-4.5
2026-03-02,1.4622,28.523,44.72,11.232,237.35,SSP2-4.5
2026-03-03,0.5706,27.029,48.374,10.56,245.41,SSP2-4.5
2026-03-04,0.1221,28.633,41.282,9.92,262.81,SSP2-4.5
2026-03-05,0.8894,29.291,41.188,11.393,243.22,SSP2-4.5
2026-03-06,0.0662,28.01,45.054,9.499,228.22,SSP2-4.5
2026-03-07,0.0006,28.96,38.53,10.314,279.35,SSP2-4.5
2026-03-08,0.0006,26.249,53.087,10.799,187.3,SSP2-4.5
2026-03-09,0.0,27.677,43.365,10.612,235.98,SSP2-4.5
2026-03-10,0.0,28.351,35.224,10.246,303.71,SSP2-4.5
2026-03-11,0.0,28.577,30.025,10.698,291.08,SSP2-4.5
2026-03-12,0.0,28.754,27.216,9.683,301.6,SSP2-4.5
2026-03-13,0.0,29.496,25.724,9.795,302.63,SSP2-4.5
2026-03-14,0.0,29.91,26.756,9.317,305.16,SSP2-4.5
2026-03-15,0.0,31.068,28.432,8.304,259.27,SSP2-4.5
2026-03-16,0.0,30.477,32.179,7.882,245.25,SSP2-4.5
2026-03-17,0.0,29.193,36.374,8.128,239.43,SSP2-4.5
2026-03-18,0.0,30.294,30.836,5.164,293.84,SSP2-4.5
2026-03-19,0.0,31.388,29.706,7.255,271.12,SSP2-4.5
2026-03-20,0.1628,31.526,31.39,6.788,250.33,SSP2-4.5
2026-03-21,0.0322,29.714,35.752,11.992,243.53,SSP2-4.5
2026-03-22,0.0043,28.777,41.762,12.048,216.99,SSP2-4.5
2026-03-23,0.0,30.005,33.29,9.507,274.04,SSP2-4.5
2026-03-24,0.0,29.98,27.667,10.122,323.03,SSP2-4.5
2026-03-25,0.0,29.97,26.354,8.425,319.32,SSP2-4.5
2026-03-26,0.0,30.577,24.975,8.114,313.04,SSP2-4.5
2026-03-27,0.0,30.419,23.841,10.219,318.42,SSP2-4.5
2026-03-28,0.0,30.561,22.965,11.466,285.46,SSP2-4.5
2026-03-29,0.0,30.21,25.23,12.203,307.09,SSP2-4.5
2026-03-30,0.0,30.789,26.451,12.25,309.26,SSP2-4.5
2026-03-31,0.0,30.752,25.118,11.571,312.27,SSP2-4.5
2026-04-01,0.0036,30.393,24.255,10.816,304.13,SSP2-4.5
2026-04-02,0.0,30.918,26.793,9.766,251.61,SSP2-4.5
2026-04-03,0.0087,30.478,31.255,10.612,288.9,SSP2-4.5
2026-04-04,0.0,29.643,39.208,10.173,219.34,SSP2-4.5
2026-04-05,0.0,31.118,28.961,7.764,258.31,SSP2-4.5
2026-04-06,0.0,31.736,23.439,9.013,305.05,SSP2-4.5
2026-04-07,0.0,31.127,21.312,7.282,339.16,SSP2-4.5
2026-04-08,0.0,30.724,22.916,6.763,315.93,SSP2-4.5
2026-04-09,0.0,31.96,22.384,8.342,311.42,SSP2-4.5
2026-04-10,0.5877,32.598,25.963,10.428,292.34,SSP2-4.5
2026-04-11,4.9629,31.366,32.351,11.407,278.85,SSP2-4.5
2026-04-12,7.7797,29.869,45.53,5.724,260.79,SSP2-4.5
2026-04-13,6.5343,30.211,46.729,3.966,273.32,SSP2-4.5
2026-04-14,0.1325,31.043,33.891,6.199,309.95,SSP2-4.5
2026-04-15,0.0999,29.801,37.323,5.863,239.03,SSP2-4.5
2026-04-16,0.0234,31.256,30.439,3.799,298.67,SSP2-4.5
2026-04-17,0.0,31.428,29.797,5.918,254.92,SSP2-4.5
2026-04-18,0.0,31.815,25.871,5.294,255.25,SSP2-4.5
2026-04-19,0.0,31.158,23.434,6.445,308.13,SSP2-4.5
2026-04-20,0.0,31.688,28.771,10.012,255.25,SSP2-4.5
2026-04-21,0.0,31.444,28.068,8.587,242.7,SSP2-4.5
2026-04-22,0.0,32.383,25.358,9.311,275.55,SSP2-4.5
2026-04-23,0.0,32.794,24.108,8.136,309.15,SSP2-4.5
2026-04-24,0.0478,33.112,23.851,9.654,294.6,SSP2-4.5
2026-04-25,0.692,32.976,26.495,6.123,293.57,SSP2-4.5
2026-04-26,0.0181,32.95,25.503,7.689,304.52,SSP2-4.5
2026-04-27,0.0,32.427,22.677,7.967,321.13,SSP2-4.5
2026-04-28,0.0,32.916,20.901,6.262,330.11,SSP2-4.5
2026-04-29,0.0,33.325,20.882,8.294,307.02,SSP2-4.5
2026-04-30,0.0032,33.208,24.507,7.067,268.8,SSP2-4.5
2026-05-01,0.2537,33.274,27.923,5.535,262.92,SSP2-4.5
2026-05-02,0.553,32.511,32.083,7.667,251.65,SSP2-4.5
2026-05-03,0.0,32.989,29.156,9.489,275.84,SSP2-4.5
2026-05-04,0.0438,33.152,27.083,8.96,308.85,SSP2-4.5
2026-05-05,0.0464,33.411,26.357,7.938,290.01,SSP2-4.5
2026-05-06,0.009,33.403,25.268,8.437,289.86,SSP2-4.5
2026-05-07,0.3621,33.237,27.0,7.68,260.4,SSP2-4.5
2026-05-08,0.7032,32.963,27.467,9.221,298.82,SSP2-4.5
2026-05-09,1.309,32.864,31.924,8.681,272.9,SSP2-4.5
2026-05-10,0.9181,33.01,29.226,8.909,308.13,SSP2-4.5
2026-05-11,0.0425,32.741,29.246,6.552,298.17,SSP2-4.5
2026-05-12,0.0053,32.791,25.617,6.882,325.6,SSP2-4.5
2026-05-13,0.5185,32.647,30.422,6.879,257.3,SSP2-4.5
2026-05-14,0.1822,32.788,28.398,6.531,321.05,SSP2-4.5
2026-05-15,0.0005,33.029,25.744,7.55,323.49,SSP2-4.5
2026-05-16,0.0,32.812,26.912,9.626,260.97,SSP2-4.5
2026-05-17,0.0,32.348,23.236,9.231,330.12,SSP2-4.5
2026-05-18,0.0,33.427,21.008,10.783,342.18,SSP2-4.5
2026-05-19,0.0,34.479,19.951,12.6,316.36,SSP2-4.5
2026-05-20,0.0,34.407,19.481,11.994,350.84,SSP2-4.5
2026-05-21,0.0,34.352,18.604,10.068,332.63,SSP2-4.5
2026-05-22,0.0,34.754,17.885,8.753,313.04,SSP2-4.5
2026-05-23,0.0,35.295,17.765,9.568,292.94,SSP2-4.5
2026-05-24,0.0,34.673,18.999,10.08,263.79,SSP2-4.5
2026-05-25,0.0016,33.884,18.523,13.662,338.05,SSP2-4.5
2026-05-26,0.0,35.271,22.051,12.634,331.16,SSP2-4.5
2026-05-27,0.0244,31.788,33.416,7.645,218.45,SSP2-4.5
2026-05-28,0.0,33.41,23.686,5.564,327.23,SSP2-4.5
2026-05-29,0.0,34.669,20.499,6.878,330.3,SSP2-4.5
2026-05-30,0.0116,34.754,23.806,10.627,293.63,SSP2-4.5
2026-05-31,0.4851,31.761,39.247,7.577,225.69,SSP2-4.5
2026-06-01,0.0,33.162,38.067,15.107,289.16,SSP2-4.5
2026-06-02,0.4514,30.158,56.872,15.929,250.52,SSP2-4.5
2026-06-03,0.0167,32.569,39.05,15.151,292.15,SSP2-4.5
2026-06-04,0.0,33.911,28.379,9.79,313.97,SSP2-4.5
2026-06-05,0.0,34.812,23.663,11.592,339.43,SSP2-4.5
2026-06-06,0.0,35.718,22.852,9.278,307.05,SSP2-4.5
2026-06-07,18.9037,33.843,34.572,10.591,290.76,SSP2-4.5
2026-06-08,29.4429,26.603,81.634,10.542,174.28,SSP2-4.5
2026-06-09,0.0,28.67,60.809,15.074,249.78,SSP2-4.5
2026-06-10,0.0,31.575,45.753,16.036,320.56,SSP2-4.5
2026-06-11,0.0,31.615,47.144,15.648,320.79,SSP2-4.5
2026-06-12,4.0259,32.193,52.958,13.121,295.44,SSP2-4.5
2026-06-13,15.123,27.284,73.318,10.076,223.52,SSP2-4.5
2026-06-14,19.5945,27.598,77.878,8.192,239.1,SSP2-4.5
2026-06-15,10.312,27.55,80.362,6.399,253.31,SSP2-4.5
2026-06-16,1.4422,28.402,74.66,7.974,287.05,SSP2-4.5
2026-06-17,0.5312,28.621,69.904,8.257,286.99,SSP2-4.5
2026-06-18,3.5487,29.448,67.154,8.731,285.02,SSP2-4.5
2026-06-19,0.6776,28.386,68.408,12.219,256.9,SSP2-4.5
2026-06-20,0.7342,27.657,72.237,13.986,238.16,SSP2-4.5
2026-06-21,3.7908,27.021,76.231,14.93,226.68,SSP2-4.5
2026-06-22,2.1751,26.935,78.505,14.629,216.69,SSP2-4.5
2026-06-23,0.0,27.537,73.915,15.237,249.62,SSP2-4.5
2026-06-24,0.0,27.901,71.332,13.587,241.63,SSP2-4.5
2026-06-25,0.0282,27.923,72.999,14.043,233.27,SSP2-4.5
2026-06-26,0.0,28.1,68.89,14.786,253.81,SSP2-4.5
2026-06-27,0.0,28.821,63.134,14.917,251.74,SSP2-4.5
2026-06-28,0.0,29.102,61.746,14.357,281.75,SSP2-4.5
2026-06-29,0.0,29.316,61.02,13.625,288.43,SSP2-4.5
2026-06-30,0.0,29.86,56.249,15.054,296.18,SSP2-4.5
2026-07-01,0.0,30.237,58.988,14.828,293.02,SSP2-4.5
2026-07-02,0.0,30.08,59.34,12.873,271.51,SSP2-4.5
2026-07-03,0.0,30.227,59.56,9.831,259.38,SSP2-4.5
2026-07-04,6.8295,30.065,67.05,9.428,251.59,SSP2-4.5
2026-07-05,9.2472,28.735,80.003,8.209,229.13,SSP2-4.5
2026-07-06,0.5777,28.55,79.555,12.135,253.9,SSP2-4.5
2026-07-07,0.7807,29.432,69.824,11.141,268.55,SSP2-4.5
2026-07-08,0.7843,30.164,66.009,13.677,282.73,SSP2-4.5
2026-07-09,0.2027,28.983,70.105,14.928,230.37,SSP2-4.5
2026-07-10,0.057,28.992,68.954,14.557,230.55,SSP2-4.5
2026-07-11,0.4267,29.267,67.868,13.267,229.68,SSP2-4.5
2026-07-12,0.0049,29.469,69.202,11.786,241.95,SSP2-4.5
2026-07-13,0.0,29.91,65.343,10.246,278.96,SSP2-4.5
2026-07-14,0.029,29.376,71.217,8.96,232.28,SSP2-4.5
2026-07-15,0.0171,29.036,75.964,7.289,238.01,SSP2-4.5
2026-07-16,2.0975,28.91,79.5,5.728,230.07,SSP2-4.5
2026-07-17,0.0,29.024,74.77,6.146,240.93,SSP2-4.5
2026-07-18,12.455,28.307,86.466,4.384,221.41,SSP2-4.5
2026-07-19,16.848,27.699,90.97,3.281,212.88,SSP2-4.5
2026-07-20,20.9356,28.153,89.51,4.775,225.6,SSP2-4.5
2026-07-21,32.3546,27.625,92.291,4.76,221.48,SSP2-4.5
2026-07-22,30.4342,26.578,92.588,13.64,193.71,SSP2-4.5
2026-07-23,18.8539,26.884,91.31,11.385,187.98,SSP2-4.5
2026-07-24,11.8965,27.726,88.576,11.42,225.53,SSP2-4.5
2026-07-25,0.6367,27.873,83.991,19.388,224.68,SSP2-4.5
2026-07-26,5.9429,27.47,84.72,21.044,216.66,SSP2-4.5
2026-07-27,7.8311,27.273,85.354,21.383,216.37,SSP2-4.5
2026-07-28,2.4081,27.033,87.401,18.644,200.39,SSP2-4.5
2026-07-29,17.134,27.038,88.975,17.106,203.58,SSP2-4.5
2026-07-30,26.8716,26.253,91.005,15.494,183.81,SSP2-4.5
2026-07-31,0.5922,27.203,88.814,14.04,204.24,SSP2-4.5
2026-08-01,1.4223,26.016,90.654,11.857,197.05,SSP2-4.5
2026-08-02,0.9417,26.3,89.961,12.11,212.92,SSP2-4.5
2026-08-03,3.1564,26.24,90.221,11.603,206.79,SSP2-4.5
2026-08-04,4.4855,26.745,88.377,14.602,225.55,SSP2-4.5
2026-08-05,0.0,26.564,88.007,15.009,216.56,SSP2-4.5
2026-08-06,0.2164,26.846,87.245,10.882,237.95,SSP2-4.5
2026-08-07,0.0,27.121,84.303,10.944,249.1,SSP2-4.5
2026-08-08,0.0,27.132,85.468,10.284,244.68,SSP2-4.5
2026-08-09,0.0,27.197,81.515,9.724,267.88,SSP2-4.5
2026-08-10,0.0,27.508,81.315,10.344,239.95,SSP2-4.5
2026-08-11,0.0057,27.756,78.114,12.135,280.61,SSP2-4.5
2026-08-12,0.0425,27.009,83.214,10.28,244.76,SSP2-4.5
2026-08-13,0.0,27.201,80.773,8.182,271.96,SSP2-4.5
2026-08-14,0.0,27.644,80.806,6.893,252.36,SSP2-4.5
2026-08-15,0.0,27.816,79.403,6.673,255.7,SSP2-4.5
2026-08-16,0.0,27.69,82.322,5.823,244.07,SSP2-4.5
2026-08-17,0.4664,27.637,86.458,4.73,234.55,SSP2-4.5
2026-08-18,0.0,27.863,79.911,8.062,257.1,SSP2-4.5
2026-08-19,0.0,28.549,75.301,9.408,296.74,SSP2-4.5
2026-08-20,0.0,28.126,76.24,9.273,270.01,SSP2-4.5
2026-08-21,0.0,28.424,73.432,9.371,300.97,SSP2-4.5
2026-08-22,0.4143,28.133,75.465,10.516,290.5,SSP2-4.5
2026-08-23,19.8498,26.866,87.943,10.667,223.32,SSP2-4.5
2026-08-24,6.0309,26.781,89.279,8.872,221.73,SSP2-4.5
2026-08-25,0.0,27.548,77.848,12.103,253.43,SSP2-4.5
2026-08-26,0.0818,27.583,79.789,11.6,259.94,SSP2-4.5
2026-08-27,11.2474,26.504,88.731,12.159,210.57,SSP2-4.5
2026-08-28,28.5854,26.219,92.715,9.049,202.89,SSP2-4.5
2026-08-29,1.2171,26.534,91.016,6.006,219.89,SSP2-4.5
2026-08-30,1.3022,26.656,89.946,10.262,224.49,SSP2-4.5
2026-08-31,0.6679,26.688,89.032,8.243,221.17,SSP2-4.5
2026-09-01,7.2616,27.179,89.127,4.232,239.2,SSP2-4.5
2026-09-02,15.7053,26.741,92.099,3.979,222.4,SSP2-4.5
2026-09-03,24.4437,26.754,91.649,5.159,238.75,SSP2-4.5
2026-09-04,15.5823,26.735,91.234,4.218,232.49,SSP2-4.5
2026-09-05,1.5416,27.083,88.217,4.578,235.12,SSP2-4.5
2026-09-06,0.0,27.067,87.326,4.409,240.48,SSP2-4.5
2026-09-07,0.0,27.318,83.722,4.087,251.76,SSP2-4.5
2026-09-08,0.0,27.748,81.054,4.354,265.81,SSP2-4.5
2026-09-09,0.0,27.975,82.767,4.044,259.88,SSP2-4.5
2026-09-10,5.9568,27.412,88.006,7.217,240.18,SSP2-4.5
2026-09-11,0.8153,27.771,83.085,10.417,247.86,SSP2-4.5
2026-09-12,0.0,27.442,82.021,13.012,236.23,SSP2-4.5
2026-09-13,3.1659,26.223,89.481,14.724,197.05,SSP2-4.5
2026-09-14,0.4331,25.89,89.667,11.821,193.49,SSP2-4.5
2026-09-15,0.0,26.921,87.017,7.934,222.75,SSP2-4.5
2026-09-16,0.1294,27.362,83.948,6.305,246.08,SSP2-4.5
2026-09-17,31.1976,26.64,92.298,3.264,213.02,SSP2-4.5
2026-09-18,18.5164,26.293,93.47,3.379,204.83,SSP2-4.5
2026-09-19,4.932,26.792,89.33,4.716,230.52,SSP2-4.5
2026-09-20,3.8441,26.827,89.833,3.452,222.02,SSP2-4.5
2026-09-21,2.302,27.135,88.553,2.8,234.45,SSP2-4.5
2026-09-22,1.9719,27.143,88.675,2.617,232.8,SSP2-4.5
2026-09-23,0.0383,27.336,85.644,2.709,240.77,SSP2-4.5
2026-09-24,1.8765,26.72,88.926,3.154,226.1,SSP2-4.5
2026-09-25,0.0,27.079,83.09,4.89,248.62,SSP2-4.5
2026-09-26,0.0368,26.871,86.51,4.741,231.71,SSP2-4.5
2026-09-27,0.0,26.813,85.055,5.312,236.85,SSP2-4.5
2026-09-28,0.0,27.137,79.82,4.684,261.92,SSP2-4.5
2026-09-29,0.1174,27.147,84.199,3.625,234.62,SSP2-4.5
2026-09-30,8.0545,26.838,89.771,3.081,212.01,SSP2-4.5
2026-10-01,15.1108,25.877,90.396,3.464,219.06,SSP2-4.5
2026-10-02,12.9412,25.927,90.715,4.059,219.86,SSP2-4.5
2026-10-03,18.2191,25.883,90.873,4.421,212.14,SSP2-4.5
2026-10-04,4.5009,26.024,88.702,5.287,214.1,SSP2-4.5
2026-10-05,28.6548,25.481,90.401,8.483,199.04,SSP2-4.5
2026-10-06,49.187,25.47,94.757,8.74,177.61,SSP2-4.5
2026-10-07,31.3433,25.382,92.816,8.226,187.47,SSP2-4.5
2026-10-08,35.0395,25.345,93.334,7.532,183.01,SSP2-4.5
2026-10-09,29.4619,25.348,93.647,7.207,186.53,SSP2-4.5
2026-10-10,10.003,25.551,89.587,6.74,202.81,SSP2-4.5
2026-10-11,0.7949,25.784,85.897,8.543,213.82,SSP2-4.5
2026-10-12,3.7655,25.839,85.385,9.401,221.51,SSP2-4.5
2026-10-13,0.0,25.963,82.701,7.633,230.03,SSP2-4.5
2026-10-14,0.0,26.553,77.28,7.012,258.72,SSP2-4.5
2026-10-15,0.0,26.662,77.922,7.756,249.58,SSP2-4.5
2026-10-16,3.8442,27.03,66.168,7.195,267.47,SSP2-4.5
2026-10-17,0.0,26.821,68.046,6.728,266.43,SSP2-4.5
2026-10-18,0.0,26.923,66.504,4.122,256.05,SSP2-4.5
2026-10-19,1.5389,26.325,79.185,6.984,232.77,SSP2-4.5
2026-10-20,13.1455,24.537,91.143,5.209,185.74,SSP2-4.5
2026-10-21,1.0664,24.851,83.71,4.981,207.24,SSP2-4.5
2026-10-22,0.0,25.365,75.925,4.511,242.46,SSP2-4.5
2026-10-23,0.0413,25.99,79.098,2.352,233.2,SSP2-4.5
2026-10-24,0.2722,26.061,75.411,3.771,220.46,SSP2-4.5
2026-10-25,0.0,25.888,74.082,4.472,210.5,SSP2-4.5
2026-10-26,0.0,25.984,71.807,7.112,219.81,SSP2-4.5
2026-10-27,0.0822,26.222,70.163,10.051,220.72,SSP2-4.5
2026-10-28,0.5623,24.393,81.378,9.028,193.24,SSP2-4.5
2026-10-29,3.2393,24.04,81.573,10.204,188.86,SSP2-4.5
2026-10-30,36.6368,23.024,91.439,12.94,151.62,SSP2-4.5
2026-10-31,38.2367,23.426,92.575,10.369,163.34,SSP2-4.5
2026-11-01,35.2498,23.017,91.758,10.227,155.14,SSP2-4.5
2026-11-02,36.6385,22.783,92.537,9.136,149.57,SSP2-4.5
2026-11-03,29.6984,23.345,91.831,3.618,162.27,SSP2-4.5
2026-11-04,33.1373,23.348,91.325,4.595,169.54,SSP2-4.5
2026-11-05,22.4652,23.551,89.773,5.204,173.66,SSP2-4.5
2026-11-06,30.1112,23.263,91.889,4.866,162.51,SSP2-4.5
2026-11-07,16.957,23.236,90.636,5.092,171.82,SSP2-4.5
2026-11-08,4.4049,24.024,87.008,6.179,187.76,SSP2-4.5
2026-11-09,0.0,24.406,78.704,10.706,208.82,SSP2-4.5
2026-11-10,0.0146,23.411,60.642,13.857,190.6,SSP2-4.5
2026-11-11,0.5413,23.003,78.752,17.233,168.54,SSP2-4.5
2026-11-12,0.2729,23.095,78.615,17.103,176.98,SSP2-4.5
2026-11-13,0.0,23.886,69.112,13.073,235.53,SSP2-4.5
2026-11-14,0.0,23.043,62.388,6.008,247.24,SSP2-4.5
2026-11-15,0.0,22.616,56.462,5.99,215.79,SSP2-4.5
2026-11-16,0.0,21.575,46.451,8.717,240.01,SSP2-4.5
2026-11-17,0.0,21.052,41.299,6.982,255.62,SSP2-4.5
2026-11-18,0.0,21.506,51.247,4.652,230.71,SSP2-4.5
2026-11-19,0.0,22.175,55.901,6.811,221.75,SSP2-4.5
2026-11-20,0.0,22.015,52.312,8.797,237.86,SSP2-4.5
2026-11-21,0.0,22.061,55.503,9.56,240.22,SSP2-4.5
2026-11-22,0.0,22.801,72.384,12.229,171.9,SSP2-4.5
2026-11-23,0.0,24.19,58.647,12.255,233.23,SSP2-4.5
2026-11-24,0.0,23.75,51.48,11.51,239.41,SSP2-4.5
2026-11-25,0.0,21.66,51.433,10.107,187.4,SSP2-4.5
2026-11-26,0.0,22.374,45.457,11.162,221.41,SSP2-4.5
2026-11-27,0.0,22.904,52.56,11.211,223.91,SSP2-4.5
2026-11-28,0.0,25.073,50.455,13.27,228.17,SSP2-4.5
2026-11-29,0.0,23.14,46.2,12.27,214.17,SSP2-4.5
2026-11-30,0.0,21.656,31.978,10.803,234.85,SSP2-4.5
2026-12-01,0.0,21.424,31.21,9.821,249.6,SSP2-4.5
2026-12-02,0.0,21.161,33.097,9.41,243.86,SSP2-4.5
2026-12-03,0.0,21.045,32.521,8.825,248.06,SSP2-4.5
2026-12-04,0.0,21.088,28.966,10.816,247.53,SSP2-4.5
2026-12-05,0.0,21.012,29.568,11.746,242.5,SSP2-4.5
2026-12-06,0.0,20.468,28.289,9.67,251.26,SSP2-4.5
2026-12-07,0.0,20.224,30.901,4.914,247.75,SSP2-4.5
2026-12-08,0.0,20.725,34.678,5.547,242.42,SSP2-4.5
2026-12-09,0.0,21.672,51.471,7.326,231.56,SSP2-4.5
2026-12-10,0.0,22.798,61.195,7.213,211.38,SSP2-4.5
2026-12-11,0.0,23.216,58.597,7.843,209.25,SSP2-4.5
2026-12-12,0.0,23.6,51.099,6.362,219.0,SSP2-4.5
2026-12-13,0.0,23.257,50.924,9.04,217.28,SSP2-4.5
2026-12-14,0.0,22.086,49.687,9.604,196.89,SSP2-4.5
2026-12-15,0.0,22.394,44.264,10.216,229.17,SSP2-4.5
2026-12-16,0.0,21.399,41.334,10.646,229.77,SSP2-4.5
2026-12-17,0.0,21.115,39.584,10.873,236.56,SSP2-4.5
2026-12-18,0.0,20.292,35.922,8.346,237.46,SSP2-4.5
2026-12-19,0.0,19.78,34.534,8.844,247.58,SSP2-4.5
2026-12-20,0.0,20.378,39.666,8.499,246.47,SSP2-4.5
2026-12-21,0.0,20.927,38.923,9.5,246.57,SSP2-4.5
2026-12-22,0.0,20.915,35.908,9.988,246.07,SSP2-4.5
2026-12-23,0.0,21.075,36.569,9.403,245.67,SSP2-4.5
2026-12-24,0.0,21.281,39.588,9.419,243.16,SSP2-4.5
2026-12-25,0.0,21.336,40.502,8.379,239.86,SSP2-4.5
2026-12-26,0.0,21.294,40.6,8.784,241.52,SSP2-4.5
2026-12-27,0.0,21.378,38.931,9.291,241.1,SSP2-4.5
2026-12-28,0.0,21.184,38.67,7.042,242.87,SSP2-4.5
2026-12-29,0.0,21.265,40.019,6.587,242.47,SSP2-4.5
2026-12-30,0.0,21.677,42.571,8.441,243.07,SSP2-4.5
2026-12-31,0.0,22.577,39.481,10.237,243.06,SSP2-4.5
2027-01-01,0.0,22.925,42.266,7.994,244.87,SSP2-4.5
2027-01-02,0.0,22.713,45.291,6.303,239.83,SSP2-4.5
2027-01-03,0.0,23.193,44.973,6.152,239.7,SSP2-4.5
2027-01-04,0.0,23.809,45.826,7.537,229.71,SSP2-4.5
2027-01-05,0.0,22.474,55.583,9.528,191.77,SSP2-4.5
2027-01-06,0.0,22.653,51.97,11.541,196.76,SSP2-4.5
2027-01-07,0.0,23.025,49.519,13.11,228.29,SSP2-4.5
2027-01-08,0.0,22.209,52.393,11.525,196.03,SSP2-4.5
2027-01-09,0.0,20.884,36.82,12.846,225.52,SSP2-4.5
2027-01-10,0.0,20.678,28.623,11.209,257.05,SSP2-4.5
2027-01-11,0.0,21.049,29.287,13.287,258.55,SSP2-4.5
2027-01-12,0.0,20.921,31.987,10.083,257.39,SSP2-4.5
2027-01-13,0.0,20.776,27.009,10.496,261.46,SSP2-4.5
2027-01-14,0.0,20.317,27.545,8.369,264.73,SSP2-4.5
2027-01-15,0.0,21.379,37.025,9.181,259.85,SSP2-4.5
2027-01-16,0.0,22.822,43.077,6.251,248.56,SSP2-4.5
2027-01-17,0.0,23.706,42.461,5.975,248.81,SSP2-4.5
2027-01-18,0.0,24.415,41.373,9.841,243.46,SSP2-4.5
2027-01-19,0.0,25.321,42.79,9.582,213.67,SSP2-4.5
2027-01-20,0.0,24.774,46.303,10.501,216.06,SSP2-4.5
2027-01-21,0.0,25.027,43.274,17.672,210.26,SSP2-4.5
2027-01-22,0.0,24.776,44.271,14.116,240.92,SSP2-4.5
2027-01-23,0.0,25.283,43.639,10.392,237.38,SSP2-4.5
2027-01-24,0.0,25.832,46.675,9.228,231.45,SSP2-4.5
2027-01-25,0.0,26.045,47.343,10.327,232.82,SSP2-4.5
2027-01-26,0.0,25.654,46.708,11.22,226.94,SSP2-4.5
2027-01-27,0.0,21.853,43.157,14.12,185.31,SSP2-4.5
2027-01-28,0.0,23.087,25.861,15.31,257.04,SSP2-4.5
2027-01-29,0.0,21.738,20.14,12.903,282.42,SSP2-4.5
2027-01-30,0.0,21.469,25.079,11.663,253.48,SSP2-4.5
2027-01-31,0.0,22.101,27.369,7.733,249.8,SSP2-4.5
2027-02-01,0.0,22.04,27.402,9.975,277.07,SSP2-4.5
2027-02-02,0.0,22.532,28.546,7.11,255.59,SSP2-4.5
2027-02-03,0.0,23.057,31.652,5.114,275.89,SSP2-4.5
2027-02-04,0.0,24.2,33.604,5.178,249.65,SSP2-4.5
2027-02-05,0.0,24.666,36.342,8.128,266.51,SSP2-4.5
2027-02-06,0.0,25.288,38.732,7.778,259.0,SSP2-4.5
2027-02-07,0.0,25.617,39.129,10.309,245.62,SSP2-4.5
2027-02-08,0.0,25.981,41.806,12.286,253.69,SSP2-4.5
2027-02-09,0.0,25.505,47.389,9.117,219.91,SSP2-4.5
2027-02-10,0.0,26.323,43.151,10.118,240.32,SSP2-4.5
2027-02-11,0.0,26.68,39.134,10.847,261.53,SSP2-4.5
2027-02-12,0.0,26.301,39.846,10.921,247.08,SSP2-4.5
2027-02-13,0.0,26.112,36.454,8.745,268.35,SSP2-4.5
2027-02-14,0.0,26.298,34.219,6.098,263.23,SSP2-4.5
2027-02-15,0.0,26.981,32.906,5.432,261.42,SSP2-4.5
2027-02-16,0.0,27.939,32.371,8.324,249.95,SSP2-4.5
2027-02-17,0.0,26.191,47.744,10.099,201.98,SSP2-4.5
2027-02-18,0.0007,23.819,71.706,4.901,145.64,SSP2-4.5
2027-02-19,0.0,26.106,54.218,10.578,237.31,SSP2-4.5
2027-02-20,0.0,26.698,42.646,9.295,279.31,SSP2-4.5
2027-02-21,0.0,26.311,33.084,9.713,289.09,SSP2-4.5
2027-02-22,0.0,26.122,31.688,10.056,292.27,SSP2-4.5
2027-02-23,0.0,26.595,26.4,8.94,294.78,SSP2-4.5
2027-02-24,0.0,26.203,23.697,5.0,295.09,SSP2-4.5
2027-02-25,0.0,26.309,24.249,8.723,301.75,SSP2-4.5
2027-02-26,0.0,26.905,24.295,7.176,300.35,SSP2-4.5
2027-02-27,0.0,27.086,23.898,8.245,297.65,SSP2-4.5
2027-02-28,0.0,28.188,24.106,12.003,293.61,SSP2-4.5
2027-03-01,0.0,28.833,26.337,12.117,285.85,SSP2-4.5
2027-03-02,0.0,28.626,25.777,9.962,282.53,SSP2-4.5
2027-03-03,0.0,29.094,25.747,13.494,287.94,SSP2-4.5
2027-03-04,0.0,29.267,26.472,14.566,294.16,SSP2-4.5
2027-03-05,0.0,29.097,27.875,10.211,293.45,SSP2-4.5
2027-03-06,0.0,28.872,27.409,7.177,285.51,SSP2-4.5
2027-03-07,0.0,29.749,27.905,9.288,268.76,SSP2-4.5
2027-03-08,0.0004,29.48,27.705,12.347,276.62,SSP2-4.5
2027-03-09,0.0,29.149,25.361,10.528,297.58,SSP2-4.5
2027-03-10,0.0,28.741,23.506,8.813,302.36,SSP2-4.5
2027-03-11,0.0,29.008,23.402,8.391,303.95,SSP2-4.5
2027-03-12,0.0,29.124,23.242,8.95,292.91,SSP2-4.5
2027-03-13,0.0,30.393,25.035,12.38,293.42,SSP2-4.5
2027-03-14,0.0,30.026,26.423,12.209,297.0,SSP2-4.5
2027-03-15,0.0,29.734,24.485,11.526,314.87,SSP2-4.5
2027-03-16,0.0,29.576,23.102,9.988,323.66,SSP2-4.5
2027-03-17,0.0,28.803,22.843,9.493,326.87,SSP2-4.5
2027-03-18,0.0,29.317,23.471,7.758,324.41,SSP2-4.5
2027-03-19,0.0,29.599,22.779,5.965,314.08,SSP2-4.5
2027-03-20,0.0,30.187,21.183,6.433,313.89,SSP2-4.5
2027-03-21,0.0,31.152,23.919,7.525,268.53,SSP2-4.5
2027-03-22,0.0001,30.029,33.931,10.937,205.4,SSP2-4.5
2027-03-23,0.5596,30.755,34.848,8.175,269.55,SSP2-4.5
2027-03-24,1.1122,30.823,35.027,6.728,260.32,SSP2-4.5
2027-03-25,0.0935,31.788,30.936,7.009,270.13,SSP2-4.5
2027-03-26,0.0024,31.713,29.641,6.094,248.61,SSP2-4.5
2027-03-27,0.0,31.892,27.8,6.252,271.72,SSP2-4.5
2027-03-28,0.0,31.356,25.858,5.983,298.51,SSP2-4.5
2027-03-29,0.0,31.769,25.406,7.269,289.29,SSP2-4.5
2027-03-30,0.0,31.87,26.203,5.479,253.79,SSP2-4.5
2027-03-31,0.0,31.628,22.348,8.042,298.63,SSP2-4.5
2027-04-01,0.0,31.075,20.279,6.737,290.55,SSP2-4.5
2027-04-02,0.0,30.561,19.265,7.808,281.39,SSP2-4.5
2027-04-03,0.0,30.579,19.033,7.917,307.73,SSP2-4.5
2027-04-04,0.0,31.668,20.478,6.402,259.43,SSP2-4.5
2027-04-05,0.0,32.203,23.383,5.358,249.13,SSP2-4.5
2027-04-06,0.0,32.363,23.464,8.651,272.0,SSP2-4.5
2027-04-07,0.0,32.204,23.571,11.777,293.06,SSP2-4.5
2027-04-08,0.0,31.477,23.975,14.144,321.05,SSP2-4.5
2027-04-09,0.0,31.313,20.768,10.792,330.34,SSP2-4.5
2027-04-10,0.0,31.075,21.169,9.939,324.47,SSP2-4.5
2027-04-11,0.0,32.036,22.185,10.754,297.11,SSP2-4.5
2027-04-12,0.0375,32.571,23.667,8.04,287.93,SSP2-4.5
2027-04-13,0.0,32.256,23.09,8.952,311.4,SSP2-4.5
2027-04-14,0.0936,32.79,23.858,9.179,305.62,SSP2-4.5
2027-04-15,0.0118,33.076,24.1,6.521,303.44,SSP2-4.5
2027-04-16,4.9293,32.919,28.526,6.142,283.72,SSP2-4.5
2027-04-17,0.421,29.246,46.948,4.887,202.04,SSP2-4.5
2027-04-18,0.4981,30.938,37.673,6.121,268.41,SSP2-4.5
2027-04-19,0.0491,31.988,28.786,6.965,316.82,SSP2-4.5
2027-04-20,0.1572,32.25,26.806,4.596,292.98,SSP2-4.5
2027-04-21,0.3111,31.959,26.071,4.842,319.18,SSP2-4.5
2027-04-22,0.2101,32.682,27.493,5.327,289.74,SSP2-4.5
2027-04-23,1.7993,32.065,30.643,5.926,282.68,SSP2-4.5
2027-04-24,0.0549,32.247,27.379,5.921,299.28,SSP2-4.5
2027-04-25,0.0065,32.525,25.572,5.134,304.36,SSP2-4.5
2027-04-26,0.0022,32.749,25.456,4.566,272.73,SSP2-4.5
2027-04-27,0.0,33.148,24.851,6.149,266.81,SSP2-4.5
2027-04-28,0.0,33.528,24.198,8.525,276.37,SSP2-4.5
2027-04-29,0.2332,33.596,24.932,12.115,294.34,SSP2-4.5
2027-04-30,0.0068,33.139,24.111,12.056,280.56,SSP2-4.5
2027-05-01,0.0,33.153,20.582,12.189,344.81,SSP2-4.5
2027-05-02,0.0,33.376,19.864,9.919,346.74,SSP2-4.5
2027-05-03,0.0,33.044,18.643,6.202,337.27,SSP2-4.5
2027-05-04,0.0,34.576,20.11,5.975,294.62,SSP2-4.5
2027-05-05,0.659,34.589,24.125,6.323,275.81,SSP2-4.5
2027-05-06,0.3086,33.78,27.594,7.8,272.58,SSP2-4.5
2027-05-07,2.3672,30.457,41.553,7.361,216.93,SSP2-4.5
2027-05-08,7.9029,32.589,35.171,8.538,288.6,SSP2-4.5
2027-05-09,1.3466,31.11,36.279,8.599,269.03,SSP2-4.5
2027-05-10,0.0,32.577,29.06,5.381,336.19,SSP2-4.5
2027-05-11,0.0,33.323,26.688,7.167,326.02,SSP2-4.5
2027-05-12,0.0,33.918,27.162,7.309,299.37,SSP2-4.5
2027-05-13,0.0,34.003,25.52,7.251,299.43,SSP2-4.5
2027-05-14,0.0,33.956,20.099,8.93,326.26,SSP2-4.5
2027-05-15,0.0,34.245,17.746,11.154,306.46,SSP2-4.5
2027-05-16,0.0,34.506,17.502,14.434,318.8,SSP2-4.5
2027-05-17,0.0,35.463,18.125,15.696,311.48,SSP2-4.5
2027-05-18,0.0,35.401,18.411,12.014,308.01,SSP2-4.5
2027-05-19,0.0,35.12,18.093,9.928,330.48,SSP2-4.5
2027-05-20,0.0,34.909,20.927,10.265,286.55,SSP2-4.5
2027-05-21,0.0,33.849,29.944,13.997,269.0,SSP2-4.5
2027-05-22,0.0007,33.756,27.41,9.876,300.23,SSP2-4.5
2027-05-23,0.0,34.05,25.107,12.299,344.11,SSP2-4.5
2027-05-24,0.0,34.151,23.234,10.672,350.15,SSP2-4.5
2027-05-25,0.0,34.68,20.004,7.098,336.54,SSP2-4.5
2027-05-26,0.1367,34.973,20.142,9.892,333.76,SSP2-4.5
2027-05-27,0.0125,34.848,27.773,14.081,307.22,SSP2-4.5
2027-05-28,0.0,34.65,27.694,12.499,310.25,SSP2-4.5
2027-05-29,0.0,35.119,26.457,13.008,308.63,SSP2-4.5
2027-05-30,0.0,35.322,26.469,14.307,301.11,SSP2-4.5
2027-05-31,1.3988,34.58,32.034,15.53,265.78,SSP2-4.5
2027-06-01,0.026,33.486,32.17,17.266,272.79,SSP2-4.5
2027-06-02,0.0,34.032,28.868,15.627,297.17,SSP2-4.5
2027-06-03,0.0,33.396,32.737,10.287,263.31,SSP2-4.5
2027-06-04,0.0446,33.936,28.063,6.131,302.67,SSP2-4.5
2027-06-05,0.0109,34.631,29.002,8.097,289.64,SSP2-4.5
2027-06-06,2.3242,29.625,57.422,7.972,238.92,SSP2-4.5
2027-06-07,5.1741,30.951,59.628,6.182,259.75,SSP2-4.5
2027-06-08,5.114,31.729,52.258,10.906,275.7,SSP2-4.5
2027-06-09,0.8004,30.734,47.331,17.795,269.71,SSP2-4.5
2027-06-10,10.6018,29.634,60.496,15.589,256.17,SSP2-4.5
2027-06-11,0.0,27.089,70.119,17.474,230.7,SSP2-4.5
2027-06-12,35.9466,25.293,88.256,12.71,180.39,SSP2-4.5
2027-06-13,19.3473,25.265,88.773,11.435,157.32,SSP2-4.5
2027-06-14,23.3375,25.085,87.389,15.401,172.91,SSP2-4.5
2027-06-15,8.2982,26.851,75.911,15.865,237.35,SSP2-4.5
2027-06-16,19.4236,25.213,87.349,13.064,184.39,SSP2-4.5
2027-06-17,29.5282,24.697,89.611,15.738,137.47,SSP2-4.5
2027-06-18,12.5928,25.755,83.789,15.239,211.6,SSP2-4.5
2027-06-19,5.5392,26.892,79.034,13.694,243.07,SSP2-4.5
2027-06-20,0.4885,27.755,73.572,13.19,284.59,SSP2-4.5
2027-06-21,0.0,27.707,74.239,12.142,258.29,SSP2-4.5
2027-06-22,0.1549,28.247,72.323,11.593,283.97,SSP2-4.5
2027-06-23,0.8525,27.325,76.482,13.043,254.41,SSP2-4.5
2027-06-24,9.2317,26.935,79.485,14.083,239.71,SSP2-4.5
2027-06-25,14.7661,25.882,86.511,13.121,198.48,SSP2-4.5
2027-06-26,18.4414,25.902,87.481,10.032,206.41,SSP2-4.5
2027-06-27,3.771,25.909,87.042,10.349,207.77,SSP2-4.5
2027-06-28,0.4237,26.273,83.711,11.073,222.25,SSP2-4.5
2027-06-29,5.2671,25.948,86.25,12.596,205.92,SSP2-4.5
2027-06-30,1.3554,26.165,85.478,11.774,220.14,SSP2-4.5
2027-07-01,15.2302,26.143,89.093,13.675,201.06,SSP2-4.5
2027-07-02,0.8089,25.853,86.536,14.478,201.82,SSP2-4.5
2027-07-03,1.532,27.4,82.647,15.359,249.54,SSP2-4.5
2027-07-04,23.5292,27.117,86.556,16.17,219.95,SSP2-4.5
2027-07-05,35.8076,26.37,92.304,18.314,137.69,SSP2-4.5
2027-07-06,15.1208,26.29,90.059,15.634,178.1,SSP2-4.5
2027-07-07,3.1466,25.03,89.558,14.184,194.33,SSP2-4.5
2027-07-08,17.9902,26.252,90.736,13.374,205.98,SSP2-4.5
2027-07-09,0.1376,26.634,89.779,12.748,210.81,SSP2-4.5
2027-07-10,1.5029,24.828,90.253,13.85,195.32,SSP2-4.5
2027-07-11,16.4467,26.071,89.79,15.531,202.91,SSP2-4.5
2027-07-12,0.2126,26.947,89.555,10.347,218.31,SSP2-4.5
2027-07-13,0.0,27.518,82.867,12.761,270.67,SSP2-4.5
2027-07-14,0.0,27.602,82.282,11.156,267.38,SSP2-4.5
2027-07-15,0.012,27.888,80.971,12.045,261.97,SSP2-4.5
2027-07-16,0.1554,27.455,83.704,12.783,241.09,SSP2-4.5
2027-07-17,13.1688,27.01,89.947,7.387,206.9,SSP2-4.5
2027-07-18,2.5325,26.759,91.063,9.753,213.28,SSP2-4.5
2027-07-19,0.0,27.462,85.53,10.722,241.2,SSP2-4.5
2027-07-20,0.0,27.633,83.517,9.271,261.22,SSP2-4.5
2027-07-21,0.0,27.891,83.933,8.359,252.25,SSP2-4.5
2027-07-22,0.0,27.935,81.587,8.158,265.01,SSP2-4.5
2027-07-23,0.0,28.057,81.359,9.464,248.36,SSP2-4.5
2027-07-24,0.0633,27.734,83.804,9.408,239.96,SSP2-4.5
2027-07-25,0.0081,27.793,83.347,8.997,245.74,SSP2-4.5
2027-07-26,0.0,27.809,85.268,6.199,245.14,SSP2-4.5
2027-07-27,0.0,27.934,81.462,9.202,276.59,SSP2-4.5
2027-07-28,0.0,28.19,77.095,10.631,289.59,SSP2-4.5
2027-07-29,0.0,27.948,77.475,10.409,253.59,SSP2-4.5
2027-07-30,0.0,27.971,77.932,10.445,256.79,SSP2-4.5
2027-07-31,0.0,27.918,80.77,11.305,240.91,SSP2-4.5
2027-08-01,0.0,27.356,82.049,10.866,229.71,SSP2-4.5
2027-08-02,0.0,27.295,82.973,10.953,237.18,SSP2-4.5
2027-08-03,2.2769,27.016,87.124,10.298,220.18,SSP2-4.5
2027-08-04,20.1924,26.953,88.737,11.875,227.33,SSP2-4.5
2027-08-05,53.0311,25.545,93.971,14.527,157.57,SSP2-4.5
2027-08-06,26.3555,25.758,93.432,12.518,156.38,SSP2-4.5
2027-08-07,15.8286,25.336,93.034,10.961,190.97,SSP2-4.5
2027-08-08,0.2264,26.098,92.248,9.98,206.01,SSP2-4.5
2027-08-09,0.0,26.919,87.199,9.292,267.7,SSP2-4.5
2027-08-10,0.0,27.699,83.195,12.723,286.87,SSP2-4.5
2027-08-11,0.0,27.52,82.953,14.385,252.08,SSP2-4.5
2027-08-12,1.9667,27.197,85.042,14.134,248.43,SSP2-4.5
2027-08-13,16.7544,25.825,91.318,13.523,202.27,SSP2-4.5
2027-08-14,0.57,26.386,89.536,15.369,216.81,SSP2-4.5
2027-08-15,29.2415,25.496,93.212,12.496,182.84,SSP2-4.5
2027-08-16,17.6132,25.347,93.045,12.777,174.4,SSP2-4.5
2027-08-17,1.4817,25.733,91.551,13.315,192.1,SSP2-4.5
2027-08-18,1.8562,25.48,92.879,12.131,192.7,SSP2-4.5
2027-08-19,0.2135,26.577,90.023,12.03,223.64,SSP2-4.5
2027-08-20,0.0073,26.325,90.986,13.429,209.03,SSP2-4.5
2027-08-21,6.2906,26.46,90.854,13.965,203.7,SSP2-4.5
2027-08-22,16.2885,26.344,92.407,13.411,196.58,SSP2-4.5
2027-08-23,28.1841,25.845,93.029,14.689,190.25,SSP2-4.5
2027-08-24,0.875,25.972,90.175,15.624,206.61,SSP2-4.5
2027-08-25,28.9037,25.369,91.895,15.338,179.16,SSP2-4.5
2027-08-26,19.4137,25.245,91.452,11.658,193.03,SSP2-4.5
2027-08-27,0.0,26.253,88.353,10.23,219.64,SSP2-4.5
2027-08-28,0.0,26.655,84.004,9.945,264.08,SSP2-4.5
2027-08-29,2.7828,26.967,86.91,8.899,246.42,SSP2-4.5
2027-08-30,0.1102,25.952,92.305,10.066,191.55,SSP2-4.5
2027-08-31,0.0,26.999,85.817,10.383,256.88,SSP2-4.5
2027-09-01,0.0,26.828,85.369,10.059,237.26,SSP2-4.5
2027-09-02,19.4482,26.154,92.145,7.027,203.48,SSP2-4.5
2027-09-03,0.2453,26.246,90.131,10.189,220.3,SSP2-4.5
2027-09-04,0.0,25.85,91.181,9.176,205.79,SSP2-4.5
2027-09-05,15.1321,26.826,86.704,11.055,239.83,SSP2-4.5
2027-09-06,34.8218,24.45,95.74,9.619,174.49,SSP2-4.5
2027-09-07,1.7012,25.319,93.16,9.772,179.28,SSP2-4.5
2027-09-08,0.0,26.616,86.628,11.258,228.3,SSP2-4.5
2027-09-09,0.0,26.897,85.251,11.898,232.66,SSP2-4.5
2027-09-10,0.1094,26.878,86.869,11.392,226.63,SSP2-4.5
2027-09-11,1.7275,26.62,88.901,13.269,216.61,SSP2-4.5
2027-09-12,0.0884,26.668,88.537,10.521,225.82,SSP2-4.5
2027-09-13,0.0,27.007,87.278,10.837,233.96,SSP2-4.5
2027-09-14,0.0,27.088,84.486,12.524,231.01,SSP2-4.5
2027-09-15,0.0222,27.38,85.065,11.167,255.5,SSP2-4.5
2027-09-16,0.0,27.409,84.502,6.836,242.48,SSP2-4.5
2027-09-17,0.0231,27.974,83.443,6.188,251.75,SSP2-4.5
2027-09-18,0.0,27.941,84.375,6.461,257.79,SSP2-4.5
2027-09-19,8.3669,27.212,88.734,5.576,229.69,SSP2-4.5
2027-09-20,1.73,27.144,89.016,3.616,242.36,SSP2-4.5
2027-09-21,0.0,27.271,85.721,3.697,249.43,SSP2-4.5
2027-09-22,1.6173,27.369,86.674,3.037,245.59,SSP2-4.5
2027-09-23,7.1508,27.181,88.43,3.299,240.32,SSP2-4.5
2027-09-24,0.0,26.938,88.443,3.364,231.05,SSP2-4.5
2027-09-25,14.5138,26.57,90.232,4.547,218.97,SSP2-4.5
2027-09-26,16.503,26.282,92.153,5.259,211.61,SSP2-4.5
2027-09-27,17.6538,26.022,93.993,3.257,194.75,SSP2-4.5
2027-09-28,13.7592,26.196,92.972,1.721,200.55,SSP2-4.5
2027-09-29,18.0472,26.281,92.91,1.93,211.51,SSP2-4.5
2027-09-30,13.2853,26.374,92.072,2.911,212.62,SSP2-4.5
2027-10-01,0.0422,25.866,87.996,3.671,232.44,SSP2-4.5
2027-10-02,0.2611,26.132,84.735,3.283,249.59,SSP2-4.5
2027-10-03,0.0,27.088,80.252,7.124,249.54,SSP2-4.5
2027-10-04,0.0,26.945,74.06,10.934,255.47,SSP2-4.5
2027-10-05,0.0,26.275,73.363,11.635,237.66,SSP2-4.5
2027-10-06,0.0,26.598,73.689,9.707,252.92,SSP2-4.5
2027-10-07,0.0,26.314,78.389,8.391,248.8,SSP2-4.5
2027-10-08,0.0,25.473,84.435,7.592,224.95,SSP2-4.5
2027-10-09,0.0,26.09,79.674,7.083,260.86,SSP2-4.5
2027-10-10,0.0,27.174,77.813,5.905,252.12,SSP2-4.5
2027-10-11,0.0,27.551,75.174,5.83,254.69,SSP2-4.5
2027-10-12,0.0,26.892,80.962,5.467,259.02,SSP2-4.5
2027-10-13,0.0105,25.899,85.462,5.434,226.36,SSP2-4.5
2027-10-14,0.0,25.798,80.623,6.85,239.77,SSP2-4.5
2027-10-15,0.0,25.726,67.967,8.886,235.8,SSP2-4.5
2027-10-16,5.7202,24.8,80.652,8.167,192.1,SSP2-4.5
2027-10-17,0.0,25.584,67.945,9.166,251.57,SSP2-4.5
2027-10-18,0.0,26.196,69.706,9.164,265.01,SSP2-4.5
2027-10-19,0.0,25.808,73.921,10.528,256.54,SSP2-4.5
2027-10-20,0.0,26.178,75.335,8.849,249.53,SSP2-4.5
2027-10-21,0.0,26.22,72.514,8.654,255.51,SSP2-4.5
2027-10-22,0.0,26.213,74.706,5.38,246.53,SSP2-4.5
2027-10-23,0.0,26.002,75.827,3.858,249.66,SSP2-4.5
2027-10-24,0.1905,25.699,77.533,4.417,250.69,SSP2-4.5
2027-10-25,0.0032,25.177,70.961,4.791,246.35,SSP2-4.5
2027-10-26,0.0,25.08,74.264,6.677,234.21,SSP2-4.5
2027-10-27,0.0,25.354,77.194,6.183,250.8,SSP2-4.5
2027-10-28,0.0,25.313,78.97,5.297,247.9,SSP2-4.5
2027-10-29,0.0,25.212,80.577,6.007,229.05,SSP2-4.5
2027-10-30,0.0,25.62,75.603,6.646,237.25,SSP2-4.5
2027-10-31,0.0,25.407,79.572,6.976,231.77,SSP2-4.5
2027-11-01,0.0,25.683,77.874,5.934,222.15,SSP2-4.5
2027-11-02,0.0,24.644,77.469,5.15,205.67,SSP2-4.5
2027-11-03,0.0,24.594,61.708,8.61,219.92,SSP2-4.5
2027-11-04,0.2816,24.439,69.035,10.31,223.59,SSP2-4.5
2027-11-05,11.2843,24.123,83.676,10.467,193.71,SSP2-4.5
2027-11-06,23.0252,23.296,89.047,9.453,170.55,SSP2-4.5
2027-11-07,16.084,23.146,90.294,4.282,163.43,SSP2-4.5
2027-11-08,0.5857,23.806,80.076,7.892,204.17,SSP2-4.5
2027-11-09,0.0,23.891,63.281,7.403,241.74,SSP2-4.5
2027-11-10,0.0,24.206,72.931,3.396,229.01,SSP2-4.5
2027-11-11,0.0,23.953,81.52,7.19,219.7,SSP2-4.5
2027-11-12,0.0,24.342,81.091,6.149,196.94,SSP2-4.5
2027-11-13,0.2698,24.15,80.784,7.92,203.25,SSP2-4.5
2027-11-14,0.0,23.88,80.185,7.279,207.85,SSP2-4.5
2027-11-15,0.0,23.44,60.84,7.547,234.94,SSP2-4.5
2027-11-16,0.0,22.842,56.017,7.649,235.06,SSP2-4.5
2027-11-17,0.0,22.528,54.117,7.033,238.45,SSP2-4.5
2027-11-18,0.0,22.72,58.359,6.217,238.78,SSP2-4.5
2027-11-19,0.0,22.863,60.521,6.479,232.41,SSP2-4.5
2027-11-20,0.0,22.645,55.468,7.705,228.61,SSP2-4.5
2027-11-21,0.0,22.189,55.894,6.729,223.02,SSP2-4.5
2027-11-22,0.0,21.475,50.523,5.637,236.8,SSP2-4.5
2027-11-23,0.0,21.152,45.618,6.4,249.39,SSP2-4.5
2027-11-24,0.0,21.014,50.333,6.486,246.11,SSP2-4.5
2027-11-25,0.0,21.361,54.611,7.308,241.68,SSP2-4.5
2027-11-26,0.0,21.522,54.266,7.678,232.55,SSP2-4.5
2027-11-27,0.0,21.569,51.644,7.683,237.04,SSP2-4.5
2027-11-28,0.0,21.551,51.97,8.95,240.09,SSP2-4.5
2027-11-29,0.0,21.333,45.777,8.59,242.26,SSP2-4.5
2027-11-30,0.0,21.234,48.858,8.465,247.94,SSP2-4.5
2027-12-01,0.0048,22.025,63.582,7.696,215.51,SSP2-4.5
2027-12-02,0.0,22.281,68.362,8.881,190.39,SSP2-4.5
2027-12-03,0.0,22.319,70.054,10.55,196.71,SSP2-4.5
2027-12-04,0.0,23.05,61.222,10.574,213.79,SSP2-4.5
2027-12-05,0.0,22.209,62.01,9.691,180.82,SSP2-4.5
2027-12-06,0.0,21.629,63.842,10.119,189.82,SSP2-4.5
2027-12-07,0.0,21.823,60.049,9.71,198.34,SSP2-4.5
2027-12-08,0.0,22.27,58.077,9.664,220.83,SSP2-4.5
2027-12-09,0.0,22.235,56.725,9.515,219.91,SSP2-4.5
2027-12-10,0.0,22.714,62.191,8.127,186.65,SSP2-4.5
2027-12-11,0.0,21.629,84.284,8.153,131.31,SSP2-4.5
2027-12-12,0.0,21.928,82.72,8.696,144.54,SSP2-4.5
2027-12-13,0.0,22.097,81.364,10.606,150.02,SSP2-4.5
2027-12-14,0.0,22.091,74.645,8.904,181.2,SSP2-4.5
2027-12-15,0.0,22.299,69.591,9.505,186.32,SSP2-4.5
2027-12-16,0.0,21.791,76.994,10.36,163.15,SSP2-4.5
2027-12-17,0.0,21.031,82.379,11.439,116.93,SSP2-4.5
2027-12-18,0.0,21.445,76.248,10.834,165.16,SSP2-4.5
2027-12-19,0.0,19.017,85.577,14.473,118.21,SSP2-4.5
2027-12-20,0.0,18.854,78.838,12.366,134.74,SSP2-4.5
2027-12-21,0.0,10.547,84.432,13.448,116.54,SSP2-4.5
2027-12-22,0.0,19.086,75.29,14.396,149.22,SSP2-4.5
2027-12-23,0.0,17.579,80.098,10.091,154.83,SSP2-4.5
2027-12-24,0.0,19.657,75.159,10.298,175.67,SSP2-4.5
2027-12-25,0.0,20.809,69.262,8.685,188.29,SSP2-4.5
2027-12-26,0.0,20.718,62.872,7.946,196.01,SSP2-4.5
2027-12-27,0.0,20.593,55.052,9.856,213.14,SSP2-4.5
2027-12-28,0.0,20.236,51.267,10.46,212.22,SSP2-4.5
2027-12-29,0.0,19.946,44.313,11.631,220.8,SSP2-4.5
2027-12-30,0.0,19.977,43.818,9.589,196.83,SSP2-4.5
2027-12-31,0.0,19.508,50.365,7.625,181.26,SSP2-4.5
2028-01-01,0.0,20.607,50.241,7.494,198.37,SSP2-4.5
2028-01-02,0.0,21.269,60.743,9.859,182.41,SSP2-4.5
2028-01-03,0.0,19.769,74.791,10.654,157.47,SSP2-4.5
2028-01-04,0.0,21.024,54.549,10.566,228.16,SSP2-4.5
2028-01-05,0.0,20.867,52.984,8.328,226.82,SSP2-4.5
2028-01-06,0.0,21.611,57.591,8.681,223.57,SSP2-4.5
2028-01-07,0.0,22.174,54.23,8.978,216.77,SSP2-4.5
2028-01-08,0.0,22.316,63.721,8.516,204.08,SSP2-4.5
2028-01-09,0.0,22.731,59.76,10.005,211.44,SSP2-4.5
2028-01-10,0.0,22.999,57.367,8.845,223.74,SSP2-4.5
2028-01-11,0.0,22.921,52.723,10.196,237.37,SSP2-4.5
2028-01-12,0.0,22.306,54.764,11.215,246.39,SSP2-4.5
2028-01-13,0.0,23.102,52.286,10.202,246.38,SSP2-4.5
2028-01-14,0.0,23.099,53.164,8.24,234.77,SSP2-4.5
2028-01-15,0.0,23.434,55.052,5.083,234.07,SSP2-4.5
2028-01-16,0.0,23.629,52.045,7.502,233.59,SSP2-4.5
2028-01-17,0.0,22.884,52.081,7.905,236.12,SSP2-4.5
2028-01-18,0.0,23.15,49.401,5.213,240.28,SSP2-4.5
2028-01-19,0.0,23.565,50.981,7.341,237.64,SSP2-4.5
2028-01-20,0.0,24.685,50.858,8.168,234.96,SSP2-4.5
2028-01-21,0.0,24.552,51.837,8.34,235.89,SSP2-4.5
2028-01-22,0.0,24.248,52.637,7.318,235.91,SSP2-4.5
2028-01-23,0.0,23.769,54.623,9.089,224.34,SSP2-4.5
2028-01-24,0.0,24.451,52.294,7.401,242.0,SSP2-4.5
2028-01-25,0.0,24.101,51.359,6.691,237.15,SSP2-4.5
2028-01-26,0.0,23.947,46.313,8.009,248.64,SSP2-4.5
2028-01-27,0.0,23.806,48.2,4.017,238.27,SSP2-4.5
2028-01-28,0.0,23.908,49.416,8.089,250.0,SSP2-4.5
2028-01-29,0.0,24.266,46.83,7.204,254.79,SSP2-4.5
2028-01-30,0.0,24.162,46.574,7.576,255.73,SSP2-4.5
2028-01-31,0.0,23.881,43.243,7.651,265.75,SSP2-4.5
2028-02-01,0.0,23.761,43.885,7.018,260.11,SSP2-4.5
2028-02-02,0.0,24.402,44.527,7.768,254.41,SSP2-4.5
2028-02-03,0.0,24.761,42.372,7.499,259.04,SSP2-4.5
2028-02-04,0.0,24.849,44.099,7.882,255.62,SSP2-4.5
2028-02-05,0.0,24.649,45.13,9.364,251.5,SSP2-4.5
2028-02-06,0.0,24.774,40.582,11.924,257.45,SSP2-4.5
2028-02-07,0.0,24.759,38.902,14.285,271.22,SSP2-4.5
2028-02-08,0.0,24.721,40.701,13.534,274.96,SSP2-4.5
2028-02-09,0.0,24.834,45.059,11.222,268.03,SSP2-4.5
2028-02-10,0.0,26.004,49.444,8.993,242.9,SSP2-4.5
2028-02-11,0.0,25.941,50.098,9.564,262.86,SSP2-4.5
2028-02-12,0.0,25.951,48.885,8.11,264.61,SSP2-4.5
2028-02-13,0.0,25.999,48.07,7.654,267.65,SSP2-4.5
2028-02-14,0.0,26.448,47.553,8.093,267.28,SSP2-4.5
2028-02-15,0.0,26.577,44.805,9.749,268.72,SSP2-4.5
2028-02-16,0.0,26.672,34.534,13.277,268.07,SSP2-4.5
2028-02-17,0.0,26.811,38.103,11.289,260.77,SSP2-4.5
2028-02-18,0.0,26.079,34.152,11.253,281.24,SSP2-4.5
2028-02-19,0.0,25.892,38.152,7.881,281.73,SSP2-4.5
2028-02-20,0.0001,26.507,52.408,12.669,239.11,SSP2-4.5
2028-02-21,0.0052,27.439,47.891,14.023,254.24,SSP2-4.5
2028-02-22,0.0,24.909,59.54,13.022,190.0,SSP2-4.5
2028-02-23,0.0,26.338,50.499,13.742,226.92,SSP2-4.5
2028-02-24,0.0,26.947,45.462,12.641,236.83,SSP2-4.5
2028-02-25,0.0,27.586,39.221,12.558,273.83,SSP2-4.5
2028-02-26,0.0,27.141,41.969,10.241,254.15,SSP2-4.5
2028-02-27,0.0,27.285,42.604,11.385,279.58,SSP2-4.5
2028-02-28,0.0,27.177,43.725,11.768,261.12,SSP2-4.5
2028-02-29,0.0055,24.468,66.271,7.209,178.6,SSP2-4.5
2028-03-01,0.0,27.19,50.159,7.757,251.88,SSP2-4.5
2028-03-02,0.0,27.622,45.521,8.542,270.41,SSP2-4.5
2028-03-03,0.0,28.093,44.294,8.857,274.94,SSP2-4.5
2028-03-04,0.0,28.818,40.227,7.736,267.57,SSP2-4.5
2028-03-05,0.0,28.64,38.561,6.532,243.64,SSP2-4.5
2028-03-06,0.0,28.753,35.949,7.282,273.87,SSP2-4.5
2028-03-07,0.0,27.818,30.53,10.265,277.88,SSP2-4.5
2028-03-08,0.0,27.065,25.722,8.89,322.37,SSP2-4.5
2028-03-09,0.0,26.789,28.907,4.457,319.74,SSP2-4.5
2028-03-10,0.0,27.535,30.659,4.081,317.75,SSP2-4.5
2028-03-11,0.0,27.972,29.281,5.602,316.4,SSP2-4.5
2028-03-12,0.0,28.41,28.318,6.991,313.62,SSP2-4.5
2028-03-13,0.0,28.51,27.882,6.06,301.81,SSP2-4.5
2028-03-14,0.0,28.805,28.952,6.558,290.41,SSP2-4.5
2028-03-15,0.0,29.195,30.185,6.924,261.1,SSP2-4.5
2028-03-16,0.0,29.254,29.671,7.347,298.32,SSP2-4.5
2028-03-17,0.0,29.837,28.807,9.008,291.45,SSP2-4.5
2028-03-18,0.0,29.764,28.753,7.442,272.32,SSP2-4.5
2028-03-19,0.0,29.832,28.136,6.53,300.69,SSP2-4.5
2028-03-20,0.0,29.584,25.389,8.191,311.73,SSP2-4.5
2028-03-21,0.0,29.924,24.644,9.261,303.82,SSP2-4.5
2028-03-22,0.0,29.318,26.158,9.413,260.23,SSP2-4.5
2028-03-23,0.0,29.267,27.578,5.313,272.83,SSP2-4.5
2028-03-24,0.0,29.189,28.517,5.569,278.95,SSP2-4.5
2028-03-25,0.0,29.93,27.115,8.869,312.39,SSP2-4.5
2028-03-26,0.0,30.749,28.041,8.306,298.34,SSP2-4.5
2028-03-27,0.0,30.915,29.663,5.658,304.14,SSP2-4.5
2028-03-28,0.0,30.85,29.132,5.88,313.3,SSP2-4.5
2028-03-29,0.0,30.944,27.492,5.338,309.0,SSP2-4.5
2028-03-30,0.0,30.619,26.355,5.444,318.24,SSP2-4.5
2028-03-31,0.0,30.814,26.369,6.052,323.15,SSP2-4.5
2028-04-01,0.0,30.27,29.343,8.22,316.36,SSP2-4.5
2028-04-02,0.0,31.054,33.179,12.365,303.63,SSP2-4.5
2028-04-03,0.0,29.533,39.996,8.363,221.0,SSP2-4.5
2028-04-04,0.0054,30.748,30.965,7.88,299.49,SSP2-4.5
2028-04-05,0.0019,31.172,31.221,8.302,291.37,SSP2-4.5
2028-04-06,0.0113,31.255,33.148,8.573,289.79,SSP2-4.5
2028-04-07,0.0,30.887,32.821,8.626,282.01,SSP2-4.5
2028-04-08,0.0015,30.964,29.452,8.271,322.41,SSP2-4.5
2028-04-09,0.0,30.799,27.962,8.407,322.36,SSP2-4.5
2028-04-10,0.0,30.88,28.973,6.498,275.26,SSP2-4.5
2028-04-11,0.0,31.124,30.121,4.501,263.32,SSP2-4.5
2028-04-12,0.0,31.773,29.042,4.65,287.82,SSP2-4.5
2028-04-13,0.0,31.701,27.398,3.918,272.9,SSP2-4.5
2028-04-14,0.0,30.923,26.301,6.099,253.49,SSP2-4.5
2028-04-15,0.0,30.884,26.276,4.982,272.71,SSP2-4.5
2028-04-16,0.0,31.272,29.248,5.299,291.27,SSP2-4.5
2028-04-17,0.0,31.382,31.612,4.968,246.83,SSP2-4.5
2028-04-18,0.0,30.978,33.085,4.093,247.91,SSP2-4.5
2028-04-19,0.0558,31.517,31.278,4.737,260.65,SSP2-4.5
2028-04-20,0.0012,32.028,29.693,6.287,305.68,SSP2-4.5
2028-04-21,0.5365,31.713,35.907,6.427,248.19,SSP2-4.5
2028-04-22,0.0113,32.211,30.136,6.977,302.36,SSP2-4.5
2028-04-23,0.0,32.562,28.372,8.994,310.5,SSP2-4.5
2028-04-24,0.0,32.88,27.116,9.578,293.05,SSP2-4.5
2028-04-25,0.0,32.418,23.994,9.447,326.94,SSP2-4.5
2028-04-26,0.0,32.109,23.547,7.879,337.9,SSP2-4.5
2028-04-27,0.2943,31.954,28.086,9.354,282.21,SSP2-4.5
2028-04-28,0.5662,32.556,31.762,8.922,280.96,SSP2-4.5
2028-04-29,0.7712,32.416,32.338,6.823,283.04,SSP2-4.5
2028-04-30,7.2181,29.805,44.178,6.572,254.59,SSP2-4.5
2028-05-01,38.6488,23.549,68.637,4.922,228.6,SSP2-4.5
2028-05-02,0.9357,28.552,56.482,5.341,273.64,SSP2-4.5
2028-05-03,0.0,31.514,40.152,5.455,301.68,SSP2-4.5
2028-05-04,0.0466,32.711,36.357,5.215,296.19,SSP2-4.5
2028-05-05,0.1685,32.74,37.686,5.051,270.84,SSP2-4.5
2028-05-06,0.0841,32.924,35.71,6.221,300.57,SSP2-4.5
2028-05-07,16.1608,31.154,45.108,4.97,264.78,SSP2-4.5
2028-05-08,1.0132,31.668,45.671,4.537,268.54,SSP2-4.5
2028-05-09,0.4033,32.84,39.657,4.264,299.31,SSP2-4.5
2028-05-10,1.5723,32.446,44.054,5.24,287.0,SSP2-4.5
2028-05-11,1.5431,31.593,44.52,4.742,262.29,SSP2-4.5
2028-05-12,0.7355,31.659,43.64,4.415,279.48,SSP2-4.5
2028-05-13,0.8874,31.129,45.757,5.989,279.26,SSP2-4.5
2028-05-14,0.0,32.602,37.148,4.647,301.72,SSP2-4.5
2028-05-15,0.0,33.353,31.224,6.674,326.32,SSP2-4.5
2028-05-16,0.0,33.266,28.194,8.646,309.91,SSP2-4.5
2028-05-17,0.0,33.403,28.713,10.026,315.84,SSP2-4.5
2028-05-18,0.0225,33.353,33.632,7.93,282.66,SSP2-4.5
2028-05-19,0.1509,33.455,36.468,6.098,279.16,SSP2-4.5
2028-05-20,1.7491,31.63,48.248,5.447,243.86,SSP2-4.5
2028-05-21,12.8355,31.254,59.847,5.573,236.62,SSP2-4.5
2028-05-22,7.9564,31.318,57.122,6.302,253.41,SSP2-4.5
2028-05-23,11.8209,31.4,62.121,5.263,255.19,SSP2-4.5
2028-05-24,2.2381,31.21,60.751,6.269,256.85,SSP2-4.5
2028-05-25,0.0,33.23,42.844,9.397,289.5,SSP2-4.5
2028-05-26,0.0,34.093,33.693,12.258,317.01,SSP2-4.5
2028-05-27,0.0,34.239,30.459,11.859,323.94,SSP2-4.5
2028-05-28,0.0,34.537,29.268,12.367,330.76,SSP2-4.5
2028-05-29,0.0,34.82,27.245,12.609,343.66,SSP2-4.5
2028-05-30,0.0,34.809,27.297,11.648,335.35,SSP2-4.5
2028-05-31,0.0,34.965,27.392,10.221,337.97,SSP2-4.5
2028-06-01,0.0,34.662,26.596,11.409,307.47,SSP2-4.5
2028-06-02,0.8168,34.489,31.388,9.89,310.9,SSP2-4.5
2028-06-03,0.4967,33.43,35.491,9.879,282.77,SSP2-4.5
2028-06-04,0.0,34.217,30.494,8.585,313.75,SSP2-4.5
2028-06-05,0.0133,34.541,32.244,8.577,299.2,SSP2-4.5
2028-06-06,0.0,34.646,27.735,9.498,317.51,SSP2-4.5
2028-06-07,0.0,34.896,25.361,9.347,324.51,SSP2-4.5
2028-06-08,0.0,35.063,24.66,8.822,317.23,SSP2-4.5
2028-06-09,0.0,35.698,23.854,9.157,296.88,SSP2-4.5
2028-06-10,0.0162,35.693,25.765,8.554,303.3,SSP2-4.5
2028-06-11,0.0,35.275,29.44,8.386,265.66,SSP2-4.5
2028-06-12,3.186,32.057,50.302,11.637,236.33,SSP2-4.5
2028-06-13,5.12,26.841,74.318,17.722,205.99,SSP2-4.5
2028-06-14,0.8499,31.702,55.052,17.065,300.81,SSP2-4.5
2028-06-15,0.5193,30.834,56.01,13.498,264.45,SSP2-4.5
2028-06-16,0.0,27.641,69.653,13.192,214.91,SSP2-4.5
2028-06-17,0.0,27.769,69.948,12.107,208.99,SSP2-4.5
2028-06-18,1.2907,30.704,60.344,10.405,291.07,SSP2-4.5
2028-06-19,1.5502,29.882,59.717,8.329,266.62,SSP2-4.5
2028-06-20,0.0,31.39,51.818,15.516,303.78,SSP2-4.5
2028-06-21,0.0729,27.734,64.575,16.169,222.48,SSP2-4.5
2028-06-22,0.0972,28.925,60.602,17.002,253.55,SSP2-4.5
2028-06-23,0.2547,28.246,64.632,15.939,239.17,SSP2-4.5
2028-06-24,0.0763,28.573,65.277,15.423,241.36,SSP2-4.5
2028-06-25,0.166,28.51,66.448,15.503,243.18,SSP2-4.5
2028-06-26,0.0,28.863,63.943,17.13,265.27,SSP2-4.5
2028-06-27,0.0,29.265,62.393,17.933,278.19,SSP2-4.5
2028-06-28,0.0,29.21,62.462,17.683,275.81,SSP2-4.5
2028-06-29,0.0,28.584,68.589,16.016,238.84,SSP2-4.5
2028-06-30,0.0,29.009,64.773,15.452,258.03,SSP2-4.5
2028-07-01,2.7392,27.827,76.479,15.735,205.57,SSP2-4.5
2028-07-02,12.6041,27.453,83.465,15.108,199.19,SSP2-4.5
2028-07-03,1.7021,27.466,82.491,14.122,203.31,SSP2-4.5
2028-07-04,0.1689,28.515,75.451,14.878,246.8,SSP2-4.5
2028-07-05,0.0687,27.82,79.514,12.139,222.74,SSP2-4.5
2028-07-06,0.4653,28.172,77.102,13.536,243.11,SSP2-4.5
2028-07-07,3.7586,27.683,80.385,11.306,219.13,SSP2-4.5
2028-07-08,0.0171,27.889,78.79,10.588,218.33,SSP2-4.5
2028-07-09,9.1265,28.191,80.047,13.676,247.4,SSP2-4.5
2028-07-10,4.406,28.235,75.857,14.738,240.74,SSP2-4.5
2028-07-11,8.5107,27.524,86.089,11.023,222.11,SSP2-4.5
2028-07-12,0.0,27.974,79.934,11.855,239.11,SSP2-4.5
2028-07-13,0.178,28.125,78.608,12.073,237.61,SSP2-4.5
2028-07-14,0.0642,28.124,78.447,13.532,228.89,SSP2-4.5
2028-07-15,0.0,28.629,74.88,14.162,254.25,SSP2-4.5
2028-07-16,0.0,28.352,75.694,13.337,241.19,SSP2-4.5
2028-07-17,0.0,29.066,70.86,11.986,276.76,SSP2-4.5
2028-07-18,0.0,29.139,71.892,8.974,253.72,SSP2-4.5
2028-07-19,1.9132,28.969,78.511,6.307,233.71,SSP2-4.5
2028-07-20,0.6609,28.738,81.309,6.137,233.89,SSP2-4.5
2028-07-21,0.0689,28.701,79.374,6.356,236.78,SSP2-4.5
2028-07-22,3.05,27.903,81.737,7.31,237.03,SSP2-4.5
2028-07-23,8.1049,26.65,91.494,6.997,195.78,SSP2-4.5
2028-07-24,0.4436,27.507,83.617,10.117,225.47,SSP2-4.5
2028-07-25,0.5158,27.442,85.681,9.327,222.78,SSP2-4.5
2028-07-26,0.4996,27.828,80.429,10.203,236.39,SSP2-4.5
2028-07-27,2.6288,29.118,78.535,10.171,251.53,SSP2-4.5
2028-07-28,0.0128,29.28,74.905,10.945,272.46,SSP2-4.5
2028-07-29,4.539,28.95,79.027,9.954,251.15,SSP2-4.5
2028-07-30,2.64,27.186,89.612,8.304,200.46,SSP2-4.5
2028-07-31,1.3548,26.872,91.319,8.869,196.09,SSP2-4.5
2028-08-01,0.024,27.337,83.809,11.911,243.52,SSP2-4.5
2028-08-02,0.0,27.793,81.995,13.975,239.64,SSP2-4.5
2028-08-03,0.7517,27.344,83.882,12.455,217.8,SSP2-4.5
2028-08-04,0.4365,27.254,83.745,13.91,235.6,SSP2-4.5
2028-08-05,13.5277,27.086,87.895,10.538,213.88,SSP2-4.5
2028-08-06,26.088,26.676,93.506,9.221,154.38,SSP2-4.5
2028-08-07,21.4537,26.196,93.565,10.18,173.45,SSP2-4.5
2028-08-08,0.0,27.045,90.309,8.54,218.52,SSP2-4.5
2028-08-09,0.0,27.414,86.611,10.889,235.19,SSP2-4.5
2028-08-10,0.0,27.398,85.776,10.281,236.47,SSP2-4.5
2028-08-11,0.0,27.821,82.785,10.586,246.39,SSP2-4.5
2028-08-12,0.0,28.199,82.223,10.577,242.0,SSP2-4.5
2028-08-13,0.7601,26.857,91.056,8.831,194.87,SSP2-4.5
2028-08-14,0.0,27.543,85.766,8.464,251.78,SSP2-4.5
2028-08-15,0.1722,27.309,88.461,6.017,213.59,SSP2-4.5
2028-08-16,0.0,27.888,85.056,8.464,242.2,SSP2-4.5
2028-08-17,0.0,28.071,80.928,8.399,256.62,SSP2-4.5
2028-08-18,0.0,28.249,78.96,9.299,250.49,SSP2-4.5
2028-08-19,0.0,28.386,77.631,10.712,253.29,SSP2-4.5
2028-08-20,2.3767,27.064,84.842,14.546,230.57,SSP2-4.5
2028-08-21,21.6177,26.055,92.281,12.13,160.68,SSP2-4.5
2028-08-22,0.1059,26.715,89.195,14.319,214.86,SSP2-4.5
2028-08-23,9.6124,27.268,85.399,12.989,251.24,SSP2-4.5
2028-08-24,24.6801,26.183,92.833,12.31,147.14,SSP2-4.5
2028-08-25,0.1276,26.779,89.249,10.438,225.88,SSP2-4.5
2028-08-26,0.0311,27.0,88.692,10.612,220.96,SSP2-4.5
2028-08-27,0.0112,27.436,85.103,11.953,241.56,SSP2-4.5
2028-08-28,0.0,26.867,88.373,11.124,212.34,SSP2-4.5
2028-08-29,1.3253,26.664,90.156,11.054,204.89,SSP2-4.5
2028-08-30,0.0,27.226,88.118,9.057,226.94,SSP2-4.5
2028-08-31,0.0,27.576,84.903,10.587,240.23,SSP2-4.5
2028-09-01,0.0,27.79,85.255,11.372,229.51,SSP2-4.5
2028-09-02,0.0,27.389,86.361,12.381,214.11,SSP2-4.5
2028-09-03,0.9173,27.536,84.855,12.165,227.38,SSP2-4.5
2028-09-04,0.2117,27.596,82.845,10.331,229.4,SSP2-4.5
2028-09-05,0.019,27.365,86.561,9.072,218.96,SSP2-4.5
2028-09-06,0.0,28.008,75.955,9.513,263.83,SSP2-4.5
2028-09-07,0.0,28.362,75.811,8.022,259.13,SSP2-4.5
2028-09-08,0.0,28.489,74.725,8.131,255.56,SSP2-4.5
2028-09-09,0.0,28.938,69.733,9.185,281.32,SSP2-4.5
2028-09-10,0.0,28.871,67.489,9.567,283.15,SSP2-4.5
2028-09-11,0.0,28.537,64.723,10.638,264.33,SSP2-4.5
2028-09-12,0.0,28.391,65.45,11.747,252.07,SSP2-4.5
2028-09-13,0.0,28.041,75.394,13.235,233.09,SSP2-4.5
2028-09-14,0.0,29.174,62.794,15.166,274.36,SSP2-4.5
2028-09-15,1.491,29.097,67.441,14.833,249.96,SSP2-4.5
2028-09-16,0.0,28.237,71.562,16.003,239.7,SSP2-4.5
2028-09-17,0.0,28.707,63.423,15.767,264.47,SSP2-4.5
2028-09-18,0.0,28.569,62.915,14.129,245.49,SSP2-4.5
2028-09-19,1.115,27.795,79.251,9.537,223.4,SSP2-4.5
2028-09-20,0.0,28.211,76.533,7.645,234.23,SSP2-4.5
2028-09-21,0.0,29.048,70.929,6.955,254.17,SSP2-4.5
2028-09-22,0.0,31.131,61.348,5.231,266.62,SSP2-4.5
2028-09-23,0.0,31.687,56.627,5.687,264.12,SSP2-4.5
2028-09-24,0.0,31.792,56.24,6.067,267.41,SSP2-4.5
2028-09-25,0.0,27.572,70.932,4.115,208.24,SSP2-4.5
2028-09-26,0.0,30.203,47.289,5.376,290.17,SSP2-4.5
2028-09-27,0.0,29.895,53.313,4.546,235.13,SSP2-4.5
2028-09-28,0.0,29.237,47.306,5.534,276.67,SSP2-4.5
2028-09-29,0.0,30.835,47.156,8.325,237.03,SSP2-4.5
2028-09-30,0.0,28.637,49.169,9.314,232.85,SSP2-4.5
2028-10-01,0.0,30.219,47.045,9.061,263.12,SSP2-4.5
2028-10-02,0.0081,26.41,62.551,6.479,208.41,SSP2-4.5
2028-10-03,0.0,27.741,53.885,6.011,259.08,SSP2-4.5
2028-10-04,0.5069,29.683,48.74,5.374,245.1,SSP2-4.5
2028-10-05,0.0781,28.187,47.683,5.323,247.35,SSP2-4.5
2028-10-06,0.0,29.432,49.099,6.399,237.47,SSP2-4.5
2028-10-07,0.0056,28.135,40.896,6.23,266.53,SSP2-4.5
2028-10-08,0.0,28.108,39.484,6.355,262.68,SSP2-4.5
2028-10-09,0.0,27.889,38.127,5.283,253.48,SSP2-4.5
2028-10-10,0.0,27.768,38.379,4.912,221.82,SSP2-4.5
2028-10-11,0.0,28.173,36.029,5.373,227.06,SSP2-4.5
2028-10-12,0.0,27.574,34.774,5.614,248.99,SSP2-4.5
2028-10-13,0.0,27.896,40.248,6.811,221.74,SSP2-4.5
2028-10-14,0.0,29.668,52.84,6.674,224.48,SSP2-4.5
2028-10-15,0.0,29.679,46.59,7.751,251.04,SSP2-4.5
2028-10-16,0.0,29.973,43.841,8.592,255.15,SSP2-4.5
2028-10-17,0.0,28.464,36.545,9.046,247.23,SSP2-4.5
2028-10-18,0.0,29.802,41.522,9.841,218.81,SSP2-4.5
2028-10-19,0.0,28.984,43.206,9.716,239.01,SSP2-4.5
2028-10-20,0.0,28.144,47.149,8.953,216.62,SSP2-4.5
2028-10-21,0.0,28.632,46.136,8.864,222.58,SSP2-4.5
2028-10-22,0.0,28.516,40.775,9.171,242.19,SSP2-4.5
2028-10-23,0.082,29.609,38.276,9.625,229.21,SSP2-4.5
2028-10-24,0.3494,30.681,38.4,9.562,221.04,SSP2-4.5
2028-10-25,0.2265,30.328,40.832,7.039,199.45,SSP2-4.5
2028-10-26,0.0787,29.266,36.304,7.075,221.92,SSP2-4.5
2028-10-27,7.5319,29.831,41.331,6.578,211.23,SSP2-4.5
2028-10-28,21.1717,30.177,54.378,6.395,205.03,SSP2-4.5
2028-10-29,46.0553,23.392,91.566,6.342,146.75,SSP2-4.5
2028-10-30,0.0678,26.169,77.007,3.663,199.25,SSP2-4.5
2028-10-31,0.0,27.534,56.758,7.177,237.25,SSP2-4.5
2028-11-01,0.42,27.872,55.035,8.993,237.87,SSP2-4.5
2028-11-02,0.0,27.708,45.921,8.374,238.07,SSP2-4.5
2028-11-03,0.0,27.565,47.275,8.142,228.53,SSP2-4.5
2028-11-04,0.0,27.403,42.791,8.319,232.74,SSP2-4.5
2028-11-05,0.0,27.197,36.485,7.623,226.06,SSP2-4.5
2028-11-06,0.0,27.329,40.401,9.822,237.55,SSP2-4.5
2028-11-07,0.0,26.486,49.241,9.863,194.42,SSP2-4.5
2028-11-08,0.0,25.131,46.444,9.879,192.59,SSP2-4.5
2028-11-09,0.0,25.148,34.585,7.49,241.14,SSP2-4.5
2028-11-10,0.0,26.024,33.908,8.369,240.49,SSP2-4.5
2028-11-11,0.0523,28.581,34.14,8.971,229.18,SSP2-4.5
2028-11-12,0.071,29.157,35.391,9.933,216.77,SSP2-4.5
2028-11-13,0.0025,27.438,29.922,7.092,232.25,SSP2-4.5
2028-11-14,0.0,27.62,31.528,9.505,226.54,SSP2-4.5
2028-11-15,0.0,26.391,30.253,8.139,206.57,SSP2-4.5
2028-11-16,0.0,26.393,23.368,7.902,240.36,SSP2-4.5
2028-11-17,0.0,24.939,21.498,8.26,231.26,SSP2-4.5
2028-11-18,0.0,25.964,28.073,7.66,181.22,SSP2-4.5
2028-11-19,0.0,26.155,29.982,7.147,218.96,SSP2-4.5
2028-11-20,0.0,24.966,21.32,8.482,230.96,SSP2-4.5
2028-11-21,0.0,24.533,19.239,7.186,248.83,SSP2-4.5
2028-11-22,0.0,24.953,23.579,7.422,224.48,SSP2-4.5
2028-11-23,0.0,25.195,24.172,8.919,238.65,SSP2-4.5
2028-11-24,0.0,26.441,25.933,11.045,222.3,SSP2-4.5
2028-11-25,0.0386,23.019,45.927,8.194,139.39,SSP2-4.5
2028-11-26,0.0,23.215,53.312,6.394,187.58,SSP2-4.5
2028-11-27,0.0,25.206,37.138,8.734,220.89,SSP2-4.5
2028-11-28,0.0,25.994,31.942,9.505,215.92,SSP2-4.5
2028-11-29,0.0,25.364,27.112,8.674,213.13,SSP2-4.5
2028-11-30,0.0,24.785,21.56,10.243,234.14,SSP2-4.5
2028-12-01,0.0,24.096,18.979,9.592,237.75,SSP2-4.5
2028-12-02,0.0,23.545,18.445,9.389,228.34,SSP2-4.5
2028-12-03,0.0,23.18,17.373,9.005,241.92,SSP2-4.5
2028-12-04,0.0,22.594,18.689,9.138,243.7,SSP2-4.5
2028-12-05,0.0,21.865,18.115,9.196,246.36,SSP2-4.5
2028-12-06,0.0,21.382,17.499,8.172,239.95,SSP2-4.5
2028-12-07,0.0,21.499,18.587,6.444,232.98,SSP2-4.5
2028-12-08,0.0,22.849,21.54,9.044,211.45,SSP2-4.5
2028-12-09,0.0,25.356,25.444,11.008,207.92,SSP2-4.5
2028-12-10,0.0,24.61,28.408,9.767,202.52,SSP2-4.5
2028-12-11,0.0,23.584,33.76,8.038,179.72,SSP2-4.5
2028-12-12,0.0,24.004,32.671,8.145,188.6,SSP2-4.5
2028-12-13,0.0,25.206,28.132,10.068,220.24,SSP2-4.5
2028-12-14,0.0,26.027,27.947,9.631,210.44,SSP2-4.5
2028-12-15,0.0,25.066,34.424,9.819,183.66,SSP2-4.5
2028-12-16,0.0,23.405,44.598,10.388,176.56,SSP2-4.5
2028-12-17,0.0,24.443,37.674,10.04,198.95,SSP2-4.5
2028-12-18,0.0,23.215,46.101,9.691,171.34,SSP2-4.5
2028-12-19,0.0,22.213,37.266,10.568,174.23,SSP2-4.5
2028-12-20,0.0,23.155,30.152,10.323,215.11,SSP2-4.5
2028-12-21,0.0,24.499,29.989,9.714,230.7,SSP2-4.5
2028-12-22,0.0,25.769,33.301,8.984,208.97,SSP2-4.5
2028-12-23,0.0,25.49,35.263,11.874,209.59,SSP2-4.5
2028-12-24,0.0,23.388,45.033,11.167,164.71,SSP2-4.5
2028-12-25,0.0,25.637,38.375,11.416,219.58,SSP2-4.5
2028-12-26,0.0,25.654,35.64,12.519,220.81,SSP2-4.5
2028-12-27,0.0,25.111,35.975,11.523,216.3,SSP2-4.5
2028-12-28,0.0,24.458,38.836,12.592,203.95,SSP2-4.5
2028-12-29,0.0,25.126,35.622,12.648,228.69,SSP2-4.5
2028-12-30,0.0,26.225,37.7,12.523,215.58,SSP2-4.5
2028-12-31,0.0,25.87,40.877,9.412,214.18,SSP2-4.5
2029-01-01,0.0,25.527,41.182,11.516,223.4,SSP2-4.5
2029-01-02,0.0,25.494,43.722,13.252,214.58,SSP2-4.5
2029-01-03,0.0,24.5,48.735,11.354,181.85,SSP2-4.5
2029-01-04,0.0,24.67,47.079,8.325,207.63,SSP2-4.5
2029-01-05,0.0,24.937,39.239,9.206,227.23,SSP2-4.5
2029-01-06,0.0,25.32,37.143,10.154,230.16,SSP2-4.5
2029-01-07,0.0,25.002,37.262,11.669,227.41,SSP2-4.5
2029-01-08,0.0,24.448,35.265,10.815,242.12,SSP2-4.5
2029-01-09,0.0,23.652,37.27,8.668,208.33,SSP2-4.5
2029-01-10,0.0,23.353,29.051,6.948,238.16,SSP2-4.5
2029-01-11,0.0,24.442,29.198,8.521,241.17,SSP2-4.5
2029-01-12,0.0,25.831,29.41,10.819,224.51,SSP2-4.5
2029-01-13,0.0,26.026,27.626,8.736,226.52,SSP2-4.5
2029-01-14,0.0,25.515,25.745,8.853,227.14,SSP2-4.5
2029-01-15,0.0,24.757,23.924,10.583,247.3,SSP2-4.5
2029-01-16,0.0,25.742,28.518,12.108,245.07,SSP2-4.5
2029-01-17,0.0,26.641,31.194,10.881,240.74,SSP2-4.5
2029-01-18,0.0,26.381,28.513,9.736,242.43,SSP2-4.5
2029-01-19,0.0,25.891,29.681,8.836,244.85,SSP2-4.5
2029-01-20,0.0,26.095,28.156,6.833,243.2,SSP2-4.5
2029-01-21,0.0,26.668,24.921,8.38,246.94,SSP2-4.5
2029-01-22,0.0,26.381,30.712,11.043,243.03,SSP2-4.5
2029-01-23,0.0,26.446,32.628,11.401,245.4,SSP2-4.5
2029-01-24,0.0,26.224,28.128,10.08,252.67,SSP2-4.5
2029-01-25,0.0,25.859,25.815,9.883,253.52,SSP2-4.5
2029-01-26,0.0,26.106,21.089,12.647,254.49,SSP2-4.5
2029-01-27,0.0,26.278,25.33,12.459,223.57,SSP2-4.5
2029-01-28,0.0,25.703,26.577,10.735,259.33,SSP2-4.5
2029-01-29,0.0,26.475,26.847,11.634,247.88,SSP2-4.5
2029-01-30,0.0,26.846,27.505,12.535,254.22,SSP2-4.5
2029-01-31,0.0,26.652,28.247,12.989,251.38,SSP2-4.5
2029-02-01,0.0,26.534,25.744,13.731,258.75,SSP2-4.5
2029-02-02,0.0,26.272,27.143,13.824,271.97,SSP2-4.5
2029-02-03,0.0,27.12,31.224,14.457,259.65,SSP2-4.5
2029-02-04,0.0,27.346,30.78,13.815,258.81,SSP2-4.5
2029-02-05,0.0,27.516,31.928,15.391,246.2,SSP2-4.5
2029-02-06,0.0,27.978,33.812,14.714,243.34,SSP2-4.5
2029-02-07,0.0,28.045,35.168,13.299,250.73,SSP2-4.5
2029-02-08,0.0,27.495,37.663,13.109,241.31,SSP2-4.5
2029-02-09,0.0,27.406,36.338,8.827,246.2,SSP2-4.5
2029-02-10,0.0,27.765,31.356,10.763,260.9,SSP2-4.5
2029-02-11,0.0,28.289,29.181,12.927,264.72,SSP2-4.5
2029-02-12,0.0,28.226,27.944,11.92,238.75,SSP2-4.5
2029-02-13,0.0,27.84,31.034,9.819,218.16,SSP2-4.5
2029-02-14,0.0,27.814,27.873,9.85,260.83,SSP2-4.5
2029-02-15,0.0,28.865,27.802,10.817,206.69,SSP2-4.5
2029-02-16,0.0,28.674,23.478,12.489,262.65,SSP2-4.5
2029-02-17,0.0,29.47,21.757,12.338,231.04,SSP2-4.5
2029-02-18,0.0,29.925,24.611,11.759,216.11,SSP2-4.5
2029-02-19,0.0,29.965,26.352,12.081,226.25,SSP2-4.5
2029-02-20,0.0,30.063,24.82,13.389,224.36,SSP2-4.5
2029-02-21,0.0007,30.766,25.892,12.28,224.44,SSP2-4.5
2029-02-22,0.0,27.494,35.065,9.33,202.9,SSP2-4.5
2029-02-23,0.2111,30.036,37.953,11.045,228.29,SSP2-4.5
2029-02-24,0.0,30.253,32.808,12.481,240.0,SSP2-4.5
2029-02-25,0.0851,29.893,36.061,11.694,224.58,SSP2-4.5
2029-02-26,0.0643,30.479,35.581,12.061,221.64,SSP2-4.5
2029-02-27,0.0,28.834,23.984,9.965,280.65,SSP2-4.5
2029-02-28,0.0,28.34,19.325,7.908,276.92,SSP2-4.5
2029-03-01,0.0,28.126,16.531,12.095,296.32,SSP2-4.5
2029-03-02,0.0,29.058,15.502,14.899,302.55,SSP2-4.5
2029-03-03,0.0,28.384,12.219,11.415,314.05,SSP2-4.5
2029-03-04,0.0,27.982,18.002,10.145,307.9,SSP2-4.5
2029-03-05,0.0,29.827,24.342,12.522,290.24,SSP2-4.5
2029-03-06,0.0005,31.326,26.019,14.156,257.07,SSP2-4.5
2029-03-07,0.1239,31.451,32.521,13.845,238.05,SSP2-4.5
2029-03-08,0.0278,29.119,37.203,8.153,206.16,SSP2-4.5
2029-03-09,0.0052,30.207,35.196,6.283,237.43,SSP2-4.5
2029-03-10,0.0,31.518,26.738,8.108,266.52,SSP2-4.5
2029-03-11,0.0,31.272,25.435,9.005,263.61,SSP2-4.5
2029-03-12,0.0,32.328,24.093,9.121,257.96,SSP2-4.5
2029-03-13,0.0,31.645,22.484,8.144,272.22,SSP2-4.5
2029-03-14,0.0,30.898,19.731,8.363,272.04,SSP2-4.5
2029-03-15,0.0,31.486,19.504,11.768,280.6,SSP2-4.5
2029-03-16,0.0,31.071,19.708,12.403,311.35,SSP2-4.5
2029-03-17,0.0,30.811,21.128,13.791,311.53,SSP2-4.5
2029-03-18,0.0,31.234,19.02,14.716,309.78,SSP2-4.5
2029-03-19,0.0,30.525,16.548,14.893,320.64,SSP2-4.5
2029-03-20,0.0,29.73,17.183,10.391,318.2,SSP2-4.5
2029-03-21,0.0,30.228,18.73,10.357,311.81,SSP2-4.5
2029-03-22,0.0,31.835,18.918,10.324,268.33,SSP2-4.5
2029-03-23,0.0,32.641,18.285,7.748,288.47,SSP2-4.5
2029-03-24,0.0,32.672,21.44,9.584,284.69,SSP2-4.5
2029-03-25,0.0,32.926,21.891,12.446,270.57,SSP2-4.5
2029-03-26,0.0,33.15,23.614,10.914,245.82,SSP2-4.5
2029-03-27,0.0,32.291,20.012,7.706,295.66,SSP2-4.5
2029-03-28,0.0,34.037,20.113,9.378,279.59,SSP2-4.5
2029-03-29,0.0,33.503,23.536,10.72,287.77,SSP2-4.5
2029-03-30,6.6596,32.766,31.6,10.694,269.0,SSP2-4.5
2029-03-31,0.6055,28.37,49.193,12.976,197.05,SSP2-4.5
2029-04-01,1.0526,31.148,36.945,12.509,273.17,SSP2-4.5
2029-04-02,0.66,31.476,36.309,13.086,259.55,SSP2-4.5
2029-04-03,0.0068,31.619,33.706,10.505,249.64,SSP2-4.5
2029-04-04,0.0214,31.97,29.178,9.649,263.76,SSP2-4.5
2029-04-05,0.0,32.074,23.126,10.406,323.37,SSP2-4.5
2029-04-06,0.0,32.356,21.993,6.011,269.27,SSP2-4.5
2029-04-07,0.0,32.199,25.44,9.127,274.59,SSP2-4.5
2029-04-08,0.2548,32.524,26.243,8.977,302.11,SSP2-4.5
2029-04-09,0.0167,32.43,24.148,10.517,314.01,SSP2-4.5
2029-04-10,0.005,32.452,22.343,9.466,307.48,SSP2-4.5
2029-04-11,0.0007,32.61,23.879,9.075,302.45,SSP2-4.5
2029-04-12,0.0131,33.057,23.883,10.909,283.69,SSP2-4.5
2029-04-13,0.0137,33.178,23.262,12.669,299.36,SSP2-4.5
2029-04-14,0.0439,31.956,28.471,10.217,224.07,SSP2-4.5
2029-04-15,4.7171,33.039,30.95,8.66,265.97,SSP2-4.5
2029-04-16,36.9351,30.995,47.782,5.127,244.72,SSP2-4.5
2029-04-17,39.4085,29.163,58.653,9.724,247.89,SSP2-4.5
2029-04-18,22.148,27.935,56.288,9.792,258.85,SSP2-4.5
2029-04-19,1.2436,29.218,52.686,10.813,261.04,SSP2-4.5
2029-04-20,0.0,31.315,36.835,6.956,325.02,SSP2-4.5
2029-04-21,0.0,31.916,30.308,6.018,333.64,SSP2-4.5
2029-04-22,0.0,32.049,28.679,6.956,338.25,SSP2-4.5
2029-04-23,0.0,32.184,26.235,7.435,340.08,SSP2-4.5
2029-04-24,0.0,32.225,22.982,9.21,340.74,SSP2-4.5
2029-04-25,0.0,32.379,21.004,10.458,336.35,SSP2-4.5
2029-04-26,0.0,32.834,21.043,10.71,324.38,SSP2-4.5
2029-04-27,0.0,34.186,22.288,11.687,291.52,SSP2-4.5
2029-04-28,0.3784,33.882,25.1,7.144,260.26,SSP2-4.5
2029-04-29,0.1979,34.008,23.773,6.067,301.81,SSP2-4.5
2029-04-30,0.0,33.929,23.238,8.444,282.03,SSP2-4.5
2029-05-01,0.0,33.471,22.135,6.534,274.14,SSP2-4.5
2029-05-02,0.0,33.625,21.347,7.097,284.3,SSP2-4.5
2029-05-03,0.0,34.176,21.792,6.453,272.64,SSP2-4.5
2029-05-04,0.0038,33.988,24.313,5.939,288.18,SSP2-4.5
2029-05-05,0.5192,30.56,34.868,4.24,208.33,SSP2-4.5
2029-05-06,0.0,33.084,26.668,5.573,276.37,SSP2-4.5
2029-05-07,0.2179,34.164,26.227,8.353,272.45,SSP2-4.5
2029-05-08,1.0114,34.021,28.493,6.232,285.99,SSP2-4.5
2029-05-09,0.2736,32.876,33.803,5.713,231.55,SSP2-4.5
2029-05-10,1.2312,34.012,30.681,7.718,277.48,SSP2-4.5
2029-05-11,0.0485,32.074,35.667,7.944,217.5,SSP2-4.5
2029-05-12,0.0,33.797,27.415,7.764,332.23,SSP2-4.5
2029-05-13,0.0,34.377,26.84,9.007,312.5,SSP2-4.5
2029-05-14,0.0,34.79,26.488,8.194,259.92,SSP2-4.5
2029-05-15,0.946,33.526,33.47,10.341,246.14,SSP2-4.5
2029-05-16,0.4618,33.775,35.326,6.555,282.49,SSP2-4.5
2029-05-17,0.384,33.615,35.656,6.336,264.81,SSP2-4.5
2029-05-18,0.4835,33.972,33.576,4.826,285.11,SSP2-4.5
2029-05-19,1.8407,33.819,35.799,5.902,277.15,SSP2-4.5
2029-05-20,4.9353,33.42,41.141,5.855,274.16,SSP2-4.5
2029-05-21,0.6517,33.836,38.332,6.554,277.95,SSP2-4.5
2029-05-22,0.0,34.254,33.144,6.267,304.38,SSP2-4.5
2029-05-23,0.0,34.75,29.66,6.976,309.91,SSP2-4.5
2029-05-24,0.0,34.993,25.742,6.186,280.4,SSP2-4.5
2029-05-25,0.0,35.155,22.731,7.301,312.86,SSP2-4.5
2029-05-26,0.3764,35.342,25.327,8.506,302.87,SSP2-4.5
2029-05-27,0.0,32.771,37.094,7.738,240.49,SSP2-4.5
2029-05-28,0.0,34.325,28.161,7.236,289.13,SSP2-4.5
2029-05-29,0.0,35.359,23.827,10.244,303.46,SSP2-4.5
2029-05-30,0.0,35.861,23.927,12.794,299.25,SSP2-4.5
2029-05-31,0.0,35.433,25.875,16.392,296.11,SSP2-4.5
2029-06-01,0.0,35.014,26.432,12.442,299.74,SSP2-4.5
2029-06-02,0.0,34.851,25.602,14.55,321.45,SSP2-4.5
2029-06-03,6.0316,34.646,30.53,15.313,321.91,SSP2-4.5
2029-06-04,18.9746,30.183,58.53,15.509,231.35,SSP2-4.5
2029-06-05,17.4469,27.452,76.1,11.675,185.59,SSP2-4.5
2029-06-06,0.1775,30.367,59.576,12.805,256.79,SSP2-4.5
2029-06-07,0.0,30.984,54.064,11.233,287.72,SSP2-4.5
2029-06-08,0.0,30.475,57.105,12.505,269.44,SSP2-4.5
2029-06-09,0.0,31.292,48.798,12.89,286.98,SSP2-4.5
2029-06-10,0.0,30.507,50.366,14.975,266.68,SSP2-4.5
2029-06-11,0.0,29.99,53.404,15.678,263.67,SSP2-4.5
2029-06-12,0.8234,29.26,62.319,15.323,279.65,SSP2-4.5
2029-06-13,0.2999,28.648,68.926,12.635,242.39,SSP2-4.5
2029-06-14,0.0,30.455,58.932,12.023,298.56,SSP2-4.5
2029-06-15,0.0,31.02,55.415,13.334,284.15,SSP2-4.5
2029-06-16,0.0239,31.373,52.801,12.093,267.93,SSP2-4.5
2029-06-17,0.4949,30.155,58.675,12.702,261.94,SSP2-4.5
2029-06-18,0.0541,31.78,51.341,13.873,294.65,SSP2-4.5
2029-06-19,0.0,32.642,45.014,14.035,312.67,SSP2-4.5
2029-06-20,0.0,32.667,44.859,14.623,299.93,SSP2-4.5
2029-06-21,0.0,32.943,43.942,14.688,307.21,SSP2-4.5
2029-06-22,0.0,33.911,38.069,12.777,317.68,SSP2-4.5
2029-06-23,0.0092,34.459,40.55,13.61,291.24,SSP2-4.5
2029-06-24,0.0,33.618,41.49,11.286,276.56,SSP2-4.5
2029-06-25,0.0051,31.149,47.099,9.92,241.7,SSP2-4.5
2029-06-26,6.82,33.349,47.875,11.947,282.75,SSP2-4.5
2029-06-27,6.5568,29.784,62.279,9.611,231.88,SSP2-4.5
2029-06-28,7.742,29.224,69.974,9.897,253.02,SSP2-4.5
2029-06-29,0.0284,27.225,85.41,6.728,203.83,SSP2-4.5
2029-06-30,0.0,29.123,69.135,6.151,285.47,SSP2-4.5
2029-07-01,0.1254,30.766,61.499,4.882,282.17,SSP2-4.5
2029-07-02,3.0323,30.746,64.871,4.685,265.33,SSP2-4.5
2029-07-03,3.336,29.768,73.594,5.81,253.36,SSP2-4.5
2029-07-04,11.1461,29.232,80.24,5.979,245.86,SSP2-4.5
2029-07-05,0.0,30.023,67.678,9.549,277.07,SSP2-4.5
2029-07-06,0.0556,30.116,66.005,11.852,270.9,SSP2-4.5
2029-07-07,21.1438,28.644,76.299,12.832,226.65,SSP2-4.5
2029-07-08,27.8047,27.485,91.49,8.388,199.95,SSP2-4.5
2029-07-09,21.1833,27.365,91.49,9.961,201.57,SSP2-4.5
2029-07-10,7.5878,27.85,87.162,9.031,215.31,SSP2-4.5
2029-07-11,0.0,28.28,79.761,13.509,251.09,SSP2-4.5
2029-07-12,0.4732,28.668,79.154,14.696,243.95,SSP2-4.5
2029-07-13,6.6785,27.479,88.08,14.752,206.98,SSP2-4.5
2029-07-14,16.3826,27.117,91.025,14.167,187.25,SSP2-4.5
2029-07-15,5.1667,27.1,90.824,13.433,201.18,SSP2-4.5
2029-07-16,12.0318,27.771,88.128,11.703,222.42,SSP2-4.5
2029-07-17,4.5615,27.637,88.662,12.756,213.29,SSP2-4.5
2029-07-18,13.7473,27.135,90.796,10.201,175.18,SSP2-4.5
2029-07-19,0.0165,27.86,87.661,7.943,234.6,SSP2-4.5
2029-07-20,0.6674,28.394,85.368,5.221,260.92,SSP2-4.5
2029-07-21,15.2353,27.701,90.961,3.822,222.87,SSP2-4.5
2029-07-22,10.6793,27.693,90.372,5.208,224.97,SSP2-4.5
2029-07-23,0.0705,28.07,86.36,6.596,239.29,SSP2-4.5
2029-07-24,0.0,28.392,83.298,8.061,239.91,SSP2-4.5
2029-07-25,0.0,28.763,79.417,8.225,266.79,SSP2-4.5
2029-07-26,0.0,29.0,80.587,5.221,258.96,SSP2-4.5
2029-07-27,0.0,28.56,85.314,4.694,234.11,SSP2-4.5
2029-07-28,7.8706,27.994,89.255,5.565,229.29,SSP2-4.5
2029-07-29,0.4852,27.999,88.234,3.707,229.47,SSP2-4.5
2029-07-30,0.632,28.398,87.033,4.731,228.74,SSP2-4.5
2029-07-31,11.9376,27.969,89.66,4.829,223.94,SSP2-4.5
2029-08-01,13.5971,27.625,90.014,5.843,225.4,SSP2-4.5
2029-08-02,25.1103,26.815,92.872,5.135,210.15,SSP2-4.5
2029-08-03,26.4652,27.005,92.076,6.875,224.51,SSP2-4.5
2029-08-04,0.8338,27.52,88.071,7.741,242.76,SSP2-4.5
2029-08-05,0.5526,27.337,87.711,8.399,223.36,SSP2-4.5
2029-08-06,0.8725,27.346,87.489,9.847,227.41,SSP2-4.5
2029-08-07,9.5161,27.076,88.798,11.334,225.2,SSP2-4.5
2029-08-08,0.3199,27.324,87.293,11.162,235.03,SSP2-4.5
2029-08-09,2.2145,27.516,86.644,11.07,237.32,SSP2-4.5
2029-08-10,3.658,27.139,89.122,11.384,224.31,SSP2-4.5
2029-08-11,16.2743,27.036,89.918,11.548,218.3,SSP2-4.5
2029-08-12,6.3947,26.866,91.65,10.219,204.84,SSP2-4.5
2029-08-13,0.8759,27.393,85.833,10.606,236.94,SSP2-4.5
2029-08-14,0.462,27.715,83.202,10.712,270.62,SSP2-4.5
2029-08-15,0.0472,27.232,86.178,8.944,227.49,SSP2-4.5
2029-08-16,0.0,27.968,79.934,10.662,281.35,SSP2-4.5
2029-08-17,0.0,27.937,80.356,11.672,253.22,SSP2-4.5
2029-08-18,0.7059,27.183,84.282,11.961,221.77,SSP2-4.5
2029-08-19,0.2224,27.564,81.933,11.203,250.68,SSP2-4.5
2029-08-20,0.0022,27.748,81.905,9.883,259.23,SSP2-4.5
2029-08-21,4.9691,27.523,86.618,8.881,234.38,SSP2-4.5
2029-08-22,21.5716,26.878,91.773,9.04,211.54,SSP2-4.5
2029-08-23,17.5093,26.797,92.73,7.972,201.36,SSP2-4.5
2029-08-24,8.0331,26.795,91.192,9.267,214.61,SSP2-4.5
2029-08-25,26.6004,26.677,93.628,8.634,202.39,SSP2-4.5
2029-08-26,1.2183,26.683,92.592,7.635,212.0,SSP2-4.5
2029-08-27,0.7595,27.161,88.527,7.685,238.57,SSP2-4.5
2029-08-28,0.0764,27.315,88.01,3.807,240.31,SSP2-4.5
2029-08-29,0.4257,27.568,86.555,4.937,250.65,SSP2-4.5
2029-08-30,1.2439,27.307,89.782,3.314,231.46,SSP2-4.5
2029-08-31,0.2358,27.368,88.856,4.213,234.75,SSP2-4.5
2029-09-01,0.0,27.833,84.077,7.706,252.05,SSP2-4.5
2029-09-02,0.0,27.826,81.139,9.503,267.92,SSP2-4.5
2029-09-03,6.6384,27.379,88.64,10.037,241.71,SSP2-4.5
2029-09-04,0.0,27.478,87.472,9.239,237.08,SSP2-4.5
2029-09-05,0.0,27.648,85.698,7.354,245.18,SSP2-4.5
2029-09-06,0.0,28.177,80.359,4.58,262.88,SSP2-4.5
2029-09-07,0.0,29.106,79.606,6.877,263.98,SSP2-4.5
2029-09-08,0.0,28.828,79.676,6.676,257.45,SSP2-4.5
2029-09-09,0.0,27.947,86.361,8.883,221.7,SSP2-4.5
2029-09-10,11.7684,27.778,88.131,8.595,225.55,SSP2-4.5
2029-09-11,35.3976,27.185,92.792,6.155,209.58,SSP2-4.5
2029-09-12,6.6875,27.117,92.852,7.682,205.24,SSP2-4.5
2029-09-13,0.0106,27.735,84.474,4.476,244.68,SSP2-4.5
2029-09-14,3.6518,28.06,85.266,3.731,249.51,SSP2-4.5
2029-09-15,7.4434,27.618,88.533,4.125,233.1,SSP2-4.5
2029-09-16,0.0,27.942,82.57,5.863,262.42,SSP2-4.5
2029-09-17,2.2971,27.876,85.767,10.008,239.12,SSP2-4.5
2029-09-18,5.076,27.67,88.784,10.16,210.69,SSP2-4.5
2029-09-19,30.5643,27.12,89.867,15.296,203.84,SSP2-4.5
2029-09-20,41.8817,26.699,95.427,10.78,163.48,SSP2-4.5
2029-09-21,9.4755,26.711,92.646,11.224,190.76,SSP2-4.5
2029-09-22,18.8747,26.368,89.629,13.992,173.17,SSP2-4.5
2029-09-23,18.8002,26.669,87.662,14.999,198.73,SSP2-4.5
2029-09-24,0.3857,26.975,85.989,14.89,213.44,SSP2-4.5
2029-09-25,14.7681,27.054,87.925,15.756,213.3,SSP2-4.5
2029-09-26,0.0,27.457,83.024,11.347,241.32,SSP2-4.5
2029-09-27,0.0,27.474,80.445,9.69,241.5,SSP2-4.5
2029-09-28,6.5294,27.353,84.797,10.062,222.19,SSP2-4.5
2029-09-29,17.3845,26.547,90.292,8.688,167.13,SSP2-4.5
2029-09-30,1.3682,27.006,85.244,8.432,233.47,SSP2-4.5
2029-10-01,4.9956,26.142,86.665,7.289,230.36,SSP2-4.5
2029-10-02,0.7651,26.372,84.137,6.419,228.22,SSP2-4.5
2029-10-03,1.3911,26.271,83.968,6.114,234.93,SSP2-4.5
2029-10-04,16.0701,25.928,89.493,6.22,214.3,SSP2-4.5
2029-10-05,22.5636,25.582,91.702,6.163,204.47,SSP2-4.5
2029-10-06,14.0986,25.758,91.065,3.722,211.23,SSP2-4.5
2029-10-07,1.886,25.803,87.991,5.025,214.34,SSP2-4.5
2029-10-08,0.0,26.013,81.669,6.291,254.22,SSP2-4.5
2029-10-09,0.0,26.083,82.486,5.122,249.78,SSP2-4.5
2029-10-10,0.0,26.015,84.788,4.388,228.06,SSP2-4.5
2029-10-11,0.0,27.018,78.274,4.218,236.4,SSP2-4.5
2029-10-12,0.0,26.779,76.365,5.363,239.23,SSP2-4.5
2029-10-13,0.0,25.851,80.147,6.254,214.67,SSP2-4.5
2029-10-14,0.0096,25.455,82.836,7.173,206.9,SSP2-4.5
2029-10-15,11.1992,25.383,84.734,7.96,199.68,SSP2-4.5
2029-10-16,0.0,25.399,83.301,9.876,191.13,SSP2-4.5
2029-10-17,8.6791,25.294,88.202,9.03,180.44,SSP2-4.5
2029-10-18,6.233,25.78,82.928,7.346,207.55,SSP2-4.5
2029-10-19,0.4417,24.963,80.483,5.639,192.82,SSP2-4.5
2029-10-20,0.1253,25.635,76.248,2.831,242.98,SSP2-4.5
2029-10-21,0.146,26.085,79.315,3.181,218.94,SSP2-4.5
2029-10-22,0.0041,27.122,69.729,4.945,232.45,SSP2-4.5
2029-10-23,0.0226,26.941,67.756,4.392,232.17,SSP2-4.5
2029-10-24,0.2449,26.92,76.025,3.544,227.0,SSP2-4.5
2029-10-25,0.0345,26.144,62.846,4.225,236.36,SSP2-4.5
2029-10-26,0.0,25.318,50.221,6.128,253.92,SSP2-4.5
2029-10-27,0.0,24.546,49.127,4.931,216.44,SSP2-4.5
2029-10-28,0.0,24.335,50.611,6.037,243.33,SSP2-4.5
2029-10-29,0.0,25.308,55.463,9.225,241.12,SSP2-4.5
2029-10-30,0.0,24.405,42.695,11.317,244.96,SSP2-4.5
2029-10-31,0.0,23.774,38.007,10.07,259.08,SSP2-4.5
2029-11-01,0.0,23.094,36.996,9.27,253.11,SSP2-4.5
2029-11-02,0.0,22.785,38.465,7.864,257.74,SSP2-4.5
2029-11-03,0.0,22.851,38.722,7.178,239.77,SSP2-4.5
2029-11-04,0.0,22.479,38.611,5.639,250.27,SSP2-4.5
2029-11-05,0.0,22.637,50.583,4.572,243.65,SSP2-4.5
2029-11-06,0.0,24.313,55.1,6.424,228.15,SSP2-4.5
2029-11-07,0.0,23.736,39.294,6.923,236.37,SSP2-4.5
2029-11-08,0.0,23.385,38.538,6.935,250.28,SSP2-4.5
2029-11-09,0.0,24.225,43.419,7.004,228.8,SSP2-4.5
2029-11-10,0.0,24.377,51.287,6.166,234.1,SSP2-4.5
2029-11-11,0.0,24.624,50.676,7.441,232.99,SSP2-4.5
2029-11-12,0.0,24.874,51.078,6.714,223.96,SSP2-4.5
2029-11-13,0.3582,24.698,52.075,6.873,214.42,SSP2-4.5
2029-11-14,0.0,24.936,54.109,5.863,189.47,SSP2-4.5
2029-11-15,0.0498,25.021,56.787,12.257,214.2,SSP2-4.5
2029-11-16,1.0744,23.808,80.744,12.256,168.4,SSP2-4.5
2029-11-17,5.6839,23.509,85.684,9.257,164.63,SSP2-4.5
2029-11-18,0.1111,24.086,74.086,9.095,197.12,SSP2-4.5
2029-11-19,0.0,23.374,41.91,9.539,227.98,SSP2-4.5
2029-11-20,0.0,22.701,28.481,10.482,246.02,SSP2-4.5
2029-11-21,0.0,22.157,28.257,11.644,244.9,SSP2-4.5
2029-11-22,0.0,21.962,27.064,11.558,250.02,SSP2-4.5
2029-11-23,0.0,22.562,29.955,11.3,242.71,SSP2-4.5
2029-11-24,0.0,23.077,41.331,11.179,236.22,SSP2-4.5
2029-11-25,0.0,24.609,51.019,9.941,223.66,SSP2-4.5
2029-11-26,0.0,25.535,49.324,10.072,215.35,SSP2-4.5
2029-11-27,0.0,25.613,43.223,9.871,225.24,SSP2-4.5
2029-11-28,0.0,23.882,37.032,12.023,217.69,SSP2-4.5
2029-11-29,0.0,23.237,28.603,12.022,240.11,SSP2-4.5
2029-11-30,0.0,22.481,29.237,11.784,231.81,SSP2-4.5
2029-12-01,0.0,22.064,30.046,10.255,239.11,SSP2-4.5
2029-12-02,0.0,22.512,35.425,10.087,230.92,SSP2-4.5
2029-12-03,0.0,22.721,29.879,9.403,241.72,SSP2-4.5
2029-12-04,0.0,22.117,29.06,9.451,242.91,SSP2-4.5
2029-12-05,0.0,21.161,26.476,8.614,239.45,SSP2-4.5
2029-12-06,0.0,21.984,42.601,10.224,196.36,SSP2-4.5
2029-12-07,0.0,22.499,31.857,12.358,240.78,SSP2-4.5
2029-12-08,0.0,22.712,27.123,12.54,237.53,SSP2-4.5
2029-12-09,0.0,22.328,27.353,14.106,236.68,SSP2-4.5
2029-12-10,0.0,22.01,27.55,11.688,245.11,SSP2-4.5
2029-12-11,0.0,21.541,29.103,12.77,211.22,SSP2-4.5
2029-12-12,0.0,22.771,33.858,12.256,230.71,SSP2-4.5
2029-12-13,0.0,22.268,33.571,11.948,234.58,SSP2-4.5
2029-12-14,0.0,21.879,28.491,12.543,239.1,SSP2-4.5
2029-12-15,0.0,21.555,26.709,12.851,241.77,SSP2-4.5
2029-12-16,0.0,21.277,29.649,12.105,223.08,SSP2-4.5
2029-12-17,0.0,21.887,34.96,11.639,237.21,SSP2-4.5
2029-12-18,0.0,22.188,37.183,11.941,229.5,SSP2-4.5
2029-12-19,0.0,22.234,40.404,10.893,223.95,SSP2-4.5
2029-12-20,0.0,22.649,40.088,9.68,231.7,SSP2-4.5
2029-12-21,0.0,22.563,40.284,9.478,227.51,SSP2-4.5
2029-12-22,0.0,23.227,39.596,8.32,224.88,SSP2-4.5
2029-12-23,0.0,23.278,41.378,7.932,217.46,SSP2-4.5
2029-12-24,0.0,23.646,46.054,9.394,209.17,SSP2-4.5
2029-12-25,0.0,23.566,44.69,9.877,214.67,SSP2-4.5
2029-12-26,0.0,23.529,38.619,11.024,223.88,SSP2-4.5
2029-12-27,0.0,22.381,34.739,10.137,227.66,SSP2-4.5
2029-12-28,0.0,22.01,29.912,10.879,228.47,SSP2-4.5
2029-12-29,0.0,20.311,29.678,10.84,194.01,SSP2-4.5
2029-12-30,0.0,20.236,26.558,9.227,248.25,SSP2-4.5
2029-12-31,0.0,20.095,26.269,7.624,248.98,SSP2-4.5
2030-01-01,0.0,20.891,27.285,6.258,246.83,SSP2-4.5
2030-01-02,0.0,22.223,33.917,7.566,242.08,SSP2-4.5
2030-01-03,0.0,22.635,36.014,7.034,242.18,SSP2-4.5
2030-01-04,0.0,23.039,35.36,10.344,239.68,SSP2-4.5
2030-01-05,0.0,22.312,31.465,11.048,239.34,SSP2-4.5
2030-01-06,0.0,21.51,23.323,12.541,251.88,SSP2-4.5
2030-01-07,0.0,20.987,19.562,12.522,263.69,SSP2-4.5
2030-01-08,0.0,20.233,22.277,11.059,234.55,SSP2-4.5
2030-01-09,0.0,20.838,23.83,9.86,225.23,SSP2-4.5
2030-01-10,0.0,21.824,26.208,10.011,243.46,SSP2-4.5
2030-01-11,0.0,21.441,26.828,10.339,252.0,SSP2-4.5
2030-01-12,0.0,21.864,23.713,10.95,253.83,SSP2-4.5
2030-01-13,0.0,21.497,20.54,10.458,257.78,SSP2-4.5
2030-01-14,0.0,20.825,20.358,10.053,266.28,SSP2-4.5
2030-01-15,0.0,21.684,21.829,10.309,260.19,SSP2-4.5
2030-01-16,0.0,22.717,23.249,10.283,253.5,SSP2-4.5
2030-01-17,0.0,22.836,23.711,10.065,244.45,SSP2-4.5
2030-01-18,0.0,22.835,37.186,8.286,244.86,SSP2-4.5
2030-01-19,0.0,24.523,44.343,8.351,222.0,SSP2-4.5
2030-01-20,0.0,24.356,39.741,7.593,245.32,SSP2-4.5
2030-01-21,0.0,24.272,34.414,9.812,238.13,SSP2-4.5
2030-01-22,0.0,23.8,30.603,10.6,246.73,SSP2-4.5
2030-01-23,0.0,23.307,26.981,10.028,249.24,SSP2-4.5
2030-01-24,0.0,23.158,31.15,7.857,253.49,SSP2-4.5
2030-01-25,0.0,23.489,27.054,9.175,251.71,SSP2-4.5
2030-01-26,0.0,22.965,25.09,7.051,259.94,SSP2-4.5
2030-01-27,0.0,23.986,34.205,8.597,245.21,SSP2-4.5
2030-01-28,0.0,25.519,36.751,8.876,228.53,SSP2-4.5
2030-01-29,0.0,24.489,27.545,11.634,247.61,SSP2-4.5
2030-01-30,0.0,23.716,20.722,11.11,260.81,SSP2-4.5
2030-01-31,0.0,23.189,25.438,10.085,262.98,SSP2-4.5
2030-02-01,0.0,24.309,38.809,12.505,257.29,SSP2-4.5
2030-02-02,0.0,25.8,39.778,11.875,229.05,SSP2-4.5
2030-02-03,0.0,25.534,39.433,9.719,263.02,SSP2-4.5
2030-02-04,0.0,25.639,35.698,7.577,266.13,SSP2-4.5
2030-02-05,0.0,25.321,31.49,6.765,265.49,SSP2-4.5
2030-02-06,0.0,25.918,29.955,8.959,261.89,SSP2-4.5
2030-02-07,0.0,25.779,26.811,9.426,269.76,SSP2-4.5
2030-02-08,0.0,25.433,25.74,6.991,268.55,SSP2-4.5
2030-02-09,0.0,25.63,23.4,6.724,271.15,SSP2-4.5
2030-02-10,0.0,26.61,26.499,9.856,266.98,SSP2-4.5
2030-02-11,0.0,26.963,27.65,9.709,274.13,SSP2-4.5
2030-02-12,0.0,27.197,25.826,8.42,277.98,SSP2-4.5
2030-02-13,0.0,26.892,25.377,10.221,278.22,SSP2-4.5
2030-02-14,0.0,27.35,24.455,14.074,282.9,SSP2-4.5
2030-02-15,0.0,26.582,21.036,11.958,286.33,SSP2-4.5
2030-02-16,0.0,25.2,19.627,7.694,293.01,SSP2-4.5
2030-02-17,0.0,25.559,19.483,7.793,289.74,SSP2-4.5
2030-02-18,0.0,26.045,17.872,9.963,291.54,SSP2-4.5
2030-02-19,0.0,26.232,20.657,7.394,283.89,SSP2-4.5
2030-02-20,0.0,28.049,23.384,14.443,256.23,SSP2-4.5
2030-02-21,0.0,27.752,19.96,12.669,291.54,SSP2-4.5
2030-02-22,0.0,27.009,19.462,7.136,292.21,SSP2-4.5
2030-02-23,0.0,26.917,19.973,7.962,287.23,SSP2-4.5
2030-02-24,0.0,27.827,23.253,9.572,282.04,SSP2-4.5
2030-02-25,0.0,29.082,28.589,13.098,277.29,SSP2-4.5
2030-02-26,0.0,29.732,27.159,11.116,263.35,SSP2-4.5
2030-02-27,0.0,28.987,24.73,7.727,270.29,SSP2-4.5
2030-02-28,0.0,28.255,20.96,7.936,270.12,SSP2-4.5
2030-03-01,0.0,29.53,24.553,8.459,283.81,SSP2-4.5
2030-03-02,0.0,28.672,23.593,9.037,278.64,SSP2-4.5
2030-03-03,0.0,30.475,24.98,9.481,245.4,SSP2-4.5
2030-03-04,0.0,30.485,25.63,10.2,243.65,SSP2-4.5
2030-03-05,0.0,30.012,23.075,11.174,291.43,SSP2-4.5
2030-03-06,0.0,30.251,23.938,12.417,296.21,SSP2-4.5
2030-03-07,0.0,29.995,23.028,10.48,292.89,SSP2-4.5
2030-03-08,0.0,30.289,22.837,12.413,289.52,SSP2-4.5
2030-03-09,0.0,30.527,22.956,14.409,289.94,SSP2-4.5
2030-03-10,0.0,30.171,22.964,12.661,282.72,SSP2-4.5
2030-03-11,0.0,30.157,20.292,10.876,302.16,SSP2-4.5
2030-03-12,0.0,30.77,21.134,11.376,290.23,SSP2-4.5
2030-03-13,0.0,30.906,20.737,9.152,274.34,SSP2-4.5
2030-03-14,0.0,30.812,22.951,8.431,246.3,SSP2-4.5
2030-03-15,0.0,30.568,23.487,7.87,246.23,SSP2-4.5
2030-03-16,0.0,30.219,22.629,8.743,300.75,SSP2-4.5
2030-03-17,0.0,30.646,23.096,11.655,293.95,SSP2-4.5
2030-03-18,0.0,31.684,24.202,13.549,281.43,SSP2-4.5
2030-03-19,0.0,31.141,22.461,13.223,290.66,SSP2-4.5
2030-03-20,0.0,30.828,21.656,11.419,306.0,SSP2-4.5
2030-03-21,0.0,30.544,20.878,9.81,305.14,SSP2-4.5
2030-03-22,0.0,30.939,20.527,9.244,289.51,SSP2-4.5
2030-03-23,0.0,31.361,20.546,8.344,281.56,SSP2-4.5
2030-03-24,0.0,31.015,21.319,7.547,292.58,SSP2-4.5
2030-03-25,0.0,31.717,22.241,9.134,294.21,SSP2-4.5
2030-03-26,0.0,32.406,21.814,7.13,293.34,SSP2-4.5
2030-03-27,0.0,33.46,20.719,6.82,279.96,SSP2-4.5
2030-03-28,0.0,32.687,16.165,8.505,324.88,SSP2-4.5
2030-03-29,0.0,32.599,16.877,6.645,292.79,SSP2-4.5
2030-03-30,0.0,32.039,20.042,7.222,296.25,SSP2-4.5
2030-03-31,0.8844,32.923,28.073,10.719,253.53,SSP2-4.5
2030-04-01,0.1027,32.398,27.62,10.284,242.98,SSP2-4.5
2030-04-02,0.0029,31.552,23.959,7.69,292.95,SSP2-4.5
2030-04-03,0.0,32.796,22.679,7.015,284.64,SSP2-4.5
2030-04-04,0.0664,31.537,26.29,7.077,235.75,SSP2-4.5
2030-04-05,0.0006,32.145,22.537,5.794,294.54,SSP2-4.5
2030-04-06,0.0249,32.848,24.057,10.817,291.22,SSP2-4.5
2030-04-07,0.1111,31.544,27.536,8.124,221.77,SSP2-4.5
2030-04-08,0.138,32.514,23.789,9.918,298.87,SSP2-4.5
2030-04-09,11.9522,30.607,34.587,6.084,246.33,SSP2-4.5
2030-04-10,0.2484,31.655,32.133,11.225,291.69,SSP2-4.5
2030-04-11,0.4805,31.913,33.567,13.215,302.61,SSP2-4.5
2030-04-12,0.0,31.902,29.591,11.386,330.09,SSP2-4.5
2030-04-13,0.0003,32.189,24.168,9.436,311.44,SSP2-4.5
2030-04-14,0.2948,32.964,23.359,8.379,290.93,SSP2-4.5
2030-04-15,0.2947,33.085,24.674,10.5,277.44,SSP2-4.5
2030-04-16,0.0092,33.567,23.17,9.702,317.0,SSP2-4.5
2030-04-17,0.0,33.867,20.23,9.052,329.18,SSP2-4.5
2030-04-18,0.0,33.461,20.589,6.277,326.71,SSP2-4.5
2030-04-19,0.0,33.982,24.568,8.909,296.28,SSP2-4.5
2030-04-20,0.02,34.019,26.053,9.068,300.54,SSP2-4.5
2030-04-21,0.0288,33.931,25.097,9.636,298.71,SSP2-4.5
2030-04-22,4.0665,32.735,30.78,9.293,258.67,SSP2-4.5
2030-04-23,0.4326,32.698,33.515,6.198,279.14,SSP2-4.5
2030-04-24,0.0497,32.948,29.428,4.958,285.3,SSP2-4.5
2030-04-25,0.3488,33.277,27.64,6.797,307.32,SSP2-4.5
2030-04-26,1.4171,33.659,29.38,7.303,298.19,SSP2-4.5
2030-04-27,0.3054,33.58,29.285,6.208,302.12,SSP2-4.5
2030-04-28,0.3237,33.763,28.479,5.753,287.26,SSP2-4.5
2030-04-29,0.0151,32.943,30.523,6.143,253.41,SSP2-4.5
2030-04-30,1.6895,32.687,35.932,7.258,251.47,SSP2-4.5
2030-05-01,17.6865,31.358,47.436,7.471,255.0,SSP2-4.5
2030-05-02,11.2436,29.553,52.123,8.355,251.27,SSP2-4.5
2030-05-03,1.2064,31.827,41.103,8.921,272.98,SSP2-4.5
2030-05-04,0.359,32.837,35.732,9.087,301.78,SSP2-4.5
2030-05-05,0.37,33.216,31.353,10.683,313.27,SSP2-4.5
2030-05-06,0.0437,33.447,28.91,11.746,293.95,SSP2-4.5
2030-05-07,0.0003,33.426,27.13,13.102,262.87,SSP2-4.5
2030-05-08,0.0,33.947,23.999,11.646,284.6,SSP2-4.5
2030-05-09,0.0,34.269,22.566,10.831,313.32,SSP2-4.5
2030-05-10,0.0,34.224,22.784,8.224,271.25,SSP2-4.5
2030-05-11,0.0339,34.062,21.242,12.831,331.45,SSP2-4.5
2030-05-12,0.0,34.469,21.772,8.692,305.24,SSP2-4.5
2030-05-13,0.0,34.207,20.691,8.003,304.35,SSP2-4.5
2030-05-14,0.0042,35.214,20.706,9.963,297.4,SSP2-4.5
2030-05-15,0.0,35.199,24.717,8.651,250.88,SSP2-4.5
2030-05-16,1.1024,33.608,33.979,11.518,264.64,SSP2-4.5
2030-05-17,0.9618,31.047,41.812,11.572,238.72,SSP2-4.5
2030-05-18,0.0028,31.533,40.849,14.463,255.17,SSP2-4.5
2030-05-19,0.2913,31.84,42.062,15.179,276.09,SSP2-4.5
2030-05-20,0.0547,31.295,41.688,13.625,264.8,SSP2-4.5
2030-05-21,0.007,32.415,34.829,15.335,273.14,SSP2-4.5
2030-05-22,0.0,32.84,33.522,14.589,270.88,SSP2-4.5
2030-05-23,0.0,33.29,31.48,11.293,283.77,SSP2-4.5
2030-05-24,0.0,33.452,27.588,14.525,347.39,SSP2-4.5
2030-05-25,0.0,33.951,26.97,15.549,351.0,SSP2-4.5
2030-05-26,0.0484,33.986,28.102,14.503,330.28,SSP2-4.5
2030-05-27,0.1073,32.977,38.575,13.502,293.24,SSP2-4.5
2030-05-28,0.0067,32.638,38.024,12.442,269.44,SSP2-4.5
2030-05-29,0.4861,33.459,35.935,13.006,300.83,SSP2-4.5
2030-05-30,1.6229,32.962,41.652,12.663,280.61,SSP2-4.5
2030-05-31,0.0,32.665,42.894,10.94,268.84,SSP2-4.5
2030-06-01,0.0039,33.029,36.359,12.692,293.99,SSP2-4.5
2030-06-02,2.8978,31.338,50.893,11.847,268.35,SSP2-4.5
2030-06-03,6.2202,28.649,68.717,10.822,253.54,SSP2-4.5
2030-06-04,0.0,29.588,55.601,12.794,248.86,SSP2-4.5
2030-06-05,0.0,31.633,43.016,16.24,291.51,SSP2-4.5
2030-06-06,0.0,29.516,50.661,14.608,262.93,SSP2-4.5
2030-06-07,0.0,28.824,51.728,15.187,228.42,SSP2-4.5
2030-06-08,0.0,29.582,49.471,16.605,241.83,SSP2-4.5
2030-06-09,0.0,30.514,46.432,16.129,275.27,SSP2-4.5
2030-06-10,0.0,31.138,42.652,16.167,292.76,SSP2-4.5
2030-06-11,0.0,32.261,41.201,15.064,300.76,SSP2-4.5
2030-06-12,0.0,32.033,42.312,16.163,290.8,SSP2-4.5
2030-06-13,0.0,32.75,37.981,18.004,328.95,SSP2-4.5
2030-06-14,0.0,32.165,41.721,19.068,295.24,SSP2-4.5
2030-06-15,0.0195,28.127,53.976,18.022,235.93,SSP2-4.5
2030-06-16,0.0,30.716,45.067,16.641,293.86,SSP2-4.5
2030-06-17,0.0,32.793,38.517,15.711,318.93,SSP2-4.5
2030-06-18,0.0,33.812,34.252,15.178,320.83,SSP2-4.5
2030-06-19,9.9952,33.41,44.015,12.64,301.92,SSP2-4.5
2030-06-20,13.9907,26.19,83.642,9.523,176.07,SSP2-4.5
2030-06-21,0.0613,26.833,79.78,9.566,212.93,SSP2-4.5
2030-06-22,0.0058,26.803,78.215,13.096,213.7,SSP2-4.5
2030-06-23,4.333,26.54,84.958,12.59,196.92,SSP2-4.5
2030-06-24,14.0056,26.199,84.932,12.036,195.92,SSP2-4.5
2030-06-25,9.6694,26.433,82.868,11.653,215.24,SSP2-4.5
2030-06-26,14.8304,26.279,85.752,10.923,194.65,SSP2-4.5
2030-06-27,2.5282,26.899,80.129,11.385,228.02,SSP2-4.5
2030-06-28,0.0664,27.691,72.37,12.872,265.63,SSP2-4.5
2030-06-29,0.2504,28.077,72.808,10.001,258.5,SSP2-4.5
2030-06-30,2.5073,27.257,78.822,10.823,229.9,SSP2-4.5
2030-07-01,0.2707,27.636,75.624,12.137,254.75,SSP2-4.5
2030-07-02,0.072,27.285,77.498,12.146,230.21,SSP2-4.5
2030-07-03,0.0546,26.768,81.529,9.498,219.86,SSP2-4.5
2030-07-04,0.0,27.353,75.049,10.372,236.94,SSP2-4.5
2030-07-05,0.0,28.209,71.703,12.216,261.48,SSP2-4.5
2030-07-06,0.0686,28.464,70.458,13.643,255.36,SSP2-4.5
2030-07-07,6.1902,26.657,84.996,10.858,208.14,SSP2-4.5
2030-07-08,1.2994,26.646,83.009,14.187,226.88,SSP2-4.5
2030-07-09,0.4796,26.426,84.516,12.999,208.35,SSP2-4.5
2030-07-10,5.6596,26.845,83.302,11.983,220.86,SSP2-4.5
2030-07-11,0.277,26.795,84.512,11.94,218.43,SSP2-4.5
2030-07-12,0.0131,27.043,79.642,12.88,220.03,SSP2-4.5
2030-07-13,0.0,27.355,78.424,14.08,250.34,SSP2-4.5
2030-07-14,0.0042,26.71,83.153,14.818,209.05,SSP2-4.5
2030-07-15,14.4275,26.997,83.866,16.847,223.54,SSP2-4.5
2030-07-16,29.1373,26.072,90.642,16.47,181.08,SSP2-4.5
2030-07-17,20.6627,25.719,91.398,14.997,155.94,SSP2-4.5
2030-07-18,7.247,26.689,85.624,16.308,219.26,SSP2-4.5
2030-07-19,0.0045,27.294,79.223,13.738,252.42,SSP2-4.5
2030-07-20,0.0,27.377,77.565,12.101,252.27,SSP2-4.5
2030-07-21,0.0271,27.018,83.131,10.837,228.35,SSP2-4.5
2030-07-22,0.0,26.998,85.852,9.749,225.91,SSP2-4.5
2030-07-23,0.0,27.172,82.372,10.144,245.69,SSP2-4.5
2030-07-24,0.0,27.553,78.992,11.005,236.72,SSP2-4.5
2030-07-25,0.0,27.642,81.067,8.68,243.27,SSP2-4.5
2030-07-26,0.0,27.079,86.495,5.922,219.51,SSP2-4.5
2030-07-27,4.0864,27.206,88.269,4.376,223.45,SSP2-4.5
2030-07-28,1.1812,27.392,86.843,6.315,226.24,SSP2-4.5
2030-07-29,2.3178,27.738,84.097,5.506,255.66,SSP2-4.5
2030-07-30,1.2115,27.398,87.177,3.881,228.84,SSP2-4.5
2030-07-31,3.6209,27.519,87.841,6.333,225.27,SSP2-4.5
2030-08-01,15.9964,27.689,88.526,6.918,230.0,SSP2-4.5
2030-08-02,26.521,26.849,92.564,5.692,216.6,SSP2-4.5
2030-08-03,11.2494,26.821,90.554,7.736,217.72,SSP2-4.5
2030-08-04,0.3894,27.324,85.629,8.565,252.65,SSP2-4.5
2030-08-05,2.3843,27.614,86.967,8.235,252.38,SSP2-4.5
2030-08-06,25.9143,26.747,92.165,5.983,218.97,SSP2-4.5
2030-08-07,0.5327,27.249,87.395,8.997,249.39,SSP2-4.5
2030-08-08,0.0,27.318,87.622,10.297,244.82,SSP2-4.5
2030-08-09,4.5133,27.365,87.167,10.235,242.55,SSP2-4.5
2030-08-10,27.0603,26.88,91.082,11.971,217.83,SSP2-4.5
2030-08-11,0.1549,27.03,87.563,13.94,223.2,SSP2-4.5
2030-08-12,0.0,27.492,82.189,10.21,268.41,SSP2-4.5
2030-08-13,0.0,27.744,79.74,7.403,310.87,SSP2-4.5
2030-08-14,0.927,28.546,82.809,6.541,276.3,SSP2-4.5
2030-08-15,31.5707,27.199,90.293,8.222,222.01,SSP2-4.5
2030-08-16,9.8522,26.939,88.914,13.089,208.08,SSP2-4.5
2030-08-17,2.5231,27.356,85.682,9.557,257.23,SSP2-4.5
2030-08-18,0.8047,27.285,87.975,5.832,245.08,SSP2-4.5
2030-08-19,7.8581,27.09,90.165,6.956,232.63,SSP2-4.5
2030-08-20,32.0732,26.953,92.221,6.426,220.12,SSP2-4.5
2030-08-21,24.2261,26.816,92.179,8.456,220.62,SSP2-4.5
2030-08-22,28.3402,26.582,93.313,9.284,212.91,SSP2-4.5
2030-08-23,12.0945,26.46,90.882,10.732,201.8,SSP2-4.5
2030-08-24,19.9473,25.945,93.29,7.356,189.81,SSP2-4.5
2030-08-25,3.7288,26.91,86.099,11.188,247.87,SSP2-4.5
2030-08-26,0.0,27.215,81.237,11.887,244.86,SSP2-4.5
2030-08-27,0.0,27.411,78.429,10.958,275.1,SSP2-4.5
2030-08-28,0.0597,27.566,80.817,11.781,268.68,SSP2-4.5
2030-08-29,0.0,27.233,83.093,8.344,258.7,SSP2-4.5
2030-08-30,0.0,27.317,86.027,7.661,234.04,SSP2-4.5
2030-08-31,0.5162,27.475,84.42,6.783,248.97,SSP2-4.5
2030-09-01,0.2859,27.833,81.969,8.351,258.43,SSP2-4.5
2030-09-02,0.0,27.85,81.933,9.649,244.71,SSP2-4.5
2030-09-03,0.0,27.901,78.017,9.87,264.18,SSP2-4.5
2030-09-04,0.0,28.237,76.616,9.914,255.42,SSP2-4.5
2030-09-05,1.1439,27.874,82.496,10.039,237.46,SSP2-4.5
2030-09-06,0.1407,27.602,79.719,10.937,244.82,SSP2-4.5
2030-09-07,1.1403,26.854,87.135,12.572,209.5,SSP2-4.5
2030-09-08,0.0704,26.649,90.86,9.526,199.76,SSP2-4.5
2030-09-09,0.0,27.489,84.292,9.504,240.62,SSP2-4.5
2030-09-10,0.0,27.692,83.325,9.375,236.62,SSP2-4.5
2030-09-11,0.0,27.836,79.867,9.388,234.78,SSP2-4.5
2030-09-12,0.0,27.768,80.333,9.299,243.88,SSP2-4.5
2030-09-13,1.9117,27.138,89.206,7.289,224.56,SSP2-4.5
2030-09-14,0.0027,27.486,85.845,5.383,235.12,SSP2-4.5
2030-09-15,0.0,27.881,82.475,2.699,240.93,SSP2-4.5
2030-09-16,0.1222,27.863,84.348,3.315,231.11,SSP2-4.5
2030-09-17,2.1373,27.463,88.828,3.581,219.7,SSP2-4.5
2030-09-18,1.2604,27.415,88.573,4.306,219.95,SSP2-4.5
2030-09-19,24.8697,26.573,93.091,4.235,204.73,SSP2-4.5
2030-09-20,3.3349,26.85,89.216,6.006,223.31,SSP2-4.5
2030-09-21,0.0,27.215,81.248,6.277,261.52,SSP2-4.5
2030-09-22,0.0,27.593,81.933,5.777,251.0,SSP2-4.5
2030-09-23,0.0,27.554,82.21,5.07,247.23,SSP2-4.5
2030-09-24,0.0,27.656,80.466,4.93,258.96,SSP2-4.5
2030-09-25,0.0,27.735,78.046,5.24,249.85,SSP2-4.5
2030-09-26,0.0,27.919,72.969,5.717,261.75,SSP2-4.5
2030-09-27,0.0,27.78,73.86,5.244,274.24,SSP2-4.5
2030-09-28,0.0,27.634,83.617,2.551,223.07,SSP2-4.5
2030-09-29,6.7858,26.945,88.522,6.112,216.39,SSP2-4.5
2030-09-30,0.7,26.828,89.064,5.355,210.12,SSP2-4.5
2030-10-01,1.4811,25.851,85.3,5.606,227.11,SSP2-4.5
2030-10-02,32.0887,25.184,91.401,7.409,194.68,SSP2-4.5
2030-10-03,24.2706,25.112,92.738,7.465,192.48,SSP2-4.5
2030-10-04,17.0341,25.442,90.677,7.651,209.98,SSP2-4.5
2030-10-05,14.7164,25.8,86.48,8.287,220.99,SSP2-4.5
2030-10-06,0.0044,25.899,76.988,9.996,215.0,SSP2-4.5
2030-10-07,0.0,26.559,71.312,9.906,253.97,SSP2-4.5
2030-10-08,0.0,26.231,68.538,8.874,241.41,SSP2-4.5
2030-10-09,6.236,25.279,86.438,7.784,204.11,SSP2-4.5
2030-10-10,5.4073,25.424,86.801,7.972,212.07,SSP2-4.5
2030-10-11,39.277,25.116,91.398,6.111,194.66,SSP2-4.5
2030-10-12,33.2954,24.895,94.882,4.961,173.58,SSP2-4.5
2030-10-13,9.9156,24.879,92.074,4.028,192.11,SSP2-4.5
2030-10-14,0.9917,25.317,85.523,4.695,219.78,SSP2-4.5
2030-10-15,1.4334,25.628,86.674,7.21,212.03,SSP2-4.5
2030-10-16,6.6678,25.294,87.159,9.885,187.63,SSP2-4.5
2030-10-17,67.9699,24.831,90.903,15.783,166.4,SSP2-4.5
2030-10-18,61.2963,24.11,92.378,15.874,139.72,SSP2-4.5
2030-10-19,4.0043,24.555,90.78,10.017,176.5,SSP2-4.5
2030-10-20,4.0493,25.218,85.862,7.621,207.83,SSP2-4.5
2030-10-21,0.0653,24.619,90.084,4.515,179.73,SSP2-4.5
2030-10-22,0.0117,24.394,88.546,5.213,186.53,SSP2-4.5
2030-10-23,0.0,24.351,83.113,5.903,203.18,SSP2-4.5
2030-10-24,0.0,24.422,70.046,4.319,225.35,SSP2-4.5
2030-10-25,0.0612,24.519,66.936,5.223,250.44,SSP2-4.5
2030-10-26,0.0,24.414,66.013,5.627,259.76,SSP2-4.5
2030-10-27,0.0,24.016,57.336,7.534,258.59,SSP2-4.5
2030-10-28,0.0,23.058,56.11,7.723,232.92,SSP2-4.5
2030-10-29,0.0,22.663,59.609,8.194,232.9,SSP2-4.5
2030-10-30,0.0,23.283,64.179,5.172,246.23,SSP2-4.5
2030-10-31,0.2679,24.298,69.727,4.794,216.46,SSP2-4.5
2030-11-01,0.4796,24.7,68.783,4.053,227.52,SSP2-4.5
2030-11-02,0.0433,25.29,71.093,4.877,227.47,SSP2-4.5
2030-11-03,0.0147,25.051,76.911,5.08,217.25,SSP2-4.5
2030-11-04,0.7684,25.371,80.54,5.044,198.36,SSP2-4.5
2030-11-05,22.1104,24.391,88.753,6.431,172.99,SSP2-4.5
2030-11-06,0.3005,25.248,83.616,6.172,193.0,SSP2-4.5
2030-11-07,0.6494,25.319,83.462,5.656,204.56,SSP2-4.5
2030-11-08,0.0,25.57,68.618,6.287,227.18,SSP2-4.5
2030-11-09,0.0,23.871,58.001,7.171,223.7,SSP2-4.5
2030-11-10,0.0,23.376,45.969,7.343,247.88,SSP2-4.5
2030-11-11,0.0,23.369,49.55,8.901,240.28,SSP2-4.5
2030-11-12,0.0,22.405,40.389,11.314,218.6,SSP2-4.5
2030-11-13,0.0,22.101,46.566,9.635,253.88,SSP2-4.5
2030-11-14,0.0046,23.396,46.73,9.749,247.21,SSP2-4.5
2030-11-15,0.0,23.943,43.569,11.273,237.01,SSP2-4.5
2030-11-16,0.0,23.178,39.355,12.182,229.66,SSP2-4.5
2030-11-17,0.0,22.804,33.282,10.987,252.76,SSP2-4.5
2030-11-18,0.0,22.948,40.726,8.952,237.79,SSP2-4.5
2030-11-19,0.0,23.377,46.028,8.813,221.84,SSP2-4.5
2030-11-20,0.0,23.407,44.686,7.712,243.84,SSP2-4.5
2030-11-21,0.0,23.783,41.298,9.78,241.63,SSP2-4.5
2030-11-22,0.0,24.01,42.007,10.284,233.36,SSP2-4.5
2030-11-23,0.0,24.12,47.947,10.893,242.69,SSP2-4.5
2030-11-24,0.9001,22.617,75.461,11.995,145.41,SSP2-4.5
2030-11-25,0.0,22.709,86.435,6.225,139.56,SSP2-4.5
2030-11-26,0.0076,24.103,75.495,7.504,177.45,SSP2-4.5
2030-11-27,0.0,23.672,75.56,6.003,166.84,SSP2-4.5
2030-11-28,0.0798,23.388,79.887,6.579,169.91,SSP2-4.5
2030-11-29,0.0,22.777,73.105,7.036,175.01,SSP2-4.5
2030-11-30,0.0,22.418,63.188,7.782,181.33,SSP2-4.5
2030-12-01,0.0,23.399,51.963,8.293,228.68,SSP2-4.5
2030-12-02,0.0,22.276,47.985,9.699,208.26,SSP2-4.5
2030-12-03,0.0,21.854,47.751,9.817,209.47,SSP2-4.5
2030-12-04,0.0,22.307,44.699,11.349,216.52,SSP2-4.5
2030-12-05,0.0,21.733,49.986,11.051,178.62,SSP2-4.5
2030-12-06,0.0,22.058,42.117,11.722,230.27,SSP2-4.5
2030-12-07,0.0,22.161,40.528,12.186,236.41,SSP2-4.5
2030-12-08,0.0,23.302,44.896,11.137,232.85,SSP2-4.5
2030-12-09,0.0,23.113,49.251,9.908,236.55,SSP2-4.5
2030-12-10,0.0,23.142,48.157,8.923,238.47,SSP2-4.5
2030-12-11,0.0,23.819,51.525,5.327,215.67,SSP2-4.5
2030-12-12,0.0,23.234,57.986,6.579,179.0,SSP2-4.5
2030-12-13,0.0,22.984,56.103,8.851,200.89,SSP2-4.5
2030-12-14,0.0,23.045,43.59,9.929,225.92,SSP2-4.5
2030-12-15,0.0,22.497,41.53,8.484,232.57,SSP2-4.5
2030-12-16,0.0,21.823,37.888,8.002,235.29,SSP2-4.5
2030-12-17,0.0,21.368,34.438,7.603,239.72,SSP2-4.5
2030-12-18,0.0,21.179,34.628,7.684,241.44,SSP2-4.5
2030-12-19,0.0,21.41,34.682,9.831,234.73,SSP2-4.5
2030-12-20,0.0,21.619,32.11,10.168,225.9,SSP2-4.5
2030-12-21,0.0,20.24,35.814,9.318,200.99,SSP2-4.5
2030-12-22,0.0,19.981,42.321,6.376,189.18,SSP2-4.5
2030-12-23,0.0,20.787,43.133,7.868,223.94,SSP2-4.5
2030-12-24,0.0,22.165,52.245,7.807,237.75,SSP2-4.5
2030-12-25,0.0,23.532,49.377,5.331,238.64,SSP2-4.5
2030-12-26,0.0,23.249,44.831,4.604,237.68,SSP2-4.5
2030-12-27,0.0,24.411,43.338,7.638,231.75,SSP2-4.5
2030-12-28,0.0,23.558,45.336,10.218,196.75,SSP2-4.5
2030-12-29,0.0,21.854,34.693,10.43,235.55,SSP2-4.5
2030-12-30,0.0,20.961,28.29,7.206,249.56,SSP2-4.5
2030-12-31,0.0,20.322,28.88,4.871,251.57,SSP2-4.5
2031-01-01,0.0,21.498,33.256,7.197,241.96,SSP2-4.5
2031-01-02,0.0,22.022,29.838,12.071,219.2,SSP2-4.5
2031-01-03,0.0,20.119,25.143,13.125,250.91,SSP2-4.5
2031-01-04,0.0,19.675,25.836,11.079,248.92,SSP2-4.5
2031-01-05,0.0,19.371,25.994,10.175,234.77,SSP2-4.5
2031-01-06,0.0,19.309,27.322,7.762,239.63,SSP2-4.5
2031-01-07,0.0,20.842,34.737,5.275,225.48,SSP2-4.5
2031-01-08,0.0,22.632,41.282,7.153,245.94,SSP2-4.5
2031-01-09,0.0,24.131,47.05,9.654,237.74,SSP2-4.5
2031-01-10,0.0,25.085,54.358,12.007,210.84,SSP2-4.5
2031-01-11,0.0,22.961,61.619,14.881,171.49,SSP2-4.5
2031-01-12,0.0,24.168,50.439,11.005,189.83,SSP2-4.5
2031-01-13,0.0,22.352,63.731,9.739,166.01,SSP2-4.5
2031-01-14,0.0,22.25,63.819,10.414,166.03,SSP2-4.5
2031-01-15,0.0,22.406,59.91,11.026,200.6,SSP2-4.5
2031-01-16,0.0,23.703,44.51,10.234,237.45,SSP2-4.5
2031-01-17,0.0,23.383,38.944,10.678,251.34,SSP2-4.5
2031-01-18,0.0,22.977,38.572,10.446,249.3,SSP2-4.5
2031-01-19,0.0,22.419,28.486,11.228,257.04,SSP2-4.5
2031-01-20,0.0,22.033,27.024,10.705,251.25,SSP2-4.5
2031-01-21,0.0,21.914,26.357,10.88,251.61,SSP2-4.5
2031-01-22,0.0,21.74,23.242,10.639,233.41,SSP2-4.5
2031-01-23,0.0,21.324,26.016,8.225,241.46,SSP2-4.5
2031-01-24,0.0,22.277,42.763,9.939,225.2,SSP2-4.5
2031-01-25,0.0,23.74,42.564,8.903,234.14,SSP2-4.5
2031-01-26,0.0,23.755,41.696,8.537,253.81,SSP2-4.5
2031-01-27,0.0,24.458,38.65,11.649,257.23,SSP2-4.5
2031-01-28,0.0,24.403,38.886,13.934,256.99,SSP2-4.5
2031-01-29,0.0,24.596,40.013,13.863,260.76,SSP2-4.5
2031-01-30,0.0,24.626,40.341,13.517,268.27,SSP2-4.5
2031-01-31,0.0,24.888,39.744,11.091,270.89,SSP2-4.5
2031-02-01,0.0,24.775,40.052,9.23,272.1,SSP2-4.5
2031-02-02,0.0,24.407,37.173,8.584,270.95,SSP2-4.5
2031-02-03,0.0,25.327,37.746,11.389,244.26,SSP2-4.5
2031-02-04,0.0,25.48,33.303,9.757,253.06,SSP2-4.5
2031-02-05,0.0,25.087,31.921,8.138,258.1,SSP2-4.5
2031-02-06,0.0,24.75,30.058,6.714,264.22,SSP2-4.5
2031-02-07,0.0,24.617,31.674,7.607,267.44,SSP2-4.5
2031-02-08,0.0,25.123,35.546,10.22,262.55,SSP2-4.5
2031-02-09,0.0,26.064,34.529,11.05,264.58,SSP2-4.5
2031-02-10,0.0,26.008,33.683,9.966,263.35,SSP2-4.5
2031-02-11,0.0,26.103,36.583,9.842,234.25,SSP2-4.5
2031-02-12,0.0,25.936,34.55,10.753,231.76,SSP2-4.5
2031-02-13,0.0,26.194,36.646,8.423,204.06,SSP2-4.5
2031-02-14,0.0,26.745,32.392,9.776,257.49,SSP2-4.5
2031-02-15,0.0,26.19,31.078,7.792,248.55,SSP2-4.5
2031-02-16,0.0,25.786,29.365,5.22,275.33,SSP2-4.5
2031-02-17,0.0,25.845,33.727,8.569,240.64,SSP2-4.5
2031-02-18,0.0,26.699,33.241,9.529,270.1,SSP2-4.5
2031-02-19,0.0,26.816,33.969,10.437,269.66,SSP2-4.5
2031-02-20,0.0,27.335,34.01,10.754,259.18,SSP2-4.5
2031-02-21,0.0,27.529,34.99,8.853,222.94,SSP2-4.5
2031-02-22,0.0,27.648,31.258,8.879,236.07,SSP2-4.5
2031-02-23,0.0,27.046,28.276,8.153,261.58,SSP2-4.5
2031-02-24,0.0,26.753,26.69,7.133,281.28,SSP2-4.5
2031-02-25,0.0,26.639,24.766,6.517,287.87,SSP2-4.5
2031-02-26,0.0,26.604,22.104,6.998,287.17,SSP2-4.5
2031-02-27,0.0,26.961,22.794,8.993,283.31,SSP2-4.5
2031-02-28,0.0,27.554,22.082,10.47,284.86,SSP2-4.5
2031-03-01,0.0,27.778,22.254,10.018,287.84,SSP2-4.5
2031-03-02,0.0,28.084,24.004,11.574,291.81,SSP2-4.5
2031-03-03,0.0,28.549,25.094,11.541,284.4,SSP2-4.5
2031-03-04,0.0,28.905,23.341,10.82,287.94,SSP2-4.5
2031-03-05,0.0,29.091,23.912,9.396,280.58,SSP2-4.5
2031-03-06,0.0,29.266,24.078,6.869,286.71,SSP2-4.5
2031-03-07,0.0,29.245,22.936,6.058,296.4,SSP2-4.5
2031-03-08,0.0,29.191,22.436,8.524,299.85,SSP2-4.5
2031-03-09,0.0,29.017,21.813,9.605,296.79,SSP2-4.5
2031-03-10,0.0,28.972,20.811,7.595,294.2,SSP2-4.5
2031-03-11,0.0,28.948,19.34,9.138,310.93,SSP2-4.5
2031-03-12,0.0,28.63,19.77,8.936,313.52,SSP2-4.5
2031-03-13,0.0,28.012,18.526,8.385,321.33,SSP2-4.5
2031-03-14,0.0,28.135,17.988,6.707,324.12,SSP2-4.5
2031-03-15,0.0,28.35,18.55,8.045,326.77,SSP2-4.5
2031-03-16,0.0,29.317,21.795,11.393,317.16,SSP2-4.5
2031-03-17,0.0,29.71,22.544,11.528,259.75,SSP2-4.5
2031-03-18,0.0,29.595,26.902,11.354,329.41,SSP2-4.5
2031-03-19,0.0,30.357,25.376,11.093,328.46,SSP2-4.5
2031-03-20,0.0,30.566,23.728,11.171,324.63,SSP2-4.5
2031-03-21,0.0,30.542,23.462,8.372,304.0,SSP2-4.5
2031-03-22,0.0001,31.388,22.037,7.448,280.44,SSP2-4.5
2031-03-23,0.0,32.024,22.369,7.651,268.69,SSP2-4.5
2031-03-24,0.0,31.342,23.654,9.666,296.91,SSP2-4.5
2031-03-25,0.0,32.199,24.631,10.88,284.69,SSP2-4.5
2031-03-26,0.0219,32.478,25.264,9.09,262.31,SSP2-4.5
2031-03-27,0.0039,29.72,32.424,6.563,191.79,SSP2-4.5
2031-03-28,0.089,30.658,25.499,8.073,274.86,SSP2-4.5
2031-03-29,0.004,30.016,34.395,9.502,223.52,SSP2-4.5
2031-03-30,0.0,30.826,24.535,5.296,309.69,SSP2-4.5
2031-03-31,0.0,30.579,19.804,5.834,328.55,SSP2-4.5
2031-04-01,0.0,30.046,21.073,6.651,325.04,SSP2-4.5
2031-04-02,0.0,30.895,22.005,8.105,318.28,SSP2-4.5
2031-04-03,0.0,30.966,20.993,8.149,319.03,SSP2-4.5
2031-04-04,0.0,31.354,21.048,9.058,303.83,SSP2-4.5
2031-04-05,0.0,32.732,21.205,8.279,289.86,SSP2-4.5
2031-04-06,0.0,31.73,18.257,8.089,323.77,SSP2-4.5
2031-04-07,0.0,31.643,16.956,9.184,339.85,SSP2-4.5
2031-04-08,0.0,31.489,21.988,9.351,328.83,SSP2-4.5
2031-04-09,0.0,32.034,23.563,11.982,318.79,SSP2-4.5
2031-04-10,0.0356,32.674,23.146,11.923,310.87,SSP2-4.5
2031-04-11,0.0066,32.055,26.232,10.879,237.12,SSP2-4.5
2031-04-12,0.0,32.793,21.198,8.074,289.98,SSP2-4.5
2031-04-13,0.0,33.506,20.823,8.572,281.62,SSP2-4.5
2031-04-14,0.0,33.447,20.125,7.737,300.46,SSP2-4.5
2031-04-15,0.0,32.617,19.183,9.412,310.54,SSP2-4.5
2031-04-16,0.0,32.278,19.512,10.194,337.17,SSP2-4.5
2031-04-17,0.0,32.915,19.369,7.396,327.08,SSP2-4.5
2031-04-18,0.0,32.921,20.309,9.048,316.98,SSP2-4.5
2031-04-19,0.0286,33.18,22.883,10.973,309.97,SSP2-4.5
2031-04-20,0.2501,33.001,26.421,13.258,309.38,SSP2-4.5
2031-04-21,0.1015,30.308,36.603,11.975,251.55,SSP2-4.5
2031-04-22,0.0,31.823,26.621,5.92,258.28,SSP2-4.5
2031-04-23,0.0,31.731,20.978,6.62,323.18,SSP2-4.5
2031-04-24,0.0006,32.082,18.273,9.539,322.22,SSP2-4.5
2031-04-25,0.0,32.823,16.559,7.758,325.48,SSP2-4.5
2031-04-26,0.0,32.71,16.301,8.713,340.93,SSP2-4.5
2031-04-27,0.0,33.329,17.96,11.136,309.71,SSP2-4.5
2031-04-28,0.0021,34.272,18.129,11.641,323.99,SSP2-4.5
2031-04-29,0.0003,34.156,19.247,12.462,297.88,SSP2-4.5
2031-04-30,0.0,33.742,17.335,12.094,302.05,SSP2-4.5
2031-05-01,0.0,33.167,17.325,8.277,308.33,SSP2-4.5
2031-05-02,0.0,33.344,17.468,7.086,286.99,SSP2-4.5
2031-05-03,0.0395,33.455,23.459,6.661,251.87,SSP2-4.5
2031-05-04,0.0,33.5,23.182,7.049,264.08,SSP2-4.5
2031-05-05,0.0,33.299,19.601,9.68,307.38,SSP2-4.5
2031-05-06,0.0071,34.183,21.632,9.836,287.42,SSP2-4.5
2031-05-07,0.0,34.005,21.302,9.603,295.91,SSP2-4.5
2031-05-08,0.0826,33.849,22.255,9.016,290.06,SSP2-4.5
2031-05-09,2.4135,33.259,26.45,7.992,295.88,SSP2-4.5
2031-05-10,1.5519,33.241,31.767,6.621,285.56,SSP2-4.5
2031-05-11,0.002,33.448,28.338,7.37,309.69,SSP2-4.5
2031-05-12,0.0,33.827,24.659,12.426,285.04,SSP2-4.5
2031-05-13,0.0,33.31,19.936,13.154,354.11,SSP2-4.5
2031-05-14,0.0,32.885,19.326,12.453,356.03,SSP2-4.5
2031-05-15,0.0,33.428,18.826,13.105,339.32,SSP2-4.5
2031-05-16,0.0,33.609,18.542,12.951,346.66,SSP2-4.5
2031-05-17,0.0,33.683,18.735,13.334,354.83,SSP2-4.5
2031-05-18,0.0692,34.78,20.242,10.99,302.33,SSP2-4.5
2031-05-19,0.6028,34.592,24.071,10.625,283.9,SSP2-4.5
2031-05-20,0.0009,34.511,24.774,9.89,324.47,SSP2-4.5
2031-05-21,0.0,34.448,22.019,9.622,316.43,SSP2-4.5
2031-05-22,0.8934,34.84,23.577,9.601,297.85,SSP2-4.5
2031-05-23,0.0186,33.087,30.75,9.357,259.77,SSP2-4.5
2031-05-24,0.6481,33.401,31.79,8.629,260.86,SSP2-4.5
2031-05-25,0.0,32.351,29.351,10.21,224.95,SSP2-4.5
2031-05-26,0.0,34.074,24.581,16.687,334.7,SSP2-4.5
2031-05-27,0.0,34.218,25.215,16.043,302.46,SSP2-4.5
2031-05-28,0.0,34.107,27.496,17.033,311.04,SSP2-4.5
2031-05-29,0.0,33.916,27.715,16.04,288.97,SSP2-4.5
2031-05-30,0.0,33.845,27.433,16.532,322.24,SSP2-4.5
2031-05-31,0.0,33.539,32.166,15.2,296.12,SSP2-4.5
2031-06-01,0.0027,32.998,33.617,14.818,294.2,SSP2-4.5
2031-06-02,0.0,32.502,36.385,14.774,276.76,SSP2-4.5
2031-06-03,0.0,32.152,38.835,15.436,278.9,SSP2-4.5
2031-06-04,0.0,31.185,39.725,15.252,261.61,SSP2-4.5
2031-06-05,0.0,31.512,39.297,12.528,263.81,SSP2-4.5
2031-06-06,0.0,32.828,32.975,12.171,288.47,SSP2-4.5
2031-06-07,15.0714,27.442,65.611,9.128,206.93,SSP2-4.5
2031-06-08,0.058,29.211,61.174,8.362,251.27,SSP2-4.5
2031-06-09,0.1274,30.575,51.498,8.118,281.44,SSP2-4.5
2031-06-10,9.9208,30.239,60.901,8.257,267.09,SSP2-4.5
2031-06-11,21.9255,25.871,81.999,6.954,205.44,SSP2-4.5
2031-06-12,24.3479,25.53,85.344,8.285,211.89,SSP2-4.5
2031-06-13,23.3263,25.418,86.373,8.504,216.6,SSP2-4.5
2031-06-14,0.5968,25.61,78.278,13.353,212.96,SSP2-4.5
2031-06-15,0.5182,26.633,66.676,17.379,247.99,SSP2-4.5
2031-06-16,0.5504,26.095,70.833,15.23,227.0,SSP2-4.5
2031-06-17,0.7762,26.884,69.17,15.736,251.04,SSP2-4.5
2031-06-18,0.4103,25.54,78.998,12.617,205.25,SSP2-4.5
2031-06-19,0.701,27.457,67.755,14.195,260.45,SSP2-4.5
2031-06-20,0.0,26.823,69.498,13.148,241.27,SSP2-4.5
2031-06-21,0.2649,27.907,66.754,12.555,258.91,SSP2-4.5
2031-06-22,5.6593,27.861,68.454,13.707,270.15,SSP2-4.5
2031-06-23,0.0,27.02,70.418,12.812,243.24,SSP2-4.5
2031-06-24,4.3998,27.135,73.465,11.212,240.16,SSP2-4.5
2031-06-25,4.5937,26.574,78.437,10.79,243.32,SSP2-4.5
2031-06-26,4.2158,26.416,79.742,10.371,238.87,SSP2-4.5
2031-06-27,2.5428,26.999,75.661,11.9,240.73,SSP2-4.5
2031-06-28,2.72,25.826,84.054,12.243,208.28,SSP2-4.5
2031-06-29,1.2184,26.411,78.365,13.949,230.45,SSP2-4.5
2031-06-30,28.4752,25.007,91.061,14.494,160.49,SSP2-4.5
2031-07-01,11.5051,25.875,88.539,13.851,185.05,SSP2-4.5
2031-07-02,2.8423,26.192,87.646,10.667,220.23,SSP2-4.5
2031-07-03,0.1936,26.354,86.451,9.107,216.33,SSP2-4.5
2031-07-04,1.5015,27.048,83.234,10.071,243.14,SSP2-4.5
2031-07-05,6.6877,26.737,84.035,10.561,239.07,SSP2-4.5
2031-07-06,4.7408,26.599,84.919,11.555,228.88,SSP2-4.5
2031-07-07,0.2213,26.964,81.591,10.481,236.41,SSP2-4.5
2031-07-08,0.7351,26.398,87.047,8.724,216.66,SSP2-4.5
2031-07-09,13.7851,26.72,86.497,9.638,230.54,SSP2-4.5
2031-07-10,0.1704,26.664,82.624,11.748,229.66,SSP2-4.5
2031-07-11,0.0129,26.778,82.067,13.259,228.27,SSP2-4.5
2031-07-12,0.3357,26.778,84.761,11.967,226.95,SSP2-4.5
2031-07-13,0.084,27.095,81.77,10.426,253.05,SSP2-4.5
2031-07-14,0.6006,27.211,84.379,8.598,240.08,SSP2-4.5
2031-07-15,14.7047,26.616,89.945,4.629,222.61,SSP2-4.5
2031-07-16,4.1642,27.111,87.298,5.403,238.25,SSP2-4.5
2031-07-17,8.4437,26.798,88.879,9.749,230.31,SSP2-4.5
2031-07-18,19.7576,26.176,91.818,10.362,208.66,SSP2-4.5
2031-07-19,20.2913,25.991,92.202,10.516,200.07,SSP2-4.5
2031-07-20,9.2759,26.577,87.701,11.368,225.36,SSP2-4.5
2031-07-21,0.2443,26.591,87.729,8.897,223.45,SSP2-4.5
2031-07-22,8.4737,27.449,86.259,7.664,262.79,SSP2-4.5
2031-07-23,20.925,26.428,91.436,5.994,224.71,SSP2-4.5
2031-07-24,23.2828,26.771,90.023,7.198,239.33,SSP2-4.5
2031-07-25,9.7703,26.38,90.658,9.052,222.84,SSP2-4.5
2031-07-26,21.0431,26.196,91.805,8.423,215.31,SSP2-4.5
2031-07-27,11.21,26.573,90.074,8.339,220.83,SSP2-4.5
2031-07-28,1.5045,26.863,89.001,6.915,242.96,SSP2-4.5
2031-07-29,8.33,26.386,91.279,4.611,217.61,SSP2-4.5
2031-07-30,0.1247,27.461,86.267,4.654,274.14,SSP2-4.5
2031-07-31,15.424,27.323,89.67,8.436,243.49,SSP2-4.5
2031-08-01,6.4878,26.951,91.111,9.511,216.06,SSP2-4.5
2031-08-02,24.9996,26.473,92.032,8.326,210.82,SSP2-4.5
2031-08-03,36.0543,26.286,93.383,10.483,213.32,SSP2-4.5
2031-08-04,27.2811,26.008,91.366,18.247,182.87,SSP2-4.5
2031-08-05,1.1299,26.013,92.072,11.237,186.77,SSP2-4.5
2031-08-06,0.0,26.83,84.795,14.563,250.06,SSP2-4.5
2031-08-07,0.4841,26.373,88.202,12.755,220.38,SSP2-4.5
2031-08-08,0.302,25.646,90.495,13.158,201.85,SSP2-4.5
2031-08-09,18.3628,26.197,87.328,17.206,228.82,SSP2-4.5
2031-08-10,0.065,26.151,88.864,14.666,215.78,SSP2-4.5
2031-08-11,83.7803,25.2,94.325,15.235,167.66,SSP2-4.5
2031-08-12,15.1423,25.788,92.798,14.698,192.62,SSP2-4.5
2031-08-13,16.9902,25.687,93.601,11.518,181.59,SSP2-4.5
2031-08-14,0.3043,26.224,88.464,13.409,216.68,SSP2-4.5
2031-08-15,0.0,26.762,84.644,13.008,243.3,SSP2-4.5
2031-08-16,0.0,26.868,82.553,12.439,253.39,SSP2-4.5
2031-08-17,0.1102,26.832,85.143,10.981,251.16,SSP2-4.5
2031-08-18,0.0,26.666,86.538,9.71,227.9,SSP2-4.5
2031-08-19,0.0,26.753,85.526,8.27,239.85,SSP2-4.5
2031-08-20,0.0,27.129,82.384,8.896,275.32,SSP2-4.5
2031-08-21,0.0,27.386,83.239,7.718,270.53,SSP2-4.5
2031-08-22,4.2539,26.889,88.089,6.708,237.3,SSP2-4.5
2031-08-23,15.5812,26.686,90.619,5.029,229.65,SSP2-4.5
2031-08-24,23.4673,26.631,91.838,3.659,228.77,SSP2-4.5
2031-08-25,14.1157,26.325,92.396,5.123,228.43,SSP2-4.5
2031-08-26,3.0464,26.347,91.667,7.836,220.0,SSP2-4.5
2031-08-27,0.0,26.824,86.488,8.449,250.6,SSP2-4.5
2031-08-28,0.0,26.925,82.063,8.153,279.2,SSP2-4.5
2031-08-29,0.0,27.392,80.502,7.258,272.56,SSP2-4.5
2031-08-30,0.0,27.522,84.695,5.583,247.71,SSP2-4.5
2031-08-31,0.0,27.539,86.048,5.63,244.08,SSP2-4.5
2031-09-01,0.0,28.187,82.573,8.322,255.62,SSP2-4.5
2031-09-02,0.0148,28.26,82.936,8.639,252.44,SSP2-4.5
2031-09-03,16.2335,27.478,88.934,8.662,228.38,SSP2-4.5
2031-09-04,4.8321,27.215,91.019,8.623,210.56,SSP2-4.5
2031-09-05,1.2608,27.231,90.651,6.107,230.56,SSP2-4.5
2031-09-06,0.0,27.833,86.125,5.352,248.1,SSP2-4.5
2031-09-07,1.2628,27.926,87.76,5.677,237.12,SSP2-4.5
2031-09-08,0.0,28.188,84.274,6.898,243.06,SSP2-4.5
2031-09-09,0.0,27.746,84.15,8.257,231.07,SSP2-4.5
2031-09-10,0.0,27.986,76.477,9.968,265.88,SSP2-4.5
2031-09-11,0.0143,27.965,81.626,9.767,236.54,SSP2-4.5
2031-09-12,0.37,27.916,81.721,8.424,236.4,SSP2-4.5
2031-09-13,0.3681,27.782,85.038,5.466,235.47,SSP2-4.5
2031-09-14,0.0,27.808,83.978,3.719,237.01,SSP2-4.5
2031-09-15,0.0158,28.019,83.917,3.677,238.34,SSP2-4.5
2031-09-16,21.4318,27.706,88.826,4.147,228.34,SSP2-4.5
2031-09-17,32.3406,26.639,95.472,5.553,184.18,SSP2-4.5
2031-09-18,30.5288,26.537,94.773,5.311,194.87,SSP2-4.5
2031-09-19,6.0189,27.018,91.303,7.2,215.53,SSP2-4.5
2031-09-20,0.8379,27.185,87.841,5.111,239.01,SSP2-4.5
2031-09-21,2.5517,27.115,89.931,4.326,221.8,SSP2-4.5
2031-09-22,1.4397,27.386,88.465,3.683,228.97,SSP2-4.5
2031-09-23,0.2447,27.806,84.347,3.622,244.42,SSP2-4.5
2031-09-24,12.4154,27.095,90.949,2.782,217.06,SSP2-4.5
2031-09-25,19.7943,26.966,91.756,3.993,217.91,SSP2-4.5
2031-09-26,3.7263,26.821,90.571,6.156,223.51,SSP2-4.5
2031-09-27,2.0376,26.966,88.466,5.144,231.6,SSP2-4.5
2031-09-28,9.576,27.137,89.447,5.373,224.45,SSP2-4.5
2031-09-29,7.1452,27.106,89.63,4.357,228.59,SSP2-4.5
2031-09-30,17.2327,27.069,87.913,5.264,231.77,SSP2-4.5
2031-10-01,3.8882,26.354,85.651,6.895,252.31,SSP2-4.5
2031-10-02,15.1975,25.96,88.4,11.094,204.0,SSP2-4.5
2031-10-03,0.0,26.148,78.578,13.337,212.09,SSP2-4.5
2031-10-04,11.5924,25.72,83.7,14.29,206.2,SSP2-4.5
2031-10-05,29.0773,24.981,92.256,11.405,143.83,SSP2-4.5
2031-10-06,9.5081,25.25,91.432,7.604,174.77,SSP2-4.5
2031-10-07,1.305,25.306,90.104,7.87,193.79,SSP2-4.5
2031-10-08,0.2642,25.539,85.052,9.366,207.79,SSP2-4.5
2031-10-09,0.4135,25.456,85.997,9.096,202.42,SSP2-4.5
2031-10-10,3.5305,25.457,89.129,9.53,192.52,SSP2-4.5
2031-10-11,0.0,25.921,84.478,9.591,227.38,SSP2-4.5
2031-10-12,0.0,26.311,75.747,9.838,240.29,SSP2-4.5
2031-10-13,0.0,26.277,76.917,8.519,235.32,SSP2-4.5
2031-10-14,0.0,26.615,72.74,8.579,262.13,SSP2-4.5
2031-10-15,0.0,26.536,73.573,7.882,246.32,SSP2-4.5
2031-10-16,0.0198,26.439,67.58,7.804,255.71,SSP2-4.5
2031-10-17,0.0,26.447,61.789,8.174,264.98,SSP2-4.5
2031-10-18,0.0,25.874,58.762,6.845,258.64,SSP2-4.5
2031-10-19,0.0,25.391,76.517,3.924,230.62,SSP2-4.5
2031-10-20,0.4543,25.987,79.712,7.467,213.86,SSP2-4.5
2031-10-21,28.7987,25.137,84.397,10.866,190.05,SSP2-4.5
2031-10-22,32.6433,23.537,92.701,10.798,121.88,SSP2-4.5
2031-10-23,55.1891,23.026,94.94,9.496,113.19,SSP2-4.5
2031-10-24,30.4573,22.999,95.081,10.076,111.69,SSP2-4.5
2031-10-25,9.2145,24.231,89.793,10.198,180.1,SSP2-4.5
2031-10-26,0.3247,24.389,86.938,8.123,204.78,SSP2-4.5
2031-10-27,0.0,24.979,85.119,2.538,218.44,SSP2-4.5
2031-10-28,0.0807,25.825,83.886,3.836,220.98,SSP2-4.5
2031-10-29,0.0,25.766,71.284,4.658,249.51,SSP2-4.5
2031-10-30,0.0,25.524,73.087,3.925,212.52,SSP2-4.5
2031-10-31,0.0,25.526,70.803,6.483,237.87,SSP2-4.5
2031-11-01,0.0,25.601,70.918,6.172,238.64,SSP2-4.5
2031-11-02,0.0,25.342,72.429,5.744,236.49,SSP2-4.5
2031-11-03,0.0,25.306,77.643,5.209,217.24,SSP2-4.5
2031-11-04,0.0,25.286,72.259,7.136,219.14,SSP2-4.5
2031-11-05,0.0,25.162,70.398,5.549,226.27,SSP2-4.5
2031-11-06,0.0,25.216,71.826,5.366,225.6,SSP2-4.5
2031-11-07,0.0,25.039,71.573,5.673,218.33,SSP2-4.5
2031-11-08,0.0,24.779,63.956,6.129,240.17,SSP2-4.5
2031-11-09,0.0,24.524,60.602,4.859,240.62,SSP2-4.5
2031-11-10,0.0,24.388,65.48,7.168,232.85,SSP2-4.5
2031-11-11,0.0,24.476,67.538,6.346,217.89,SSP2-4.5
2031-11-12,0.0,24.492,73.308,4.864,197.18,SSP2-4.5
2031-11-13,0.0,24.075,81.09,3.236,175.38,SSP2-4.5
2031-11-14,0.0,25.309,75.891,4.703,207.63,SSP2-4.5
2031-11-15,0.0,24.713,65.988,7.806,211.07,SSP2-4.5
2031-11-16,0.0,23.42,43.885,8.468,234.45,SSP2-4.5
2031-11-17,0.0,22.884,44.728,8.489,217.86,SSP2-4.5
2031-11-18,0.0,22.34,43.37,10.352,242.43,SSP2-4.5
2031-11-19,0.0,21.45,37.642,8.224,223.03,SSP2-4.5
2031-11-20,0.0,21.132,36.921,8.743,251.32,SSP2-4.5
2031-11-21,0.0,21.869,42.055,6.912,234.0,SSP2-4.5
2031-11-22,0.0,22.903,53.821,8.996,235.43,SSP2-4.5
2031-11-23,0.0,23.607,49.245,7.463,247.39,SSP2-4.5
2031-11-24,0.0,23.455,51.663,5.576,201.77,SSP2-4.5
2031-11-25,0.0,23.362,48.592,6.34,230.65,SSP2-4.5
2031-11-26,0.0,23.205,49.772,7.236,241.08,SSP2-4.5
2031-11-27,0.3667,23.47,61.148,7.998,227.76,SSP2-4.5
2031-11-28,0.8545,23.532,81.339,5.255,169.94,SSP2-4.5
2031-11-29,0.5623,23.859,76.792,4.441,164.03,SSP2-4.5
2031-11-30,0.0,24.046,74.165,4.44,176.63,SSP2-4.5
2031-12-01,0.0,23.798,64.61,5.034,182.85,SSP2-4.5
2031-12-02,0.0,23.347,65.657,5.828,189.49,SSP2-4.5
2031-12-03,0.0,23.484,60.889,6.417,209.32,SSP2-4.5
2031-12-04,0.0,23.494,57.656,5.334,215.6,SSP2-4.5
2031-12-05,0.0,24.01,57.578,5.872,215.93,SSP2-4.5
2031-12-06,0.0,21.976,61.378,10.16,181.21,SSP2-4.5
2031-12-07,0.0,22.255,52.857,12.129,226.2,SSP2-4.5
2031-12-08,0.0,22.109,50.74,11.07,230.56,SSP2-4.5
2031-12-09,0.0,22.404,52.069,8.915,236.57,SSP2-4.5
2031-12-10,0.0,23.201,51.285,7.794,233.92,SSP2-4.5
2031-12-11,0.0,22.733,59.924,7.748,227.23,SSP2-4.5
2031-12-12,0.0,23.0,62.81,7.049,212.72,SSP2-4.5
2031-12-13,0.0,22.583,71.426,5.647,174.24,SSP2-4.5
2031-12-14,0.0,23.14,64.741,7.087,188.57,SSP2-4.5
2031-12-15,0.0,21.818,64.11,6.533,166.33,SSP2-4.5
2031-12-16,0.0,22.658,58.216,7.179,219.26,SSP2-4.5
2031-12-17,0.0,21.823,68.992,7.178,182.35,SSP2-4.5
2031-12-18,0.0,21.509,65.185,6.384,172.75,SSP2-4.5
2031-12-19,0.0,22.043,53.977,3.246,206.03,SSP2-4.5
2031-12-20,0.0,21.997,46.612,6.768,225.93,SSP2-4.5
2031-12-21,0.0,21.677,44.244,6.663,237.64,SSP2-4.5
2031-12-22,0.0,21.532,51.102,5.075,221.77,SSP2-4.5
2031-12-23,0.0,21.692,50.159,5.426,217.26,SSP2-4.5
2031-12-24,0.0,21.625,51.059,7.013,211.37,SSP2-4.5
2031-12-25,0.0,21.377,50.197,7.885,216.72,SSP2-4.5
2031-12-26,0.0,21.397,43.313,10.047,225.89,SSP2-4.5
2031-12-27,0.0,20.825,47.259,9.135,200.54,SSP2-4.5
2031-12-28,0.0,21.549,46.537,8.95,207.52,SSP2-4.5
2031-12-29,0.0,20.196,56.414,12.767,166.17,SSP2-4.5
2031-12-30,0.0,9.216,81.615,12.865,114.36,SSP2-4.5
2031-12-31,0.0,17.843,89.609,11.928,112.36,SSP2-4.5
2032-01-01,0.0,21.486,75.755,10.484,175.82,SSP2-4.5
2032-01-02,0.0,21.874,54.553,10.855,234.18,SSP2-4.5
2032-01-03,0.0,22.227,50.978,8.847,242.78,SSP2-4.5
2032-01-04,0.0,21.886,52.219,8.504,241.79,SSP2-4.5
2032-01-05,0.0,21.851,48.323,8.333,241.86,SSP2-4.5
2032-01-06,0.0,21.482,47.721,7.246,245.51,SSP2-4.5
2032-01-07,0.0,21.467,49.86,4.483,244.95,SSP2-4.5
2032-01-08,0.0,22.228,48.138,7.968,246.03,SSP2-4.5
2032-01-09,0.0,22.19,51.068,7.624,243.39,SSP2-4.5
2032-01-10,0.0,22.604,50.784,6.831,242.01,SSP2-4.5
2032-01-11,0.0,22.799,49.961,7.005,245.92,SSP2-4.5
2032-01-12,0.0,22.72,44.318,6.639,248.01,SSP2-4.5
2032-01-13,0.0,22.546,42.154,6.985,252.11,SSP2-4.5
2032-01-14,0.0,22.522,52.35,7.009,245.32,SSP2-4.5
2032-01-15,0.0,22.946,51.278,8.747,236.73,SSP2-4.5
2032-01-16,0.0,22.688,50.551,8.944,239.18,SSP2-4.5
2032-01-17,0.0,23.226,50.818,8.653,243.89,SSP2-4.5
2032-01-18,0.0,23.052,49.398,8.557,236.61,SSP2-4.5
2032-01-19,0.0,22.938,46.063,9.509,244.68,SSP2-4.5
2032-01-20,0.0,23.301,42.436,10.678,243.09,SSP2-4.5
2032-01-21,0.0,23.266,38.986,11.827,250.01,SSP2-4.5
2032-01-22,0.0,22.849,39.453,8.581,252.47,SSP2-4.5
2032-01-23,0.0,22.88,39.814,5.872,256.69,SSP2-4.5
2032-01-24,0.0,23.171,40.443,5.342,258.88,SSP2-4.5
2032-01-25,0.0,23.215,40.842,5.405,253.18,SSP2-4.5
2032-01-26,0.0,23.381,40.929,6.208,218.67,SSP2-4.5
2032-01-27,0.0,23.224,38.964,4.986,262.3,SSP2-4.5
2032-01-28,0.0,23.812,42.884,4.91,256.61,SSP2-4.5
2032-01-29,0.0,24.28,42.848,5.47,255.02,SSP2-4.5
2032-01-30,0.0,24.226,40.421,6.476,255.45,SSP2-4.5
2032-01-31,0.0,23.891,35.154,10.088,264.26,SSP2-4.5
2032-02-01,0.0,23.423,34.069,9.573,271.55,SSP2-4.5
2032-02-02,0.0,23.225,38.311,5.657,270.67,SSP2-4.5
2032-02-03,0.0,24.07,39.631,5.874,264.83,SSP2-4.5
2032-02-04,0.0,24.108,39.25,4.605,257.31,SSP2-4.5
2032-02-05,0.0,23.979,41.661,6.314,261.07,SSP2-4.5
2032-02-06,0.0,24.609,40.77,6.769,252.34,SSP2-4.5
2032-02-07,0.0,24.441,39.253,10.483,263.46,SSP2-4.5
2032-02-08,0.0,24.442,33.018,13.916,264.92,SSP2-4.5
2032-02-09,0.0,24.25,31.708,11.671,269.97,SSP2-4.5
2032-02-10,0.0,24.034,31.386,11.329,271.92,SSP2-4.5
2032-02-11,0.0,24.116,33.663,10.694,269.59,SSP2-4.5
2032-02-12,0.0,24.668,38.164,7.973,264.08,SSP2-4.5
2032-02-13,0.0,24.927,42.998,5.868,262.31,SSP2-4.5
2032-02-14,0.0,25.742,41.767,9.093,243.96,SSP2-4.5
2032-02-15,0.0,25.105,35.637,7.837,277.9,SSP2-4.5
2032-02-16,0.0,24.751,33.159,10.25,275.84,SSP2-4.5
2032-02-17,0.0,24.618,34.397,6.713,276.32,SSP2-4.5
2032-02-18,0.0,25.226,35.974,7.624,274.49,SSP2-4.5
2032-02-19,0.0,25.366,40.666,8.494,256.05,SSP2-4.5
2032-02-20,0.0,24.988,35.804,8.633,270.71,SSP2-4.5
2032-02-21,0.0,24.778,37.774,9.545,290.86,SSP2-4.5
2032-02-22,0.0,26.089,41.484,8.965,267.4,SSP2-4.5
2032-02-23,0.0,26.237,38.605,8.362,282.94,SSP2-4.5
2032-02-24,0.0,26.495,37.854,7.283,283.54,SSP2-4.5
2032-02-25,0.0,26.688,37.236,8.856,278.06,SSP2-4.5
2032-02-26,0.0,26.49,34.778,9.501,282.92,SSP2-4.5
2032-02-27,0.0,26.727,32.623,11.015,287.23,SSP2-4.5
2032-02-28,0.0,26.546,33.337,10.766,295.23,SSP2-4.5
2032-02-29,0.0,27.2,34.345,7.947,289.08,SSP2-4.5
2032-03-01,0.0,27.278,31.869,6.628,289.65,SSP2-4.5
2032-03-02,0.0,27.76,30.159,6.923,285.5,SSP2-4.5
2032-03-03,0.0,27.925,31.312,9.18,287.95,SSP2-4.5
2032-03-04,0.0,28.479,31.463,10.605,298.66,SSP2-4.5
2032-03-05,0.0,28.448,31.606,8.65,300.11,SSP2-4.5
2032-03-06,0.0,28.579,28.597,8.005,303.2,SSP2-4.5
2032-03-07,0.0,28.604,29.493,7.463,301.15,SSP2-4.5
2032-03-08,0.0,28.505,30.502,9.382,311.61,SSP2-4.5
2032-03-09,0.0,28.851,31.745,9.994,299.56,SSP2-4.5
2032-03-10,0.0,29.107,30.885,9.869,305.01,SSP2-4.5
2032-03-11,0.0,28.878,29.798,8.363,290.67,SSP2-4.5
2032-03-12,0.0031,29.326,30.446,9.641,271.8,SSP2-4.5
2032-03-13,0.0,28.906,32.423,6.399,246.5,SSP2-4.5
2032-03-14,0.0,26.342,39.412,5.108,188.63,SSP2-4.5
2032-03-15,0.0,26.931,39.8,7.354,214.45,SSP2-4.5
2032-03-16,0.0,28.428,31.569,6.78,305.51,SSP2-4.5
2032-03-17,0.0,29.112,28.733,6.723,317.09,SSP2-4.5
2032-03-18,0.0,29.528,27.703,7.338,318.69,SSP2-4.5
2032-03-19,0.0,29.724,26.218,8.056,306.06,SSP2-4.5
2032-03-20,0.0,30.088,26.55,7.179,301.55,SSP2-4.5
2032-03-21,0.0,30.719,26.708,8.027,282.57,SSP2-4.5
2032-03-22,0.0,30.552,27.203,6.36,293.73,SSP2-4.5
2032-03-23,0.0,30.114,29.466,6.393,321.62,SSP2-4.5
2032-03-24,0.0039,30.813,31.038,10.942,302.02,SSP2-4.5
2032-03-25,0.0179,31.473,31.119,8.614,295.04,SSP2-4.5
2032-03-26,0.0242,30.722,27.815,9.318,313.93,SSP2-4.5
2032-03-27,0.0012,30.66,26.812,6.903,328.12,SSP2-4.5
2032-03-28,0.0,30.47,26.599,7.504,318.3,SSP2-4.5
2032-03-29,0.0,31.034,24.629,10.378,297.43,SSP2-4.5
2032-03-30,0.0,31.24,23.284,10.172,286.35,SSP2-4.5
2032-03-31,0.0,31.112,26.342,6.782,267.17,SSP2-4.5
2032-04-01,0.0,30.324,26.305,9.657,301.94,SSP2-4.5
2032-04-02,0.0069,30.66,27.217,9.426,313.54,SSP2-4.5
2032-04-03,0.0116,30.495,29.507,10.97,294.36,SSP2-4.5
2032-04-04,0.0782,30.087,28.13,9.473,318.4,SSP2-4.5
2032-04-05,0.7679,27.719,47.419,7.089,210.92,SSP2-4.5
2032-04-06,0.0876,30.53,34.306,8.186,284.99,SSP2-4.5
2032-04-07,0.0,30.457,29.173,6.752,334.78,SSP2-4.5
2032-04-08,0.0,30.16,29.906,5.499,326.07,SSP2-4.5
2032-04-09,0.0,30.551,29.737,6.904,310.36,SSP2-4.5
2032-04-10,0.1463,31.573,29.649,8.26,278.41,SSP2-4.5
2032-04-11,0.0166,32.233,27.622,6.436,269.43,SSP2-4.5
2032-04-12,0.0,31.893,24.284,8.619,329.35,SSP2-4.5
2032-04-13,0.0006,31.676,24.902,9.246,321.81,SSP2-4.5
2032-04-14,0.0085,32.184,26.201,6.733,278.36,SSP2-4.5
2032-04-15,0.1586,30.952,37.092,8.785,253.5,SSP2-4.5
2032-04-16,0.4365,31.799,33.302,8.17,274.01,SSP2-4.5
2032-04-17,0.213,31.687,33.062,6.935,269.87,SSP2-4.5
2032-04-18,0.1131,32.115,30.405,7.067,286.7,SSP2-4.5
2032-04-19,0.0156,32.177,27.502,7.884,303.37,SSP2-4.5
2032-04-20,0.014,31.243,28.612,6.163,284.41,SSP2-4.5
2032-04-21,0.0,31.643,27.021,7.874,279.25,SSP2-4.5
2032-04-22,0.0,31.432,28.77,8.205,273.05,SSP2-4.5
2032-04-23,0.0,31.437,28.678,8.788,268.76,SSP2-4.5
2032-04-24,0.0,31.717,26.203,8.523,310.78,SSP2-4.5
2032-04-25,0.0,31.307,27.444,6.375,250.81,SSP2-4.5
2032-04-26,0.0,31.617,27.647,7.838,285.86,SSP2-4.5
2032-04-27,0.0,32.37,26.562,9.206,328.0,SSP2-4.5
2032-04-28,0.0,32.582,25.887,9.544,330.29,SSP2-4.5
2032-04-29,0.0,32.527,24.455,8.408,326.67,SSP2-4.5
2032-04-30,0.0,33.069,23.781,9.056,312.65,SSP2-4.5
2032-05-01,0.0,32.707,25.717,9.436,263.81,SSP2-4.5
2032-05-02,0.0,31.738,30.926,9.722,233.09,SSP2-4.5
2032-05-03,0.0,31.87,32.433,7.315,247.14,SSP2-4.5
2032-05-04,0.1845,32.857,27.963,6.777,305.99,SSP2-4.5
2032-05-05,0.9781,32.662,34.307,7.19,265.44,SSP2-4.5
2032-05-06,0.0071,33.052,31.22,6.105,278.85,SSP2-4.5
2032-05-07,0.1721,33.284,28.916,6.351,301.45,SSP2-4.5
2032-05-08,1.9727,32.9,33.229,8.523,289.67,SSP2-4.5
2032-05-09,0.4477,32.727,34.248,6.168,279.24,SSP2-4.5
2032-05-10,0.0174,33.219,28.808,6.698,315.14,SSP2-4.5
2032-05-11,0.0,33.581,26.251,7.498,318.56,SSP2-4.5
2032-05-12,0.0,33.846,22.446,9.8,343.33,SSP2-4.5
2032-05-13,0.0,33.772,20.613,12.728,330.8,SSP2-4.5
2032-05-14,0.0,33.521,19.689,11.777,355.25,SSP2-4.5
2032-05-15,0.0,33.493,18.822,11.166,360.22,SSP2-4.5
2032-05-16,0.0,33.438,18.887,9.948,352.44,SSP2-4.5
2032-05-17,0.0,34.438,20.792,9.686,341.78,SSP2-4.5
2032-05-18,0.0,34.787,22.559,11.488,321.24,SSP2-4.5
2032-05-19,0.0,35.03,22.807,13.088,303.82,SSP2-4.5
2032-05-20,0.1056,34.958,24.076,13.951,320.45,SSP2-4.5
2032-05-21,0.0,34.594,25.12,13.135,288.02,SSP2-4.5
2032-05-22,0.0,34.919,24.726,13.369,309.59,SSP2-4.5
2032-05-23,0.0,35.04,23.945,14.825,315.86,SSP2-4.5
2032-05-24,0.0,35.062,23.885,14.367,307.78,SSP2-4.5
2032-05-25,0.0,35.181,22.389,14.864,311.12,SSP2-4.5
2032-05-26,0.0,34.994,21.681,14.237,322.9,SSP2-4.5
2032-05-27,0.0,35.258,21.636,14.224,336.68,SSP2-4.5
2032-05-28,0.0,35.25,22.178,13.494,299.81,SSP2-4.5
2032-05-29,0.0,35.074,21.335,13.198,329.47,SSP2-4.5
2032-05-30,0.0,35.116,21.474,10.656,311.71,SSP2-4.5
2032-05-31,0.8877,35.239,26.103,7.87,313.95,SSP2-4.5
2032-06-01,0.0,35.14,27.495,5.362,303.45,SSP2-4.5
2032-06-02,0.0055,35.244,25.337,4.248,299.58,SSP2-4.5
2032-06-03,2.3934,34.026,33.921,7.741,269.12,SSP2-4.5
2032-06-04,11.3023,33.058,52.586,9.463,277.34,SSP2-4.5
2032-06-05,0.0,32.274,52.769,6.832,267.02,SSP2-4.5
2032-06-06,0.0,33.83,36.774,5.419,296.83,SSP2-4.5
2032-06-07,2.9757,34.387,39.146,5.372,294.34,SSP2-4.5
2032-06-08,0.0,33.409,40.946,5.783,268.72,SSP2-4.5
2032-06-09,0.0,34.158,28.472,12.183,319.36,SSP2-4.5
2032-06-10,0.0,34.044,29.225,14.0,313.13,SSP2-4.5
2032-06-11,0.0,33.796,32.437,16.066,300.3,SSP2-4.5
2032-06-12,0.0,33.779,32.155,17.635,309.84,SSP2-4.5
2032-06-13,0.0,32.457,39.822,14.617,262.77,SSP2-4.5
2032-06-14,0.0,32.125,41.041,13.583,266.77,SSP2-4.5
2032-06-15,0.0,34.047,36.591,12.543,283.67,SSP2-4.5
2032-06-16,0.0,34.672,34.615,15.1,321.63,SSP2-4.5
2032-06-17,0.0,34.536,33.119,15.596,333.74,SSP2-4.5
2032-06-18,0.0,34.777,34.048,16.261,319.2,SSP2-4.5
2032-06-19,0.0,33.684,41.552,14.514,285.79,SSP2-4.5
2032-06-20,0.0,33.292,43.2,14.283,294.41,SSP2-4.5
2032-06-21,0.0575,32.535,45.82,13.924,284.04,SSP2-4.5
2032-06-22,0.1916,32.024,47.942,11.705,286.5,SSP2-4.5
2032-06-23,0.4734,31.932,49.605,12.896,285.46,SSP2-4.5
2032-06-24,2.8757,27.698,73.01,10.456,210.94,SSP2-4.5
2032-06-25,0.2504,28.695,66.337,12.55,232.38,SSP2-4.5
2032-06-26,11.4622,29.506,64.96,14.458,263.55,SSP2-4.5
2032-06-27,0.5687,28.963,65.323,15.933,276.78,SSP2-4.5
2032-06-28,1.4903,27.457,74.473,15.722,233.46,SSP2-4.5
2032-06-29,2.138,26.685,82.558,12.588,195.96,SSP2-4.5
2032-06-30,0.9294,27.611,76.138,11.857,230.75,SSP2-4.5
2032-07-01,0.4482,28.055,76.295,9.591,229.6,SSP2-4.5
2032-07-02,20.0403,27.089,88.042,5.045,215.44,SSP2-4.5
2032-07-03,18.3994,27.068,88.015,10.178,225.69,SSP2-4.5
2032-07-04,15.11,26.421,88.437,14.299,192.92,SSP2-4.5
2032-07-05,4.5183,26.893,86.097,12.903,203.13,SSP2-4.5
2032-07-06,6.4121,27.15,83.095,15.485,222.77,SSP2-4.5
2032-07-07,26.9319,26.407,88.556,17.389,198.96,SSP2-4.5
2032-07-08,24.0002,25.939,91.265,16.662,146.98,SSP2-4.5
2032-07-09,15.6903,25.95,90.828,12.94,181.56,SSP2-4.5
2032-07-10,5.8696,26.505,90.023,10.693,191.21,SSP2-4.5
2032-07-11,21.9523,26.87,89.168,12.021,224.17,SSP2-4.5
2032-07-12,25.0527,26.471,92.217,15.286,176.14,SSP2-4.5
2032-07-13,19.9162,26.534,90.664,16.568,176.1,SSP2-4.5
2032-07-14,0.0,26.829,86.379,13.63,218.64,SSP2-4.5
2032-07-15,3.0447,27.159,86.015,12.719,227.08,SSP2-4.5
2032-07-16,0.0,27.583,82.619,11.718,257.71,SSP2-4.5
2032-07-17,0.012,26.906,87.303,11.274,223.62,SSP2-4.5
2032-07-18,0.405,26.69,88.857,10.339,208.61,SSP2-4.5
2032-07-19,0.7394,26.931,85.542,13.24,226.71,SSP2-4.5
2032-07-20,3.3118,26.671,87.984,13.838,213.55,SSP2-4.5
2032-07-21,1.7448,26.668,86.177,16.563,212.12,SSP2-4.5
2032-07-22,23.5472,26.367,89.876,16.229,204.89,SSP2-4.5
2032-07-23,23.038,25.903,92.907,13.118,181.15,SSP2-4.5
2032-07-24,2.4,26.301,91.017,13.614,206.25,SSP2-4.5
2032-07-25,0.0,26.96,87.555,16.285,219.98,SSP2-4.5
2032-07-26,0.0,27.434,83.163,17.705,244.27,SSP2-4.5
2032-07-27,2.6252,27.217,84.629,16.828,237.22,SSP2-4.5
2032-07-28,2.7605,26.572,89.553,13.69,210.63,SSP2-4.5
2032-07-29,5.0408,26.48,89.768,16.037,199.47,SSP2-4.5
2032-07-30,3.7776,26.61,89.474,14.607,216.83,SSP2-4.5
2032-07-31,0.5945,26.341,91.592,10.582,196.61,SSP2-4.5
2032-08-01,0.0116,26.998,87.032,11.477,237.23,SSP2-4.5
2032-08-02,0.0,26.567,89.209,11.002,214.96,SSP2-4.5
2032-08-03,5.1343,26.818,88.816,8.529,226.41,SSP2-4.5
2032-08-04,0.0618,26.627,90.027,7.886,219.54,SSP2-4.5
2032-08-05,7.3343,26.715,89.845,5.813,222.2,SSP2-4.5
2032-08-06,9.6491,26.936,90.203,5.98,230.95,SSP2-4.5
2032-08-07,1.3141,27.257,88.785,7.358,234.14,SSP2-4.5
2032-08-08,0.7565,27.264,89.105,8.021,228.39,SSP2-4.5
2032-08-09,13.2757,26.831,90.298,8.63,224.19,SSP2-4.5
2032-08-10,0.7177,26.538,89.806,10.993,212.78,SSP2-4.5
2032-08-11,30.4976,26.134,92.568,12.257,186.16,SSP2-4.5
2032-08-12,13.288,26.149,92.96,10.52,194.38,SSP2-4.5
2032-08-13,0.0,26.326,90.558,10.737,208.45,SSP2-4.5
2032-08-14,0.0,26.548,89.423,9.865,212.95,SSP2-4.5
2032-08-15,0.1419,26.532,89.667,11.495,220.11,SSP2-4.5
2032-08-16,0.0,26.234,91.365,9.449,205.12,SSP2-4.5
2032-08-17,16.1459,26.502,92.117,9.542,210.74,SSP2-4.5
2032-08-18,18.8064,25.841,94.021,10.972,166.45,SSP2-4.5
2032-08-19,0.0,26.663,88.73,10.302,226.21,SSP2-4.5
2032-08-20,0.0,26.508,89.693,10.67,216.14,SSP2-4.5
2032-08-21,0.0,26.843,84.61,11.971,239.96,SSP2-4.5
2032-08-22,23.144,26.155,92.378,11.192,192.5,SSP2-4.5
2032-08-23,0.0,26.89,85.336,12.426,238.38,SSP2-4.5
2032-08-24,0.314,26.745,86.8,10.991,228.9,SSP2-4.5
2032-08-25,0.0,26.844,84.44,11.353,239.21,SSP2-4.5
2032-08-26,0.0,26.453,88.123,10.514,214.74,SSP2-4.5
2032-08-27,23.9621,26.616,90.052,9.521,236.92,SSP2-4.5
2032-08-28,8.0235,26.033,92.502,13.334,185.85,SSP2-4.5
2032-08-29,17.853,26.113,91.53,15.427,202.15,SSP2-4.5
2032-08-30,32.9825,25.491,94.353,10.769,140.81,SSP2-4.5
2032-08-31,9.9342,26.056,94.84,3.97,194.44,SSP2-4.5
2032-09-01,8.3514,27.029,92.373,5.467,221.44,SSP2-4.5
2032-09-02,0.4802,27.393,85.476,12.767,225.83,SSP2-4.5
2032-09-03,0.6013,27.002,86.445,12.709,213.08,SSP2-4.5
2032-09-04,0.0,27.565,78.716,13.163,250.88,SSP2-4.5
2032-09-05,0.0,27.729,75.591,14.243,281.43,SSP2-4.5
2032-09-06,0.0,27.541,81.038,12.047,245.77,SSP2-4.5
2032-09-07,0.0,27.718,80.708,10.63,245.55,SSP2-4.5
2032-09-08,0.0,27.891,83.559,9.465,239.8,SSP2-4.5
2032-09-09,0.0,27.951,77.157,11.267,262.52,SSP2-4.5
2032-09-10,0.0,28.422,72.925,12.16,275.39,SSP2-4.5
2032-09-11,0.0,28.023,72.861,12.084,284.13,SSP2-4.5
2032-09-12,0.0,27.984,72.339,11.284,276.43,SSP2-4.5
2032-09-13,0.0,28.089,73.157,9.579,280.36,SSP2-4.5
2032-09-14,0.0,28.037,72.619,8.79,277.84,SSP2-4.5
2032-09-15,0.0,28.082,71.698,8.34,267.58,SSP2-4.5
2032-09-16,0.0,28.165,70.395,7.959,280.61,SSP2-4.5
2032-09-17,0.0,27.899,73.898,8.065,249.44,SSP2-4.5
2032-09-18,0.0,27.717,76.663,7.852,241.92,SSP2-4.5
2032-09-19,0.0,27.992,74.339,7.516,259.57,SSP2-4.5
2032-09-20,0.0,28.0,71.144,8.051,260.7,SSP2-4.5
2032-09-21,0.0,27.555,77.328,6.655,223.83,SSP2-4.5
2032-09-22,0.0,27.09,83.2,8.004,218.85,SSP2-4.5
2032-09-23,0.0,26.851,88.778,6.518,204.23,SSP2-4.5
2032-09-24,0.0,27.498,75.323,5.328,279.91,SSP2-4.5
2032-09-25,0.0,28.53,70.97,6.628,270.06,SSP2-4.5
2032-09-26,0.0,28.722,68.136,7.688,255.66,SSP2-4.5
2032-09-27,0.0,28.565,65.948,7.861,243.49,SSP2-4.5
2032-09-28,0.0,27.341,82.17,6.903,202.67,SSP2-4.5
2032-09-29,0.0,28.627,64.379,7.526,278.58,SSP2-4.5
2032-09-30,0.0,27.997,75.506,6.846,227.96,SSP2-4.5
2032-10-01,0.1276,28.532,69.919,4.465,259.54,SSP2-4.5
2032-10-02,0.0176,28.153,74.498,4.884,226.42,SSP2-4.5
2032-10-03,0.0,27.448,76.852,4.451,233.11,SSP2-4.5
2032-10-04,0.0,27.978,71.925,4.059,254.56,SSP2-4.5
2032-10-05,0.0,26.31,79.954,6.107,217.4,SSP2-4.5
2032-10-06,0.0,27.271,68.761,5.07,247.9,SSP2-4.5
2032-10-07,0.0,27.569,65.509,5.498,254.86,SSP2-4.5
2032-10-08,0.0,26.929,70.437,6.307,250.24,SSP2-4.5
2032-10-09,0.0,26.747,71.444,6.841,240.4,SSP2-4.5
2032-10-10,0.0,26.973,69.639,6.662,257.17,SSP2-4.5
2032-10-11,0.0,26.514,75.681,6.45,230.24,SSP2-4.5
2032-10-12,0.6283,26.601,76.172,7.908,237.82,SSP2-4.5
2032-10-13,22.7775,25.303,88.556,5.831,201.53,SSP2-4.5
2032-10-14,10.1553,25.516,87.558,5.858,202.04,SSP2-4.5
2032-10-15,1.4548,25.721,82.71,7.488,209.47,SSP2-4.5
2032-10-16,0.2285,25.625,80.588,7.96,208.93,SSP2-4.5
2032-10-17,1.4075,25.791,82.413,5.157,216.26,SSP2-4.5
2032-10-18,0.4819,26.944,80.007,5.607,230.05,SSP2-4.5
2032-10-19,9.2652,26.243,83.596,6.072,204.87,SSP2-4.5
2032-10-20,0.277,26.825,79.935,5.706,212.92,SSP2-4.5
2032-10-21,6.3742,26.272,82.278,5.269,214.79,SSP2-4.5
2032-10-22,0.0037,25.806,81.551,4.361,206.74,SSP2-4.5
2032-10-23,0.0,26.538,69.221,3.851,233.66,SSP2-4.5
2032-10-24,0.5027,26.74,61.171,3.852,239.04,SSP2-4.5
2032-10-25,0.0,27.337,63.856,4.819,193.54,SSP2-4.5
2032-10-26,0.0038,26.797,65.803,5.964,211.16,SSP2-4.5
2032-10-27,0.0001,27.061,67.276,6.25,220.45,SSP2-4.5
2032-10-28,0.2393,26.704,67.835,4.268,213.03,SSP2-4.5
2032-10-29,0.0,26.688,59.403,3.437,221.69,SSP2-4.5
2032-10-30,0.0431,26.413,63.395,7.031,221.59,SSP2-4.5
2032-10-31,0.0,25.97,66.389,6.582,222.46,SSP2-4.5
2032-11-01,0.0,26.215,57.965,5.622,233.99,SSP2-4.5
2032-11-02,0.0,25.305,57.616,4.341,217.92,SSP2-4.5
2032-11-03,0.2715,25.103,63.223,6.916,201.17,SSP2-4.5
2032-11-04,0.0,25.132,63.162,8.613,187.27,SSP2-4.5
2032-11-05,0.0146,24.955,53.882,8.954,217.83,SSP2-4.5
2032-11-06,0.066,24.825,59.879,8.388,225.1,SSP2-4.5
2032-11-07,0.0751,24.984,60.812,7.924,197.66,SSP2-4.5
2032-11-08,0.0,25.102,57.319,8.232,222.14,SSP2-4.5
2032-11-09,0.0,25.283,52.717,8.203,238.37,SSP2-4.5
2032-11-10,0.0,24.904,53.32,5.673,231.48,SSP2-4.5
2032-11-11,0.0,24.684,54.512,6.839,235.4,SSP2-4.5
2032-11-12,0.0,25.106,54.88,7.667,223.88,SSP2-4.5
2032-11-13,0.0,25.119,55.777,7.529,214.57,SSP2-4.5
2032-11-14,0.0,24.905,56.986,7.082,215.52,SSP2-4.5
2032-11-15,0.0,25.17,57.19,6.624,211.25,SSP2-4.5
2032-11-16,0.0,25.185,57.007,7.932,212.01,SSP2-4.5
2032-11-17,0.0,25.317,63.057,7.153,200.27,SSP2-4.5
2032-11-18,0.0,25.31,60.036,4.367,208.04,SSP2-4.5
2032-11-19,0.0,25.507,52.891,6.547,221.0,SSP2-4.5
2032-11-20,0.0,25.917,55.501,7.603,210.06,SSP2-4.5
2032-11-21,0.0,25.792,53.768,10.697,211.28,SSP2-4.5
2032-11-22,0.0,26.061,47.677,11.881,221.71,SSP2-4.5
2032-11-23,0.0,25.6,49.596,8.797,230.63,SSP2-4.5
2032-11-24,0.0008,25.432,43.4,8.644,242.65,SSP2-4.5
2032-11-25,0.0,25.677,48.055,6.825,238.34,SSP2-4.5
2032-11-26,0.0,25.809,48.674,8.255,215.8,SSP2-4.5
2032-11-27,0.0,23.67,67.674,9.708,166.51,SSP2-4.5
2032-11-28,0.0,24.194,59.182,7.554,200.55,SSP2-4.5
2032-11-29,0.0,24.517,52.509,6.66,216.72,SSP2-4.5
2032-11-30,0.0,24.359,44.093,5.674,221.35,SSP2-4.5
2032-12-01,0.0,24.255,42.954,4.99,221.18,SSP2-4.5
2032-12-02,0.0,24.775,46.448,9.796,218.45,SSP2-4.5
2032-12-03,0.0,25.136,47.799,9.286,213.08,SSP2-4.5
2032-12-04,0.0,24.733,45.917,6.548,222.75,SSP2-4.5
2032-12-05,0.0,24.331,46.998,8.841,229.23,SSP2-4.5
2032-12-06,0.0,24.709,43.685,11.978,219.45,SSP2-4.5
2032-12-07,0.0,23.213,38.355,10.501,205.97,SSP2-4.5
2032-12-08,0.0,22.747,36.733,7.962,225.44,SSP2-4.5
2032-12-09,0.0,22.492,41.732,4.695,228.52,SSP2-4.5
2032-12-10,0.0,23.426,42.101,6.931,225.1,SSP2-4.5
2032-12-11,0.0,23.414,34.898,12.027,190.41,SSP2-4.5
2032-12-12,0.0,20.935,28.95,12.146,235.36,SSP2-4.5
2032-12-13,0.0,20.489,32.411,7.609,224.06,SSP2-4.5
2032-12-14,0.0,21.653,36.573,6.341,232.33,SSP2-4.5
2032-12-15,0.0,22.307,50.632,9.099,192.26,SSP2-4.5
2032-12-16,0.0,22.295,78.383,8.811,123.11,SSP2-4.5
2032-12-17,0.0,22.84,68.031,7.421,178.39,SSP2-4.5
2032-12-18,0.0,22.949,64.479,9.42,181.57,SSP2-4.5
2032-12-19,0.0,21.872,53.219,9.369,182.11,SSP2-4.5
2032-12-20,0.0,22.949,40.968,9.188,230.06,SSP2-4.5
2032-12-21,0.0,22.653,36.177,10.348,226.32,SSP2-4.5
2032-12-22,0.0,20.957,30.881,11.099,211.19,SSP2-4.5
2032-12-23,0.0,20.756,26.57,12.085,237.32,SSP2-4.5
2032-12-24,0.0,20.513,31.232,10.945,224.29,SSP2-4.5
2032-12-25,0.0,20.559,46.215,11.877,160.42,SSP2-4.5
2032-12-26,0.0,20.773,41.291,11.616,212.09,SSP2-4.5
2032-12-27,0.0,21.049,36.685,9.532,240.94,SSP2-4.5
2032-12-28,0.0,21.19,35.316,8.636,243.09,SSP2-4.5
2032-12-29,0.0,21.544,38.614,7.985,239.28,SSP2-4.5
2032-12-30,0.0,22.013,45.765,8.069,241.82,SSP2-4.5
2032-12-31,0.0,23.391,48.346,8.403,237.03,SSP2-4.5
2033-01-01,0.0,23.824,49.407,7.806,227.65,SSP2-4.5
2033-01-02,0.0,24.405,47.901,7.876,222.9,SSP2-4.5
2033-01-03,0.0,24.406,43.763,7.689,229.25,SSP2-4.5
2033-01-04,0.0,24.527,43.086,8.539,237.85,SSP2-4.5
2033-01-05,0.0,24.774,44.026,9.547,232.92,SSP2-4.5
2033-01-06,0.0,25.001,43.872,9.48,233.95,SSP2-4.5
2033-01-07,0.0,25.155,41.947,13.5,223.72,SSP2-4.5
2033-01-08,0.0,25.194,44.531,10.632,231.44,SSP2-4.5
2033-01-09,0.0,24.911,46.302,10.986,217.05,SSP2-4.5
2033-01-10,0.0,25.142,47.148,10.898,199.54,SSP2-4.5
2033-01-11,0.0,22.523,61.198,9.412,166.28,SSP2-4.5
2033-01-12,0.0,22.881,57.435,8.033,196.73,SSP2-4.5
2033-01-13,0.0,22.923,54.128,11.09,183.46,SSP2-4.5
2033-01-14,0.0,23.85,49.154,11.479,192.76,SSP2-4.5
2033-01-15,0.0,24.004,44.425,10.789,200.75,SSP2-4.5
2033-01-16,0.0,23.105,41.312,8.868,208.24,SSP2-4.5
2033-01-17,0.0,23.078,40.515,7.434,233.61,SSP2-4.5
2033-01-18,0.0,23.496,41.634,9.221,228.3,SSP2-4.5
2033-01-19,0.0,24.62,41.956,9.917,221.67,SSP2-4.5
2033-01-20,0.0,21.459,61.429,9.179,135.29,SSP2-4.5
2033-01-21,0.0,18.829,71.788,11.589,106.06,SSP2-4.5
2033-01-22,0.0,22.24,63.478,11.415,178.42,SSP2-4.5
2033-01-23,0.0,22.146,65.972,11.147,175.1,SSP2-4.5
2033-01-24,0.0,24.142,55.804,8.251,200.05,SSP2-4.5
2033-01-25,0.0,24.309,53.133,8.816,224.52,SSP2-4.5
2033-01-26,0.0,23.71,52.399,7.818,210.65,SSP2-4.5
2033-01-27,0.0,25.333,47.117,11.1,223.49,SSP2-4.5
2033-01-28,0.0,24.754,49.797,15.22,223.14,SSP2-4.5
2033-01-29,0.0,25.533,52.36,10.917,207.82,SSP2-4.5
2033-01-30,0.0,23.967,57.951,8.39,188.48,SSP2-4.5
2033-01-31,0.0,26.195,46.654,8.085,241.27,SSP2-4.5
2033-02-01,0.0,24.15,55.365,9.994,186.61,SSP2-4.5
2033-02-02,0.0,25.971,47.085,10.196,221.75,SSP2-4.5
2033-02-03,0.0,23.847,49.465,7.396,192.83,SSP2-4.5
2033-02-04,0.0,25.255,40.871,7.883,239.33,SSP2-4.5
2033-02-05,0.0,25.768,39.672,6.974,229.53,SSP2-4.5
2033-02-06,0.0,26.336,38.299,8.361,219.76,SSP2-4.5
2033-02-07,0.0,24.966,44.477,7.617,203.28,SSP2-4.5
2033-02-08,0.0,25.661,40.213,7.791,234.85,SSP2-4.5
2033-02-09,0.0,25.845,43.528,9.712,229.78,SSP2-4.5
2033-02-10,0.0,26.412,40.531,10.643,226.31,SSP2-4.5
2033-02-11,0.0,26.152,41.338,11.542,236.06,SSP2-4.5
2033-02-12,0.0,25.491,43.721,10.312,213.8,SSP2-4.5
2033-02-13,0.0,25.938,37.907,9.849,239.44,SSP2-4.5
2033-02-14,0.0,26.478,40.059,8.31,224.61,SSP2-4.5
2033-02-15,0.0,26.638,39.765,5.511,226.61,SSP2-4.5
2033-02-16,0.0,26.489,36.092,4.862,223.57,SSP2-4.5
2033-02-17,0.0,26.533,32.396,6.116,237.7,SSP2-4.5
2033-02-18,0.0,26.579,30.593,9.498,250.32,SSP2-4.5
2033-02-19,0.0,26.729,31.032,7.968,229.39,SSP2-4.5
2033-02-20,0.0,26.515,29.16,6.473,272.97,SSP2-4.5
2033-02-21,0.0,26.22,27.235,6.713,284.34,SSP2-4.5
2033-02-22,0.0,26.394,28.673,6.787,272.55,SSP2-4.5
2033-02-23,0.0,27.102,28.273,8.546,259.88,SSP2-4.5
2033-02-24,0.0,27.64,27.42,9.512,242.91,SSP2-4.5
2033-02-25,0.0,28.065,27.229,9.76,236.87,SSP2-4.5
2033-02-26,0.0,28.248,28.072,9.914,231.45,SSP2-4.5
2033-02-27,0.0,28.122,27.985,12.484,251.04,SSP2-4.5
2033-02-28,0.0,28.28,30.198,11.93,236.24,SSP2-4.5
2033-03-01,0.0066,29.215,31.165,13.26,239.88,SSP2-4.5
2033-03-02,0.0,28.558,26.726,11.256,283.91,SSP2-4.5
2033-03-03,0.0,28.31,27.843,6.885,262.1,SSP2-4.5
2033-03-04,0.0,29.043,29.959,11.259,249.13,SSP2-4.5
2033-03-05,0.0,29.975,27.439,10.731,268.88,SSP2-4.5
2033-03-06,0.0,29.802,24.892,12.288,306.17,SSP2-4.5
2033-03-07,0.0,29.326,24.089,13.636,314.16,SSP2-4.5
2033-03-08,0.0,28.884,24.58,7.109,311.63,SSP2-4.5
2033-03-09,0.0,30.226,29.208,7.562,250.82,SSP2-4.5
2033-03-10,0.0,30.146,26.72,6.686,295.71,SSP2-4.5
2033-03-11,0.0,29.8,21.481,10.808,318.4,SSP2-4.5
2033-03-12,0.0,28.717,20.529,9.143,312.47,SSP2-4.5
2033-03-13,0.0,27.87,21.089,5.779,326.87,SSP2-4.5
2033-03-14,0.0,29.033,25.67,7.519,302.37,SSP2-4.5
2033-03-15,0.0,30.301,24.426,5.405,304.5,SSP2-4.5
2033-03-16,0.0,29.892,23.82,5.711,305.82,SSP2-4.5
2033-03-17,0.0,30.676,23.645,8.442,285.79,SSP2-4.5
2033-03-18,3.5333,30.671,32.962,9.815,228.18,SSP2-4.5
2033-03-19,0.7491,27.67,51.908,6.273,186.84,SSP2-4.5
2033-03-20,0.6406,27.218,54.879,9.065,203.3,SSP2-4.5
2033-03-21,0.0,29.953,34.785,8.692,303.68,SSP2-4.5
2033-03-22,0.0187,30.506,31.439,10.286,307.7,SSP2-4.5
2033-03-23,4.3935,29.776,41.403,11.937,254.26,SSP2-4.5
2033-03-24,0.7235,28.281,51.785,10.485,230.84,SSP2-4.5
2033-03-25,0.7227,28.571,49.471,5.814,238.26,SSP2-4.5
2033-03-26,0.0,29.902,38.108,6.938,277.18,SSP2-4.5
2033-03-27,0.0,30.61,30.807,6.196,299.9,SSP2-4.5
2033-03-28,0.0,30.432,30.167,5.52,245.02,SSP2-4.5
2033-03-29,0.0016,31.07,26.83,5.156,267.92,SSP2-4.5
2033-03-30,0.0002,31.251,26.837,4.724,256.96,SSP2-4.5
2033-03-31,0.0,31.237,24.699,3.695,277.83,SSP2-4.5
2033-04-01,0.0,30.496,22.901,5.295,283.04,SSP2-4.5
2033-04-02,0.0,30.023,21.426,5.371,307.73,SSP2-4.5
2033-04-03,0.0,30.062,21.271,5.322,318.74,SSP2-4.5
2033-04-04,0.0,31.138,22.886,8.566,283.37,SSP2-4.5
2033-04-05,0.0,29.069,30.738,8.157,201.48,SSP2-4.5
2033-04-06,0.0,30.912,26.111,7.457,300.06,SSP2-4.5
2033-04-07,0.0051,31.345,27.168,6.717,288.5,SSP2-4.5
2033-04-08,0.0,31.027,23.94,7.095,317.41,SSP2-4.5
2033-04-09,0.0,31.654,23.568,7.951,327.94,SSP2-4.5
2033-04-10,0.0,31.109,23.462,7.38,319.09,SSP2-4.5
2033-04-11,0.0,31.581,21.969,7.654,296.97,SSP2-4.5
2033-04-12,0.0,31.726,25.434,7.237,240.75,SSP2-4.5
2033-04-13,0.0,32.461,22.197,9.678,278.47,SSP2-4.5
2033-04-14,0.0,32.9,21.006,8.435,306.56,SSP2-4.5
2033-04-15,0.0,33.283,20.679,6.704,303.4,SSP2-4.5
2033-04-16,0.011,32.81,21.716,6.265,262.14,SSP2-4.5
2033-04-17,0.0926,31.841,23.864,10.989,285.28,SSP2-4.5
2033-04-18,0.2445,31.725,26.394,5.602,230.07,SSP2-4.5
2033-04-19,0.0084,32.136,27.0,7.347,298.59,SSP2-4.5
2033-04-20,0.0,32.369,26.073,10.247,327.14,SSP2-4.5
2033-04-21,0.0,32.623,24.797,11.199,314.17,SSP2-4.5
2033-04-22,0.0175,32.674,22.52,7.715,312.54,SSP2-4.5
2033-04-23,0.0019,32.817,22.223,5.68,287.31,SSP2-4.5
2033-04-24,0.0382,30.789,30.169,6.004,220.31,SSP2-4.5
2033-04-25,0.0,32.34,25.999,5.683,285.19,SSP2-4.5
2033-04-26,0.0,32.769,23.34,6.785,313.89,SSP2-4.5
2033-04-27,0.0107,32.608,25.06,9.201,310.65,SSP2-4.5
2033-04-28,0.6235,32.545,30.633,9.702,282.42,SSP2-4.5
2033-04-29,1.1467,27.489,55.419,5.361,191.03,SSP2-4.5
2033-04-30,0.0,31.721,34.284,7.007,285.38,SSP2-4.5
2033-05-01,0.0,32.561,27.641,9.741,335.61,SSP2-4.5
2033-05-02,0.0,32.921,25.348,9.927,343.67,SSP2-4.5
2033-05-03,0.0,33.117,25.118,9.963,329.37,SSP2-4.5
2033-05-04,0.0,33.317,23.321,8.508,326.17,SSP2-4.5
2033-05-05,0.0,33.604,22.76,6.174,302.11,SSP2-4.5
2033-05-06,0.0,32.88,21.522,5.757,319.27,SSP2-4.5
2033-05-07,0.0,34.389,22.413,5.51,272.45,SSP2-4.5
2033-05-08,0.2995,34.189,27.361,6.704,226.54,SSP2-4.5
2033-05-09,0.3154,34.664,25.125,7.936,296.07,SSP2-4.5
2033-05-10,0.6959,34.593,26.394,7.344,273.28,SSP2-4.5
2033-05-11,1.3909,34.55,27.122,7.513,284.39,SSP2-4.5
2033-05-12,0.6811,34.215,28.78,7.606,285.37,SSP2-4.5
2033-05-13,0.142,33.689,29.795,6.76,269.39,SSP2-4.5
2033-05-14,0.5736,33.711,28.697,6.631,306.21,SSP2-4.5
2033-05-15,0.0661,33.728,30.242,4.869,265.88,SSP2-4.5
2033-05-16,0.001,33.803,28.743,7.304,298.78,SSP2-4.5
2033-05-17,0.0,33.739,25.275,6.624,324.32,SSP2-4.5
2033-05-18,0.0101,34.337,22.577,6.029,320.06,SSP2-4.5
2033-05-19,0.031,32.392,37.809,7.114,212.32,SSP2-4.5
2033-05-20,0.0,34.273,28.065,5.524,294.42,SSP2-4.5
2033-05-21,0.0343,35.259,25.738,4.626,307.96,SSP2-4.5
2033-05-22,0.0438,35.469,27.591,5.805,280.6,SSP2-4.5
2033-05-23,0.5738,35.262,28.612,6.17,282.42,SSP2-4.5
2033-05-24,2.2865,33.16,46.594,8.251,242.05,SSP2-4.5
2033-05-25,0.0,34.688,28.621,13.255,326.39,SSP2-4.5
2033-05-26,0.0,34.592,27.144,14.996,280.68,SSP2-4.5
2033-05-27,0.0,35.019,23.811,14.539,346.05,SSP2-4.5
2033-05-28,0.0,35.416,23.511,12.386,331.66,SSP2-4.5
2033-05-29,0.0,35.34,26.073,11.012,277.94,SSP2-4.5
2033-05-30,0.0,34.964,25.139,11.781,273.56,SSP2-4.5
2033-05-31,0.0021,35.696,23.819,13.625,302.77,SSP2-4.5
2033-06-01,0.0,35.084,22.367,13.332,290.18,SSP2-4.5
2033-06-02,0.0054,35.297,21.966,12.367,305.93,SSP2-4.5
2033-06-03,0.0,34.281,26.948,14.438,260.91,SSP2-4.5
2033-06-04,0.0,35.066,26.526,15.617,281.16,SSP2-4.5
2033-06-05,0.0,31.416,33.798,12.13,230.23,SSP2-4.5
2033-06-06,0.0166,28.106,57.782,16.009,207.42,SSP2-4.5
2033-06-07,0.0,28.87,58.365,16.953,243.76,SSP2-4.5
2033-06-08,0.0,33.252,34.273,16.44,309.69,SSP2-4.5
2033-06-09,0.0,34.658,26.589,15.86,318.5,SSP2-4.5
2033-06-10,0.0,35.472,26.172,15.794,305.86,SSP2-4.5
2033-06-11,0.0,35.045,28.396,14.794,281.35,SSP2-4.5
2033-06-12,0.0,35.426,24.433,14.512,327.09,SSP2-4.5
2033-06-13,0.0,36.555,25.304,12.922,312.8,SSP2-4.5
2033-06-14,6.5418,34.327,36.696,13.299,278.55,SSP2-4.5
2033-06-15,0.0383,34.185,41.902,15.492,307.12,SSP2-4.5
2033-06-16,0.0,31.077,43.659,15.444,246.65,SSP2-4.5
2033-06-17,0.8654,30.865,47.327,14.21,233.11,SSP2-4.5
2033-06-18,0.0,34.9,34.026,16.464,305.39,SSP2-4.5
2033-06-19,0.0,34.936,32.52,16.838,316.99,SSP2-4.5
2033-06-20,0.0,35.104,32.427,15.486,308.07,SSP2-4.5
2033-06-21,0.0,35.567,30.069,15.194,324.72,SSP2-4.5
2033-06-22,0.0,35.587,34.007,14.696,300.72,SSP2-4.5
2033-06-23,0.0121,34.314,36.145,13.063,302.93,SSP2-4.5
2033-06-24,0.035,35.114,37.237,14.197,300.43,SSP2-4.5
2033-06-25,9.2157,33.404,49.632,11.857,279.85,SSP2-4.5
2033-06-26,2.5392,30.174,60.746,12.321,241.27,SSP2-4.5
2033-06-27,0.113,31.221,52.898,11.115,274.24,SSP2-4.5
2033-06-28,1.5703,30.319,57.53,10.679,256.71,SSP2-4.5
2033-06-29,0.4143,29.435,60.683,9.881,231.49,SSP2-4.5
2033-06-30,0.2508,29.936,60.315,10.323,258.08,SSP2-4.5
2033-07-01,0.1662,30.939,57.381,11.991,257.23,SSP2-4.5
2033-07-02,1.2201,31.016,57.765,12.41,274.07,SSP2-4.5
2033-07-03,7.9501,29.973,63.663,10.268,260.08,SSP2-4.5
2033-07-04,1.6801,30.498,60.463,10.927,295.79,SSP2-4.5
2033-07-05,0.2408,30.346,58.892,12.298,276.5,SSP2-4.5
2033-07-06,0.0,29.722,63.8,13.623,253.49,SSP2-4.5
2033-07-07,0.0736,29.144,69.761,13.918,232.49,SSP2-4.5
2033-07-08,0.9649,28.782,69.995,12.876,227.84,SSP2-4.5
2033-07-09,0.0,27.653,77.002,13.835,210.3,SSP2-4.5
2033-07-10,0.0,29.484,65.133,14.87,284.75,SSP2-4.5
2033-07-11,0.0,29.892,61.893,14.827,297.25,SSP2-4.5
2033-07-12,0.0,30.179,63.477,13.207,278.97,SSP2-4.5
2033-07-13,0.0,30.561,60.85,14.207,278.47,SSP2-4.5
2033-07-14,0.3115,30.55,62.386,16.532,266.89,SSP2-4.5
2033-07-15,10.4505,28.622,76.732,13.869,224.91,SSP2-4.5
2033-07-16,0.124,28.215,76.408,12.932,240.21,SSP2-4.5
2033-07-17,0.0,29.479,66.728,16.572,277.23,SSP2-4.5
2033-07-18,1.2975,29.559,67.35,15.328,254.61,SSP2-4.5
2033-07-19,0.0,29.474,69.763,15.08,256.03,SSP2-4.5
2033-07-20,0.2599,29.437,69.183,15.683,265.69,SSP2-4.5
2033-07-21,6.7919,29.191,72.343,15.736,244.94,SSP2-4.5
2033-07-22,9.4533,27.065,86.632,14.142,205.24,SSP2-4.5
2033-07-23,14.9793,26.542,90.962,10.408,184.99,SSP2-4.5
2033-07-24,0.3325,26.746,87.744,11.713,212.4,SSP2-4.5
2033-07-25,18.4425,26.844,89.128,12.521,206.24,SSP2-4.5
2033-07-26,4.5707,26.501,91.586,11.775,181.81,SSP2-4.5
2033-07-27,7.7439,26.488,90.351,12.635,199.26,SSP2-4.5
2033-07-28,12.5344,26.463,91.812,12.66,181.67,SSP2-4.5
2033-07-29,32.6799,26.338,92.728,12.792,175.26,SSP2-4.5
2033-07-30,18.0917,26.293,92.019,12.923,192.65,SSP2-4.5
2033-07-31,0.575,26.482,89.948,13.841,208.14,SSP2-4.5
2033-08-01,0.0,26.84,86.516,13.845,229.46,SSP2-4.5
2033-08-02,0.0372,26.865,83.52,14.759,224.14,SSP2-4.5
2033-08-03,0.0806,26.997,81.551,14.284,239.63,SSP2-4.5
2033-08-04,4.9557,26.059,91.488,12.018,186.95,SSP2-4.5
2033-08-05,30.798,25.926,92.795,14.626,177.63,SSP2-4.5
2033-08-06,23.1952,25.952,93.217,14.156,155.43,SSP2-4.5
2033-08-07,0.4494,26.089,90.579,12.917,208.51,SSP2-4.5
2033-08-08,23.8452,25.96,91.418,13.559,201.78,SSP2-4.5
2033-08-09,10.2111,25.921,92.551,14.022,175.51,SSP2-4.5
2033-08-10,13.3744,26.068,91.854,11.531,199.03,SSP2-4.5
2033-08-11,0.0081,26.188,89.836,11.629,211.01,SSP2-4.5
2033-08-12,0.0616,26.319,89.787,10.698,219.5,SSP2-4.5
2033-08-13,0.0264,26.235,90.481,8.537,220.36,SSP2-4.5
2033-08-14,33.6072,26.486,91.517,5.217,220.88,SSP2-4.5
2033-08-15,17.4909,26.139,95.836,6.104,192.92,SSP2-4.5
2033-08-16,0.192,26.581,89.937,7.152,230.75,SSP2-4.5
2033-08-17,9.8125,26.746,90.359,7.336,235.62,SSP2-4.5
2033-08-18,4.8927,26.71,90.065,6.428,229.8,SSP2-4.5
2033-08-19,0.0,27.229,87.322,8.549,244.92,SSP2-4.5
2033-08-20,0.0,27.463,85.662,9.957,248.24,SSP2-4.5
2033-08-21,0.6716,26.782,87.961,10.097,234.05,SSP2-4.5
2033-08-22,0.0,26.468,88.297,10.717,214.25,SSP2-4.5
2033-08-23,0.0,27.688,80.936,10.779,282.74,SSP2-4.5
2033-08-24,0.0,27.852,83.25,8.248,241.24,SSP2-4.5
2033-08-25,0.0764,28.035,81.605,8.37,259.97,SSP2-4.5
2033-08-26,0.0,27.476,85.048,7.843,243.85,SSP2-4.5
2033-08-27,0.0,28.009,81.673,6.47,270.51,SSP2-4.5
2033-08-28,0.0,28.097,81.332,5.85,266.0,SSP2-4.5
2033-08-29,0.0,29.076,76.036,8.146,291.27,SSP2-4.5
2033-08-30,0.0,28.28,77.672,8.794,257.8,SSP2-4.5
2033-08-31,0.0,28.624,74.456,10.256,275.93,SSP2-4.5
2033-09-01,0.0,28.903,72.863,9.671,284.77,SSP2-4.5
2033-09-02,0.0,29.382,73.887,8.155,286.21,SSP2-4.5
2033-09-03,0.0,29.842,72.004,8.382,293.47,SSP2-4.5
2033-09-04,0.0,29.957,70.062,9.007,294.85,SSP2-4.5
2033-09-05,0.0,30.435,68.323,7.543,281.42,SSP2-4.5
2033-09-06,0.0,29.373,71.476,5.597,282.14,SSP2-4.5
2033-09-07,0.2488,29.475,74.801,7.936,264.01,SSP2-4.5
2033-09-08,0.0,30.103,72.134,9.92,273.27,SSP2-4.5
2033-09-09,0.0,30.007,67.202,11.345,276.87,SSP2-4.5
2033-09-10,0.0,29.03,66.361,12.196,253.82,SSP2-4.5
2033-09-11,0.0,29.285,61.862,14.477,258.89,SSP2-4.5
2033-09-12,1.2847,27.633,75.774,15.041,230.17,SSP2-4.5
2033-09-13,43.0017,26.649,91.753,12.763,193.18,SSP2-4.5
2033-09-14,54.618,26.493,94.228,12.086,138.51,SSP2-4.5
2033-09-15,1.3701,26.447,93.172,9.503,182.64,SSP2-4.5
2033-09-16,2.5138,26.985,89.002,8.312,224.13,SSP2-4.5
2033-09-17,0.0,27.482,77.592,9.731,269.01,SSP2-4.5
2033-09-18,0.2191,27.325,80.043,10.51,254.39,SSP2-4.5
2033-09-19,0.0,27.055,82.271,10.398,229.44,SSP2-4.5
2033-09-20,1.3589,27.255,80.365,11.405,247.96,SSP2-4.5
2033-09-21,2.3791,27.06,83.519,10.601,231.47,SSP2-4.5
2033-09-22,5.3053,26.874,86.931,9.145,217.25,SSP2-4.5
2033-09-23,0.0125,27.173,83.169,10.187,239.82,SSP2-4.5
2033-09-24,0.0,27.056,86.139,8.29,227.01,SSP2-4.5
2033-09-25,0.0,27.049,88.065,6.485,217.64,SSP2-4.5
2033-09-26,29.5038,26.601,92.683,4.902,195.6,SSP2-4.5
2033-09-27,27.6745,26.464,94.962,4.917,189.35,SSP2-4.5
2033-09-28,12.2466,26.637,90.759,5.147,210.77,SSP2-4.5
2033-09-29,17.9084,26.472,91.064,6.008,214.04,SSP2-4.5
2033-09-30,9.9868,26.53,89.795,5.55,221.93,SSP2-4.5
2033-10-01,0.1386,26.016,87.13,5.37,226.13,SSP2-4.5
2033-10-02,0.0,26.552,83.64,5.132,238.14,SSP2-4.5
2033-10-03,3.4954,26.42,85.307,7.546,223.22,SSP2-4.5
2033-10-04,1.2425,27.015,82.122,8.023,235.42,SSP2-4.5
2033-10-05,0.0,27.75,77.545,7.749,237.68,SSP2-4.5
2033-10-06,0.0,28.503,72.786,6.078,254.47,SSP2-4.5
2033-10-07,0.0674,27.917,80.453,6.192,237.86,SSP2-4.5
2033-10-08,0.0,26.257,84.346,4.935,223.32,SSP2-4.5
2033-10-09,0.0,27.318,76.735,3.855,234.13,SSP2-4.5
2033-10-10,0.0468,27.308,76.374,4.54,226.46,SSP2-4.5
2033-10-11,0.0,28.437,72.199,4.98,234.54,SSP2-4.5
2033-10-12,2.8457,27.081,76.476,3.965,215.85,SSP2-4.5
2033-10-13,0.0,26.689,76.32,3.919,218.3,SSP2-4.5
2033-10-14,0.0,27.158,72.527,6.338,221.61,SSP2-4.5
2033-10-15,0.0,25.364,80.764,6.314,201.86,SSP2-4.5
2033-10-16,0.0107,26.512,76.019,4.08,214.56,SSP2-4.5
2033-10-17,0.0,26.649,80.883,4.651,211.05,SSP2-4.5
2033-10-18,0.0,25.645,84.586,3.226,194.55,SSP2-4.5
2033-10-19,0.0,26.848,79.253,3.206,206.85,SSP2-4.5
2033-10-20,0.0,28.136,66.893,5.206,230.27,SSP2-4.5
2033-10-21,0.0,28.201,63.117,7.393,230.36,SSP2-4.5
2033-10-22,0.0058,28.242,63.994,7.744,226.83,SSP2-4.5
2033-10-23,0.756,27.505,62.838,7.896,218.45,SSP2-4.5
2033-10-24,0.0,26.512,67.165,5.87,206.22,SSP2-4.5
2033-10-25,0.0,27.429,62.103,5.782,226.68,SSP2-4.5
2033-10-26,0.0,28.09,58.479,5.503,219.16,SSP2-4.5
2033-10-27,0.0,28.225,57.832,3.921,230.7,SSP2-4.5
2033-10-28,0.0,28.379,50.689,6.048,226.57,SSP2-4.5
2033-10-29,0.0,26.427,53.387,6.854,190.98,SSP2-4.5
2033-10-30,0.0,26.142,44.135,10.17,210.96,SSP2-4.5
2033-10-31,0.0,27.029,40.115,12.994,256.22,SSP2-4.5
2033-11-01,0.0,26.537,39.396,12.625,248.62,SSP2-4.5
2033-11-02,0.0,25.879,40.715,11.564,249.09,SSP2-4.5
2033-11-03,0.1344,25.913,41.533,6.473,240.23,SSP2-4.5
2033-11-04,0.0,25.4,55.734,4.833,216.73,SSP2-4.5
2033-11-05,0.0,25.238,72.334,4.934,196.95,SSP2-4.5
2033-11-06,0.0,26.015,49.914,6.15,223.22,SSP2-4.5
2033-11-07,0.0,25.3,37.113,7.855,228.78,SSP2-4.5
2033-11-08,0.0,24.358,30.817,8.338,246.91,SSP2-4.5
2033-11-09,0.0,23.981,31.369,4.785,251.11,SSP2-4.5
2033-11-10,0.0,24.02,31.569,4.549,252.24,SSP2-4.5
2033-11-11,0.0,24.282,40.383,6.123,244.82,SSP2-4.5
2033-11-12,0.0,24.879,37.786,4.762,239.2,SSP2-4.5
2033-11-13,0.0,24.637,35.355,4.979,239.42,SSP2-4.5
2033-11-14,0.0,24.635,39.647,7.729,236.17,SSP2-4.5
2033-11-15,0.0,25.283,41.844,8.443,232.01,SSP2-4.5
2033-11-16,0.0,25.109,42.216,9.619,230.9,SSP2-4.5
2033-11-17,0.0,24.772,42.177,9.079,234.56,SSP2-4.5
2033-11-18,0.0,24.505,47.103,8.239,237.32,SSP2-4.5
2033-11-19,0.0,24.834,44.12,8.358,241.45,SSP2-4.5
2033-11-20,0.0,24.585,39.087,8.077,236.94,SSP2-4.5
2033-11-21,0.0,24.394,41.207,9.103,208.31,SSP2-4.5
2033-11-22,0.0,24.47,39.068,8.545,224.32,SSP2-4.5
2033-11-23,0.0,24.486,41.472,9.275,227.9,SSP2-4.5
2033-11-24,0.1637,25.015,53.458,8.291,213.14,SSP2-4.5
2033-11-25,0.1274,24.784,61.195,7.789,204.75,SSP2-4.5
2033-11-26,0.0,24.78,57.152,9.093,211.14,SSP2-4.5
2033-11-27,0.0,25.269,50.017,7.981,225.3,SSP2-4.5
2033-11-28,0.0,25.884,46.512,7.114,220.33,SSP2-4.5
2033-11-29,0.0,26.8,40.272,8.705,224.75,SSP2-4.5
2033-11-30,0.0,24.283,41.689,9.071,186.38,SSP2-4.5
2033-12-01,0.0,23.567,26.958,10.696,232.1,SSP2-4.5
2033-12-02,0.0,22.733,23.997,9.683,244.52,SSP2-4.5
2033-12-03,0.0,22.337,24.758,8.193,242.0,SSP2-4.5
2033-12-04,0.0,22.113,26.16,5.632,240.02,SSP2-4.5
2033-12-05,0.0,22.054,25.941,4.736,238.91,SSP2-4.5
2033-12-06,0.0,22.471,25.075,5.92,237.28,SSP2-4.5
2033-12-07,0.0,22.551,24.724,8.578,233.71,SSP2-4.5
2033-12-08,0.0,22.435,23.786,8.881,236.7,SSP2-4.5
2033-12-09,0.0,21.612,23.663,5.855,241.51,SSP2-4.5
2033-12-10,0.0,21.793,25.085,6.03,237.9,SSP2-4.5
2033-12-11,0.0,22.354,27.642,6.635,238.01,SSP2-4.5
2033-12-12,0.0,23.773,31.63,7.182,231.93,SSP2-4.5
2033-12-13,0.0,24.065,26.872,6.971,239.19,SSP2-4.5
2033-12-14,0.0,23.613,26.218,4.881,240.12,SSP2-4.5
2033-12-15,0.0,24.199,33.573,6.174,233.69,SSP2-4.5
2033-12-16,0.0,24.259,40.952,7.907,225.62,SSP2-4.5
2033-12-17,0.0,25.252,40.758,7.144,214.44,SSP2-4.5
2033-12-18,0.0,25.406,36.448,5.882,223.45,SSP2-4.5
2033-12-19,0.0,24.868,34.817,7.927,226.06,SSP2-4.5
2033-12-20,0.0,24.553,35.028,9.241,222.63,SSP2-4.5
2033-12-21,0.0,23.724,32.266,9.05,220.98,SSP2-4.5
2033-12-22,0.0,23.845,35.506,6.765,229.28,SSP2-4.5
2033-12-23,0.0,24.621,33.236,8.864,229.45,SSP2-4.5
2033-12-24,0.0,24.873,31.633,11.201,222.94,SSP2-4.5
2033-12-25,0.0,24.496,28.118,10.987,245.18,SSP2-4.5
2033-12-26,0.0,23.87,27.373,6.868,243.39,SSP2-4.5
2033-12-27,0.0,23.732,38.43,8.672,205.79,SSP2-4.5
2033-12-28,0.0,24.628,44.852,6.795,189.91,SSP2-4.5
2033-12-29,0.0,23.958,54.585,7.06,180.1,SSP2-4.5
2033-12-30,0.0,24.687,47.38,10.258,217.74,SSP2-4.5
2033-12-31,0.0,24.955,42.592,9.89,223.02,SSP2-4.5
2034-01-01,0.0,24.635,43.333,9.263,212.71,SSP2-4.5
2034-01-02,0.0,23.671,44.055,7.454,184.98,SSP2-4.5
2034-01-03,0.0,23.712,37.227,8.779,223.89,SSP2-4.5
2034-01-04,0.0,23.913,34.944,6.91,226.3,SSP2-4.5
2034-01-05,0.0,23.865,31.521,5.096,228.89,SSP2-4.5
2034-01-06,0.0,23.756,32.777,9.039,227.71,SSP2-4.5
2034-01-07,0.0,23.898,31.572,8.214,218.34,SSP2-4.5
2034-01-08,0.0,23.887,33.021,5.947,242.37,SSP2-4.5
2034-01-09,0.0,25.073,36.949,5.159,232.86,SSP2-4.5
2034-01-10,0.0,25.737,40.229,6.849,226.23,SSP2-4.5
2034-01-11,0.0,26.128,40.919,10.283,220.12,SSP2-4.5
2034-01-12,0.0,25.918,40.367,14.249,218.07,SSP2-4.5
2034-01-13,0.0,25.606,41.808,12.493,217.05,SSP2-4.5
2034-01-14,0.0,25.942,38.799,9.047,231.76,SSP2-4.5
2034-01-15,0.0,26.622,38.751,10.854,227.99,SSP2-4.5
2034-01-16,0.0,24.131,48.144,11.196,168.11,SSP2-4.5
2034-01-17,0.0,23.417,60.074,9.179,191.79,SSP2-4.5
2034-01-18,0.0,22.924,62.518,11.237,166.87,SSP2-4.5
2034-01-19,0.0,22.001,68.618,13.629,166.24,SSP2-4.5
2034-01-20,0.0,22.772,61.345,10.894,185.95,SSP2-4.5
2034-01-21,0.0,24.486,49.993,8.964,206.89,SSP2-4.5
2034-01-22,0.0,24.484,42.927,9.895,233.51,SSP2-4.5
2034-01-23,0.0,23.193,32.286,10.166,247.54,SSP2-4.5
2034-01-24,0.0,22.571,28.492,10.229,258.35,SSP2-4.5
2034-01-25,0.0,21.86,28.087,9.845,265.05,SSP2-4.5
2034-01-26,0.0,22.445,36.425,7.057,259.42,SSP2-4.5
2034-01-27,0.0,24.272,37.717,4.89,247.95,SSP2-4.5
2034-01-28,0.0,25.312,37.762,10.458,236.54,SSP2-4.5
2034-01-29,0.0,24.41,43.684,12.045,194.59,SSP2-4.5
2034-01-30,0.0,25.8,39.652,10.016,242.19,SSP2-4.5
2034-01-31,0.0,26.04,40.786,8.872,222.08,SSP2-4.5
2034-02-01,0.0,22.917,51.24,11.136,174.98,SSP2-4.5
2034-02-02,0.0,24.818,47.411,6.942,222.81,SSP2-4.5
2034-02-03,0.0,25.929,41.054,10.567,239.89,SSP2-4.5
2034-02-04,0.0,23.312,50.046,8.215,185.01,SSP2-4.5
2034-02-05,0.0,25.092,38.376,10.282,253.06,SSP2-4.5
2034-02-06,0.0,26.394,36.909,13.04,239.93,SSP2-4.5
2034-02-07,0.0,26.01,37.155,11.026,236.39,SSP2-4.5
2034-02-08,0.0,25.944,33.358,10.274,257.0,SSP2-4.5
2034-02-09,0.0,25.911,32.494,8.917,250.87,SSP2-4.5
2034-02-10,0.0,26.72,33.401,10.44,242.22,SSP2-4.5
2034-02-11,0.0,26.891,30.472,11.596,262.82,SSP2-4.5
2034-02-12,0.0,26.876,28.501,14.058,261.6,SSP2-4.5
2034-02-13,0.0,26.47,27.083,11.539,243.08,SSP2-4.5
2034-02-14,0.0,26.715,28.3,10.09,228.6,SSP2-4.5
2034-02-15,0.0,26.236,22.05,11.287,275.69,SSP2-4.5
2034-02-16,0.0,26.414,25.045,9.712,276.85,SSP2-4.5
2034-02-17,0.0,28.138,36.046,16.079,217.15,SSP2-4.5
2034-02-18,0.1059,26.018,50.46,14.222,202.44,SSP2-4.5
2034-02-19,0.239,24.286,66.27,13.456,177.4,SSP2-4.5
2034-02-20,0.0895,26.241,52.093,15.137,225.99,SSP2-4.5
2034-02-21,1.4308,25.039,60.249,12.953,192.79,SSP2-4.5
2034-02-22,8.6074,22.708,66.588,11.356,170.79,SSP2-4.5
2034-02-23,0.0,25.536,42.146,7.659,227.71,SSP2-4.5
2034-02-24,0.0,26.332,35.055,8.208,288.68,SSP2-4.5
2034-02-25,0.0,26.15,34.698,7.795,290.25,SSP2-4.5
2034-02-26,0.0,26.244,35.658,5.161,292.48,SSP2-4.5
2034-02-27,0.0,26.787,33.462,8.82,292.26,SSP2-4.5
2034-02-28,0.0,27.472,28.828,10.291,297.38,SSP2-4.5
2034-03-01,0.0,27.835,27.712,12.867,292.36,SSP2-4.5
2034-03-02,0.0,27.601,28.427,12.881,284.34,SSP2-4.5
2034-03-03,0.0,27.432,27.376,9.712,280.97,SSP2-4.5
2034-03-04,0.0,27.972,26.636,11.164,267.33,SSP2-4.5
2034-03-05,0.0,28.429,27.17,10.189,269.74,SSP2-4.5
2034-03-06,0.0,28.858,26.458,9.33,274.56,SSP2-4.5
2034-03-07,0.0,29.497,24.217,11.153,255.77,SSP2-4.5
2034-03-08,0.0,28.906,24.044,11.961,269.6,SSP2-4.5
2034-03-09,0.0,28.081,23.91,11.401,293.44,SSP2-4.5
2034-03-10,0.0,28.34,25.344,10.744,284.66,SSP2-4.5
2034-03-11,0.0,29.926,26.583,9.079,235.25,SSP2-4.5
2034-03-12,0.0,29.151,24.243,10.262,270.75,SSP2-4.5
2034-03-13,0.0,30.21,26.249,9.639,293.24,SSP2-4.5
2034-03-14,0.0,30.15,25.71,9.829,287.19,SSP2-4.5
2034-03-15,0.0,30.184,24.435,10.221,278.83,SSP2-4.5
2034-03-16,0.0262,30.637,24.033,9.8,261.23,SSP2-4.5
2034-03-17,0.0,30.687,23.25,9.519,286.51,SSP2-4.5
2034-03-18,0.0,30.168,20.589,9.863,299.38,SSP2-4.5
2034-03-19,0.0,29.548,20.17,7.299,302.05,SSP2-4.5
2034-03-20,0.0,30.279,18.91,8.725,296.99,SSP2-4.5
2034-03-21,0.0,30.173,17.777,11.34,303.21,SSP2-4.5
2034-03-22,0.0,30.675,19.427,13.169,309.64,SSP2-4.5
2034-03-23,0.0,30.606,19.16,14.605,308.78,SSP2-4.5
2034-03-24,0.0,30.309,17.491,10.882,296.63,SSP2-4.5
2034-03-25,0.0,30.7,19.54,11.836,297.85,SSP2-4.5
2034-03-26,0.0,30.73,20.884,12.797,307.07,SSP2-4.5
2034-03-27,0.0,29.585,25.938,10.782,211.17,SSP2-4.5
2034-03-28,0.0101,30.341,28.06,6.394,228.56,SSP2-4.5
2034-03-29,0.035,30.563,26.495,7.082,280.68,SSP2-4.5
2034-03-30,0.4301,29.446,37.77,5.011,223.4,SSP2-4.5
2034-03-31,0.0,29.107,41.626,8.098,226.17,SSP2-4.5
2034-04-01,0.0,30.489,25.294,6.174,299.54,SSP2-4.5
2034-04-02,0.0,29.294,17.839,6.956,336.93,SSP2-4.5
2034-04-03,0.0,30.245,15.551,5.214,339.51,SSP2-4.5
2034-04-04,0.0,30.826,21.663,9.765,301.8,SSP2-4.5
2034-04-05,0.0014,32.241,22.781,10.946,301.65,SSP2-4.5
2034-04-06,0.0,31.447,27.73,9.496,226.44,SSP2-4.5
2034-04-07,0.9666,30.917,25.462,7.898,289.05,SSP2-4.5
2034-04-08,0.2777,29.452,36.932,4.697,217.74,SSP2-4.5
2034-04-09,0.1983,30.207,34.106,6.236,279.97,SSP2-4.5
2034-04-10,0.0,31.229,25.729,6.261,311.82,SSP2-4.5
2034-04-11,0.0,30.772,21.097,6.798,326.18,SSP2-4.5
2034-04-12,0.0,31.377,18.681,6.051,315.3,SSP2-4.5
2034-04-13,0.0,32.331,17.972,6.709,323.62,SSP2-4.5
2034-04-14,0.0,33.399,18.75,7.438,294.43,SSP2-4.5
2034-04-15,0.0001,34.294,20.354,7.218,294.03,SSP2-4.5
2034-04-16,0.0025,33.412,22.821,5.3,279.51,SSP2-4.5
2034-04-17,0.0081,33.095,21.821,6.798,287.28,SSP2-4.5
2034-04-18,0.0,33.593,21.04,8.635,312.23,SSP2-4.5
2034-04-19,0.0093,33.892,22.457,10.031,308.89,SSP2-4.5
2034-04-20,0.0,33.686,22.136,9.217,302.04,SSP2-4.5
2034-04-21,0.0,34.103,22.031,10.001,314.71,SSP2-4.5
2034-04-22,0.0,34.182,21.078,10.993,316.45,SSP2-4.5
2034-04-23,0.4265,33.892,23.661,9.025,287.93,SSP2-4.5
2034-04-24,0.4753,33.408,26.719,6.989,286.85,SSP2-4.5
2034-04-25,0.1146,33.468,25.613,5.2,289.63,SSP2-4.5
2034-04-26,0.3477,31.745,33.395,4.889,263.2,SSP2-4.5
2034-04-27,2.165,30.235,42.329,5.629,243.14,SSP2-4.5
2034-04-28,0.0448,32.258,30.836,5.306,302.45,SSP2-4.5
2034-04-29,1.0958,32.653,31.159,7.966,291.92,SSP2-4.5
2034-04-30,15.5179,31.814,40.382,5.616,266.68,SSP2-4.5
2034-05-01,8.511,31.063,43.213,4.616,277.84,SSP2-4.5
2034-05-02,2.7594,30.89,41.71,6.201,288.72,SSP2-4.5
2034-05-03,0.0167,32.676,31.385,6.809,310.5,SSP2-4.5
2034-05-04,0.0,33.727,26.672,7.925,301.34,SSP2-4.5
2034-05-05,0.0,33.823,24.505,9.241,300.89,SSP2-4.5
2034-05-06,0.0,33.299,21.776,7.551,344.33,SSP2-4.5
2034-05-07,0.0,33.533,20.143,7.571,321.22,SSP2-4.5
2034-05-08,0.0,34.826,19.123,7.01,314.52,SSP2-4.5
2034-05-09,0.0,35.059,19.12,10.669,308.39,SSP2-4.5
2034-05-10,0.0,35.063,19.561,10.25,309.23,SSP2-4.5
2034-05-11,0.0,35.978,18.164,10.725,292.35,SSP2-4.5
2034-05-12,0.0,36.122,17.67,9.679,331.58,SSP2-4.5
2034-05-13,0.0,35.993,16.846,9.478,335.23,SSP2-4.5
2034-05-14,0.0,35.998,15.679,8.45,352.95,SSP2-4.5
2034-05-15,0.0,35.488,15.578,6.052,341.85,SSP2-4.5
2034-05-16,0.0,35.967,16.975,7.572,308.58,SSP2-4.5
2034-05-17,0.0082,36.671,18.239,6.628,292.79,SSP2-4.5
2034-05-18,0.0105,36.418,20.387,6.45,290.57,SSP2-4.5
2034-05-19,0.0786,35.121,27.305,6.249,249.3,SSP2-4.5
2034-05-20,0.0,35.188,28.473,7.328,260.7,SSP2-4.5
2034-05-21,0.0103,35.479,25.117,9.466,295.44,SSP2-4.5
2034-05-22,0.0,35.71,25.307,9.208,272.69,SSP2-4.5
2034-05-23,0.0009,35.512,27.418,9.404,275.22,SSP2-4.5
2034-05-24,4.7063,34.145,37.896,8.722,252.68,SSP2-4.5
2034-05-25,0.3446,33.978,39.408,8.182,284.17,SSP2-4.5
2034-05-26,0.0,34.216,36.14,12.177,281.9,SSP2-4.5
2034-05-27,0.2508,31.129,53.432,9.863,234.1,SSP2-4.5
2034-05-28,0.5022,32.976,42.25,9.621,262.89,SSP2-4.5
2034-05-29,0.025,33.711,41.252,8.426,251.29,SSP2-4.5
2034-05-30,0.3221,31.84,56.039,6.922,230.31,SSP2-4.5
2034-05-31,28.8563,29.877,68.302,7.881,220.06,SSP2-4.5
2034-06-01,27.0987,27.266,87.283,8.344,207.28,SSP2-4.5
2034-06-02,20.4145,28.354,80.961,6.707,233.99,SSP2-4.5
2034-06-03,2.6723,27.703,74.525,11.787,210.59,SSP2-4.5
2034-06-04,1.0036,28.407,63.263,18.155,232.1,SSP2-4.5
2034-06-05,35.3918,27.042,75.919,18.761,194.86,SSP2-4.5
2034-06-06,74.8867,26.268,92.368,17.405,139.27,SSP2-4.5
2034-06-07,49.1226,26.037,91.603,16.597,167.43,SSP2-4.5
2034-06-08,21.0673,26.15,91.404,13.814,175.52,SSP2-4.5
2034-06-09,2.5796,27.324,84.003,11.735,233.23,SSP2-4.5
2034-06-10,0.0,27.839,74.933,14.777,252.89,SSP2-4.5
2034-06-11,0.0,27.253,74.744,16.018,239.83,SSP2-4.5
2034-06-12,0.0,27.578,72.899,15.859,266.71,SSP2-4.5
2034-06-13,0.0,28.215,69.263,14.488,299.77,SSP2-4.5
2034-06-14,0.0,28.588,69.59,12.606,303.08,SSP2-4.5
2034-06-15,0.0,28.662,69.571,12.274,293.62,SSP2-4.5
2034-06-16,0.0,28.837,69.771,10.729,296.13,SSP2-4.5
2034-06-17,0.0,29.044,68.634,9.901,296.62,SSP2-4.5
2034-06-18,0.0,29.058,67.922,9.988,304.28,SSP2-4.5
2034-06-19,0.105,29.324,66.557,11.871,308.9,SSP2-4.5
2034-06-20,0.0968,26.457,85.972,12.518,191.58,SSP2-4.5
2034-06-21,0.0,26.631,84.711,15.355,206.41,SSP2-4.5
2034-06-22,0.0,27.214,77.723,15.387,231.56,SSP2-4.5
2034-06-23,0.0,28.141,72.205,13.723,249.45,SSP2-4.5
2034-06-24,0.0,28.921,72.006,10.381,271.42,SSP2-4.5
2034-06-25,0.472,28.964,73.968,6.945,273.44,SSP2-4.5
2034-06-26,0.1061,29.243,72.971,6.517,284.06,SSP2-4.5
2034-06-27,0.0,29.307,68.507,14.069,295.85,SSP2-4.5
2034-06-28,1.2589,28.441,71.731,16.298,262.21,SSP2-4.5
2034-06-29,20.723,26.424,89.867,13.391,177.07,SSP2-4.5
2034-06-30,3.5374,26.736,85.837,14.686,220.75,SSP2-4.5
2034-07-01,6.9017,27.573,84.591,14.336,233.64,SSP2-4.5
2034-07-02,0.0,27.855,79.872,12.08,251.02,SSP2-4.5
2034-07-03,0.0,28.602,75.855,12.249,286.56,SSP2-4.5
2034-07-04,0.0,28.403,76.687,12.944,263.63,SSP2-4.5
2034-07-05,0.0,28.555,74.42,13.928,295.95,SSP2-4.5
2034-07-06,0.0,29.13,73.132,15.474,290.93,SSP2-4.5
2034-07-07,21.2009,26.974,90.362,11.0,191.43,SSP2-4.5
2034-07-08,18.4407,25.759,93.298,11.534,179.1,SSP2-4.5
2034-07-09,11.4611,27.123,88.633,13.676,221.8,SSP2-4.5
2034-07-10,15.0184,26.821,90.685,13.702,202.3,SSP2-4.5
2034-07-11,9.7925,27.151,87.732,14.485,205.54,SSP2-4.5
2034-07-12,23.7711,26.816,90.957,14.203,204.84,SSP2-4.5
2034-07-13,1.8401,26.839,89.749,13.578,210.58,SSP2-4.5
2034-07-14,18.8955,26.658,91.912,11.486,196.46,SSP2-4.5
2034-07-15,19.9819,26.292,93.518,11.252,163.58,SSP2-4.5
2034-07-16,20.4896,26.2,93.16,13.934,165.84,SSP2-4.5
2034-07-17,6.2325,26.56,91.919,12.905,180.84,SSP2-4.5
2034-07-18,10.6678,26.409,91.558,13.843,190.15,SSP2-4.5
2034-07-19,21.1814,25.924,93.023,13.277,160.94,SSP2-4.5
2034-07-20,15.0024,26.021,92.439,13.65,178.74,SSP2-4.5
2034-07-21,16.9545,26.554,91.02,14.868,213.53,SSP2-4.5
2034-07-22,18.8664,26.18,93.093,12.244,164.32,SSP2-4.5
2034-07-23,22.7158,26.208,93.604,10.767,167.38,SSP2-4.5
2034-07-24,19.9677,26.246,93.532,9.194,176.96,SSP2-4.5
2034-07-25,21.2492,26.308,93.993,7.292,174.61,SSP2-4.5
2034-07-26,4.307,26.645,92.667,9.562,200.21,SSP2-4.5
2034-07-27,12.6595,26.804,91.746,10.439,213.43,SSP2-4.5
2034-07-28,27.163,26.389,94.216,9.831,172.46,SSP2-4.5
2034-07-29,0.3571,26.522,91.994,8.835,198.29,SSP2-4.5
2034-07-30,3.1534,27.02,89.877,9.881,220.75,SSP2-4.5
2034-07-31,0.9307,27.158,88.867,9.717,220.95,SSP2-4.5
2034-08-01,2.7663,26.531,89.017,10.523,227.52,SSP2-4.5
2034-08-02,4.0235,26.301,87.993,11.928,243.47,SSP2-4.5
2034-08-03,3.5089,25.829,90.417,11.715,207.06,SSP2-4.5
2034-08-04,0.0,25.804,89.84,11.026,211.3,SSP2-4.5
2034-08-05,0.3382,26.605,87.237,11.081,246.03,SSP2-4.5
2034-08-06,0.8803,26.65,87.988,10.607,227.28,SSP2-4.5
2034-08-07,0.4583,26.656,86.504,11.534,241.02,SSP2-4.5
2034-08-08,0.0,27.079,85.293,11.01,250.63,SSP2-4.5
2034-08-09,0.0,27.182,84.731,11.608,254.28,SSP2-4.5
2034-08-10,0.0,27.158,84.378,11.264,253.56,SSP2-4.5
2034-08-11,0.0,27.705,85.946,10.274,252.84,SSP2-4.5
2034-08-12,16.7707,26.897,89.453,9.676,232.7,SSP2-4.5
2034-08-13,3.2074,26.349,90.724,6.22,221.33,SSP2-4.5
2034-08-14,0.4385,26.444,88.945,6.838,227.77,SSP2-4.5
2034-08-15,0.0,26.737,87.861,6.402,240.76,SSP2-4.5
2034-08-16,0.1378,26.374,90.553,5.078,221.81,SSP2-4.5
2034-08-17,0.01,26.838,87.474,8.015,238.37,SSP2-4.5
2034-08-18,0.0,27.582,81.808,9.725,258.27,SSP2-4.5
2034-08-19,0.1022,26.601,86.247,10.502,240.69,SSP2-4.5
2034-08-20,0.0468,26.705,85.672,8.709,234.64,SSP2-4.5
2034-08-21,0.0,26.852,85.446,9.089,238.79,SSP2-4.5
2034-08-22,17.9084,26.989,84.901,10.179,245.39,SSP2-4.5
2034-08-23,22.4028,25.848,93.606,11.24,179.86,SSP2-4.5
2034-08-24,19.7835,25.943,92.528,8.555,179.6,SSP2-4.5
2034-08-25,1.3691,25.944,92.652,7.642,195.57,SSP2-4.5
2034-08-26,9.572,26.327,91.765,5.654,223.55,SSP2-4.5
2034-08-27,6.2326,26.711,88.172,6.388,251.89,SSP2-4.5
2034-08-28,0.0142,26.31,91.531,3.534,226.21,SSP2-4.5
2034-08-29,0.0,26.871,86.698,6.504,241.51,SSP2-4.5
2034-08-30,0.0,27.297,81.221,7.546,281.35,SSP2-4.5
2034-08-31,0.1065,26.987,83.484,6.963,255.03,SSP2-4.5
2034-09-01,0.394,27.27,86.428,9.461,250.48,SSP2-4.5
2034-09-02,0.0077,27.207,86.408,10.022,249.0,SSP2-4.5
2034-09-03,0.5142,27.214,86.185,11.025,255.91,SSP2-4.5
2034-09-04,0.0892,27.455,84.109,7.336,258.87,SSP2-4.5
2034-09-05,0.0173,27.763,82.669,4.189,256.19,SSP2-4.5
2034-09-06,0.0,28.179,81.45,7.289,268.48,SSP2-4.5
2034-09-07,3.6803,27.01,89.076,6.125,219.26,SSP2-4.5
2034-09-08,14.8313,26.873,91.439,5.154,219.38,SSP2-4.5
2034-09-09,28.4171,26.969,90.888,7.782,230.03,SSP2-4.5
2034-09-10,12.295,26.877,90.783,6.068,223.27,SSP2-4.5
2034-09-11,31.1488,26.714,93.106,6.029,212.51,SSP2-4.5
2034-09-12,16.2908,26.639,93.438,6.936,209.74,SSP2-4.5
2034-09-13,1.5416,26.577,93.972,8.745,184.15,SSP2-4.5
2034-09-14,2.9345,26.857,89.572,9.18,222.62,SSP2-4.5
2034-09-15,1.6977,26.954,88.916,7.158,229.69,SSP2-4.5
2034-09-16,6.9661,26.886,91.041,3.061,231.85,SSP2-4.5
2034-09-17,15.4295,26.656,92.437,3.663,221.82,SSP2-4.5
2034-09-18,2.4171,26.867,88.797,5.286,242.82,SSP2-4.5
2034-09-19,3.3567,26.878,90.277,3.784,235.31,SSP2-4.5
2034-09-20,0.6476,27.067,88.674,4.454,236.32,SSP2-4.5
2034-09-21,13.0864,26.536,92.515,2.984,219.58,SSP2-4.5
2034-09-22,14.6128,26.486,92.186,2.634,222.06,SSP2-4.5
2034-09-23,33.3358,26.105,94.815,6.13,205.85,SSP2-4.5
2034-09-24,9.6524,26.055,94.867,6.411,191.68,SSP2-4.5
2034-09-25,11.9966,26.033,95.563,5.353,197.2,SSP2-4.5
2034-09-26,3.2042,26.288,92.779,3.452,210.54,SSP2-4.5
2034-09-27,22.6272,26.273,92.738,2.934,215.87,SSP2-4.5
2034-09-28,37.3833,26.044,94.8,6.481,206.46,SSP2-4.5
2034-09-29,30.4097,25.956,95.96,8.024,195.05,SSP2-4.5
2034-09-30,17.3806,26.195,93.042,7.158,207.83,SSP2-4.5
2034-10-01,16.4237,25.001,93.744,5.573,205.31,SSP2-4.5
2034-10-02,23.5158,24.943,94.677,3.945,200.49,SSP2-4.5
2034-10-03,19.8964,24.802,94.904,4.02,195.86,SSP2-4.5
2034-10-04,0.3911,24.994,92.04,3.701,214.01,SSP2-4.5
2034-10-05,0.2887,25.241,90.029,3.519,225.35,SSP2-4.5
2034-10-06,0.1092,25.392,89.145,2.749,240.36,SSP2-4.5
2034-10-07,0.0,25.876,87.61,3.033,227.12,SSP2-4.5
2034-10-08,0.0,26.544,84.444,4.6,240.87,SSP2-4.5
2034-10-09,0.0,26.773,77.21,6.72,261.18,SSP2-4.5
2034-10-10,0.0,26.778,75.916,7.758,254.03,SSP2-4.5
2034-10-11,0.0,26.965,83.306,6.869,242.25,SSP2-4.5
2034-10-12,0.0,26.156,86.361,5.358,214.4,SSP2-4.5
2034-10-13,0.0,26.729,84.491,3.878,228.67,SSP2-4.5
2034-10-14,1.7304,25.594,88.244,6.485,219.83,SSP2-4.5
2034-10-15,0.1108,25.022,88.381,4.527,211.54,SSP2-4.5
2034-10-16,0.014,25.071,88.744,5.556,210.2,SSP2-4.5
2034-10-17,1.8919,24.962,89.078,4.743,208.66,SSP2-4.5
2034-10-18,9.8387,24.809,89.426,6.118,206.02,SSP2-4.5
2034-10-19,41.5636,24.391,92.408,6.041,184.47,SSP2-4.5
2034-10-20,6.5813,24.242,91.784,6.27,179.07,SSP2-4.5
2034-10-21,13.2023,24.476,91.041,5.057,197.82,SSP2-4.5
2034-10-22,12.9481,24.504,88.665,8.253,194.71,SSP2-4.5
2034-10-23,10.1365,25.441,85.077,10.177,217.28,SSP2-4.5
2034-10-24,10.0148,22.959,93.24,6.808,143.33,SSP2-4.5
2034-10-25,0.7024,23.897,90.358,2.145,182.45,SSP2-4.5
2034-10-26,0.0,26.733,84.156,4.949,236.19,SSP2-4.5
2034-10-27,0.0159,26.08,84.664,6.852,234.92,SSP2-4.5
2034-10-28,0.9613,26.186,83.234,5.955,238.48,SSP2-4.5
2034-10-29,0.0,26.255,80.382,4.212,251.08,SSP2-4.5
2034-10-30,0.0,26.151,79.48,4.909,252.94,SSP2-4.5
2034-10-31,0.0,26.011,79.777,5.761,249.49,SSP2-4.5
2034-11-01,0.0,26.272,79.729,7.206,240.23,SSP2-4.5
2034-11-02,0.0,25.46,85.128,6.591,211.78,SSP2-4.5
2034-11-03,0.0,25.411,81.682,5.48,228.68,SSP2-4.5
2034-11-04,0.0,25.036,73.3,6.227,239.97,SSP2-4.5
2034-11-05,0.0,24.975,72.342,7.263,235.44,SSP2-4.5
2034-11-06,0.0,24.805,66.019,8.616,228.13,SSP2-4.5
2034-11-07,0.1721,24.61,67.786,7.815,232.09,SSP2-4.5
2034-11-08,0.0,24.992,72.419,5.486,213.51,SSP2-4.5
2034-11-09,0.0,23.512,59.422,5.986,233.38,SSP2-4.5
2034-11-10,0.0,22.566,51.575,5.476,253.2,SSP2-4.5
2034-11-11,0.0,22.151,49.766,6.41,257.22,SSP2-4.5
2034-11-12,0.0,22.607,50.602,6.659,251.59,SSP2-4.5
2034-11-13,0.0,22.312,50.581,8.343,249.72,SSP2-4.5
2034-11-14,0.0,22.027,48.512,9.686,249.91,SSP2-4.5
2034-11-15,0.0,21.406,44.623,9.067,259.42,SSP2-4.5
2034-11-16,0.0,21.562,47.232,6.513,256.92,SSP2-4.5
2034-11-17,0.0,22.418,63.922,6.025,232.73,SSP2-4.5
2034-11-18,0.0,23.528,73.841,7.05,227.2,SSP2-4.5
2034-11-19,0.0,24.145,76.379,6.987,209.18,SSP2-4.5
2034-11-20,0.0,24.497,76.81,4.286,203.47,SSP2-4.5
2034-11-21,0.0,24.721,60.177,9.045,226.66,SSP2-4.5
2034-11-22,0.0,23.818,53.915,11.525,226.59,SSP2-4.5
2034-11-23,0.0,23.53,62.406,8.988,239.65,SSP2-4.5
2034-11-24,0.0,23.752,56.479,6.941,232.95,SSP2-4.5
2034-11-25,0.0,23.516,65.184,5.529,227.17,SSP2-4.5
2034-11-26,0.0,23.782,66.73,6.037,229.32,SSP2-4.5
2034-11-27,0.0,23.297,69.103,8.216,212.4,SSP2-4.5
2034-11-28,3.4951,22.945,81.284,7.208,168.63,SSP2-4.5
2034-11-29,4.1136,22.721,90.938,7.939,152.7,SSP2-4.5
2034-11-30,0.0038,22.92,76.704,7.457,181.27,SSP2-4.5
2034-12-01,0.0,22.017,55.705,7.33,226.09,SSP2-4.5
2034-12-02,0.0,21.584,48.922,4.538,236.31,SSP2-4.5
2034-12-03,0.0,21.821,51.342,4.356,241.12,SSP2-4.5
2034-12-04,0.0,22.02,59.475,7.424,234.98,SSP2-4.5
2034-12-05,0.0,21.879,58.791,6.584,241.76,SSP2-4.5
2034-12-06,0.0,22.112,59.0,5.724,237.06,SSP2-4.5
2034-12-07,0.0,22.124,60.64,6.698,232.54,SSP2-4.5
2034-12-08,0.0,21.942,62.404,5.806,220.6,SSP2-4.5
2034-12-09,0.0,21.998,55.933,5.215,233.96,SSP2-4.5
2034-12-10,0.0,21.731,57.477,5.872,222.01,SSP2-4.5
2034-12-11,0.0,21.636,58.839,5.515,225.24,SSP2-4.5
2034-12-12,0.0,21.694,55.393,5.61,232.9,SSP2-4.5
2034-12-13,0.0,21.95,53.334,4.07,230.98,SSP2-4.5
2034-12-14,0.0,21.652,52.371,5.612,226.61,SSP2-4.5
2034-12-15,0.0,21.201,56.261,5.999,209.58,SSP2-4.5
2034-12-16,0.0,21.428,57.318,7.925,209.41,SSP2-4.5
2034-12-17,0.0,21.718,55.629,6.965,224.13,SSP2-4.5
2034-12-18,0.0,21.433,52.146,8.449,221.82,SSP2-4.5
2034-12-19,0.0,21.183,46.624,9.937,222.95,SSP2-4.5
2034-12-20,0.0,21.362,42.959,11.572,235.79,SSP2-4.5
2034-12-21,0.0,21.448,47.788,10.529,170.26,SSP2-4.5
2034-12-22,0.0,21.113,49.695,9.94,183.3,SSP2-4.5
2034-12-23,0.0,22.23,46.263,8.047,228.77,SSP2-4.5
2034-12-24,0.0,22.112,53.613,6.177,230.06,SSP2-4.5
2034-12-25,0.0,22.735,58.119,4.125,229.15,SSP2-4.5
2034-12-26,0.0,22.698,55.945,5.247,229.58,SSP2-4.5
2034-12-27,0.0,22.232,51.041,4.585,228.07,SSP2-4.5
2034-12-28,0.0,21.731,49.671,5.265,218.71,SSP2-4.5
2034-12-29,0.0,21.577,45.908,7.768,238.49,SSP2-4.5
2034-12-30,0.0,20.576,39.46,7.14,241.95,SSP2-4.5
2034-12-31,0.0,19.935,38.664,6.353,231.27,SSP2-4.5
2035-01-01,0.0,20.169,37.113,8.3,236.64,SSP2-4.5
2035-01-02,0.0,20.001,36.025,9.644,242.84,SSP2-4.5
2035-01-03,0.0,19.678,35.433,8.385,230.54,SSP2-4.5
2035-01-04,0.0,19.438,36.243,6.978,246.23,SSP2-4.5
2035-01-05,0.0,19.875,35.367,7.193,249.14,SSP2-4.5
2035-01-06,0.0,19.807,34.705,9.357,243.3,SSP2-4.5
2035-01-07,0.0,19.669,30.099,10.358,260.19,SSP2-4.5
2035-01-08,0.0,18.934,28.917,10.413,265.79,SSP2-4.5
2035-01-09,0.0,18.581,32.841,8.673,246.7,SSP2-4.5
2035-01-10,0.0,19.158,37.124,8.28,250.94,SSP2-4.5
2035-01-11,0.0,19.386,41.246,7.333,255.98,SSP2-4.5
2035-01-12,0.0,19.881,45.412,6.168,219.75,SSP2-4.5
2035-01-13,0.0,21.002,42.704,7.862,251.28,SSP2-4.5
2035-01-14,0.0,21.35,41.702,9.086,242.25,SSP2-4.5
2035-01-15,0.0,21.908,42.294,9.139,236.45,SSP2-4.5
2035-01-16,0.0,21.906,44.965,8.115,224.84,SSP2-4.5
2035-01-17,0.0,21.674,52.622,5.232,193.96,SSP2-4.5
2035-01-18,0.0,23.039,57.349,5.069,202.53,SSP2-4.5
2035-01-19,0.0,23.517,58.401,8.49,215.2,SSP2-4.5
2035-01-20,0.0,23.438,52.74,6.364,248.23,SSP2-4.5
2035-01-21,0.0,23.533,47.591,5.092,245.51,SSP2-4.5
2035-01-22,0.0,23.691,45.441,4.928,254.46,SSP2-4.5
2035-01-23,0.0,24.246,46.795,9.167,250.0,SSP2-4.5
2035-01-24,0.0,23.83,45.719,11.29,259.89,SSP2-4.5
2035-01-25,0.0,23.48,41.952,10.559,263.08,SSP2-4.5
2035-01-26,0.0,23.358,39.25,8.564,272.69,SSP2-4.5
2035-01-27,0.0,23.176,38.13,7.807,272.26,SSP2-4.5
2035-01-28,0.0,23.374,37.141,8.473,264.92,SSP2-4.5
2035-01-29,0.0,23.193,35.868,7.337,271.3,SSP2-4.5
2035-01-30,0.0,22.947,35.004,9.83,275.26,SSP2-4.5
2035-01-31,0.0,23.475,35.305,11.483,255.25,SSP2-4.5
2035-02-01,0.0,22.576,32.677,10.165,268.43,SSP2-4.5
2035-02-02,0.0,22.033,31.503,8.878,276.9,SSP2-4.5
2035-02-03,0.0,22.248,42.799,7.015,267.28,SSP2-4.5
2035-02-04,0.0,24.22,46.921,9.36,258.24,SSP2-4.5
2035-02-05,0.0,25.304,52.456,9.072,252.7,SSP2-4.5
2035-02-06,0.0,25.985,52.19,8.722,230.71,SSP2-4.5
2035-02-07,0.0,25.596,48.549,8.203,248.16,SSP2-4.5
2035-02-08,0.0,25.145,48.704,9.752,262.7,SSP2-4.5
2035-02-09,0.0,24.901,45.319,10.187,272.43,SSP2-4.5
2035-02-10,0.0,24.712,43.455,10.299,272.71,SSP2-4.5
2035-02-11,0.0,24.706,40.402,9.762,266.92,SSP2-4.5
2035-02-12,0.0,24.568,40.437,10.385,270.0,SSP2-4.5
2035-02-13,0.0,24.787,39.678,13.061,265.75,SSP2-4.5
2035-02-14,0.0,24.769,46.182,7.98,257.46,SSP2-4.5
2035-02-15,0.0,25.49,47.333,6.622,263.38,SSP2-4.5
2035-02-16,0.0,25.418,50.418,7.314,256.43,SSP2-4.5
2035-02-17,0.0017,25.013,51.796,7.388,212.29,SSP2-4.5
2035-02-18,0.0016,25.951,49.061,9.571,239.25,SSP2-4.5
2035-02-19,0.0,25.661,53.519,5.854,231.11,SSP2-4.5
2035-02-20,0.0,24.822,51.72,10.691,223.3,SSP2-4.5
2035-02-21,0.0,25.647,48.572,12.56,288.21,SSP2-4.5
2035-02-22,0.0,26.128,48.918,11.451,275.22,SSP2-4.5
2035-02-23,0.0,23.985,60.201,9.056,185.43,SSP2-4.5
2035-02-24,0.0,24.831,56.421,9.006,228.7,SSP2-4.5
2035-02-25,0.0077,25.844,50.274,10.341,283.35,SSP2-4.5
2035-02-26,0.0001,26.361,49.956,9.785,276.7,SSP2-4.5
2035-02-27,0.0,25.917,50.456,11.48,237.58,SSP2-4.5
2035-02-28,0.0,26.348,41.169,11.718,283.82,SSP2-4.5
2035-03-01,0.0,26.053,47.68,5.411,270.0,SSP2-4.5
2035-03-02,0.0,26.312,46.379,3.913,261.67,SSP2-4.5
2035-03-03,0.0,23.994,64.73,8.82,184.75,SSP2-4.5
2035-03-04,0.0,25.378,55.455,7.144,223.06,SSP2-4.5
2035-03-05,0.0,26.597,49.237,4.385,256.49,SSP2-4.5
2035-03-06,0.0,27.376,37.722,4.893,291.79,SSP2-4.5
2035-03-07,0.0,27.209,36.018,7.418,280.55,SSP2-4.5
2035-03-08,0.0,27.782,34.733,10.385,279.98,SSP2-4.5
2035-03-09,0.0,27.129,34.831,11.649,246.38,SSP2-4.5
2035-03-10,0.0,27.248,28.753,11.253,326.72,SSP2-4.5
2035-03-11,0.0,26.74,27.129,11.381,326.38,SSP2-4.5
2035-03-12,0.0,26.509,26.627,10.59,320.21,SSP2-4.5
2035-03-13,0.0,26.457,24.21,9.682,330.07,SSP2-4.5
2035-03-14,0.0,26.362,23.791,9.241,326.22,SSP2-4.5
2035-03-15,0.0,26.003,26.024,5.598,324.19,SSP2-4.5
2035-03-16,0.0,26.789,35.04,7.265,305.49,SSP2-4.5
2035-03-17,0.0,28.191,43.228,10.614,285.74,SSP2-4.5
2035-03-18,0.3701,26.089,56.928,8.814,225.69,SSP2-4.5
2035-03-19,0.0,27.04,50.361,8.753,228.68,SSP2-4.5
2035-03-20,0.0,28.658,38.88,5.671,305.77,SSP2-4.5
2035-03-21,0.0,28.691,33.974,6.82,314.93,SSP2-4.5
2035-03-22,0.0,29.046,34.882,8.601,302.66,SSP2-4.5
2035-03-23,0.0183,26.781,50.397,6.807,198.62,SSP2-4.5
2035-03-24,0.6105,27.161,50.582,8.242,230.88,SSP2-4.5
2035-03-25,0.0,28.705,34.367,6.384,328.58,SSP2-4.5
2035-03-26,0.0,28.809,34.777,6.789,324.55,SSP2-4.5
2035-03-27,0.0,29.42,33.359,7.269,319.0,SSP2-4.5
2035-03-28,0.0,29.627,33.706,7.416,304.0,SSP2-4.5
2035-03-29,0.1006,27.777,44.396,9.293,222.45,SSP2-4.5
2035-03-30,0.0004,29.12,37.19,5.454,294.67,SSP2-4.5
2035-03-31,0.0,29.717,34.424,7.323,278.89,SSP2-4.5
2035-04-01,0.0,30.011,31.638,5.715,320.33,SSP2-4.5
2035-04-02,0.7453,29.67,43.182,11.539,292.21,SSP2-4.5
2035-04-03,0.1423,25.044,63.977,8.531,199.04,SSP2-4.5
2035-04-04,0.0,29.78,40.132,8.781,305.22,SSP2-4.5
2035-04-05,0.0,30.263,31.107,9.801,339.44,SSP2-4.5
2035-04-06,0.0,30.142,31.174,8.052,334.63,SSP2-4.5
2035-04-07,0.0,30.154,32.925,6.27,315.05,SSP2-4.5
2035-04-08,0.0,30.279,35.954,8.087,313.4,SSP2-4.5
2035-04-09,0.0045,30.867,34.642,9.626,311.98,SSP2-4.5
2035-04-10,1.276,29.385,47.766,6.867,277.28,SSP2-4.5
2035-04-11,0.4149,27.973,57.34,8.437,232.33,SSP2-4.5
2035-04-12,0.0,26.27,58.738,6.318,232.28,SSP2-4.5
2035-04-13,0.0,29.99,38.914,7.166,312.59,SSP2-4.5
2035-04-14,0.0,30.756,33.66,9.458,308.58,SSP2-4.5
2035-04-15,0.0,31.113,30.704,9.424,314.7,SSP2-4.5
2035-04-16,0.0,30.955,32.419,8.545,287.94,SSP2-4.5
2035-04-17,0.0,31.119,34.833,9.108,303.69,SSP2-4.5
2035-04-18,0.0088,30.892,36.498,8.893,290.79,SSP2-4.5
2035-04-19,0.0,31.039,35.513,8.006,280.34,SSP2-4.5
2035-04-20,0.0,31.056,34.138,8.337,294.05,SSP2-4.5
2035-04-21,0.0153,31.721,31.432,7.699,302.62,SSP2-4.5
2035-04-22,0.0067,31.864,32.078,7.158,289.09,SSP2-4.5
2035-04-23,0.0,31.826,31.528,7.079,264.04,SSP2-4.5
2035-04-24,0.0,31.519,34.427,8.114,246.73,SSP2-4.5
2035-04-25,0.0,31.984,31.646,9.568,310.28,SSP2-4.5
2035-04-26,0.0,32.209,31.853,9.125,297.64,SSP2-4.5
2035-04-27,0.0,32.349,28.856,10.005,298.27,SSP2-4.5
2035-04-28,0.0,32.597,29.535,7.708,300.32,SSP2-4.5
2035-04-29,0.0,32.688,27.32,7.296,310.61,SSP2-4.5
2035-04-30,0.0,32.742,27.481,6.867,290.73,SSP2-4.5
2035-05-01,0.0,34.083,26.285,6.949,295.79,SSP2-4.5
2035-05-02,0.0,34.3,26.763,7.959,305.85,SSP2-4.5
2035-05-03,0.0,34.478,28.111,10.449,321.26,SSP2-4.5
2035-05-04,0.0,34.545,26.688,8.605,322.92,SSP2-4.5
2035-05-05,0.0,34.913,22.145,10.059,331.35,SSP2-4.5
2035-05-06,0.0,35.09,21.025,14.18,295.59,SSP2-4.5
2035-05-07,0.0,35.063,22.362,14.954,283.7,SSP2-4.5
2035-05-08,0.0,35.14,22.927,15.844,274.83,SSP2-4.5
2035-05-09,0.0,35.187,22.591,16.028,335.12,SSP2-4.5
2035-05-10,0.0,35.293,22.182,15.597,320.02,SSP2-4.5
2035-05-11,0.0,35.224,21.988,15.065,332.17,SSP2-4.5
2035-05-12,0.0,35.234,22.146,13.511,317.7,SSP2-4.5
2035-05-13,0.0148,35.398,24.318,11.908,310.89,SSP2-4.5
2035-05-14,0.0319,35.392,24.795,10.854,314.24,SSP2-4.5
2035-05-15,0.6836,35.183,26.799,9.32,313.38,SSP2-4.5
2035-05-16,0.0274,35.081,26.529,7.628,317.67,SSP2-4.5
2035-05-17,0.3555,35.188,30.635,6.543,303.05,SSP2-4.5
2035-05-18,3.7501,33.825,40.562,6.08,278.3,SSP2-4.5
2035-05-19,5.8476,31.662,48.334,5.238,251.71,SSP2-4.5
2035-05-20,1.4895,32.673,47.166,6.167,272.21,SSP2-4.5
2035-05-21,0.0,33.77,39.662,4.612,290.83,SSP2-4.5
2035-05-22,1.0449,33.659,43.671,4.614,272.02,SSP2-4.5
2035-05-23,3.5995,31.332,53.901,6.007,258.03,SSP2-4.5
2035-05-24,0.1387,33.09,43.025,11.334,282.53,SSP2-4.5
2035-05-25,0.0047,32.705,40.88,12.743,275.47,SSP2-4.5
2035-05-26,0.0381,32.919,42.909,11.522,279.81,SSP2-4.5
2035-05-27,0.0,32.439,41.534,11.996,256.33,SSP2-4.5
2035-05-28,0.0,31.457,45.535,13.196,260.5,SSP2-4.5
2035-05-29,0.0,32.688,43.821,15.755,287.4,SSP2-4.5
2035-05-30,0.0,31.514,50.94,17.032,257.73,SSP2-4.5
2035-05-31,0.9002,31.246,51.075,18.173,260.97,SSP2-4.5
2035-06-01,17.6355,27.419,71.955,13.245,207.34,SSP2-4.5
2035-06-02,14.259,25.618,83.744,13.06,185.81,SSP2-4.5
2035-06-03,0.0,29.315,62.974,16.33,258.42,SSP2-4.5
2035-06-04,0.0,29.353,60.73,16.247,255.6,SSP2-4.5
2035-06-05,0.0,28.318,62.852,15.609,250.05,SSP2-4.5
2035-06-06,0.0,29.253,58.928,16.007,265.11,SSP2-4.5
2035-06-07,0.0,30.082,55.661,15.817,280.69,SSP2-4.5
2035-06-08,0.2304,28.988,61.157,15.036,263.8,SSP2-4.5
2035-06-09,3.311,28.572,65.408,15.551,247.85,SSP2-4.5
2035-06-10,0.2031,28.066,71.404,14.209,232.13,SSP2-4.5
2035-06-11,0.0296,29.117,63.858,14.491,274.37,SSP2-4.5
2035-06-12,0.0,29.34,60.942,13.926,267.9,SSP2-4.5
2035-06-13,0.6631,30.983,57.918,13.756,300.13,SSP2-4.5
2035-06-14,7.3434,29.482,66.667,11.415,277.08,SSP2-4.5
2035-06-15,0.0893,28.651,64.657,11.988,266.51,SSP2-4.5
2035-06-16,0.0,28.58,64.673,13.042,256.14,SSP2-4.5
2035-06-17,0.0,29.66,60.771,14.579,278.96,SSP2-4.5
2035-06-18,0.0,28.312,65.672,14.265,242.79,SSP2-4.5
2035-06-19,0.0,28.435,62.398,15.339,242.26,SSP2-4.5
2035-06-20,17.9846,28.083,70.244,15.233,245.49,SSP2-4.5
2035-06-21,52.5263,24.242,92.438,15.06,127.62,SSP2-4.5
2035-06-22,35.4969,25.5,93.187,12.654,147.26,SSP2-4.5
2035-06-23,6.9712,25.783,89.926,10.818,195.13,SSP2-4.5
2035-06-24,1.9603,26.395,89.797,9.298,208.17,SSP2-4.5
2035-06-25,1.0891,26.42,87.754,11.689,201.58,SSP2-4.5
2035-06-26,7.7302,26.913,87.385,12.875,217.66,SSP2-4.5
2035-06-27,19.9829,25.58,90.174,14.136,185.81,SSP2-4.5
2035-06-28,10.8617,24.898,91.518,12.299,171.92,SSP2-4.5
2035-06-29,3.4062,25.492,89.609,13.078,186.45,SSP2-4.5
2035-06-30,25.9534,26.739,88.231,14.861,222.53,SSP2-4.5
2035-07-01,25.1273,24.552,91.998,15.477,160.94,SSP2-4.5
2035-07-02,10.2425,25.757,89.376,14.996,188.28,SSP2-4.5
2035-07-03,6.1018,25.023,91.166,13.014,185.84,SSP2-4.5
2035-07-04,12.3868,26.566,88.624,14.124,223.74,SSP2-4.5
2035-07-05,12.8467,26.099,89.348,14.019,210.36,SSP2-4.5
2035-07-06,0.0,26.797,84.644,14.226,250.47,SSP2-4.5
2035-07-07,0.0,27.048,82.603,13.352,240.54,SSP2-4.5
2035-07-08,0.2057,27.129,81.353,13.092,231.38,SSP2-4.5
2035-07-09,12.0252,25.949,90.239,10.038,196.34,SSP2-4.5
2035-07-10,0.2046,26.644,88.062,9.563,224.23,SSP2-4.5
2035-07-11,0.053,27.363,83.54,9.309,278.41,SSP2-4.5
2035-07-12,0.0,27.131,85.325,9.607,225.39,SSP2-4.5
2035-07-13,0.0,27.282,84.262,9.217,226.67,SSP2-4.5
2035-07-14,0.0,27.721,79.986,12.208,258.02,SSP2-4.5
2035-07-15,0.0,27.505,79.361,12.201,252.55,SSP2-4.5
2035-07-16,0.0,27.65,79.625,10.778,247.52,SSP2-4.5
2035-07-17,0.05,27.532,83.618,7.865,233.07,SSP2-4.5
2035-07-18,0.0,27.333,84.253,7.979,232.02,SSP2-4.5
2035-07-19,0.0,27.558,78.963,8.981,259.79,SSP2-4.5
2035-07-20,0.0,27.94,79.07,8.716,249.93,SSP2-4.5
2035-07-21,0.0,28.02,80.105,8.38,254.38,SSP2-4.5
2035-07-22,0.0,28.769,77.404,7.833,271.6,SSP2-4.5
2035-07-23,0.0,29.101,72.589,10.102,290.33,SSP2-4.5
2035-07-24,0.0,29.267,69.579,12.049,288.12,SSP2-4.5
2035-07-25,0.0,28.104,75.725,12.574,237.09,SSP2-4.5
2035-07-26,19.5532,26.297,91.019,11.576,185.27,SSP2-4.5
2035-07-27,0.0,26.473,90.408,10.545,208.25,SSP2-4.5
2035-07-28,0.0,26.752,86.831,11.358,231.67,SSP2-4.5
2035-07-29,0.0,26.909,87.096,10.652,218.13,SSP2-4.5
2035-07-30,19.1484,26.096,92.102,9.035,182.76,SSP2-4.5
2035-07-31,14.9525,25.535,93.585,9.987,165.52,SSP2-4.5
2035-08-01,0.3686,25.821,89.452,10.743,215.57,SSP2-4.5
2035-08-02,4.9582,25.701,89.97,11.339,204.56,SSP2-4.5
2035-08-03,0.0217,25.7,90.032,9.919,200.2,SSP2-4.5
2035-08-04,1.1423,25.921,89.043,13.052,220.34,SSP2-4.5
2035-08-05,0.043,25.726,90.108,10.984,211.72,SSP2-4.5
2035-08-06,0.0,25.916,89.392,9.881,214.2,SSP2-4.5
2035-08-07,2.575,27.305,83.542,11.59,273.84,SSP2-4.5
2035-08-08,28.5219,25.533,91.83,11.643,194.39,SSP2-4.5
2035-08-09,30.1468,25.175,93.56,12.144,172.5,SSP2-4.5
2035-08-10,14.639,25.051,92.132,12.545,189.04,SSP2-4.5
2035-08-11,0.0,26.037,87.095,10.35,235.15,SSP2-4.5
2035-08-12,4.3935,26.335,87.194,10.355,249.24,SSP2-4.5
2035-08-13,2.5142,25.335,90.561,11.581,195.35,SSP2-4.5
2035-08-14,0.0,25.391,90.637,10.326,205.24,SSP2-4.5
2035-08-15,0.0,26.107,85.042,11.005,251.68,SSP2-4.5
2035-08-16,0.0,26.409,84.73,11.498,238.72,SSP2-4.5
2035-08-17,0.0,26.742,85.071,10.251,243.2,SSP2-4.5
2035-08-18,0.2158,26.199,85.461,12.234,241.15,SSP2-4.5
2035-08-19,0.063,26.031,86.43,12.056,222.09,SSP2-4.5
2035-08-20,0.0,26.483,84.098,12.383,242.44,SSP2-4.5
2035-08-21,0.3542,26.164,84.341,12.481,230.95,SSP2-4.5
2035-08-22,22.635,25.361,92.087,11.862,185.56,SSP2-4.5
2035-08-23,0.1823,25.685,90.507,10.9,211.89,SSP2-4.5
2035-08-24,6.2851,25.535,91.553,10.787,203.23,SSP2-4.5
2035-08-25,1.3318,25.481,93.166,9.131,193.14,SSP2-4.5
2035-08-26,8.8922,25.569,93.566,9.023,197.42,SSP2-4.5
2035-08-27,26.4071,25.603,94.115,8.418,205.58,SSP2-4.5
2035-08-28,22.9504,25.867,95.927,7.428,195.09,SSP2-4.5
2035-08-29,14.6064,25.751,94.218,6.683,208.73,SSP2-4.5
2035-08-30,9.5097,25.949,92.61,8.535,217.13,SSP2-4.5
2035-08-31,0.1855,25.73,90.727,10.004,209.88,SSP2-4.5
2035-09-01,0.1097,25.653,92.704,8.928,191.2,SSP2-4.5
2035-09-02,0.0,26.486,88.194,8.299,239.81,SSP2-4.5
2035-09-03,0.0,26.827,83.762,5.998,252.9,SSP2-4.5
2035-09-04,0.0,27.252,85.688,4.13,243.58,SSP2-4.5
2035-09-05,0.712,26.971,89.365,3.495,234.31,SSP2-4.5
2035-09-06,2.2855,27.062,88.492,4.465,231.17,SSP2-4.5
2035-09-07,5.9141,26.88,88.097,3.484,240.51,SSP2-4.5
2035-09-08,0.8432,27.291,81.521,5.967,275.69,SSP2-4.5
2035-09-09,0.0,27.246,79.785,8.126,275.25,SSP2-4.5
2035-09-10,0.0,27.17,79.742,6.278,268.52,SSP2-4.5
2035-09-11,0.0,27.334,79.588,5.44,280.64,SSP2-4.5
2035-09-12,0.0,27.503,77.62,6.591,288.06,SSP2-4.5
2035-09-13,0.0,27.565,77.351,7.506,291.06,SSP2-4.5
2035-09-14,0.0,27.687,80.995,6.354,268.08,SSP2-4.5
2035-09-15,32.3251,26.871,90.648,2.844,229.14,SSP2-4.5
2035-09-16,31.8578,26.25,94.032,5.306,206.67,SSP2-4.5
2035-09-17,27.3958,26.245,93.727,8.192,204.83,SSP2-4.5
2035-09-18,27.97,26.39,92.388,10.052,207.4,SSP2-4.5
2035-09-19,0.456,26.429,88.424,11.834,214.91,SSP2-4.5
2035-09-20,5.4599,26.64,87.258,9.006,229.98,SSP2-4.5
2035-09-21,0.9675,26.459,88.972,8.283,205.61,SSP2-4.5
2035-09-22,4.4842,26.206,90.645,9.957,201.7,SSP2-4.5
2035-09-23,10.6644,26.511,89.006,7.906,231.11,SSP2-4.5
2035-09-24,5.571,26.488,90.208,6.827,220.83,SSP2-4.5
2035-09-25,32.2309,26.125,92.077,8.685,196.66,SSP2-4.5
2035-09-26,16.4862,25.639,91.122,11.856,194.26,SSP2-4.5
2035-09-27,17.8045,25.918,89.868,7.828,200.87,SSP2-4.5
2035-09-28,4.9244,25.262,93.18,5.61,178.13,SSP2-4.5
2035-09-29,0.0432,26.263,88.056,4.1,240.47,SSP2-4.5
2035-09-30,0.0,26.833,86.882,7.464,230.86,SSP2-4.5
2035-10-01,0.0,26.465,82.951,10.792,241.69,SSP2-4.5
2035-10-02,0.0,26.087,83.009,11.362,234.25,SSP2-4.5
2035-10-03,0.0,26.174,83.185,7.887,257.7,SSP2-4.5
2035-10-04,0.0,25.814,86.677,6.621,223.11,SSP2-4.5
2035-10-05,0.0,26.289,83.674,5.316,232.6,SSP2-4.5
2035-10-06,0.0,26.854,75.375,4.548,268.62,SSP2-4.5
2035-10-07,0.0,26.379,80.96,4.923,252.08,SSP2-4.5
2035-10-08,0.0,25.71,88.698,5.309,224.87,SSP2-4.5
2035-10-09,0.0,25.725,86.121,3.904,242.42,SSP2-4.5
2035-10-10,0.0,26.024,82.396,4.01,252.69,SSP2-4.5
2035-10-11,0.0,26.327,78.726,5.113,250.1,SSP2-4.5
2035-10-12,0.1916,26.506,76.904,5.849,234.16,SSP2-4.5
2035-10-13,0.0,26.346,76.508,5.114,242.36,SSP2-4.5
2035-10-14,0.0,25.498,79.761,5.32,219.98,SSP2-4.5
2035-10-15,0.0,25.488,70.89,5.651,251.5,SSP2-4.5
2035-10-16,0.0,25.453,64.366,4.116,261.08,SSP2-4.5
2035-10-17,0.0,25.142,65.521,3.473,266.73,SSP2-4.5
2035-10-18,0.0,25.067,63.505,4.366,272.76,SSP2-4.5
2035-10-19,0.0,24.873,64.582,4.971,255.2,SSP2-4.5
2035-10-20,0.0,24.941,59.506,5.337,252.51,SSP2-4.5
2035-10-21,0.0,24.653,61.065,5.006,231.38,SSP2-4.5
2035-10-22,0.0,24.879,75.62,5.026,237.68,SSP2-4.5
2035-10-23,0.0,25.464,82.121,5.936,226.43,SSP2-4.5
2035-10-24,0.0,24.737,79.392,5.253,244.13,SSP2-4.5
2035-10-25,0.0,24.806,68.944,5.481,259.06,SSP2-4.5
2035-10-26,0.0,25.387,70.708,4.731,244.01,SSP2-4.5
2035-10-27,0.0,25.807,67.017,4.988,242.54,SSP2-4.5
2035-10-28,0.0,25.949,66.903,5.933,244.74,SSP2-4.5
2035-10-29,0.0,25.429,76.161,4.574,204.46,SSP2-4.5
2035-10-30,0.0,25.715,67.462,4.762,243.58,SSP2-4.5
2035-10-31,0.0,25.785,67.002,5.019,244.77,SSP2-4.5
2035-11-01,0.0,25.773,74.921,4.407,221.65,SSP2-4.5
2035-11-02,0.0,25.978,72.223,4.728,234.77,SSP2-4.5
2035-11-03,0.0,25.716,69.349,4.053,235.0,SSP2-4.5
2035-11-04,0.0,25.607,61.909,4.265,240.3,SSP2-4.5
2035-11-05,0.0,24.179,56.048,8.644,239.41,SSP2-4.5
2035-11-06,0.0,23.645,53.124,8.373,250.03,SSP2-4.5
2035-11-07,0.0,23.321,53.896,9.325,217.11,SSP2-4.5
2035-11-08,0.1159,23.358,70.406,10.331,193.83,SSP2-4.5
2035-11-09,0.0182,24.332,81.226,8.733,184.37,SSP2-4.5
2035-11-10,0.0,25.947,73.579,9.634,217.72,SSP2-4.5
2035-11-11,0.0,26.09,63.713,10.152,246.79,SSP2-4.5
2035-11-12,0.0,25.402,76.245,6.505,235.61,SSP2-4.5
2035-11-13,4.1016,24.638,85.254,5.57,191.37,SSP2-4.5
2035-11-14,0.368,25.154,83.967,3.68,191.07,SSP2-4.5
2035-11-15,0.0061,25.647,76.884,4.72,207.92,SSP2-4.5
2035-11-16,0.0,24.106,57.891,4.751,228.26,SSP2-4.5
2035-11-17,0.0,23.833,53.974,4.596,227.59,SSP2-4.5
2035-11-18,0.0,23.841,53.175,4.805,224.94,SSP2-4.5
2035-11-19,0.0,23.276,52.811,8.539,230.21,SSP2-4.5
2035-11-20,0.0,22.685,42.325,9.787,238.7,SSP2-4.5
2035-11-21,0.0,22.578,59.161,11.147,229.15,SSP2-4.5
2035-11-22,0.0263,25.069,74.514,8.607,180.05,SSP2-4.5
2035-11-23,0.0101,25.762,69.679,3.176,194.65,SSP2-4.5
2035-11-24,0.0,25.106,71.444,3.073,186.65,SSP2-4.5
2035-11-25,0.0,24.39,65.658,4.846,212.43,SSP2-4.5
2035-11-26,0.0,24.073,50.591,5.48,233.65,SSP2-4.5
2035-11-27,0.0,23.848,51.554,5.949,217.24,SSP2-4.5
2035-11-28,0.0,23.851,52.148,5.718,225.87,SSP2-4.5
2035-11-29,0.0009,23.372,62.8,6.873,193.93,SSP2-4.5
2035-11-30,0.0,23.331,60.063,7.35,205.66,SSP2-4.5
2035-12-01,0.0,22.876,56.523,7.682,222.43,SSP2-4.5
2035-12-02,0.0,21.747,53.554,6.851,228.26,SSP2-4.5
2035-12-03,0.0,21.534,44.32,6.959,241.17,SSP2-4.5
2035-12-04,0.0,20.961,50.969,6.756,202.64,SSP2-4.5
2035-12-05,0.0088,22.089,54.017,8.736,223.69,SSP2-4.5
2035-12-06,0.0,22.128,66.301,8.627,201.03,SSP2-4.5
2035-12-07,0.0,22.505,57.911,8.086,222.04,SSP2-4.5
2035-12-08,0.0,22.195,57.456,6.631,225.85,SSP2-4.5
2035-12-09,0.0,22.36,53.515,7.527,227.5,SSP2-4.5
2035-12-10,0.0,21.361,58.944,6.225,198.99,SSP2-4.5
2035-12-11,0.0,22.135,57.163,6.08,232.45,SSP2-4.5
2035-12-12,0.0,22.49,58.301,8.759,213.91,SSP2-4.5
2035-12-13,0.0,21.247,62.964,9.858,184.89,SSP2-4.5
2035-12-14,0.0,21.638,50.893,11.704,208.18,SSP2-4.5
2035-12-15,0.0,22.8,48.384,12.362,209.3,SSP2-4.5
2035-12-16,0.0,21.949,48.382,11.83,208.88,SSP2-4.5
2035-12-17,0.0,21.038,52.643,10.297,190.66,SSP2-4.5
2035-12-18,0.0,20.981,57.471,7.334,182.25,SSP2-4.5
2035-12-19,0.0,21.041,55.44,7.893,191.53,SSP2-4.5
2035-12-20,0.0,21.067,50.351,9.202,226.81,SSP2-4.5
2035-12-21,0.0,21.2,45.696,7.618,239.77,SSP2-4.5
2035-12-22,0.0,21.114,47.808,4.524,238.73,SSP2-4.5
2035-12-23,0.0,21.36,46.985,5.52,239.34,SSP2-4.5
2035-12-24,0.0,21.466,50.119,5.161,235.78,SSP2-4.5
2035-12-25,0.0,22.067,49.391,7.144,233.66,SSP2-4.5
2035-12-26,0.0,22.029,48.766,6.98,233.65,SSP2-4.5
2035-12-27,0.0,22.029,50.874,6.917,230.01,SSP2-4.5
2035-12-28,0.0,22.3,50.134,4.99,224.79,SSP2-4.5
2035-12-29,0.0,22.684,50.475,7.378,222.83,SSP2-4.5
2035-12-30,0.0,21.86,43.966,8.251,231.24,SSP2-4.5
2035-12-31,0.0,21.435,46.765,8.452,234.79,SSP2-4.5
2036-01-01,0.0,21.091,46.972,8.715,214.99,SSP2-4.5
2036-01-02,0.0,20.397,38.374,9.796,230.75,SSP2-4.5
2036-01-03,0.0,20.099,34.739,8.731,252.02,SSP2-4.5
2036-01-04,0.0,19.978,36.956,8.492,251.03,SSP2-4.5
2036-01-05,0.0,21.038,37.822,10.113,227.14,SSP2-4.5
2036-01-06,0.0,20.502,40.571,10.709,173.31,SSP2-4.5
2036-01-07,0.0,20.933,37.078,13.397,199.99,SSP2-4.5
2036-01-08,0.0,21.469,40.911,10.396,214.48,SSP2-4.5
2036-01-09,0.0,23.559,51.54,9.572,219.65,SSP2-4.5
2036-01-10,0.0,23.089,51.72,9.721,227.58,SSP2-4.5
2036-01-11,0.0,23.041,46.434,10.011,242.05,SSP2-4.5
2036-01-12,0.0,23.045,52.468,6.9,240.34,SSP2-4.5
2036-01-13,0.0,23.298,53.013,7.293,238.91,SSP2-4.5
2036-01-14,0.0,23.761,50.328,7.913,242.43,SSP2-4.5
2036-01-15,0.0,23.652,51.178,7.517,236.25,SSP2-4.5
2036-01-16,0.0,23.454,53.525,9.441,216.83,SSP2-4.5
2036-01-17,0.0,22.296,55.528,9.688,192.69,SSP2-4.5
2036-01-18,0.0,22.345,37.541,13.141,241.9,SSP2-4.5
2036-01-19,0.0,22.138,42.474,10.895,243.08,SSP2-4.5
2036-01-20,0.0,22.285,46.737,7.226,246.61,SSP2-4.5
2036-01-21,0.0,22.518,45.821,9.442,248.77,SSP2-4.5
2036-01-22,0.0,22.931,45.909,11.19,252.71,SSP2-4.5
2036-01-23,0.0,23.242,49.698,10.181,246.67,SSP2-4.5
2036-01-24,0.0,22.597,53.586,10.045,232.39,SSP2-4.5
2036-01-25,0.0,23.442,51.977,8.205,229.44,SSP2-4.5
2036-01-26,0.0,23.787,50.26,9.127,240.89,SSP2-4.5
2036-01-27,0.0,23.706,49.61,7.921,250.47,SSP2-4.5
2036-01-28,0.0,24.184,47.626,9.642,251.33,SSP2-4.5
2036-01-29,0.0,24.323,46.853,10.34,252.55,SSP2-4.5
2036-01-30,0.0,24.382,44.515,10.978,256.32,SSP2-4.5
2036-01-31,0.0,24.051,43.958,11.017,257.08,SSP2-4.5
2036-02-01,0.0,23.427,47.633,9.675,240.25,SSP2-4.5
2036-02-02,0.0,23.503,42.209,7.977,255.83,SSP2-4.5
2036-02-03,0.0,23.403,42.056,8.417,245.3,SSP2-4.5
2036-02-04,0.0,24.079,46.823,6.323,253.84,SSP2-4.5
2036-02-05,0.0,24.713,46.17,6.763,260.96,SSP2-4.5
2036-02-06,0.0,25.027,45.868,6.851,262.36,SSP2-4.5
2036-02-07,0.0,24.632,40.19,8.225,269.82,SSP2-4.5
2036-02-08,0.0,24.378,41.886,6.322,267.85,SSP2-4.5
2036-02-09,0.0,24.896,42.39,6.471,272.49,SSP2-4.5
2036-02-10,0.0,25.119,44.382,5.301,268.94,SSP2-4.5
2036-02-11,0.0,25.572,42.702,6.016,264.96,SSP2-4.5
2036-02-12,0.0,25.631,42.239,9.238,226.01,SSP2-4.5
2036-02-13,0.0,24.973,40.93,12.331,193.03,SSP2-4.5
2036-02-14,0.0,23.664,51.279,12.386,178.23,SSP2-4.5
2036-02-15,0.0,24.984,42.334,9.875,221.56,SSP2-4.5
2036-02-16,0.0,23.766,49.114,7.496,198.34,SSP2-4.5
2036-02-17,0.003,23.92,52.773,12.151,205.01,SSP2-4.5
2036-02-18,0.0038,25.211,49.142,11.338,260.23,SSP2-4.5
2036-02-19,0.0016,25.373,52.835,9.655,227.73,SSP2-4.5
2036-02-20,0.0,25.629,45.669,12.588,233.61,SSP2-4.5
2036-02-21,0.0,25.33,48.671,9.982,240.92,SSP2-4.5
2036-02-22,0.0,25.592,46.04,9.346,249.94,SSP2-4.5
2036-02-23,0.0,25.659,44.848,9.695,239.46,SSP2-4.5
2036-02-24,0.0,24.93,44.805,11.629,257.35,SSP2-4.5
2036-02-25,0.0,25.018,44.798,12.374,243.57,SSP2-4.5
2036-02-26,0.0,24.964,39.013,10.106,274.39,SSP2-4.5
2036-02-27,0.0,24.755,37.047,9.362,291.3,SSP2-4.5
2036-02-28,0.0,24.804,34.538,11.133,296.62,SSP2-4.5
2036-02-29,0.0,24.793,31.848,10.1,306.32,SSP2-4.5
2036-03-01,0.0,24.631,31.505,8.311,301.66,SSP2-4.5
2036-03-02,0.0,24.876,31.334,8.725,300.96,SSP2-4.5
2036-03-03,0.0,25.082,30.356,8.063,303.23,SSP2-4.5
2036-03-04,0.0,25.497,30.633,9.171,302.76,SSP2-4.5
2036-03-05,0.0,25.506,31.382,7.853,304.22,SSP2-4.5
2036-03-06,0.0,25.856,31.105,6.281,298.49,SSP2-4.5
2036-03-07,0.0,26.316,29.024,5.24,293.97,SSP2-4.5
2036-03-08,0.0,26.69,27.117,8.434,286.18,SSP2-4.5
2036-03-09,0.0,27.484,29.319,9.738,281.01,SSP2-4.5
2036-03-10,0.0,27.869,33.735,11.505,251.03,SSP2-4.5
2036-03-11,0.0,27.498,34.695,12.756,289.53,SSP2-4.5
2036-03-12,0.0,27.286,33.696,10.04,286.75,SSP2-4.5
2036-03-13,0.0,27.347,29.612,10.567,299.31,SSP2-4.5
2036-03-14,0.0,27.555,30.568,11.001,295.93,SSP2-4.5
2036-03-15,0.0,27.688,29.563,11.843,296.74,SSP2-4.5
2036-03-16,0.0,27.774,30.646,8.853,306.28,SSP2-4.5
2036-03-17,0.0,28.55,31.067,9.501,300.08,SSP2-4.5
2036-03-18,0.0,28.611,29.03,8.928,287.99,SSP2-4.5
2036-03-19,0.0,28.252,27.774,10.061,299.68,SSP2-4.5
2036-03-20,0.0,28.465,28.014,10.502,314.11,SSP2-4.5
2036-03-21,0.0,28.03,26.254,9.209,320.36,SSP2-4.5
2036-03-22,0.0,27.785,26.298,9.929,324.47,SSP2-4.5
2036-03-23,0.0,27.855,27.129,10.178,325.17,SSP2-4.5
2036-03-24,0.1521,28.199,38.76,8.301,278.76,SSP2-4.5
2036-03-25,0.8576,28.194,38.609,10.461,274.38,SSP2-4.5
2036-03-26,0.0132,28.256,37.814,10.984,255.28,SSP2-4.5
2036-03-27,5.0003,25.892,53.823,10.291,208.79,SSP2-4.5
2036-03-28,6.7099,27.226,52.284,8.308,240.83,SSP2-4.5
2036-03-29,0.0371,28.348,43.603,8.036,287.99,SSP2-4.5
2036-03-30,0.0203,28.487,38.854,7.929,295.94,SSP2-4.5
2036-03-31,0.0079,29.109,34.727,11.194,307.49,SSP2-4.5
2036-04-01,0.2227,28.479,42.793,13.302,277.09,SSP2-4.5
2036-04-02,0.0,29.691,33.857,8.681,304.63,SSP2-4.5
2036-04-03,0.0,29.696,34.377,6.295,298.66,SSP2-4.5
2036-04-04,0.0153,29.888,35.175,5.905,306.38,SSP2-4.5
2036-04-05,0.0,29.826,34.113,4.913,321.07,SSP2-4.5
2036-04-06,0.0,29.72,30.94,6.964,326.97,SSP2-4.5
2036-04-07,0.0016,30.19,28.677,7.618,322.0,SSP2-4.5
2036-04-08,0.1062,30.139,31.419,7.186,288.16,SSP2-4.5
2036-04-09,0.3121,30.357,33.193,6.487,270.85,SSP2-4.5
2036-04-10,1.2096,30.113,38.32,6.983,280.37,SSP2-4.5
2036-04-11,0.0,30.397,33.03,7.207,317.52,SSP2-4.5
2036-04-12,0.0165,30.613,31.875,7.108,309.65,SSP2-4.5
2036-04-13,0.0055,30.403,31.352,7.651,299.02,SSP2-4.5
2036-04-14,0.0,27.206,45.66,5.116,211.21,SSP2-4.5
2036-04-15,0.1601,30.214,33.467,5.016,304.14,SSP2-4.5
2036-04-16,0.1817,30.603,31.961,4.118,306.44,SSP2-4.5
2036-04-17,0.0509,31.03,28.627,7.095,307.73,SSP2-4.5
2036-04-18,0.0312,31.134,26.439,10.962,321.33,SSP2-4.5
2036-04-19,0.0123,30.821,27.177,8.806,282.81,SSP2-4.5
2036-04-20,0.0,30.966,26.227,11.706,303.39,SSP2-4.5
2036-04-21,0.0,29.447,30.236,8.887,247.91,SSP2-4.5
2036-04-22,0.0,29.986,29.928,8.139,267.63,SSP2-4.5
2036-04-23,0.0,29.956,25.538,8.481,342.69,SSP2-4.5
2036-04-24,0.0,31.073,25.376,8.511,294.5,SSP2-4.5
2036-04-25,0.0064,31.095,26.852,5.533,268.39,SSP2-4.5
2036-04-26,0.0,31.197,26.407,5.258,306.89,SSP2-4.5
2036-04-27,0.0148,31.511,28.497,4.679,283.6,SSP2-4.5
2036-04-28,0.0,31.172,26.769,4.2,319.24,SSP2-4.5
2036-04-29,0.0,32.341,25.712,4.054,294.91,SSP2-4.5
2036-04-30,0.0069,30.57,31.967,5.214,213.97,SSP2-4.5
2036-05-01,0.0258,32.755,34.001,5.772,281.48,SSP2-4.5
2036-05-02,4.8955,30.146,48.553,9.044,239.55,SSP2-4.5
2036-05-03,0.272,31.858,42.501,8.866,289.68,SSP2-4.5
2036-05-04,0.0121,33.157,31.373,6.609,322.58,SSP2-4.5
2036-05-05,0.0,34.186,28.106,9.465,314.54,SSP2-4.5
2036-05-06,0.0,34.368,24.73,11.15,343.11,SSP2-4.5
2036-05-07,0.0,33.938,22.204,12.678,356.03,SSP2-4.5
2036-05-08,0.0,33.851,23.319,9.998,351.88,SSP2-4.5
2036-05-09,0.0,33.717,23.035,6.377,327.11,SSP2-4.5
2036-05-10,0.0,33.707,24.584,6.784,345.3,SSP2-4.5
2036-05-11,0.0,34.565,26.341,8.124,318.88,SSP2-4.5
2036-05-12,0.0,33.896,29.803,8.063,250.81,SSP2-4.5
2036-05-13,0.0098,34.476,26.774,7.533,302.47,SSP2-4.5
2036-05-14,0.0,34.678,25.237,7.265,316.23,SSP2-4.5
2036-05-15,0.0,34.968,24.416,7.793,326.73,SSP2-4.5
2036-05-16,0.0071,35.126,23.919,6.874,326.58,SSP2-4.5
2036-05-17,0.0,34.987,22.613,8.296,329.88,SSP2-4.5
2036-05-18,0.0,35.159,22.271,10.859,337.11,SSP2-4.5
2036-05-19,0.3889,34.978,26.377,10.602,296.8,SSP2-4.5
2036-05-20,0.0401,34.761,28.374,9.443,302.53,SSP2-4.5
2036-05-21,0.0,34.751,24.831,8.858,305.24,SSP2-4.5
2036-05-22,0.0,35.355,21.238,13.701,320.79,SSP2-4.5
2036-05-23,0.0,35.178,23.641,14.388,256.14,SSP2-4.5
2036-05-24,0.0,35.582,23.258,15.367,305.16,SSP2-4.5
2036-05-25,0.0,35.998,22.164,16.196,305.69,SSP2-4.5
2036-05-26,0.0,35.78,23.557,15.902,301.84,SSP2-4.5
2036-05-27,0.0,35.735,23.7,16.303,325.28,SSP2-4.5
2036-05-28,0.0,35.724,23.276,14.531,331.7,SSP2-4.5
2036-05-29,0.0,36.036,23.454,11.837,330.11,SSP2-4.5
2036-05-30,0.015,36.264,24.125,9.978,325.14,SSP2-4.5
2036-05-31,0.0568,30.981,47.739,10.264,204.71,SSP2-4.5
2036-06-01,0.6761,30.195,60.688,8.619,217.1,SSP2-4.5
2036-06-02,2.3328,32.873,52.794,8.027,300.43,SSP2-4.5
2036-06-03,10.598,30.648,67.903,7.318,262.48,SSP2-4.5
2036-06-04,0.0153,31.695,51.183,8.129,289.27,SSP2-4.5
2036-06-05,0.0,33.395,36.193,11.596,335.36,SSP2-4.5
2036-06-06,0.0,33.88,32.168,12.029,350.3,SSP2-4.5
2036-06-07,0.0,34.388,31.523,11.325,331.1,SSP2-4.5
2036-06-08,0.0,35.145,27.037,13.19,322.73,SSP2-4.5
2036-06-09,0.0,35.44,27.352,14.524,338.29,SSP2-4.5
2036-06-10,0.0,35.424,27.327,14.984,326.44,SSP2-4.5
2036-06-11,0.0,32.759,33.644,16.015,274.65,SSP2-4.5
2036-06-12,0.0002,34.414,30.524,13.979,325.85,SSP2-4.5
2036-06-13,15.7544,33.231,44.234,9.499,294.56,SSP2-4.5
2036-06-14,0.0,31.405,41.793,12.053,273.12,SSP2-4.5
2036-06-15,0.0,33.553,36.929,12.833,295.61,SSP2-4.5
2036-06-16,0.0,33.726,39.527,14.612,306.13,SSP2-4.5
2036-06-17,0.0,31.305,46.683,14.631,276.4,SSP2-4.5
2036-06-18,3.7378,30.492,53.604,12.544,263.64,SSP2-4.5
2036-06-19,16.8052,27.178,82.42,7.875,206.84,SSP2-4.5
2036-06-20,2.499,27.82,81.578,5.734,227.41,SSP2-4.5
2036-06-21,3.255,27.92,77.481,8.108,238.47,SSP2-4.5
2036-06-22,1.0588,29.003,67.978,9.904,266.21,SSP2-4.5
2036-06-23,2.6491,28.492,70.713,12.546,234.25,SSP2-4.5
2036-06-24,7.5594,28.16,73.177,13.433,244.23,SSP2-4.5
2036-06-25,12.1892,26.762,86.456,12.336,196.27,SSP2-4.5
2036-06-26,2.4484,27.62,81.206,14.017,229.88,SSP2-4.5
2036-06-27,0.0249,27.25,80.756,14.233,210.96,SSP2-4.5
2036-06-28,0.0508,28.0,75.628,19.552,229.23,SSP2-4.5
2036-06-29,22.2855,27.026,85.403,15.01,196.26,SSP2-4.5
2036-06-30,3.6182,26.644,88.522,14.391,189.41,SSP2-4.5
2036-07-01,0.0,27.786,77.664,15.696,228.82,SSP2-4.5
2036-07-02,0.0483,28.387,76.623,16.563,237.45,SSP2-4.5
2036-07-03,0.0,28.832,70.512,18.412,272.16,SSP2-4.5
2036-07-04,12.053,27.812,79.182,14.566,230.3,SSP2-4.5
2036-07-05,12.4971,26.819,88.813,12.553,206.96,SSP2-4.5
2036-07-06,1.339,28.331,79.229,14.169,275.89,SSP2-4.5
2036-07-07,0.0451,27.993,76.208,14.73,246.53,SSP2-4.5
2036-07-08,0.0153,28.428,75.28,15.477,271.78,SSP2-4.5
2036-07-09,0.0,28.643,70.843,14.955,284.55,SSP2-4.5
2036-07-10,0.0,28.951,67.887,14.475,272.17,SSP2-4.5
2036-07-11,0.0,29.159,66.633,14.933,286.94,SSP2-4.5
2036-07-12,0.0,29.391,66.09,12.92,292.76,SSP2-4.5
2036-07-13,0.0,29.056,69.533,10.854,258.99,SSP2-4.5
2036-07-14,0.0,29.582,67.068,9.345,286.65,SSP2-4.5
2036-07-15,0.2475,29.9,67.909,11.025,258.43,SSP2-4.5
2036-07-16,0.0,28.8,72.005,13.699,231.03,SSP2-4.5
2036-07-17,1.0083,28.925,69.437,17.933,252.13,SSP2-4.5
2036-07-18,20.4648,27.587,80.312,15.922,226.48,SSP2-4.5
2036-07-19,27.0299,26.395,92.038,15.553,165.93,SSP2-4.5
2036-07-20,13.8511,26.653,91.406,13.689,196.19,SSP2-4.5
2036-07-21,0.4019,26.966,89.527,13.704,203.35,SSP2-4.5
2036-07-22,6.0524,27.014,89.344,16.009,207.4,SSP2-4.5
2036-07-23,0.0,27.788,82.019,16.543,237.77,SSP2-4.5
2036-07-24,0.0373,28.24,79.978,13.628,261.01,SSP2-4.5
2036-07-25,0.0,27.876,80.281,11.42,256.24,SSP2-4.5
2036-07-26,1.8519,28.454,82.955,10.931,249.38,SSP2-4.5
2036-07-27,6.9805,27.56,85.074,13.212,253.19,SSP2-4.5
2036-07-28,0.0372,27.252,87.671,11.724,217.49,SSP2-4.5
2036-07-29,0.128,27.099,87.523,12.181,215.12,SSP2-4.5
2036-07-30,5.3718,27.607,84.743,13.651,250.9,SSP2-4.5
2036-07-31,6.4343,27.393,86.808,13.721,233.39,SSP2-4.5
2036-08-01,2.0066,25.859,90.16,14.039,196.77,SSP2-4.5
2036-08-02,0.0024,26.534,86.029,14.713,222.42,SSP2-4.5
2036-08-03,0.5874,26.621,83.042,13.727,234.83,SSP2-4.5
2036-08-04,16.8041,25.963,88.959,16.552,198.03,SSP2-4.5
2036-08-05,0.1208,26.284,87.668,13.52,220.07,SSP2-4.5
2036-08-06,0.0,26.576,82.533,11.768,250.31,SSP2-4.5
2036-08-07,0.1346,27.187,82.68,12.174,268.68,SSP2-4.5
2036-08-08,0.0,27.642,80.309,12.431,274.21,SSP2-4.5
2036-08-09,0.0,27.755,78.516,12.105,275.44,SSP2-4.5
2036-08-10,0.0,27.887,79.333,11.1,250.68,SSP2-4.5
2036-08-11,0.0,28.161,80.716,10.696,256.71,SSP2-4.5
2036-08-12,8.8901,27.013,86.599,8.906,227.91,SSP2-4.5
2036-08-13,24.1085,26.055,93.213,9.57,181.73,SSP2-4.5
2036-08-14,5.0162,26.251,92.088,7.44,212.01,SSP2-4.5
2036-08-15,24.785,26.668,90.248,7.447,229.12,SSP2-4.5
2036-08-16,29.6712,25.877,95.208,9.969,159.54,SSP2-4.5
2036-08-17,0.0,26.715,88.562,10.042,238.65,SSP2-4.5
2036-08-18,3.0516,27.219,86.875,9.512,253.89,SSP2-4.5
2036-08-19,1.8605,26.144,91.525,11.63,190.26,SSP2-4.5
2036-08-20,16.6371,25.906,93.167,9.989,193.43,SSP2-4.5
2036-08-21,17.7458,25.83,93.284,9.441,181.96,SSP2-4.5
2036-08-22,22.7879,25.506,94.108,10.744,165.47,SSP2-4.5
2036-08-23,20.8434,25.199,94.128,11.126,138.83,SSP2-4.5
2036-08-24,12.5283,25.851,91.693,9.848,205.0,SSP2-4.5
2036-08-25,0.0149,25.746,91.476,11.457,204.55,SSP2-4.5
2036-08-26,0.0036,26.19,86.145,10.653,227.37,SSP2-4.5
2036-08-27,9.3895,26.135,90.406,12.525,217.8,SSP2-4.5
2036-08-28,33.6997,25.643,91.467,15.456,197.73,SSP2-4.5
2036-08-29,16.886,25.373,90.951,15.781,169.94,SSP2-4.5
2036-08-30,5.2877,25.38,95.298,7.893,189.91,SSP2-4.5
2036-08-31,0.0527,26.225,91.461,5.293,225.16,SSP2-4.5
2036-09-01,0.6209,27.156,87.288,8.574,248.89,SSP2-4.5
2036-09-02,13.448,26.78,91.642,12.215,215.25,SSP2-4.5
2036-09-03,2.5779,26.597,89.883,15.711,216.08,SSP2-4.5
2036-09-04,0.1091,26.496,90.054,9.634,209.03,SSP2-4.5
2036-09-05,0.0005,27.094,85.717,8.801,253.09,SSP2-4.5
2036-09-06,0.0,26.883,86.962,7.05,224.5,SSP2-4.5
2036-09-07,0.0394,26.967,86.086,8.833,237.68,SSP2-4.5
2036-09-08,0.2378,27.03,85.23,8.742,244.16,SSP2-4.5
2036-09-09,0.0,27.262,83.642,8.539,242.26,SSP2-4.5
2036-09-10,0.0,27.647,79.054,8.529,265.15,SSP2-4.5
2036-09-11,0.0,27.812,79.461,8.481,254.14,SSP2-4.5
2036-09-12,0.0,27.652,81.808,5.345,243.05,SSP2-4.5
2036-09-13,0.0,27.485,83.303,6.53,237.25,SSP2-4.5
2036-09-14,16.9301,26.823,91.802,8.009,184.72,SSP2-4.5
2036-09-15,21.9642,26.243,93.835,7.244,189.59,SSP2-4.5
2036-09-16,0.0,27.023,81.635,7.458,266.71,SSP2-4.5
2036-09-17,0.0,27.357,82.972,4.801,252.2,SSP2-4.5
2036-09-18,0.0,27.702,82.727,4.153,253.06,SSP2-4.5
2036-09-19,8.5163,27.372,89.827,4.804,224.64,SSP2-4.5
2036-09-20,17.6202,27.202,90.114,7.646,224.16,SSP2-4.5
2036-09-21,14.9121,27.008,91.104,5.538,226.76,SSP2-4.5
2036-09-22,2.1818,26.774,91.834,5.436,208.07,SSP2-4.5
2036-09-23,4.8339,26.859,91.022,4.131,212.23,SSP2-4.5
2036-09-24,5.9155,27.001,90.417,4.028,213.34,SSP2-4.5
2036-09-25,24.0622,26.307,93.766,6.244,189.18,SSP2-4.5
2036-09-26,27.3171,26.357,91.945,7.61,208.4,SSP2-4.5
2036-09-27,38.3327,26.27,93.469,10.34,183.85,SSP2-4.5
2036-09-28,9.9027,26.437,90.089,8.348,214.2,SSP2-4.5
2036-09-29,3.3458,26.741,89.252,5.307,226.71,SSP2-4.5
2036-09-30,0.0,27.368,85.602,5.064,228.91,SSP2-4.5
2036-10-01,0.145,26.899,85.535,3.386,234.13,SSP2-4.5
2036-10-02,0.0,28.049,79.523,4.706,246.44,SSP2-4.5
2036-10-03,0.0,28.83,74.554,6.051,260.18,SSP2-4.5
2036-10-04,0.0,26.705,84.992,4.946,222.32,SSP2-4.5
2036-10-05,4.1063,25.87,86.916,6.715,212.65,SSP2-4.5
2036-10-06,53.8457,25.262,93.394,10.926,154.55,SSP2-4.5
2036-10-07,29.7122,25.309,94.376,10.006,171.79,SSP2-4.5
2036-10-08,15.1747,25.354,93.173,7.709,180.09,SSP2-4.5
2036-10-09,11.4072,25.323,90.954,7.077,198.76,SSP2-4.5
2036-10-10,19.6635,25.263,92.043,4.774,190.85,SSP2-4.5
2036-10-11,0.5359,25.982,87.352,5.435,212.19,SSP2-4.5
2036-10-12,0.0,26.31,85.327,7.137,227.71,SSP2-4.5
2036-10-13,1.5138,26.033,86.217,5.551,215.5,SSP2-4.5
2036-10-14,6.7835,25.421,86.977,7.906,204.53,SSP2-4.5
2036-10-15,46.2644,25.037,93.996,7.129,175.43,SSP2-4.5
2036-10-16,33.5106,24.661,95.757,8.033,161.83,SSP2-4.5
2036-10-17,31.5361,24.475,95.518,7.466,169.13,SSP2-4.5
2036-10-18,29.096,24.398,94.573,6.923,171.03,SSP2-4.5
2036-10-19,17.266,24.886,90.557,6.669,191.13,SSP2-4.5
2036-10-20,0.0463,25.399,84.313,7.002,234.87,SSP2-4.5
2036-10-21,0.0,25.79,80.652,4.916,256.87,SSP2-4.5
2036-10-22,0.0,25.972,76.622,3.897,253.99,SSP2-4.5
2036-10-23,0.5881,26.125,80.711,3.291,221.04,SSP2-4.5
2036-10-24,0.6812,26.176,82.668,4.474,231.62,SSP2-4.5
2036-10-25,0.2653,25.683,84.639,6.354,222.95,SSP2-4.5
2036-10-26,0.9452,24.337,85.355,7.256,205.72,SSP2-4.5
2036-10-27,0.1918,24.707,83.304,6.909,220.46,SSP2-4.5
2036-10-28,0.0,24.357,76.318,7.229,239.24,SSP2-4.5
2036-10-29,0.0026,24.391,69.185,6.934,244.61,SSP2-4.5
2036-10-30,0.0561,24.649,80.555,8.177,222.84,SSP2-4.5
2036-10-31,0.0,24.257,71.49,8.137,245.15,SSP2-4.5
2036-11-01,0.0,24.292,66.691,7.283,254.32,SSP2-4.5
2036-11-02,0.0,24.129,76.698,6.902,205.24,SSP2-4.5
2036-11-03,0.0,24.195,72.611,6.273,210.6,SSP2-4.5
2036-11-04,0.0,23.919,62.077,6.872,254.63,SSP2-4.5
2036-11-05,0.0,23.494,64.456,6.644,248.84,SSP2-4.5
2036-11-06,0.0,23.334,61.229,6.456,255.32,SSP2-4.5
2036-11-07,0.0,23.868,62.701,7.258,248.53,SSP2-4.5
2036-11-08,0.0,23.642,67.556,6.357,233.31,SSP2-4.5
2036-11-09,0.0,23.772,68.765,7.754,221.59,SSP2-4.5
2036-11-10,0.0,23.398,64.312,7.591,236.44,SSP2-4.5
2036-11-11,0.0,23.263,63.667,7.501,237.16,SSP2-4.5
2036-11-12,0.0,23.539,73.355,7.027,211.53,SSP2-4.5
2036-11-13,0.0,23.483,71.348,8.08,191.32,SSP2-4.5
2036-11-14,0.0,23.18,63.529,7.477,198.93,SSP2-4.5
2036-11-15,0.0254,23.206,62.776,7.852,229.88,SSP2-4.5
2036-11-16,0.0,23.681,61.549,7.108,233.11,SSP2-4.5
2036-11-17,0.1095,23.94,58.369,4.299,232.98,SSP2-4.5
2036-11-18,0.0533,23.234,77.032,4.582,165.76,SSP2-4.5
2036-11-19,0.0064,24.348,63.354,5.532,227.93,SSP2-4.5
2036-11-20,0.0,23.582,60.853,4.648,216.97,SSP2-4.5
2036-11-21,0.0,23.537,51.918,6.481,228.53,SSP2-4.5
2036-11-22,0.0,23.144,52.629,4.357,223.91,SSP2-4.5
2036-11-23,0.0,22.572,58.626,5.955,203.63,SSP2-4.5
2036-11-24,0.0,22.94,63.424,7.233,219.47,SSP2-4.5
2036-11-25,0.0,23.014,59.538,8.429,219.88,SSP2-4.5
2036-11-26,0.0,22.71,59.245,7.415,218.38,SSP2-4.5
2036-11-27,0.0,22.623,61.7,6.828,217.02,SSP2-4.5
2036-11-28,0.0,22.716,53.75,6.39,228.8,SSP2-4.5
2036-11-29,0.0,22.876,51.762,4.992,229.73,SSP2-4.5
2036-11-30,0.0,23.04,56.309,4.711,226.26,SSP2-4.5
2036-12-01,0.0,23.182,57.54,7.256,220.22,SSP2-4.5
2036-12-02,0.0,22.259,62.202,8.744,212.65,SSP2-4.5
2036-12-03,0.0,21.286,40.222,12.245,220.75,SSP2-4.5
2036-12-04,0.0,20.376,25.987,12.844,251.6,SSP2-4.5
2036-12-05,0.0,20.122,26.213,13.885,249.92,SSP2-4.5
2036-12-06,0.0,20.115,26.045,16.349,252.49,SSP2-4.5
2036-12-07,0.0,19.793,26.82,13.788,224.41,SSP2-4.5
2036-12-08,0.0,19.164,30.789,12.126,207.39,SSP2-4.5
2036-12-09,0.0,18.821,32.827,8.361,210.55,SSP2-4.5
2036-12-10,0.0,18.759,32.038,8.496,234.1,SSP2-4.5
2036-12-11,0.0,18.764,29.522,11.74,246.86,SSP2-4.5
2036-12-12,0.0,20.162,33.205,11.326,231.93,SSP2-4.5
2036-12-13,0.0,20.676,40.296,9.787,236.83,SSP2-4.5
2036-12-14,0.0,21.144,40.884,9.587,230.32,SSP2-4.5
2036-12-15,0.0,21.202,39.049,9.487,226.47,SSP2-4.5
2036-12-16,0.0,20.959,44.043,8.334,217.21,SSP2-4.5
2036-12-17,0.0,21.622,48.787,6.22,228.29,SSP2-4.5
2036-12-18,0.0,22.21,50.782,6.017,228.17,SSP2-4.5
2036-12-19,0.0,22.035,49.643,7.052,220.13,SSP2-4.5
2036-12-20,0.0,21.873,45.891,4.268,233.47,SSP2-4.5
2036-12-21,0.0,21.96,46.883,4.305,232.04,SSP2-4.5
2036-12-22,0.0,22.306,48.318,9.815,228.13,SSP2-4.5
2036-12-23,0.0,22.212,49.174,9.201,230.3,SSP2-4.5
2036-12-24,0.0,22.206,55.601,8.03,214.43,SSP2-4.5
2036-12-25,0.0,20.795,62.494,7.371,181.63,SSP2-4.5
2036-12-26,0.0,21.561,48.429,7.164,229.64,SSP2-4.5
2036-12-27,0.0,21.674,50.806,7.324,226.4,SSP2-4.5
2036-12-28,0.0,22.356,58.514,7.646,195.21,SSP2-4.5
2036-12-29,0.0,21.311,69.372,7.636,169.65,SSP2-4.5
2036-12-30,0.0,22.062,49.049,8.889,220.12,SSP2-4.5
2036-12-31,0.0,20.643,51.146,8.122,200.34,SSP2-4.5
2037-01-01,0.0,21.06,46.594,8.438,228.06,SSP2-4.5
2037-01-02,0.0,21.058,49.939,9.147,199.88,SSP2-4.5
2037-01-03,0.0,21.017,52.847,8.909,192.48,SSP2-4.5
2037-01-04,0.0,21.592,43.493,9.973,220.41,SSP2-4.5
2037-01-05,0.0,22.236,41.365,8.828,229.85,SSP2-4.5
2037-01-06,0.0,22.077,47.656,9.126,231.67,SSP2-4.5
2037-01-07,0.0,22.458,49.461,10.191,216.06,SSP2-4.5
2037-01-08,0.0,23.574,49.622,12.215,221.78,SSP2-4.5
2037-01-09,0.0,22.756,58.494,9.73,189.66,SSP2-4.5
2037-01-10,0.0,21.664,58.62,8.763,177.94,SSP2-4.5
2037-01-11,0.0,22.455,42.165,12.001,235.2,SSP2-4.5
2037-01-12,0.0,21.622,43.314,11.948,231.02,SSP2-4.5
2037-01-13,0.0,22.242,50.287,8.949,232.55,SSP2-4.5
2037-01-14,0.0,23.03,48.836,9.965,239.93,SSP2-4.5
2037-01-15,0.0,22.739,44.936,8.327,249.75,SSP2-4.5
2037-01-16,0.0,22.633,45.023,9.063,245.59,SSP2-4.5
2037-01-17,0.0,23.031,46.169,10.953,248.93,SSP2-4.5
2037-01-18,0.0,23.596,47.628,11.075,247.35,SSP2-4.5
2037-01-19,0.0,23.268,50.41,10.375,247.2,SSP2-4.5
2037-01-20,0.0,23.272,48.465,9.106,253.65,SSP2-4.5
2037-01-21,0.0,24.04,47.412,10.438,253.92,SSP2-4.5
2037-01-22,0.0,24.454,47.168,13.484,250.58,SSP2-4.5
2037-01-23,0.0,23.459,50.368,11.14,196.83,SSP2-4.5
2037-01-24,0.0,24.876,49.286,8.47,213.79,SSP2-4.5
2037-01-25,0.0,24.453,45.889,7.308,248.23,SSP2-4.5
2037-01-26,0.0,24.37,46.742,7.368,245.01,SSP2-4.5
2037-01-27,0.0,23.551,36.52,11.14,255.74,SSP2-4.5
2037-01-28,0.0,23.087,36.889,10.174,260.32,SSP2-4.5
2037-01-29,0.0,23.662,48.735,8.63,242.29,SSP2-4.5
2037-01-30,0.0,24.258,51.938,9.767,231.92,SSP2-4.5
2037-01-31,0.0,24.855,50.634,9.357,228.95,SSP2-4.5
2037-02-01,0.0,25.184,46.934,10.413,239.07,SSP2-4.5
2037-02-02,0.0,21.488,83.731,9.119,141.04,SSP2-4.5
2037-02-03,0.0,20.078,84.514,11.466,144.73,SSP2-4.5
2037-02-04,0.0,22.216,59.033,8.223,242.18,SSP2-4.5
2037-02-05,0.0,23.415,49.78,11.595,248.82,SSP2-4.5
2037-02-06,0.0,23.595,48.053,13.034,219.77,SSP2-4.5
2037-02-07,0.0,22.014,59.417,9.769,166.34,SSP2-4.5
2037-02-08,0.0,21.026,76.127,6.037,155.24,SSP2-4.5
2037-02-09,0.0,21.765,82.681,7.065,152.63,SSP2-4.5
2037-02-10,0.0,22.577,67.098,10.045,192.39,SSP2-4.5
2037-02-11,0.0,23.355,65.641,9.958,201.89,SSP2-4.5
2037-02-12,0.0,24.534,56.096,8.564,231.54,SSP2-4.5
2037-02-13,0.0,24.361,52.586,8.953,249.25,SSP2-4.5
2037-02-14,0.0,24.888,49.203,7.489,250.41,SSP2-4.5
2037-02-15,0.0,25.069,46.607,7.56,248.9,SSP2-4.5
2037-02-16,0.0,25.275,42.772,7.451,263.07,SSP2-4.5
2037-02-17,0.0,25.048,49.003,7.56,242.49,SSP2-4.5
2037-02-18,0.0,25.302,44.397,5.83,254.4,SSP2-4.5
2037-02-19,0.0,25.464,41.006,7.603,260.78,SSP2-4.5
2037-02-20,0.0,25.518,42.525,6.862,262.45,SSP2-4.5
2037-02-21,0.0,25.929,40.865,5.893,257.28,SSP2-4.5
2037-02-22,0.0,25.824,35.47,5.129,278.51,SSP2-4.5
2037-02-23,0.0,25.461,34.856,4.811,285.48,SSP2-4.5
2037-02-24,0.0,25.797,33.93,4.863,282.3,SSP2-4.5
2037-02-25,0.0,25.677,32.516,7.501,276.77,SSP2-4.5
2037-02-26,0.0,25.5,29.225,7.704,291.34,SSP2-4.5
2037-02-27,0.0,25.251,32.869,7.047,278.3,SSP2-4.5
2037-02-28,0.0,26.084,32.363,10.338,288.38,SSP2-4.5
2037-03-01,0.0,25.948,33.873,11.482,304.8,SSP2-4.5
2037-03-02,0.0,26.477,36.005,10.52,305.75,SSP2-4.5
2037-03-03,0.0,27.108,33.988,10.063,297.54,SSP2-4.5
2037-03-04,0.0,27.456,32.602,11.023,298.96,SSP2-4.5
2037-03-05,0.0,27.225,31.406,10.086,306.08,SSP2-4.5
2037-03-06,0.0,26.989,29.242,8.364,305.56,SSP2-4.5
2037-03-07,0.0,27.098,29.67,8.508,300.74,SSP2-4.5
2037-03-08,0.0,27.284,27.789,8.633,274.11,SSP2-4.5
2037-03-09,0.0,27.219,27.79,9.069,247.12,SSP2-4.5
2037-03-10,0.0,26.306,31.477,9.952,238.83,SSP2-4.5
2037-03-11,0.0,26.801,33.726,7.625,284.26,SSP2-4.5
2037-03-12,0.0,25.641,39.687,6.692,230.89,SSP2-4.5
2037-03-13,0.0,27.079,35.298,8.973,309.38,SSP2-4.5
2037-03-14,0.0,27.984,32.677,9.466,314.84,SSP2-4.5
2037-03-15,0.0,28.029,30.509,10.001,291.21,SSP2-4.5
2037-03-16,0.0,28.601,30.836,7.487,297.79,SSP2-4.5
2037-03-17,0.0002,24.953,53.13,6.889,185.85,SSP2-4.5
2037-03-18,0.0,27.47,37.231,6.532,263.87,SSP2-4.5
2037-03-19,0.0,28.202,35.167,9.334,284.45,SSP2-4.5
2037-03-20,0.0,28.418,30.661,11.521,311.78,SSP2-4.5
2037-03-21,0.001,28.443,31.519,6.808,302.42,SSP2-4.5
2037-03-22,0.0008,27.148,36.467,3.421,252.04,SSP2-4.5
2037-03-23,0.0,28.088,31.111,4.519,298.31,SSP2-4.5
2037-03-24,0.0,28.889,29.987,6.427,268.11,SSP2-4.5
2037-03-25,0.0013,28.74,30.243,9.058,252.97,SSP2-4.5
2037-03-26,0.0054,29.432,32.426,8.37,258.97,SSP2-4.5
2037-03-27,0.0007,29.514,31.232,10.302,278.56,SSP2-4.5
2037-03-28,0.0,27.922,31.818,7.255,211.66,SSP2-4.5
2037-03-29,0.0002,28.457,28.546,5.865,286.36,SSP2-4.5
2037-03-30,0.0,28.914,28.152,4.448,294.76,SSP2-4.5
2037-03-31,0.0,29.716,29.183,5.049,269.84,SSP2-4.5
2037-04-01,0.0,30.526,27.577,5.123,283.32,SSP2-4.5
2037-04-02,0.0,30.346,27.785,6.47,314.74,SSP2-4.5
2037-04-03,0.0,29.908,25.707,7.032,331.89,SSP2-4.5
2037-04-04,0.0,29.577,25.973,8.06,328.83,SSP2-4.5
2037-04-05,0.0,30.371,25.788,8.687,322.08,SSP2-4.5
2037-04-06,0.0,30.139,24.931,8.403,322.45,SSP2-4.5
2037-04-07,0.0,30.371,24.622,8.075,312.65,SSP2-4.5
2037-04-08,0.0,30.551,24.528,8.807,309.93,SSP2-4.5
2037-04-09,0.0,30.956,27.554,8.39,251.9,SSP2-4.5
2037-04-10,0.0079,31.04,31.307,9.265,264.01,SSP2-4.5
2037-04-11,0.3035,30.339,36.966,7.334,256.3,SSP2-4.5
2037-04-12,0.1863,30.397,35.218,5.196,265.62,SSP2-4.5
2037-04-13,0.1243,30.11,34.119,5.745,261.33,SSP2-4.5
2037-04-14,0.0026,30.297,31.172,5.902,277.99,SSP2-4.5
2037-04-15,0.0358,30.371,32.275,5.834,258.04,SSP2-4.5
2037-04-16,0.2466,31.299,30.363,6.247,289.47,SSP2-4.5
2037-04-17,0.0408,30.215,32.678,7.285,249.18,SSP2-4.5
2037-04-18,0.0034,29.74,35.415,5.828,243.1,SSP2-4.5
2037-04-19,0.068,30.79,31.813,6.585,265.15,SSP2-4.5
2037-04-20,0.0723,30.127,39.979,7.954,241.66,SSP2-4.5
2037-04-21,0.0015,31.188,30.326,6.857,269.84,SSP2-4.5
2037-04-22,0.0129,31.072,31.434,7.402,253.69,SSP2-4.5
2037-04-23,0.0,31.541,28.648,8.7,285.83,SSP2-4.5
2037-04-24,0.0,32.305,26.269,9.848,298.06,SSP2-4.5
2037-04-25,0.1971,32.635,27.428,10.446,287.01,SSP2-4.5
2037-04-26,3.322,32.476,29.419,10.618,313.27,SSP2-4.5
2037-04-27,0.0,32.274,27.756,10.46,332.73,SSP2-4.5
2037-04-28,0.0,32.134,26.564,9.418,332.21,SSP2-4.5
2037-04-29,0.0,32.386,28.842,6.162,244.63,SSP2-4.5
2037-04-30,0.0,32.129,26.075,4.84,305.04,SSP2-4.5
2037-05-01,0.0,34.734,27.815,5.21,261.36,SSP2-4.5
2037-05-02,0.0,34.393,28.757,7.461,270.47,SSP2-4.5
2037-05-03,0.0,34.444,27.787,8.712,315.3,SSP2-4.5
2037-05-04,0.0,34.325,28.769,11.743,281.46,SSP2-4.5
2037-05-05,0.0,33.024,31.218,11.446,270.32,SSP2-4.5
2037-05-06,0.0,33.535,25.431,8.701,321.95,SSP2-4.5
2037-05-07,0.0,34.063,23.183,10.922,301.27,SSP2-4.5
2037-05-08,0.0,34.116,24.328,10.315,335.3,SSP2-4.5
2037-05-09,0.0,34.222,23.355,7.48,331.72,SSP2-4.5
2037-05-10,0.0,35.514,23.072,7.401,313.89,SSP2-4.5
2037-05-11,0.6902,35.488,26.47,9.478,310.36,SSP2-4.5
2037-05-12,0.5022,35.15,30.627,7.061,293.58,SSP2-4.5
2037-05-13,5.7997,34.65,32.997,7.029,298.17,SSP2-4.5
2037-05-14,1.4836,33.718,38.84,7.398,273.41,SSP2-4.5
2037-05-15,0.0013,34.327,32.441,7.166,324.82,SSP2-4.5
2037-05-16,0.0,34.689,27.667,7.036,327.82,SSP2-4.5
2037-05-17,0.0,35.173,24.707,6.485,332.28,SSP2-4.5
2037-05-18,0.0,35.952,24.235,7.479,310.21,SSP2-4.5
2037-05-19,0.0562,35.875,26.106,12.567,272.91,SSP2-4.5
2037-05-20,0.1338,35.475,30.157,15.006,305.6,SSP2-4.5
2037-05-21,0.0,35.519,23.591,14.167,312.09,SSP2-4.5
2037-05-22,0.0,35.711,20.605,13.063,330.31,SSP2-4.5
2037-05-23,0.0,35.966,20.954,11.752,330.58,SSP2-4.5
2037-05-24,0.0,36.254,20.769,12.566,346.73,SSP2-4.5
2037-05-25,0.0,36.636,21.327,14.486,343.55,SSP2-4.5
2037-05-26,0.1572,36.178,23.81,15.97,336.07,SSP2-4.5
2037-05-27,0.0,35.995,24.908,13.817,331.45,SSP2-4.5
2037-05-28,0.0,36.313,25.024,14.375,318.32,SSP2-4.5
2037-05-29,0.0,36.223,24.996,9.428,315.74,SSP2-4.5
2037-05-30,0.0,36.771,24.411,5.73,300.5,SSP2-4.5
2037-05-31,0.0007,36.908,24.535,9.397,302.28,SSP2-4.5
2037-06-01,0.0021,35.74,25.113,10.029,314.94,SSP2-4.5
2037-06-02,0.0,35.64,23.421,13.632,330.85,SSP2-4.5
2037-06-03,1.5059,35.989,24.652,13.648,307.51,SSP2-4.5
2037-06-04,0.3819,34.875,28.342,12.519,300.05,SSP2-4.5
2037-06-05,1.2652,32.604,36.927,9.494,251.38,SSP2-4.5
2037-06-06,0.1288,30.497,46.573,7.155,217.66,SSP2-4.5
2037-06-07,0.9767,34.361,34.567,10.332,301.0,SSP2-4.5
2037-06-08,0.0039,33.802,41.229,10.042,288.72,SSP2-4.5
2037-06-09,0.0,33.745,37.971,11.735,314.99,SSP2-4.5
2037-06-10,0.0,34.088,34.82,14.572,323.53,SSP2-4.5
2037-06-11,0.0,32.93,41.823,17.946,295.72,SSP2-4.5
2037-06-12,0.0,33.366,39.652,18.514,325.16,SSP2-4.5
2037-06-13,0.0,33.681,39.227,17.196,313.68,SSP2-4.5
2037-06-14,0.0,33.839,35.37,16.684,331.39,SSP2-4.5
2037-06-15,0.0,34.601,33.527,16.521,337.31,SSP2-4.5
2037-06-16,0.0,34.602,38.076,18.008,319.04,SSP2-4.5
2037-06-17,0.0,34.178,35.283,19.872,314.41,SSP2-4.5
2037-06-18,33.0959,26.892,80.691,13.776,181.89,SSP2-4.5
2037-06-19,10.6064,26.638,85.541,13.758,183.6,SSP2-4.5
2037-06-20,0.0041,27.347,78.031,13.156,234.21,SSP2-4.5
2037-06-21,5.7638,27.935,77.229,11.889,249.15,SSP2-4.5
2037-06-22,0.0078,28.354,70.291,15.205,287.51,SSP2-4.5
2037-06-23,0.2318,28.215,69.687,14.114,241.99,SSP2-4.5
2037-06-24,19.103,27.083,83.151,11.548,212.81,SSP2-4.5
2037-06-25,14.1656,26.504,86.944,14.024,204.31,SSP2-4.5
2037-06-26,11.0872,26.458,89.065,12.843,190.87,SSP2-4.5
2037-06-27,0.0185,27.464,78.578,15.906,238.32,SSP2-4.5
2037-06-28,4.2826,26.976,82.877,14.006,208.65,SSP2-4.5
2037-06-29,10.4331,26.907,87.382,11.503,178.51,SSP2-4.5
2037-06-30,0.1452,27.343,80.767,11.798,220.93,SSP2-4.5
2037-07-01,0.5838,27.213,84.997,12.344,210.34,SSP2-4.5
2037-07-02,0.2784,27.676,81.759,12.377,236.77,SSP2-4.5
2037-07-03,0.0178,27.782,79.144,11.571,247.15,SSP2-4.5
2037-07-04,0.0,27.829,76.919,11.615,232.18,SSP2-4.5
2037-07-05,2.8687,27.273,84.581,10.683,225.59,SSP2-4.5
2037-07-06,0.3233,27.171,85.607,9.298,215.84,SSP2-4.5
2037-07-07,0.0255,27.786,77.729,12.157,244.25,SSP2-4.5
2037-07-08,1.9235,27.147,86.101,11.977,203.61,SSP2-4.5
2037-07-09,0.0741,27.285,83.757,14.418,213.34,SSP2-4.5
2037-07-10,23.9634,26.842,89.665,14.075,203.9,SSP2-4.5
2037-07-11,8.9037,26.25,90.608,13.877,184.45,SSP2-4.5
2037-07-12,0.3091,27.626,85.744,11.778,230.24,SSP2-4.5
2037-07-13,0.74,27.695,87.102,7.027,233.32,SSP2-4.5
2037-07-14,0.3264,28.414,82.669,4.636,276.32,SSP2-4.5
2037-07-15,7.6326,28.158,88.52,4.75,223.74,SSP2-4.5
2037-07-16,12.1924,28.261,88.921,4.289,232.38,SSP2-4.5
2037-07-17,3.3397,28.169,88.789,4.371,232.55,SSP2-4.5
2037-07-18,10.9555,28.172,88.147,4.766,227.45,SSP2-4.5
2037-07-19,0.1763,26.863,92.15,4.514,196.22,SSP2-4.5
2037-07-20,0.0,27.577,87.392,4.862,239.0,SSP2-4.5
2037-07-21,8.9003,28.084,86.647,5.614,236.74,SSP2-4.5
2037-07-22,4.8196,27.856,88.663,5.998,237.73,SSP2-4.5
2037-07-23,0.1525,27.856,88.753,6.008,230.15,SSP2-4.5
2037-07-24,0.0,28.027,87.632,5.843,237.21,SSP2-4.5
2037-07-25,0.0,28.827,83.094,4.49,249.51,SSP2-4.5
2037-07-26,0.0226,28.623,84.914,4.396,252.51,SSP2-4.5
2037-07-27,0.0384,28.618,84.827,5.42,247.22,SSP2-4.5
2037-07-28,0.0,29.166,78.979,9.006,265.15,SSP2-4.5
2037-07-29,0.0,29.321,73.509,11.101,262.53,SSP2-4.5
2037-07-30,0.0,29.983,68.828,11.77,297.47,SSP2-4.5
2037-07-31,0.0114,28.822,71.27,14.208,248.05,SSP2-4.5
2037-08-01,32.2283,26.088,91.686,10.603,185.35,SSP2-4.5
2037-08-02,23.8127,26.112,93.479,10.831,155.38,SSP2-4.5
2037-08-03,8.6487,26.159,91.895,8.51,187.58,SSP2-4.5
2037-08-04,0.0,27.167,86.561,8.029,237.39,SSP2-4.5
2037-08-05,3.5968,27.349,86.997,6.329,238.37,SSP2-4.5
2037-08-06,0.0,27.741,84.132,5.899,255.18,SSP2-4.5
2037-08-07,24.7781,26.664,90.835,4.21,222.69,SSP2-4.5
2037-08-08,19.3157,26.225,93.28,3.346,212.97,SSP2-4.5
2037-08-09,11.7192,26.63,90.458,6.657,231.34,SSP2-4.5
2037-08-10,13.6304,26.707,89.54,10.878,235.6,SSP2-4.5
2037-08-11,16.4154,26.675,89.812,11.969,234.07,SSP2-4.5
2037-08-12,0.1981,26.309,89.624,11.542,207.87,SSP2-4.5
2037-08-13,0.0607,26.812,86.853,13.133,228.63,SSP2-4.5
2037-08-14,0.056,26.893,84.827,14.646,234.79,SSP2-4.5
2037-08-15,0.5908,26.606,84.605,15.82,223.29,SSP2-4.5
2037-08-16,24.2558,25.954,90.268,19.449,205.38,SSP2-4.5
2037-08-17,51.5987,25.685,93.664,19.296,187.97,SSP2-4.5
2037-08-18,10.5093,26.06,92.291,14.625,171.81,SSP2-4.5
2037-08-19,15.7537,26.187,94.092,10.469,178.97,SSP2-4.5
2037-08-20,13.8077,26.22,92.793,13.059,208.15,SSP2-4.5
2037-08-21,28.6386,26.055,93.583,13.925,184.07,SSP2-4.5
2037-08-22,25.7519,26.1,91.955,15.246,197.91,SSP2-4.5
2037-08-23,24.4082,25.707,92.812,13.811,169.0,SSP2-4.5
2037-08-24,23.2317,25.359,93.457,12.958,170.55,SSP2-4.5
2037-08-25,3.081,26.074,90.09,12.759,223.26,SSP2-4.5
2037-08-26,21.9799,25.128,94.196,11.46,170.2,SSP2-4.5
2037-08-27,0.1549,26.208,90.205,10.657,219.08,SSP2-4.5
2037-08-28,0.0,26.394,87.484,12.688,226.13,SSP2-4.5
2037-08-29,19.1226,25.766,90.898,12.474,193.23,SSP2-4.5
2037-08-30,25.964,25.556,92.996,12.596,139.82,SSP2-4.5
2037-08-31,2.4391,25.68,92.437,11.223,190.47,SSP2-4.5
2037-09-01,0.1595,26.235,86.874,11.362,230.8,SSP2-4.5
2037-09-02,0.0275,26.274,83.859,11.783,224.2,SSP2-4.5
2037-09-03,0.0,26.69,82.562,10.693,257.79,SSP2-4.5
2037-09-04,0.7344,26.284,88.164,7.95,228.05,SSP2-4.5
2037-09-05,0.6999,25.965,91.949,8.06,216.34,SSP2-4.5
2037-09-06,0.7427,26.528,89.068,4.523,244.26,SSP2-4.5
2037-09-07,9.3076,26.58,90.323,4.233,233.24,SSP2-4.5
2037-09-08,3.5268,26.934,87.615,4.156,246.32,SSP2-4.5
2037-09-09,22.6748,26.616,90.484,5.454,233.49,SSP2-4.5
2037-09-10,28.602,26.397,91.638,7.07,224.44,SSP2-4.5
2037-09-11,36.4647,26.019,94.128,7.596,210.18,SSP2-4.5
2037-09-12,26.0039,26.201,92.285,5.373,222.04,SSP2-4.5
2037-09-13,35.1747,26.189,94.013,5.25,216.37,SSP2-4.5
2037-09-14,8.3031,26.19,92.399,9.573,202.56,SSP2-4.5
2037-09-15,0.5443,25.923,90.903,10.713,196.97,SSP2-4.5
2037-09-16,0.0,26.321,86.886,10.507,222.58,SSP2-4.5
2037-09-17,0.0,26.799,82.031,9.912,259.04,SSP2-4.5
2037-09-18,0.0,27.005,80.274,9.929,252.93,SSP2-4.5
2037-09-19,0.0,26.702,84.848,9.512,239.44,SSP2-4.5
2037-09-20,0.0,26.721,82.823,11.546,235.53,SSP2-4.5
2037-09-21,0.0,26.633,84.074,10.557,234.5,SSP2-4.5
2037-09-22,0.0,25.812,90.319,8.017,207.44,SSP2-4.5
2037-09-23,0.0,26.47,82.827,7.535,251.22,SSP2-4.5
2037-09-24,1.8741,27.022,83.697,6.751,258.92,SSP2-4.5
2037-09-25,0.0,26.305,90.489,6.843,195.95,SSP2-4.5
2037-09-26,0.0,26.163,88.943,7.374,197.78,SSP2-4.5
2037-09-27,6.3779,26.779,87.191,7.015,235.93,SSP2-4.5
2037-09-28,0.0,27.058,85.694,5.711,232.3,SSP2-4.5
2037-09-29,0.1853,27.252,85.981,5.031,245.03,SSP2-4.5
2037-09-30,0.0416,27.226,81.962,7.892,230.92,SSP2-4.5
2037-10-01,0.0,26.904,73.917,8.159,276.52,SSP2-4.5
2037-10-02,0.0,26.457,75.082,8.174,249.67,SSP2-4.5
2037-10-03,0.0,27.034,70.185,8.714,263.24,SSP2-4.5
2037-10-04,0.0,26.658,72.83,9.242,243.26,SSP2-4.5
2037-10-05,0.0,25.525,85.057,9.3,209.32,SSP2-4.5
2037-10-06,0.0,25.786,79.817,8.832,239.48,SSP2-4.5
2037-10-07,0.0,25.805,82.183,6.341,229.68,SSP2-4.5
2037-10-08,0.0,26.839,73.926,6.033,257.56,SSP2-4.5
2037-10-09,0.0,27.539,68.659,5.651,259.59,SSP2-4.5
2037-10-10,0.0,26.011,79.912,4.116,223.61,SSP2-4.5
2037-10-11,0.0,25.543,87.297,3.448,217.9,SSP2-4.5
2037-10-12,0.0,26.524,80.907,3.433,223.83,SSP2-4.5
2037-10-13,0.0,26.339,75.9,3.761,260.76,SSP2-4.5
2037-10-14,0.0,26.439,71.907,3.447,261.7,SSP2-4.5
2037-10-15,0.0,26.647,74.492,4.789,241.18,SSP2-4.5
2037-10-16,0.0,27.152,76.158,5.557,253.5,SSP2-4.5
2037-10-17,0.0,26.873,75.19,6.43,260.88,SSP2-4.5
2037-10-18,0.0,26.19,73.812,6.364,262.84,SSP2-4.5
2037-10-19,0.0,25.783,71.44,5.401,268.58,SSP2-4.5
2037-10-20,0.0,25.632,72.171,5.666,250.08,SSP2-4.5
2037-10-21,0.0,25.609,75.308,5.747,254.36,SSP2-4.5
2037-10-22,0.0,24.428,85.79,4.163,196.33,SSP2-4.5
2037-10-23,0.0,25.396,77.65,6.337,253.24,SSP2-4.5
2037-10-24,0.0,25.476,69.302,6.463,259.33,SSP2-4.5
2037-10-25,0.0,25.71,79.302,7.373,240.43,SSP2-4.5
2037-10-26,0.0,26.068,79.248,7.442,237.51,SSP2-4.5
2037-10-27,0.0,25.926,78.497,6.954,240.17,SSP2-4.5
2037-10-28,0.0,24.647,82.295,4.799,196.82,SSP2-4.5
2037-10-29,0.0,24.079,85.808,3.513,184.06,SSP2-4.5
2037-10-30,0.0,24.924,80.303,6.639,207.87,SSP2-4.5
2037-10-31,0.0,25.195,74.846,6.819,224.53,SSP2-4.5
2037-11-01,0.2917,24.824,83.322,6.952,217.36,SSP2-4.5
2037-11-02,0.0,25.723,81.692,5.477,213.72,SSP2-4.5
2037-11-03,0.0,25.966,74.0,6.472,228.35,SSP2-4.5
2037-11-04,0.0,25.314,77.233,5.795,208.71,SSP2-4.5
2037-11-05,0.0,24.879,76.655,5.494,212.06,SSP2-4.5
2037-11-06,0.0,24.507,66.273,6.576,209.95,SSP2-4.5
2037-11-07,0.0,24.37,61.364,6.477,216.45,SSP2-4.5
2037-11-08,0.0,24.518,70.047,7.74,202.16,SSP2-4.5
2037-11-09,0.0,23.779,83.182,5.395,183.16,SSP2-4.5
2037-11-10,0.0,23.9,82.861,7.989,188.1,SSP2-4.5
2037-11-11,0.0,24.813,75.174,7.851,207.43,SSP2-4.5
2037-11-12,0.0427,24.857,68.891,9.663,200.48,SSP2-4.5
2037-11-13,0.0574,24.722,75.053,13.214,203.18,SSP2-4.5
2037-11-14,35.6393,23.469,92.882,15.146,104.46,SSP2-4.5
2037-11-15,28.8181,23.488,92.857,9.381,135.28,SSP2-4.5
2037-11-16,0.904,23.741,87.818,9.001,169.89,SSP2-4.5
2037-11-17,0.7975,24.997,82.322,6.847,195.11,SSP2-4.5
2037-11-18,0.0,24.429,83.781,7.745,192.92,SSP2-4.5
2037-11-19,0.0,24.854,78.785,8.917,206.53,SSP2-4.5
2037-11-20,0.0059,24.983,71.102,8.422,231.61,SSP2-4.5
2037-11-21,0.0101,25.223,67.861,7.28,225.63,SSP2-4.5
2037-11-22,0.0058,25.429,65.58,7.89,219.62,SSP2-4.5
2037-11-23,0.0087,24.618,74.329,6.018,195.11,SSP2-4.5
2037-11-24,0.0002,24.573,73.487,6.12,209.87,SSP2-4.5
2037-11-25,0.5631,24.134,77.123,8.928,209.49,SSP2-4.5
2037-11-26,4.3019,23.972,80.865,8.358,189.3,SSP2-4.5
2037-11-27,0.5577,23.154,76.688,9.573,182.16,SSP2-4.5
2037-11-28,0.0,23.826,62.686,9.159,224.71,SSP2-4.5
2037-11-29,0.0,22.815,51.268,8.043,223.08,SSP2-4.5
2037-11-30,0.0,22.514,46.005,8.594,225.46,SSP2-4.5
2037-12-01,0.0,22.343,47.709,8.971,234.89,SSP2-4.5
2037-12-02,0.0,22.554,68.227,8.755,209.18,SSP2-4.5
2037-12-03,0.0,22.026,67.582,8.977,194.48,SSP2-4.5
2037-12-04,0.0,22.973,59.815,8.72,229.1,SSP2-4.5
2037-12-05,0.0,21.819,57.507,5.054,200.22,SSP2-4.5
2037-12-06,0.0,22.213,52.289,4.788,221.14,SSP2-4.5
2037-12-07,0.0,22.094,46.34,4.62,245.49,SSP2-4.5
2037-12-08,0.0,21.747,42.956,3.959,247.53,SSP2-4.5
2037-12-09,0.0,21.198,49.88,6.675,208.89,SSP2-4.5
2037-12-10,0.0,21.381,57.339,6.6,208.94,SSP2-4.5
2037-12-11,0.0,21.196,59.362,4.606,185.82,SSP2-4.5
2037-12-12,0.0,21.011,56.311,9.473,190.19,SSP2-4.5
2037-12-13,0.0,21.327,57.893,7.053,209.98,SSP2-4.5
2037-12-14,0.0,21.53,66.447,8.662,185.78,SSP2-4.5
2037-12-15,0.0,21.232,72.335,9.252,182.17,SSP2-4.5
2037-12-16,0.0,21.683,62.859,9.961,186.71,SSP2-4.5
2037-12-17,0.0,22.108,67.675,11.575,183.73,SSP2-4.5
2037-12-18,0.0,22.991,62.652,12.446,219.73,SSP2-4.5
2037-12-19,0.0,21.701,74.194,11.053,177.23,SSP2-4.5
2037-12-20,0.0,21.62,82.376,8.472,166.36,SSP2-4.5
2037-12-21,0.0,21.607,80.49,9.416,142.95,SSP2-4.5
2037-12-22,0.0,21.634,77.676,9.688,163.79,SSP2-4.5
2037-12-23,0.0,21.778,72.884,9.288,176.14,SSP2-4.5
2037-12-24,0.0,21.677,73.519,8.663,181.13,SSP2-4.5
2037-12-25,0.0,21.935,68.016,8.216,195.59,SSP2-4.5
2037-12-26,0.0,22.039,70.583,9.952,188.82,SSP2-4.5
2037-12-27,0.0,21.874,72.852,8.934,185.26,SSP2-4.5
2037-12-28,0.0,23.102,61.973,5.862,205.01,SSP2-4.5
2037-12-29,0.0,22.36,62.969,8.268,197.48,SSP2-4.5
2037-12-30,0.0,22.523,63.916,9.113,188.83,SSP2-4.5
2037-12-31,0.0,22.166,70.404,8.611,166.17,SSP2-4.5
2038-01-01,0.0,23.21,59.352,9.098,210.01,SSP2-4.5
2038-01-02,0.0,22.308,56.347,9.424,197.89,SSP2-4.5
2038-01-03,0.0,22.068,60.004,7.04,198.15,SSP2-4.5
2038-01-04,0.0,22.588,59.291,9.686,213.63,SSP2-4.5
2038-01-05,0.0,23.063,54.408,9.713,236.81,SSP2-4.5
2038-01-06,0.0,23.068,56.785,9.203,243.59,SSP2-4.5
2038-01-07,0.0,23.619,53.86,7.494,242.81,SSP2-4.5
2038-01-08,0.0,23.613,53.718,6.85,233.09,SSP2-4.5
2038-01-09,0.0,23.286,52.073,7.646,238.35,SSP2-4.5
2038-01-10,0.0,23.235,52.768,8.687,238.21,SSP2-4.5
2038-01-11,0.0,23.034,54.175,9.355,230.19,SSP2-4.5
2038-01-12,0.0,21.837,40.639,9.607,248.55,SSP2-4.5
2038-01-13,0.0,21.604,44.906,6.186,251.86,SSP2-4.5
2038-01-14,0.0,22.04,48.371,6.957,250.4,SSP2-4.5
2038-01-15,0.0,22.683,50.434,8.06,249.17,SSP2-4.5
2038-01-16,0.0,22.82,48.126,10.708,239.62,SSP2-4.5
2038-01-17,0.0,23.406,49.248,13.006,246.98,SSP2-4.5
2038-01-18,0.0,24.176,55.901,13.353,212.65,SSP2-4.5
2038-01-19,0.0,23.001,64.687,9.647,211.16,SSP2-4.5
2038-01-20,0.0,24.196,55.241,7.746,233.68,SSP2-4.5
2038-01-21,0.0,23.279,50.682,11.575,238.31,SSP2-4.5
2038-01-22,0.0,23.192,48.32,10.501,249.43,SSP2-4.5
2038-01-23,0.0,23.392,52.358,8.973,244.65,SSP2-4.5
2038-01-24,0.0,24.011,53.947,7.917,251.6,SSP2-4.5
2038-01-25,0.0,24.487,52.265,7.74,253.12,SSP2-4.5
2038-01-26,0.0,24.524,47.807,6.116,256.28,SSP2-4.5
2038-01-27,0.0,24.676,46.964,6.681,259.87,SSP2-4.5
2038-01-28,0.0,24.924,44.67,5.972,249.82,SSP2-4.5
2038-01-29,0.0,25.314,44.974,8.756,246.46,SSP2-4.5
2038-01-30,0.0,25.345,48.488,8.549,254.82,SSP2-4.5
2038-01-31,0.0,25.326,44.411,10.15,251.33,SSP2-4.5
2038-02-01,0.0,24.149,33.743,11.277,260.52,SSP2-4.5
2038-02-02,0.0,23.101,28.649,12.286,269.18,SSP2-4.5
2038-02-03,0.0,22.655,30.603,12.232,272.73,SSP2-4.5
2038-02-04,0.0,22.086,28.858,10.694,279.04,SSP2-4.5
2038-02-05,0.0,21.708,30.073,6.282,280.54,SSP2-4.5
2038-02-06,0.0,22.859,33.499,4.204,278.13,SSP2-4.5
2038-02-07,0.0,23.854,36.315,6.737,275.5,SSP2-4.5
2038-02-08,0.0,24.185,34.715,2.979,275.19,SSP2-4.5
2038-02-09,0.0,24.73,36.85,6.748,277.26,SSP2-4.5
2038-02-10,0.0,25.266,38.574,7.999,272.38,SSP2-4.5
2038-02-11,0.0,26.006,39.373,9.402,272.97,SSP2-4.5
2038-02-12,0.0,26.161,39.669,9.009,275.87,SSP2-4.5
2038-02-13,0.0,25.988,41.466,8.118,273.16,SSP2-4.5
2038-02-14,0.0,26.104,40.723,6.31,269.25,SSP2-4.5
2038-02-15,0.0,26.194,44.334,9.857,265.05,SSP2-4.5
2038-02-16,0.0,26.041,44.974,9.358,235.58,SSP2-4.5
2038-02-17,0.0,26.446,45.054,10.265,273.96,SSP2-4.5
2038-02-18,0.0,26.414,39.355,9.573,286.05,SSP2-4.5
2038-02-19,0.0,27.081,38.462,9.76,273.11,SSP2-4.5
2038-02-20,0.0,27.078,41.348,7.688,260.99,SSP2-4.5
2038-02-21,0.0,27.502,41.226,7.708,256.01,SSP2-4.5
2038-02-22,0.0,27.637,43.569,6.688,239.31,SSP2-4.5
2038-02-23,0.0,28.129,38.201,8.965,238.2,SSP2-4.5
2038-02-24,0.0,28.029,35.809,9.747,261.07,SSP2-4.5
2038-02-25,0.0,27.73,35.3,8.313,246.24,SSP2-4.5
2038-02-26,0.0,27.533,38.464,8.599,269.66,SSP2-4.5
2038-02-27,0.0,27.653,41.854,10.971,253.44,SSP2-4.5
2038-02-28,0.0007,24.208,52.0,12.61,167.38,SSP2-4.5
2038-03-01,0.0081,26.533,47.485,10.848,241.43,SSP2-4.5
2038-03-02,2.7563,23.587,76.944,6.636,147.16,SSP2-4.5
2038-03-03,0.0001,23.915,74.237,7.014,183.96,SSP2-4.5
2038-03-04,0.0,24.812,61.472,6.184,215.92,SSP2-4.5
2038-03-05,0.0,27.137,47.719,6.986,287.09,SSP2-4.5
2038-03-06,0.0,27.089,42.224,7.789,299.24,SSP2-4.5
2038-03-07,0.0,26.822,32.981,7.633,302.21,SSP2-4.5
2038-03-08,0.0,27.151,36.273,5.975,264.2,SSP2-4.5
2038-03-09,0.0,27.315,37.698,5.876,299.58,SSP2-4.5
2038-03-10,0.0,28.06,36.142,8.26,301.15,SSP2-4.5
2038-03-11,0.0,27.965,31.829,10.998,260.74,SSP2-4.5
2038-03-12,0.0,27.833,31.147,8.86,279.9,SSP2-4.5
2038-03-13,0.0,27.641,31.623,7.252,299.27,SSP2-4.5
2038-03-14,0.0,28.205,33.327,6.701,287.03,SSP2-4.5
2038-03-15,0.0,28.617,33.066,5.445,294.79,SSP2-4.5
2038-03-16,0.0,29.332,33.478,4.648,261.05,SSP2-4.5
2038-03-17,0.0,27.623,42.924,4.467,216.6,SSP2-4.5
2038-03-18,0.0,29.069,39.954,4.177,256.88,SSP2-4.5
2038-03-19,0.674,29.489,41.509,5.192,257.59,SSP2-4.5
2038-03-20,0.0638,29.172,45.072,6.865,238.09,SSP2-4.5
2038-03-21,0.0682,26.921,56.579,7.533,201.42,SSP2-4.5
2038-03-22,0.0894,25.903,56.218,6.774,194.15,SSP2-4.5
2038-03-23,0.0,28.931,36.169,5.756,307.1,SSP2-4.5
2038-03-24,0.0,28.757,35.083,5.639,302.5,SSP2-4.5
2038-03-25,0.0043,28.624,38.542,7.058,262.73,SSP2-4.5
2038-03-26,0.0024,28.756,40.695,6.569,292.68,SSP2-4.5
2038-03-27,0.0,28.587,42.353,9.042,287.61,SSP2-4.5
2038-03-28,0.0199,28.727,41.33,5.726,271.68,SSP2-4.5
2038-03-29,0.0,29.593,31.872,5.754,323.81,SSP2-4.5
2038-03-30,0.0,29.246,28.712,6.11,329.59,SSP2-4.5
2038-03-31,0.0,29.092,28.974,6.696,311.41,SSP2-4.5
2038-04-01,0.0,30.478,29.897,8.902,289.38,SSP2-4.5
2038-04-02,0.0,30.969,29.247,8.428,285.0,SSP2-4.5
2038-04-03,0.0,30.829,29.431,6.191,289.06,SSP2-4.5
2038-04-04,0.0,30.384,26.872,8.668,273.89,SSP2-4.5
2038-04-05,0.0,30.044,24.925,9.143,335.68,SSP2-4.5
2038-04-06,0.0,30.461,26.724,5.758,298.27,SSP2-4.5
2038-04-07,0.0141,31.257,32.282,10.768,290.77,SSP2-4.5
2038-04-08,0.054,31.774,33.07,7.543,279.06,SSP2-4.5
2038-04-09,0.0,32.514,27.313,9.84,322.75,SSP2-4.5
2038-04-10,0.0,31.913,26.753,11.731,312.64,SSP2-4.5
2038-04-11,0.0,31.744,26.383,11.965,326.0,SSP2-4.5
2038-04-12,0.0,31.633,25.085,7.775,316.74,SSP2-4.5
2038-04-13,0.0,31.554,24.837,5.961,334.88,SSP2-4.5
2038-04-14,0.0,30.973,21.341,10.132,346.7,SSP2-4.5
2038-04-15,0.0,29.622,19.412,7.757,366.51,SSP2-4.5
2038-04-16,0.0,29.391,22.786,5.183,358.72,SSP2-4.5
2038-04-17,0.0,30.025,25.027,5.848,348.1,SSP2-4.5
2038-04-18,0.0,31.12,25.388,7.351,341.91,SSP2-4.5
2038-04-19,0.0,31.386,26.732,7.545,333.42,SSP2-4.5
2038-04-20,0.0,31.949,28.028,8.577,298.47,SSP2-4.5
2038-04-21,0.0,32.193,27.073,10.338,315.45,SSP2-4.5
2038-04-22,0.0,32.463,26.64,10.715,300.02,SSP2-4.5
2038-04-23,0.0193,31.533,29.132,6.059,276.81,SSP2-4.5
2038-04-24,0.0,31.623,26.623,7.452,318.96,SSP2-4.5
2038-04-25,0.0,32.126,26.252,7.716,332.46,SSP2-4.5
2038-04-26,0.0,32.255,25.469,6.91,323.16,SSP2-4.5
2038-04-27,0.0,32.798,26.455,6.267,270.97,SSP2-4.5
2038-04-28,0.0026,32.831,26.351,6.629,298.24,SSP2-4.5
2038-04-29,0.0156,32.629,28.282,7.248,282.99,SSP2-4.5
2038-04-30,0.0,29.484,47.797,7.257,209.12,SSP2-4.5
2038-05-01,0.0,33.621,28.628,8.524,324.8,SSP2-4.5
2038-05-02,0.0,34.473,26.152,7.873,308.73,SSP2-4.5
2038-05-03,0.0005,34.793,24.629,7.455,323.27,SSP2-4.5
2038-05-04,0.0089,34.861,24.118,8.207,311.59,SSP2-4.5
2038-05-05,0.017,34.814,26.747,7.805,300.39,SSP2-4.5
2038-05-06,0.0,34.997,26.035,7.085,310.0,SSP2-4.5
2038-05-07,0.0,35.032,23.402,6.5,331.15,SSP2-4.5
2038-05-08,0.0,34.826,20.581,10.795,347.8,SSP2-4.5
2038-05-09,0.0,35.186,19.975,12.392,351.17,SSP2-4.5
2038-05-10,0.0,35.346,21.051,11.452,350.69,SSP2-4.5
2038-05-11,0.0,35.822,21.045,11.483,347.71,SSP2-4.5
2038-05-12,0.0,35.393,20.611,7.918,345.55,SSP2-4.5
2038-05-13,0.0,36.191,21.652,6.217,295.23,SSP2-4.5
2038-05-14,0.04,34.989,26.91,7.085,237.0,SSP2-4.5
2038-05-15,0.0255,35.416,25.053,9.946,334.46,SSP2-4.5
2038-05-16,0.029,35.518,24.874,10.219,326.49,SSP2-4.5
2038-05-17,0.0513,35.532,24.367,10.106,318.11,SSP2-4.5
2038-05-18,0.3151,35.752,25.282,9.146,311.57,SSP2-4.5
2038-05-19,0.0071,35.772,25.216,8.524,320.2,SSP2-4.5
2038-05-20,0.0,35.878,23.545,7.662,327.75,SSP2-4.5
2038-05-21,0.0168,36.005,25.043,8.787,304.17,SSP2-4.5
2038-05-22,0.0089,35.914,24.753,11.794,320.85,SSP2-4.5
2038-05-23,0.0,35.492,25.558,10.049,278.38,SSP2-4.5
2038-05-24,0.0,35.805,22.481,10.185,331.61,SSP2-4.5
2038-05-25,0.0249,35.604,26.11,8.414,260.35,SSP2-4.5
2038-05-26,0.0,36.299,22.075,11.298,324.71,SSP2-4.5
2038-05-27,0.0,36.809,20.459,14.084,318.84,SSP2-4.5
2038-05-28,0.0,36.456,19.416,15.16,291.58,SSP2-4.5
2038-05-29,0.0,36.484,19.617,14.984,347.46,SSP2-4.5
2038-05-30,0.0,36.716,20.199,13.969,341.66,SSP2-4.5
2038-05-31,0.0,36.879,20.362,14.168,315.19,SSP2-4.5
2038-06-01,0.0,35.68,20.913,12.457,314.13,SSP2-4.5
2038-06-02,0.0,35.757,20.638,10.865,319.94,SSP2-4.5
2038-06-03,0.0,35.981,20.667,13.291,332.96,SSP2-4.5
2038-06-04,0.0,36.412,22.046,15.493,327.35,SSP2-4.5
2038-06-05,0.0,36.18,23.393,12.579,306.32,SSP2-4.5
2038-06-06,0.0031,36.174,23.163,14.45,331.65,SSP2-4.5
2038-06-07,0.0,36.272,22.942,15.355,338.45,SSP2-4.5
2038-06-08,0.0,36.447,23.87,16.706,327.9,SSP2-4.5
2038-06-09,0.0094,36.5,24.618,11.085,311.39,SSP2-4.5
2038-06-10,18.8456,34.971,34.323,8.42,305.13,SSP2-4.5
2038-06-11,4.6917,29.514,68.943,6.867,229.09,SSP2-4.5
2038-06-12,1.0945,31.399,58.094,9.793,280.28,SSP2-4.5
2038-06-13,0.0,33.668,41.21,10.349,321.19,SSP2-4.5
2038-06-14,0.0939,34.819,37.195,11.747,307.07,SSP2-4.5
2038-06-15,0.0,34.704,38.925,12.967,303.07,SSP2-4.5
2038-06-16,0.0322,35.687,37.069,12.561,303.99,SSP2-4.5
2038-06-17,1.4098,35.42,40.082,11.526,266.93,SSP2-4.5
2038-06-18,0.0605,35.053,38.52,14.126,294.8,SSP2-4.5
2038-06-19,0.0,34.654,35.326,15.02,293.6,SSP2-4.5
2038-06-20,0.0,35.371,32.454,13.193,302.93,SSP2-4.5
2038-06-21,0.0,35.723,32.119,10.123,307.95,SSP2-4.5
2038-06-22,0.0777,35.019,35.656,9.787,290.62,SSP2-4.5
2038-06-23,0.1186,34.123,41.978,10.641,296.34,SSP2-4.5
2038-06-24,1.3575,28.168,73.584,11.168,212.39,SSP2-4.5
2038-06-25,0.0259,28.303,73.582,13.027,219.45,SSP2-4.5
2038-06-26,1.6426,29.453,65.682,14.194,246.79,SSP2-4.5
2038-06-27,0.0,28.824,70.901,14.12,227.2,SSP2-4.5
2038-06-28,1.4985,30.497,62.517,13.238,289.24,SSP2-4.5
2038-06-29,0.1868,29.991,63.58,12.143,268.87,SSP2-4.5
2038-06-30,0.5891,30.085,65.051,12.093,274.4,SSP2-4.5
2038-07-01,0.5208,30.582,61.766,14.16,300.94,SSP2-4.5
2038-07-02,0.0,30.097,60.667,15.997,278.71,SSP2-4.5
2038-07-03,0.0,30.1,61.418,14.903,267.04,SSP2-4.5
2038-07-04,0.0,30.6,57.546,12.136,287.03,SSP2-4.5
2038-07-05,0.1212,31.084,57.003,12.569,294.35,SSP2-4.5
2038-07-06,0.0523,31.482,57.432,14.007,295.99,SSP2-4.5
2038-07-07,8.2656,31.436,62.69,13.581,283.23,SSP2-4.5
2038-07-08,1.6978,29.112,72.8,8.134,244.98,SSP2-4.5
2038-07-09,8.9064,30.328,72.122,8.266,281.46,SSP2-4.5
2038-07-10,14.0761,29.354,78.321,7.553,253.19,SSP2-4.5
2038-07-11,13.5408,28.126,86.07,4.718,233.33,SSP2-4.5
2038-07-12,0.0,28.958,77.295,8.297,239.15,SSP2-4.5
2038-07-13,0.0,29.91,69.4,10.391,286.18,SSP2-4.5
2038-07-14,0.0,30.094,70.076,9.104,266.84,SSP2-4.5
2038-07-15,0.0,30.439,68.839,9.234,247.55,SSP2-4.5
2038-07-16,2.5631,30.119,74.782,7.603,241.14,SSP2-4.5
2038-07-17,0.0747,28.251,82.372,8.991,228.62,SSP2-4.5
2038-07-18,0.2848,28.674,78.915,7.576,237.29,SSP2-4.5
2038-07-19,3.3475,28.968,77.593,8.084,236.65,SSP2-4.5
2038-07-20,0.0187,29.631,76.811,8.607,245.46,SSP2-4.5
2038-07-21,0.0,30.045,67.588,11.214,293.39,SSP2-4.5
2038-07-22,0.0,30.174,67.33,13.185,261.76,SSP2-4.5
2038-07-23,0.3345,30.123,68.08,12.783,275.42,SSP2-4.5
2038-07-24,22.0364,26.749,90.359,12.182,167.87,SSP2-4.5
2038-07-25,31.1586,26.587,91.806,14.165,164.74,SSP2-4.5
2038-07-26,26.6703,26.643,92.559,13.64,141.7,SSP2-4.5
2038-07-27,10.7481,26.538,91.834,13.48,180.47,SSP2-4.5
2038-07-28,25.6586,26.896,90.538,14.87,209.95,SSP2-4.5
2038-07-29,18.6312,26.542,92.201,12.995,201.05,SSP2-4.5
2038-07-30,3.8514,26.936,90.055,13.229,210.17,SSP2-4.5
2038-07-31,0.0,27.316,83.449,17.278,231.26,SSP2-4.5
2038-08-01,0.0,27.084,83.594,17.36,227.88,SSP2-4.5
2038-08-02,0.468,26.798,83.999,16.688,229.63,SSP2-4.5
2038-08-03,5.8077,26.214,88.349,15.96,203.19,SSP2-4.5
2038-08-04,9.0183,26.06,89.314,15.011,209.89,SSP2-4.5
2038-08-05,3.0437,26.077,87.547,18.842,209.17,SSP2-4.5
2038-08-06,0.5176,26.289,87.398,16.475,218.23,SSP2-4.5
2038-08-07,0.0,26.713,85.098,16.924,225.78,SSP2-4.5
2038-08-08,0.0,26.711,85.273,14.626,242.57,SSP2-4.5
2038-08-09,0.2468,26.372,87.651,15.452,216.09,SSP2-4.5
2038-08-10,3.8435,26.714,85.832,14.773,233.46,SSP2-4.5
2038-08-11,4.2361,26.767,86.539,14.979,244.5,SSP2-4.5
2038-08-12,6.1903,26.042,89.611,12.978,212.44,SSP2-4.5
2038-08-13,27.3896,25.806,90.647,14.276,205.78,SSP2-4.5
2038-08-14,31.1533,25.665,93.448,14.408,169.52,SSP2-4.5
2038-08-15,24.0532,25.262,93.807,12.509,170.24,SSP2-4.5
2038-08-16,0.0569,26.389,87.123,12.58,245.99,SSP2-4.5
2038-08-17,0.0,26.72,85.062,13.156,246.35,SSP2-4.5
2038-08-18,0.1801,27.094,81.828,14.813,276.56,SSP2-4.5
2038-08-19,12.7402,25.985,92.312,11.484,177.53,SSP2-4.5
2038-08-20,31.1039,25.376,94.792,13.129,132.58,SSP2-4.5
2038-08-21,23.3759,25.917,91.408,13.098,208.32,SSP2-4.5
2038-08-22,30.1915,25.986,94.088,12.912,142.76,SSP2-4.5
2038-08-23,5.4225,25.85,92.826,11.707,186.78,SSP2-4.5
2038-08-24,0.0227,25.86,92.038,10.171,199.95,SSP2-4.5
2038-08-25,0.0,25.942,91.073,9.512,207.88,SSP2-4.5
2038-08-26,0.0,26.318,86.257,10.67,240.63,SSP2-4.5
2038-08-27,4.4578,26.485,89.408,8.738,233.15,SSP2-4.5
2038-08-28,30.9467,26.609,90.277,7.499,239.82,SSP2-4.5
2038-08-29,23.2039,26.148,92.888,4.568,221.89,SSP2-4.5
2038-08-30,19.3738,25.999,92.833,7.684,214.62,SSP2-4.5
2038-08-31,5.8249,26.263,89.931,11.384,232.67,SSP2-4.5
2038-09-01,26.9179,25.599,94.651,12.656,205.08,SSP2-4.5
2038-09-02,21.5872,25.663,93.77,13.138,182.94,SSP2-4.5
2038-09-03,0.6938,25.983,89.512,11.655,223.54,SSP2-4.5
2038-09-04,0.0,26.343,88.737,7.522,234.3,SSP2-4.5
2038-09-05,0.0,26.833,85.901,3.787,253.84,SSP2-4.5
2038-09-06,0.7641,26.707,88.56,6.645,240.47,SSP2-4.5
2038-09-07,30.3996,25.878,93.153,13.506,165.55,SSP2-4.5
2038-09-08,35.7624,25.818,92.146,12.777,206.12,SSP2-4.5
2038-09-09,23.4686,25.931,93.212,10.535,207.67,SSP2-4.5
2038-09-10,0.408,25.918,89.063,12.313,225.11,SSP2-4.5
2038-09-11,0.007,26.356,86.257,12.788,238.43,SSP2-4.5
2038-09-12,10.585,26.294,87.788,10.818,233.46,SSP2-4.5
2038-09-13,12.0273,25.779,94.676,6.831,181.2,SSP2-4.5
2038-09-14,23.4073,25.856,96.326,5.504,179.33,SSP2-4.5
2038-09-15,4.8246,25.844,94.876,5.134,195.28,SSP2-4.5
2038-09-16,0.236,26.35,86.731,4.667,247.14,SSP2-4.5
2038-09-17,0.0,27.033,82.829,5.308,256.55,SSP2-4.5
2038-09-18,0.0,26.654,86.308,3.736,241.0,SSP2-4.5
2038-09-19,0.0,27.323,82.582,3.483,247.13,SSP2-4.5
2038-09-20,0.0,27.734,78.818,4.425,267.03,SSP2-4.5
2038-09-21,10.452,26.632,88.131,4.934,239.56,SSP2-4.5
2038-09-22,18.047,26.183,90.703,5.481,222.24,SSP2-4.5
2038-09-23,24.1973,25.891,94.831,3.737,195.19,SSP2-4.5
2038-09-24,5.9171,25.966,91.264,6.171,211.34,SSP2-4.5
2038-09-25,14.3641,26.194,89.317,8.106,219.61,SSP2-4.5
2038-09-26,11.903,25.994,90.294,7.552,204.23,SSP2-4.5
2038-09-27,0.0,26.547,85.31,8.979,232.18,SSP2-4.5
2038-09-28,0.0,27.326,79.061,8.276,254.08,SSP2-4.5
2038-09-29,0.5727,26.77,85.217,7.295,230.74,SSP2-4.5
2038-09-30,0.0,26.146,86.114,7.242,222.49,SSP2-4.5
2038-10-01,0.0,26.718,78.583,8.499,243.3,SSP2-4.5
2038-10-02,0.0,26.766,79.103,8.635,243.12,SSP2-4.5
2038-10-03,0.0,27.246,72.827,9.333,250.42,SSP2-4.5
2038-10-04,0.0,26.139,74.186,9.128,228.33,SSP2-4.5
2038-10-05,0.0,26.38,74.14,8.67,234.94,SSP2-4.5
2038-10-06,0.0,26.035,78.347,8.894,221.49,SSP2-4.5
2038-10-07,0.0,26.487,78.703,8.529,224.33,SSP2-4.5
2038-10-08,0.0,27.253,75.219,8.172,251.63,SSP2-4.5
2038-10-09,0.0,26.964,76.555,8.84,237.91,SSP2-4.5
2038-10-10,0.0,27.188,75.73,7.617,233.78,SSP2-4.5
2038-10-11,0.0,27.776,74.676,7.64,253.29,SSP2-4.5
2038-10-12,0.0,28.401,67.409,7.9,261.86,SSP2-4.5
2038-10-13,0.0104,26.204,79.604,7.042,226.55,SSP2-4.5
2038-10-14,7.799,24.997,87.321,6.183,217.98,SSP2-4.5
2038-10-15,0.0668,25.282,83.521,6.07,230.68,SSP2-4.5
2038-10-16,3.7584,25.493,84.532,6.782,223.15,SSP2-4.5
2038-10-17,2.4022,25.299,85.514,5.209,218.65,SSP2-4.5
2038-10-18,0.2676,25.325,85.259,6.547,214.94,SSP2-4.5
2038-10-19,0.0152,25.914,80.974,3.535,228.21,SSP2-4.5
2038-10-20,0.019,26.728,79.17,4.606,227.63,SSP2-4.5
2038-10-21,1.9635,26.596,82.383,5.435,212.8,SSP2-4.5
2038-10-22,18.3935,24.355,89.42,6.352,194.13,SSP2-4.5
2038-10-23,0.0736,25.312,84.835,6.534,214.75,SSP2-4.5
2038-10-24,0.0,26.166,79.286,5.104,243.93,SSP2-4.5
2038-10-25,0.0,26.269,78.609,5.301,227.25,SSP2-4.5
2038-10-26,0.8132,25.934,81.866,4.864,213.29,SSP2-4.5
2038-10-27,0.4246,24.28,84.945,6.494,182.88,SSP2-4.5
2038-10-28,0.0,25.826,71.488,8.759,216.28,SSP2-4.5
2038-10-29,0.0,25.502,64.511,7.717,236.87,SSP2-4.5
2038-10-30,0.0,24.426,56.176,6.522,250.19,SSP2-4.5
2038-10-31,0.0,24.357,51.159,5.088,256.0,SSP2-4.5
2038-11-01,0.0,24.777,57.418,7.388,247.64,SSP2-4.5
2038-11-02,0.0,25.29,68.743,8.091,235.29,SSP2-4.5
2038-11-03,0.0,25.3,66.383,8.104,241.26,SSP2-4.5
2038-11-04,0.0408,25.164,76.333,8.951,235.51,SSP2-4.5
2038-11-05,0.0909,26.353,78.863,8.194,223.03,SSP2-4.5
2038-11-06,0.0,26.038,75.472,8.3,226.94,SSP2-4.5
2038-11-07,0.0,25.69,63.506,6.743,252.04,SSP2-4.5
2038-11-08,0.0,25.58,59.059,7.331,225.57,SSP2-4.5
2038-11-09,0.0,25.668,59.238,6.656,238.36,SSP2-4.5
2038-11-10,0.0,25.76,60.539,7.73,217.4,SSP2-4.5
2038-11-11,0.0,24.884,61.879,6.46,225.09,SSP2-4.5
2038-11-12,0.0,23.603,73.229,6.522,181.84,SSP2-4.5
2038-11-13,0.0,23.559,58.288,8.96,212.33,SSP2-4.5
2038-11-14,0.0,22.276,42.162,11.943,245.66,SSP2-4.5
2038-11-15,0.0,21.874,40.248,10.214,251.65,SSP2-4.5
2038-11-16,0.0,22.119,49.808,9.41,250.93,SSP2-4.5
2038-11-17,0.0,23.222,49.806,8.731,245.13,SSP2-4.5
2038-11-18,0.0,23.42,51.075,8.704,243.27,SSP2-4.5
2038-11-19,0.0,23.11,48.619,7.116,240.52,SSP2-4.5
2038-11-20,0.0,22.818,46.126,5.573,232.1,SSP2-4.5
2038-11-21,0.0,22.872,49.121,6.662,197.83,SSP2-4.5
2038-11-22,0.0,23.279,56.376,7.681,218.37,SSP2-4.5
2038-11-23,0.0,23.45,61.143,7.349,206.52,SSP2-4.5
2038-11-24,0.0,22.936,54.925,7.347,221.42,SSP2-4.5
2038-11-25,0.0,22.673,54.459,8.025,236.95,SSP2-4.5
2038-11-26,0.0,23.083,56.635,6.806,228.37,SSP2-4.5
2038-11-27,0.0,23.301,54.336,7.892,220.59,SSP2-4.5
2038-11-28,0.0,23.271,48.556,8.496,223.8,SSP2-4.5
2038-11-29,0.0,22.664,51.804,6.955,223.13,SSP2-4.5
2038-11-30,0.0,22.208,40.579,7.523,241.48,SSP2-4.5
2038-12-01,0.0,21.683,36.898,7.615,239.87,SSP2-4.5
2038-12-02,0.0,21.885,37.843,7.548,243.54,SSP2-4.5
2038-12-03,0.0,21.869,40.885,8.722,239.35,SSP2-4.5
2038-12-04,0.0,21.798,40.64,8.14,242.38,SSP2-4.5
2038-12-05,0.0,22.239,51.174,7.476,237.19,SSP2-4.5
2038-12-06,0.0,22.227,52.129,7.605,232.63,SSP2-4.5
2038-12-07,0.0,22.032,48.197,6.514,237.62,SSP2-4.5
2038-12-08,0.0,22.029,46.217,6.424,234.72,SSP2-4.5
2038-12-09,0.0,21.949,45.508,7.204,238.29,SSP2-4.5
2038-12-10,0.0,21.933,49.163,8.74,244.58,SSP2-4.5
2038-12-11,0.0,22.545,49.129,8.997,233.02,SSP2-4.5
2038-12-12,0.0,23.058,54.348,7.558,194.36,SSP2-4.5
2038-12-13,0.0,22.937,51.963,7.685,216.72,SSP2-4.5
2038-12-14,0.0,23.417,47.399,7.652,218.07,SSP2-4.5
2038-12-15,0.0,21.499,60.114,7.091,176.68,SSP2-4.5
2038-12-16,0.0,20.357,66.583,6.917,152.01,SSP2-4.5
2038-12-17,0.0,21.551,43.865,8.744,226.62,SSP2-4.5
2038-12-18,0.0,21.293,39.454,5.92,234.77,SSP2-4.5
2038-12-19,0.0,21.201,40.634,6.37,230.56,SSP2-4.5
2038-12-20,0.0,21.101,39.245,7.991,232.63,SSP2-4.5
2038-12-21,0.0,21.504,47.332,9.101,232.63,SSP2-4.5
2038-12-22,0.0,22.159,46.158,7.776,233.03,SSP2-4.5
2038-12-23,0.0,21.986,44.079,8.21,228.48,SSP2-4.5
2038-12-24,0.0,21.42,42.994,8.76,233.39,SSP2-4.5
2038-12-25,0.0,21.083,38.597,8.737,239.48,SSP2-4.5
2038-12-26,0.0,20.889,38.644,8.001,240.69,SSP2-4.5
2038-12-27,0.0,20.856,39.53,7.618,240.26,SSP2-4.5
2038-12-28,0.0,20.598,36.879,10.062,241.51,SSP2-4.5
2038-12-29,0.0,20.215,33.732,9.631,246.77,SSP2-4.5
2038-12-30,0.0,19.908,38.638,9.103,246.61,SSP2-4.5
2038-12-31,0.0,20.505,42.899,5.56,243.57,SSP2-4.5
2039-01-01,0.0,21.898,48.72,4.905,224.8,SSP2-4.5
2039-01-02,0.0,22.451,49.596,5.217,222.34,SSP2-4.5
2039-01-03,0.0,22.634,49.472,6.265,226.33,SSP2-4.5
2039-01-04,0.0,23.005,55.116,8.584,225.98,SSP2-4.5
2039-01-05,0.0,23.563,51.434,12.864,225.28,SSP2-4.5
2039-01-06,0.0,21.636,63.454,13.497,172.6,SSP2-4.5
2039-01-07,0.0,23.293,56.722,8.875,228.22,SSP2-4.5
2039-01-08,0.0,23.778,57.548,7.766,213.16,SSP2-4.5
2039-01-09,0.0,23.115,51.31,7.114,223.56,SSP2-4.5
2039-01-10,0.0,23.354,38.123,7.284,244.91,SSP2-4.5
2039-01-11,0.0,23.25,43.784,7.805,229.64,SSP2-4.5
2039-01-12,0.0,23.783,52.072,9.822,204.66,SSP2-4.5
2039-01-13,0.0,20.103,64.586,16.02,128.87,SSP2-4.5
2039-01-14,0.0,18.162,69.571,14.933,133.64,SSP2-4.5
2039-01-15,0.0,21.058,63.357,10.716,197.89,SSP2-4.5
2039-01-16,0.0,22.24,60.698,10.208,197.8,SSP2-4.5
2039-01-17,0.0,23.334,51.641,8.676,211.14,SSP2-4.5
2039-01-18,0.0,23.014,52.668,9.518,212.54,SSP2-4.5
2039-01-19,0.0,22.138,40.414,11.915,217.7,SSP2-4.5
2039-01-20,0.0,21.288,30.577,12.349,260.01,SSP2-4.5
2039-01-21,0.0,20.864,34.422,9.562,261.25,SSP2-4.5
2039-01-22,0.0,21.512,43.274,8.74,259.62,SSP2-4.5
2039-01-23,0.0,22.208,44.292,9.056,260.26,SSP2-4.5
2039-01-24,0.0,22.387,43.238,7.901,264.23,SSP2-4.5
2039-01-25,0.0,23.071,44.29,7.618,255.13,SSP2-4.5
2039-01-26,0.0,23.343,43.629,8.673,262.28,SSP2-4.5
2039-01-27,0.0,23.591,43.606,7.897,257.97,SSP2-4.5
2039-01-28,0.0,23.598,41.375,7.371,256.14,SSP2-4.5
2039-01-29,0.0,23.646,40.134,6.647,255.1,SSP2-4.5
2039-01-30,0.0,24.032,38.185,9.457,255.88,SSP2-4.5
2039-01-31,0.0,24.324,38.817,13.701,254.39,SSP2-4.5
2039-02-01,0.0,23.511,45.303,10.848,204.41,SSP2-4.5
2039-02-02,0.0,20.882,85.425,8.217,150.1,SSP2-4.5
2039-02-03,0.0,23.522,51.762,11.002,251.72,SSP2-4.5
2039-02-04,0.0,23.905,48.344,8.821,222.83,SSP2-4.5
2039-02-05,0.0,23.91,47.01,7.766,262.6,SSP2-4.5
2039-02-06,0.0,24.474,47.315,11.259,241.2,SSP2-4.5
2039-02-07,0.0,24.85,50.134,11.28,232.21,SSP2-4.5
2039-02-08,0.0,24.712,48.822,10.842,240.26,SSP2-4.5
2039-02-09,0.0,24.755,47.195,11.153,242.39,SSP2-4.5
2039-02-10,0.0,24.743,44.854,11.09,240.8,SSP2-4.5
2039-02-11,0.0,24.477,42.104,11.386,273.56,SSP2-4.5
2039-02-12,0.0,24.346,40.407,10.81,275.95,SSP2-4.5
2039-02-13,0.0,24.146,37.45,11.026,284.36,SSP2-4.5
2039-02-14,0.0,24.714,36.978,11.094,282.67,SSP2-4.5
2039-02-15,0.0,24.649,36.61,11.187,287.15,SSP2-4.5
2039-02-16,0.0,24.667,34.883,10.383,291.33,SSP2-4.5
2039-02-17,0.0,24.327,33.755,9.727,286.51,SSP2-4.5
2039-02-18,0.0,24.838,31.329,10.995,289.22,SSP2-4.5
2039-02-19,0.0,25.021,30.048,11.692,298.72,SSP2-4.5
2039-02-20,0.0,24.848,33.402,11.919,302.57,SSP2-4.5
2039-02-21,0.0,25.901,35.096,9.949,294.8,SSP2-4.5
2039-02-22,0.0,26.283,34.766,7.298,286.62,SSP2-4.5
2039-02-23,0.0,26.243,32.814,8.006,287.0,SSP2-4.5
2039-02-24,0.0,26.683,29.701,11.387,287.07,SSP2-4.5
2039-02-25,0.0,27.08,33.285,11.352,228.64,SSP2-4.5
2039-02-26,0.0,26.312,42.077,8.684,240.41,SSP2-4.5
2039-02-27,0.0,25.306,46.436,7.937,195.66,SSP2-4.5
2039-02-28,0.0,26.96,31.806,9.009,296.46,SSP2-4.5
2039-03-01,0.0,25.677,24.37,11.928,306.06,SSP2-4.5
2039-03-02,0.0,25.356,19.979,11.159,323.78,SSP2-4.5
2039-03-03,0.0,25.18,20.606,10.487,310.39,SSP2-4.5
2039-03-04,0.0,25.186,25.15,8.041,308.88,SSP2-4.5
2039-03-05,0.0,25.915,31.872,7.936,302.17,SSP2-4.5
2039-03-06,0.0,27.191,33.061,9.233,293.19,SSP2-4.5
2039-03-07,0.0,27.574,29.367,11.009,290.19,SSP2-4.5
2039-03-08,0.0,27.807,27.022,11.674,290.76,SSP2-4.5
2039-03-09,0.0,27.584,26.574,12.162,292.58,SSP2-4.5
2039-03-10,0.0,27.294,26.122,10.957,290.56,SSP2-4.5
2039-03-11,0.0,27.473,27.531,8.479,285.57,SSP2-4.5
2039-03-12,0.0,27.053,27.318,12.907,303.37,SSP2-4.5
2039-03-13,0.0,26.541,39.434,11.577,212.84,SSP2-4.5
2039-03-14,0.0,24.394,51.212,9.387,195.6,SSP2-4.5
2039-03-15,0.0,26.027,33.952,7.08,296.48,SSP2-4.5
2039-03-16,0.005,28.244,31.627,7.564,288.0,SSP2-4.5
2039-03-17,0.002,28.475,34.699,7.062,254.8,SSP2-4.5
2039-03-18,0.0506,28.124,35.962,8.23,268.83,SSP2-4.5
2039-03-19,0.0,28.589,32.579,8.052,265.55,SSP2-4.5
2039-03-20,0.0,28.534,29.744,7.171,296.92,SSP2-4.5
2039-03-21,0.0053,29.077,30.236,8.285,285.42,SSP2-4.5
2039-03-22,0.0,27.282,35.725,8.594,222.54,SSP2-4.5
2039-03-23,0.0007,28.619,33.548,9.809,279.06,SSP2-4.5
2039-03-24,0.0015,29.046,32.173,8.36,263.87,SSP2-4.5
2039-03-25,0.0009,29.144,31.568,7.046,288.75,SSP2-4.5
2039-03-26,0.0733,29.221,31.278,8.1,291.53,SSP2-4.5
2039-03-27,0.0,28.123,35.796,7.995,225.36,SSP2-4.5
2039-03-28,0.0035,29.588,31.933,8.603,286.18,SSP2-4.5
2039-03-29,0.0005,29.092,33.885,8.188,251.35,SSP2-4.5
2039-03-30,0.0619,29.795,31.612,6.725,269.69,SSP2-4.5
2039-03-31,0.2318,29.533,32.014,7.614,281.97,SSP2-4.5
2039-04-01,0.04,30.154,29.832,9.471,296.86,SSP2-4.5
2039-04-02,0.0017,30.157,29.936,11.523,306.45,SSP2-4.5
2039-04-03,0.0298,30.18,29.231,9.621,300.3,SSP2-4.5
2039-04-04,0.4307,29.694,36.037,8.147,242.6,SSP2-4.5
2039-04-05,0.0,30.738,30.048,10.158,305.24,SSP2-4.5
2039-04-06,0.0,30.579,28.507,9.278,310.5,SSP2-4.5
2039-04-07,0.0,31.068,28.21,8.544,298.45,SSP2-4.5
2039-04-08,0.0,31.304,26.278,10.719,264.33,SSP2-4.5
2039-04-09,0.2086,27.321,47.144,8.11,193.77,SSP2-4.5
2039-04-10,0.0016,30.61,32.186,5.717,258.16,SSP2-4.5
2039-04-11,0.0,31.396,27.584,8.608,297.43,SSP2-4.5
2039-04-12,0.0,31.691,28.452,10.283,298.59,SSP2-4.5
2039-04-13,0.2625,31.777,28.915,9.463,285.14,SSP2-4.5
2039-04-14,0.134,28.666,40.757,7.864,209.57,SSP2-4.5
2039-04-15,0.0,30.639,32.513,10.012,288.11,SSP2-4.5
2039-04-16,0.0063,30.894,32.062,9.715,272.88,SSP2-4.5
2039-04-17,0.0,31.217,25.059,8.098,322.1,SSP2-4.5
2039-04-18,0.0,30.58,22.252,6.882,346.07,SSP2-4.5
2039-04-19,0.0,30.948,26.605,10.979,332.69,SSP2-4.5
2039-04-20,0.032,32.177,28.578,10.953,299.18,SSP2-4.5
2039-04-21,0.252,31.569,29.515,7.663,282.68,SSP2-4.5
2039-04-22,0.8491,31.669,29.251,6.306,296.24,SSP2-4.5
2039-04-23,0.0219,31.618,27.3,4.826,310.25,SSP2-4.5
2039-04-24,0.1145,31.504,25.268,6.089,320.84,SSP2-4.5
2039-04-25,0.0228,31.958,25.125,5.631,325.54,SSP2-4.5
2039-04-26,0.3805,32.174,26.155,7.296,317.71,SSP2-4.5
2039-04-27,0.0,32.119,26.638,8.407,299.34,SSP2-4.5
2039-04-28,0.0,31.849,28.015,8.009,253.57,SSP2-4.5
2039-04-29,0.0,31.881,24.598,8.491,319.6,SSP2-4.5
2039-04-30,0.0,32.329,25.227,9.09,289.4,SSP2-4.5
2039-05-01,0.0191,33.865,27.557,6.489,240.46,SSP2-4.5
2039-05-02,0.0,34.17,26.516,6.694,265.12,SSP2-4.5
2039-05-03,0.0,34.508,24.781,6.618,278.84,SSP2-4.5
2039-05-04,0.0,34.137,22.338,7.306,323.48,SSP2-4.5
2039-05-05,0.0,34.944,23.3,9.216,308.14,SSP2-4.5
2039-05-06,0.0268,34.978,25.928,12.265,319.55,SSP2-4.5
2039-05-07,0.0093,34.474,28.191,10.359,269.76,SSP2-4.5
2039-05-08,0.0,34.709,26.782,11.344,288.72,SSP2-4.5
2039-05-09,0.0,34.759,26.46,8.775,270.48,SSP2-4.5
2039-05-10,0.0,34.807,24.032,7.93,308.44,SSP2-4.5
2039-05-11,0.0,35.359,23.649,8.629,300.65,SSP2-4.5
2039-05-12,0.0,35.692,24.307,9.305,277.7,SSP2-4.5
2039-05-13,0.0017,35.806,23.905,12.99,300.32,SSP2-4.5
2039-05-14,0.0038,35.716,22.034,12.98,326.19,SSP2-4.5
2039-05-15,0.0,35.3,21.191,11.542,332.72,SSP2-4.5
2039-05-16,0.0,35.08,19.966,7.631,338.03,SSP2-4.5
2039-05-17,0.033,35.128,21.084,5.055,300.87,SSP2-4.5
2039-05-18,0.61,34.391,33.43,9.205,251.8,SSP2-4.5
2039-05-19,0.0,34.222,36.206,12.28,247.99,SSP2-4.5
2039-05-20,0.0,34.992,26.013,14.654,319.4,SSP2-4.5
2039-05-21,0.0,35.959,22.049,16.354,312.44,SSP2-4.5
2039-05-22,0.0,36.257,19.485,14.754,329.15,SSP2-4.5
2039-05-23,0.0,36.106,19.709,13.018,353.22,SSP2-4.5
2039-05-24,0.0069,36.471,21.178,9.432,318.33,SSP2-4.5
2039-05-25,0.0,36.543,21.273,8.458,292.11,SSP2-4.5
2039-05-26,0.0,36.573,20.577,7.145,301.39,SSP2-4.5
2039-05-27,0.0227,36.278,22.515,7.563,303.0,SSP2-4.5
2039-05-28,0.0456,35.384,31.059,6.471,266.86,SSP2-4.5
2039-05-29,0.0,35.683,27.246,6.475,302.4,SSP2-4.5
2039-05-30,0.005,36.227,25.664,6.331,320.04,SSP2-4.5
2039-05-31,0.0368,36.612,26.973,6.586,314.0,SSP2-4.5
2039-06-01,0.0682,32.238,43.61,6.175,216.72,SSP2-4.5
2039-06-02,0.0878,35.072,33.929,7.527,292.69,SSP2-4.5
2039-06-03,0.0,35.602,31.605,9.48,304.13,SSP2-4.5
2039-06-04,0.0,35.561,27.379,8.161,303.91,SSP2-4.5
2039-06-05,0.0275,35.804,27.044,7.736,305.97,SSP2-4.5
2039-06-06,0.2768,35.609,30.519,9.35,295.27,SSP2-4.5
2039-06-07,0.0,35.592,27.068,11.943,306.93,SSP2-4.5
2039-06-08,0.0,36.12,23.345,14.003,327.81,SSP2-4.5
2039-06-09,0.0,36.75,22.184,14.165,333.07,SSP2-4.5
2039-06-10,0.0,37.192,21.131,15.383,307.94,SSP2-4.5
2039-06-11,0.0363,37.79,20.248,17.075,340.7,SSP2-4.5
2039-06-12,0.2854,36.762,24.154,16.23,278.89,SSP2-4.5
2039-06-13,0.1371,36.502,26.375,15.886,292.6,SSP2-4.5
2039-06-14,3.83,33.427,37.1,13.007,289.51,SSP2-4.5
2039-06-15,0.0,34.663,31.559,13.454,297.65,SSP2-4.5
2039-06-16,0.0,35.858,31.422,12.907,304.16,SSP2-4.5
2039-06-17,0.0,36.222,32.326,13.127,277.31,SSP2-4.5
2039-06-18,0.0,36.407,31.367,15.158,322.7,SSP2-4.5
2039-06-19,0.0,34.122,38.36,17.413,327.65,SSP2-4.5
2039-06-20,0.0,34.035,38.95,17.734,329.98,SSP2-4.5
2039-06-21,0.0,33.867,40.407,17.699,304.43,SSP2-4.5
2039-06-22,0.0,33.199,46.591,20.19,311.97,SSP2-4.5
2039-06-23,0.0065,30.297,57.06,20.113,258.97,SSP2-4.5
2039-06-24,4.7259,30.338,60.958,20.058,257.18,SSP2-4.5
2039-06-25,1.7936,28.778,65.845,18.831,228.24,SSP2-4.5
2039-06-26,18.0567,27.731,78.236,17.177,214.4,SSP2-4.5
2039-06-27,14.4866,27.287,83.901,14.178,209.61,SSP2-4.5
2039-06-28,25.6156,27.042,89.498,12.259,169.7,SSP2-4.5
2039-06-29,80.0497,25.838,94.27,14.151,166.66,SSP2-4.5
2039-06-30,43.1278,25.426,94.737,14.043,164.59,SSP2-4.5
2039-07-01,17.9766,26.332,92.42,10.698,174.82,SSP2-4.5
2039-07-02,2.1131,26.832,89.048,9.663,209.08,SSP2-4.5
2039-07-03,1.1373,27.283,83.933,12.244,235.34,SSP2-4.5
2039-07-04,0.0233,27.708,81.174,14.119,242.58,SSP2-4.5
2039-07-05,3.9725,27.158,83.329,13.957,225.28,SSP2-4.5
2039-07-06,28.5189,25.958,92.256,13.213,170.68,SSP2-4.5
2039-07-07,25.4689,26.24,92.254,12.719,202.43,SSP2-4.5
2039-07-08,3.0106,26.356,90.757,12.016,189.51,SSP2-4.5
2039-07-09,0.0,27.088,87.344,10.464,225.91,SSP2-4.5
2039-07-10,0.569,27.774,82.158,12.971,283.28,SSP2-4.5
2039-07-11,0.0,27.941,80.659,14.716,254.02,SSP2-4.5
2039-07-12,13.7601,27.34,88.23,12.723,224.58,SSP2-4.5
2039-07-13,0.9498,27.204,86.006,15.127,225.62,SSP2-4.5
2039-07-14,6.7654,26.724,87.587,16.231,211.11,SSP2-4.5
2039-07-15,16.5099,26.58,89.872,16.772,190.7,SSP2-4.5
2039-07-16,15.9543,26.384,92.028,12.165,178.55,SSP2-4.5
2039-07-17,18.7298,26.501,93.107,6.906,193.46,SSP2-4.5
2039-07-18,0.0,27.084,90.039,7.654,226.13,SSP2-4.5
2039-07-19,0.579,27.862,87.966,7.402,233.55,SSP2-4.5
2039-07-20,16.2206,27.097,91.805,5.776,216.88,SSP2-4.5
2039-07-21,4.8789,27.493,90.194,7.394,234.08,SSP2-4.5
2039-07-22,15.7462,27.448,90.536,9.424,238.39,SSP2-4.5
2039-07-23,0.7521,26.949,91.175,8.857,214.46,SSP2-4.5
2039-07-24,0.6783,27.833,87.605,7.457,247.53,SSP2-4.5
2039-07-25,12.034,27.5,90.801,7.404,225.55,SSP2-4.5
2039-07-26,0.0476,26.817,90.442,9.978,211.51,SSP2-4.5
2039-07-27,0.0,27.557,86.126,10.513,257.09,SSP2-4.5
2039-07-28,0.1596,27.351,86.857,10.42,233.17,SSP2-4.5
2039-07-29,0.7844,27.199,87.08,11.909,227.26,SSP2-4.5
2039-07-30,24.2704,26.76,88.856,18.133,214.38,SSP2-4.5
2039-07-31,19.3263,26.308,91.279,17.35,169.71,SSP2-4.5
2039-08-01,0.371,26.256,84.823,17.809,235.67,SSP2-4.5
2039-08-02,2.8862,25.622,89.393,13.111,210.31,SSP2-4.5
2039-08-03,0.0,26.2,87.024,9.606,228.13,SSP2-4.5
2039-08-04,0.0,25.694,89.826,9.727,211.38,SSP2-4.5
2039-08-05,0.1252,26.797,84.872,13.519,243.68,SSP2-4.5
2039-08-06,4.4208,26.489,87.007,12.556,234.47,SSP2-4.5
2039-08-07,0.0327,25.789,89.651,11.1,210.69,SSP2-4.5
2039-08-08,0.0,26.44,84.88,10.914,232.69,SSP2-4.5
2039-08-09,0.0,26.658,83.572,10.085,260.58,SSP2-4.5
2039-08-10,0.0,26.876,82.936,9.313,246.04,SSP2-4.5
2039-08-11,0.0,26.435,86.686,7.344,227.11,SSP2-4.5
2039-08-12,0.0,26.966,85.165,8.164,245.6,SSP2-4.5
2039-08-13,3.1931,26.964,86.807,6.456,247.96,SSP2-4.5
2039-08-14,1.1962,26.248,89.831,7.401,231.46,SSP2-4.5
2039-08-15,0.5538,25.857,91.078,6.434,214.88,SSP2-4.5
2039-08-16,0.6151,26.207,87.337,8.338,240.43,SSP2-4.5
2039-08-17,0.0081,26.564,86.009,8.048,261.49,SSP2-4.5
2039-08-18,2.4225,26.522,86.23,7.631,244.69,SSP2-4.5
2039-08-19,24.7854,26.007,90.514,6.728,222.11,SSP2-4.5
2039-08-20,25.1197,25.979,90.807,5.145,224.9,SSP2-4.5
2039-08-21,25.2806,25.814,93.101,6.867,214.82,SSP2-4.5
2039-08-22,3.9764,26.075,90.135,5.979,237.26,SSP2-4.5
2039-08-23,27.5095,25.794,92.81,8.497,225.23,SSP2-4.5
2039-08-24,25.6321,25.772,92.977,10.132,215.54,SSP2-4.5
2039-08-25,13.5882,26.098,90.534,10.754,230.98,SSP2-4.5
2039-08-26,7.468,26.031,88.439,13.158,226.93,SSP2-4.5
2039-08-27,8.6819,25.786,90.326,12.9,198.94,SSP2-4.5
2039-08-28,0.0,26.127,86.332,11.76,236.1,SSP2-4.5
2039-08-29,0.0176,26.619,85.454,10.178,242.81,SSP2-4.5
2039-08-30,0.0,26.283,84.989,8.914,241.93,SSP2-4.5
2039-08-31,0.0,26.836,79.852,8.641,272.56,SSP2-4.5
2039-09-01,0.0,26.76,79.97,10.558,250.26,SSP2-4.5
2039-09-02,0.0,27.047,81.527,11.659,254.89,SSP2-4.5
2039-09-03,0.0852,26.765,83.116,10.695,247.55,SSP2-4.5
2039-09-04,15.1165,26.334,89.093,12.372,231.61,SSP2-4.5
2039-09-05,2.1185,25.958,90.065,14.496,200.69,SSP2-4.5
2039-09-06,0.3809,26.15,87.223,12.803,217.7,SSP2-4.5
2039-09-07,0.0,26.879,82.814,10.074,260.22,SSP2-4.5
2039-09-08,1.8984,26.88,84.875,9.401,244.94,SSP2-4.5
2039-09-09,0.3944,26.708,84.2,9.254,255.7,SSP2-4.5
2039-09-10,1.0856,26.374,88.771,6.063,229.33,SSP2-4.5
2039-09-11,27.2015,26.119,91.914,5.971,218.4,SSP2-4.5
2039-09-12,5.7482,26.251,89.978,7.296,227.96,SSP2-4.5
2039-09-13,1.5928,26.281,89.662,7.606,225.63,SSP2-4.5
2039-09-14,0.0,27.005,83.171,6.02,256.6,SSP2-4.5
2039-09-15,0.0,27.081,85.274,3.127,244.82,SSP2-4.5
2039-09-16,0.0,26.979,86.719,3.41,245.22,SSP2-4.5
2039-09-17,0.0,27.351,84.026,3.801,236.32,SSP2-4.5
2039-09-18,1.6767,27.713,82.991,4.656,238.1,SSP2-4.5
2039-09-19,21.7563,27.303,84.817,4.768,245.26,SSP2-4.5
2039-09-20,22.2041,26.04,91.512,5.503,220.26,SSP2-4.5
2039-09-21,0.124,26.388,85.552,7.158,241.51,SSP2-4.5
2039-09-22,0.0,26.744,81.946,4.98,263.81,SSP2-4.5
2039-09-23,6.5502,26.227,89.78,4.942,228.14,SSP2-4.5
2039-09-24,0.0,26.047,88.936,4.804,225.08,SSP2-4.5
2039-09-25,0.0,26.583,84.171,5.556,260.06,SSP2-4.5
2039-09-26,0.0089,26.988,83.171,3.879,256.39,SSP2-4.5
2039-09-27,1.0442,26.869,87.356,4.956,232.65,SSP2-4.5
2039-09-28,20.875,25.926,92.319,3.805,208.19,SSP2-4.5
2039-09-29,3.6421,26.012,90.829,6.064,216.4,SSP2-4.5
2039-09-30,12.5111,26.165,89.959,7.328,211.84,SSP2-4.5
2039-10-01,0.0,26.546,83.456,9.235,227.92,SSP2-4.5
2039-10-02,0.0,26.227,86.383,10.097,220.43,SSP2-4.5
2039-10-03,0.0,27.499,80.449,9.159,244.32,SSP2-4.5
2039-10-04,0.0,27.28,77.246,9.454,252.96,SSP2-4.5
2039-10-05,0.0,27.074,75.796,8.58,277.27,SSP2-4.5
2039-10-06,0.0,26.932,77.533,7.811,274.8,SSP2-4.5
2039-10-07,0.0,27.494,72.904,6.281,285.85,SSP2-4.5
2039-10-08,0.0,26.801,80.418,5.775,226.16,SSP2-4.5
2039-10-09,1.2083,26.237,86.64,3.178,216.74,SSP2-4.5
2039-10-10,0.0,27.045,72.631,7.904,239.22,SSP2-4.5
2039-10-11,0.0112,25.979,74.113,12.091,210.14,SSP2-4.5
2039-10-12,1.4823,25.629,85.906,10.199,180.9,SSP2-4.5
2039-10-13,0.0,26.571,81.594,8.07,225.64,SSP2-4.5
2039-10-14,0.0,26.69,80.011,5.547,226.11,SSP2-4.5
2039-10-15,0.0,27.149,76.789,4.096,243.02,SSP2-4.5
2039-10-16,0.0,27.568,72.42,4.84,252.96,SSP2-4.5
2039-10-17,0.0,27.604,68.771,5.566,266.43,SSP2-4.5
2039-10-18,0.0,27.62,66.791,4.852,262.95,SSP2-4.5
2039-10-19,0.0,27.698,68.78,3.962,256.41,SSP2-4.5
2039-10-20,0.0,27.76,71.471,5.741,253.38,SSP2-4.5
2039-10-21,0.0,27.164,80.299,4.98,241.07,SSP2-4.5
2039-10-22,0.0,26.852,76.857,5.852,237.17,SSP2-4.5
2039-10-23,0.0,25.294,67.077,7.456,217.77,SSP2-4.5
2039-10-24,0.0,24.907,56.363,9.523,245.68,SSP2-4.5
2039-10-25,3.9685,24.94,82.016,9.191,197.32,SSP2-4.5
2039-10-26,3.8813,25.127,84.718,8.368,196.22,SSP2-4.5
2039-10-27,0.176,27.226,70.379,10.521,241.86,SSP2-4.5
2039-10-28,0.0,27.239,73.804,9.687,245.44,SSP2-4.5
2039-10-29,0.0809,26.444,82.228,6.972,221.41,SSP2-4.5
2039-10-30,0.0365,26.156,71.761,5.983,231.96,SSP2-4.5
2039-10-31,0.0,26.024,59.466,6.636,250.94,SSP2-4.5
2039-11-01,0.0,24.374,50.627,8.584,249.11,SSP2-4.5
2039-11-02,0.0,23.826,45.162,8.314,258.84,SSP2-4.5
2039-11-03,0.0,23.545,43.312,5.089,257.25,SSP2-4.5
2039-11-04,0.0,23.844,56.378,4.661,252.54,SSP2-4.5
2039-11-05,0.0,24.77,62.523,5.043,235.1,SSP2-4.5
2039-11-06,0.0,24.671,59.931,5.236,244.38,SSP2-4.5
2039-11-07,0.0,24.57,62.254,6.652,235.75,SSP2-4.5
2039-11-08,0.0,24.38,61.707,7.296,239.51,SSP2-4.5
2039-11-09,0.0,23.959,56.647,7.136,242.83,SSP2-4.5
2039-11-10,0.0,23.59,53.564,7.09,237.57,SSP2-4.5
2039-11-11,0.0,23.56,61.076,5.083,214.84,SSP2-4.5
2039-11-12,0.0,23.826,73.205,7.371,185.87,SSP2-4.5
2039-11-13,0.0,23.993,72.115,7.45,195.58,SSP2-4.5
2039-11-14,0.0,23.414,61.305,8.918,227.34,SSP2-4.5
2039-11-15,0.0,23.091,55.637,9.738,240.87,SSP2-4.5
2039-11-16,0.0,24.448,58.766,10.271,247.73,SSP2-4.5
2039-11-17,0.0301,24.229,53.866,7.092,240.22,SSP2-4.5
2039-11-18,0.0187,24.384,53.845,5.452,233.38,SSP2-4.5
2039-11-19,0.0,24.436,52.766,6.968,229.56,SSP2-4.5
2039-11-20,0.0,24.203,64.748,6.9,197.18,SSP2-4.5
2039-11-21,0.0,24.088,60.455,8.015,212.96,SSP2-4.5
2039-11-22,0.0,22.555,48.252,10.014,215.13,SSP2-4.5
2039-11-23,0.0,21.24,37.016,9.898,236.84,SSP2-4.5
2039-11-24,0.0,20.741,34.346,10.122,248.06,SSP2-4.5
2039-11-25,0.0,20.247,31.361,11.062,252.73,SSP2-4.5
2039-11-26,0.0,20.809,34.058,10.033,245.78,SSP2-4.5
2039-11-27,0.0,20.477,36.893,8.795,249.42,SSP2-4.5
2039-11-28,0.0,21.183,43.659,7.854,237.08,SSP2-4.5
2039-11-29,0.0,21.902,43.978,8.186,226.22,SSP2-4.5
2039-11-30,0.0,21.932,44.841,6.888,226.73,SSP2-4.5
2039-12-01,0.0,22.292,49.793,7.124,218.42,SSP2-4.5
2039-12-02,0.0,21.557,52.577,7.627,206.08,SSP2-4.5
2039-12-03,0.0,21.783,44.098,9.684,225.5,SSP2-4.5
2039-12-04,0.0,21.498,41.595,8.87,232.71,SSP2-4.5
2039-12-05,0.0,21.329,40.424,7.646,227.65,SSP2-4.5
2039-12-06,0.0,21.215,40.354,6.504,234.55,SSP2-4.5
2039-12-07,0.0,21.614,40.836,6.297,232.12,SSP2-4.5
2039-12-08,0.0,21.726,47.455,6.952,229.67,SSP2-4.5
2039-12-09,0.0,21.792,48.201,8.54,216.5,SSP2-4.5
2039-12-10,0.0,20.639,34.457,13.61,199.26,SSP2-4.5
2039-12-11,0.0,20.418,46.37,14.719,185.06,SSP2-4.5
2039-12-12,0.0,20.844,61.921,13.712,176.54,SSP2-4.5
2039-12-13,0.0,21.463,81.143,11.647,149.04,SSP2-4.5
2039-12-14,0.0,21.637,79.925,10.263,156.43,SSP2-4.5
2039-12-15,0.0,21.329,81.875,10.903,143.97,SSP2-4.5
2039-12-16,0.0,21.403,82.723,19.776,126.12,SSP2-4.5
2039-12-17,0.0,21.42,85.879,12.762,124.17,SSP2-4.5
2039-12-18,0.0,22.224,73.457,8.721,180.94,SSP2-4.5
2039-12-19,0.0,23.865,64.718,6.39,219.82,SSP2-4.5
2039-12-20,0.0,23.805,65.769,6.695,195.93,SSP2-4.5
2039-12-21,0.0,24.203,63.681,5.046,211.25,SSP2-4.5
2039-12-22,0.0,21.727,60.945,13.088,191.61,SSP2-4.5
2039-12-23,0.0,21.089,43.371,15.234,211.91,SSP2-4.5
2039-12-24,0.0,20.203,34.682,14.613,201.8,SSP2-4.5
2039-12-25,0.0,20.324,45.054,12.45,200.8,SSP2-4.5
2039-12-26,0.0,20.987,57.08,10.782,166.05,SSP2-4.5
2039-12-27,0.0,21.213,68.402,7.684,173.58,SSP2-4.5
2039-12-28,0.0,22.791,54.548,11.016,223.32,SSP2-4.5
2039-12-29,0.0,21.059,40.938,12.492,235.79,SSP2-4.5
2039-12-30,0.0,20.31,34.542,11.775,252.84,SSP2-4.5
2039-12-31,0.0,19.895,35.445,10.727,246.74,SSP2-4.5
2040-01-01,0.0,20.41,37.288,10.932,234.23,SSP2-4.5
2040-01-02,0.0,20.842,35.811,11.085,242.16,SSP2-4.5
2040-01-03,0.0,21.132,39.644,10.535,197.37,SSP2-4.5
2040-01-04,0.0,22.397,45.869,7.546,229.75,SSP2-4.5
2040-01-05,0.0,22.664,47.485,6.948,230.09,SSP2-4.5
2040-01-06,0.0,22.531,48.288,8.027,236.43,SSP2-4.5
2040-01-07,0.0,22.105,40.221,8.754,242.79,SSP2-4.5
2040-01-08,0.0,21.883,43.504,8.685,237.84,SSP2-4.5
2040-01-09,0.0,23.07,49.2,7.9,230.87,SSP2-4.5
2040-01-10,0.0,23.459,47.843,5.054,243.76,SSP2-4.5
2040-01-11,0.0,24.078,56.545,6.604,222.41,SSP2-4.5
2040-01-12,0.0,23.489,66.512,7.086,190.61,SSP2-4.5
2040-01-13,0.0,24.065,61.126,7.219,189.07,SSP2-4.5
2040-01-14,0.0,22.744,34.806,13.75,239.52,SSP2-4.5
2040-01-15,0.0,21.844,31.841,11.444,253.41,SSP2-4.5
2040-01-16,0.0,21.763,38.137,10.297,248.84,SSP2-4.5
2040-01-17,0.0,21.568,32.76,13.264,244.1,SSP2-4.5
2040-01-18,0.0,20.84,28.731,13.009,254.5,SSP2-4.5
2040-01-19,0.0,20.381,32.34,11.315,230.56,SSP2-4.5
2040-01-20,0.0,20.401,35.374,8.627,237.41,SSP2-4.5
2040-01-21,0.0,19.964,38.133,7.091,258.93,SSP2-4.5
2040-01-22,0.0,20.818,42.554,7.891,260.56,SSP2-4.5
2040-01-23,0.0,21.994,46.719,7.714,247.81,SSP2-4.5
2040-01-24,0.0,23.891,51.722,7.075,240.24,SSP2-4.5
2040-01-25,0.0,22.243,62.423,7.137,178.22,SSP2-4.5
2040-01-26,0.0,21.349,88.303,7.797,152.77,SSP2-4.5
2040-01-27,0.0,25.133,54.57,9.136,233.8,SSP2-4.5
2040-01-28,0.0,25.381,55.37,11.573,240.62,SSP2-4.5
2040-01-29,0.0,23.704,70.015,14.129,205.61,SSP2-4.5
2040-01-30,0.0,22.539,76.342,14.587,181.32,SSP2-4.5
2040-01-31,0.0,24.274,62.721,13.646,200.61,SSP2-4.5
2040-02-01,0.0,25.546,58.767,9.828,233.98,SSP2-4.5
2040-02-02,0.0,22.592,62.6,9.312,190.69,SSP2-4.5
2040-02-03,0.0,23.523,37.898,13.84,259.1,SSP2-4.5
2040-02-04,0.0,22.475,33.439,12.299,271.12,SSP2-4.5
2040-02-05,0.0,22.026,32.836,11.238,277.27,SSP2-4.5
2040-02-06,0.0,22.214,33.81,7.782,274.3,SSP2-4.5
2040-02-07,0.0,22.262,39.735,3.862,279.45,SSP2-4.5
2040-02-08,0.0,23.294,39.3,7.034,276.87,SSP2-4.5
2040-02-09,0.0,23.603,35.409,9.688,273.96,SSP2-4.5
2040-02-10,0.0,24.077,42.185,9.296,226.27,SSP2-4.5
2040-02-11,0.0,25.079,43.961,9.376,250.45,SSP2-4.5
2040-02-12,0.0,24.53,35.781,8.77,273.66,SSP2-4.5
2040-02-13,0.0,24.15,32.52,6.702,287.1,SSP2-4.5
2040-02-14,0.0,24.287,34.536,4.983,287.15,SSP2-4.5
2040-02-15,0.0,25.134,37.448,9.706,257.23,SSP2-4.5
2040-02-16,0.0,24.618,29.192,12.586,291.26,SSP2-4.5
2040-02-17,0.0,23.602,24.964,13.961,289.56,SSP2-4.5
2040-02-18,0.0,22.526,23.151,13.521,313.64,SSP2-4.5
2040-02-19,0.0,22.139,23.521,13.14,319.77,SSP2-4.5
2040-02-20,0.0,22.211,26.636,8.535,312.22,SSP2-4.5
2040-02-21,0.0,23.013,33.185,5.264,301.59,SSP2-4.5
2040-02-22,0.0,24.472,36.345,4.286,296.8,SSP2-4.5
2040-02-23,0.0,25.442,37.538,6.229,291.7,SSP2-4.5
2040-02-24,0.0,25.407,39.188,8.108,232.26,SSP2-4.5
2040-02-25,0.0,25.386,39.979,8.34,260.08,SSP2-4.5
2040-02-26,0.0,26.086,51.558,11.257,227.5,SSP2-4.5
2040-02-27,0.0,26.036,45.839,11.069,223.77,SSP2-4.5
2040-02-28,0.0,26.868,40.862,8.284,283.85,SSP2-4.5
2040-02-29,0.0,27.406,39.776,7.379,278.95,SSP2-4.5
2040-03-01,0.0,27.191,35.217,5.786,281.11,SSP2-4.5
2040-03-02,0.0,26.591,29.968,5.822,302.53,SSP2-4.5
2040-03-03,0.0,26.485,32.141,6.628,301.87,SSP2-4.5
2040-03-04,0.0,27.093,34.295,9.73,294.09,SSP2-4.5
2040-03-05,0.0,27.19,30.949,9.577,292.44,SSP2-4.5
2040-03-06,0.0,26.937,33.354,9.23,300.8,SSP2-4.5
2040-03-07,0.0,27.295,31.988,7.715,300.75,SSP2-4.5
2040-03-08,0.0,27.541,29.931,6.486,289.32,SSP2-4.5
2040-03-09,0.0,27.649,30.653,8.814,289.12,SSP2-4.5
2040-03-10,0.0001,28.205,32.332,10.912,283.24,SSP2-4.5
2040-03-11,0.0,27.929,29.746,8.81,299.11,SSP2-4.5
2040-03-12,0.0,27.743,28.629,7.662,295.68,SSP2-4.5
2040-03-13,0.0,27.712,26.423,10.261,295.21,SSP2-4.5
2040-03-14,0.0,27.452,26.627,9.814,310.16,SSP2-4.5
2040-03-15,0.0,27.536,29.169,10.874,314.5,SSP2-4.5
2040-03-16,0.0,28.28,31.213,11.732,291.33,SSP2-4.5
2040-03-17,0.0,28.033,31.22,13.167,276.83,SSP2-4.5
2040-03-18,0.0,28.216,32.218,12.543,324.67,SSP2-4.5
2040-03-19,0.0046,27.996,30.931,11.297,314.99,SSP2-4.5
2040-03-20,0.0,28.562,31.915,11.494,311.23,SSP2-4.5
2040-03-21,0.0,28.622,31.801,10.995,309.25,SSP2-4.5
2040-03-22,0.0024,28.573,30.364,9.483,291.78,SSP2-4.5
2040-03-23,2.7609,28.365,40.606,7.231,264.83,SSP2-4.5
2040-03-24,0.7894,27.855,43.941,6.018,259.47,SSP2-4.5
2040-03-25,0.8872,28.571,44.459,7.274,257.59,SSP2-4.5
2040-03-26,0.0593,29.356,37.037,7.98,263.44,SSP2-4.5
2040-03-27,0.0,29.324,25.948,12.738,308.26,SSP2-4.5
2040-03-28,0.0,28.318,23.726,12.516,324.69,SSP2-4.5
2040-03-29,0.0,27.97,26.542,6.829,336.03,SSP2-4.5
2040-03-30,0.0039,28.713,31.889,7.85,317.05,SSP2-4.5
2040-03-31,0.1757,29.266,34.441,6.106,276.85,SSP2-4.5
2040-04-01,0.0,29.616,29.102,4.661,320.28,SSP2-4.5
2040-04-02,0.0,29.312,26.098,4.563,331.04,SSP2-4.5
2040-04-03,0.0,28.846,24.008,6.302,340.94,SSP2-4.5
2040-04-04,0.0,29.719,26.531,8.887,329.65,SSP2-4.5
2040-04-05,0.0,30.083,28.127,9.518,321.97,SSP2-4.5
2040-04-06,0.0,30.232,26.644,8.049,312.46,SSP2-4.5
2040-04-07,0.0,30.668,27.79,7.206,305.09,SSP2-4.5
2040-04-08,0.0,31.201,30.976,8.415,291.3,SSP2-4.5
2040-04-09,0.0,30.484,35.438,9.13,264.86,SSP2-4.5
2040-04-10,0.1367,31.21,30.162,6.998,284.42,SSP2-4.5
2040-04-11,0.1378,28.324,41.857,6.182,199.43,SSP2-4.5
2040-04-12,0.001,29.645,40.442,4.967,226.39,SSP2-4.5
2040-04-13,0.6396,31.408,32.185,6.285,286.44,SSP2-4.5
2040-04-14,0.2263,27.707,52.188,5.676,205.51,SSP2-4.5
2040-04-15,0.0,30.916,31.415,5.483,310.95,SSP2-4.5
2040-04-16,0.0,31.02,29.715,9.32,326.17,SSP2-4.5
2040-04-17,0.0809,30.703,35.142,10.147,310.22,SSP2-4.5
2040-04-18,0.0008,30.66,37.898,7.938,251.02,SSP2-4.5
2040-04-19,0.0441,30.579,37.668,5.938,247.15,SSP2-4.5
2040-04-20,0.0013,31.153,32.105,6.791,277.42,SSP2-4.5
2040-04-21,0.4008,31.11,32.442,5.835,267.64,SSP2-4.5
2040-04-22,0.0001,31.715,28.946,5.864,299.95,SSP2-4.5
2040-04-23,0.0,32.405,28.338,6.392,296.12,SSP2-4.5
2040-04-24,0.0,32.375,27.06,7.024,309.77,SSP2-4.5
2040-04-25,0.0,32.312,25.059,7.798,323.43,SSP2-4.5
2040-04-26,0.0,31.741,22.621,5.941,327.36,SSP2-4.5
2040-04-27,0.0,32.041,22.306,4.877,314.53,SSP2-4.5
2040-04-28,0.0,32.096,22.161,4.666,330.62,SSP2-4.5
2040-04-29,0.0,32.497,21.708,5.42,333.98,SSP2-4.5
2040-04-30,0.0,32.554,23.835,7.108,330.27,SSP2-4.5
2040-05-01,0.0,35.146,24.723,8.598,305.69,SSP2-4.5
2040-05-02,0.0,35.143,22.532,7.461,324.64,SSP2-4.5
2040-05-03,0.0,35.054,24.682,10.595,327.51,SSP2-4.5
2040-05-04,0.0,35.595,26.12,9.108,273.55,SSP2-4.5
2040-05-05,0.0,35.43,24.076,7.577,303.1,SSP2-4.5
2040-05-06,0.8713,35.441,25.032,10.385,276.9,SSP2-4.5
2040-05-07,0.0,35.359,28.13,9.96,276.25,SSP2-4.5
2040-05-08,0.7935,35.41,26.344,7.412,304.7,SSP2-4.5
2040-05-09,0.0756,34.492,29.442,9.178,250.74,SSP2-4.5
2040-05-10,0.2518,32.716,34.772,11.799,229.59,SSP2-4.5
2040-05-11,1.5328,33.934,33.772,11.835,285.89,SSP2-4.5
2040-05-12,0.1342,34.338,30.815,11.464,307.41,SSP2-4.5
2040-05-13,0.0,34.497,27.148,9.964,300.26,SSP2-4.5
2040-05-14,1.0583,32.74,35.126,12.632,236.03,SSP2-4.5
2040-05-15,0.3017,33.24,34.134,11.732,231.26,SSP2-4.5
2040-05-16,0.4847,34.562,30.815,19.222,268.15,SSP2-4.5
2040-05-17,0.0,34.486,29.821,18.506,307.3,SSP2-4.5
2040-05-18,0.0,34.609,26.907,16.463,333.0,SSP2-4.5
2040-05-19,0.0,35.043,26.088,14.648,335.02,SSP2-4.5
2040-05-20,0.0,35.412,25.213,15.112,337.08,SSP2-4.5
2040-05-21,0.0,35.551,24.774,15.439,337.09,SSP2-4.5
2040-05-22,0.0,35.631,23.204,16.065,349.21,SSP2-4.5
2040-05-23,0.0,35.635,23.986,15.223,344.69,SSP2-4.5
2040-05-24,0.0,35.755,23.416,13.497,341.1,SSP2-4.5
2040-05-25,0.0,35.911,23.603,13.046,319.87,SSP2-4.5
2040-05-26,0.0,35.622,25.598,9.633,284.74,SSP2-4.5
2040-05-27,1.0452,33.688,31.663,8.68,248.75,SSP2-4.5
2040-05-28,0.1464,33.807,37.462,9.271,263.42,SSP2-4.5
2040-05-29,0.6824,33.8,39.711,8.539,297.23,SSP2-4.5
2040-05-30,0.0398,33.63,36.441,9.821,296.93,SSP2-4.5
2040-05-31,0.0,34.261,33.968,13.221,299.96,SSP2-4.5
2040-06-01,0.0469,34.45,36.609,13.109,292.82,SSP2-4.5
2040-06-02,0.0,34.768,31.751,14.815,324.74,SSP2-4.5
2040-06-03,0.0,35.196,26.804,14.987,324.68,SSP2-4.5
2040-06-04,0.0,35.595,24.02,14.303,340.69,SSP2-4.5
2040-06-05,0.0,36.066,22.868,14.736,341.65,SSP2-4.5
2040-06-06,0.0,36.443,21.677,15.879,347.38,SSP2-4.5
2040-06-07,0.0,36.234,23.322,15.718,341.55,SSP2-4.5
2040-06-08,0.0,35.295,24.898,17.733,288.94,SSP2-4.5
2040-06-09,0.0,34.076,28.824,16.754,270.08,SSP2-4.5
2040-06-10,0.2984,30.375,45.108,15.854,217.89,SSP2-4.5
2040-06-11,5.9029,31.034,50.309,13.705,271.91,SSP2-4.5
2040-06-12,0.103,31.632,45.816,13.893,283.82,SSP2-4.5
2040-06-13,17.0384,29.104,62.145,13.595,222.07,SSP2-4.5
2040-06-14,34.7688,27.065,88.8,12.263,149.93,SSP2-4.5
2040-06-15,15.8646,28.383,80.326,11.882,264.68,SSP2-4.5
2040-06-16,32.9221,25.624,89.525,13.72,142.36,SSP2-4.5
2040-06-17,19.7474,26.59,89.972,11.742,146.07,SSP2-4.5
2040-06-18,3.0857,28.141,83.944,10.866,221.45,SSP2-4.5
2040-06-19,9.9625,28.285,84.227,12.761,226.48,SSP2-4.5
2040-06-20,14.0668,28.189,83.65,14.116,223.83,SSP2-4.5
2040-06-21,2.4676,27.138,83.082,13.103,205.25,SSP2-4.5
2040-06-22,0.3156,28.375,78.834,13.92,224.88,SSP2-4.5
2040-06-23,0.0148,28.437,80.236,11.892,221.76,SSP2-4.5
2040-06-24,5.2849,28.296,81.427,12.562,231.73,SSP2-4.5
2040-06-25,5.5139,27.732,84.977,12.907,208.66,SSP2-4.5
2040-06-26,0.7313,28.298,80.657,14.868,230.34,SSP2-4.5
2040-06-27,5.0263,28.646,82.693,13.376,230.2,SSP2-4.5
2040-06-28,0.0049,28.868,79.253,13.228,234.39,SSP2-4.5
2040-06-29,4.8534,29.095,79.188,14.9,240.87,SSP2-4.5
2040-06-30,0.1478,28.821,78.2,14.323,241.46,SSP2-4.5
2040-07-01,1.6561,27.521,80.457,13.324,242.93,SSP2-4.5
2040-07-02,0.1941,26.854,84.12,14.68,220.02,SSP2-4.5
2040-07-03,9.2126,26.986,81.33,18.117,230.72,SSP2-4.5
2040-07-04,25.7115,25.819,88.25,20.467,192.28,SSP2-4.5
2040-07-05,0.8703,26.862,83.751,15.976,231.3,SSP2-4.5
2040-07-06,0.0,26.697,86.255,10.354,216.7,SSP2-4.5
2040-07-07,0.0,27.342,79.631,9.863,259.69,SSP2-4.5
2040-07-08,0.0,28.356,73.404,10.932,292.26,SSP2-4.5
2040-07-09,0.0,28.005,74.275,10.782,284.5,SSP2-4.5
2040-07-10,0.0,28.444,72.171,10.951,309.02,SSP2-4.5
2040-07-11,0.0,28.125,75.102,11.0,263.93,SSP2-4.5
2040-07-12,0.0,28.501,75.026,9.586,277.39,SSP2-4.5
2040-07-13,0.0,28.973,73.73,8.31,262.96,SSP2-4.5
2040-07-14,0.0,28.821,77.811,6.549,252.74,SSP2-4.5
2040-07-15,0.0,28.162,82.311,4.019,240.9,SSP2-4.5
2040-07-16,1.4114,28.151,85.915,3.899,228.98,SSP2-4.5
2040-07-17,0.6369,27.324,87.019,5.638,243.04,SSP2-4.5
2040-07-18,0.0,28.024,77.992,6.373,280.01,SSP2-4.5
2040-07-19,0.1229,27.785,81.955,4.31,233.39,SSP2-4.5
2040-07-20,0.4091,28.115,82.792,4.792,242.74,SSP2-4.5
2040-07-21,0.3643,27.463,87.406,4.124,218.59,SSP2-4.5
2040-07-22,1.2586,27.808,87.239,4.567,228.33,SSP2-4.5
2040-07-23,0.4613,28.573,83.511,4.576,238.11,SSP2-4.5
2040-07-24,0.1512,28.848,80.7,5.16,245.78,SSP2-4.5
2040-07-25,0.0,28.528,81.245,6.596,250.33,SSP2-4.5
2040-07-26,0.0,28.588,76.593,9.535,265.5,SSP2-4.5
2040-07-27,1.2927,27.413,84.533,11.518,250.78,SSP2-4.5
2040-07-28,10.3159,26.415,91.798,10.742,210.05,SSP2-4.5
2040-07-29,13.8694,26.398,91.942,10.585,209.07,SSP2-4.5
2040-07-30,0.0,27.341,84.492,9.429,254.12,SSP2-4.5
2040-07-31,0.0,28.053,83.143,7.001,270.75,SSP2-4.5
2040-08-01,0.0,27.109,82.841,9.545,251.22,SSP2-4.5
2040-08-02,12.3871,26.814,86.659,10.727,237.6,SSP2-4.5
2040-08-03,10.6616,26.312,87.729,8.974,224.96,SSP2-4.5
2040-08-04,0.3838,26.242,87.071,12.382,221.17,SSP2-4.5
2040-08-05,0.0,26.434,83.839,12.144,230.73,SSP2-4.5
2040-08-06,0.1931,26.67,85.466,13.746,231.04,SSP2-4.5
2040-08-07,1.2306,26.247,87.765,14.293,217.31,SSP2-4.5
2040-08-08,0.7768,26.091,86.937,16.791,217.23,SSP2-4.5
2040-08-09,0.9462,26.401,83.073,19.676,225.96,SSP2-4.5
2040-08-10,0.4834,26.829,81.256,15.407,267.22,SSP2-4.5
2040-08-11,0.2902,26.685,82.093,16.586,241.06,SSP2-4.5
2040-08-12,0.5596,26.007,86.5,14.892,211.61,SSP2-4.5
2040-08-13,7.4881,25.694,89.651,13.628,195.84,SSP2-4.5
2040-08-14,0.0,25.882,86.787,12.356,214.42,SSP2-4.5
2040-08-15,0.0083,26.31,81.777,12.801,244.73,SSP2-4.5
2040-08-16,0.0,26.59,79.706,11.775,253.96,SSP2-4.5
2040-08-17,0.0,27.427,77.823,11.952,278.42,SSP2-4.5
2040-08-18,0.0,27.502,78.016,13.197,267.14,SSP2-4.5
2040-08-19,0.0,26.793,81.244,9.647,230.93,SSP2-4.5
2040-08-20,0.0464,27.249,83.338,8.204,245.27,SSP2-4.5
2040-08-21,15.2175,26.814,88.478,7.192,232.84,SSP2-4.5
2040-08-22,13.3488,26.464,87.563,7.944,228.69,SSP2-4.5
2040-08-23,0.0,26.643,85.373,9.711,234.49,SSP2-4.5
2040-08-24,0.0,26.828,82.695,8.716,229.57,SSP2-4.5
2040-08-25,0.0,27.509,77.047,10.741,267.87,SSP2-4.5
2040-08-26,0.0,27.558,76.188,9.532,261.45,SSP2-4.5
2040-08-27,0.0,27.827,77.034,8.843,260.9,SSP2-4.5
2040-08-28,14.1011,26.082,91.267,8.468,181.25,SSP2-4.5
2040-08-29,0.0,27.374,77.513,8.608,268.07,SSP2-4.5
2040-08-30,0.0,27.958,76.018,7.702,262.32,SSP2-4.5
2040-08-31,0.713,27.948,81.326,7.206,260.06,SSP2-4.5
2040-09-01,15.8027,26.38,89.019,7.658,212.51,SSP2-4.5
2040-09-02,25.3549,26.211,91.48,6.484,214.93,SSP2-4.5
2040-09-03,1.4051,26.435,88.365,5.679,238.31,SSP2-4.5
2040-09-04,0.0,27.282,80.272,7.162,266.28,SSP2-4.5
2040-09-05,0.0,27.295,79.906,5.978,262.35,SSP2-4.5
2040-09-06,0.0,27.754,76.378,7.395,265.93,SSP2-4.5
2040-09-07,0.0,27.52,76.805,5.97,257.57,SSP2-4.5
2040-09-08,0.0,27.064,82.553,6.924,251.17,SSP2-4.5
2040-09-09,0.0,27.033,81.048,7.543,233.9,SSP2-4.5
2040-09-10,0.0,28.01,73.381,6.38,286.06,SSP2-4.5
2040-09-11,0.0,28.182,76.153,5.022,249.62,SSP2-4.5
2040-09-12,20.0186,26.415,89.223,5.137,224.25,SSP2-4.5
2040-09-13,0.0,26.895,82.591,7.609,251.38,SSP2-4.5
2040-09-14,0.0,27.253,75.396,6.301,287.08,SSP2-4.5
2040-09-15,0.0,27.676,72.526,6.177,301.27,SSP2-4.5
2040-09-16,0.0,28.258,74.448,5.667,261.97,SSP2-4.5
2040-09-17,8.2199,27.297,82.762,6.291,242.13,SSP2-4.5
2040-09-18,0.0,27.081,76.981,7.088,254.31,SSP2-4.5
2040-09-19,0.648,26.654,83.442,5.839,241.47,SSP2-4.5
2040-09-20,6.7703,26.269,87.859,7.694,218.44,SSP2-4.5
2040-09-21,0.2957,26.667,85.328,6.513,231.73,SSP2-4.5
2040-09-22,7.0755,26.918,84.87,4.776,232.45,SSP2-4.5
2040-09-23,10.8023,26.462,87.536,4.913,221.92,SSP2-4.5
2040-09-24,5.6719,26.502,85.186,8.884,235.73,SSP2-4.5
2040-09-25,24.2827,26.128,84.975,15.979,217.75,SSP2-4.5
2040-09-26,21.0876,25.607,88.971,18.381,192.72,SSP2-4.5
2040-09-27,22.2788,25.506,90.017,10.244,181.11,SSP2-4.5
2040-09-28,0.0,25.963,87.843,6.131,205.08,SSP2-4.5
2040-09-29,15.9795,25.688,92.089,5.475,192.56,SSP2-4.5
2040-09-30,28.731,25.55,93.581,7.783,175.75,SSP2-4.5
2040-10-01,1.8417,25.098,91.269,9.188,190.03,SSP2-4.5
2040-10-02,0.3622,25.124,89.571,9.993,193.28,SSP2-4.5
2040-10-03,0.1275,25.334,89.002,7.791,209.84,SSP2-4.5
2040-10-04,0.2254,25.693,87.02,6.963,224.72,SSP2-4.5
2040-10-05,16.4084,25.641,90.609,6.743,205.02,SSP2-4.5
2040-10-06,12.8526,25.566,89.364,7.048,218.49,SSP2-4.5
2040-10-07,0.0598,25.682,87.121,6.862,202.82,SSP2-4.5
2040-10-08,3.8497,26.322,83.676,7.565,229.29,SSP2-4.5
2040-10-09,0.1344,27.275,77.289,7.923,245.58,SSP2-4.5
2040-10-10,0.19,27.02,71.245,8.867,241.14,SSP2-4.5
2040-10-11,6.4921,25.996,79.688,8.455,212.46,SSP2-4.5
2040-10-12,27.0991,25.06,90.615,6.685,189.17,SSP2-4.5
2040-10-13,7.8501,25.473,85.721,8.14,202.67,SSP2-4.5
2040-10-14,16.5883,27.189,80.566,8.8,224.77,SSP2-4.5
2040-10-15,7.772,25.446,87.78,8.021,193.07,SSP2-4.5
2040-10-16,27.6663,25.305,90.12,6.377,195.19,SSP2-4.5
2040-10-17,50.4765,24.394,95.57,3.672,156.14,SSP2-4.5
2040-10-18,53.8399,24.04,94.819,2.885,177.54,SSP2-4.5
2040-10-19,2.2237,24.451,89.143,4.819,195.84,SSP2-4.5
2040-10-20,0.0,25.159,86.03,6.169,240.84,SSP2-4.5
2040-10-21,0.0,25.896,81.012,4.425,226.07,SSP2-4.5
2040-10-22,0.0,25.738,71.867,7.719,212.6,SSP2-4.5
2040-10-23,0.0,24.998,63.071,12.097,227.06,SSP2-4.5
2040-10-24,6.2632,25.501,80.841,11.669,202.4,SSP2-4.5
2040-10-25,17.8383,24.006,88.114,11.016,172.42,SSP2-4.5
2040-10-26,15.7622,24.298,86.378,7.513,193.83,SSP2-4.5
2040-10-27,23.1846,24.147,88.229,7.936,178.84,SSP2-4.5
2040-10-28,29.6112,23.303,92.501,6.055,162.97,SSP2-4.5
2040-10-29,0.5256,24.39,85.684,10.01,187.11,SSP2-4.5
2040-10-30,5.3842,23.97,85.624,12.285,183.66,SSP2-4.5
2040-10-31,15.5181,23.666,88.801,10.426,173.47,SSP2-4.5
2040-11-01,9.5486,23.753,89.398,6.689,180.36,SSP2-4.5
2040-11-02,0.7491,24.71,83.187,8.986,207.57,SSP2-4.5
2040-11-03,0.0107,24.69,65.007,10.78,248.23,SSP2-4.5
2040-11-04,0.0,24.562,59.742,7.683,250.4,SSP2-4.5
2040-11-05,0.0,24.217,53.436,7.388,248.22,SSP2-4.5
2040-11-06,0.0,23.372,48.757,9.425,238.07,SSP2-4.5
2040-11-07,0.0,23.106,50.233,9.262,248.89,SSP2-4.5
2040-11-08,1.9267,23.608,62.545,9.354,235.37,SSP2-4.5
2040-11-09,0.0969,26.357,63.461,11.628,214.71,SSP2-4.5
2040-11-10,2.8935,24.712,79.477,10.165,179.42,SSP2-4.5
2040-11-11,11.2594,23.382,86.382,8.552,168.75,SSP2-4.5
2040-11-12,17.6958,23.221,86.753,7.447,176.07,SSP2-4.5
2040-11-13,0.0,23.871,70.542,7.553,213.19,SSP2-4.5
2040-11-14,0.0,23.313,56.017,6.445,252.15,SSP2-4.5
2040-11-15,0.0,23.002,55.819,7.793,252.03,SSP2-4.5
2040-11-16,0.0,22.661,53.195,7.314,249.88,SSP2-4.5
2040-11-17,0.0,22.459,50.603,6.275,254.69,SSP2-4.5
2040-11-18,0.0,22.865,51.286,7.12,239.47,SSP2-4.5
2040-11-19,0.0,22.473,47.983,9.435,246.26,SSP2-4.5
2040-11-20,0.0,22.064,43.046,9.123,252.2,SSP2-4.5
2040-11-21,0.0,21.779,43.249,7.526,247.13,SSP2-4.5
2040-11-22,0.0,22.156,45.524,7.643,241.52,SSP2-4.5
2040-11-23,0.0,22.171,43.024,8.792,250.58,SSP2-4.5
2040-11-24,0.0,22.034,38.743,8.878,251.47,SSP2-4.5
2040-11-25,0.0,21.573,38.332,8.427,251.23,SSP2-4.5
2040-11-26,0.0,21.512,39.943,7.112,252.26,SSP2-4.5
2040-11-27,0.0,22.178,42.449,8.267,247.06,SSP2-4.5
2040-11-28,0.0,22.35,38.114,9.382,241.03,SSP2-4.5
2040-11-29,0.0,22.041,38.57,9.939,248.06,SSP2-4.5
2040-11-30,0.016,22.535,59.89,12.814,211.67,SSP2-4.5
2040-12-01,0.3845,21.881,79.013,10.297,157.51,SSP2-4.5
2040-12-02,0.0076,22.634,67.894,8.641,203.63,SSP2-4.5
2040-12-03,0.0023,22.978,64.768,8.004,193.21,SSP2-4.5
2040-12-04,0.0,23.395,61.125,7.205,209.27,SSP2-4.5
2040-12-05,0.0,23.153,62.603,7.993,204.19,SSP2-4.5
2040-12-06,0.0,23.287,59.569,13.094,196.56,SSP2-4.5
2040-12-07,0.0,23.128,63.933,7.857,195.16,SSP2-4.5
2040-12-08,0.0,21.526,76.111,8.938,162.04,SSP2-4.5
2040-12-09,0.0,21.703,68.33,9.911,187.34,SSP2-4.5
2040-12-10,0.0,20.974,75.214,11.266,189.02,SSP2-4.5
2040-12-11,0.0,20.328,77.545,12.509,142.55,SSP2-4.5
2040-12-12,0.0,20.606,66.385,10.949,189.64,SSP2-4.5
2040-12-13,0.0,20.882,74.008,10.31,167.19,SSP2-4.5
2040-12-14,0.0,20.909,77.521,9.829,156.15,SSP2-4.5
2040-12-15,0.0,22.004,65.266,8.575,196.2,SSP2-4.5
2040-12-16,0.0,22.501,64.274,10.437,191.93,SSP2-4.5
2040-12-17,0.0,23.492,51.728,12.868,217.82,SSP2-4.5
2040-12-18,0.0,23.241,54.659,8.673,225.6,SSP2-4.5
2040-12-19,0.0,23.327,59.165,10.56,207.69,SSP2-4.5
2040-12-20,0.0,21.57,69.789,10.891,185.29,SSP2-4.5
2040-12-21,0.0,22.963,60.439,10.199,211.19,SSP2-4.5
2040-12-22,0.0,22.679,60.078,13.592,195.88,SSP2-4.5
2040-12-23,0.0,20.566,52.164,15.092,182.04,SSP2-4.5
2040-12-24,0.0,21.206,34.142,18.311,223.79,SSP2-4.5
2040-12-25,0.0,20.187,37.436,14.433,205.43,SSP2-4.5
2040-12-26,0.0,19.659,39.283,12.924,214.95,SSP2-4.5
2040-12-27,0.0,19.581,34.755,11.124,247.23,SSP2-4.5
2040-12-28,0.0,19.352,37.67,9.244,233.37,SSP2-4.5
2040-12-29,0.0,20.3,42.928,8.782,237.31,SSP2-4.5
2040-12-30,0.0,21.616,41.009,9.192,214.32,SSP2-4.5
2040-12-31,0.0,21.431,42.191,12.379,192.54,SSP2-4.5
2041-01-01,0.0,21.549,48.527,11.499,200.01,SSP2-4.5
2041-01-02,0.0,20.91,48.12,10.355,191.99,SSP2-4.5
2041-01-03,0.0,21.894,37.749,9.56,218.49,SSP2-4.5
2041-01-04,0.0,21.652,36.537,8.883,249.77,SSP2-4.5
2041-01-05,0.0,21.485,38.335,9.306,250.6,SSP2-4.5
2041-01-06,0.0,21.234,33.124,9.408,246.44,SSP2-4.5
2041-01-07,0.0,20.894,33.917,7.148,250.51,SSP2-4.5
2041-01-08,0.0,20.655,37.264,6.05,249.23,SSP2-4.5
2041-01-09,0.0,21.047,40.762,7.461,247.82,SSP2-4.5
2041-01-10,0.0,21.87,41.231,8.743,237.2,SSP2-4.5
2041-01-11,0.0,22.72,39.41,11.42,237.3,SSP2-4.5
2041-01-12,0.0,23.654,38.741,12.165,239.67,SSP2-4.5
2041-01-13,0.0,23.748,41.591,12.001,235.16,SSP2-4.5
2041-01-14,0.0,24.063,43.466,11.621,237.94,SSP2-4.5
2041-01-15,0.0,23.326,41.012,10.785,236.25,SSP2-4.5
2041-01-16,0.0,23.099,36.418,10.407,248.14,SSP2-4.5
2041-01-17,0.0,22.743,42.298,8.221,240.33,SSP2-4.5
2041-01-18,0.0,22.931,39.898,8.925,247.57,SSP2-4.5
2041-01-19,0.0,23.116,41.964,8.684,246.21,SSP2-4.5
2041-01-20,0.0,23.555,44.001,7.636,236.96,SSP2-4.5
2041-01-21,0.0,23.606,42.248,7.579,232.99,SSP2-4.5
2041-01-22,0.0,23.215,38.65,9.262,249.44,SSP2-4.5
2041-01-23,0.0,23.096,34.644,8.251,232.39,SSP2-4.5
2041-01-24,0.0,22.808,36.584,7.734,214.93,SSP2-4.5
2041-01-25,0.0,22.285,35.406,7.441,250.61,SSP2-4.5
2041-01-26,0.0,23.312,42.042,8.338,228.46,SSP2-4.5
2041-01-27,0.0,23.62,40.119,9.657,230.37,SSP2-4.5
2041-01-28,0.0,23.018,38.244,7.2,253.22,SSP2-4.5
2041-01-29,0.0,24.008,40.436,7.698,241.75,SSP2-4.5
2041-01-30,0.0,24.529,39.697,6.592,240.94,SSP2-4.5
2041-01-31,0.0,24.39,36.576,7.726,256.0,SSP2-4.5
2041-02-01,0.0,24.299,35.857,8.121,252.29,SSP2-4.5
2041-02-02,0.0,24.334,32.139,10.054,239.76,SSP2-4.5
2041-02-03,0.0,24.521,28.043,15.784,244.25,SSP2-4.5
2041-02-04,0.0,24.353,28.568,14.37,262.11,SSP2-4.5
2041-02-05,0.0,24.429,32.226,12.795,255.27,SSP2-4.5
2041-02-06,0.0,24.191,29.908,9.539,264.87,SSP2-4.5
2041-02-07,0.0,23.836,26.287,9.341,247.33,SSP2-4.5
2041-02-08,0.0,23.493,25.359,6.803,248.79,SSP2-4.5
2041-02-09,0.0,23.317,26.956,6.321,262.43,SSP2-4.5
2041-02-10,0.0,24.288,31.467,9.802,223.46,SSP2-4.5
2041-02-11,0.0,24.848,29.225,12.39,271.04,SSP2-4.5
2041-02-12,0.0,24.699,26.172,10.422,280.21,SSP2-4.5
2041-02-13,0.0,24.956,32.033,9.079,218.95,SSP2-4.5
2041-02-14,0.0,24.38,32.328,9.577,275.89,SSP2-4.5
2041-02-15,0.0,25.94,34.014,9.128,277.84,SSP2-4.5
2041-02-16,0.0,25.961,27.949,8.464,277.74,SSP2-4.5
2041-02-17,0.0,25.59,24.319,8.958,287.17,SSP2-4.5
2041-02-18,0.0,25.102,24.552,6.106,292.25,SSP2-4.5
2041-02-19,0.0,25.907,28.894,7.323,287.09,SSP2-4.5
2041-02-20,0.0,26.22,29.512,7.78,288.5,SSP2-4.5
2041-02-21,0.0,26.601,28.896,9.326,287.86,SSP2-4.5
2041-02-22,0.0,26.445,31.16,10.689,286.71,SSP2-4.5
2041-02-23,0.0,26.919,31.373,13.235,254.91,SSP2-4.5
2041-02-24,0.0,26.341,25.866,12.442,303.93,SSP2-4.5
2041-02-25,0.0,26.072,26.367,10.916,301.73,SSP2-4.5
2041-02-26,0.0,26.261,25.836,11.467,298.69,SSP2-4.5
2041-02-27,0.0,25.859,24.024,11.919,307.78,SSP2-4.5
2041-02-28,0.0,26.158,25.338,12.14,302.67,SSP2-4.5
2041-03-01,0.0,25.981,26.969,12.642,300.5,SSP2-4.5
2041-03-02,0.0,25.979,27.638,11.722,230.29,SSP2-4.5
2041-03-03,0.0,26.033,25.725,11.725,236.29,SSP2-4.5
2041-03-04,0.0,25.996,25.796,11.756,244.19,SSP2-4.5
2041-03-05,0.0,25.844,24.076,11.456,292.82,SSP2-4.5
2041-03-06,0.0,27.293,25.523,11.286,245.05,SSP2-4.5
2041-03-07,0.0,28.04,28.103,9.216,267.63,SSP2-4.5
2041-03-08,0.0,27.89,25.945,10.076,279.58,SSP2-4.5
2041-03-09,0.0,29.008,27.685,10.867,236.68,SSP2-4.5
2041-03-10,0.018,28.659,29.996,13.568,274.05,SSP2-4.5
2041-03-11,0.0122,28.068,34.648,11.682,247.52,SSP2-4.5
2041-03-12,8.733,24.819,59.043,7.888,188.66,SSP2-4.5
2041-03-13,9.8593,25.151,64.183,5.962,215.92,SSP2-4.5
2041-03-14,0.0,26.666,46.514,6.92,259.49,SSP2-4.5
2041-03-15,0.6277,26.672,48.975,7.813,242.18,SSP2-4.5
2041-03-16,4.9457,25.402,57.817,8.929,239.23,SSP2-4.5
2041-03-17,1.4173,26.554,54.066,9.57,257.54,SSP2-4.5
2041-03-18,5.2635,26.363,58.569,8.274,234.58,SSP2-4.5
2041-03-19,12.0937,27.182,51.991,8.401,237.73,SSP2-4.5
2041-03-20,0.0,28.489,40.486,5.565,269.74,SSP2-4.5
2041-03-21,0.0,28.813,35.981,3.776,284.45,SSP2-4.5
2041-03-22,0.0,28.828,36.449,4.707,257.81,SSP2-4.5
2041-03-23,0.0,29.038,35.888,9.308,285.27,SSP2-4.5
2041-03-24,0.0,29.773,31.403,8.299,295.15,SSP2-4.5
2041-03-25,0.0,29.738,29.914,7.475,313.14,SSP2-4.5
2041-03-26,0.0,29.879,29.226,6.91,281.41,SSP2-4.5
2041-03-27,0.0,28.542,30.235,6.808,240.55,SSP2-4.5
2041-03-28,0.0,28.989,28.002,7.58,281.76,SSP2-4.5
2041-03-29,0.0,28.359,26.257,5.266,322.68,SSP2-4.5
2041-03-30,0.0,29.256,25.817,4.655,309.31,SSP2-4.5
2041-03-31,0.0,28.58,23.188,6.262,327.61,SSP2-4.5
2041-04-01,0.0,28.72,19.662,8.505,334.4,SSP2-4.5
2041-04-02,0.0,28.461,17.681,8.16,355.31,SSP2-4.5
2041-04-03,0.0,27.956,21.612,5.485,343.36,SSP2-4.5
2041-04-04,0.0,29.411,25.531,7.985,322.85,SSP2-4.5
2041-04-05,0.0,30.406,25.596,10.623,286.29,SSP2-4.5
2041-04-06,0.0004,29.156,32.661,8.826,223.94,SSP2-4.5
2041-04-07,0.0,30.098,26.432,8.138,301.63,SSP2-4.5
2041-04-08,0.0,31.113,26.476,8.799,310.43,SSP2-4.5
2041-04-09,0.0,30.909,24.664,8.049,313.66,SSP2-4.5
2041-04-10,0.0,31.581,25.007,8.645,303.61,SSP2-4.5
2041-04-11,0.0,31.85,24.188,5.791,285.09,SSP2-4.5
2041-04-12,0.0,31.487,22.587,5.347,290.4,SSP2-4.5
2041-04-13,0.0,31.296,24.005,5.534,247.65,SSP2-4.5
2041-04-14,0.0,31.172,23.105,4.764,297.77,SSP2-4.5
2041-04-15,0.0,31.321,23.328,5.615,301.28,SSP2-4.5
2041-04-16,0.0021,31.93,22.014,9.053,293.07,SSP2-4.5
2041-04-17,0.0,31.992,21.155,9.328,303.17,SSP2-4.5
2041-04-18,0.0,31.365,24.206,5.741,250.06,SSP2-4.5
2041-04-19,0.0,31.82,22.464,3.628,263.35,SSP2-4.5
2041-04-20,0.0,31.526,21.278,4.496,281.52,SSP2-4.5
2041-04-21,0.0,31.8,22.621,6.229,248.62,SSP2-4.5
2041-04-22,0.0,31.806,22.462,9.866,312.04,SSP2-4.5
2041-04-23,0.0,31.738,23.884,5.093,287.35,SSP2-4.5
2041-04-24,0.0,31.154,22.565,6.068,326.44,SSP2-4.5
2041-04-25,0.0,32.773,20.499,6.332,304.03,SSP2-4.5
2041-04-26,0.0,32.314,18.284,9.917,338.35,SSP2-4.5
2041-04-27,0.0,32.22,19.016,7.727,334.12,SSP2-4.5
2041-04-28,0.0,33.112,20.496,6.803,313.51,SSP2-4.5
2041-04-29,0.0,30.636,26.708,5.342,211.16,SSP2-4.5
2041-04-30,0.0072,31.879,22.499,5.64,302.47,SSP2-4.5
2041-05-01,0.0,33.954,20.808,6.303,306.8,SSP2-4.5
2041-05-02,0.0,33.442,17.249,7.346,352.62,SSP2-4.5
2041-05-03,0.0,33.534,17.254,7.457,350.13,SSP2-4.5
2041-05-04,0.0,34.006,17.222,7.65,340.05,SSP2-4.5
2041-05-05,0.0667,34.769,18.543,8.843,327.03,SSP2-4.5
2041-05-06,0.0,35.427,18.981,9.076,325.86,SSP2-4.5
2041-05-07,0.0,35.062,19.51,6.37,309.62,SSP2-4.5
2041-05-08,0.0,34.816,19.286,6.921,321.12,SSP2-4.5
2041-05-09,0.0,34.851,19.406,6.13,313.61,SSP2-4.5
2041-05-10,0.0,35.705,19.659,5.375,275.83,SSP2-4.5
2041-05-11,0.0,35.947,17.854,8.326,265.39,SSP2-4.5
2041-05-12,0.0,35.321,17.304,13.004,309.97,SSP2-4.5
2041-05-13,0.0,35.184,16.707,15.151,360.27,SSP2-4.5
2041-05-14,0.0,35.052,17.267,13.259,372.37,SSP2-4.5
2041-05-15,0.0,34.83,17.732,12.02,364.35,SSP2-4.5
2041-05-16,0.0,34.559,17.983,10.867,357.18,SSP2-4.5
2041-05-17,0.0,35.335,17.912,12.72,342.93,SSP2-4.5
2041-05-18,0.0,36.296,17.782,13.846,326.21,SSP2-4.5
2041-05-19,0.0,36.215,17.38,14.624,339.65,SSP2-4.5
2041-05-20,0.0,35.866,17.258,14.282,344.79,SSP2-4.5
2041-05-21,0.0,35.962,18.42,13.778,291.3,SSP2-4.5
2041-05-22,0.0,35.955,17.873,12.095,335.9,SSP2-4.5
2041-05-23,0.0,35.706,17.821,10.473,340.92,SSP2-4.5
2041-05-24,0.0,36.322,17.903,11.866,332.21,SSP2-4.5
2041-05-25,0.0,36.174,18.205,12.099,345.67,SSP2-4.5
2041-05-26,0.0,36.771,18.639,13.034,313.42,SSP2-4.5
2041-05-27,0.0,36.688,18.517,12.029,332.92,SSP2-4.5
2041-05-28,0.0,36.978,18.191,14.791,345.11,SSP2-4.5
2041-05-29,0.0,36.902,18.666,16.444,353.52,SSP2-4.5
2041-05-30,0.0,36.788,19.438,16.489,348.64,SSP2-4.5
2041-05-31,0.0,36.641,19.723,15.506,340.22,SSP2-4.5
2041-06-01,0.0,36.595,19.82,13.598,334.67,SSP2-4.5
2041-06-02,3.4226,36.073,25.112,12.436,291.99,SSP2-4.5
2041-06-03,0.0,35.897,25.497,14.303,315.16,SSP2-4.5
2041-06-04,0.0,35.98,25.259,13.229,319.23,SSP2-4.5
2041-06-05,0.0,36.294,24.421,13.853,305.75,SSP2-4.5
2041-06-06,0.0,36.257,25.333,14.436,305.05,SSP2-4.5
2041-06-07,0.1441,36.227,26.198,12.777,305.54,SSP2-4.5
2041-06-08,0.0,35.741,30.107,12.426,288.78,SSP2-4.5
2041-06-09,0.0,34.14,37.165,13.841,274.88,SSP2-4.5
2041-06-10,0.0,34.683,32.51,13.562,301.72,SSP2-4.5
2041-06-11,0.0,34.933,29.427,16.343,314.43,SSP2-4.5
2041-06-12,0.0261,34.768,29.193,16.819,309.27,SSP2-4.5
2041-06-13,0.0,35.071,32.191,15.149,296.94,SSP2-4.5
2041-06-14,8.2081,30.568,49.926,13.248,241.42,SSP2-4.5
2041-06-15,21.8184,26.884,81.392,9.225,194.51,SSP2-4.5
2041-06-16,3.0861,27.586,75.674,10.861,228.01,SSP2-4.5
2041-06-17,2.2565,27.422,78.491,9.22,226.29,SSP2-4.5
2041-06-18,0.3286,28.664,68.788,12.946,240.95,SSP2-4.5
2041-06-19,0.0,28.658,65.97,13.26,247.86,SSP2-4.5
2041-06-20,0.0,28.786,67.399,13.584,252.28,SSP2-4.5
2041-06-21,0.0,29.494,63.969,15.715,260.18,SSP2-4.5
2041-06-22,0.1891,29.269,64.764,15.947,263.93,SSP2-4.5
2041-06-23,0.0,29.158,65.432,16.887,268.31,SSP2-4.5
2041-06-24,0.0,29.128,60.53,16.504,283.91,SSP2-4.5
2041-06-25,0.7042,28.769,68.4,14.808,227.73,SSP2-4.5
2041-06-26,6.3088,28.067,74.326,16.533,225.44,SSP2-4.5
2041-06-27,13.0421,27.508,83.42,15.555,187.39,SSP2-4.5
2041-06-28,16.7634,26.616,87.437,16.671,202.61,SSP2-4.5
2041-06-29,14.8201,26.633,88.361,14.909,191.56,SSP2-4.5
2041-06-30,29.7241,26.904,92.084,14.246,157.25,SSP2-4.5
2041-07-01,25.0295,25.355,91.118,14.926,166.84,SSP2-4.5
2041-07-02,16.49,25.875,89.832,15.766,184.17,SSP2-4.5
2041-07-03,11.732,25.879,91.14,12.808,182.56,SSP2-4.5
2041-07-04,28.9385,25.271,89.886,16.258,191.85,SSP2-4.5
2041-07-05,43.7198,23.824,93.589,17.6,117.74,SSP2-4.5
2041-07-06,23.9654,24.906,90.507,18.048,185.27,SSP2-4.5
2041-07-07,16.1658,25.39,90.075,14.62,193.96,SSP2-4.5
2041-07-08,0.0,26.53,82.715,13.756,238.84,SSP2-4.5
2041-07-09,0.1987,27.057,82.063,14.209,252.66,SSP2-4.5
2041-07-10,22.0738,26.295,89.357,12.689,211.49,SSP2-4.5
2041-07-11,25.4818,25.328,93.26,11.533,178.85,SSP2-4.5
2041-07-12,26.8435,25.356,94.927,8.177,137.13,SSP2-4.5
2041-07-13,5.3786,25.8,95.683,3.871,188.28,SSP2-4.5
2041-07-14,0.0,26.749,90.533,6.277,230.13,SSP2-4.5
2041-07-15,0.2508,27.166,87.874,5.297,242.5,SSP2-4.5
2041-07-16,1.2592,27.348,87.671,4.259,252.24,SSP2-4.5
2041-07-17,0.3138,27.473,87.156,5.022,254.54,SSP2-4.5
2041-07-18,0.0,27.767,87.7,3.43,244.95,SSP2-4.5
2041-07-19,0.0,27.703,87.24,3.787,240.13,SSP2-4.5
2041-07-20,0.0,27.748,83.244,5.344,252.03,SSP2-4.5
2041-07-21,0.0,27.286,85.874,4.37,243.71,SSP2-4.5
2041-07-22,0.0,28.075,84.26,4.22,269.84,SSP2-4.5
2041-07-23,0.0065,28.105,84.862,3.98,253.2,SSP2-4.5
2041-07-24,3.808,27.167,89.073,3.787,230.83,SSP2-4.5
2041-07-25,0.0,27.669,85.431,4.276,239.77,SSP2-4.5
2041-07-26,0.0114,27.785,85.779,4.876,234.81,SSP2-4.5
2041-07-27,16.9462,26.93,87.664,7.123,232.35,SSP2-4.5
2041-07-28,0.0433,26.18,88.531,8.328,218.48,SSP2-4.5
2041-07-29,0.0,26.26,83.285,8.904,275.14,SSP2-4.5
2041-07-30,0.0,27.036,82.917,8.491,249.93,SSP2-4.5
2041-07-31,0.0,27.153,82.852,10.48,270.2,SSP2-4.5
2041-08-01,4.1675,26.436,88.105,10.58,231.07,SSP2-4.5
2041-08-02,0.0195,26.146,89.606,11.02,203.38,SSP2-4.5
2041-08-03,3.9099,26.575,88.22,14.482,225.86,SSP2-4.5
2041-08-04,21.4316,26.092,90.833,15.362,213.75,SSP2-4.5
2041-08-05,46.2161,24.954,93.032,20.826,177.93,SSP2-4.5
2041-08-06,17.2464,25.833,90.161,20.189,210.14,SSP2-4.5
2041-08-07,4.0616,25.899,90.02,13.571,198.49,SSP2-4.5
2041-08-08,0.007,26.835,85.533,11.837,260.58,SSP2-4.5
2041-08-09,0.0,26.848,83.622,11.329,278.43,SSP2-4.5
2041-08-10,0.0,26.776,81.201,13.315,281.72,SSP2-4.5
2041-08-11,0.0,26.851,83.723,13.397,239.98,SSP2-4.5
2041-08-12,21.5031,26.248,89.535,13.804,215.45,SSP2-4.5
2041-08-13,0.1405,26.103,90.51,12.305,215.32,SSP2-4.5
2041-08-14,0.0,26.286,86.647,15.162,228.34,SSP2-4.5
2041-08-15,0.0,26.185,87.886,12.57,216.34,SSP2-4.5
2041-08-16,0.5968,26.612,82.988,15.506,244.06,SSP2-4.5
2041-08-17,3.6946,26.073,87.837,13.017,208.68,SSP2-4.5
2041-08-18,0.0787,25.955,89.667,14.267,197.6,SSP2-4.5
2041-08-19,8.232,26.327,87.769,13.117,223.37,SSP2-4.5
2041-08-20,0.0094,26.144,89.176,9.465,212.71,SSP2-4.5
2041-08-21,0.0971,26.554,82.814,12.854,243.86,SSP2-4.5
2041-08-22,0.1616,26.328,88.485,10.555,224.72,SSP2-4.5
2041-08-23,5.6432,26.288,90.46,7.957,221.8,SSP2-4.5
2041-08-24,11.8903,26.369,90.148,8.721,225.57,SSP2-4.5
2041-08-25,12.836,26.276,90.47,7.249,225.4,SSP2-4.5
2041-08-26,1.0548,26.164,92.663,3.909,220.24,SSP2-4.5
2041-08-27,0.0,26.919,85.682,6.021,266.22,SSP2-4.5
2041-08-28,0.0,27.193,88.074,3.274,238.87,SSP2-4.5
2041-08-29,2.3879,27.068,87.99,5.497,239.75,SSP2-4.5
2041-08-30,5.5046,26.966,88.33,8.881,240.23,SSP2-4.5
2041-08-31,20.4973,26.365,89.899,9.27,218.69,SSP2-4.5
2041-09-01,30.1554,25.347,93.696,9.35,160.72,SSP2-4.5
2041-09-02,16.2285,25.285,93.141,8.845,191.78,SSP2-4.5
2041-09-03,0.0058,25.85,92.33,5.408,222.38,SSP2-4.5
2041-09-04,2.5322,26.359,88.78,4.916,246.62,SSP2-4.5
2041-09-05,22.8081,25.87,94.096,4.145,214.46,SSP2-4.5
2041-09-06,0.1931,26.511,88.735,5.64,239.1,SSP2-4.5
2041-09-07,1.0331,26.418,90.153,4.122,227.18,SSP2-4.5
2041-09-08,3.368,26.429,91.173,3.947,225.78,SSP2-4.5
2041-09-09,23.001,26.043,93.078,2.578,219.33,SSP2-4.5
2041-09-10,6.1348,26.283,90.778,4.448,231.31,SSP2-4.5
2041-09-11,12.4561,26.385,91.062,3.997,232.81,SSP2-4.5
2041-09-12,2.8272,26.35,90.217,3.085,234.01,SSP2-4.5
2041-09-13,0.0242,26.434,87.449,4.927,235.15,SSP2-4.5
2041-09-14,2.9603,26.185,90.167,6.392,236.05,SSP2-4.5
2041-09-15,3.5539,26.193,89.669,7.072,226.7,SSP2-4.5
2041-09-16,4.7101,26.302,90.121,4.426,231.43,SSP2-4.5
2041-09-17,5.2764,26.518,89.094,3.309,236.13,SSP2-4.5
2041-09-18,31.9947,26.016,93.984,2.932,215.65,SSP2-4.5
2041-09-19,20.6616,25.865,94.083,4.82,203.69,SSP2-4.5
2041-09-20,4.1122,26.249,89.633,6.683,237.06,SSP2-4.5
2041-09-21,1.5256,26.175,89.892,8.225,227.77,SSP2-4.5
2041-09-22,5.7508,26.142,88.804,11.901,218.87,SSP2-4.5
2041-09-23,0.0,26.115,88.985,7.638,223.97,SSP2-4.5
2041-09-24,0.0,26.608,87.298,5.997,243.3,SSP2-4.5
2041-09-25,17.6484,25.889,92.512,4.419,216.5,SSP2-4.5
2041-09-26,7.842,25.965,91.468,4.574,215.86,SSP2-4.5
2041-09-27,2.8568,26.287,88.37,6.832,228.52,SSP2-4.5
2041-09-28,1.3829,26.026,89.181,10.117,216.36,SSP2-4.5
2041-09-29,11.8727,26.002,89.415,7.898,219.23,SSP2-4.5
2041-09-30,0.0,26.546,82.638,11.165,250.07,SSP2-4.5
2041-10-01,0.0,26.385,78.904,11.03,258.77,SSP2-4.5
2041-10-02,0.0,25.823,82.06,8.327,237.81,SSP2-4.5
2041-10-03,0.0,26.012,84.58,6.54,239.03,SSP2-4.5
2041-10-04,0.0,26.883,77.18,6.742,264.14,SSP2-4.5
2041-10-05,0.0,26.069,67.552,6.515,280.59,SSP2-4.5
2041-10-06,0.0,26.199,71.637,7.421,282.79,SSP2-4.5
2041-10-07,0.0,26.665,74.716,7.541,252.34,SSP2-4.5
2041-10-08,0.0,26.901,65.412,6.742,278.54,SSP2-4.5
2041-10-09,0.0,26.322,67.489,6.262,276.39,SSP2-4.5
2041-10-10,0.0,26.328,66.263,5.797,273.52,SSP2-4.5
2041-10-11,0.0,26.752,68.527,4.078,268.23,SSP2-4.5
2041-10-12,0.0,26.308,79.146,4.234,234.3,SSP2-4.5
2041-10-13,0.0,26.794,79.582,4.945,251.17,SSP2-4.5
2041-10-14,0.0,26.6,83.564,5.669,233.92,SSP2-4.5
2041-10-15,0.0,26.465,82.744,5.458,229.49,SSP2-4.5
2041-10-16,0.0,26.386,77.826,4.519,233.52,SSP2-4.5
2041-10-17,0.0,26.528,72.315,6.197,236.98,SSP2-4.5
2041-10-18,0.0,26.117,68.04,7.478,265.75,SSP2-4.5
2041-10-19,0.0,25.893,71.418,6.339,267.0,SSP2-4.5
2041-10-20,0.0,25.79,65.914,6.14,268.53,SSP2-4.5
2041-10-21,0.0,25.153,60.824,6.463,272.51,SSP2-4.5
2041-10-22,0.0,24.884,62.549,5.951,256.47,SSP2-4.5
2041-10-23,0.0,25.218,66.844,4.918,250.64,SSP2-4.5
2041-10-24,0.0523,25.386,79.345,8.175,242.2,SSP2-4.5
2041-10-25,0.0,25.666,77.154,6.199,261.3,SSP2-4.5
2041-10-26,0.0,25.623,69.079,5.053,259.34,SSP2-4.5
2041-10-27,0.0,25.591,63.089,5.164,254.94,SSP2-4.5
2041-10-28,0.0,25.635,62.33,5.118,250.28,SSP2-4.5
2041-10-29,0.0,25.753,64.909,5.106,233.99,SSP2-4.5
2041-10-30,0.0,26.039,65.95,4.145,229.24,SSP2-4.5
2041-10-31,0.0,26.283,71.269,4.333,213.5,SSP2-4.5
2041-11-01,0.0,26.226,75.594,6.147,217.6,SSP2-4.5
2041-11-02,0.0,25.656,69.441,7.395,236.96,SSP2-4.5
2041-11-03,0.0,25.296,63.247,7.407,231.19,SSP2-4.5
2041-11-04,0.0,25.076,60.568,7.219,239.96,SSP2-4.5
2041-11-05,0.0,25.118,64.661,6.5,220.82,SSP2-4.5
2041-11-06,0.0,24.662,81.031,5.706,189.91,SSP2-4.5
2041-11-07,0.0104,24.569,81.35,7.265,203.94,SSP2-4.5
2041-11-08,0.0,23.63,74.238,8.464,202.78,SSP2-4.5
2041-11-09,0.2304,23.577,69.056,7.532,238.8,SSP2-4.5
2041-11-10,0.0879,23.637,79.263,7.7,214.11,SSP2-4.5
2041-11-11,0.3309,23.679,80.062,7.84,211.41,SSP2-4.5
2041-11-12,0.5748,23.898,79.696,6.858,208.6,SSP2-4.5
2041-11-13,0.6789,24.273,76.685,6.379,215.06,SSP2-4.5
2041-11-14,0.002,24.525,69.545,6.988,212.83,SSP2-4.5
2041-11-15,0.0,23.904,60.991,8.402,219.78,SSP2-4.5
2041-11-16,0.0,23.215,50.109,7.726,239.26,SSP2-4.5
2041-11-17,0.0,22.929,49.782,8.149,234.11,SSP2-4.5
2041-11-18,0.0,22.71,47.861,10.028,238.98,SSP2-4.5
2041-11-19,0.0,22.624,41.837,12.518,213.18,SSP2-4.5
2041-11-20,0.0,22.097,37.296,13.75,224.35,SSP2-4.5
2041-11-21,0.0,21.84,38.93,11.147,214.32,SSP2-4.5
2041-11-22,0.0,21.824,38.351,10.385,221.86,SSP2-4.5
2041-11-23,0.0,22.155,40.531,9.401,237.47,SSP2-4.5
2041-11-24,0.0,22.304,45.255,5.533,212.0,SSP2-4.5
2041-11-25,0.0,22.383,47.798,6.947,212.71,SSP2-4.5
2041-11-26,0.0,22.348,50.943,7.139,206.3,SSP2-4.5
2041-11-27,0.0,22.826,51.122,6.733,215.8,SSP2-4.5
2041-11-28,0.0,23.432,55.592,7.544,220.14,SSP2-4.5
2041-11-29,0.0,23.507,64.488,6.645,201.23,SSP2-4.5
2041-11-30,0.0,23.824,57.378,7.351,207.82,SSP2-4.5
2041-12-01,0.0,22.01,69.791,5.034,166.24,SSP2-4.5
2041-12-02,0.0,22.641,63.908,6.138,182.98,SSP2-4.5
2041-12-03,0.0,21.957,54.375,9.524,204.82,SSP2-4.5
2041-12-04,0.0,22.301,46.696,8.889,226.9,SSP2-4.5
2041-12-05,0.0,22.329,51.785,5.262,234.64,SSP2-4.5
2041-12-06,0.0,23.093,54.1,6.36,228.51,SSP2-4.5
2041-12-07,0.0,23.082,46.824,6.807,227.71,SSP2-4.5
2041-12-08,0.0,22.893,50.354,7.202,230.67,SSP2-4.5
2041-12-09,0.0,22.586,49.389,6.905,225.71,SSP2-4.5
2041-12-10,0.0,21.95,47.712,6.379,214.45,SSP2-4.5
2041-12-11,0.0,21.892,39.87,11.717,219.28,SSP2-4.5
2041-12-12,0.0,21.285,41.466,11.73,224.33,SSP2-4.5
2041-12-13,0.0,20.902,47.25,9.988,223.93,SSP2-4.5
2041-12-14,0.0,21.232,52.877,11.785,222.49,SSP2-4.5
2041-12-15,0.0,22.399,46.967,13.389,228.9,SSP2-4.5
2041-12-16,0.0,23.536,53.279,12.168,225.51,SSP2-4.5
2041-12-17,0.0,22.806,67.248,9.059,195.05,SSP2-4.5
2041-12-18,0.0,21.391,76.339,10.1,146.86,SSP2-4.5
2041-12-19,0.0,22.296,71.314,9.387,203.99,SSP2-4.5
2041-12-20,0.0,22.922,63.916,8.606,191.87,SSP2-4.5
2041-12-21,0.0,23.125,60.879,10.177,209.55,SSP2-4.5
2041-12-22,0.0,23.044,61.069,7.805,219.57,SSP2-4.5
2041-12-23,0.0,23.353,57.859,6.645,212.39,SSP2-4.5
2041-12-24,0.0,23.076,58.947,7.243,205.1,SSP2-4.5
2041-12-25,0.0,23.151,54.695,8.629,207.14,SSP2-4.5
2041-12-26,0.0,21.585,49.451,9.847,203.67,SSP2-4.5
2041-12-27,0.0,19.763,43.813,7.567,190.1,SSP2-4.5
2041-12-28,0.0,20.374,37.279,7.477,247.99,SSP2-4.5
2041-12-29,0.0,20.495,42.386,8.215,243.71,SSP2-4.5
2041-12-30,0.0,20.837,40.942,6.696,245.73,SSP2-4.5
2041-12-31,0.0,20.665,47.154,6.511,243.75,SSP2-4.5
2042-01-01,0.0,21.614,48.141,7.372,236.6,SSP2-4.5
2042-01-02,0.0,21.553,44.09,7.149,241.43,SSP2-4.5
2042-01-03,0.0,21.575,44.578,4.823,241.97,SSP2-4.5
2042-01-04,0.0,22.027,43.858,7.313,237.05,SSP2-4.5
2042-01-05,0.0,21.859,40.577,7.197,242.58,SSP2-4.5
2042-01-06,0.0,21.901,41.614,7.614,220.42,SSP2-4.5
2042-01-07,0.0,22.015,45.696,7.72,234.42,SSP2-4.5
2042-01-08,0.0,22.206,47.136,6.827,231.04,SSP2-4.5
2042-01-09,0.0,22.064,43.445,6.423,241.97,SSP2-4.5
2042-01-10,0.0,22.105,45.121,4.546,241.88,SSP2-4.5
2042-01-11,0.0,22.715,47.662,6.953,238.84,SSP2-4.5
2042-01-12,0.0,23.197,46.147,10.213,233.01,SSP2-4.5
2042-01-13,0.0,23.502,42.534,13.302,243.83,SSP2-4.5
2042-01-14,0.0,23.004,49.529,9.708,233.44,SSP2-4.5
2042-01-15,0.0,22.98,53.349,8.898,200.47,SSP2-4.5
2042-01-16,0.0,22.638,43.154,9.085,222.96,SSP2-4.5
2042-01-17,0.0,20.919,50.429,9.184,167.01,SSP2-4.5
2042-01-18,0.0,19.445,82.216,4.344,146.53,SSP2-4.5
2042-01-19,0.0,21.419,73.754,7.634,165.12,SSP2-4.5
2042-01-20,0.0,21.631,51.806,11.686,205.52,SSP2-4.5
2042-01-21,0.0,21.794,33.804,13.518,242.04,SSP2-4.5
2042-01-22,0.0,21.625,34.121,13.137,248.78,SSP2-4.5
2042-01-23,0.0,22.081,38.006,11.275,248.86,SSP2-4.5
2042-01-24,0.0,22.773,41.583,11.051,251.15,SSP2-4.5
2042-01-25,0.0,22.622,43.335,7.541,253.91,SSP2-4.5
2042-01-26,0.0,23.303,47.058,9.631,244.48,SSP2-4.5
2042-01-27,0.0,23.122,52.765,9.788,199.1,SSP2-4.5
2042-01-28,0.0,23.484,53.415,11.057,224.33,SSP2-4.5
2042-01-29,0.0,24.527,51.838,13.396,234.86,SSP2-4.5
2042-01-30,0.0,23.647,49.72,12.297,216.19,SSP2-4.5
2042-01-31,0.0,23.134,29.201,13.665,275.64,SSP2-4.5
2042-02-01,0.0,22.872,40.029,11.45,262.52,SSP2-4.5
2042-02-02,0.0,23.307,48.124,11.234,243.85,SSP2-4.5
2042-02-03,0.0,24.435,53.333,13.652,211.2,SSP2-4.5
2042-02-04,0.0,24.279,53.618,14.373,210.78,SSP2-4.5
2042-02-05,0.0,25.137,51.968,9.255,210.42,SSP2-4.5
2042-02-06,0.0,24.505,53.182,8.444,207.88,SSP2-4.5
2042-02-07,0.0,25.209,46.962,6.98,242.41,SSP2-4.5
2042-02-08,0.0,24.309,34.163,10.511,277.04,SSP2-4.5
2042-02-09,0.0,23.804,36.579,9.82,280.25,SSP2-4.5
2042-02-10,0.0,24.364,40.31,7.515,274.6,SSP2-4.5
2042-02-11,0.0,24.659,41.521,4.832,272.45,SSP2-4.5
2042-02-12,0.0,24.866,35.241,5.874,283.46,SSP2-4.5
2042-02-13,0.0,25.34,34.326,11.225,279.4,SSP2-4.5
2042-02-14,0.0,25.208,33.678,13.131,289.71,SSP2-4.5
2042-02-15,0.0,25.008,35.083,12.786,294.13,SSP2-4.5
2042-02-16,0.0,25.224,37.073,10.924,288.11,SSP2-4.5
2042-02-17,0.0,25.339,40.167,8.371,281.91,SSP2-4.5
2042-02-18,0.0,25.924,38.849,7.64,280.82,SSP2-4.5
2042-02-19,0.0,25.735,35.647,7.52,277.64,SSP2-4.5
2042-02-20,0.0,25.538,38.001,9.05,271.68,SSP2-4.5
2042-02-21,0.0,25.644,33.83,10.271,274.83,SSP2-4.5
2042-02-22,0.0,25.31,32.648,10.209,277.58,SSP2-4.5
2042-02-23,0.0,25.153,29.422,9.579,300.45,SSP2-4.5
2042-02-24,0.0,24.876,33.978,6.031,294.39,SSP2-4.5
2042-02-25,0.0,25.594,32.334,6.228,293.2,SSP2-4.5
2042-02-26,0.0,25.797,30.31,4.627,295.87,SSP2-4.5
2042-02-27,0.0,26.081,28.881,4.962,301.7,SSP2-4.5
2042-02-28,0.0,26.739,31.16,8.64,295.07,SSP2-4.5
2042-03-01,0.0,27.032,32.758,11.885,290.54,SSP2-4.5
2042-03-02,0.0,26.872,32.103,10.286,297.15,SSP2-4.5
2042-03-03,0.0,26.704,32.769,7.31,232.99,SSP2-4.5
2042-03-04,0.0,26.243,38.082,7.255,266.22,SSP2-4.5
2042-03-05,0.0,26.633,32.995,6.141,247.9,SSP2-4.5
2042-03-06,0.0,26.819,35.097,8.665,234.37,SSP2-4.5
2042-03-07,0.0,26.637,29.474,9.488,308.02,SSP2-4.5
2042-03-08,0.0,27.091,31.786,8.679,315.3,SSP2-4.5
2042-03-09,0.0,26.919,29.035,9.277,316.18,SSP2-4.5
2042-03-10,0.0,26.874,26.475,8.425,310.55,SSP2-4.5
2042-03-11,0.0,27.39,27.148,7.132,304.47,SSP2-4.5
2042-03-12,0.0,27.53,27.102,7.011,305.53,SSP2-4.5
2042-03-13,0.0,27.787,27.53,6.783,304.54,SSP2-4.5
2042-03-14,0.0,28.173,27.662,7.764,306.62,SSP2-4.5
2042-03-15,0.0,27.903,26.069,6.294,315.72,SSP2-4.5
2042-03-16,0.0,27.864,26.816,7.202,311.84,SSP2-4.5
2042-03-17,0.0,28.531,29.127,10.277,313.96,SSP2-4.5
2042-03-18,0.0,28.751,29.526,9.249,309.6,SSP2-4.5
2042-03-19,0.0,28.719,28.731,6.372,305.13,SSP2-4.5
2042-03-20,0.0,28.847,27.776,5.456,297.24,SSP2-4.5
2042-03-21,0.0,29.135,27.324,7.741,307.76,SSP2-4.5
2042-03-22,0.0,29.365,26.127,10.181,294.29,SSP2-4.5
2042-03-23,0.0,29.722,27.817,8.136,274.29,SSP2-4.5
2042-03-24,0.0,28.832,33.392,8.841,238.97,SSP2-4.5
2042-03-25,0.0,27.883,38.73,9.826,209.75,SSP2-4.5
2042-03-26,0.4795,29.482,35.521,9.076,280.91,SSP2-4.5
2042-03-27,0.0437,28.1,44.71,9.016,223.89,SSP2-4.5
2042-03-28,0.0,29.371,29.417,8.652,286.07,SSP2-4.5
2042-03-29,0.0,28.761,24.218,9.281,330.72,SSP2-4.5
2042-03-30,0.0,28.598,23.386,7.638,337.83,SSP2-4.5
2042-03-31,0.0,28.485,27.065,8.994,322.88,SSP2-4.5
2042-04-01,0.0027,29.358,31.18,9.271,310.54,SSP2-4.5
2042-04-02,0.0,30.441,31.75,9.202,309.03,SSP2-4.5
2042-04-03,0.0699,31.011,30.206,7.763,292.63,SSP2-4.5
2042-04-04,0.0977,31.25,30.676,7.069,289.71,SSP2-4.5
2042-04-05,0.7839,28.935,41.006,5.952,222.94,SSP2-4.5
2042-04-06,0.2178,30.34,34.043,5.808,289.46,SSP2-4.5
2042-04-07,0.264,31.032,30.726,9.025,290.38,SSP2-4.5
2042-04-08,0.0068,30.746,31.281,7.755,273.48,SSP2-4.5
2042-04-09,0.0034,30.928,27.616,8.182,310.27,SSP2-4.5
2042-04-10,0.0,30.803,25.958,8.708,320.95,SSP2-4.5
2042-04-11,0.0,31.175,26.677,8.585,313.18,SSP2-4.5
2042-04-12,0.0,30.944,27.509,9.203,289.79,SSP2-4.5
2042-04-13,0.0,31.115,26.662,9.589,319.4,SSP2-4.5
2042-04-14,0.0,32.041,28.554,10.278,299.84,SSP2-4.5
2042-04-15,0.0444,31.639,29.546,9.033,295.23,SSP2-4.5
2042-04-16,1.4181,31.911,29.373,7.273,297.74,SSP2-4.5
2042-04-17,2.7109,31.078,36.198,7.111,277.78,SSP2-4.5
2042-04-18,1.9536,31.079,35.728,8.132,282.27,SSP2-4.5
2042-04-19,1.1026,30.511,37.429,9.173,279.81,SSP2-4.5
2042-04-20,0.0,31.473,31.369,8.613,320.21,SSP2-4.5
2042-04-21,0.0118,31.34,32.842,9.188,299.21,SSP2-4.5
2042-04-22,0.1935,30.679,36.684,7.209,260.01,SSP2-4.5
2042-04-23,0.0075,31.371,32.069,5.276,282.72,SSP2-4.5
2042-04-24,0.0948,31.205,33.803,6.188,278.92,SSP2-4.5
2042-04-25,0.0,31.54,30.9,6.692,285.29,SSP2-4.5
2042-04-26,0.0,31.948,25.635,5.811,333.09,SSP2-4.5
2042-04-27,0.0,31.469,23.196,6.382,345.35,SSP2-4.5
2042-04-28,0.0,31.455,22.65,5.975,336.07,SSP2-4.5
2042-04-29,0.0,33.011,26.676,6.388,259.63,SSP2-4.5
2042-04-30,5.8107,32.606,29.717,8.802,294.72,SSP2-4.5
2042-05-01,25.1352,32.536,44.717,12.12,272.87,SSP2-4.5
2042-05-02,16.9381,28.088,63.648,8.348,239.64,SSP2-4.5
2042-05-03,4.1006,28.56,54.59,7.908,250.34,SSP2-4.5
2042-05-04,24.3356,30.488,55.056,9.134,258.3,SSP2-4.5
2042-05-05,22.8075,28.394,57.911,7.595,242.37,SSP2-4.5
2042-05-06,4.2748,30.207,49.462,8.572,259.36,SSP2-4.5
2042-05-07,0.7851,32.271,43.164,6.762,281.3,SSP2-4.5
2042-05-08,0.4403,32.784,41.558,7.151,275.41,SSP2-4.5
2042-05-09,14.8344,32.948,44.224,6.544,291.09,SSP2-4.5
2042-05-10,15.9979,29.565,54.334,6.859,245.54,SSP2-4.5
2042-05-11,2.0774,32.145,45.852,6.629,286.49,SSP2-4.5
2042-05-12,7.4553,32.916,43.791,8.201,277.31,SSP2-4.5
2042-05-13,0.0,33.381,36.584,9.545,307.55,SSP2-4.5
2042-05-14,0.0018,34.064,30.064,11.812,342.67,SSP2-4.5
2042-05-15,0.0,34.097,28.75,11.922,340.02,SSP2-4.5
2042-05-16,0.0,34.284,28.707,10.92,302.67,SSP2-4.5
2042-05-17,0.0,34.387,27.041,11.738,303.39,SSP2-4.5
2042-05-18,0.0,35.04,23.989,13.028,316.56,SSP2-4.5
2042-05-19,0.0,35.144,22.86,13.95,299.61,SSP2-4.5
2042-05-20,0.0,35.001,22.035,14.826,336.68,SSP2-4.5
2042-05-21,0.0,34.407,21.099,13.971,342.91,SSP2-4.5
2042-05-22,0.0,33.927,23.111,9.98,360.84,SSP2-4.5
2042-05-23,0.0,33.757,23.396,7.023,340.15,SSP2-4.5
2042-05-24,0.0,33.844,23.458,5.847,335.13,SSP2-4.5
2042-05-25,0.0,35.178,25.101,6.842,311.3,SSP2-4.5
2042-05-26,0.0,35.178,25.557,7.535,326.29,SSP2-4.5
2042-05-27,0.0,35.266,25.236,8.08,319.46,SSP2-4.5
2042-05-28,0.0087,35.711,27.063,10.027,322.39,SSP2-4.5
2042-05-29,0.0193,35.809,27.578,8.955,305.83,SSP2-4.5
2042-05-30,0.0,35.838,26.324,10.395,312.92,SSP2-4.5
2042-05-31,0.2797,35.374,29.081,13.299,298.63,SSP2-4.5
2042-06-01,0.0,34.852,26.039,14.562,326.35,SSP2-4.5
2042-06-02,0.0,35.437,26.104,14.793,297.22,SSP2-4.5
2042-06-03,0.0,35.236,27.818,14.9,300.35,SSP2-4.5
2042-06-04,0.0,35.322,28.524,15.438,313.08,SSP2-4.5
2042-06-05,0.0,33.193,34.798,14.126,266.59,SSP2-4.5
2042-06-06,3.9226,34.036,38.5,14.157,287.33,SSP2-4.5
2042-06-07,0.0,29.056,53.834,13.709,231.49,SSP2-4.5
2042-06-08,0.133,32.104,44.592,13.637,283.56,SSP2-4.5
2042-06-09,0.0,30.59,49.344,14.384,258.89,SSP2-4.5
2042-06-10,0.1073,30.408,57.754,14.85,255.43,SSP2-4.5
2042-06-11,0.4129,32.077,53.313,15.141,290.33,SSP2-4.5
2042-06-12,0.0,30.261,53.693,14.404,265.92,SSP2-4.5
2042-06-13,0.0,32.82,43.324,14.805,312.84,SSP2-4.5
2042-06-14,0.0,33.501,42.516,14.548,303.09,SSP2-4.5
2042-06-15,0.0,33.44,42.809,15.676,297.52,SSP2-4.5
2042-06-16,0.0,33.851,43.742,16.419,301.3,SSP2-4.5
2042-06-17,0.0,32.16,48.434,16.325,271.1,SSP2-4.5
2042-06-18,0.0,32.329,47.619,15.636,296.72,SSP2-4.5
2042-06-19,0.0,33.446,43.685,16.009,296.19,SSP2-4.5
2042-06-20,0.0,32.983,47.293,17.263,308.19,SSP2-4.5
2042-06-21,0.0,31.518,52.517,17.002,298.06,SSP2-4.5
2042-06-22,0.0,30.331,56.152,17.3,283.48,SSP2-4.5
2042-06-23,0.0,29.875,57.513,16.909,264.86,SSP2-4.5
2042-06-24,0.0,30.221,56.815,16.237,274.92,SSP2-4.5
2042-06-25,0.0693,30.313,56.508,17.431,260.33,SSP2-4.5
2042-06-26,0.0,29.996,59.079,18.227,263.16,SSP2-4.5
2042-06-27,0.1737,28.812,64.851,17.562,239.25,SSP2-4.5
2042-06-28,0.6874,27.774,75.503,17.117,223.22,SSP2-4.5
2042-06-29,19.6913,26.825,86.483,14.483,188.28,SSP2-4.5
2042-06-30,0.5454,27.061,83.843,15.719,206.21,SSP2-4.5
2042-07-01,23.5516,25.953,86.174,16.564,198.04,SSP2-4.5
2042-07-02,76.9337,24.722,93.771,16.087,154.52,SSP2-4.5
2042-07-03,25.5916,25.229,93.212,15.373,171.92,SSP2-4.5
2042-07-04,2.2843,26.062,88.535,15.738,191.09,SSP2-4.5
2042-07-05,8.3961,26.114,88.98,14.081,192.55,SSP2-4.5
2042-07-06,4.5433,26.102,88.609,13.144,202.99,SSP2-4.5
2042-07-07,0.5922,26.385,84.677,15.293,224.77,SSP2-4.5
2042-07-08,0.6662,26.591,83.046,15.021,228.61,SSP2-4.5
2042-07-09,12.9116,26.553,85.858,13.924,227.42,SSP2-4.5
2042-07-10,0.5949,26.679,84.401,15.509,233.4,SSP2-4.5
2042-07-11,0.0734,26.859,82.195,16.212,236.51,SSP2-4.5
2042-07-12,0.1695,26.836,82.777,16.435,231.48,SSP2-4.5
2042-07-13,14.4763,26.527,87.191,13.878,222.31,SSP2-4.5
2042-07-14,3.2732,26.147,88.269,12.14,221.63,SSP2-4.5
2042-07-15,0.0,26.894,82.328,12.252,252.16,SSP2-4.5
2042-07-16,0.0,27.692,78.948,12.177,272.6,SSP2-4.5
2042-07-17,0.0,27.755,78.848,11.808,257.05,SSP2-4.5
2042-07-18,0.0,27.16,82.329,11.226,240.3,SSP2-4.5
2042-07-19,0.0,27.162,82.949,9.972,254.35,SSP2-4.5
2042-07-20,0.4122,27.536,83.292,8.972,244.9,SSP2-4.5
2042-07-21,10.9592,26.282,91.5,6.04,210.29,SSP2-4.5
2042-07-22,7.1873,26.821,89.845,5.227,231.65,SSP2-4.5
2042-07-23,8.3016,26.602,90.789,2.977,218.74,SSP2-4.5
2042-07-24,0.1375,27.385,86.426,5.289,254.84,SSP2-4.5
2042-07-25,0.0,28.478,78.058,7.34,310.32,SSP2-4.5
2042-07-26,0.0,28.495,76.212,9.15,289.66,SSP2-4.5
2042-07-27,0.0,27.796,79.793,10.616,291.26,SSP2-4.5
2042-07-28,0.0,27.107,87.575,7.717,229.56,SSP2-4.5
2042-07-29,1.2521,27.962,85.089,6.17,264.78,SSP2-4.5
2042-07-30,4.697,26.687,89.509,5.978,222.43,SSP2-4.5
2042-07-31,26.5716,26.191,91.637,3.819,219.56,SSP2-4.5
2042-08-01,4.5418,26.921,90.457,6.02,228.04,SSP2-4.5
2042-08-02,2.5933,27.232,88.18,5.592,245.89,SSP2-4.5
2042-08-03,21.9864,26.926,90.511,6.7,233.17,SSP2-4.5
2042-08-04,8.1607,27.171,88.038,9.518,236.43,SSP2-4.5
2042-08-05,13.9796,27.18,87.74,11.159,233.87,SSP2-4.5
2042-08-06,7.7895,26.665,88.285,14.275,219.39,SSP2-4.5
2042-08-07,18.3511,26.317,90.541,15.641,207.13,SSP2-4.5
2042-08-08,20.1975,25.407,92.842,13.389,163.67,SSP2-4.5
2042-08-09,0.311,26.795,88.145,13.306,226.77,SSP2-4.5
2042-08-10,1.1632,25.889,91.469,12.445,193.53,SSP2-4.5
2042-08-11,0.0,26.706,86.462,11.937,234.58,SSP2-4.5
2042-08-12,0.0,27.121,81.14,14.771,256.22,SSP2-4.5
2042-08-13,0.0,27.444,81.489,13.203,247.58,SSP2-4.5
2042-08-14,0.0,26.845,85.346,13.429,219.23,SSP2-4.5
2042-08-15,0.3603,26.927,83.761,14.898,235.13,SSP2-4.5
2042-08-16,0.0,27.164,83.645,12.724,242.94,SSP2-4.5
2042-08-17,1.485,27.072,84.683,13.68,246.83,SSP2-4.5
2042-08-18,17.3699,25.837,91.278,14.119,171.39,SSP2-4.5
2042-08-19,8.4975,25.762,92.224,12.104,176.53,SSP2-4.5
2042-08-20,6.0549,25.99,92.952,8.581,190.41,SSP2-4.5
2042-08-21,17.4585,26.064,94.515,8.107,175.73,SSP2-4.5
2042-08-22,29.3816,26.404,93.999,7.305,209.92,SSP2-4.5
2042-08-23,19.0862,26.316,94.512,7.931,194.65,SSP2-4.5
2042-08-24,7.0022,26.735,91.778,7.219,227.36,SSP2-4.5
2042-08-25,0.3086,27.212,87.873,8.628,248.75,SSP2-4.5
2042-08-26,33.39,26.808,92.62,5.413,220.96,SSP2-4.5
2042-08-27,15.5998,26.65,95.239,5.35,202.18,SSP2-4.5
2042-08-28,17.2406,26.601,93.788,3.689,211.29,SSP2-4.5
2042-08-29,26.159,26.407,93.891,4.146,214.91,SSP2-4.5
2042-08-30,31.1773,26.453,93.479,8.383,217.39,SSP2-4.5
2042-08-31,6.1646,26.481,90.536,13.29,215.25,SSP2-4.5
2042-09-01,21.5752,25.775,92.724,11.155,219.42,SSP2-4.5
2042-09-02,15.9655,25.997,92.073,7.352,223.43,SSP2-4.5
2042-09-03,3.5256,26.27,90.43,3.98,227.81,SSP2-4.5
2042-09-04,0.4149,26.33,90.868,3.35,226.66,SSP2-4.5
2042-09-05,0.0,26.647,87.179,3.243,246.81,SSP2-4.5
2042-09-06,4.6954,26.589,88.316,4.568,244.81,SSP2-4.5
2042-09-07,1.4611,26.805,85.71,3.778,252.05,SSP2-4.5
2042-09-08,0.2013,26.735,86.544,3.369,246.14,SSP2-4.5
2042-09-09,0.0,27.093,86.374,4.331,246.72,SSP2-4.5
2042-09-10,0.0245,27.242,86.975,3.577,249.28,SSP2-4.5
2042-09-11,7.2851,26.63,88.384,9.928,232.12,SSP2-4.5
2042-09-12,31.5809,26.383,90.428,12.854,224.62,SSP2-4.5
2042-09-13,22.0257,26.159,91.529,15.605,172.64,SSP2-4.5
2042-09-14,0.0973,26.302,87.694,10.107,224.59,SSP2-4.5
2042-09-15,0.1126,26.477,85.478,7.827,256.47,SSP2-4.5
2042-09-16,2.5541,26.649,85.663,8.499,249.35,SSP2-4.5
2042-09-17,15.0209,26.37,89.106,7.607,239.9,SSP2-4.5
2042-09-18,15.6691,26.284,89.539,7.121,228.21,SSP2-4.5
2042-09-19,0.004,26.389,87.306,7.751,230.16,SSP2-4.5
2042-09-20,3.311,26.198,88.924,8.105,230.0,SSP2-4.5
2042-09-21,25.2074,25.958,92.287,4.604,216.21,SSP2-4.5
2042-09-22,14.5429,25.888,92.584,6.024,217.47,SSP2-4.5
2042-09-23,29.9332,25.869,91.675,11.824,207.01,SSP2-4.5
2042-09-24,12.4418,25.82,91.804,11.598,210.35,SSP2-4.5
2042-09-25,23.1969,25.618,93.504,5.128,204.87,SSP2-4.5
2042-09-26,0.0073,26.151,86.625,6.332,231.22,SSP2-4.5
2042-09-27,8.8212,25.926,89.058,6.452,228.06,SSP2-4.5
2042-09-28,24.5693,26.106,88.806,6.32,233.36,SSP2-4.5
2042-09-29,20.2745,25.547,92.076,6.254,198.06,SSP2-4.5
2042-09-30,8.6429,25.566,90.599,7.915,204.48,SSP2-4.5
2042-10-01,6.3361,25.066,90.877,8.356,184.23,SSP2-4.5
2042-10-02,16.3831,25.1,91.741,8.32,183.45,SSP2-4.5
2042-10-03,15.2902,25.07,94.582,6.836,173.67,SSP2-4.5
2042-10-04,26.8618,25.013,93.506,6.869,203.13,SSP2-4.5
2042-10-05,20.8877,25.176,91.632,6.53,220.53,SSP2-4.5
2042-10-06,0.0282,26.141,84.277,7.395,253.8,SSP2-4.5
2042-10-07,0.0,26.734,80.63,6.904,265.22,SSP2-4.5
2042-10-08,0.0,25.321,70.57,6.698,271.71,SSP2-4.5
2042-10-09,0.0,25.117,68.092,5.924,289.04,SSP2-4.5
2042-10-10,0.0,25.868,73.588,6.623,278.16,SSP2-4.5
2042-10-11,0.0,26.141,77.274,4.907,241.44,SSP2-4.5
2042-10-12,0.0,26.748,77.932,4.17,263.45,SSP2-4.5
2042-10-13,0.0,26.771,82.407,4.959,248.83,SSP2-4.5
2042-10-14,0.0,26.984,79.789,5.304,242.74,SSP2-4.5
2042-10-15,0.0,26.554,77.712,4.827,239.89,SSP2-4.5
2042-10-16,0.0,26.587,76.664,4.585,238.83,SSP2-4.5
2042-10-17,0.0,26.084,77.672,6.332,221.4,SSP2-4.5
2042-10-18,0.0,25.338,79.527,5.974,217.03,SSP2-4.5
2042-10-19,0.4599,24.513,87.122,7.206,196.08,SSP2-4.5
2042-10-20,20.5792,24.395,88.367,11.231,184.18,SSP2-4.5
2042-10-21,39.8983,23.065,92.905,15.85,139.85,SSP2-4.5
2042-10-22,20.9018,23.357,92.954,9.33,158.06,SSP2-4.5
2042-10-23,4.6362,24.058,90.037,2.958,188.92,SSP2-4.5
2042-10-24,0.0055,25.749,82.898,5.382,232.76,SSP2-4.5
2042-10-25,0.0002,26.172,79.108,9.722,220.86,SSP2-4.5
2042-10-26,1.3884,25.888,82.171,12.393,214.05,SSP2-4.5
2042-10-27,0.0,26.282,81.204,11.009,224.68,SSP2-4.5
2042-10-28,0.0974,25.97,84.943,9.838,210.84,SSP2-4.5
2042-10-29,3.2329,25.736,85.891,7.644,191.9,SSP2-4.5
2042-10-30,0.4851,25.81,83.996,4.985,206.82,SSP2-4.5
2042-10-31,0.0,26.551,76.737,4.112,216.86,SSP2-4.5
2042-11-01,0.348,25.527,85.451,3.631,194.09,SSP2-4.5
2042-11-02,3.7008,25.368,85.895,5.962,197.13,SSP2-4.5
2042-11-03,0.0021,24.896,83.259,5.583,209.87,SSP2-4.5
2042-11-04,0.0,25.774,80.335,6.305,221.81,SSP2-4.5
2042-11-05,0.0,25.117,79.407,5.908,220.22,SSP2-4.5
2042-11-06,0.0,24.654,67.901,6.886,218.31,SSP2-4.5
2042-11-07,0.0,24.112,69.885,8.897,209.09,SSP2-4.5
2042-11-08,0.3821,23.075,80.859,12.532,176.99,SSP2-4.5
2042-11-09,7.1396,21.906,90.099,13.535,133.54,SSP2-4.5
2042-11-10,1.4017,22.414,86.123,12.548,155.26,SSP2-4.5
2042-11-11,0.6244,22.41,84.709,9.994,156.27,SSP2-4.5
2042-11-12,0.0,23.279,79.106,11.041,181.24,SSP2-4.5
2042-11-13,0.0,24.318,72.72,14.112,217.1,SSP2-4.5
2042-11-14,0.0,24.247,72.521,15.256,192.89,SSP2-4.5
2042-11-15,0.0,24.771,66.325,13.395,217.28,SSP2-4.5
2042-11-16,0.0,24.093,71.152,9.654,248.5,SSP2-4.5
2042-11-17,0.0,23.095,71.716,9.286,242.01,SSP2-4.5
2042-11-18,0.0,21.842,52.368,8.816,246.75,SSP2-4.5
2042-11-19,0.0,21.288,49.056,8.647,223.16,SSP2-4.5
2042-11-20,0.0,20.842,42.154,9.434,251.56,SSP2-4.5
2042-11-21,0.0,20.444,41.333,9.393,252.89,SSP2-4.5
2042-11-22,0.0,20.597,39.11,9.614,253.88,SSP2-4.5
2042-11-23,0.0,20.337,37.092,9.831,256.81,SSP2-4.5
2042-11-24,0.0,20.148,33.576,11.185,258.72,SSP2-4.5
2042-11-25,0.0,19.853,34.235,10.935,251.96,SSP2-4.5
2042-11-26,0.0,19.368,37.348,6.564,255.82,SSP2-4.5
2042-11-27,0.0,19.887,44.717,7.65,249.78,SSP2-4.5
2042-11-28,0.0,20.86,42.213,10.744,247.72,SSP2-4.5
2042-11-29,0.0,20.714,40.24,9.64,250.71,SSP2-4.5
2042-11-30,0.0,20.244,42.597,9.311,245.07,SSP2-4.5
2042-12-01,0.0,20.629,48.869,8.615,227.95,SSP2-4.5
2042-12-02,0.0,22.201,59.667,6.963,218.15,SSP2-4.5
2042-12-03,0.0,22.808,62.924,9.474,215.1,SSP2-4.5
2042-12-04,0.0,22.485,57.935,10.221,234.22,SSP2-4.5
2042-12-05,0.0,21.384,54.255,10.594,232.94,SSP2-4.5
2042-12-06,0.0,20.699,45.33,10.311,240.12,SSP2-4.5
2042-12-07,0.0,19.969,42.98,8.42,241.17,SSP2-4.5
2042-12-08,0.0,19.719,44.155,7.12,237.05,SSP2-4.5
2042-12-09,0.0,19.65,44.912,6.697,234.19,SSP2-4.5
2042-12-10,0.0,20.015,48.632,7.866,231.84,SSP2-4.5
2042-12-11,0.0,20.239,44.773,9.465,236.59,SSP2-4.5
2042-12-12,0.0,19.917,42.458,9.529,241.56,SSP2-4.5
2042-12-13,0.0,19.698,42.396,8.615,239.28,SSP2-4.5
2042-12-14,0.0,19.94,46.39,7.569,233.69,SSP2-4.5
2042-12-15,0.0,19.959,46.654,7.439,225.46,SSP2-4.5
2042-12-16,0.0,20.137,45.355,8.494,233.69,SSP2-4.5
2042-12-17,0.0,19.829,41.878,9.55,235.45,SSP2-4.5
2042-12-18,0.0,19.662,42.307,7.692,239.62,SSP2-4.5
2042-12-19,0.0,19.566,45.155,6.271,237.13,SSP2-4.5
2042-12-20,0.0,20.04,42.42,7.205,237.45,SSP2-4.5
2042-12-21,0.0,20.323,40.601,9.079,240.87,SSP2-4.5
2042-12-22,0.0,20.126,38.221,10.566,245.53,SSP2-4.5
2042-12-23,0.0,19.326,38.721,9.784,242.85,SSP2-4.5
2042-12-24,0.0,18.921,37.31,8.5,249.41,SSP2-4.5
2042-12-25,0.0,19.714,44.684,7.208,247.6,SSP2-4.5
2042-12-26,0.0,21.128,55.414,5.339,223.63,SSP2-4.5
2042-12-27,0.0,21.608,63.789,7.219,195.02,SSP2-4.5
2042-12-28,0.0,21.345,61.295,9.32,190.5,SSP2-4.5
2042-12-29,0.0,22.185,56.422,9.971,218.66,SSP2-4.5
2042-12-30,0.0,22.098,58.091,8.142,211.79,SSP2-4.5
2042-12-31,0.0,22.285,55.256,7.521,226.43,SSP2-4.5
2043-01-01,0.0,21.642,47.887,8.834,236.52,SSP2-4.5
2043-01-02,0.0,21.245,44.315,7.469,243.28,SSP2-4.5
2043-01-03,0.0,21.043,51.892,8.788,244.09,SSP2-4.5
2043-01-04,0.0,22.933,57.589,10.101,225.13,SSP2-4.5
2043-01-05,0.0,23.46,53.339,9.595,224.69,SSP2-4.5
2043-01-06,0.0,23.442,49.014,12.839,238.89,SSP2-4.5
2043-01-07,0.0,21.179,63.235,10.68,181.87,SSP2-4.5
2043-01-08,0.0,20.765,53.101,10.843,180.76,SSP2-4.5
2043-01-09,0.0,21.991,40.362,10.861,248.87,SSP2-4.5
2043-01-10,0.0,20.244,29.014,13.11,262.16,SSP2-4.5
2043-01-11,0.0,19.719,36.194,8.456,264.0,SSP2-4.5
2043-01-12,0.0,20.176,41.343,5.18,252.64,SSP2-4.5
2043-01-13,0.0,21.068,44.289,7.615,244.63,SSP2-4.5
2043-01-14,0.0,22.036,43.38,10.505,248.67,SSP2-4.5
2043-01-15,0.0,22.205,40.174,13.516,250.07,SSP2-4.5
2043-01-16,0.0,21.235,35.14,13.194,252.68,SSP2-4.5
2043-01-17,0.0,21.114,39.103,11.132,251.76,SSP2-4.5
2043-01-18,0.0,21.206,37.739,10.546,255.57,SSP2-4.5
2043-01-19,0.0,21.289,39.306,11.541,256.26,SSP2-4.5
2043-01-20,0.0,21.472,41.186,10.035,260.72,SSP2-4.5
2043-01-21,0.0,21.604,42.152,9.454,261.77,SSP2-4.5
2043-01-22,0.0,22.055,42.101,7.717,261.38,SSP2-4.5
2043-01-23,0.0,21.737,41.289,6.866,263.38,SSP2-4.5
2043-01-24,0.0,21.999,41.65,5.112,263.52,SSP2-4.5
2043-01-25,0.0,22.612,45.465,6.376,258.17,SSP2-4.5
2043-01-26,0.0,23.184,47.703,7.182,253.53,SSP2-4.5
2043-01-27,0.0,23.166,43.616,10.244,254.12,SSP2-4.5
2043-01-28,0.0,22.885,34.86,10.89,266.2,SSP2-4.5
2043-01-29,0.0,22.635,40.723,7.466,268.05,SSP2-4.5
2043-01-30,0.0,22.902,48.468,10.062,256.6,SSP2-4.5
2043-01-31,0.0,23.28,47.437,9.681,270.4,SSP2-4.5
2043-02-01,0.0,23.896,51.01,8.6,263.95,SSP2-4.5
2043-02-02,0.0,24.122,51.439,6.601,263.58,SSP2-4.5
2043-02-03,0.0,24.497,48.518,4.712,264.04,SSP2-4.5
2043-02-04,0.0,24.733,45.94,5.922,257.69,SSP2-4.5
2043-02-05,0.0,24.993,46.827,6.199,252.44,SSP2-4.5
2043-02-06,0.0,25.17,47.055,6.997,243.88,SSP2-4.5
2043-02-07,0.0,25.146,44.38,7.456,261.06,SSP2-4.5
2043-02-08,0.0,24.461,46.198,6.04,237.13,SSP2-4.5
2043-02-09,0.0,24.334,42.049,6.829,261.45,SSP2-4.5
2043-02-10,0.0,24.314,46.072,6.67,235.99,SSP2-4.5
2043-02-11,0.0,24.898,47.555,8.529,254.24,SSP2-4.5
2043-02-12,0.0,25.11,44.842,6.202,266.28,SSP2-4.5
2043-02-13,0.0,24.968,43.534,6.611,267.15,SSP2-4.5
2043-02-14,0.0,24.626,48.963,6.346,220.13,SSP2-4.5
2043-02-15,0.0,24.804,47.388,4.646,226.02,SSP2-4.5
2043-02-16,0.0,25.113,42.428,4.838,245.05,SSP2-4.5
2043-02-17,0.0,25.391,38.004,5.754,265.45,SSP2-4.5
2043-02-18,0.0,25.491,38.611,5.978,233.57,SSP2-4.5
2043-02-19,0.0,25.793,37.421,7.05,269.11,SSP2-4.5
2043-02-20,0.0,26.597,39.868,12.084,265.07,SSP2-4.5
2043-02-21,0.0,26.883,40.037,12.5,265.47,SSP2-4.5
2043-02-22,0.0,26.16,39.859,13.272,280.66,SSP2-4.5
2043-02-23,0.0,25.589,38.22,11.484,299.7,SSP2-4.5
2043-02-24,0.0,25.302,33.856,10.314,320.67,SSP2-4.5
2043-02-25,0.0,25.601,36.087,7.714,306.86,SSP2-4.5
2043-02-26,0.0,25.83,33.837,9.63,284.93,SSP2-4.5
2043-02-27,0.0,26.893,33.436,8.647,291.58,SSP2-4.5
2043-02-28,0.0,27.258,35.154,6.713,288.41,SSP2-4.5
2043-03-01,0.0,26.488,35.026,6.809,288.15,SSP2-4.5
2043-03-02,0.0,27.446,35.538,9.647,283.77,SSP2-4.5
2043-03-03,0.0,27.554,35.135,9.563,283.8,SSP2-4.5
2043-03-04,0.0,27.556,35.201,12.304,289.3,SSP2-4.5
2043-03-05,0.0,27.131,35.612,8.978,298.98,SSP2-4.5
2043-03-06,0.0,27.925,37.165,6.398,269.88,SSP2-4.5
2043-03-07,0.0,28.147,36.563,4.025,287.8,SSP2-4.5
2043-03-08,0.0,27.89,36.9,7.884,238.93,SSP2-4.5
2043-03-09,0.0,27.749,32.021,9.277,311.81,SSP2-4.5
2043-03-10,0.0,27.732,35.21,6.788,268.74,SSP2-4.5
2043-03-11,0.0,28.459,37.046,10.483,276.69,SSP2-4.5
2043-03-12,0.0,27.696,39.729,11.621,236.6,SSP2-4.5
2043-03-13,0.2478,26.309,52.949,7.738,217.75,SSP2-4.5
2043-03-14,0.0656,26.532,51.423,3.87,219.93,SSP2-4.5
2043-03-15,0.0024,24.374,61.7,7.196,198.0,SSP2-4.5
2043-03-16,0.3119,27.15,46.755,5.753,251.55,SSP2-4.5
2043-03-17,0.0,27.256,46.695,11.24,254.02,SSP2-4.5
2043-03-18,0.0,27.032,46.72,9.499,269.15,SSP2-4.5
2043-03-19,0.0,27.536,41.682,9.26,285.09,SSP2-4.5
2043-03-20,0.0,28.401,32.778,11.426,292.55,SSP2-4.5
2043-03-21,0.0028,28.377,31.438,9.825,302.57,SSP2-4.5
2043-03-22,0.0,29.131,36.658,5.464,275.71,SSP2-4.5
2043-03-23,0.0,29.254,35.797,7.701,293.35,SSP2-4.5
2043-03-24,0.0,29.421,34.054,9.992,282.88,SSP2-4.5
2043-03-25,0.0,29.821,32.245,10.838,293.75,SSP2-4.5
2043-03-26,0.0,30.074,34.073,5.848,256.1,SSP2-4.5
2043-03-27,0.0,29.153,32.397,9.578,260.19,SSP2-4.5
2043-03-28,0.0,27.921,24.382,12.809,339.19,SSP2-4.5
2043-03-29,0.0,27.414,23.67,9.378,353.5,SSP2-4.5
2043-03-30,0.0,27.355,23.369,7.297,353.64,SSP2-4.5
2043-03-31,0.0,27.288,24.037,3.061,353.51,SSP2-4.5
2043-04-01,0.0,27.949,28.186,6.015,327.73,SSP2-4.5
2043-04-02,0.0,29.645,30.936,8.976,304.48,SSP2-4.5
2043-04-03,0.0,28.45,38.568,10.312,236.16,SSP2-4.5
2043-04-04,0.0,29.742,32.256,6.366,305.57,SSP2-4.5
2043-04-05,0.0,29.669,29.12,4.225,313.67,SSP2-4.5
2043-04-06,0.0,29.197,28.988,3.874,315.48,SSP2-4.5
2043-04-07,0.0,29.038,26.557,4.686,334.07,SSP2-4.5
2043-04-08,0.0,28.645,25.667,6.173,343.72,SSP2-4.5
2043-04-09,0.0,29.616,28.519,9.152,339.97,SSP2-4.5
2043-04-10,0.0,30.052,29.12,8.86,327.14,SSP2-4.5
2043-04-11,0.0,30.542,27.94,7.775,324.11,SSP2-4.5
2043-04-12,0.0,30.468,26.219,5.994,324.54,SSP2-4.5
2043-04-13,0.0,30.257,26.06,6.684,327.05,SSP2-4.5
2043-04-14,0.0,30.518,25.65,7.712,320.53,SSP2-4.5
2043-04-15,0.0,30.98,27.185,8.771,289.49,SSP2-4.5
2043-04-16,0.0,31.062,29.049,6.869,304.59,SSP2-4.5
2043-04-17,0.0,31.152,29.026,7.95,268.05,SSP2-4.5
2043-04-18,0.0,31.323,28.644,8.292,281.99,SSP2-4.5
2043-04-19,0.0913,31.186,30.681,6.329,283.92,SSP2-4.5
2043-04-20,0.0,31.69,28.709,5.975,305.3,SSP2-4.5
2043-04-21,0.0,31.542,26.361,5.525,313.99,SSP2-4.5
2043-04-22,0.0,31.992,25.762,7.102,308.13,SSP2-4.5
2043-04-23,0.0,32.087,25.015,8.212,322.92,SSP2-4.5
2043-04-24,0.0,31.992,26.448,7.045,307.41,SSP2-4.5
2043-04-25,0.0,31.058,31.784,9.378,246.35,SSP2-4.5
2043-04-26,0.0,31.424,27.049,5.813,323.97,SSP2-4.5
2043-04-27,0.0,31.926,29.076,6.718,288.32,SSP2-4.5
2043-04-28,0.0,32.295,25.956,6.838,321.11,SSP2-4.5
2043-04-29,0.0,32.628,24.883,7.311,315.51,SSP2-4.5
2043-04-30,0.003,32.515,24.861,7.569,317.07,SSP2-4.5
2043-05-01,0.0007,33.773,27.52,8.233,313.62,SSP2-4.5
2043-05-02,0.4116,32.967,31.089,8.09,267.93,SSP2-4.5
2043-05-03,0.0,33.254,29.469,9.409,267.14,SSP2-4.5
2043-05-04,0.0071,33.623,27.469,10.017,298.89,SSP2-4.5
2043-05-05,0.1989,33.767,27.701,8.739,292.69,SSP2-4.5
2043-05-06,0.1359,32.956,30.461,9.549,252.16,SSP2-4.5
2043-05-07,0.6166,33.613,30.04,8.49,281.9,SSP2-4.5
2043-05-08,1.274,33.614,31.094,9.705,296.1,SSP2-4.5
2043-05-09,0.8078,33.167,34.821,10.002,288.61,SSP2-4.5
2043-05-10,0.0356,33.458,29.847,10.237,334.65,SSP2-4.5
2043-05-11,0.0,33.694,25.748,10.808,354.3,SSP2-4.5
2043-05-12,0.0,33.613,25.143,8.169,352.02,SSP2-4.5
2043-05-13,0.0,33.942,23.758,7.886,348.55,SSP2-4.5
2043-05-14,0.0023,34.696,23.538,11.268,323.77,SSP2-4.5
2043-05-15,0.0082,34.868,24.585,11.242,311.0,SSP2-4.5
2043-05-16,0.0,34.816,23.037,11.116,330.71,SSP2-4.5
2043-05-17,0.0,34.688,22.99,9.102,329.4,SSP2-4.5
2043-05-18,0.0,35.192,21.585,10.113,316.36,SSP2-4.5
2043-05-19,0.0,35.273,19.682,10.863,338.17,SSP2-4.5
2043-05-20,0.0,34.918,19.338,11.078,347.69,SSP2-4.5
2043-05-21,0.0,35.785,19.855,12.966,326.15,SSP2-4.5
2043-05-22,0.0,35.609,18.433,10.427,329.51,SSP2-4.5
2043-05-23,0.0,35.54,17.837,12.226,348.95,SSP2-4.5
2043-05-24,0.0,35.562,17.821,11.373,347.34,SSP2-4.5
2043-05-25,0.0,35.482,18.498,10.892,330.19,SSP2-4.5
2043-05-26,0.0,35.858,19.809,9.68,318.15,SSP2-4.5
2043-05-27,0.0,35.791,18.132,12.376,330.96,SSP2-4.5
2043-05-28,0.0,35.64,20.604,16.15,294.75,SSP2-4.5
2043-05-29,0.0,35.7,20.422,15.047,347.11,SSP2-4.5
2043-05-30,0.0,35.716,22.088,12.589,349.22,SSP2-4.5
2043-05-31,0.0,35.748,21.542,10.536,332.06,SSP2-4.5
2043-06-01,0.0,35.445,21.531,7.243,294.99,SSP2-4.5
2043-06-02,0.1658,34.58,23.787,8.266,300.84,SSP2-4.5
2043-06-03,0.0,29.747,49.671,8.085,210.5,SSP2-4.5
2043-06-04,0.0182,34.31,32.787,8.367,301.97,SSP2-4.5
2043-06-05,0.2193,33.644,38.428,11.123,299.67,SSP2-4.5
2043-06-06,1.069,33.367,43.656,7.821,289.78,SSP2-4.5
2043-06-07,10.7931,33.394,52.965,6.445,292.58,SSP2-4.5
2043-06-08,0.3472,33.253,51.772,6.763,302.6,SSP2-4.5
2043-06-09,0.0,33.814,38.926,11.662,316.18,SSP2-4.5
2043-06-10,0.0495,34.024,34.515,11.38,322.91,SSP2-4.5
2043-06-11,4.2533,30.027,54.627,10.447,239.33,SSP2-4.5
2043-06-12,0.0,29.902,58.867,16.968,287.73,SSP2-4.5
2043-06-13,0.0,33.362,46.121,15.3,305.31,SSP2-4.5
2043-06-14,6.1003,27.724,70.128,12.57,195.67,SSP2-4.5
2043-06-15,0.0086,32.594,50.779,15.212,291.54,SSP2-4.5
2043-06-16,5.1364,32.508,57.81,14.414,286.4,SSP2-4.5
2043-06-17,0.9678,32.106,56.096,14.491,290.91,SSP2-4.5
2043-06-18,0.0,30.557,56.583,14.579,278.96,SSP2-4.5
2043-06-19,0.1224,31.19,52.828,14.656,274.5,SSP2-4.5
2043-06-20,0.43,29.975,57.309,16.063,259.28,SSP2-4.5
2043-06-21,0.4456,28.2,64.272,16.506,224.86,SSP2-4.5
2043-06-22,21.3508,26.496,82.896,16.855,204.76,SSP2-4.5
2043-06-23,0.0,27.927,68.57,19.174,242.07,SSP2-4.5
2043-06-24,0.0297,28.022,64.934,17.721,237.85,SSP2-4.5
2043-06-25,0.7666,28.274,68.232,15.648,250.0,SSP2-4.5
2043-06-26,0.1486,28.235,68.779,14.471,268.41,SSP2-4.5
2043-06-27,1.8158,28.294,69.275,15.19,257.75,SSP2-4.5
2043-06-28,0.3706,28.281,70.242,15.558,241.45,SSP2-4.5
2043-06-29,4.8447,27.817,75.208,16.58,236.96,SSP2-4.5
2043-06-30,0.6294,27.065,78.409,16.187,218.45,SSP2-4.5
2043-07-01,18.6595,25.933,87.767,12.695,204.48,SSP2-4.5
2043-07-02,13.3075,26.343,85.753,12.742,227.91,SSP2-4.5
2043-07-03,2.5824,25.923,86.949,12.891,194.2,SSP2-4.5
2043-07-04,29.6948,25.675,91.169,14.463,201.87,SSP2-4.5
2043-07-05,17.2165,25.832,91.419,12.86,181.46,SSP2-4.5
2043-07-06,17.8573,25.902,93.241,10.138,171.48,SSP2-4.5
2043-07-07,8.108,25.894,92.869,9.732,182.97,SSP2-4.5
2043-07-08,15.9346,25.567,93.094,9.466,182.6,SSP2-4.5
2043-07-09,3.4359,25.597,91.286,10.656,203.6,SSP2-4.5
2043-07-10,25.3325,25.867,90.115,12.109,216.91,SSP2-4.5
2043-07-11,37.8799,25.697,94.662,12.739,141.61,SSP2-4.5
2043-07-12,1.3758,25.573,91.223,10.248,201.0,SSP2-4.5
2043-07-13,0.0,26.658,85.466,9.551,253.79,SSP2-4.5
2043-07-14,0.1877,27.307,85.168,7.891,284.51,SSP2-4.5
2043-07-15,0.2648,27.158,87.471,7.286,240.98,SSP2-4.5
2043-07-16,0.7533,28.22,84.051,9.433,262.2,SSP2-4.5
2043-07-17,0.0,27.809,81.453,12.149,245.1,SSP2-4.5
2043-07-18,21.2494,26.79,87.45,10.814,232.94,SSP2-4.5
2043-07-19,20.006,25.483,91.938,14.59,191.47,SSP2-4.5
2043-07-20,26.4672,25.438,93.114,12.324,150.17,SSP2-4.5
2043-07-21,4.9241,25.379,91.82,12.91,187.12,SSP2-4.5
2043-07-22,0.0,26.573,84.215,16.163,244.92,SSP2-4.5
2043-07-23,17.4651,25.917,88.588,19.047,218.8,SSP2-4.5
2043-07-24,3.7933,25.518,89.718,17.675,200.52,SSP2-4.5
2043-07-25,11.2767,25.976,87.897,21.344,222.49,SSP2-4.5
2043-07-26,44.1821,25.312,93.057,19.876,147.67,SSP2-4.5
2043-07-27,11.6902,25.324,91.927,13.388,197.67,SSP2-4.5
2043-07-28,5.5626,25.76,89.308,14.587,226.57,SSP2-4.5
2043-07-29,0.0345,26.329,87.975,12.262,234.73,SSP2-4.5
2043-07-30,0.0,27.028,84.322,12.073,254.92,SSP2-4.5
2043-07-31,0.1139,27.023,86.438,10.179,267.13,SSP2-4.5
2043-08-01,7.6542,27.347,90.003,8.188,220.77,SSP2-4.5
2043-08-02,0.0245,27.373,87.585,8.129,233.8,SSP2-4.5
2043-08-03,0.0,27.736,84.248,10.09,248.95,SSP2-4.5
2043-08-04,0.0,27.692,83.471,10.314,251.69,SSP2-4.5
2043-08-05,0.0,27.777,81.24,10.792,259.97,SSP2-4.5
2043-08-06,0.0,28.291,79.432,12.217,260.9,SSP2-4.5
2043-08-07,0.5733,27.747,81.589,11.951,238.75,SSP2-4.5
2043-08-08,0.0,27.577,82.494,12.996,247.79,SSP2-4.5
2043-08-09,0.0,27.544,82.842,13.956,231.1,SSP2-4.5
2043-08-10,1.5454,26.425,91.285,13.139,190.66,SSP2-4.5
2043-08-11,36.9055,26.01,93.178,15.048,155.88,SSP2-4.5
2043-08-12,29.6744,25.918,94.226,12.936,130.57,SSP2-4.5
2043-08-13,1.6403,26.562,91.891,12.85,206.04,SSP2-4.5
2043-08-14,0.0111,26.966,90.238,11.219,219.83,SSP2-4.5
2043-08-15,20.4739,26.978,91.661,10.406,208.32,SSP2-4.5
2043-08-16,26.7925,27.156,90.677,11.604,222.66,SSP2-4.5
2043-08-17,28.4507,26.825,94.389,8.272,171.41,SSP2-4.5
2043-08-18,29.9778,26.831,96.2,7.479,206.34,SSP2-4.5
2043-08-19,1.5654,26.989,91.182,11.097,204.86,SSP2-4.5
2043-08-20,0.0096,26.703,89.953,12.138,204.69,SSP2-4.5
2043-08-21,0.0914,26.904,88.352,12.212,214.65,SSP2-4.5
2043-08-22,0.0,27.102,87.405,11.921,222.95,SSP2-4.5
2043-08-23,0.3734,27.233,87.193,11.357,233.25,SSP2-4.5
2043-08-24,0.9292,27.114,88.832,12.075,234.32,SSP2-4.5
2043-08-25,18.6673,26.567,92.552,10.282,194.42,SSP2-4.5
2043-08-26,0.0403,26.529,92.576,9.379,202.9,SSP2-4.5
2043-08-27,1.5448,26.675,91.984,9.453,206.29,SSP2-4.5
2043-08-28,1.3943,26.744,92.53,8.16,213.7,SSP2-4.5
2043-08-29,22.9433,27.155,91.356,7.229,231.35,SSP2-4.5
2043-08-30,12.699,27.002,92.474,6.922,222.8,SSP2-4.5
2043-08-31,1.5908,27.041,91.592,4.857,225.38,SSP2-4.5
2043-09-01,0.7739,26.9,88.716,8.034,251.32,SSP2-4.5
2043-09-02,11.5863,26.687,89.741,11.764,240.16,SSP2-4.5
2043-09-03,0.2311,26.478,89.778,13.242,223.01,SSP2-4.5
2043-09-04,0.0,26.138,90.87,11.368,202.59,SSP2-4.5
2043-09-05,0.2543,26.383,90.699,7.645,223.5,SSP2-4.5
2043-09-06,1.9729,26.321,92.023,5.774,220.66,SSP2-4.5
2043-09-07,28.2686,26.181,94.19,2.974,222.1,SSP2-4.5
2043-09-08,0.0899,26.46,90.891,4.515,234.92,SSP2-4.5
2043-09-09,0.0236,26.737,89.662,2.516,244.72,SSP2-4.5
2043-09-10,0.0,27.391,85.475,3.831,247.99,SSP2-4.5
2043-09-11,0.0,27.398,86.068,3.489,253.24,SSP2-4.5
2043-09-12,0.0034,27.313,86.985,4.644,251.67,SSP2-4.5
2043-09-13,10.519,27.045,89.414,3.863,240.69,SSP2-4.5
2043-09-14,2.1443,26.899,89.949,3.629,243.06,SSP2-4.5
2043-09-15,18.2178,26.557,93.322,4.886,205.14,SSP2-4.5
2043-09-16,21.6567,26.389,92.583,4.906,229.38,SSP2-4.5
2043-09-17,0.0069,26.886,87.506,4.858,256.64,SSP2-4.5
2043-09-18,0.0,27.197,83.777,6.491,267.23,SSP2-4.5
2043-09-19,0.0,27.253,83.859,6.278,264.51,SSP2-4.5
2043-09-20,0.3114,27.122,86.188,6.327,241.18,SSP2-4.5
2043-09-21,0.2118,27.291,86.802,7.178,238.64,SSP2-4.5
2043-09-22,0.1819,27.602,85.345,7.631,240.31,SSP2-4.5
2043-09-23,0.0,27.768,83.094,8.646,250.43,SSP2-4.5
2043-09-24,0.0,27.712,81.823,8.637,263.69,SSP2-4.5
2043-09-25,0.0,27.246,80.619,7.58,255.86,SSP2-4.5
2043-09-26,0.0,26.673,80.495,6.985,243.29,SSP2-4.5
2043-09-27,0.0,26.839,76.64,7.814,283.96,SSP2-4.5
2043-09-28,0.0,26.742,80.624,8.489,226.57,SSP2-4.5
2043-09-29,0.0,27.26,79.163,8.63,245.75,SSP2-4.5
2043-09-30,0.0,27.435,83.696,5.419,248.44,SSP2-4.5
2043-10-01,4.2841,25.565,90.54,3.789,217.9,SSP2-4.5
2043-10-02,0.0406,26.362,87.0,3.734,232.21,SSP2-4.5
2043-10-03,0.169,26.688,86.253,4.625,230.13,SSP2-4.5
2043-10-04,0.96,27.284,86.435,4.89,232.47,SSP2-4.5
2043-10-05,7.7049,25.883,88.51,4.992,221.21,SSP2-4.5
2043-10-06,0.4229,25.963,87.795,3.847,223.14,SSP2-4.5
2043-10-07,0.0242,27.354,85.09,4.031,239.17,SSP2-4.5
2043-10-08,0.1676,27.126,84.286,5.023,228.0,SSP2-4.5
2043-10-09,0.0,28.334,77.583,5.074,258.34,SSP2-4.5
2043-10-10,0.0524,27.86,76.067,6.858,263.16,SSP2-4.5
2043-10-11,0.0609,27.174,75.682,7.293,263.21,SSP2-4.5
2043-10-12,0.0,26.573,72.326,7.017,270.56,SSP2-4.5
2043-10-13,0.0,26.668,69.069,5.836,279.49,SSP2-4.5
2043-10-14,0.0,26.793,66.086,4.275,280.28,SSP2-4.5
2043-10-15,0.0,26.186,75.014,8.316,264.97,SSP2-4.5
2043-10-16,0.0,27.803,71.352,7.998,254.61,SSP2-4.5
2043-10-17,0.0,27.577,66.52,6.703,255.05,SSP2-4.5
2043-10-18,0.0,27.434,64.471,8.332,250.2,SSP2-4.5
2043-10-19,0.0,27.663,61.704,8.241,239.56,SSP2-4.5
2043-10-20,0.0,27.019,61.765,8.143,235.12,SSP2-4.5
2043-10-21,0.0,27.143,60.239,7.023,250.04,SSP2-4.5
2043-10-22,0.0,26.078,61.246,8.167,241.12,SSP2-4.5
2043-10-23,0.0,26.151,63.503,6.101,256.84,SSP2-4.5
2043-10-24,0.0,26.281,66.176,5.139,260.16,SSP2-4.5
2043-10-25,0.0,26.493,80.531,7.007,215.98,SSP2-4.5
2043-10-26,0.0,25.902,83.264,7.679,215.46,SSP2-4.5
2043-10-27,3.1426,24.539,85.656,7.294,198.79,SSP2-4.5
2043-10-28,0.825,24.29,86.825,6.239,184.86,SSP2-4.5
2043-10-29,0.1004,23.857,86.032,4.169,183.81,SSP2-4.5
2043-10-30,0.252,24.346,84.864,3.318,200.78,SSP2-4.5
2043-10-31,0.0,25.46,78.013,4.064,240.22,SSP2-4.5
2043-11-01,0.0,25.565,74.109,7.707,239.1,SSP2-4.5
2043-11-02,0.0,25.585,77.85,9.151,232.71,SSP2-4.5
2043-11-03,0.0,25.413,77.345,8.236,234.35,SSP2-4.5
2043-11-04,0.0,25.365,78.301,9.137,234.18,SSP2-4.5
2043-11-05,0.0,25.139,80.057,8.951,222.76,SSP2-4.5
2043-11-06,0.0,25.021,79.235,6.912,216.05,SSP2-4.5
2043-11-07,0.0,24.797,75.234,6.301,221.01,SSP2-4.5
2043-11-08,0.0,24.431,71.88,6.783,229.67,SSP2-4.5
2043-11-09,0.0,24.465,74.093,4.167,233.38,SSP2-4.5
2043-11-10,0.0,25.103,64.143,5.302,240.48,SSP2-4.5
2043-11-11,0.0,25.069,71.725,6.654,221.5,SSP2-4.5
2043-11-12,0.799,25.247,77.292,6.126,204.97,SSP2-4.5
2043-11-13,0.8042,25.252,76.853,7.813,184.8,SSP2-4.5
2043-11-14,0.4105,24.895,80.341,4.295,183.54,SSP2-4.5
2043-11-15,0.0,24.797,65.04,9.408,204.95,SSP2-4.5
2043-11-16,0.0,23.219,47.052,11.034,237.83,SSP2-4.5
2043-11-17,0.0,22.774,47.533,9.167,251.15,SSP2-4.5
2043-11-18,0.0,22.373,49.426,8.443,249.47,SSP2-4.5
2043-11-19,0.0,22.024,49.366,7.696,252.01,SSP2-4.5
2043-11-20,0.0,22.216,54.588,7.26,248.47,SSP2-4.5
2043-11-21,0.0,22.5,60.261,6.757,247.68,SSP2-4.5
2043-11-22,0.0,22.96,57.67,6.081,244.95,SSP2-4.5
2043-11-23,0.0,23.051,56.687,6.434,241.23,SSP2-4.5
2043-11-24,0.0,23.43,56.226,4.645,237.22,SSP2-4.5
2043-11-25,0.0,23.641,57.884,6.191,234.76,SSP2-4.5
2043-11-26,0.0,23.496,56.798,8.706,230.28,SSP2-4.5
2043-11-27,0.0,23.234,58.083,7.568,232.9,SSP2-4.5
2043-11-28,0.0,23.067,57.051,6.542,227.12,SSP2-4.5
2043-11-29,0.0,22.784,50.981,5.088,238.8,SSP2-4.5
2043-11-30,0.0,22.611,51.526,4.61,237.62,SSP2-4.5
2043-12-01,0.0,22.976,52.199,4.729,240.19,SSP2-4.5
2043-12-02,0.0,23.29,54.922,5.844,229.03,SSP2-4.5
2043-12-03,0.0,22.681,54.412,6.074,211.72,SSP2-4.5
2043-12-04,0.0,21.905,41.402,9.182,229.44,SSP2-4.5
2043-12-05,0.0,21.021,32.314,9.872,247.34,SSP2-4.5
2043-12-06,0.0,20.41,34.642,8.055,228.15,SSP2-4.5
2043-12-07,0.0,20.155,39.835,8.21,243.29,SSP2-4.5
2043-12-08,0.0,21.378,55.087,8.012,227.45,SSP2-4.5
2043-12-09,0.0,21.564,47.09,11.127,224.83,SSP2-4.5
2043-12-10,0.0,21.383,35.837,11.004,236.39,SSP2-4.5
2043-12-11,0.0,20.244,48.551,7.391,160.6,SSP2-4.5
2043-12-12,0.0,22.28,42.929,8.67,229.53,SSP2-4.5
2043-12-13,0.0,21.018,33.064,11.507,242.71,SSP2-4.5
2043-12-14,0.0,20.473,32.605,10.56,247.85,SSP2-4.5
2043-12-15,0.0,20.058,35.236,9.196,246.54,SSP2-4.5
2043-12-16,0.0,20.18,39.968,8.875,242.46,SSP2-4.5
2043-12-17,0.0,20.358,38.658,10.292,240.98,SSP2-4.5
2043-12-18,0.0,20.383,36.532,9.759,237.96,SSP2-4.5
2043-12-19,0.0,20.376,34.121,10.174,242.11,SSP2-4.5
2043-12-20,0.0,20.109,33.591,8.809,246.43,SSP2-4.5
2043-12-21,0.0,19.732,34.114,8.067,250.55,SSP2-4.5
2043-12-22,0.0,19.87,34.669,7.169,244.84,SSP2-4.5
2043-12-23,0.0,20.127,37.642,3.91,240.17,SSP2-4.5
2043-12-24,0.0,20.78,42.476,4.907,233.61,SSP2-4.5
2043-12-25,0.0,20.861,46.15,4.724,241.59,SSP2-4.5
2043-12-26,0.0,21.774,50.606,7.909,235.46,SSP2-4.5
2043-12-27,0.0,22.352,52.839,6.346,232.65,SSP2-4.5
2043-12-28,0.0,22.558,48.778,9.2,228.23,SSP2-4.5
2043-12-29,0.0,21.237,64.277,8.913,166.03,SSP2-4.5
2043-12-30,0.0,21.057,73.229,10.478,172.53,SSP2-4.5
2043-12-31,0.0,22.951,58.575,9.409,226.25,SSP2-4.5
2044-01-01,0.0,22.835,54.204,9.289,232.3,SSP2-4.5
2044-01-02,0.0,22.723,55.58,7.554,222.17,SSP2-4.5
2044-01-03,0.0,23.085,56.27,6.465,214.04,SSP2-4.5
2044-01-04,0.0,21.267,63.59,7.651,189.27,SSP2-4.5
2044-01-05,0.0,22.831,55.596,6.686,214.45,SSP2-4.5
2044-01-06,0.0,23.313,51.64,6.737,226.86,SSP2-4.5
2044-01-07,0.0,24.022,53.422,7.78,217.05,SSP2-4.5
2044-01-08,0.0,23.782,54.142,8.617,219.49,SSP2-4.5
2044-01-09,0.0,21.671,65.779,11.707,189.33,SSP2-4.5
2044-01-10,0.0,22.878,51.995,9.802,225.01,SSP2-4.5
2044-01-11,0.0,22.675,42.11,10.225,225.9,SSP2-4.5
2044-01-12,0.0,21.078,45.617,7.466,197.85,SSP2-4.5
2044-01-13,0.0,22.325,56.033,7.596,210.55,SSP2-4.5
2044-01-14,0.0,23.224,52.83,8.435,223.13,SSP2-4.5
2044-01-15,0.0,23.638,49.281,10.703,236.39,SSP2-4.5
2044-01-16,0.0,23.852,50.899,11.338,209.58,SSP2-4.5
2044-01-17,0.0,24.559,50.79,9.783,234.55,SSP2-4.5
2044-01-18,0.0,23.854,43.609,9.277,244.41,SSP2-4.5
2044-01-19,0.0,23.534,44.912,7.374,236.47,SSP2-4.5
2044-01-20,0.0,23.996,46.504,6.596,237.17,SSP2-4.5
2044-01-21,0.0,24.603,45.814,8.681,246.9,SSP2-4.5
2044-01-22,0.0,24.846,49.118,9.371,225.9,SSP2-4.5
2044-01-23,0.0,25.0,46.674,9.429,248.53,SSP2-4.5
2044-01-24,0.0,24.642,45.31,8.243,226.44,SSP2-4.5
2044-01-25,0.0,24.638,54.207,10.633,220.36,SSP2-4.5
2044-01-26,0.0,24.349,51.878,12.195,209.42,SSP2-4.5
2044-01-27,0.0,24.364,56.756,8.412,197.63,SSP2-4.5
2044-01-28,0.0,24.495,55.898,8.759,211.12,SSP2-4.5
2044-01-29,0.0,23.634,61.215,13.316,173.93,SSP2-4.5
2044-01-30,0.0,22.768,62.478,12.421,182.93,SSP2-4.5
2044-01-31,0.0,23.564,41.151,13.762,229.51,SSP2-4.5
2044-02-01,0.0,23.9,45.389,10.803,230.71,SSP2-4.5
2044-02-02,0.0,21.105,74.225,13.483,144.05,SSP2-4.5
2044-02-03,0.0,21.057,71.122,11.511,153.39,SSP2-4.5
2044-02-04,0.0,21.92,65.638,8.435,201.06,SSP2-4.5
2044-02-05,0.0,24.578,61.061,7.947,228.32,SSP2-4.5
2044-02-06,0.0,25.641,59.095,9.53,206.99,SSP2-4.5
2044-02-07,0.0,25.67,59.959,8.608,221.21,SSP2-4.5
2044-02-08,0.0,25.798,59.567,10.203,214.16,SSP2-4.5
2044-02-09,0.0,26.022,51.907,10.957,213.68,SSP2-4.5
2044-02-10,0.0,26.342,52.802,11.514,227.94,SSP2-4.5
2044-02-11,0.0,27.19,49.974,10.73,238.34,SSP2-4.5
2044-02-12,0.0,26.069,54.948,7.307,223.8,SSP2-4.5
2044-02-13,0.0,26.274,46.237,8.967,249.34,SSP2-4.5
2044-02-14,0.0,25.912,36.339,7.573,274.9,SSP2-4.5
2044-02-15,0.0,25.613,40.14,11.227,277.38,SSP2-4.5
2044-02-16,0.0,26.905,40.054,13.592,264.34,SSP2-4.5
2044-02-17,0.0,26.395,43.397,8.315,230.5,SSP2-4.5
2044-02-18,0.0,26.697,38.343,5.194,280.63,SSP2-4.5
2044-02-19,0.0,26.705,35.275,8.322,268.52,SSP2-4.5
2044-02-20,0.0,26.566,34.155,8.945,280.57,SSP2-4.5
2044-02-21,0.0,26.851,35.583,7.529,273.0,SSP2-4.5
2044-02-22,0.0,27.452,37.181,5.338,268.93,SSP2-4.5
2044-02-23,0.0,26.997,34.764,6.621,272.87,SSP2-4.5
2044-02-24,0.0,26.702,31.032,6.928,290.61,SSP2-4.5
2044-02-25,0.0,26.415,30.249,6.238,292.39,SSP2-4.5
2044-02-26,0.0,26.528,29.951,5.221,296.72,SSP2-4.5
2044-02-27,0.0,26.804,30.756,5.339,292.26,SSP2-4.5
2044-02-28,0.0,27.437,33.102,6.816,289.05,SSP2-4.5
2044-02-29,0.0,27.707,33.487,6.463,287.1,SSP2-4.5
2044-03-01,0.0,27.315,33.515,7.173,286.78,SSP2-4.5
2044-03-02,0.0,27.532,32.187,5.072,291.43,SSP2-4.5
2044-03-03,0.0,27.273,29.825,5.338,300.81,SSP2-4.5
2044-03-04,0.0,27.672,29.539,8.605,273.98,SSP2-4.5
2044-03-05,0.0,28.44,29.932,11.453,290.24,SSP2-4.5
2044-03-06,0.0,28.236,28.891,10.8,291.14,SSP2-4.5
2044-03-07,0.0,28.25,33.787,5.661,229.9,SSP2-4.5
2044-03-08,0.0,28.233,34.631,3.7,227.19,SSP2-4.5
2044-03-09,0.0,28.903,33.207,4.587,264.49,SSP2-4.5
2044-03-10,0.0,29.369,32.582,8.837,253.97,SSP2-4.5
2044-03-11,0.0,29.387,32.298,7.698,254.28,SSP2-4.5
2044-03-12,0.0,29.188,30.541,6.496,275.83,SSP2-4.5
2044-03-13,0.0032,27.712,42.13,7.124,223.01,SSP2-4.5
2044-03-14,0.0535,25.744,58.576,5.54,195.48,SSP2-4.5
2044-03-15,0.0053,28.589,38.257,6.657,288.8,SSP2-4.5
2044-03-16,0.001,29.124,29.688,7.919,289.41,SSP2-4.5
2044-03-17,0.0,28.976,31.43,8.835,310.52,SSP2-4.5
2044-03-18,4.566,28.965,42.044,11.441,276.94,SSP2-4.5
2044-03-19,0.0004,28.607,39.635,10.904,256.74,SSP2-4.5
2044-03-20,0.0,29.312,32.952,6.733,318.39,SSP2-4.5
2044-03-21,0.0,29.351,31.444,6.286,301.5,SSP2-4.5
2044-03-22,0.0,29.773,30.144,5.187,307.0,SSP2-4.5
2044-03-23,0.0,29.463,30.186,4.332,305.61,SSP2-4.5
2044-03-24,0.0,29.881,29.548,4.825,305.92,SSP2-4.5
2044-03-25,0.0,30.176,30.162,6.368,284.37,SSP2-4.5
2044-03-26,0.0,30.713,30.42,5.53,277.47,SSP2-4.5
2044-03-27,0.0,30.463,27.335,6.522,288.54,SSP2-4.5
2044-03-28,0.0,30.952,26.258,9.729,305.09,SSP2-4.5
2044-03-29,0.0,30.21,24.518,12.65,327.24,SSP2-4.5
2044-03-30,0.0,29.309,22.543,8.164,337.28,SSP2-4.5
2044-03-31,0.0,28.54,25.738,5.2,330.82,SSP2-4.5
2044-04-01,0.8075,30.462,36.014,11.718,289.3,SSP2-4.5
2044-04-02,0.1069,30.673,35.83,12.189,288.07,SSP2-4.5
2044-04-03,0.0117,30.768,34.893,8.175,308.16,SSP2-4.5
2044-04-04,0.0013,30.197,27.95,10.638,318.37,SSP2-4.5
2044-04-05,0.0,29.665,26.522,6.253,317.6,SSP2-4.5
2044-04-06,0.0026,30.383,27.598,4.4,313.8,SSP2-4.5
2044-04-07,0.0,30.508,25.613,5.419,282.43,SSP2-4.5
2044-04-08,0.0,29.324,21.395,5.343,350.05,SSP2-4.5
2044-04-09,0.0,28.964,22.667,3.867,338.08,SSP2-4.5
2044-04-10,0.0,29.467,25.051,5.105,333.08,SSP2-4.5
2044-04-11,0.0,30.028,25.202,6.475,326.82,SSP2-4.5
2044-04-12,0.0,31.149,26.144,10.218,319.04,SSP2-4.5
2044-04-13,0.0,31.473,27.8,10.687,321.1,SSP2-4.5
2044-04-14,0.0,30.764,29.179,9.225,284.19,SSP2-4.5
2044-04-15,0.0435,31.522,27.895,9.465,284.5,SSP2-4.5
2044-04-16,0.0549,30.933,28.625,10.192,258.94,SSP2-4.5
2044-04-17,1.8872,29.207,34.201,6.735,233.9,SSP2-4.5
2044-04-18,1.7544,29.042,45.222,6.892,251.09,SSP2-4.5
2044-04-19,0.0,27.463,51.244,4.209,211.97,SSP2-4.5
2044-04-20,0.0,29.813,30.141,7.258,331.83,SSP2-4.5
2044-04-21,0.0,30.297,26.868,5.558,328.65,SSP2-4.5
2044-04-22,0.0,31.113,25.603,5.409,324.13,SSP2-4.5
2044-04-23,0.0,31.674,23.73,5.755,325.31,SSP2-4.5
2044-04-24,0.0,31.592,22.444,6.32,339.82,SSP2-4.5
2044-04-25,0.0,32.012,23.391,4.76,333.86,SSP2-4.5
2044-04-26,0.0,32.306,27.583,5.681,297.9,SSP2-4.5
2044-04-27,0.0,31.824,29.339,5.917,245.33,SSP2-4.5
2044-04-28,0.0,32.307,26.558,5.488,272.68,SSP2-4.5
2044-04-29,0.0,31.617,23.217,6.054,328.02,SSP2-4.5
2044-04-30,0.0,32.108,23.413,7.529,321.07,SSP2-4.5
2044-05-01,0.0,33.751,23.086,6.899,324.69,SSP2-4.5
2044-05-02,0.0,34.198,23.191,6.03,275.79,SSP2-4.5
2044-05-03,0.0,33.663,22.034,5.663,323.7,SSP2-4.5
2044-05-04,0.0,34.8,24.22,7.188,300.46,SSP2-4.5
2044-05-05,0.0,34.561,26.991,6.681,261.8,SSP2-4.5
2044-05-06,0.0,34.243,23.724,7.29,313.16,SSP2-4.5
2044-05-07,0.0,34.473,27.384,10.141,302.74,SSP2-4.5
2044-05-08,0.0,34.254,25.119,9.551,319.22,SSP2-4.5
2044-05-09,0.0,35.237,21.983,7.863,301.76,SSP2-4.5
2044-05-10,0.1089,35.24,22.727,9.26,302.42,SSP2-4.5
2044-05-11,0.0,35.263,25.811,7.593,273.0,SSP2-4.5
2044-05-12,0.0492,35.002,24.944,4.187,309.72,SSP2-4.5
2044-05-13,0.0015,34.793,24.075,5.654,320.64,SSP2-4.5
2044-05-14,0.0,35.233,24.437,5.97,289.56,SSP2-4.5
2044-05-15,0.0213,35.27,25.25,7.301,297.43,SSP2-4.5
2044-05-16,0.0,35.173,28.198,7.071,269.53,SSP2-4.5
2044-05-17,0.0,34.082,30.158,10.878,260.16,SSP2-4.5
2044-05-18,0.0,33.894,31.355,11.974,256.03,SSP2-4.5
2044-05-19,8.805,30.568,49.012,8.962,208.58,SSP2-4.5
2044-05-20,2.1294,31.056,52.693,9.893,240.97,SSP2-4.5
2044-05-21,0.3834,31.404,54.49,9.643,262.32,SSP2-4.5
2044-05-22,0.0128,33.051,42.962,11.764,314.2,SSP2-4.5
2044-05-23,0.0,32.779,47.832,12.432,285.77,SSP2-4.5
2044-05-24,0.0,33.165,45.779,10.206,298.91,SSP2-4.5
2044-05-25,0.0,33.741,42.014,7.222,277.77,SSP2-4.5
2044-05-26,0.0,35.031,33.411,10.067,278.48,SSP2-4.5
2044-05-27,0.0,35.538,31.542,9.254,282.44,SSP2-4.5
2044-05-28,0.0,35.288,31.202,11.314,299.98,SSP2-4.5
2044-05-29,0.0,34.999,30.363,13.726,296.95,SSP2-4.5
2044-05-30,1.4346,33.624,38.093,11.766,278.63,SSP2-4.5
2044-05-31,18.1261,28.81,71.358,7.997,226.73,SSP2-4.5
2044-06-01,0.0,32.176,45.497,8.587,308.06,SSP2-4.5
2044-06-02,0.0,33.71,30.837,14.567,340.93,SSP2-4.5
2044-06-03,0.0,34.329,26.272,16.009,332.74,SSP2-4.5
2044-06-04,0.0,33.943,25.018,14.723,329.16,SSP2-4.5
2044-06-05,0.0,33.927,25.007,14.267,333.64,SSP2-4.5
2044-06-06,0.0,34.174,23.976,14.448,322.61,SSP2-4.5
2044-06-07,0.0,35.102,23.456,15.977,335.79,SSP2-4.5
2044-06-08,0.0,34.74,25.193,18.089,289.47,SSP2-4.5
2044-06-09,0.0,34.461,29.038,18.668,317.12,SSP2-4.5
2044-06-10,0.0,34.57,26.31,17.903,338.56,SSP2-4.5
2044-06-11,0.0,34.649,24.623,15.748,349.9,SSP2-4.5
2044-06-12,0.0,34.75,23.256,13.716,309.72,SSP2-4.5
2044-06-13,0.0,31.775,28.544,12.434,242.93,SSP2-4.5
2044-06-14,0.0,35.433,25.116,14.837,320.82,SSP2-4.5
2044-06-15,0.0,35.377,25.753,15.649,308.23,SSP2-4.5
2044-06-16,0.0,35.264,24.703,15.668,328.49,SSP2-4.5
2044-06-17,0.0,35.257,28.35,14.571,324.8,SSP2-4.5
2044-06-18,0.0,35.98,27.843,13.849,318.51,SSP2-4.5
2044-06-19,0.0214,35.015,32.88,13.494,295.01,SSP2-4.5
2044-06-20,2.9125,32.94,43.392,15.5,259.81,SSP2-4.5
2044-06-21,2.2169,33.849,42.891,15.042,291.36,SSP2-4.5
2044-06-22,0.4281,34.301,45.633,14.512,297.3,SSP2-4.5
2044-06-23,0.0,32.046,50.66,15.334,259.85,SSP2-4.5
2044-06-24,0.0,30.897,54.975,16.882,278.07,SSP2-4.5
2044-06-25,0.0,32.35,51.546,17.605,307.14,SSP2-4.5
2044-06-26,0.0,31.181,51.976,18.074,294.22,SSP2-4.5
2044-06-27,0.0,30.953,51.894,18.09,278.71,SSP2-4.5
2044-06-28,0.0,31.533,50.952,18.284,308.79,SSP2-4.5
2044-06-29,0.0,30.475,55.629,18.279,287.34,SSP2-4.5
2044-06-30,0.0,29.982,58.046,19.696,290.18,SSP2-4.5
2044-07-01,0.0,30.025,59.146,19.894,286.24,SSP2-4.5
2044-07-02,0.0,29.927,59.228,18.818,283.26,SSP2-4.5
2044-07-03,0.0,29.414,61.107,16.866,249.86,SSP2-4.5
2044-07-04,0.0,27.963,71.55,12.64,211.25,SSP2-4.5
2044-07-05,21.8437,28.529,76.275,11.665,228.44,SSP2-4.5
2044-07-06,35.3966,26.294,93.651,12.09,167.03,SSP2-4.5
2044-07-07,19.172,26.261,93.132,11.731,162.42,SSP2-4.5
2044-07-08,3.5327,27.678,84.264,13.049,246.02,SSP2-4.5
2044-07-09,0.0397,27.71,80.216,13.704,250.8,SSP2-4.5
2044-07-10,14.206,26.858,87.741,14.105,216.65,SSP2-4.5
2044-07-11,30.1332,26.334,92.375,14.181,173.9,SSP2-4.5
2044-07-12,14.9878,26.383,94.846,6.363,174.31,SSP2-4.5
2044-07-13,6.4054,26.679,92.14,7.014,208.77,SSP2-4.5
2044-07-14,2.6389,26.862,91.507,9.226,220.08,SSP2-4.5
2044-07-15,28.5748,26.637,92.892,7.207,208.96,SSP2-4.5
2044-07-16,18.1773,26.523,94.025,4.562,203.03,SSP2-4.5
2044-07-17,15.8833,26.698,91.956,8.987,217.54,SSP2-4.5
2044-07-18,19.9206,26.401,92.091,12.042,185.34,SSP2-4.5
2044-07-19,11.814,26.192,92.629,12.953,184.0,SSP2-4.5
2044-07-20,25.3926,26.316,92.725,11.333,197.79,SSP2-4.5
2044-07-21,28.3444,26.069,93.029,13.288,159.34,SSP2-4.5
2044-07-22,2.4417,26.09,91.987,13.709,197.27,SSP2-4.5
2044-07-23,2.4837,26.418,89.241,15.065,207.63,SSP2-4.5
2044-07-24,19.4115,26.262,92.732,15.336,181.71,SSP2-4.5
2044-07-25,4.5968,26.368,92.565,12.694,196.12,SSP2-4.5
2044-07-26,3.1994,26.46,91.013,14.591,211.21,SSP2-4.5
2044-07-27,0.9806,26.998,87.771,15.644,235.21,SSP2-4.5
2044-07-28,0.0,27.067,84.717,15.591,225.24,SSP2-4.5
2044-07-29,0.0,27.263,84.189,11.785,242.58,SSP2-4.5
2044-07-30,0.0,28.172,79.535,13.473,293.79,SSP2-4.5
2044-07-31,0.012,28.144,82.955,13.445,253.88,SSP2-4.5
2044-08-01,0.0,27.52,85.602,14.247,221.72,SSP2-4.5
2044-08-02,0.0,27.491,85.005,15.931,240.41,SSP2-4.5
2044-08-03,1.4189,27.62,84.052,15.933,238.57,SSP2-4.5
2044-08-04,0.7173,27.244,85.598,15.633,226.68,SSP2-4.5
2044-08-05,0.3172,27.328,84.036,14.921,232.44,SSP2-4.5
2044-08-06,0.2143,27.526,87.242,11.142,231.22,SSP2-4.5
2044-08-07,0.0,27.561,86.233,10.979,235.86,SSP2-4.5
2044-08-08,0.8524,27.566,84.922,12.961,240.66,SSP2-4.5
2044-08-09,5.8159,27.651,86.063,13.926,240.76,SSP2-4.5
2044-08-10,3.9162,27.63,86.479,14.236,242.75,SSP2-4.5
2044-08-11,1.7852,27.318,88.179,14.071,222.15,SSP2-4.5
2044-08-12,0.4926,27.103,87.791,15.436,216.31,SSP2-4.5
2044-08-13,0.1189,27.149,84.482,17.022,230.89,SSP2-4.5
2044-08-14,0.7616,26.907,87.877,16.271,214.16,SSP2-4.5
2044-08-15,26.2805,26.519,91.132,17.313,179.73,SSP2-4.5
2044-08-16,16.2826,26.305,90.033,17.819,189.12,SSP2-4.5
2044-08-17,26.2521,26.234,91.309,18.518,169.21,SSP2-4.5
2044-08-18,18.3479,25.815,92.857,15.172,189.86,SSP2-4.5
2044-08-19,1.1341,26.819,89.71,11.578,211.14,SSP2-4.5
2044-08-20,15.8464,27.223,87.963,12.095,232.91,SSP2-4.5
2044-08-21,18.8853,26.463,95.438,9.033,160.74,SSP2-4.5
2044-08-22,19.2741,27.369,90.478,6.799,243.88,SSP2-4.5
2044-08-23,29.6163,27.143,91.826,9.552,224.11,SSP2-4.5
2044-08-24,27.0377,26.8,95.699,7.118,177.24,SSP2-4.5
2044-08-25,5.6228,26.825,94.149,8.19,194.74,SSP2-4.5
2044-08-26,0.0,27.433,87.875,8.254,246.65,SSP2-4.5
2044-08-27,1.3144,27.363,89.731,7.87,242.01,SSP2-4.5
2044-08-28,8.14,27.253,90.903,4.463,229.76,SSP2-4.5
2044-08-29,0.4878,27.447,89.872,4.034,243.6,SSP2-4.5
2044-08-30,5.8369,27.435,89.779,4.484,239.42,SSP2-4.5
2044-08-31,10.6648,27.099,91.377,4.242,230.35,SSP2-4.5
2044-09-01,0.0065,27.231,84.621,6.636,255.48,SSP2-4.5
2044-09-02,0.0,27.509,84.486,5.243,254.17,SSP2-4.5
2044-09-03,0.0,27.941,81.41,4.297,264.98,SSP2-4.5
2044-09-04,0.0,27.737,84.456,6.415,251.08,SSP2-4.5
2044-09-05,8.6062,27.299,88.127,7.862,243.03,SSP2-4.5
2044-09-06,3.4809,27.611,87.923,6.92,245.28,SSP2-4.5
2044-09-07,6.2328,27.098,90.02,5.035,228.84,SSP2-4.5
2044-09-08,26.985,26.7,92.373,3.589,229.44,SSP2-4.5
2044-09-09,14.1582,26.549,92.288,3.367,228.49,SSP2-4.5
2044-09-10,20.7844,26.432,92.978,2.72,218.23,SSP2-4.5
2044-09-11,4.1582,26.555,91.362,4.053,227.72,SSP2-4.5
2044-09-12,0.7512,26.887,88.286,6.239,233.09,SSP2-4.5
2044-09-13,0.0615,27.074,86.701,6.212,247.08,SSP2-4.5
2044-09-14,0.0,27.097,83.709,4.957,253.72,SSP2-4.5
2044-09-15,0.0,27.26,82.988,4.067,263.35,SSP2-4.5
2044-09-16,0.0,27.519,84.983,5.425,256.83,SSP2-4.5
2044-09-17,0.0,27.682,82.771,6.32,252.97,SSP2-4.5
2044-09-18,0.0,27.926,82.411,3.817,254.26,SSP2-4.5
2044-09-19,28.9657,26.717,93.625,6.841,177.22,SSP2-4.5
2044-09-20,46.3004,26.363,95.912,8.311,145.16,SSP2-4.5
2044-09-21,8.2565,26.182,94.282,7.434,181.4,SSP2-4.5
2044-09-22,1.9384,26.379,91.168,5.784,225.28,SSP2-4.5
2044-09-23,4.4646,26.207,91.565,6.688,211.64,SSP2-4.5
2044-09-24,11.6416,26.426,90.404,4.951,224.8,SSP2-4.5
2044-09-25,17.0008,26.641,90.556,3.886,222.98,SSP2-4.5
2044-09-26,22.4686,26.027,93.329,3.456,206.9,SSP2-4.5
2044-09-27,3.6042,26.233,90.913,3.016,225.92,SSP2-4.5
2044-09-28,15.3969,26.356,90.167,7.933,234.01,SSP2-4.5
2044-09-29,42.1382,25.823,92.331,15.245,193.65,SSP2-4.5
2044-09-30,19.0137,25.731,90.866,16.719,198.52,SSP2-4.5
2044-10-01,0.9743,24.527,89.81,14.752,203.44,SSP2-4.5
2044-10-02,0.8067,24.735,89.386,11.666,210.4,SSP2-4.5
2044-10-03,0.6353,24.955,88.614,9.954,222.38,SSP2-4.5
2044-10-04,0.3145,25.257,88.147,8.49,220.88,SSP2-4.5
2044-10-05,0.2288,25.746,87.147,8.604,230.05,SSP2-4.5
2044-10-06,0.0,25.305,88.007,7.075,224.73,SSP2-4.5
2044-10-07,0.3569,25.466,88.29,5.997,220.39,SSP2-4.5
2044-10-08,0.1007,26.349,79.802,5.704,239.84,SSP2-4.5
2044-10-09,0.0,26.077,78.475,4.903,237.6,SSP2-4.5
2044-10-10,0.0,26.397,78.593,3.272,270.45,SSP2-4.5
2044-10-11,0.0,26.549,82.986,5.819,247.15,SSP2-4.5
2044-10-12,0.0,26.263,84.845,5.879,234.7,SSP2-4.5
2044-10-13,0.0,26.042,86.058,5.247,228.6,SSP2-4.5
2044-10-14,0.0,25.713,86.338,4.73,223.01,SSP2-4.5
2044-10-15,0.0,25.822,85.993,5.986,232.07,SSP2-4.5
2044-10-16,0.0,25.566,86.11,5.362,229.81,SSP2-4.5
2044-10-17,0.0,25.999,84.603,5.426,238.56,SSP2-4.5
2044-10-18,0.0,26.539,82.714,5.339,234.87,SSP2-4.5
2044-10-19,0.0,26.136,84.411,5.664,221.01,SSP2-4.5
2044-10-20,0.0,24.908,86.482,5.087,202.11,SSP2-4.5
2044-10-21,0.0,24.906,85.987,6.34,212.88,SSP2-4.5
2044-10-22,0.0,25.299,84.196,5.734,239.89,SSP2-4.5
2044-10-23,0.0,24.122,86.951,3.724,193.87,SSP2-4.5
2044-10-24,0.0,26.272,81.533,4.233,246.73,SSP2-4.5
2044-10-25,0.0,25.757,81.85,3.997,213.62,SSP2-4.5
2044-10-26,0.0,24.981,81.45,8.571,192.26,SSP2-4.5
2044-10-27,0.0,24.071,67.724,10.296,195.55,SSP2-4.5
2044-10-28,0.1142,23.145,82.64,10.235,183.51,SSP2-4.5
2044-10-29,0.0,25.121,68.624,12.57,246.78,SSP2-4.5
2044-10-30,1.292,25.034,66.206,10.125,245.95,SSP2-4.5
2044-10-31,0.0363,25.25,78.578,7.196,223.25,SSP2-4.5
2044-11-01,0.0,25.759,76.706,5.935,245.17,SSP2-4.5
2044-11-02,0.0,25.235,77.4,5.93,224.79,SSP2-4.5
2044-11-03,0.0,25.35,72.099,5.757,246.88,SSP2-4.5
2044-11-04,0.0,25.283,78.635,7.435,232.29,SSP2-4.5
2044-11-05,0.0,25.191,69.344,9.215,225.77,SSP2-4.5
2044-11-06,0.0223,24.646,54.758,14.263,228.55,SSP2-4.5
2044-11-07,13.2199,23.102,83.376,17.52,157.52,SSP2-4.5
2044-11-08,38.9618,22.885,90.046,17.642,145.17,SSP2-4.5
2044-11-09,21.3984,22.92,91.091,12.211,157.57,SSP2-4.5
2044-11-10,1.6505,23.35,86.313,9.485,173.12,SSP2-4.5
2044-11-11,0.006,24.184,80.932,8.337,204.01,SSP2-4.5
2044-11-12,0.0,24.202,79.89,6.94,193.38,SSP2-4.5
2044-11-13,0.0,24.188,77.998,6.877,230.13,SSP2-4.5
2044-11-14,0.0,24.132,75.301,6.802,242.13,SSP2-4.5
2044-11-15,0.0,24.381,73.962,7.246,234.77,SSP2-4.5
2044-11-16,0.0,24.356,77.714,7.563,224.16,SSP2-4.5
2044-11-17,0.0,24.015,77.715,7.192,211.39,SSP2-4.5
2044-11-18,0.0,23.726,72.919,7.518,223.34,SSP2-4.5
2044-11-19,0.0,23.537,71.267,7.213,252.6,SSP2-4.5
2044-11-20,0.0,23.875,69.943,5.566,237.36,SSP2-4.5
2044-11-21,0.0,23.893,75.632,5.318,214.74,SSP2-4.5
2044-11-22,0.0,22.641,80.316,6.27,179.73,SSP2-4.5
2044-11-23,0.0,23.376,71.285,6.615,228.95,SSP2-4.5
2044-11-24,0.0,22.894,70.151,6.52,210.46,SSP2-4.5
2044-11-25,0.0,23.347,70.623,7.545,203.89,SSP2-4.5
2044-11-26,0.0,22.564,65.692,8.394,212.93,SSP2-4.5
2044-11-27,0.0,22.211,61.074,7.637,235.59,SSP2-4.5
2044-11-28,0.0,22.23,59.298,8.12,235.4,SSP2-4.5
2044-11-29,0.0,22.481,59.124,8.147,245.58,SSP2-4.5
2044-11-30,0.0,23.933,60.043,9.09,239.7,SSP2-4.5
2044-12-01,0.0,23.703,58.814,7.563,236.58,SSP2-4.5
2044-12-02,0.0,23.071,54.976,8.328,239.09,SSP2-4.5
2044-12-03,0.0,22.565,56.209,6.103,234.62,SSP2-4.5
2044-12-04,0.0,22.695,60.703,4.848,224.58,SSP2-4.5
2044-12-05,0.0,22.98,60.572,7.152,222.11,SSP2-4.5
2044-12-06,0.0,23.012,61.091,6.32,206.15,SSP2-4.5
2044-12-07,0.0,22.867,63.876,5.92,222.53,SSP2-4.5
2044-12-08,0.0,22.942,58.979,8.186,230.15,SSP2-4.5
2044-12-09,0.0,22.56,58.078,10.219,231.64,SSP2-4.5
2044-12-10,0.0,22.591,55.988,9.86,229.72,SSP2-4.5
2044-12-11,0.0,22.377,55.935,9.619,212.81,SSP2-4.5
2044-12-12,0.0,21.916,55.342,10.086,213.57,SSP2-4.5
2044-12-13,0.0,21.227,62.0,9.41,186.85,SSP2-4.5
2044-12-14,0.0,22.392,63.238,8.864,203.42,SSP2-4.5
2044-12-15,0.0,21.525,63.847,9.569,175.99,SSP2-4.5
2044-12-16,0.0,21.496,61.173,8.397,210.58,SSP2-4.5
2044-12-17,0.0,21.788,60.062,8.219,214.63,SSP2-4.5
2044-12-18,0.0,23.009,55.097,8.286,216.16,SSP2-4.5
2044-12-19,0.0,22.998,52.693,7.854,211.24,SSP2-4.5
2044-12-20,0.0,22.06,53.409,8.208,207.03,SSP2-4.5
2044-12-21,0.0,21.345,52.301,9.104,215.32,SSP2-4.5
2044-12-22,0.0,20.901,56.46,9.48,188.92,SSP2-4.5
2044-12-23,0.0,21.597,49.69,9.806,222.22,SSP2-4.5
2044-12-24,0.0,21.953,49.521,10.732,222.74,SSP2-4.5
2044-12-25,0.0,21.028,47.525,9.849,226.53,SSP2-4.5
2044-12-26,0.0,20.016,47.976,8.754,208.7,SSP2-4.5
2044-12-27,0.0,19.803,46.876,7.408,201.13,SSP2-4.5
2044-12-28,0.0,19.981,45.228,7.991,225.24,SSP2-4.5
2044-12-29,0.0,19.657,45.51,8.346,219.84,SSP2-4.5
2044-12-30,0.0,19.852,43.454,8.166,238.98,SSP2-4.5
2044-12-31,0.0,19.827,45.268,6.152,238.55,SSP2-4.5
2045-01-01,0.0,19.698,46.719,7.396,221.61,SSP2-4.5
2045-01-02,0.0,20.283,47.052,7.186,245.06,SSP2-4.5
2045-01-03,0.0,21.05,46.396,8.485,245.48,SSP2-4.5
2045-01-04,0.0,21.044,46.226,6.84,235.24,SSP2-4.5
2045-01-05,0.0,21.285,44.761,7.983,239.77,SSP2-4.5
2045-01-06,0.0,21.341,37.528,11.32,244.6,SSP2-4.5
2045-01-07,0.0,20.939,37.433,10.141,252.48,SSP2-4.5
2045-01-08,0.0,20.711,38.622,6.043,251.26,SSP2-4.5
2045-01-09,0.0,20.034,41.721,5.927,208.75,SSP2-4.5
2045-01-10,0.0,20.525,40.321,8.206,243.6,SSP2-4.5
2045-01-11,0.0,20.52,35.114,12.087,244.0,SSP2-4.5
2045-01-12,0.0,20.536,30.852,12.756,251.67,SSP2-4.5
2045-01-13,0.0,20.27,29.813,13.194,249.33,SSP2-4.5
2045-01-14,0.0,20.004,30.061,13.491,268.85,SSP2-4.5
2045-01-15,0.0,20.44,31.958,11.948,270.31,SSP2-4.5
2045-01-16,0.0,20.409,34.568,10.971,267.84,SSP2-4.5
2045-01-17,0.0,21.117,38.639,7.003,250.66,SSP2-4.5
2045-01-18,0.0,21.718,43.139,6.536,242.08,SSP2-4.5
2045-01-19,0.0,22.513,50.615,5.506,233.8,SSP2-4.5
2045-01-20,0.0,22.48,49.016,8.085,255.06,SSP2-4.5
2045-01-21,0.0,22.606,50.019,5.519,256.87,SSP2-4.5
2045-01-22,0.0,23.179,49.75,6.166,251.44,SSP2-4.5
2045-01-23,0.0,23.836,50.784,5.413,233.54,SSP2-4.5
2045-01-24,0.0,23.65,50.929,6.4,245.61,SSP2-4.5
2045-01-25,0.0,23.812,52.64,5.103,247.1,SSP2-4.5
2045-01-26,0.0,23.943,52.589,6.073,249.27,SSP2-4.5
2045-01-27,0.0,23.776,48.149,5.731,253.16,SSP2-4.5
2045-01-28,0.0,23.425,45.986,7.063,254.5,SSP2-4.5
2045-01-29,0.0,23.25,41.061,8.017,261.88,SSP2-4.5
2045-01-30,0.0,22.871,35.509,8.09,272.29,SSP2-4.5
2045-01-31,0.0,22.591,36.333,6.099,271.6,SSP2-4.5
2045-02-01,0.0,22.836,34.707,7.948,276.48,SSP2-4.5
2045-02-02,0.0,22.627,32.909,7.329,277.33,SSP2-4.5
2045-02-03,0.0,22.851,34.585,4.359,278.37,SSP2-4.5
2045-02-04,0.0,23.794,39.421,4.762,271.69,SSP2-4.5
2045-02-05,0.0,23.877,38.812,4.485,273.49,SSP2-4.5
2045-02-06,0.0,24.628,40.466,4.813,264.81,SSP2-4.5
2045-02-07,0.0,24.772,38.706,5.928,267.66,SSP2-4.5
2045-02-08,0.0,24.793,39.499,6.881,266.45,SSP2-4.5
2045-02-09,0.0,24.681,40.655,6.092,269.64,SSP2-4.5
2045-02-10,0.0,24.726,38.31,4.707,274.21,SSP2-4.5
2045-02-11,0.0,24.45,34.819,5.945,277.68,SSP2-4.5
2045-02-12,0.0,24.429,35.458,4.229,273.12,SSP2-4.5
2045-02-13,0.0,24.701,37.471,3.224,276.89,SSP2-4.5
2045-02-14,0.0,24.877,40.426,7.091,279.01,SSP2-4.5
2045-02-15,0.0,25.12,39.285,8.097,278.56,SSP2-4.5
2045-02-16,0.0,24.878,37.954,7.434,285.52,SSP2-4.5
2045-02-17,0.0,25.887,50.347,10.103,278.76,SSP2-4.5
2045-02-18,0.0,26.731,54.633,9.652,268.79,SSP2-4.5
2045-02-19,0.0001,26.731,53.724,8.712,251.49,SSP2-4.5
2045-02-20,0.0068,26.767,52.246,9.675,264.86,SSP2-4.5
2045-02-21,0.0103,25.885,55.453,9.496,260.14,SSP2-4.5
2045-02-22,0.0,26.462,49.184,8.568,281.09,SSP2-4.5
2045-02-23,0.0,26.686,44.46,9.374,282.82,SSP2-4.5
2045-02-24,0.0,26.525,39.813,10.33,286.01,SSP2-4.5
2045-02-25,0.0,26.257,34.301,9.746,300.14,SSP2-4.5
2045-02-26,0.0,25.995,32.421,7.828,300.39,SSP2-4.5
2045-02-27,0.0,25.986,33.574,5.978,297.27,SSP2-4.5
2045-02-28,0.0,26.276,33.793,6.518,294.1,SSP2-4.5
2045-03-01,0.0,26.324,32.335,7.336,278.9,SSP2-4.5
2045-03-02,0.0,26.475,30.596,9.45,302.97,SSP2-4.5
2045-03-03,0.0,26.487,31.11,8.505,298.58,SSP2-4.5
2045-03-04,0.0,26.753,32.779,8.624,306.59,SSP2-4.5
2045-03-05,0.0,27.045,36.028,6.406,260.04,SSP2-4.5
2045-03-06,0.0,27.104,35.171,10.237,312.61,SSP2-4.5
2045-03-07,0.0,27.018,39.993,10.92,247.41,SSP2-4.5
2045-03-08,0.0,27.604,36.891,10.105,295.91,SSP2-4.5
2045-03-09,0.0,27.442,38.041,8.04,274.02,SSP2-4.5
2045-03-10,0.0,28.039,32.906,8.865,306.29,SSP2-4.5
2045-03-11,0.0,27.725,27.716,11.493,320.57,SSP2-4.5
2045-03-12,0.0,28.147,31.552,12.108,313.56,SSP2-4.5
2045-03-13,0.0,28.894,33.881,8.953,313.82,SSP2-4.5
2045-03-14,0.0,28.776,32.401,9.759,305.82,SSP2-4.5
2045-03-15,0.0,27.971,28.057,11.233,328.18,SSP2-4.5
2045-03-16,0.0,27.678,28.226,8.969,329.96,SSP2-4.5
2045-03-17,0.0,27.611,27.748,6.681,327.91,SSP2-4.5
2045-03-18,0.0,27.983,29.051,5.765,321.26,SSP2-4.5
2045-03-19,0.0,29.217,29.889,4.818,300.15,SSP2-4.5
2045-03-20,0.0,29.439,28.997,6.205,313.11,SSP2-4.5
2045-03-21,0.0,29.161,26.942,8.014,314.31,SSP2-4.5
2045-03-22,0.0,28.192,25.991,8.025,262.58,SSP2-4.5
2045-03-23,0.0,27.91,24.661,9.22,336.87,SSP2-4.5
2045-03-24,0.0,27.257,24.308,4.976,327.33,SSP2-4.5
2045-03-25,0.0,27.256,26.76,5.352,319.04,SSP2-4.5
2045-03-26,0.0,28.66,29.317,6.899,316.14,SSP2-4.5
2045-03-27,0.0,29.533,28.883,7.821,309.34,SSP2-4.5
2045-03-28,0.0,28.997,31.274,7.203,241.89,SSP2-4.5
2045-03-29,0.0,29.042,27.464,5.348,305.76,SSP2-4.5
2045-03-30,0.0,29.784,30.335,3.862,264.37,SSP2-4.5
2045-03-31,0.002,27.79,45.4,4.913,212.12,SSP2-4.5
2045-04-01,0.0,28.797,41.837,3.697,247.79,SSP2-4.5
2045-04-02,0.0113,29.618,34.677,7.16,303.19,SSP2-4.5
2045-04-03,0.1109,29.49,37.568,8.047,285.64,SSP2-4.5
2045-04-04,0.0031,30.276,35.007,5.98,290.41,SSP2-4.5
2045-04-05,0.2681,25.511,55.861,6.025,192.87,SSP2-4.5
2045-04-06,0.0053,29.525,36.7,5.866,310.17,SSP2-4.5
2045-04-07,0.0003,29.928,40.825,8.23,288.46,SSP2-4.5
2045-04-08,3.7022,30.387,38.444,6.351,288.26,SSP2-4.5
2045-04-09,0.9378,29.355,42.378,4.754,254.31,SSP2-4.5
2045-04-10,0.0,30.121,36.138,7.046,310.79,SSP2-4.5
2045-04-11,0.0154,30.571,33.801,10.372,314.66,SSP2-4.5
2045-04-12,0.0077,29.907,39.152,8.367,268.49,SSP2-4.5
2045-04-13,0.0,30.901,32.179,7.035,306.63,SSP2-4.5
2045-04-14,0.0,31.016,32.181,7.224,279.99,SSP2-4.5
2045-04-15,0.0,31.131,29.922,7.26,279.12,SSP2-4.5
2045-04-16,0.0,30.962,29.573,7.064,278.79,SSP2-4.5
2045-04-17,0.0,31.177,29.253,5.429,317.4,SSP2-4.5
2045-04-18,0.0,31.411,30.202,8.228,300.22,SSP2-4.5
2045-04-19,0.0,31.266,27.736,7.754,323.52,SSP2-4.5
2045-04-20,0.0,31.06,27.853,6.4,313.15,SSP2-4.5
2045-04-21,0.0,31.779,28.878,6.562,310.53,SSP2-4.5
2045-04-22,0.0,32.183,29.867,7.542,304.13,SSP2-4.5
2045-04-23,0.1468,31.875,30.384,7.245,290.32,SSP2-4.5
2045-04-24,0.0,31.446,25.399,6.431,324.05,SSP2-4.5
2045-04-25,0.0,31.943,26.159,4.98,326.7,SSP2-4.5
2045-04-26,0.0,32.07,29.453,6.878,291.73,SSP2-4.5
2045-04-27,0.0329,27.291,51.866,5.8,192.93,SSP2-4.5
2045-04-28,0.0,30.924,34.223,5.637,248.8,SSP2-4.5
2045-04-29,0.0,31.04,27.934,6.148,298.79,SSP2-4.5
2045-04-30,0.0,31.903,27.166,6.908,311.25,SSP2-4.5
2045-05-01,0.0,33.365,27.76,8.283,293.11,SSP2-4.5
2045-05-02,0.0,33.376,27.625,8.604,307.06,SSP2-4.5
2045-05-03,0.0,33.506,28.033,9.804,294.12,SSP2-4.5
2045-05-04,0.0,33.533,28.009,9.709,303.26,SSP2-4.5
2045-05-05,0.0,33.57,26.929,7.659,308.42,SSP2-4.5
2045-05-06,0.1498,33.888,27.14,8.738,289.41,SSP2-4.5
2045-05-07,0.0145,33.08,32.753,8.192,255.7,SSP2-4.5
2045-05-08,0.4566,33.793,28.765,8.821,313.82,SSP2-4.5
2045-05-09,0.6338,33.568,29.036,12.526,280.62,SSP2-4.5
2045-05-10,0.0356,33.838,26.308,12.615,334.02,SSP2-4.5
2045-05-11,0.0904,33.858,26.474,9.272,334.76,SSP2-4.5
2045-05-12,0.0,34.117,27.725,5.777,285.82,SSP2-4.5
2045-05-13,0.0,33.934,25.11,6.498,329.35,SSP2-4.5
2045-05-14,2.082,34.373,28.003,6.079,305.22,SSP2-4.5
2045-05-15,14.3176,33.114,40.965,7.198,259.83,SSP2-4.5
2045-05-16,3.0395,31.868,46.275,9.049,253.94,SSP2-4.5
2045-05-17,2.8098,32.733,43.293,9.797,280.11,SSP2-4.5
2045-05-18,4.2054,33.12,42.828,10.404,293.16,SSP2-4.5
2045-05-19,0.146,33.145,41.774,10.429,287.01,SSP2-4.5
2045-05-20,0.2268,33.496,38.696,8.548,310.21,SSP2-4.5
2045-05-21,0.5433,33.973,37.653,9.442,297.36,SSP2-4.5
2045-05-22,7.2514,33.396,41.12,10.651,289.9,SSP2-4.5
2045-05-23,0.4938,33.523,37.856,12.021,298.94,SSP2-4.5
2045-05-24,0.1411,32.266,43.185,8.967,251.79,SSP2-4.5
2045-05-25,0.1483,32.364,42.464,8.647,287.26,SSP2-4.5
2045-05-26,0.1575,29.505,57.201,6.467,215.93,SSP2-4.5
2045-05-27,0.0063,31.257,51.444,7.938,260.12,SSP2-4.5
2045-05-28,0.0,32.475,40.604,10.743,298.43,SSP2-4.5
2045-05-29,0.0,32.226,45.841,10.55,277.59,SSP2-4.5
2045-05-30,0.0,31.582,46.72,9.255,265.11,SSP2-4.5
2045-05-31,0.0199,33.269,40.534,11.028,316.36,SSP2-4.5
2045-06-01,0.9065,32.244,44.501,12.056,296.05,SSP2-4.5
2045-06-02,41.0988,26.569,85.96,13.23,182.12,SSP2-4.5
2045-06-03,39.0135,25.654,87.889,13.247,168.08,SSP2-4.5
2045-06-04,1.2038,27.002,76.541,13.613,233.14,SSP2-4.5
2045-06-05,0.2959,26.669,74.162,15.079,213.41,SSP2-4.5
2045-06-06,19.7512,26.009,82.212,16.05,171.52,SSP2-4.5
2045-06-07,16.2456,25.898,83.694,13.508,199.37,SSP2-4.5
2045-06-08,2.3406,25.563,83.91,15.313,196.8,SSP2-4.5
2045-06-09,0.0,26.125,76.501,16.525,226.46,SSP2-4.5
2045-06-10,0.0,26.868,73.72,16.751,245.62,SSP2-4.5
2045-06-11,0.0034,28.029,70.449,16.254,266.7,SSP2-4.5
2045-06-12,0.0,28.482,66.509,16.502,306.06,SSP2-4.5
2045-06-13,0.0,28.109,67.866,15.091,272.72,SSP2-4.5
2045-06-14,0.0,27.94,65.893,15.992,285.23,SSP2-4.5
2045-06-15,12.3386,25.929,80.323,12.047,213.93,SSP2-4.5
2045-06-16,9.3351,26.024,81.092,15.66,238.26,SSP2-4.5
2045-06-17,5.5317,25.827,83.419,13.474,214.95,SSP2-4.5
2045-06-18,15.6377,26.079,86.767,9.947,180.95,SSP2-4.5
2045-06-19,5.2767,26.3,88.209,5.894,217.19,SSP2-4.5
2045-06-20,12.9605,26.685,85.658,8.382,233.3,SSP2-4.5
2045-06-21,56.1832,25.062,93.668,13.558,147.21,SSP2-4.5
2045-06-22,11.7262,25.897,89.66,10.113,206.39,SSP2-4.5
2045-06-23,16.0759,25.96,87.838,12.411,217.22,SSP2-4.5
2045-06-24,7.6018,25.762,90.063,13.246,196.82,SSP2-4.5
2045-06-25,13.5462,25.977,88.142,14.033,216.14,SSP2-4.5
2045-06-26,19.8459,25.725,90.536,13.796,200.12,SSP2-4.5
2045-06-27,29.369,24.653,92.893,14.284,166.03,SSP2-4.5
2045-06-28,19.0534,24.842,92.508,13.777,170.87,SSP2-4.5
2045-06-29,5.3556,25.393,91.367,10.843,187.49,SSP2-4.5
2045-06-30,0.3458,25.86,89.128,10.427,212.21,SSP2-4.5
2045-07-01,5.1546,26.337,86.494,9.554,243.16,SSP2-4.5
2045-07-02,17.9019,25.566,93.609,7.964,192.73,SSP2-4.5
2045-07-03,0.0,26.324,86.875,9.138,233.37,SSP2-4.5
2045-07-04,0.0,27.093,80.984,9.024,284.04,SSP2-4.5
2045-07-05,0.0,27.636,79.658,7.934,287.51,SSP2-4.5
2045-07-06,0.0,27.904,79.198,5.943,292.2,SSP2-4.5
2045-07-07,0.0,28.121,76.803,8.038,293.29,SSP2-4.5
2045-07-08,0.1795,26.446,84.873,9.204,216.44,SSP2-4.5
2045-07-09,0.0,27.864,74.858,10.907,303.4,SSP2-4.5
2045-07-10,0.0016,27.45,79.398,9.251,260.13,SSP2-4.5
2045-07-11,0.0,26.56,83.488,6.903,257.49,SSP2-4.5
2045-07-12,0.0,26.556,83.005,4.524,257.28,SSP2-4.5
2045-07-13,0.0,27.826,78.2,7.43,289.08,SSP2-4.5
2045-07-14,7.4351,27.078,85.212,8.676,233.61,SSP2-4.5
2045-07-15,0.0,26.309,87.84,9.189,215.8,SSP2-4.5
2045-07-16,4.9293,26.44,87.619,9.159,219.26,SSP2-4.5
2045-07-17,23.6968,26.475,90.721,10.755,218.28,SSP2-4.5
2045-07-18,31.0869,26.423,91.157,11.591,218.02,SSP2-4.5
2045-07-19,14.351,26.735,90.199,10.712,220.29,SSP2-4.5
2045-07-20,24.773,26.252,91.219,12.905,224.67,SSP2-4.5
2045-07-21,12.0534,25.641,91.853,11.096,184.31,SSP2-4.5
2045-07-22,0.1057,26.24,88.105,15.915,232.72,SSP2-4.5
2045-07-23,0.7014,26.295,87.784,17.581,225.45,SSP2-4.5
2045-07-24,0.2628,26.186,86.117,18.934,219.92,SSP2-4.5
2045-07-25,0.2895,25.86,88.547,12.672,211.19,SSP2-4.5
2045-07-26,0.2546,26.006,86.255,15.578,225.09,SSP2-4.5
2045-07-27,1.2116,25.899,89.748,12.312,211.69,SSP2-4.5
2045-07-28,4.523,25.807,89.74,11.41,216.79,SSP2-4.5
2045-07-29,0.0025,25.889,89.247,13.019,219.34,SSP2-4.5
2045-07-30,0.0,26.253,85.873,13.394,230.36,SSP2-4.5
2045-07-31,0.0247,26.421,84.923,13.172,266.25,SSP2-4.5
2045-08-01,0.058,26.995,87.795,12.863,220.15,SSP2-4.5
2045-08-02,1.7954,26.391,90.731,12.406,201.67,SSP2-4.5
2045-08-03,0.0162,27.028,86.82,14.399,243.02,SSP2-4.5
2045-08-04,12.8867,27.101,86.683,13.602,246.71,SSP2-4.5
2045-08-05,0.8068,26.68,89.651,12.714,215.34,SSP2-4.5
2045-08-06,0.4987,26.932,87.517,12.449,231.76,SSP2-4.5
2045-08-07,0.1154,26.684,87.976,11.516,221.73,SSP2-4.5
2045-08-08,0.0,26.739,87.818,11.135,230.81,SSP2-4.5
2045-08-09,0.0,26.933,86.985,9.474,225.06,SSP2-4.5
2045-08-10,0.0,26.942,85.976,9.651,234.95,SSP2-4.5
2045-08-11,0.0,27.343,83.284,9.827,265.47,SSP2-4.5
2045-08-12,0.0,27.566,82.674,8.481,277.41,SSP2-4.5
2045-08-13,0.0,27.252,85.119,8.172,226.27,SSP2-4.5
2045-08-14,0.0,27.521,81.861,9.278,282.69,SSP2-4.5
2045-08-15,0.0,27.356,83.205,8.564,250.0,SSP2-4.5
2045-08-16,0.0,27.472,81.39,7.644,257.47,SSP2-4.5
2045-08-17,2.5035,26.637,93.052,5.974,196.97,SSP2-4.5
2045-08-18,0.0132,26.735,91.387,6.789,210.52,SSP2-4.5
2045-08-19,0.0,27.531,80.521,8.186,302.95,SSP2-4.5
2045-08-20,0.0,27.637,79.077,9.599,266.44,SSP2-4.5
2045-08-21,0.0,27.231,83.734,9.37,244.89,SSP2-4.5
2045-08-22,0.0,27.234,80.025,10.898,254.26,SSP2-4.5
2045-08-23,0.0,27.9,78.04,11.228,265.65,SSP2-4.5
2045-08-24,0.0,27.884,77.94,9.69,264.42,SSP2-4.5
2045-08-25,0.0461,27.912,80.358,7.447,262.26,SSP2-4.5
2045-08-26,0.6546,27.201,87.896,6.689,237.82,SSP2-4.5
2045-08-27,0.0,27.607,82.355,5.659,267.03,SSP2-4.5
2045-08-28,0.4731,27.866,86.092,6.455,241.31,SSP2-4.5
2045-08-29,1.9109,27.853,83.523,5.633,269.61,SSP2-4.5
2045-08-30,0.0,27.946,81.163,8.443,267.31,SSP2-4.5
2045-08-31,0.0,27.785,80.031,9.504,264.45,SSP2-4.5
2045-09-01,0.0,27.189,80.944,8.16,295.42,SSP2-4.5
2045-09-02,0.0,27.593,79.124,6.501,280.24,SSP2-4.5
2045-09-03,2.2511,27.243,86.504,5.604,242.36,SSP2-4.5
2045-09-04,8.5307,26.731,89.116,3.574,236.9,SSP2-4.5
2045-09-05,0.1335,26.907,86.409,5.151,244.35,SSP2-4.5
2045-09-06,14.3353,26.427,90.638,5.785,230.98,SSP2-4.5
2045-09-07,0.1333,26.519,89.294,8.886,230.48,SSP2-4.5
2045-09-08,0.1139,26.639,87.758,7.517,240.47,SSP2-4.5
2045-09-09,0.0744,26.929,85.855,5.837,254.42,SSP2-4.5
2045-09-10,1.7889,26.957,86.744,5.734,239.17,SSP2-4.5
2045-09-11,0.3667,26.884,85.915,6.718,233.45,SSP2-4.5
2045-09-12,2.1269,26.863,86.699,5.071,238.97,SSP2-4.5
2045-09-13,3.109,26.657,87.418,4.143,236.98,SSP2-4.5
2045-09-14,22.8309,26.004,92.96,3.41,216.24,SSP2-4.5
2045-09-15,22.722,26.107,92.117,2.244,222.96,SSP2-4.5
2045-09-16,19.3029,26.201,91.669,2.418,221.26,SSP2-4.5
2045-09-17,25.648,26.183,92.316,6.829,216.5,SSP2-4.5
2045-09-18,22.2805,26.232,91.528,7.297,218.86,SSP2-4.5
2045-09-19,17.4759,26.197,90.916,3.692,234.12,SSP2-4.5
2045-09-20,11.1504,26.192,89.755,7.427,222.48,SSP2-4.5
2045-09-21,16.4163,26.364,90.23,8.924,224.9,SSP2-4.5
2045-09-22,20.5516,25.989,92.652,9.754,197.57,SSP2-4.5
2045-09-23,17.6427,26.169,90.334,11.14,224.07,SSP2-4.5
2045-09-24,6.0731,26.215,88.678,10.548,221.63,SSP2-4.5
2045-09-25,44.1607,25.69,93.64,10.94,184.38,SSP2-4.5
2045-09-26,49.3703,25.597,95.911,8.849,184.7,SSP2-4.5
2045-09-27,5.019,25.756,92.294,6.283,212.73,SSP2-4.5
2045-09-28,27.5515,26.036,91.174,3.545,228.7,SSP2-4.5
2045-09-29,11.6407,25.83,92.481,4.709,215.29,SSP2-4.5
2045-09-30,20.7717,25.797,91.546,4.197,217.73,SSP2-4.5
2045-10-01,16.1419,24.544,93.373,5.721,201.26,SSP2-4.5
2045-10-02,5.3351,24.749,90.789,7.744,222.93,SSP2-4.5
2045-10-03,0.0,24.525,91.311,6.721,209.65,SSP2-4.5
2045-10-04,0.0,25.495,87.495,5.516,242.59,SSP2-4.5
2045-10-05,0.0,26.049,87.124,3.752,229.53,SSP2-4.5
2045-10-06,0.0,26.704,85.419,4.105,240.22,SSP2-4.5
2045-10-07,7.771,25.475,89.716,3.553,226.02,SSP2-4.5
2045-10-08,18.2074,25.014,91.035,4.532,217.84,SSP2-4.5
2045-10-09,5.1558,25.407,89.788,4.128,220.65,SSP2-4.5
2045-10-10,2.4382,25.257,88.402,4.577,230.14,SSP2-4.5
2045-10-11,0.0,24.911,88.895,4.61,223.14,SSP2-4.5
2045-10-12,0.1013,24.893,88.82,4.184,216.56,SSP2-4.5
2045-10-13,0.0,25.129,87.585,4.173,234.6,SSP2-4.5
2045-10-14,0.2679,24.997,87.86,5.218,226.41,SSP2-4.5
2045-10-15,0.009,25.4,87.289,4.893,225.18,SSP2-4.5
2045-10-16,0.0231,26.069,85.117,5.215,248.89,SSP2-4.5
2045-10-17,0.0,25.242,86.839,6.655,222.6,SSP2-4.5
2045-10-18,0.0521,25.477,85.962,6.579,238.19,SSP2-4.5
2045-10-19,0.3964,24.768,88.128,6.614,217.97,SSP2-4.5
2045-10-20,0.4616,24.989,86.55,6.567,221.68,SSP2-4.5
2045-10-21,6.525,24.203,88.576,7.997,206.92,SSP2-4.5
2045-10-22,18.0268,23.722,90.221,8.569,186.29,SSP2-4.5
2045-10-23,6.6582,23.196,91.071,8.617,175.68,SSP2-4.5
2045-10-24,16.831,23.382,89.544,10.489,186.37,SSP2-4.5
2045-10-25,0.1499,23.607,87.46,10.144,199.92,SSP2-4.5
2045-10-26,0.0,24.608,80.688,9.3,243.12,SSP2-4.5
2045-10-27,0.0,24.749,75.651,9.615,244.95,SSP2-4.5
2045-10-28,0.0,26.654,80.406,12.002,247.62,SSP2-4.5
2045-10-29,0.0,26.687,74.92,9.92,248.0,SSP2-4.5
2045-10-30,0.0,25.848,66.93,8.64,251.5,SSP2-4.5
2045-10-31,0.0,25.508,69.612,6.151,243.38,SSP2-4.5
2045-11-01,0.0,25.222,78.196,3.009,217.05,SSP2-4.5
2045-11-02,0.0,23.332,61.994,5.559,246.58,SSP2-4.5
2045-11-03,0.0,22.509,53.06,4.564,262.39,SSP2-4.5
2045-11-04,0.0,22.246,51.276,6.901,256.85,SSP2-4.5
2045-11-05,0.0,22.149,55.119,9.454,225.23,SSP2-4.5
2045-11-06,0.0,22.172,63.578,8.616,215.52,SSP2-4.5
2045-11-07,0.4357,23.899,81.294,8.022,207.66,SSP2-4.5
2045-11-08,3.3839,24.252,85.695,8.083,176.99,SSP2-4.5
2045-11-09,0.4928,24.444,80.157,7.214,189.82,SSP2-4.5
2045-11-10,0.0,24.502,77.103,6.482,227.71,SSP2-4.5
2045-11-11,0.2085,24.803,79.728,6.811,213.07,SSP2-4.5
2045-11-12,0.4248,24.29,83.227,7.047,204.65,SSP2-4.5
2045-11-13,9.1608,22.879,88.535,7.894,165.18,SSP2-4.5
2045-11-14,3.2957,22.33,88.937,7.084,163.68,SSP2-4.5
2045-11-15,0.0149,23.948,79.887,6.316,205.33,SSP2-4.5
2045-11-16,0.0,23.653,73.218,6.255,223.95,SSP2-4.5
2045-11-17,0.0,23.043,67.539,4.78,232.74,SSP2-4.5
2045-11-18,0.0,22.707,62.097,4.972,236.27,SSP2-4.5
2045-11-19,0.0,22.192,57.883,5.67,236.32,SSP2-4.5
2045-11-20,0.0,21.986,53.67,6.273,239.36,SSP2-4.5
2045-11-21,0.0,21.515,49.575,7.725,245.54,SSP2-4.5
2045-11-22,0.0,21.339,47.947,9.022,250.72,SSP2-4.5
2045-11-23,0.0,21.179,58.572,8.359,224.38,SSP2-4.5
2045-11-24,0.0,21.704,65.951,7.542,222.88,SSP2-4.5
2045-11-25,0.0,22.206,69.317,11.484,214.22,SSP2-4.5
2045-11-26,0.0,21.596,69.815,10.526,200.87,SSP2-4.5
2045-11-27,0.0,21.945,71.826,10.015,207.07,SSP2-4.5
2045-11-28,0.0,21.629,76.079,7.494,187.65,SSP2-4.5
2045-11-29,0.0,22.501,67.452,7.904,208.37,SSP2-4.5
2045-11-30,0.0,22.84,61.185,9.592,221.73,SSP2-4.5
2045-12-01,0.0,22.94,62.954,7.582,223.3,SSP2-4.5
2045-12-02,0.0,22.181,66.51,7.187,196.46,SSP2-4.5
2045-12-03,0.0,22.132,67.993,7.368,186.64,SSP2-4.5
2045-12-04,0.0,22.757,66.428,5.018,209.15,SSP2-4.5
2045-12-05,0.0,22.971,61.779,6.676,217.93,SSP2-4.5
2045-12-06,0.0,22.476,61.077,7.071,218.47,SSP2-4.5
2045-12-07,0.0,22.174,58.489,7.228,224.99,SSP2-4.5
2045-12-08,0.0,21.912,53.043,8.852,218.14,SSP2-4.5
2045-12-09,0.0,21.077,46.909,8.861,229.85,SSP2-4.5
2045-12-10,0.0,20.576,37.508,10.902,236.92,SSP2-4.5
2045-12-11,0.0,20.099,33.818,13.578,231.71,SSP2-4.5
2045-12-12,0.0,20.04,31.327,13.845,217.49,SSP2-4.5
2045-12-13,0.0,19.952,26.745,16.587,186.49,SSP2-4.5
2045-12-14,0.0,21.026,63.639,14.014,144.37,SSP2-4.5
2045-12-15,0.0,21.695,83.501,9.586,148.15,SSP2-4.5
2045-12-16,0.0,23.279,70.522,9.124,200.97,SSP2-4.5
2045-12-17,0.0,23.217,68.39,7.45,202.66,SSP2-4.5
2045-12-18,0.0,22.491,72.808,7.843,206.13,SSP2-4.5
2045-12-19,0.0,21.325,68.113,12.208,181.44,SSP2-4.5
2045-12-20,0.0,21.179,43.934,10.062,233.23,SSP2-4.5
2045-12-21,0.0,20.183,37.387,8.71,243.77,SSP2-4.5
2045-12-22,0.0,20.082,39.997,8.871,249.08,SSP2-4.5
2045-12-23,0.0,20.002,38.398,8.083,248.57,SSP2-4.5
2045-12-24,0.0,19.715,42.704,7.409,232.87,SSP2-4.5
2045-12-25,0.0,19.332,47.553,6.627,202.18,SSP2-4.5
2045-12-26,0.0,19.568,41.337,9.29,244.9,SSP2-4.5
2045-12-27,0.0,20.115,39.519,10.188,236.48,SSP2-4.5
2045-12-28,0.0,21.313,43.312,7.909,218.79,SSP2-4.5
2045-12-29,0.0,20.589,49.319,7.18,161.84,SSP2-4.5
2045-12-30,0.0,21.36,45.896,10.399,204.23,SSP2-4.5
2045-12-31,0.0,21.11,40.553,11.516,214.13,SSP2-4.5
2046-01-01,0.0,19.65,41.177,10.298,192.03,SSP2-4.5
2046-01-02,0.0,19.971,40.687,9.92,228.86,SSP2-4.5
2046-01-03,0.0,19.591,38.042,10.422,214.21,SSP2-4.5
2046-01-04,0.0,20.2,39.428,8.068,235.62,SSP2-4.5
2046-01-05,0.0,19.771,71.256,8.731,123.44,SSP2-4.5
2046-01-06,0.0,21.623,79.064,8.451,170.27,SSP2-4.5
2046-01-07,0.0,21.617,79.522,9.199,161.55,SSP2-4.5
2046-01-08,0.0,21.81,52.622,11.219,201.37,SSP2-4.5
2046-01-09,0.0,20.406,29.577,13.278,227.86,SSP2-4.5
2046-01-10,0.0,20.107,34.198,11.13,247.71,SSP2-4.5
2046-01-11,0.0,20.163,35.808,11.085,251.25,SSP2-4.5
2046-01-12,0.0,20.212,38.851,10.152,254.83,SSP2-4.5
2046-01-13,0.0,20.328,39.293,9.696,254.42,SSP2-4.5
2046-01-14,0.0,20.07,42.33,8.817,254.48,SSP2-4.5
2046-01-15,0.0,20.502,42.334,8.021,256.17,SSP2-4.5
2046-01-16,0.0,20.294,41.951,6.5,259.39,SSP2-4.5
2046-01-17,0.0,20.559,42.712,4.908,257.76,SSP2-4.5
2046-01-18,0.0,21.279,48.051,5.77,251.53,SSP2-4.5
2046-01-19,0.0,21.638,45.882,8.076,248.73,SSP2-4.5
2046-01-20,0.0,21.609,40.843,8.832,255.4,SSP2-4.5
2046-01-21,0.0,21.461,45.095,7.461,250.9,SSP2-4.5
2046-01-22,0.0,22.012,50.295,4.804,239.59,SSP2-4.5
2046-01-23,0.0,22.071,49.087,5.757,253.04,SSP2-4.5
2046-01-24,0.0,22.508,48.645,9.514,247.25,SSP2-4.5
2046-01-25,0.0,22.87,48.139,6.383,254.71,SSP2-4.5
2046-01-26,0.0,20.877,71.672,9.252,179.63,SSP2-4.5
2046-01-27,0.0,18.251,89.349,9.638,114.84,SSP2-4.5
2046-01-28,0.0,22.478,62.752,7.833,205.37,SSP2-4.5
2046-01-29,0.0,23.392,55.541,10.973,230.38,SSP2-4.5
2046-01-30,0.0,23.485,52.409,15.636,252.86,SSP2-4.5
2046-01-31,0.0,23.676,53.579,12.269,256.59,SSP2-4.5
2046-02-01,0.0,24.119,54.072,8.529,258.22,SSP2-4.5
2046-02-02,0.0,23.601,58.068,9.541,245.61,SSP2-4.5
2046-02-03,0.0,23.684,57.328,11.211,233.69,SSP2-4.5
2046-02-04,0.0,23.87,54.678,8.596,216.85,SSP2-4.5
2046-02-05,0.0,23.773,52.178,6.16,223.39,SSP2-4.5
2046-02-06,0.0,23.6,52.375,5.032,234.73,SSP2-4.5
2046-02-07,0.0,24.032,53.181,3.682,230.12,SSP2-4.5
2046-02-08,0.0,24.226,46.248,5.794,245.14,SSP2-4.5
2046-02-09,0.0,23.986,47.877,7.093,237.37,SSP2-4.5
2046-02-10,0.0,24.365,53.782,8.196,252.16,SSP2-4.5
2046-02-11,0.0,24.929,54.498,8.609,253.52,SSP2-4.5
2046-02-12,0.0,24.358,48.543,8.842,266.79,SSP2-4.5
2046-02-13,0.0,24.335,51.288,6.85,270.09,SSP2-4.5
2046-02-14,0.0,24.559,54.683,6.292,228.15,SSP2-4.5
2046-02-15,0.0,25.076,48.341,6.564,263.69,SSP2-4.5
2046-02-16,0.0,24.878,46.144,7.43,230.33,SSP2-4.5
2046-02-17,0.0,25.114,43.928,5.172,275.16,SSP2-4.5
2046-02-18,0.0,24.889,46.465,7.022,275.6,SSP2-4.5
2046-02-19,0.0,25.416,44.344,5.768,273.16,SSP2-4.5
2046-02-20,0.0,25.299,40.889,5.445,284.19,SSP2-4.5
2046-02-21,0.0,25.257,34.821,5.185,286.48,SSP2-4.5
2046-02-22,0.0,24.938,36.602,6.354,291.79,SSP2-4.5
2046-02-23,0.0,24.934,38.929,9.38,282.26,SSP2-4.5
2046-02-24,0.0,25.043,39.263,7.51,287.61,SSP2-4.5
2046-02-25,0.0,25.455,42.586,7.091,282.2,SSP2-4.5
2046-02-26,0.0,26.141,42.623,10.095,284.74,SSP2-4.5
2046-02-27,0.0,26.89,37.678,11.14,284.08,SSP2-4.5
2046-02-28,0.0,26.78,36.512,8.764,283.98,SSP2-4.5
2046-03-01,0.0,26.611,34.175,7.143,282.84,SSP2-4.5
2046-03-02,0.0,26.769,37.999,6.079,243.8,SSP2-4.5
2046-03-03,0.0,26.968,41.23,6.534,264.3,SSP2-4.5
2046-03-04,0.0,26.7,38.052,7.921,286.29,SSP2-4.5
2046-03-05,0.0,27.08,37.722,7.449,298.88,SSP2-4.5
2046-03-06,0.0,27.276,36.308,8.28,294.44,SSP2-4.5
2046-03-07,0.0,27.407,37.282,7.173,285.58,SSP2-4.5
2046-03-08,0.0,27.299,36.0,8.817,301.18,SSP2-4.5
2046-03-09,0.0,27.422,35.61,10.209,301.98,SSP2-4.5
2046-03-10,0.0,27.262,32.055,12.413,307.76,SSP2-4.5
2046-03-11,0.0,26.581,38.831,11.625,313.99,SSP2-4.5
2046-03-12,0.0,27.03,39.49,13.72,315.22,SSP2-4.5
2046-03-13,0.0095,27.129,38.471,9.621,310.12,SSP2-4.5
2046-03-14,0.1184,23.542,63.067,6.623,188.29,SSP2-4.5
2046-03-15,0.0018,25.983,47.292,8.618,286.94,SSP2-4.5
2046-03-16,0.0,27.266,34.942,4.257,302.76,SSP2-4.5
2046-03-17,0.0,26.703,34.002,5.638,297.15,SSP2-4.5
2046-03-18,0.0,26.359,32.583,5.128,323.45,SSP2-4.5
2046-03-19,0.0,27.605,33.796,5.194,319.84,SSP2-4.5
2046-03-20,0.0003,28.016,33.581,5.625,319.3,SSP2-4.5
2046-03-21,0.0,28.423,31.72,7.217,312.85,SSP2-4.5
2046-03-22,0.0078,28.612,32.34,7.141,292.5,SSP2-4.5
2046-03-23,0.0,28.553,32.164,7.641,321.52,SSP2-4.5
2046-03-24,0.0,28.794,31.32,8.098,322.59,SSP2-4.5
2046-03-25,0.0,28.633,30.088,10.131,318.8,SSP2-4.5
2046-03-26,0.0,28.56,32.614,9.029,290.07,SSP2-4.5
2046-03-27,0.0,28.787,32.594,8.744,285.14,SSP2-4.5
2046-03-28,0.0,28.65,33.391,6.836,316.75,SSP2-4.5
2046-03-29,0.0,28.991,33.293,8.02,299.3,SSP2-4.5
2046-03-30,0.0614,28.974,37.649,4.866,276.5,SSP2-4.5
2046-03-31,0.0961,28.644,39.624,6.84,276.54,SSP2-4.5
2046-04-01,0.0,27.995,39.987,6.135,241.99,SSP2-4.5
2046-04-02,0.0,28.948,33.154,5.522,318.69,SSP2-4.5
2046-04-03,0.112,29.221,34.624,6.695,307.83,SSP2-4.5
2046-04-04,0.216,26.483,48.061,9.019,244.78,SSP2-4.5
2046-04-05,0.3245,27.362,48.094,6.927,266.32,SSP2-4.5
2046-04-06,0.0397,29.16,37.786,7.789,317.97,SSP2-4.5
2046-04-07,0.9948,28.728,47.483,7.978,271.46,SSP2-4.5
2046-04-08,4.5733,28.569,48.095,6.228,268.99,SSP2-4.5
2046-04-09,0.1244,28.969,39.87,6.274,296.69,SSP2-4.5
2046-04-10,0.086,29.318,36.839,8.068,322.74,SSP2-4.5
2046-04-11,0.0,29.79,34.545,7.886,331.55,SSP2-4.5
2046-04-12,0.0,29.687,32.683,6.667,310.77,SSP2-4.5
2046-04-13,0.0111,30.024,31.311,7.166,326.51,SSP2-4.5
2046-04-14,0.124,30.05,36.503,7.12,280.2,SSP2-4.5
2046-04-15,0.1836,30.419,34.949,6.794,289.21,SSP2-4.5
2046-04-16,0.004,29.656,35.633,5.04,262.53,SSP2-4.5
2046-04-17,1.1195,27.006,46.03,4.919,196.62,SSP2-4.5
2046-04-18,0.1472,26.348,42.671,7.957,228.29,SSP2-4.5
2046-04-19,0.0,29.324,31.249,5.2,324.95,SSP2-4.5
2046-04-20,0.0,29.735,28.86,3.799,345.84,SSP2-4.5
2046-04-21,0.0,29.689,28.309,4.249,345.34,SSP2-4.5
2046-04-22,0.0,30.33,30.476,4.987,332.4,SSP2-4.5
2046-04-23,0.0,30.843,30.639,6.728,296.59,SSP2-4.5
2046-04-24,0.0,31.062,29.213,6.297,306.28,SSP2-4.5
2046-04-25,0.0,31.25,29.412,5.781,324.51,SSP2-4.5
2046-04-26,0.0,31.242,26.799,4.808,335.03,SSP2-4.5
2046-04-27,0.0,31.697,23.445,13.282,343.69,SSP2-4.5
2046-04-28,0.0,31.963,25.723,12.971,347.84,SSP2-4.5
2046-04-29,0.0,32.104,25.954,12.669,334.5,SSP2-4.5
2046-04-30,0.0,32.072,26.463,12.672,329.19,SSP2-4.5
2046-05-01,0.0,32.039,27.748,9.561,292.24,SSP2-4.5
2046-05-02,0.0,31.796,26.097,6.371,330.78,SSP2-4.5
2046-05-03,0.0,32.639,26.59,7.316,308.31,SSP2-4.5
2046-05-04,0.1478,32.505,27.221,8.138,303.21,SSP2-4.5
2046-05-05,0.0,32.455,27.73,7.353,298.1,SSP2-4.5
2046-05-06,0.5927,32.355,29.728,8.625,275.78,SSP2-4.5
2046-05-07,1.41,31.62,38.15,7.368,250.99,SSP2-4.5
2046-05-08,0.076,31.844,33.418,4.309,319.47,SSP2-4.5
2046-05-09,0.0,31.915,30.567,5.052,320.5,SSP2-4.5
2046-05-10,0.0,32.26,27.745,6.933,319.06,SSP2-4.5
2046-05-11,0.0,32.633,27.116,7.63,325.67,SSP2-4.5
2046-05-12,0.0,32.72,26.867,7.732,327.37,SSP2-4.5
2046-05-13,0.0,32.683,26.586,6.735,322.64,SSP2-4.5
2046-05-14,0.0248,32.734,28.321,7.407,281.37,SSP2-4.5
2046-05-15,0.2718,32.635,29.803,7.562,308.08,SSP2-4.5
2046-05-16,0.275,32.71,30.166,8.076,301.77,SSP2-4.5
2046-05-17,1.0771,31.756,38.459,6.365,262.25,SSP2-4.5
2046-05-18,0.0006,32.37,33.167,6.706,311.46,SSP2-4.5
2046-05-19,0.0,32.443,29.817,5.108,314.63,SSP2-4.5
2046-05-20,0.0185,32.659,27.829,6.713,323.65,SSP2-4.5
2046-05-21,0.3685,32.885,32.445,7.475,301.07,SSP2-4.5
2046-05-22,0.0118,32.795,34.359,5.914,296.4,SSP2-4.5
2046-05-23,0.0,32.89,31.849,5.144,292.86,SSP2-4.5
2046-05-24,0.0,33.04,30.693,5.256,310.4,SSP2-4.5
2046-05-25,0.2952,32.813,36.329,3.928,276.6,SSP2-4.5
2046-05-26,0.4575,32.11,41.792,5.682,276.86,SSP2-4.5
2046-05-27,0.1965,31.076,47.971,7.009,272.34,SSP2-4.5
2046-05-28,0.0,30.012,54.335,7.923,240.38,SSP2-4.5
2046-05-29,0.2722,31.374,44.826,9.302,248.35,SSP2-4.5
2046-05-30,2.7605,33.042,39.513,13.077,312.01,SSP2-4.5
2046-05-31,0.2661,31.885,42.112,12.952,262.85,SSP2-4.5
2046-06-01,0.0008,33.02,36.887,15.443,272.62,SSP2-4.5
2046-06-02,0.0,30.562,43.201,15.698,228.86,SSP2-4.5
2046-06-03,0.0,31.21,40.922,16.095,248.53,SSP2-4.5
2046-06-04,1.9115,33.048,43.877,15.107,289.15,SSP2-4.5
2046-06-05,0.0,31.464,45.473,13.247,249.88,SSP2-4.5
2046-06-06,0.0,32.646,37.832,12.447,296.08,SSP2-4.5
2046-06-07,0.0,33.238,36.922,14.504,324.75,SSP2-4.5
2046-06-08,11.812,32.224,48.452,11.072,286.0,SSP2-4.5
2046-06-09,35.6691,25.315,89.794,8.487,173.3,SSP2-4.5
2046-06-10,28.8503,26.246,84.595,10.74,240.77,SSP2-4.5
2046-06-11,7.4178,25.407,80.658,15.178,198.3,SSP2-4.5
2046-06-12,0.0,26.355,73.944,17.643,244.93,SSP2-4.5
2046-06-13,0.0,27.633,67.069,16.198,274.6,SSP2-4.5
2046-06-14,0.0,28.036,66.713,16.244,295.5,SSP2-4.5
2046-06-15,0.0,27.896,67.604,14.867,266.72,SSP2-4.5
2046-06-16,0.0,28.131,67.879,16.488,282.74,SSP2-4.5
2046-06-17,0.0,28.404,62.587,17.89,296.38,SSP2-4.5
2046-06-18,17.3374,27.264,73.486,16.02,248.84,SSP2-4.5
2046-06-19,30.7527,25.215,89.152,16.639,123.47,SSP2-4.5
2046-06-20,34.2076,24.767,91.44,17.071,128.47,SSP2-4.5
2046-06-21,33.0663,24.907,91.878,17.878,142.68,SSP2-4.5
2046-06-22,24.7274,24.971,89.855,17.808,200.56,SSP2-4.5
2046-06-23,0.0799,25.464,84.205,16.988,225.97,SSP2-4.5
2046-06-24,9.1632,25.913,84.133,15.571,222.99,SSP2-4.5
2046-06-25,28.1479,25.617,90.623,15.482,151.85,SSP2-4.5
2046-06-26,0.0,26.176,81.913,12.739,233.41,SSP2-4.5
2046-06-27,0.0929,25.794,85.305,10.993,225.28,SSP2-4.5
2046-06-28,2.6703,26.11,84.442,11.512,236.22,SSP2-4.5
2046-06-29,9.9797,26.475,83.551,12.474,261.36,SSP2-4.5
2046-06-30,23.7678,25.713,91.211,12.447,174.93,SSP2-4.5
2046-07-01,0.0035,26.604,86.619,8.381,233.4,SSP2-4.5
2046-07-02,0.0,27.393,82.829,7.941,268.4,SSP2-4.5
2046-07-03,0.0555,27.334,84.913,6.323,242.36,SSP2-4.5
2046-07-04,9.5812,27.417,86.762,4.92,248.88,SSP2-4.5
2046-07-05,9.6702,26.686,89.004,3.852,226.2,SSP2-4.5
2046-07-06,0.0,27.452,82.288,6.117,253.21,SSP2-4.5
2046-07-07,0.0,27.342,79.176,9.491,251.8,SSP2-4.5
2046-07-08,0.0,27.775,78.645,8.997,287.36,SSP2-4.5
2046-07-09,0.0,28.109,79.534,6.975,281.11,SSP2-4.5
2046-07-10,2.6935,28.33,82.222,6.345,264.33,SSP2-4.5
2046-07-11,15.2691,26.286,90.778,6.834,206.49,SSP2-4.5
2046-07-12,2.2838,25.997,90.941,8.98,211.58,SSP2-4.5
2046-07-13,14.5347,26.482,89.923,9.907,234.06,SSP2-4.5
2046-07-14,6.8924,25.749,92.002,12.002,180.08,SSP2-4.5
2046-07-15,19.1078,25.924,91.634,12.799,206.98,SSP2-4.5
2046-07-16,31.3479,25.582,93.36,14.07,171.95,SSP2-4.5
2046-07-17,31.0489,25.329,94.07,16.125,135.68,SSP2-4.5
2046-07-18,33.5318,25.544,93.875,17.614,139.42,SSP2-4.5
2046-07-19,14.7176,25.598,92.231,18.03,182.09,SSP2-4.5
2046-07-20,27.7346,25.512,92.235,17.835,199.61,SSP2-4.5
2046-07-21,31.3534,25.368,93.223,18.203,180.3,SSP2-4.5
2046-07-22,29.6496,25.386,92.821,18.623,182.53,SSP2-4.5
2046-07-23,8.7628,25.616,91.981,15.893,209.32,SSP2-4.5
2046-07-24,0.0583,26.234,89.014,14.195,245.12,SSP2-4.5
2046-07-25,1.689,25.904,91.059,11.682,218.04,SSP2-4.5
2046-07-26,1.9968,26.283,89.469,12.369,252.46,SSP2-4.5
2046-07-27,0.0238,26.025,91.134,10.577,229.32,SSP2-4.5
2046-07-28,0.156,26.512,89.273,10.176,250.06,SSP2-4.5
2046-07-29,15.9107,26.186,91.179,9.846,240.92,SSP2-4.5
2046-07-30,0.3276,25.901,92.0,10.472,211.34,SSP2-4.5
2046-07-31,0.0405,26.06,90.858,10.342,228.19,SSP2-4.5
2046-08-01,0.3024,26.651,92.31,7.538,210.19,SSP2-4.5
2046-08-02,19.6478,26.79,94.219,5.371,208.61,SSP2-4.5
2046-08-03,20.7184,26.638,95.789,6.027,207.15,SSP2-4.5
2046-08-04,1.4661,27.281,91.267,7.176,250.78,SSP2-4.5
2046-08-05,0.0,27.308,90.778,7.561,238.27,SSP2-4.5
2046-08-06,0.0,27.329,89.99,7.375,253.87,SSP2-4.5
2046-08-07,0.0474,27.471,88.512,7.069,263.64,SSP2-4.5
2046-08-08,6.2158,27.427,91.277,6.312,234.79,SSP2-4.5
2046-08-09,15.3868,27.046,92.741,5.352,224.49,SSP2-4.5
2046-08-10,1.8262,27.206,92.038,5.598,230.32,SSP2-4.5
2046-08-11,0.0,27.524,90.854,5.098,236.32,SSP2-4.5
2046-08-12,0.0354,27.663,89.74,4.673,262.39,SSP2-4.5
2046-08-13,0.1156,27.559,89.851,4.38,235.39,SSP2-4.5
2046-08-14,0.0,27.79,88.791,6.455,246.37,SSP2-4.5
2046-08-15,0.0083,27.974,84.851,8.623,287.55,SSP2-4.5
2046-08-16,0.0124,28.108,83.8,7.429,307.74,SSP2-4.5
2046-08-17,0.0,28.086,83.825,7.105,291.96,SSP2-4.5
2046-08-18,0.0,28.015,85.321,4.485,265.05,SSP2-4.5
2046-08-19,0.0,28.062,86.418,4.663,264.74,SSP2-4.5
2046-08-20,0.3492,28.052,87.428,4.324,266.09,SSP2-4.5
2046-08-21,23.1201,27.181,92.662,7.07,225.62,SSP2-4.5
2046-08-22,14.705,27.283,90.863,8.56,245.42,SSP2-4.5
2046-08-23,20.8326,27.169,91.661,8.748,234.17,SSP2-4.5
2046-08-24,3.6907,27.063,92.185,9.909,222.72,SSP2-4.5
2046-08-25,0.0,27.385,89.197,9.466,242.77,SSP2-4.5
2046-08-26,0.0124,27.47,87.72,12.462,254.68,SSP2-4.5
2046-08-27,0.0983,27.338,89.52,15.489,226.89,SSP2-4.5
2046-08-28,12.6753,27.401,86.608,20.743,242.2,SSP2-4.5
2046-08-29,11.7468,27.015,90.598,16.759,216.62,SSP2-4.5
2046-08-30,0.828,26.547,91.039,12.767,202.13,SSP2-4.5
2046-08-31,0.0,26.863,88.762,10.739,216.71,SSP2-4.5
2046-09-01,0.0,25.945,88.911,11.807,216.15,SSP2-4.5
2046-09-02,0.4531,25.785,90.995,11.888,208.39,SSP2-4.5
2046-09-03,0.1062,25.868,92.858,10.946,206.36,SSP2-4.5
2046-09-04,1.7683,26.057,94.047,12.219,183.4,SSP2-4.5
2046-09-05,0.0,26.711,87.26,13.482,251.91,SSP2-4.5
2046-09-06,0.071,26.354,89.089,12.607,228.14,SSP2-4.5
2046-09-07,0.0179,26.296,91.685,12.893,194.61,SSP2-4.5
2046-09-08,0.0,26.78,84.986,12.487,258.58,SSP2-4.5
2046-09-09,0.0,26.448,86.604,11.226,239.48,SSP2-4.5
2046-09-10,0.0,26.617,85.516,9.616,257.05,SSP2-4.5
2046-09-11,0.0,26.644,86.503,8.008,253.32,SSP2-4.5
2046-09-12,0.0,26.948,85.316,8.013,254.91,SSP2-4.5
2046-09-13,2.5536,27.006,86.53,9.051,237.42,SSP2-4.5
2046-09-14,15.8413,26.717,91.255,9.13,217.47,SSP2-4.5
2046-09-15,34.9416,26.315,96.327,5.737,193.37,SSP2-4.5
2046-09-16,20.7681,26.118,96.188,3.997,193.94,SSP2-4.5
2046-09-17,0.1561,26.54,90.4,3.315,240.44,SSP2-4.5
2046-09-18,0.0,26.71,89.864,5.041,245.74,SSP2-4.5
2046-09-19,0.0,26.785,86.983,5.88,266.19,SSP2-4.5
2046-09-20,0.0,26.748,86.931,5.663,267.32,SSP2-4.5
2046-09-21,0.0,26.785,86.311,3.984,254.65,SSP2-4.5
2046-09-22,0.0,27.165,84.729,5.201,256.81,SSP2-4.5
2046-09-23,0.0,27.238,84.39,4.676,244.82,SSP2-4.5
2046-09-24,0.0,26.996,87.187,6.092,245.09,SSP2-4.5
2046-09-25,0.0,26.886,86.432,6.45,248.11,SSP2-4.5
2046-09-26,0.0,26.996,86.843,6.466,238.24,SSP2-4.5
2046-09-27,0.4071,27.172,86.651,6.196,248.3,SSP2-4.5
2046-09-28,14.138,27.17,87.852,6.721,238.19,SSP2-4.5
2046-09-29,11.6911,27.349,88.164,5.834,241.06,SSP2-4.5
2046-09-30,10.5406,26.667,90.4,4.472,222.54,SSP2-4.5
2046-10-01,18.7387,24.838,91.453,4.367,214.27,SSP2-4.5
2046-10-02,25.7843,24.569,93.707,8.882,189.51,SSP2-4.5
2046-10-03,12.9485,24.423,93.311,6.528,193.64,SSP2-4.5
2046-10-04,15.7449,24.438,92.903,6.071,207.29,SSP2-4.5
2046-10-05,38.8062,24.463,95.433,7.263,187.01,SSP2-4.5
2046-10-06,39.6518,24.363,94.754,7.038,183.22,SSP2-4.5
2046-10-07,17.8554,24.277,94.152,5.756,203.35,SSP2-4.5
2046-10-08,0.0704,24.994,88.768,6.73,240.08,SSP2-4.5
2046-10-09,0.0,25.545,85.309,9.475,254.77,SSP2-4.5
2046-10-10,0.0,25.309,85.308,8.874,264.12,SSP2-4.5
2046-10-11,0.0,25.27,84.622,8.652,267.62,SSP2-4.5
2046-10-12,0.0,25.407,84.446,7.866,266.59,SSP2-4.5
2046-10-13,0.0,25.958,81.351,6.785,261.06,SSP2-4.5
2046-10-14,0.0,27.149,80.098,5.973,250.16,SSP2-4.5
2046-10-15,0.0,25.776,87.726,6.89,236.19,SSP2-4.5
2046-10-16,0.1074,25.316,87.438,6.023,222.41,SSP2-4.5
2046-10-17,0.1227,24.519,88.809,5.387,215.82,SSP2-4.5
2046-10-18,0.0944,24.718,88.366,4.389,221.56,SSP2-4.5
2046-10-19,0.0,25.322,86.126,3.776,237.49,SSP2-4.5
2046-10-20,0.0,25.618,86.24,3.849,222.28,SSP2-4.5
2046-10-21,0.0,26.019,85.626,4.699,232.76,SSP2-4.5
2046-10-22,0.0,25.256,86.884,3.292,205.4,SSP2-4.5
2046-10-23,0.0,25.234,86.383,4.448,209.61,SSP2-4.5
2046-10-24,10.6796,24.455,88.625,6.37,213.91,SSP2-4.5
2046-10-25,0.8164,25.566,86.165,6.253,220.41,SSP2-4.5
2046-10-26,0.0,26.013,84.92,5.609,220.98,SSP2-4.5
2046-10-27,0.0,24.941,77.138,6.972,225.79,SSP2-4.5
2046-10-28,0.0,23.835,61.053,8.667,255.37,SSP2-4.5
2046-10-29,0.0,23.226,68.941,6.694,221.81,SSP2-4.5
2046-10-30,0.0,23.215,77.172,8.633,230.41,SSP2-4.5
2046-10-31,0.0,23.559,78.114,5.174,237.24,SSP2-4.5
2046-11-01,0.0,24.452,78.9,4.43,247.43,SSP2-4.5
2046-11-02,0.2602,24.284,85.696,5.244,199.33,SSP2-4.5
2046-11-03,0.0,24.922,84.493,5.52,204.3,SSP2-4.5
2046-11-04,0.0,25.551,80.433,4.92,240.77,SSP2-4.5
2046-11-05,0.0,25.169,73.417,3.514,246.08,SSP2-4.5
2046-11-06,0.0,25.049,68.502,5.271,246.12,SSP2-4.5
2046-11-07,0.0311,24.787,81.952,6.344,216.28,SSP2-4.5
2046-11-08,0.0,23.614,81.085,7.785,213.25,SSP2-4.5
2046-11-09,0.0,22.127,58.679,8.708,254.51,SSP2-4.5
2046-11-10,0.0,21.704,49.959,5.914,262.88,SSP2-4.5
2046-11-11,0.0,21.498,53.431,7.43,248.11,SSP2-4.5
2046-11-12,0.001,22.523,61.517,4.885,234.4,SSP2-4.5
2046-11-13,0.0,21.958,53.445,7.2,249.12,SSP2-4.5
2046-11-14,0.0,21.768,55.327,10.94,254.0,SSP2-4.5
2046-11-15,0.0082,22.258,67.087,7.864,251.33,SSP2-4.5
2046-11-16,13.5538,23.396,83.133,7.938,211.43,SSP2-4.5
2046-11-17,14.5968,22.901,87.674,8.015,174.29,SSP2-4.5
2046-11-18,2.7259,23.031,81.964,8.375,182.46,SSP2-4.5
2046-11-19,0.0158,23.562,78.759,6.834,226.06,SSP2-4.5
2046-11-20,0.0081,23.586,76.706,6.023,230.61,SSP2-4.5
2046-11-21,0.0,23.595,71.671,7.166,227.98,SSP2-4.5
2046-11-22,0.0,23.663,73.83,6.931,206.88,SSP2-4.5
2046-11-23,0.0059,23.479,76.723,7.065,207.11,SSP2-4.5
2046-11-24,0.0039,22.587,75.626,9.209,196.67,SSP2-4.5
2046-11-25,0.5576,22.165,71.82,13.315,194.57,SSP2-4.5
2046-11-26,1.9481,22.962,76.818,9.345,195.44,SSP2-4.5
2046-11-27,0.0,23.403,69.707,8.582,208.12,SSP2-4.5
2046-11-28,0.0,22.339,75.154,7.341,193.95,SSP2-4.5
2046-11-29,0.0,22.229,78.143,6.909,197.4,SSP2-4.5
2046-11-30,0.0,22.535,74.114,8.103,208.8,SSP2-4.5
2046-12-01,0.0,23.194,65.395,7.824,230.19,SSP2-4.5
2046-12-02,0.0,23.535,67.495,6.402,218.62,SSP2-4.5
2046-12-03,0.0,23.272,68.616,8.285,225.66,SSP2-4.5
2046-12-04,0.0,23.097,63.299,9.285,222.69,SSP2-4.5
2046-12-05,0.0,22.208,65.428,8.954,206.86,SSP2-4.5
2046-12-06,0.0,21.892,56.611,8.227,228.5,SSP2-4.5
2046-12-07,0.0,21.258,48.996,9.303,240.58,SSP2-4.5
2046-12-08,0.0,20.567,44.589,8.607,244.52,SSP2-4.5
2046-12-09,0.0,20.217,47.98,6.648,244.58,SSP2-4.5
2046-12-10,0.0,20.145,53.517,7.68,239.74,SSP2-4.5
2046-12-11,0.0,20.377,53.692,7.562,236.43,SSP2-4.5
2046-12-12,0.0,20.96,55.118,5.265,210.06,SSP2-4.5
2046-12-13,0.0,20.902,53.35,5.072,228.55,SSP2-4.5
2046-12-14,0.0,21.197,54.085,3.694,227.94,SSP2-4.5
2046-12-15,0.0,21.597,59.07,6.153,221.5,SSP2-4.5
2046-12-16,0.0,21.829,59.605,7.924,222.31,SSP2-4.5
2046-12-17,0.0,22.619,58.221,7.622,224.64,SSP2-4.5
2046-12-18,0.0,22.377,60.831,8.326,221.91,SSP2-4.5
2046-12-19,0.0,21.674,58.89,8.19,213.11,SSP2-4.5
2046-12-20,0.0,21.443,60.661,6.763,218.2,SSP2-4.5
2046-12-21,0.0,21.896,49.354,10.793,229.86,SSP2-4.5
2046-12-22,0.0,20.032,42.975,11.611,222.07,SSP2-4.5
2046-12-23,0.0,19.182,36.615,10.666,248.29,SSP2-4.5
2046-12-24,0.0,18.98,38.457,9.851,250.5,SSP2-4.5
2046-12-25,0.0,19.16,40.214,8.569,246.95,SSP2-4.5
2046-12-26,0.0,19.398,46.083,10.344,227.77,SSP2-4.5
2046-12-27,0.0,20.025,50.549,9.154,176.88,SSP2-4.5
2046-12-28,0.0,19.506,80.103,8.837,138.46,SSP2-4.5
2046-12-29,0.0,20.894,79.283,10.724,168.48,SSP2-4.5
2046-12-30,0.0,22.439,65.138,12.46,197.83,SSP2-4.5
2046-12-31,0.0,23.164,55.157,13.761,221.6,SSP2-4.5
2047-01-01,0.0,20.402,62.084,13.695,185.86,SSP2-4.5
2047-01-02,0.0,20.138,50.821,11.722,218.19,SSP2-4.5
2047-01-03,0.0,19.961,42.2,10.109,250.7,SSP2-4.5
2047-01-04,0.0,19.849,40.345,9.416,254.21,SSP2-4.5
2047-01-05,0.0,19.656,41.576,9.372,252.09,SSP2-4.5
2047-01-06,0.0,19.663,43.964,8.585,249.53,SSP2-4.5
2047-01-07,0.0,20.218,46.933,7.961,241.82,SSP2-4.5
2047-01-08,0.0,20.698,47.009,10.996,208.05,SSP2-4.5
2047-01-09,0.0,21.29,49.687,8.776,234.77,SSP2-4.5
2047-01-10,0.0,21.072,75.399,6.995,188.68,SSP2-4.5
2047-01-11,0.0,21.562,73.668,8.55,193.22,SSP2-4.5
2047-01-12,0.0,22.925,60.448,8.621,203.49,SSP2-4.5
2047-01-13,0.0,22.881,59.478,8.473,234.77,SSP2-4.5
2047-01-14,0.0,23.143,56.23,7.957,236.67,SSP2-4.5
2047-01-15,0.0,22.827,55.487,7.36,240.54,SSP2-4.5
2047-01-16,0.0,22.712,54.872,7.4,246.38,SSP2-4.5
2047-01-17,0.0,22.65,55.049,6.95,245.27,SSP2-4.5
2047-01-18,0.0,22.928,52.107,5.476,241.41,SSP2-4.5
2047-01-19,0.0,23.295,49.629,5.738,232.11,SSP2-4.5
2047-01-20,0.0,23.457,49.91,5.409,242.86,SSP2-4.5
2047-01-21,0.0,23.577,47.082,4.414,243.68,SSP2-4.5
2047-01-22,0.0,23.706,47.044,10.568,250.94,SSP2-4.5
2047-01-23,0.0,23.851,50.671,6.897,249.27,SSP2-4.5
2047-01-24,0.0,23.759,48.966,7.974,249.19,SSP2-4.5
2047-01-25,0.0,22.81,38.67,14.038,251.06,SSP2-4.5
2047-01-26,0.0,22.111,38.369,12.016,255.25,SSP2-4.5
2047-01-27,0.0,21.969,39.864,11.545,246.12,SSP2-4.5
2047-01-28,0.0,21.673,30.877,13.189,271.42,SSP2-4.5
2047-01-29,0.0,21.264,31.899,13.125,258.59,SSP2-4.5
2047-01-30,0.0,21.344,33.093,12.36,275.86,SSP2-4.5
2047-01-31,0.0,21.663,40.503,10.408,270.93,SSP2-4.5
2047-02-01,0.0,22.016,46.3,8.866,263.5,SSP2-4.5
2047-02-02,0.0,22.221,42.959,9.08,228.99,SSP2-4.5
2047-02-03,0.0,22.32,46.549,8.376,266.47,SSP2-4.5
2047-02-04,0.0,22.802,51.874,8.578,265.45,SSP2-4.5
2047-02-05,0.0,23.128,52.314,7.905,249.38,SSP2-4.5
2047-02-06,0.0,22.395,49.435,8.905,229.9,SSP2-4.5
2047-02-07,0.0,22.305,35.332,11.251,288.39,SSP2-4.5
2047-02-08,0.0,22.021,50.205,9.517,275.43,SSP2-4.5
2047-02-09,0.0,22.824,51.726,7.609,273.44,SSP2-4.5
2047-02-10,0.0,23.206,50.023,4.863,273.78,SSP2-4.5
2047-02-11,0.0,23.716,47.409,5.686,277.48,SSP2-4.5
2047-02-12,0.0,24.211,47.41,7.549,276.89,SSP2-4.5
2047-02-13,0.0,24.371,45.352,9.255,275.53,SSP2-4.5
2047-02-14,0.0,24.716,46.206,9.463,276.54,SSP2-4.5
2047-02-15,0.0,24.8,47.345,8.162,276.05,SSP2-4.5
2047-02-16,0.0,25.01,46.301,6.77,273.57,SSP2-4.5
2047-02-17,0.0,25.114,44.84,6.188,275.66,SSP2-4.5
2047-02-18,0.0,24.918,45.948,10.166,279.4,SSP2-4.5
2047-02-19,0.0,24.989,43.518,10.935,279.0,SSP2-4.5
2047-02-20,0.0,24.351,39.498,10.99,287.67,SSP2-4.5
2047-02-21,0.0,24.18,35.324,11.878,298.84,SSP2-4.5
2047-02-22,0.0,23.945,36.915,10.936,266.68,SSP2-4.5
2047-02-23,0.0,23.865,35.357,8.485,265.01,SSP2-4.5
2047-02-24,0.0,24.07,39.377,8.815,288.43,SSP2-4.5
2047-02-25,0.0,24.776,39.705,10.161,294.14,SSP2-4.5
2047-02-26,0.0,25.229,38.169,12.862,292.5,SSP2-4.5
2047-02-27,0.0,25.371,41.558,10.669,300.81,SSP2-4.5
2047-02-28,0.0,26.309,44.84,9.9,274.16,SSP2-4.5
2047-03-01,0.0,26.06,49.58,9.463,232.61,SSP2-4.5
2047-03-02,0.0478,25.168,57.758,8.863,237.93,SSP2-4.5
2047-03-03,0.0,26.637,48.842,5.464,262.15,SSP2-4.5
2047-03-04,0.0,26.614,42.664,5.49,294.94,SSP2-4.5
2047-03-05,0.0,26.294,35.422,6.069,298.95,SSP2-4.5
2047-03-06,0.0,26.038,32.755,7.658,311.16,SSP2-4.5
2047-03-07,0.0,26.28,33.853,4.544,314.26,SSP2-4.5
2047-03-08,0.0,26.194,33.315,4.296,315.4,SSP2-4.5
2047-03-09,0.0,26.533,33.701,5.038,314.09,SSP2-4.5
2047-03-10,0.0,26.793,36.839,7.003,307.83,SSP2-4.5
2047-03-11,0.0,27.049,36.77,8.313,302.79,SSP2-4.5
2047-03-12,0.0,27.528,34.452,8.094,304.92,SSP2-4.5
2047-03-13,0.0,27.519,32.493,7.57,292.0,SSP2-4.5
2047-03-14,0.0,27.524,35.491,8.909,261.02,SSP2-4.5
2047-03-15,0.0,26.566,42.31,10.444,239.71,SSP2-4.5
2047-03-16,0.0,27.377,40.636,12.072,290.26,SSP2-4.5
2047-03-17,0.0,27.802,37.974,11.541,306.84,SSP2-4.5
2047-03-18,0.0,27.663,38.418,10.919,299.65,SSP2-4.5
2047-03-19,0.0,26.969,41.245,9.204,254.15,SSP2-4.5
2047-03-20,0.0002,27.964,36.504,8.437,312.74,SSP2-4.5
2047-03-21,0.0,27.845,34.779,8.17,300.9,SSP2-4.5
2047-03-22,0.008,28.166,34.745,6.443,308.97,SSP2-4.5
2047-03-23,0.0,28.43,35.169,5.475,303.74,SSP2-4.5
2047-03-24,0.0,28.478,33.131,6.69,307.13,SSP2-4.5
2047-03-25,0.0,28.613,32.533,7.247,314.32,SSP2-4.5
2047-03-26,0.0,28.842,32.346,6.638,308.11,SSP2-4.5
2047-03-27,0.0,28.861,32.895,5.882,307.08,SSP2-4.5
2047-03-28,0.0,29.377,32.606,6.82,306.74,SSP2-4.5
2047-03-29,0.0,29.411,32.898,9.369,300.59,SSP2-4.5
2047-03-30,0.0,29.396,32.472,11.125,284.54,SSP2-4.5
2047-03-31,0.0,29.379,31.721,8.44,308.0,SSP2-4.5
2047-04-01,0.0,29.688,31.839,7.882,303.72,SSP2-4.5
2047-04-02,0.0,29.951,34.263,6.78,303.98,SSP2-4.5
2047-04-03,0.0,30.188,34.627,4.288,306.47,SSP2-4.5
2047-04-04,0.0,29.505,39.232,4.44,249.83,SSP2-4.5
2047-04-05,0.0,30.224,34.241,5.047,309.67,SSP2-4.5
2047-04-06,0.0036,30.173,33.176,6.568,295.27,SSP2-4.5
2047-04-07,0.0,30.129,32.086,7.302,290.39,SSP2-4.5
2047-04-08,0.0064,30.435,30.099,7.716,315.85,SSP2-4.5
2047-04-09,0.0007,30.469,29.485,7.708,299.66,SSP2-4.5
2047-04-10,0.0,30.319,30.052,7.502,296.45,SSP2-4.5
2047-04-11,0.0138,29.995,32.799,9.964,276.78,SSP2-4.5
2047-04-12,0.0,29.945,35.191,8.568,293.21,SSP2-4.5
2047-04-13,0.0,29.738,34.897,5.8,278.19,SSP2-4.5
2047-04-14,0.0,30.067,31.295,4.398,274.23,SSP2-4.5
2047-04-15,0.0,30.212,30.603,3.54,267.55,SSP2-4.5
2047-04-16,0.0,29.229,34.563,3.699,244.17,SSP2-4.5
2047-04-17,0.0,28.256,37.946,3.842,238.09,SSP2-4.5
2047-04-18,0.013,29.079,35.12,4.611,246.03,SSP2-4.5
2047-04-19,0.0058,29.561,30.367,3.778,328.15,SSP2-4.5
2047-04-20,0.0,30.673,30.847,7.91,311.28,SSP2-4.5
2047-04-21,0.0,31.154,31.894,7.019,305.61,SSP2-4.5
2047-04-22,0.0,31.279,31.474,7.142,317.22,SSP2-4.5
2047-04-23,0.0,31.665,29.093,9.091,316.05,SSP2-4.5
2047-04-24,0.0146,31.97,29.745,8.801,293.12,SSP2-4.5
2047-04-25,0.0046,31.506,32.702,9.699,307.58,SSP2-4.5
2047-04-26,1.5549,30.953,38.34,8.853,291.81,SSP2-4.5
2047-04-27,1.8527,29.958,44.163,10.725,248.43,SSP2-4.5
2047-04-28,0.0,30.961,30.03,7.267,350.25,SSP2-4.5
2047-04-29,0.0,31.16,27.248,7.332,341.45,SSP2-4.5
2047-04-30,0.0,31.398,24.784,9.049,336.37,SSP2-4.5
2047-05-01,0.0,31.232,24.641,8.557,353.14,SSP2-4.5
2047-05-02,0.0,31.727,23.727,9.933,348.1,SSP2-4.5
2047-05-03,0.0,32.16,24.651,10.173,350.57,SSP2-4.5
2047-05-04,0.0,32.513,26.837,7.467,298.6,SSP2-4.5
2047-05-05,0.1234,27.702,43.085,6.863,186.31,SSP2-4.5
2047-05-06,0.0,30.686,28.365,7.302,341.09,SSP2-4.5
2047-05-07,0.0,32.389,26.672,7.332,330.72,SSP2-4.5
2047-05-08,0.0,32.764,26.631,5.671,295.84,SSP2-4.5
2047-05-09,0.0,32.719,26.719,7.41,307.6,SSP2-4.5
2047-05-10,0.0,32.678,28.25,6.548,251.55,SSP2-4.5
2047-05-11,0.0,32.826,26.039,6.568,299.3,SSP2-4.5
2047-05-12,0.0,33.188,24.86,7.053,287.8,SSP2-4.5
2047-05-13,0.0062,33.03,27.517,7.748,269.71,SSP2-4.5
2047-05-14,0.0,33.011,25.975,7.416,312.33,SSP2-4.5
2047-05-15,0.0767,32.81,26.406,6.331,293.0,SSP2-4.5
2047-05-16,0.0,32.726,28.06,6.523,263.47,SSP2-4.5
2047-05-17,0.001,32.868,25.885,6.541,276.92,SSP2-4.5
2047-05-18,0.0,32.668,25.894,5.921,284.3,SSP2-4.5
2047-05-19,0.0,32.378,23.224,9.555,345.27,SSP2-4.5
2047-05-20,0.0,33.562,24.502,10.607,327.08,SSP2-4.5
2047-05-21,0.0,33.333,23.132,9.257,335.03,SSP2-4.5
2047-05-22,0.0,33.782,23.226,9.418,333.34,SSP2-4.5
2047-05-23,0.0,33.89,24.24,7.991,312.67,SSP2-4.5
2047-05-24,0.0,33.796,24.3,7.967,328.07,SSP2-4.5
2047-05-25,0.0,34.226,24.167,8.9,305.61,SSP2-4.5
2047-05-26,0.3859,32.877,30.622,6.722,260.34,SSP2-4.5
2047-05-27,0.0,33.214,30.361,9.115,299.16,SSP2-4.5
2047-05-28,0.0,33.75,30.464,8.908,290.27,SSP2-4.5
2047-05-29,25.8653,31.516,38.588,15.11,237.16,SSP2-4.5
2047-05-30,16.29,27.25,65.992,16.256,189.95,SSP2-4.5
2047-05-31,2.3626,28.285,70.538,6.916,230.25,SSP2-4.5
2047-06-01,1.1669,29.442,68.16,5.897,260.1,SSP2-4.5
2047-06-02,0.0959,30.805,55.011,8.131,276.76,SSP2-4.5
2047-06-03,0.0004,30.922,48.025,12.694,282.7,SSP2-4.5
2047-06-04,0.0,31.527,44.254,13.389,301.99,SSP2-4.5
2047-06-05,0.0,30.993,44.742,12.823,302.54,SSP2-4.5
2047-06-06,0.0,31.805,42.561,14.164,309.48,SSP2-4.5
2047-06-07,0.0,32.39,37.639,16.255,336.91,SSP2-4.5
2047-06-08,0.0,32.693,36.68,18.527,327.62,SSP2-4.5
2047-06-09,0.0,31.465,42.88,17.035,288.48,SSP2-4.5
2047-06-10,0.0818,29.149,55.498,16.554,255.49,SSP2-4.5
2047-06-11,8.2161,28.139,70.202,15.189,254.3,SSP2-4.5
2047-06-12,0.0,28.6,60.52,14.682,262.65,SSP2-4.5
2047-06-13,0.0063,29.429,59.818,14.92,275.72,SSP2-4.5
2047-06-14,0.0,30.492,55.466,16.404,285.88,SSP2-4.5
2047-06-15,0.0,31.387,54.12,16.892,297.71,SSP2-4.5
2047-06-16,6.9958,30.313,59.708,17.351,284.27,SSP2-4.5
2047-06-17,14.82,25.452,82.551,11.378,193.57,SSP2-4.5
2047-06-18,0.0352,26.907,72.061,14.828,260.17,SSP2-4.5
2047-06-19,15.45,27.177,73.184,15.14,241.23,SSP2-4.5
2047-06-20,18.2465,25.929,88.109,12.601,174.8,SSP2-4.5
2047-06-21,16.5382,25.335,84.283,14.805,208.19,SSP2-4.5
2047-06-22,3.994,25.349,86.691,14.509,198.21,SSP2-4.5
2047-06-23,0.0,25.686,75.907,17.361,229.21,SSP2-4.5
2047-06-24,0.0,27.582,62.649,18.246,303.41,SSP2-4.5
2047-06-25,0.0,28.122,59.656,18.302,319.48,SSP2-4.5
2047-06-26,0.0,26.72,66.154,16.856,246.88,SSP2-4.5
2047-06-27,0.0,27.706,61.755,17.533,293.13,SSP2-4.5
2047-06-28,4.9191,27.254,67.275,16.322,259.6,SSP2-4.5
2047-06-29,0.0,25.915,78.386,13.519,226.42,SSP2-4.5
2047-06-30,0.0717,26.045,75.074,12.657,222.41,SSP2-4.5
2047-07-01,0.0015,28.103,67.373,12.631,278.53,SSP2-4.5
2047-07-02,0.0,28.646,64.855,10.225,307.59,SSP2-4.5
2047-07-03,1.3187,27.369,75.092,9.046,219.7,SSP2-4.5
2047-07-04,0.0,27.134,77.478,9.269,206.99,SSP2-4.5
2047-07-05,0.0,28.165,68.784,9.66,249.73,SSP2-4.5
2047-07-06,0.0475,28.515,69.577,10.211,241.89,SSP2-4.5
2047-07-07,5.3594,27.254,77.177,9.178,223.18,SSP2-4.5
2047-07-08,13.4665,26.362,87.58,7.146,214.2,SSP2-4.5
2047-07-09,0.0432,27.515,77.676,9.99,246.67,SSP2-4.5
2047-07-10,0.0,28.242,68.858,12.353,294.25,SSP2-4.5
2047-07-11,0.0545,28.576,68.11,13.234,290.38,SSP2-4.5
2047-07-12,0.0,26.906,80.484,12.174,220.66,SSP2-4.5
2047-07-13,0.4192,27.655,76.434,12.937,240.38,SSP2-4.5
2047-07-14,3.5137,26.562,84.647,12.112,208.26,SSP2-4.5
2047-07-15,10.3385,26.764,85.398,12.388,225.17,SSP2-4.5
2047-07-16,2.3387,26.131,89.01,12.471,201.23,SSP2-4.5
2047-07-17,1.7163,26.247,89.038,11.899,199.42,SSP2-4.5
2047-07-18,32.632,26.153,91.39,10.144,200.28,SSP2-4.5
2047-07-19,25.8764,25.9,93.132,13.548,167.16,SSP2-4.5
2047-07-20,19.6328,25.77,91.961,15.115,177.08,SSP2-4.5
2047-07-21,13.3847,25.836,89.512,17.413,179.01,SSP2-4.5
2047-07-22,0.0,26.759,81.3,16.521,256.73,SSP2-4.5
2047-07-23,0.0,27.391,79.391,16.135,250.5,SSP2-4.5
2047-07-24,0.1062,26.857,82.868,16.074,248.79,SSP2-4.5
2047-07-25,4.5456,26.204,88.468,14.879,210.35,SSP2-4.5
2047-07-26,8.873,25.981,90.976,14.431,206.01,SSP2-4.5
2047-07-27,3.7924,26.204,88.404,17.885,219.05,SSP2-4.5
2047-07-28,26.2653,25.907,90.911,16.962,205.92,SSP2-4.5
2047-07-29,1.1271,25.896,89.554,15.394,199.98,SSP2-4.5
2047-07-30,0.0567,26.456,88.162,14.178,223.1,SSP2-4.5
2047-07-31,0.0464,25.986,89.625,10.955,207.24,SSP2-4.5
2047-08-01,0.0,27.638,85.739,11.424,246.9,SSP2-4.5
2047-08-02,0.8673,27.343,88.733,8.342,225.39,SSP2-4.5
2047-08-03,0.0,27.267,89.282,8.113,219.78,SSP2-4.5
2047-08-04,0.0,27.52,83.265,10.929,254.87,SSP2-4.5
2047-08-05,0.0,27.722,83.051,11.32,233.35,SSP2-4.5
2047-08-06,0.0,27.803,82.104,11.704,245.58,SSP2-4.5
2047-08-07,0.0,27.539,87.285,8.008,225.79,SSP2-4.5
2047-08-08,0.5555,27.763,87.125,7.635,237.42,SSP2-4.5
2047-08-09,0.6905,27.848,85.405,8.528,230.36,SSP2-4.5
2047-08-10,0.4489,27.784,87.176,6.331,228.84,SSP2-4.5
2047-08-11,0.0945,27.783,86.994,6.133,230.24,SSP2-4.5
2047-08-12,0.0033,28.09,83.833,7.871,244.12,SSP2-4.5
2047-08-13,0.0,28.175,84.086,9.572,238.65,SSP2-4.5
2047-08-14,0.0,28.175,81.694,11.572,234.14,SSP2-4.5
2047-08-15,0.0,28.511,78.625,13.534,263.69,SSP2-4.5
2047-08-16,0.2273,27.874,82.9,11.298,241.33,SSP2-4.5
2047-08-17,0.0,28.101,80.892,10.296,253.69,SSP2-4.5
2047-08-18,0.0,28.59,75.371,12.342,280.03,SSP2-4.5
2047-08-19,0.0,28.44,78.822,11.716,259.21,SSP2-4.5
2047-08-20,3.6855,27.096,88.74,10.311,205.12,SSP2-4.5
2047-08-21,5.2691,27.158,90.118,9.472,195.58,SSP2-4.5
2047-08-22,24.2511,27.062,90.612,11.095,209.94,SSP2-4.5
2047-08-23,1.5623,27.139,91.115,10.041,216.24,SSP2-4.5
2047-08-24,21.3896,27.389,89.468,10.706,227.68,SSP2-4.5
2047-08-25,0.0,27.403,88.361,10.241,226.85,SSP2-4.5
2047-08-26,8.1847,27.431,88.576,9.673,229.33,SSP2-4.5
2047-08-27,8.0088,27.376,88.703,10.489,225.69,SSP2-4.5
2047-08-28,8.4774,27.126,89.789,9.862,218.96,SSP2-4.5
2047-08-29,1.5458,27.008,91.029,9.57,206.15,SSP2-4.5
2047-08-30,2.1628,27.329,87.598,12.527,229.51,SSP2-4.5
2047-08-31,0.0,27.445,84.167,13.047,240.53,SSP2-4.5
2047-09-01,0.0,27.165,82.549,11.486,241.15,SSP2-4.5
2047-09-02,0.0,27.102,82.002,10.962,251.58,SSP2-4.5
2047-09-03,23.1034,26.844,87.973,8.698,232.45,SSP2-4.5
2047-09-04,34.9423,26.446,90.754,10.677,220.97,SSP2-4.5
2047-09-05,9.4758,26.314,93.989,8.618,167.42,SSP2-4.5
2047-09-06,0.0,26.87,87.849,7.132,228.67,SSP2-4.5
2047-09-07,3.6905,26.827,90.136,4.643,230.44,SSP2-4.5
2047-09-08,5.3773,26.946,91.092,4.959,228.64,SSP2-4.5
2047-09-09,10.7464,26.713,90.911,6.19,220.79,SSP2-4.5
2047-09-10,0.0175,26.952,87.955,7.795,227.32,SSP2-4.5
2047-09-11,0.0,27.155,82.914,8.677,239.81,SSP2-4.5
2047-09-12,0.0,27.231,82.102,8.621,226.99,SSP2-4.5
2047-09-13,0.0,27.181,81.753,8.82,244.47,SSP2-4.5
2047-09-14,0.0,27.648,77.4,8.3,270.19,SSP2-4.5
2047-09-15,0.0,27.972,76.791,7.94,257.59,SSP2-4.5
2047-09-16,0.0,28.338,75.105,8.148,281.27,SSP2-4.5
2047-09-17,0.0,27.317,78.893,7.494,237.46,SSP2-4.5
2047-09-18,0.0,27.29,79.014,6.251,240.11,SSP2-4.5
2047-09-19,0.0,27.62,74.438,5.817,265.0,SSP2-4.5
2047-09-20,0.0,28.256,70.594,6.566,271.73,SSP2-4.5
2047-09-21,0.0,28.341,69.499,6.428,265.51,SSP2-4.5
2047-09-22,0.0,28.535,68.528,6.892,280.64,SSP2-4.5
2047-09-23,0.0,29.197,68.965,6.737,264.61,SSP2-4.5
2047-09-24,0.0,29.356,65.546,7.785,274.91,SSP2-4.5
2047-09-25,0.0,28.365,66.683,9.023,234.18,SSP2-4.5
2047-09-26,40.5894,26.483,88.26,9.338,185.44,SSP2-4.5
2047-09-27,116.252,25.994,94.441,10.06,180.58,SSP2-4.5
2047-09-28,24.5059,25.855,94.147,10.547,158.29,SSP2-4.5
2047-09-29,1.6243,26.053,90.528,7.696,212.55,SSP2-4.5
2047-09-30,16.5433,26.271,89.615,6.174,214.69,SSP2-4.5
2047-10-01,16.4789,25.095,88.576,5.833,227.59,SSP2-4.5
2047-10-02,14.763,24.785,90.472,4.054,214.6,SSP2-4.5
2047-10-03,16.4552,24.754,90.385,3.495,216.9,SSP2-4.5
2047-10-04,16.0074,25.534,86.839,4.209,242.28,SSP2-4.5
2047-10-05,31.2568,24.549,92.1,3.783,201.09,SSP2-4.5
2047-10-06,23.117,24.461,92.512,5.178,201.11,SSP2-4.5
2047-10-07,13.5583,24.738,90.331,5.55,209.73,SSP2-4.5
2047-10-08,7.9911,24.545,91.044,5.451,210.12,SSP2-4.5
2047-10-09,1.338,24.867,88.199,3.475,216.48,SSP2-4.5
2047-10-10,0.0,27.149,79.73,4.073,255.46,SSP2-4.5
2047-10-11,0.0,27.788,73.822,5.855,262.3,SSP2-4.5
2047-10-12,0.0198,27.726,74.354,7.231,237.28,SSP2-4.5
2047-10-13,0.0,27.837,73.094,6.954,243.63,SSP2-4.5
2047-10-14,0.0,28.03,67.36,6.743,264.85,SSP2-4.5
2047-10-15,0.0,27.824,67.122,5.583,259.33,SSP2-4.5
2047-10-16,0.0,27.153,69.226,3.456,254.09,SSP2-4.5
2047-10-17,0.0,27.201,67.849,4.369,256.78,SSP2-4.5
2047-10-18,0.0,27.144,72.597,4.982,244.51,SSP2-4.5
2047-10-19,0.0,27.288,73.371,5.471,238.32,SSP2-4.5
2047-10-20,0.0,27.233,76.089,6.294,235.56,SSP2-4.5
2047-10-21,0.0,27.547,75.723,6.506,222.23,SSP2-4.5
2047-10-22,0.0,26.415,81.228,6.964,226.2,SSP2-4.5
2047-10-23,0.0,26.218,81.534,6.941,223.22,SSP2-4.5
2047-10-24,0.0,26.864,74.22,6.914,228.82,SSP2-4.5
2047-10-25,0.4424,25.234,82.713,7.789,211.83,SSP2-4.5
2047-10-26,6.4675,24.165,84.642,8.531,200.89,SSP2-4.5
2047-10-27,15.0273,23.342,87.991,7.931,185.77,SSP2-4.5
2047-10-28,18.4496,22.98,90.668,5.291,173.09,SSP2-4.5
2047-10-29,25.4567,22.899,91.098,6.44,173.65,SSP2-4.5
2047-10-30,19.1989,23.019,90.969,5.771,173.74,SSP2-4.5
2047-10-31,7.4493,23.043,90.309,6.79,179.95,SSP2-4.5
2047-11-01,7.4296,23.602,88.373,7.252,178.94,SSP2-4.5
2047-11-02,8.0865,23.801,87.586,6.072,176.08,SSP2-4.5
2047-11-03,2.2776,23.735,87.121,7.649,184.29,SSP2-4.5
2047-11-04,0.2118,24.746,82.061,8.042,212.83,SSP2-4.5
2047-11-05,13.6442,23.709,87.541,7.196,182.89,SSP2-4.5
2047-11-06,15.6326,22.774,89.834,7.278,171.02,SSP2-4.5
2047-11-07,1.9483,24.069,84.881,7.04,206.8,SSP2-4.5
2047-11-08,0.7906,24.077,84.766,6.672,199.2,SSP2-4.5
2047-11-09,0.0,25.048,73.947,10.759,234.03,SSP2-4.5
2047-11-10,0.0,24.624,61.581,10.264,247.59,SSP2-4.5
2047-11-11,0.0,24.208,57.698,8.281,245.06,SSP2-4.5
2047-11-12,0.0,24.038,55.903,5.701,245.28,SSP2-4.5
2047-11-13,0.0,24.399,66.741,5.906,227.03,SSP2-4.5
2047-11-14,0.0,24.602,71.904,7.787,195.37,SSP2-4.5
2047-11-15,4.7811,23.565,75.354,11.791,183.54,SSP2-4.5
2047-11-16,9.5101,22.385,87.847,16.717,142.69,SSP2-4.5
2047-11-17,15.2754,22.245,87.732,13.713,148.52,SSP2-4.5
2047-11-18,0.2651,22.09,86.429,11.786,158.61,SSP2-4.5
2047-11-19,0.0483,23.426,78.701,11.137,191.49,SSP2-4.5
2047-11-20,0.0,24.466,64.685,8.93,221.22,SSP2-4.5
2047-11-21,0.0203,24.227,72.888,8.849,217.52,SSP2-4.5
2047-11-22,0.0,23.399,54.164,8.574,242.43,SSP2-4.5
2047-11-23,0.0,23.018,49.627,9.262,245.59,SSP2-4.5
2047-11-24,0.0,22.886,60.285,8.86,198.31,SSP2-4.5
2047-11-25,0.0,21.625,55.752,9.939,199.19,SSP2-4.5
2047-11-26,0.0,21.9,56.213,8.848,238.07,SSP2-4.5
2047-11-27,0.0,22.751,61.885,8.875,194.09,SSP2-4.5
2047-11-28,0.0,23.078,60.291,8.659,216.97,SSP2-4.5
2047-11-29,0.0,22.956,58.715,8.031,213.87,SSP2-4.5
2047-11-30,0.0,21.798,60.429,6.851,198.22,SSP2-4.5
2047-12-01,0.0,22.442,60.605,6.381,187.34,SSP2-4.5
2047-12-02,0.0,22.807,53.655,6.523,214.09,SSP2-4.5
2047-12-03,0.0,21.787,47.747,8.691,224.85,SSP2-4.5
2047-12-04,0.0,21.553,44.9,9.622,241.53,SSP2-4.5
2047-12-05,0.0,21.467,48.441,8.508,231.34,SSP2-4.5
2047-12-06,0.0,21.28,49.701,8.455,223.54,SSP2-4.5
2047-12-07,0.0,21.121,48.767,7.71,229.5,SSP2-4.5
2047-12-08,0.0,21.33,46.432,7.2,234.63,SSP2-4.5
2047-12-09,0.0,21.628,44.256,6.64,234.63,SSP2-4.5
2047-12-10,0.0,21.707,45.629,5.106,235.26,SSP2-4.5
2047-12-11,0.0,22.271,46.774,5.091,233.21,SSP2-4.5
2047-12-12,0.0,23.005,50.878,9.181,226.73,SSP2-4.5
2047-12-13,0.0,22.272,63.003,9.388,190.81,SSP2-4.5
2047-12-14,0.0,23.839,55.128,9.403,223.41,SSP2-4.5
2047-12-15,0.0,23.832,51.556,9.319,213.03,SSP2-4.5
2047-12-16,0.0,23.055,58.356,8.398,205.28,SSP2-4.5
2047-12-17,0.0,23.131,57.882,9.15,212.56,SSP2-4.5
2047-12-18,0.0,22.962,56.876,7.8,208.97,SSP2-4.5
2047-12-19,0.0,22.524,55.469,7.071,216.41,SSP2-4.5
2047-12-20,0.0,21.869,45.328,7.934,235.52,SSP2-4.5
2047-12-21,0.0,21.093,37.785,8.295,245.71,SSP2-4.5
2047-12-22,0.0,20.793,37.345,8.347,244.83,SSP2-4.5
2047-12-23,0.0,20.605,33.394,9.028,248.6,SSP2-4.5
2047-12-24,0.0,20.205,34.277,8.772,247.72,SSP2-4.5
2047-12-25,0.0,20.115,30.567,10.147,247.58,SSP2-4.5
2047-12-26,0.0,19.81,33.077,9.602,249.09,SSP2-4.5
2047-12-27,0.0,20.41,33.454,9.246,248.35,SSP2-4.5
2047-12-28,0.0,20.399,34.934,10.914,247.91,SSP2-4.5
2047-12-29,0.0,20.031,35.435,10.451,246.77,SSP2-4.5
2047-12-30,0.0,19.589,37.337,9.081,238.83,SSP2-4.5
2047-12-31,0.0,20.318,45.592,6.792,243.16,SSP2-4.5
2048-01-01,0.0,22.06,51.597,8.135,232.15,SSP2-4.5
2048-01-02,0.0,23.23,55.79,7.897,224.32,SSP2-4.5
2048-01-03,0.0,23.754,59.025,10.963,214.22,SSP2-4.5
2048-01-04,0.0,23.131,62.296,10.746,176.0,SSP2-4.5
2048-01-05,0.0,23.762,53.258,12.91,233.3,SSP2-4.5
2048-01-06,0.0,23.573,52.893,12.787,232.65,SSP2-4.5
2048-01-07,0.0,23.311,53.46,10.7,235.12,SSP2-4.5
2048-01-08,0.0,23.214,50.5,10.539,238.63,SSP2-4.5
2048-01-09,0.0,22.777,51.667,10.301,217.4,SSP2-4.5
2048-01-10,0.0,22.836,53.813,10.803,217.19,SSP2-4.5
2048-01-11,0.0,23.027,53.238,11.116,220.86,SSP2-4.5
2048-01-12,0.0,23.17,52.407,7.661,234.82,SSP2-4.5
2048-01-13,0.0,23.599,50.309,8.871,243.57,SSP2-4.5
2048-01-14,0.0,23.627,49.029,7.594,236.77,SSP2-4.5
2048-01-15,0.0,23.344,52.032,9.458,227.74,SSP2-4.5
2048-01-16,0.0,23.356,52.876,9.02,213.3,SSP2-4.5
2048-01-17,0.0,23.579,52.727,10.582,229.98,SSP2-4.5
2048-01-18,0.0,23.519,48.071,11.477,237.93,SSP2-4.5
2048-01-19,0.0,23.552,47.447,7.742,249.33,SSP2-4.5
2048-01-20,0.0,23.885,48.015,6.886,249.27,SSP2-4.5
2048-01-21,0.0,24.196,44.915,8.495,248.08,SSP2-4.5
2048-01-22,0.0,24.079,44.509,7.868,251.68,SSP2-4.5
2048-01-23,0.0,23.686,38.39,9.854,217.12,SSP2-4.5
2048-01-24,0.0,23.125,34.673,10.848,253.77,SSP2-4.5
2048-01-25,0.0,22.85,37.323,7.872,249.27,SSP2-4.5
2048-01-26,0.0,23.067,40.551,7.38,240.38,SSP2-4.5
2048-01-27,0.0,23.484,41.523,6.928,253.09,SSP2-4.5
2048-01-28,0.0,23.781,44.274,7.198,256.61,SSP2-4.5
2048-01-29,0.0,24.98,44.453,10.483,246.65,SSP2-4.5
2048-01-30,0.0,25.224,43.336,10.648,254.25,SSP2-4.5
2048-01-31,0.0,24.218,50.113,11.154,208.82,SSP2-4.5
2048-02-01,0.0,23.995,56.396,13.639,216.46,SSP2-4.5
2048-02-02,0.0,25.416,51.113,13.061,242.35,SSP2-4.5
2048-02-03,0.0,25.802,46.371,10.732,249.12,SSP2-4.5
2048-02-04,0.0,25.67,43.611,10.612,256.94,SSP2-4.5
2048-02-05,0.0,25.986,42.368,12.354,259.69,SSP2-4.5
2048-02-06,0.0,26.241,45.076,9.293,237.12,SSP2-4.5
2048-02-07,0.0,25.851,40.404,9.798,232.41,SSP2-4.5
2048-02-08,0.0,25.6,39.793,9.646,266.18,SSP2-4.5
2048-02-09,0.0,26.473,43.693,13.712,245.83,SSP2-4.5
2048-02-10,0.0,26.373,47.65,13.654,230.54,SSP2-4.5
2048-02-11,0.0,23.43,64.35,13.661,185.37,SSP2-4.5
2048-02-12,0.0,24.759,56.625,12.39,246.29,SSP2-4.5
2048-02-13,0.0,25.651,51.386,10.323,255.91,SSP2-4.5
2048-02-14,0.0,26.084,44.263,8.889,263.6,SSP2-4.5
2048-02-15,0.0,25.461,38.385,8.787,261.51,SSP2-4.5
2048-02-16,0.0,25.081,32.784,8.527,271.08,SSP2-4.5
2048-02-17,0.0,24.851,34.223,7.229,278.76,SSP2-4.5
2048-02-18,0.0,25.942,41.443,10.619,250.76,SSP2-4.5
2048-02-19,0.0,26.022,38.841,11.883,258.46,SSP2-4.5
2048-02-20,0.0,25.965,35.538,10.419,281.39,SSP2-4.5
2048-02-21,0.0,26.509,35.732,7.981,270.77,SSP2-4.5
2048-02-22,0.0,26.219,29.792,10.192,280.88,SSP2-4.5
2048-02-23,0.0,26.01,32.311,6.44,265.18,SSP2-4.5
2048-02-24,0.0,27.518,43.041,11.325,243.79,SSP2-4.5
2048-02-25,0.5386,27.956,47.189,14.169,234.73,SSP2-4.5
2048-02-26,0.0,27.079,36.781,12.657,220.12,SSP2-4.5
2048-02-27,0.0,26.265,29.884,12.4,305.14,SSP2-4.5
2048-02-28,0.0,25.802,28.789,8.438,309.82,SSP2-4.5
2048-02-29,0.0,26.545,35.144,7.731,285.13,SSP2-4.5
2048-03-01,0.0,27.659,38.84,8.537,256.17,SSP2-4.5
2048-03-02,0.0,26.732,39.813,5.393,225.98,SSP2-4.5
2048-03-03,0.0,26.592,30.478,7.904,300.61,SSP2-4.5
2048-03-04,0.0,26.446,30.706,7.771,310.67,SSP2-4.5
2048-03-05,0.0,26.905,31.134,6.967,310.52,SSP2-4.5
2048-03-06,0.0,27.413,30.181,8.837,307.19,SSP2-4.5
2048-03-07,0.0,27.576,28.544,9.008,307.12,SSP2-4.5
2048-03-08,0.0,27.663,26.837,11.279,314.98,SSP2-4.5
2048-03-09,0.0,28.366,29.028,10.243,306.19,SSP2-4.5
2048-03-10,0.0,28.382,30.672,6.438,299.89,SSP2-4.5
2048-03-11,0.0,27.889,25.736,7.391,292.03,SSP2-4.5
2048-03-12,0.0,27.598,25.15,7.959,314.4,SSP2-4.5
2048-03-13,0.0,27.86,29.402,7.788,309.45,SSP2-4.5
2048-03-14,0.0,28.531,33.89,8.854,302.02,SSP2-4.5
2048-03-15,0.0,29.131,35.4,10.699,296.43,SSP2-4.5
2048-03-16,0.0,29.308,38.462,11.315,286.81,SSP2-4.5
2048-03-17,0.0,29.599,36.834,11.734,243.03,SSP2-4.5
2048-03-18,0.0,29.389,35.9,8.589,280.21,SSP2-4.5
2048-03-19,0.018,29.713,32.05,8.602,289.04,SSP2-4.5
2048-03-20,0.5391,25.322,54.928,6.934,184.69,SSP2-4.5
2048-03-21,0.0047,28.785,37.433,9.177,279.03,SSP2-4.5
2048-03-22,0.0005,28.813,37.673,10.453,259.55,SSP2-4.5
2048-03-23,0.2899,29.232,36.81,7.006,264.02,SSP2-4.5
2048-03-24,0.3902,27.477,46.489,3.216,228.58,SSP2-4.5
2048-03-25,0.0241,27.939,40.078,6.926,257.05,SSP2-4.5
2048-03-26,0.0076,28.111,35.165,6.96,269.85,SSP2-4.5
2048-03-27,0.0,28.635,32.996,8.711,275.55,SSP2-4.5
2048-03-28,0.0,28.64,33.623,9.158,269.43,SSP2-4.5
2048-03-29,0.0,28.775,30.443,9.025,307.24,SSP2-4.5
2048-03-30,0.2114,29.527,30.511,9.667,300.54,SSP2-4.5
2048-03-31,0.1886,27.761,40.359,7.866,231.9,SSP2-4.5
2048-04-01,3.8673,28.86,44.258,8.879,259.63,SSP2-4.5
2048-04-02,0.0082,28.481,43.881,8.285,278.61,SSP2-4.5
2048-04-03,0.0268,27.821,50.485,9.261,238.59,SSP2-4.5
2048-04-04,0.0015,29.039,39.912,9.541,270.46,SSP2-4.5
2048-04-05,0.1953,29.886,35.736,5.779,286.58,SSP2-4.5
2048-04-06,6.7186,29.09,47.524,7.007,264.85,SSP2-4.5
2048-04-07,6.6524,28.866,53.957,7.716,270.21,SSP2-4.5
2048-04-08,5.7842,27.789,56.029,8.46,268.19,SSP2-4.5
2048-04-09,10.2011,27.948,56.713,6.154,267.17,SSP2-4.5
2048-04-10,9.7518,28.065,56.866,7.453,269.69,SSP2-4.5
2048-04-11,0.4413,28.374,51.441,5.806,278.73,SSP2-4.5
2048-04-12,0.0008,30.019,38.11,5.445,298.34,SSP2-4.5
2048-04-13,0.0,30.229,33.362,6.488,313.8,SSP2-4.5
2048-04-14,0.0,30.494,31.721,7.512,281.91,SSP2-4.5
2048-04-15,0.0,31.175,29.026,6.727,310.04,SSP2-4.5
2048-04-16,0.0,31.165,30.136,7.112,299.7,SSP2-4.5
2048-04-17,0.0,31.381,29.73,7.11,277.3,SSP2-4.5
2048-04-18,0.0031,31.609,28.506,7.854,317.2,SSP2-4.5
2048-04-19,0.0,30.353,28.079,6.154,251.87,SSP2-4.5
2048-04-20,0.0,31.021,25.116,7.134,341.75,SSP2-4.5
2048-04-21,0.0249,30.991,26.271,9.124,331.15,SSP2-4.5
2048-04-22,0.0,31.579,26.07,6.842,308.05,SSP2-4.5
2048-04-23,0.0,31.34,24.853,6.369,293.05,SSP2-4.5
2048-04-24,0.0,31.058,24.622,6.156,324.62,SSP2-4.5
2048-04-25,0.0,31.846,24.674,6.721,321.17,SSP2-4.5
2048-04-26,0.0,31.919,25.432,6.88,321.34,SSP2-4.5
2048-04-27,0.1936,32.548,26.843,7.874,303.41,SSP2-4.5
2048-04-28,2.0265,31.729,35.156,7.098,242.09,SSP2-4.5
2048-04-29,0.9442,30.876,36.307,6.776,285.18,SSP2-4.5
2048-04-30,0.0,31.447,27.922,8.578,337.02,SSP2-4.5
2048-05-01,0.0442,32.054,26.583,9.135,335.05,SSP2-4.5
2048-05-02,0.0314,32.25,28.22,9.845,310.13,SSP2-4.5
2048-05-03,0.1412,32.032,27.521,9.18,314.2,SSP2-4.5
2048-05-04,0.0,31.854,25.333,7.507,316.39,SSP2-4.5
2048-05-05,0.0,32.644,25.393,9.282,321.84,SSP2-4.5
2048-05-06,0.0,32.611,25.738,10.426,337.18,SSP2-4.5
2048-05-07,0.0,32.668,25.676,10.04,323.52,SSP2-4.5
2048-05-08,1.4706,32.417,29.795,7.852,282.63,SSP2-4.5
2048-05-09,0.5744,31.823,36.027,6.946,267.62,SSP2-4.5
2048-05-10,1.2751,31.334,39.342,6.224,278.54,SSP2-4.5
2048-05-11,0.0077,31.864,34.807,6.029,277.22,SSP2-4.5
2048-05-12,0.0,32.31,30.205,5.382,288.03,SSP2-4.5
2048-05-13,0.0,32.421,26.224,7.523,300.26,SSP2-4.5
2048-05-14,0.0,32.939,22.781,11.631,326.26,SSP2-4.5
2048-05-15,0.0,33.058,21.323,13.029,353.13,SSP2-4.5
2048-05-16,0.0,32.815,19.962,11.886,366.81,SSP2-4.5
2048-05-17,0.0,32.601,20.409,11.339,354.13,SSP2-4.5
2048-05-18,0.0,33.365,20.125,10.579,346.73,SSP2-4.5
2048-05-19,0.0373,33.669,21.896,8.598,318.42,SSP2-4.5
2048-05-20,0.0,33.184,27.765,6.1,249.4,SSP2-4.5
2048-05-21,0.0,33.548,26.595,5.223,268.47,SSP2-4.5
2048-05-22,0.002,33.731,21.785,7.34,334.09,SSP2-4.5
2048-05-23,0.0,34.2,21.572,7.425,317.52,SSP2-4.5
2048-05-24,0.0,34.576,19.792,7.184,327.49,SSP2-4.5
2048-05-25,0.0,34.361,20.52,5.739,315.28,SSP2-4.5
2048-05-26,0.0,34.536,19.039,6.866,318.16,SSP2-4.5
2048-05-27,0.0,35.173,17.64,8.309,344.38,SSP2-4.5
2048-05-28,0.0,34.993,18.373,7.697,332.41,SSP2-4.5
2048-05-29,0.0883,34.537,23.627,7.017,272.68,SSP2-4.5
2048-05-30,0.0961,34.222,27.222,6.928,311.94,SSP2-4.5
2048-05-31,6.0281,33.771,35.324,5.525,288.53,SSP2-4.5
2048-06-01,5.5862,32.23,57.031,8.1,280.19,SSP2-4.5
2048-06-02,0.0738,31.194,59.118,6.068,286.02,SSP2-4.5
2048-06-03,0.7796,31.144,60.352,5.661,276.19,SSP2-4.5
2048-06-04,1.3294,30.811,59.337,5.971,270.85,SSP2-4.5
2048-06-05,14.8276,28.26,72.655,6.567,254.08,SSP2-4.5
2048-06-06,19.9569,26.893,83.308,6.508,231.79,SSP2-4.5
2048-06-07,0.2276,29.542,63.036,7.466,271.2,SSP2-4.5
2048-06-08,0.0,31.808,48.365,10.492,299.35,SSP2-4.5
2048-06-09,0.0,30.959,50.244,12.834,280.74,SSP2-4.5
2048-06-10,1.5349,31.718,52.929,14.491,298.84,SSP2-4.5
2048-06-11,3.6322,28.84,67.199,15.319,267.37,SSP2-4.5
2048-06-12,0.0,29.772,59.571,17.37,271.88,SSP2-4.5
2048-06-13,0.4952,29.169,60.146,17.164,259.07,SSP2-4.5
2048-06-14,3.0108,26.878,75.05,11.41,236.82,SSP2-4.5
2048-06-15,0.5635,28.568,71.875,8.615,264.45,SSP2-4.5
2048-06-16,0.3883,27.495,74.211,8.057,229.63,SSP2-4.5
2048-06-17,2.4412,27.649,74.778,8.951,228.28,SSP2-4.5
2048-06-18,7.3902,27.04,76.499,10.808,220.19,SSP2-4.5
2048-06-19,0.1234,28.696,62.914,11.356,280.05,SSP2-4.5
2048-06-20,0.0,30.626,55.648,10.265,305.03,SSP2-4.5
2048-06-21,0.6914,29.126,61.17,9.695,276.2,SSP2-4.5
2048-06-22,10.8991,28.409,68.677,12.304,248.07,SSP2-4.5
2048-06-23,5.3612,28.966,67.344,12.933,289.81,SSP2-4.5
2048-06-24,0.0256,28.485,65.62,12.525,279.97,SSP2-4.5
2048-06-25,0.0,29.604,62.026,10.942,291.73,SSP2-4.5
2048-06-26,0.0601,30.87,60.19,8.92,301.1,SSP2-4.5
2048-06-27,17.3588,26.275,86.53,8.71,177.22,SSP2-4.5
2048-06-28,0.0,27.312,78.526,11.906,228.73,SSP2-4.5
2048-06-29,0.0,28.28,71.157,10.46,277.43,SSP2-4.5
2048-06-30,8.0247,28.295,76.128,7.989,257.47,SSP2-4.5
2048-07-01,10.4855,28.805,76.996,8.748,255.04,SSP2-4.5
2048-07-02,10.8222,28.016,80.305,11.843,232.29,SSP2-4.5
2048-07-03,0.4499,28.642,70.388,12.98,278.06,SSP2-4.5
2048-07-04,0.0,29.03,66.36,12.825,255.32,SSP2-4.5
2048-07-05,0.0,29.268,64.86,12.343,293.05,SSP2-4.5
2048-07-06,0.0,29.507,64.907,11.468,257.38,SSP2-4.5
2048-07-07,0.0,29.923,63.016,12.572,280.54,SSP2-4.5
2048-07-08,0.0,29.522,67.051,14.163,270.72,SSP2-4.5
2048-07-09,0.0,29.633,64.99,15.469,291.93,SSP2-4.5
2048-07-10,0.0,30.047,60.043,14.125,305.77,SSP2-4.5
2048-07-11,0.0,30.053,63.758,13.472,264.96,SSP2-4.5
2048-07-12,0.0,29.855,65.329,12.17,278.49,SSP2-4.5
2048-07-13,0.0,30.586,63.491,12.605,278.58,SSP2-4.5
2048-07-14,0.0,30.342,63.328,11.576,268.58,SSP2-4.5
2048-07-15,0.0,31.176,60.916,10.943,285.97,SSP2-4.5
2048-07-16,1.7216,30.24,66.781,10.702,262.18,SSP2-4.5
2048-07-17,14.7161,29.218,73.401,11.635,248.58,SSP2-4.5
2048-07-18,19.6217,26.61,91.338,9.119,185.76,SSP2-4.5
2048-07-19,0.0883,27.007,87.999,7.122,215.83,SSP2-4.5
2048-07-20,7.4157,27.701,83.657,9.471,238.52,SSP2-4.5
2048-07-21,2.3922,27.843,80.88,13.017,245.82,SSP2-4.5
2048-07-22,0.0,26.383,88.225,11.555,205.63,SSP2-4.5
2048-07-23,0.2104,27.027,81.785,13.21,222.55,SSP2-4.5
2048-07-24,0.2446,26.601,87.231,11.497,200.12,SSP2-4.5
2048-07-25,0.0,27.534,78.692,12.934,236.55,SSP2-4.5
2048-07-26,0.0295,27.995,77.306,12.603,249.38,SSP2-4.5
2048-07-27,0.0,29.071,72.672,11.76,264.22,SSP2-4.5
2048-07-28,0.4096,29.331,73.055,12.504,278.07,SSP2-4.5
2048-07-29,1.322,29.22,74.768,12.181,280.79,SSP2-4.5
2048-07-30,3.5041,28.504,80.306,13.704,240.69,SSP2-4.5
2048-07-31,25.1108,27.27,87.984,13.534,221.9,SSP2-4.5
2048-08-01,1.214,27.153,89.261,13.763,198.03,SSP2-4.5
2048-08-02,12.4538,27.0,90.175,15.779,181.37,SSP2-4.5
2048-08-03,0.1085,27.184,88.793,12.984,202.65,SSP2-4.5
2048-08-04,12.6053,27.892,85.629,16.585,231.94,SSP2-4.5
2048-08-05,16.2128,26.93,90.12,17.127,180.77,SSP2-4.5
2048-08-06,17.6416,26.746,91.665,15.484,161.07,SSP2-4.5
2048-08-07,0.6913,27.061,88.619,17.65,197.07,SSP2-4.5
2048-08-08,23.2716,26.893,90.861,15.981,193.2,SSP2-4.5
2048-08-09,0.3756,27.181,87.961,14.879,210.99,SSP2-4.5
2048-08-10,0.0,27.994,81.372,14.777,255.35,SSP2-4.5
2048-08-11,0.2041,28.2,82.481,12.407,248.95,SSP2-4.5
2048-08-12,3.2672,28.189,84.011,12.398,243.99,SSP2-4.5
2048-08-13,0.0,27.936,84.703,12.077,235.24,SSP2-4.5
2048-08-14,28.529,27.371,88.731,13.394,219.83,SSP2-4.5
2048-08-15,63.732,26.67,93.643,18.214,153.51,SSP2-4.5
2048-08-16,33.581,27.017,93.548,16.017,138.74,SSP2-4.5
2048-08-17,0.0,27.649,84.505,14.527,243.5,SSP2-4.5
2048-08-18,0.0,28.005,81.627,14.329,268.64,SSP2-4.5
2048-08-19,0.0,28.162,82.389,12.979,248.51,SSP2-4.5
2048-08-20,1.0268,27.717,84.218,13.758,241.18,SSP2-4.5
2048-08-21,35.1605,27.075,90.975,14.357,209.5,SSP2-4.5
2048-08-22,32.4276,26.687,94.377,14.054,133.58,SSP2-4.5
2048-08-23,0.0,26.922,91.332,10.957,198.05,SSP2-4.5
2048-08-24,0.0277,27.251,89.617,11.679,220.9,SSP2-4.5
2048-08-25,0.0362,27.438,87.072,11.573,236.54,SSP2-4.5
2048-08-26,0.3176,27.161,89.223,11.681,222.1,SSP2-4.5
2048-08-27,0.0016,26.962,91.606,10.586,189.99,SSP2-4.5
2048-08-28,0.3291,27.507,86.105,12.524,232.32,SSP2-4.5
2048-08-29,0.0,27.604,83.99,13.699,233.15,SSP2-4.5
2048-08-30,0.0,27.721,80.73,13.567,241.21,SSP2-4.5
2048-08-31,0.0,27.642,80.81,12.671,242.06,SSP2-4.5
2048-09-01,0.0,27.376,78.143,11.807,266.06,SSP2-4.5
2048-09-02,0.0,27.736,75.959,11.428,268.48,SSP2-4.5
2048-09-03,0.0,28.077,75.866,9.517,276.13,SSP2-4.5
2048-09-04,2.2913,26.748,89.315,9.974,199.64,SSP2-4.5
2048-09-05,0.0,27.46,81.594,11.697,246.42,SSP2-4.5
2048-09-06,0.0,26.576,84.96,11.764,213.2,SSP2-4.5
2048-09-07,0.0,26.433,89.192,10.635,195.34,SSP2-4.5
2048-09-08,0.8583,26.969,83.467,10.5,237.68,SSP2-4.5
2048-09-09,0.0,27.67,81.508,7.449,257.87,SSP2-4.5
2048-09-10,0.2366,27.186,86.966,6.084,234.62,SSP2-4.5
2048-09-11,18.0245,26.729,90.557,5.674,222.0,SSP2-4.5
2048-09-12,5.9936,26.789,90.549,4.945,225.72,SSP2-4.5
2048-09-13,20.6389,26.547,92.695,6.009,207.37,SSP2-4.5
2048-09-14,29.2792,26.664,91.082,6.705,224.27,SSP2-4.5
2048-09-15,10.5567,26.652,91.606,3.519,223.4,SSP2-4.5
2048-09-16,3.7139,26.929,89.836,3.556,229.08,SSP2-4.5
2048-09-17,4.0758,27.148,87.818,6.494,233.52,SSP2-4.5
2048-09-18,0.0177,27.409,84.523,7.989,244.4,SSP2-4.5
2048-09-19,0.0,27.719,76.617,10.448,272.78,SSP2-4.5
2048-09-20,0.0,27.652,75.888,12.304,258.95,SSP2-4.5
2048-09-21,2.7114,26.779,85.932,7.797,220.76,SSP2-4.5
2048-09-22,32.9253,26.316,90.885,11.397,207.0,SSP2-4.5
2048-09-23,19.3057,26.162,91.2,11.536,192.42,SSP2-4.5
2048-09-24,4.3411,26.32,89.659,6.893,217.99,SSP2-4.5
2048-09-25,12.336,26.826,87.972,5.816,232.52,SSP2-4.5
2048-09-26,5.3349,26.843,87.853,5.364,227.88,SSP2-4.5
2048-09-27,0.0064,27.605,82.117,5.953,248.14,SSP2-4.5
2048-09-28,0.0,27.75,78.923,6.73,265.42,SSP2-4.5
2048-09-29,6.4157,27.194,84.296,6.757,229.81,SSP2-4.5
2048-09-30,8.3123,26.53,85.403,10.161,223.64,SSP2-4.5
2048-10-01,3.4184,25.19,87.026,8.897,229.0,SSP2-4.5
2048-10-02,16.0746,24.864,90.051,6.042,206.84,SSP2-4.5
2048-10-03,23.1545,24.691,92.62,12.2,162.17,SSP2-4.5
2048-10-04,26.3715,24.526,94.661,13.893,160.9,SSP2-4.5
2048-10-05,25.741,24.47,92.033,8.161,202.74,SSP2-4.5
2048-10-06,15.9697,24.559,90.136,11.246,197.94,SSP2-4.5
2048-10-07,20.9729,24.366,93.601,7.573,168.58,SSP2-4.5
2048-10-08,13.1006,24.599,88.603,9.857,198.86,SSP2-4.5
2048-10-09,51.4731,24.34,90.69,11.541,190.71,SSP2-4.5
2048-10-10,76.9955,24.397,96.208,9.248,127.86,SSP2-4.5
2048-10-11,31.0596,24.381,93.801,8.947,146.99,SSP2-4.5
2048-10-12,22.6974,24.353,90.424,9.534,198.89,SSP2-4.5
2048-10-13,15.3973,24.233,90.608,7.94,199.57,SSP2-4.5
2048-10-14,3.0073,25.007,88.51,5.381,215.63,SSP2-4.5
2048-10-15,7.6604,24.828,89.033,3.511,201.64,SSP2-4.5
2048-10-16,0.2559,26.349,85.88,3.544,222.4,SSP2-4.5
2048-10-17,0.0,27.039,82.23,5.564,229.63,SSP2-4.5
2048-10-18,0.0307,26.199,85.927,5.684,229.99,SSP2-4.5
2048-10-19,4.443,25.907,86.606,5.427,218.24,SSP2-4.5
2048-10-20,0.0,26.199,84.462,5.98,238.14,SSP2-4.5
2048-10-21,4.9004,26.414,85.374,4.216,219.39,SSP2-4.5
2048-10-22,0.0021,25.751,86.553,4.601,195.57,SSP2-4.5
2048-10-23,0.0,25.9,85.453,6.796,220.04,SSP2-4.5
2048-10-24,0.0806,26.144,83.276,6.055,222.89,SSP2-4.5
2048-10-25,0.4956,26.224,77.459,5.324,229.22,SSP2-4.5
2048-10-26,0.0,26.346,72.346,6.265,253.27,SSP2-4.5
2048-10-27,0.0,25.959,79.102,4.904,243.19,SSP2-4.5
2048-10-28,0.0261,26.386,72.392,5.522,238.13,SSP2-4.5
2048-10-29,0.0201,23.699,85.851,5.93,180.07,SSP2-4.5
2048-10-30,0.6105,25.322,84.781,6.238,214.07,SSP2-4.5
2048-10-31,15.0554,23.614,87.384,7.987,191.23,SSP2-4.5
2048-11-01,10.659,23.468,88.435,6.963,186.29,SSP2-4.5
2048-11-02,0.451,24.298,85.021,7.798,206.16,SSP2-4.5
2048-11-03,0.0476,24.592,83.134,8.513,205.54,SSP2-4.5
2048-11-04,0.059,25.201,81.893,7.243,211.0,SSP2-4.5
2048-11-05,0.1425,24.822,83.779,4.881,200.56,SSP2-4.5
2048-11-06,0.0,26.123,77.594,4.713,241.02,SSP2-4.5
2048-11-07,0.0,26.391,64.605,3.696,238.27,SSP2-4.5
2048-11-08,0.0,26.258,68.242,4.509,215.48,SSP2-4.5
2048-11-09,0.0,26.271,67.915,7.08,229.9,SSP2-4.5
2048-11-10,0.0,26.033,69.084,7.593,216.11,SSP2-4.5
2048-11-11,0.0,25.864,70.56,8.084,228.97,SSP2-4.5
2048-11-12,0.0,25.595,65.272,7.469,243.16,SSP2-4.5
2048-11-13,0.0,25.27,64.829,7.892,240.21,SSP2-4.5
2048-11-14,0.0,24.944,64.217,7.669,243.5,SSP2-4.5
2048-11-15,0.0,24.685,63.57,9.847,248.3,SSP2-4.5
2048-11-16,0.0,24.721,61.034,9.051,246.67,SSP2-4.5
2048-11-17,0.0,24.729,63.218,9.095,220.98,SSP2-4.5
2048-11-18,0.0,24.978,63.025,9.242,229.2,SSP2-4.5
2048-11-19,0.0,24.896,60.191,8.261,244.79,SSP2-4.5
2048-11-20,0.0,24.949,62.584,6.995,221.14,SSP2-4.5
2048-11-21,0.0,25.25,65.291,7.023,216.02,SSP2-4.5
2048-11-22,0.0,24.688,69.307,7.375,210.2,SSP2-4.5
2048-11-23,0.0,24.843,64.196,7.31,217.63,SSP2-4.5
2048-11-24,0.0,24.248,64.767,8.347,205.84,SSP2-4.5
2048-11-25,0.0,22.264,80.404,8.056,159.78,SSP2-4.5
2048-11-26,0.0,23.869,71.629,9.43,185.04,SSP2-4.5
2048-11-27,0.005,25.871,60.608,9.744,215.48,SSP2-4.5
2048-11-28,0.0001,24.54,68.641,8.359,196.7,SSP2-4.5
2048-11-29,0.0,24.613,68.665,7.57,203.1,SSP2-4.5
2048-11-30,0.0,25.141,64.214,5.303,210.65,SSP2-4.5
2048-12-01,0.0,26.509,58.824,7.791,222.05,SSP2-4.5
2048-12-02,0.0,24.198,66.576,10.69,197.86,SSP2-4.5
2048-12-03,0.0,24.926,55.817,12.677,224.52,SSP2-4.5
2048-12-04,0.0,23.34,58.925,11.03,183.56,SSP2-4.5
2048-12-05,0.0,23.562,57.906,11.114,208.05,SSP2-4.5
2048-12-06,0.0,24.057,51.326,13.811,222.83,SSP2-4.5
2048-12-07,0.0,23.269,38.849,15.597,226.25,SSP2-4.5
2048-12-08,0.0,23.728,46.662,15.448,217.2,SSP2-4.5
2048-12-09,0.0,23.814,57.966,10.009,229.96,SSP2-4.5
2048-12-10,0.0,24.229,60.465,9.233,208.58,SSP2-4.5
2048-12-11,0.0,24.177,60.016,8.551,188.49,SSP2-4.5
2048-12-12,0.0,22.708,55.654,9.997,194.52,SSP2-4.5
2048-12-13,0.0,23.285,48.476,8.504,235.38,SSP2-4.5
2048-12-14,0.0,23.391,51.18,6.703,234.42,SSP2-4.5
2048-12-15,0.0,23.628,53.671,6.692,226.34,SSP2-4.5
2048-12-16,0.0,24.799,53.471,9.871,220.76,SSP2-4.5
2048-12-17,0.0,24.681,52.906,9.045,227.16,SSP2-4.5
2048-12-18,0.0,24.028,53.184,9.034,206.5,SSP2-4.5
2048-12-19,0.0,23.102,62.182,8.266,190.82,SSP2-4.5
2048-12-20,0.0,23.353,51.64,9.991,225.24,SSP2-4.5
2048-12-21,0.0,21.476,48.789,7.943,206.12,SSP2-4.5
2048-12-22,0.0,21.759,42.387,8.58,229.35,SSP2-4.5
2048-12-23,0.0,21.328,35.702,9.367,247.47,SSP2-4.5
2048-12-24,0.0,21.082,35.565,10.611,245.74,SSP2-4.5
2048-12-25,0.0,20.747,34.858,11.684,246.59,SSP2-4.5
2048-12-26,0.0,20.57,34.066,10.557,243.57,SSP2-4.5
2048-12-27,0.0,20.68,38.417,8.354,217.97,SSP2-4.5
2048-12-28,0.0,21.274,46.022,8.233,238.45,SSP2-4.5
2048-12-29,0.0,22.794,65.882,9.038,196.01,SSP2-4.5
2048-12-30,0.0,23.677,61.0,11.666,196.65,SSP2-4.5
2048-12-31,0.0,24.006,55.851,11.64,226.55,SSP2-4.5
2049-01-01,0.0,24.648,52.046,9.331,235.79,SSP2-4.5
2049-01-02,0.0,24.14,53.668,7.21,235.93,SSP2-4.5
2049-01-03,0.0,24.057,53.461,4.654,229.75,SSP2-4.5
2049-01-04,0.0,24.273,48.88,4.187,233.05,SSP2-4.5
2049-01-05,0.0,24.54,47.856,6.849,230.48,SSP2-4.5
2049-01-06,0.0,24.74,47.626,6.333,231.44,SSP2-4.5
2049-01-07,0.0,24.567,49.807,8.929,231.33,SSP2-4.5
2049-01-08,0.0,23.465,52.33,12.544,201.55,SSP2-4.5
2049-01-09,0.0,23.413,47.813,6.993,233.4,SSP2-4.5
2049-01-10,0.0,23.201,53.842,8.044,223.8,SSP2-4.5
2049-01-11,0.0,23.654,49.424,9.579,234.51,SSP2-4.5
2049-01-12,0.0,22.267,45.056,9.115,220.98,SSP2-4.5
2049-01-13,0.0,22.024,42.268,9.034,241.47,SSP2-4.5
2049-01-14,0.0,22.154,45.536,8.969,250.44,SSP2-4.5
2049-01-15,0.0,22.675,48.305,8.551,242.51,SSP2-4.5
2049-01-16,0.0,23.422,48.58,6.893,242.73,SSP2-4.5
2049-01-17,0.0,24.601,50.836,9.44,210.4,SSP2-4.5
2049-01-18,0.0,25.342,48.061,8.517,212.35,SSP2-4.5
2049-01-19,0.0,25.072,49.525,8.67,202.38,SSP2-4.5
2049-01-20,0.0,24.936,47.871,10.659,236.81,SSP2-4.5
2049-01-21,0.0,24.978,47.413,9.265,245.2,SSP2-4.5
2049-01-22,0.0,24.499,44.877,8.735,234.14,SSP2-4.5
2049-01-23,0.0,24.189,45.38,8.454,237.37,SSP2-4.5
2049-01-24,0.0,23.866,49.913,10.412,219.36,SSP2-4.5
2049-01-25,0.0,24.439,50.088,8.268,239.91,SSP2-4.5
2049-01-26,0.0,24.385,47.909,9.984,224.8,SSP2-4.5
2049-01-27,0.0,23.872,50.751,10.357,212.99,SSP2-4.5
2049-01-28,0.0,24.077,44.303,11.319,238.78,SSP2-4.5
2049-01-29,0.0,23.533,40.316,9.835,256.43,SSP2-4.5
2049-01-30,0.0,23.17,40.105,7.895,256.91,SSP2-4.5
2049-01-31,0.0,24.5,43.03,7.815,233.29,SSP2-4.5
2049-02-01,0.0,24.913,54.3,9.194,208.34,SSP2-4.5
2049-02-02,0.0,25.362,53.37,8.91,229.41,SSP2-4.5
2049-02-03,0.0,22.88,61.92,7.52,173.51,SSP2-4.5
2049-02-04,0.0,24.039,55.744,8.18,209.15,SSP2-4.5
2049-02-05,0.0,25.21,45.207,8.041,261.96,SSP2-4.5
2049-02-06,0.0,25.95,44.109,6.228,242.75,SSP2-4.5
2049-02-07,0.0,26.156,47.212,5.977,228.6,SSP2-4.5
2049-02-08,0.0,26.265,40.801,9.224,268.47,SSP2-4.5
2049-02-09,0.0,25.778,37.842,6.56,276.5,SSP2-4.5
2049-02-10,0.0,26.085,37.694,9.678,273.59,SSP2-4.5
2049-02-11,0.0,26.845,32.348,11.071,268.16,SSP2-4.5
2049-02-12,0.0,26.174,31.349,12.548,266.42,SSP2-4.5
2049-02-13,0.0,26.002,41.796,11.117,266.51,SSP2-4.5
2049-02-14,0.0,26.408,43.618,9.682,275.43,SSP2-4.5
2049-02-15,0.0,26.838,38.228,10.443,268.54,SSP2-4.5
2049-02-16,0.0,26.688,37.008,9.452,261.2,SSP2-4.5
2049-02-17,0.0,26.262,40.386,8.568,225.49,SSP2-4.5
2049-02-18,0.0,26.529,37.146,8.913,273.65,SSP2-4.5
2049-02-19,0.0,26.737,41.659,9.443,219.16,SSP2-4.5
2049-02-20,0.0129,23.192,73.199,6.726,165.45,SSP2-4.5
2049-02-21,0.0054,27.122,50.228,7.27,226.96,SSP2-4.5
2049-02-22,0.0064,25.598,59.42,9.619,209.57,SSP2-4.5
2049-02-23,0.0,27.137,51.569,7.932,236.98,SSP2-4.5
2049-02-24,0.0,27.242,49.42,10.323,231.49,SSP2-4.5
2049-02-25,0.0,24.784,55.28,11.631,185.28,SSP2-4.5
2049-02-26,0.0,26.668,43.484,10.993,270.44,SSP2-4.5
2049-02-27,0.0,26.935,39.377,9.214,252.19,SSP2-4.5
2049-02-28,0.0,27.348,37.14,8.914,249.3,SSP2-4.5
2049-03-01,0.0,27.446,38.158,8.012,229.96,SSP2-4.5
2049-03-02,0.0,27.829,34.113,7.306,275.82,SSP2-4.5
2049-03-03,0.0,28.136,36.25,7.233,242.79,SSP2-4.5
2049-03-04,0.0001,27.878,42.326,6.482,226.98,SSP2-4.5
2049-03-05,0.0,27.852,33.434,9.404,277.8,SSP2-4.5
2049-03-06,0.0,27.602,29.279,8.538,298.62,SSP2-4.5
2049-03-07,0.0,27.384,31.239,6.892,317.08,SSP2-4.5
2049-03-08,0.0527,25.049,59.107,12.699,202.65,SSP2-4.5
2049-03-09,0.0,27.017,55.308,9.671,225.48,SSP2-4.5
2049-03-10,0.0,28.907,42.421,9.354,272.75,SSP2-4.5
2049-03-11,0.0,28.571,35.481,8.942,293.67,SSP2-4.5
2049-03-12,0.0,28.894,32.113,7.811,304.1,SSP2-4.5
2049-03-13,0.0,28.869,29.818,7.455,310.39,SSP2-4.5
2049-03-14,0.0,28.657,27.471,8.435,316.12,SSP2-4.5
2049-03-15,0.0,28.866,28.139,7.715,294.28,SSP2-4.5
2049-03-16,0.0,29.099,26.965,6.768,309.13,SSP2-4.5
2049-03-17,0.0,28.746,27.116,6.804,316.44,SSP2-4.5
2049-03-18,0.0,29.258,29.375,5.818,303.97,SSP2-4.5
2049-03-19,0.0,29.813,29.352,6.316,294.52,SSP2-4.5
2049-03-20,0.0,30.222,29.765,8.957,267.58,SSP2-4.5
2049-03-21,0.0,30.076,27.095,9.764,302.55,SSP2-4.5
2049-03-22,0.0,30.231,28.46,6.805,257.61,SSP2-4.5
2049-03-23,0.0,30.214,27.444,8.204,275.95,SSP2-4.5
2049-03-24,0.0,29.753,25.52,8.154,276.22,SSP2-4.5
2049-03-25,0.0,28.536,25.45,5.775,318.87,SSP2-4.5
2049-03-26,0.0,30.149,28.066,7.591,281.67,SSP2-4.5
2049-03-27,0.0055,28.028,39.294,7.349,206.71,SSP2-4.5
2049-03-28,0.0024,29.335,34.332,5.374,297.16,SSP2-4.5
2049-03-29,0.0101,27.337,54.762,6.928,200.08,SSP2-4.5
2049-03-30,0.0,28.902,40.181,4.962,260.19,SSP2-4.5
2049-03-31,0.0,29.008,27.802,5.001,309.84,SSP2-4.5
2049-04-01,0.0,28.927,25.717,3.853,287.52,SSP2-4.5
2049-04-02,0.0,29.542,25.794,5.767,319.13,SSP2-4.5
2049-04-03,0.0,29.859,25.784,6.925,310.62,SSP2-4.5
2049-04-04,0.0,30.633,28.075,5.342,279.17,SSP2-4.5
2049-04-05,0.0007,28.729,37.77,6.104,209.86,SSP2-4.5
2049-04-06,0.003,30.503,31.767,6.639,296.13,SSP2-4.5
2049-04-07,0.0,30.933,28.195,5.341,298.61,SSP2-4.5
2049-04-08,0.0,31.48,26.788,4.814,310.2,SSP2-4.5
2049-04-09,0.0,31.635,26.177,5.339,315.71,SSP2-4.5
2049-04-10,0.0,31.487,24.982,5.139,317.22,SSP2-4.5
2049-04-11,0.0,31.113,24.759,8.412,330.45,SSP2-4.5
2049-04-12,0.0,31.646,24.585,10.831,329.29,SSP2-4.5
2049-04-13,0.0,31.446,22.359,11.707,342.07,SSP2-4.5
2049-04-14,0.0,31.552,24.574,10.299,330.29,SSP2-4.5
2049-04-15,0.0,31.431,25.229,5.848,332.32,SSP2-4.5
2049-04-16,0.0,32.253,25.646,4.63,295.88,SSP2-4.5
2049-04-17,0.1144,32.399,27.655,6.783,281.05,SSP2-4.5
2049-04-18,0.0358,32.067,29.862,6.448,253.87,SSP2-4.5
2049-04-19,0.0224,32.109,26.651,5.499,294.51,SSP2-4.5
2049-04-20,0.5868,29.479,35.1,5.436,204.83,SSP2-4.5
2049-04-21,0.1959,30.139,38.839,6.398,246.56,SSP2-4.5
2049-04-22,0.0,31.5,29.989,6.659,303.98,SSP2-4.5
2049-04-23,0.0,31.919,26.621,8.643,326.09,SSP2-4.5
2049-04-24,0.2948,32.0,28.667,9.329,309.24,SSP2-4.5
2049-04-25,0.0,32.017,27.048,7.814,316.7,SSP2-4.5
2049-04-26,0.0,32.286,25.107,7.964,311.37,SSP2-4.5
2049-04-27,0.0574,32.679,25.929,7.23,294.22,SSP2-4.5
2049-04-28,0.0,32.773,26.015,8.07,303.01,SSP2-4.5
2049-04-29,0.0,32.656,24.129,7.36,331.13,SSP2-4.5
2049-04-30,0.0,32.429,22.994,7.898,334.09,SSP2-4.5
2049-05-01,0.1048,33.315,23.426,9.474,313.38,SSP2-4.5
2049-05-02,0.0024,33.017,25.407,9.992,273.13,SSP2-4.5
2049-05-03,0.5841,31.607,32.352,9.189,230.68,SSP2-4.5
2049-05-04,0.0082,32.323,27.788,8.347,310.5,SSP2-4.5
2049-05-05,0.0,32.064,22.754,6.632,349.06,SSP2-4.5
2049-05-06,0.0,32.443,23.207,7.214,340.27,SSP2-4.5
2049-05-07,0.0,32.815,24.774,7.141,295.79,SSP2-4.5
2049-05-08,0.0,32.925,25.676,7.966,268.62,SSP2-4.5
2049-05-09,0.0,32.944,24.08,6.718,296.35,SSP2-4.5
2049-05-10,0.0,32.611,24.302,8.05,315.41,SSP2-4.5
2049-05-11,0.124,32.937,25.244,8.899,304.49,SSP2-4.5
2049-05-12,0.0324,32.867,24.353,9.648,318.69,SSP2-4.5
2049-05-13,0.0,32.914,25.58,6.4,268.59,SSP2-4.5
2049-05-14,0.2323,32.656,28.995,6.132,262.26,SSP2-4.5
2049-05-15,0.0196,32.454,33.0,4.959,255.96,SSP2-4.5
2049-05-16,0.0,32.684,26.353,7.981,303.36,SSP2-4.5
2049-05-17,2.9757,31.843,32.606,14.377,271.6,SSP2-4.5
2049-05-18,17.7152,29.563,50.339,14.119,243.64,SSP2-4.5
2049-05-19,30.7525,29.062,52.646,13.779,233.83,SSP2-4.5
2049-05-20,0.2003,30.787,43.255,11.799,262.5,SSP2-4.5
2049-05-21,4.5468,29.618,50.818,11.997,237.84,SSP2-4.5
2049-05-22,0.1813,30.933,46.412,9.346,262.47,SSP2-4.5
2049-05-23,0.0219,30.875,49.321,8.181,269.67,SSP2-4.5
2049-05-24,0.2079,31.919,41.884,8.467,294.65,SSP2-4.5
2049-05-25,0.0,32.589,34.936,10.403,312.78,SSP2-4.5
2049-05-26,0.0,32.57,36.054,13.51,337.44,SSP2-4.5
2049-05-27,0.0,32.258,37.443,14.631,292.13,SSP2-4.5
2049-05-28,0.0,32.705,35.955,15.814,300.58,SSP2-4.5
2049-05-29,0.0,32.599,36.887,16.434,309.33,SSP2-4.5
2049-05-30,0.0,32.417,38.821,18.212,301.34,SSP2-4.5
2049-05-31,0.7058,30.596,46.628,15.878,262.47,SSP2-4.5
2049-06-01,0.0,31.956,37.539,13.916,329.3,SSP2-4.5
2049-06-02,0.0,32.419,34.576,11.028,319.0,SSP2-4.5
2049-06-03,0.0,32.662,34.152,12.218,330.99,SSP2-4.5
2049-06-04,0.0,32.731,35.792,16.061,310.27,SSP2-4.5
2049-06-05,0.0,31.891,40.302,16.172,279.32,SSP2-4.5
2049-06-06,0.0,32.017,39.625,14.702,296.99,SSP2-4.5
2049-06-07,0.0,32.558,36.687,15.87,314.68,SSP2-4.5
2049-06-08,0.0,32.84,37.114,15.974,308.58,SSP2-4.5
2049-06-09,0.0,32.776,39.007,15.886,285.41,SSP2-4.5
2049-06-10,0.0,32.732,41.392,17.833,309.55,SSP2-4.5
2049-06-11,18.2012,26.683,70.741,16.044,215.39,SSP2-4.5
2049-06-12,9.6641,25.568,79.062,13.055,197.33,SSP2-4.5
2049-06-13,0.6565,30.118,66.194,17.004,269.73,SSP2-4.5
2049-06-14,0.0164,30.261,59.673,18.119,286.12,SSP2-4.5
2049-06-15,0.0,29.284,56.345,15.952,267.18,SSP2-4.5
2049-06-16,0.0,32.412,47.827,15.068,308.16,SSP2-4.5
2049-06-17,1.2562,28.409,58.738,13.747,265.84,SSP2-4.5
2049-06-18,5.3757,24.886,82.175,11.433,195.91,SSP2-4.5
2049-06-19,0.0,28.272,58.493,13.666,274.44,SSP2-4.5
2049-06-20,0.0,29.913,53.622,14.382,286.96,SSP2-4.5
2049-06-21,0.1028,31.859,51.407,12.737,307.7,SSP2-4.5
2049-06-22,0.3885,32.011,52.221,16.276,286.92,SSP2-4.5
2049-06-23,0.0,29.053,55.419,17.29,249.87,SSP2-4.5
2049-06-24,0.0,29.556,54.622,17.534,281.85,SSP2-4.5
2049-06-25,0.0,30.241,55.439,18.124,280.81,SSP2-4.5
2049-06-26,0.0,30.033,55.561,17.054,289.14,SSP2-4.5
2049-06-27,0.0,30.036,53.553,15.432,304.0,SSP2-4.5
2049-06-28,0.0,29.168,55.752,13.266,273.79,SSP2-4.5
2049-06-29,0.0,30.062,54.018,11.919,290.64,SSP2-4.5
2049-06-30,9.8832,28.193,67.801,12.028,243.18,SSP2-4.5
2049-07-01,15.1113,26.644,86.913,14.072,205.88,SSP2-4.5
2049-07-02,18.5152,26.573,90.162,12.372,195.53,SSP2-4.5
2049-07-03,48.4324,26.011,93.582,16.495,146.41,SSP2-4.5
2049-07-04,31.7836,25.976,91.002,18.179,176.36,SSP2-4.5
2049-07-05,29.9842,25.551,91.986,17.824,162.91,SSP2-4.5
2049-07-06,32.4209,25.66,92.837,17.871,159.58,SSP2-4.5
2049-07-07,32.3674,25.528,93.034,17.859,158.29,SSP2-4.5
2049-07-08,33.4429,25.516,93.223,16.979,164.02,SSP2-4.5
2049-07-09,22.2017,25.506,91.555,17.973,166.5,SSP2-4.5
2049-07-10,21.6905,25.495,92.048,15.975,175.83,SSP2-4.5
2049-07-11,0.3961,26.261,89.084,12.206,212.19,SSP2-4.5
2049-07-12,14.3576,26.602,88.667,12.609,224.09,SSP2-4.5
2049-07-13,22.1974,26.129,92.979,11.279,169.52,SSP2-4.5
2049-07-14,13.2636,25.995,91.976,13.3,181.92,SSP2-4.5
2049-07-15,0.0796,26.462,88.451,12.56,217.11,SSP2-4.5
2049-07-16,0.1602,27.066,85.687,12.658,247.49,SSP2-4.5
2049-07-17,21.8029,26.157,91.925,10.72,194.82,SSP2-4.5
2049-07-18,0.4887,26.372,90.288,10.375,220.33,SSP2-4.5
2049-07-19,0.0,27.264,84.391,11.815,272.29,SSP2-4.5
2049-07-20,0.0,27.581,85.093,10.225,242.94,SSP2-4.5
2049-07-21,0.402,27.179,86.267,10.107,240.41,SSP2-4.5
2049-07-22,0.0,27.232,86.959,10.373,241.02,SSP2-4.5
2049-07-23,0.0162,27.342,86.575,10.386,240.36,SSP2-4.5
2049-07-24,7.783,26.468,90.42,7.083,213.83,SSP2-4.5
2049-07-25,0.839,26.153,92.682,6.639,195.77,SSP2-4.5
2049-07-26,0.0422,27.163,87.878,6.766,261.71,SSP2-4.5
2049-07-27,0.1589,27.433,88.531,3.812,240.27,SSP2-4.5
2049-07-28,0.3659,27.388,89.122,4.349,230.66,SSP2-4.5
2049-07-29,1.7741,27.339,89.428,4.356,236.24,SSP2-4.5
2049-07-30,8.87,26.906,90.598,5.75,225.57,SSP2-4.5
2049-07-31,0.0,27.489,87.215,7.546,240.09,SSP2-4.5
2049-08-01,0.0,28.266,85.534,9.253,250.91,SSP2-4.5
2049-08-02,0.0,28.096,87.222,9.649,244.75,SSP2-4.5
2049-08-03,0.0046,27.767,88.208,6.138,236.94,SSP2-4.5
2049-08-04,16.0388,27.565,90.901,5.11,230.45,SSP2-4.5
2049-08-05,0.6566,27.645,89.973,4.463,241.64,SSP2-4.5
2049-08-06,0.1022,28.132,88.229,5.59,244.03,SSP2-4.5
2049-08-07,0.6299,28.285,88.616,5.955,237.71,SSP2-4.5
2049-08-08,0.1982,27.984,87.992,5.054,241.0,SSP2-4.5
2049-08-09,2.4619,27.85,89.293,5.313,240.28,SSP2-4.5
2049-08-10,1.2939,27.793,89.383,5.667,232.57,SSP2-4.5
2049-08-11,0.1101,28.424,84.153,6.187,269.11,SSP2-4.5
2049-08-12,0.0,28.647,80.769,9.53,298.52,SSP2-4.5
2049-08-13,0.0,28.429,82.759,9.642,292.66,SSP2-4.5
2049-08-14,0.0,28.452,81.977,8.893,281.37,SSP2-4.5
2049-08-15,0.0,28.885,83.594,6.988,252.41,SSP2-4.5
2049-08-16,11.6082,27.827,90.407,6.053,230.67,SSP2-4.5
2049-08-17,17.2373,27.393,92.461,5.156,223.33,SSP2-4.5
2049-08-18,3.913,27.629,89.767,6.732,246.7,SSP2-4.5
2049-08-19,35.6246,27.762,88.839,10.411,226.84,SSP2-4.5
2049-08-20,35.1682,27.027,94.282,13.358,196.62,SSP2-4.5
2049-08-21,0.0,27.585,86.31,11.081,245.33,SSP2-4.5
2049-08-22,0.4196,27.654,87.039,9.54,235.27,SSP2-4.5
2049-08-23,1.0323,27.538,88.093,11.533,224.87,SSP2-4.5
2049-08-24,22.1719,27.277,89.736,15.681,217.25,SSP2-4.5
2049-08-25,41.686,26.221,92.687,21.633,192.82,SSP2-4.5
2049-08-26,25.5914,26.459,90.867,19.832,203.87,SSP2-4.5
2049-08-27,0.0551,27.332,85.502,15.438,234.96,SSP2-4.5
2049-08-28,1.897,27.545,85.678,12.511,246.39,SSP2-4.5
2049-08-29,0.0112,27.24,87.48,9.538,225.16,SSP2-4.5
2049-08-30,0.0,27.427,88.206,9.544,235.13,SSP2-4.5
2049-08-31,13.9026,27.063,90.923,11.627,218.07,SSP2-4.5
2049-09-01,3.5564,26.01,89.991,14.865,215.61,SSP2-4.5
2049-09-02,14.7821,25.962,92.433,13.326,197.98,SSP2-4.5
2049-09-03,15.0893,26.211,90.426,8.933,226.56,SSP2-4.5
2049-09-04,0.0,26.173,91.502,7.154,224.38,SSP2-4.5
2049-09-05,0.0287,26.195,90.886,5.21,226.52,SSP2-4.5
2049-09-06,1.5067,26.609,90.115,3.539,232.56,SSP2-4.5
2049-09-07,0.0,27.163,85.011,5.942,257.31,SSP2-4.5
2049-09-08,0.0,27.002,86.21,7.042,265.43,SSP2-4.5
2049-09-09,0.0,26.919,86.074,8.16,256.48,SSP2-4.5
2049-09-10,0.0,26.895,83.951,8.502,259.04,SSP2-4.5
2049-09-11,0.0,27.072,86.175,8.146,251.6,SSP2-4.5
2049-09-12,20.5702,26.438,92.011,5.447,224.43,SSP2-4.5
2049-09-13,7.9522,26.34,92.319,4.813,218.78,SSP2-4.5
2049-09-14,0.0,27.173,86.379,6.024,248.55,SSP2-4.5
2049-09-15,0.0052,27.227,86.633,3.558,246.07,SSP2-4.5
2049-09-16,1.1918,27.21,85.633,5.667,249.82,SSP2-4.5
2049-09-17,4.9872,26.656,89.193,5.062,228.04,SSP2-4.5
2049-09-18,0.0,26.884,86.818,5.054,244.78,SSP2-4.5
2049-09-19,0.0,26.972,82.387,6.994,263.65,SSP2-4.5
2049-09-20,0.8959,26.79,84.357,12.157,243.13,SSP2-4.5
2049-09-21,20.2488,25.914,92.557,12.31,203.44,SSP2-4.5
2049-09-22,22.0385,25.805,92.906,10.17,208.81,SSP2-4.5
2049-09-23,15.5091,25.884,93.347,5.637,211.74,SSP2-4.5
2049-09-24,10.0752,26.137,91.137,4.549,220.86,SSP2-4.5
2049-09-25,48.1525,26.19,87.523,14.076,228.07,SSP2-4.5
2049-09-26,47.3516,25.455,94.815,13.856,156.3,SSP2-4.5
2049-09-27,15.5238,25.595,92.216,10.157,199.64,SSP2-4.5
2049-09-28,0.5687,25.852,92.411,5.662,213.79,SSP2-4.5
2049-09-29,1.1469,26.186,90.843,4.299,231.05,SSP2-4.5
2049-09-30,30.2357,25.694,94.518,2.787,210.33,SSP2-4.5
2049-10-01,27.3636,24.485,95.637,2.526,195.92,SSP2-4.5
2049-10-02,20.6001,24.545,94.028,3.372,203.28,SSP2-4.5
2049-10-03,26.166,24.511,93.83,5.579,209.61,SSP2-4.5
2049-10-04,32.7459,24.285,95.681,6.703,193.57,SSP2-4.5
2049-10-05,26.9481,24.44,95.376,7.82,190.02,SSP2-4.5
2049-10-06,1.1593,24.65,91.42,6.625,214.91,SSP2-4.5
2049-10-07,4.5548,24.657,91.811,4.699,218.92,SSP2-4.5
2049-10-08,1.4293,24.98,90.631,5.423,226.5,SSP2-4.5
2049-10-09,5.3706,24.818,90.854,4.008,221.19,SSP2-4.5
2049-10-10,1.8438,24.61,91.09,5.383,223.73,SSP2-4.5
2049-10-11,3.9022,24.866,89.906,5.466,221.22,SSP2-4.5
2049-10-12,4.2198,24.853,89.804,4.336,225.05,SSP2-4.5
2049-10-13,0.2619,25.454,88.065,4.378,235.51,SSP2-4.5
2049-10-14,0.0,25.869,86.707,5.027,223.93,SSP2-4.5
2049-10-15,0.1553,25.326,86.719,5.721,231.94,SSP2-4.5
2049-10-16,0.0637,24.87,87.746,5.646,224.5,SSP2-4.5
2049-10-17,0.0,24.676,87.181,6.352,206.01,SSP2-4.5
2049-10-18,0.0,24.792,81.087,8.427,212.6,SSP2-4.5
2049-10-19,0.0,24.696,80.928,11.013,212.69,SSP2-4.5
2049-10-20,0.0,24.402,84.927,11.949,218.13,SSP2-4.5
2049-10-21,0.0,25.174,83.424,10.206,247.85,SSP2-4.5
2049-10-22,0.0,25.494,80.659,9.106,262.56,SSP2-4.5
2049-10-23,0.0,25.499,78.519,6.639,234.36,SSP2-4.5
2049-10-24,0.0,25.24,78.912,6.359,247.87,SSP2-4.5
2049-10-25,0.0,25.33,79.783,7.649,229.82,SSP2-4.5
2049-10-26,0.0,25.166,81.541,6.41,206.48,SSP2-4.5
2049-10-27,0.0,25.294,79.061,9.047,210.41,SSP2-4.5
2049-10-28,23.7859,23.453,88.826,6.913,184.2,SSP2-4.5
2049-10-29,47.7337,22.742,93.341,8.435,165.35,SSP2-4.5
2049-10-30,17.7941,22.934,92.607,8.678,163.48,SSP2-4.5
2049-10-31,0.2308,23.966,88.428,6.3,197.55,SSP2-4.5
2049-11-01,6.2759,24.742,88.733,4.438,199.94,SSP2-4.5
2049-11-02,4.0448,24.489,88.813,8.673,196.01,SSP2-4.5
2049-11-03,0.0,25.41,82.521,11.527,226.62,SSP2-4.5
2049-11-04,0.0,23.071,82.012,11.101,181.23,SSP2-4.5
2049-11-05,0.0,23.473,77.012,11.987,211.83,SSP2-4.5
2049-11-06,0.0,23.991,81.787,11.867,211.64,SSP2-4.5
2049-11-07,6.0687,24.531,84.602,10.797,194.98,SSP2-4.5
2049-11-08,13.4343,23.429,88.004,9.682,169.98,SSP2-4.5
2049-11-09,17.1907,24.462,87.595,8.304,189.53,SSP2-4.5
2049-11-10,25.8493,22.981,91.838,7.656,159.24,SSP2-4.5
2049-11-11,1.4388,23.369,88.997,8.568,168.79,SSP2-4.5
2049-11-12,12.6982,23.169,89.995,7.314,172.57,SSP2-4.5
2049-11-13,3.3449,22.868,90.844,5.435,166.46,SSP2-4.5
2049-11-14,12.7656,23.092,91.853,4.614,162.26,SSP2-4.5
2049-11-15,3.4061,23.787,87.633,5.015,191.68,SSP2-4.5
2049-11-16,0.9031,23.652,86.569,5.872,195.57,SSP2-4.5
2049-11-17,0.22,23.459,85.905,7.863,177.65,SSP2-4.5
2049-11-18,0.0,23.531,71.519,10.984,231.9,SSP2-4.5
2049-11-19,0.0,23.018,70.39,11.085,242.35,SSP2-4.5
2049-11-20,0.0,21.67,59.893,11.068,251.11,SSP2-4.5
2049-11-21,0.0,21.287,53.631,10.25,257.63,SSP2-4.5
2049-11-22,0.0,21.129,58.24,11.184,223.33,SSP2-4.5
2049-11-23,0.0,21.144,60.672,12.469,202.16,SSP2-4.5
2049-11-24,3.4295,21.671,74.373,14.043,171.55,SSP2-4.5
2049-11-25,0.5384,23.014,82.266,13.335,179.58,SSP2-4.5
2049-11-26,0.0,23.963,77.872,7.852,192.39,SSP2-4.5
2049-11-27,0.0,24.771,71.732,8.161,226.92,SSP2-4.5
2049-11-28,0.0,24.514,74.385,6.787,215.11,SSP2-4.5
2049-11-29,0.0,23.141,77.136,6.028,180.41,SSP2-4.5
2049-11-30,0.0,22.97,64.15,8.521,235.68,SSP2-4.5
2049-12-01,0.0,23.276,64.507,9.736,232.94,SSP2-4.5
2049-12-02,0.0,23.846,64.935,8.581,234.62,SSP2-4.5
2049-12-03,0.0,23.026,65.313,9.483,220.74,SSP2-4.5
2049-12-04,0.0,21.975,63.525,10.248,209.58,SSP2-4.5
2049-12-05,0.0069,21.936,73.52,14.226,155.07,SSP2-4.5
2049-12-06,0.0003,21.255,81.868,17.27,133.59,SSP2-4.5
2049-12-07,0.0,20.561,85.883,18.78,98.83,SSP2-4.5
2049-12-08,0.0,20.767,87.509,14.152,121.33,SSP2-4.5
2049-12-09,0.0,21.26,77.188,12.405,168.66,SSP2-4.5
2049-12-10,0.0,22.207,68.832,11.666,207.7,SSP2-4.5
2049-12-11,0.0,22.938,59.278,11.419,216.61,SSP2-4.5
2049-12-12,0.0,21.934,50.568,12.576,213.09,SSP2-4.5
2049-12-13,0.0,21.275,52.446,12.695,209.94,SSP2-4.5
2049-12-14,0.0,21.342,58.881,11.223,208.22,SSP2-4.5
2049-12-15,0.0,21.453,70.797,9.744,173.8,SSP2-4.5
2049-12-16,0.0,23.006,71.266,7.882,193.02,SSP2-4.5
2049-12-17,0.0,23.206,64.909,6.108,211.53,SSP2-4.5
2049-12-18,0.0,22.557,62.389,7.577,225.48,SSP2-4.5
2049-12-19,0.0,21.882,63.62,5.426,222.34,SSP2-4.5
2049-12-20,0.0,21.24,62.426,4.908,201.16,SSP2-4.5
2049-12-21,0.0,21.354,54.899,6.014,213.78,SSP2-4.5
2049-12-22,0.0,21.073,52.588,6.119,239.91,SSP2-4.5
2049-12-23,0.0,21.088,54.897,6.472,241.38,SSP2-4.5
2049-12-24,0.0,21.415,57.521,5.921,237.21,SSP2-4.5
2049-12-25,0.0,22.372,57.027,5.789,237.87,SSP2-4.5
2049-12-26,0.0,22.717,59.497,6.824,236.34,SSP2-4.5
2049-12-27,0.0,22.152,54.878,6.992,237.52,SSP2-4.5
2049-12-28,0.0,21.721,54.747,7.469,230.27,SSP2-4.5
2049-12-29,0.0,20.06,48.068,8.702,204.61,SSP2-4.5
2049-12-30,0.0,20.546,43.758,10.172,251.23,SSP2-4.5
2049-12-31,0.0,20.916,42.326,11.037,253.91,SSP2-4.5
2050-01-01,0.0,20.64,43.014,8.924,232.2,SSP2-4.5
2050-01-02,0.0,20.324,45.708,8.997,246.5,SSP2-4.5
2050-01-03,0.0,20.487,46.225,9.174,248.4,SSP2-4.5
2050-01-04,0.0,20.466,46.418,7.768,238.48,SSP2-4.5
2050-01-05,0.0,20.949,44.509,9.572,243.91,SSP2-4.5
2050-01-06,0.0,20.384,39.632,13.35,229.85,SSP2-4.5
2050-01-07,0.0,21.48,44.446,14.893,247.13,SSP2-4.5
2050-01-08,0.0,22.661,42.584,13.741,239.88,SSP2-4.5
2050-01-09,0.0,21.898,68.975,11.094,196.11,SSP2-4.5
2050-01-10,0.0,23.092,75.096,8.825,195.83,SSP2-4.5
2050-01-11,0.0,22.361,81.405,7.803,175.32,SSP2-4.5
2050-01-12,0.0,22.87,71.55,10.524,193.25,SSP2-4.5
2050-01-13,0.0,23.177,76.793,9.681,185.85,SSP2-4.5
2050-01-14,0.0,23.544,72.601,7.52,193.36,SSP2-4.5
2050-01-15,0.0,23.802,60.758,7.827,213.14,SSP2-4.5
2050-01-16,0.0,23.599,56.68,7.754,241.7,SSP2-4.5
2050-01-17,0.0,23.437,54.799,7.423,247.45,SSP2-4.5
2050-01-18,0.0,23.5,51.569,7.077,244.12,SSP2-4.5
2050-01-19,0.0,22.58,45.453,8.508,246.84,SSP2-4.5
2050-01-20,0.0,22.321,42.517,8.448,252.86,SSP2-4.5
2050-01-21,0.0,21.521,39.387,9.722,262.15,SSP2-4.5
2050-01-22,0.0,21.09,37.815,8.819,271.82,SSP2-4.5
2050-01-23,0.0,21.436,41.386,7.451,269.39,SSP2-4.5
2050-01-24,0.0,21.931,42.554,6.296,265.72,SSP2-4.5
2050-01-25,0.0,22.063,41.995,6.27,267.16,SSP2-4.5
2050-01-26,0.0,22.457,49.806,6.734,259.71,SSP2-4.5
2050-01-27,0.0,23.354,53.477,8.164,249.38,SSP2-4.5
2050-01-28,0.0,23.393,48.638,8.01,233.38,SSP2-4.5
2050-01-29,0.0,24.243,58.619,5.604,224.54,SSP2-4.5
2050-01-30,0.0,24.684,58.552,7.471,231.99,SSP2-4.5
2050-01-31,0.0,24.127,60.756,6.028,213.42,SSP2-4.5
2050-02-01,0.0,24.237,58.705,4.181,214.3,SSP2-4.5
2050-02-02,0.0,24.942,51.416,9.186,245.23,SSP2-4.5
2050-02-03,0.0,23.944,37.383,14.317,240.21,SSP2-4.5
2050-02-04,0.0,21.754,32.542,13.42,258.35,SSP2-4.5
2050-02-05,0.0,21.395,34.027,10.803,246.05,SSP2-4.5
2050-02-06,0.0,21.798,34.866,10.98,278.23,SSP2-4.5
2050-02-07,0.0,22.486,33.671,12.373,273.41,SSP2-4.5
2050-02-08,0.0,22.491,33.541,12.057,287.28,SSP2-4.5
2050-02-09,0.0,22.437,34.081,9.47,291.71,SSP2-4.5
2050-02-10,0.0,22.542,36.488,5.894,290.33,SSP2-4.5
2050-02-11,0.0,22.818,36.624,9.117,290.82,SSP2-4.5
2050-02-12,0.0,23.174,36.342,7.723,290.23,SSP2-4.5
2050-02-13,0.0,23.67,37.049,8.875,288.45,SSP2-4.5
2050-02-14,0.0,23.757,36.474,6.79,286.68,SSP2-4.5
2050-02-15,0.0,23.649,39.244,5.702,291.71,SSP2-4.5
2050-02-16,0.0,24.069,42.296,5.489,275.44,SSP2-4.5
2050-02-17,0.0,24.568,41.325,7.674,275.97,SSP2-4.5
2050-02-18,0.0,24.901,39.734,9.066,285.88,SSP2-4.5
2050-02-19,0.0,25.054,34.429,11.143,288.63,SSP2-4.5
2050-02-20,0.0,25.237,32.917,12.406,277.44,SSP2-4.5
2050-02-21,0.0,25.15,35.047,9.452,286.21,SSP2-4.5
2050-02-22,0.0,24.899,33.417,11.422,294.9,SSP2-4.5
2050-02-23,0.0,25.155,31.87,11.273,306.74,SSP2-4.5
2050-02-24,0.0,24.874,32.303,7.201,307.92,SSP2-4.5
2050-02-25,0.0,25.196,35.532,4.683,299.02,SSP2-4.5
2050-02-26,0.0,26.077,38.378,7.12,296.06,SSP2-4.5
2050-02-27,0.0,26.445,35.051,9.185,301.68,SSP2-4.5
2050-02-28,0.0,26.178,32.386,9.5,299.94,SSP2-4.5
2050-03-01,0.0,25.894,33.905,6.884,289.79,SSP2-4.5
2050-03-02,0.0,25.262,45.98,5.148,214.9,SSP2-4.5
2050-03-03,0.0,25.67,39.544,6.713,268.25,SSP2-4.5
2050-03-04,0.0,25.577,29.256,7.706,326.4,SSP2-4.5
2050-03-05,0.0,25.368,29.518,5.222,325.91,SSP2-4.5
2050-03-06,0.0,25.992,33.045,9.802,309.98,SSP2-4.5
2050-03-07,0.0,26.934,32.536,9.825,310.42,SSP2-4.5
2050-03-08,0.0,27.295,33.988,7.003,315.43,SSP2-4.5
2050-03-09,0.0,27.052,36.669,5.334,313.22,SSP2-4.5
2050-03-10,0.0,27.761,40.184,7.733,312.67,SSP2-4.5
2050-03-11,0.0,27.614,41.964,8.545,309.68,SSP2-4.5
2050-03-12,0.0,28.093,38.635,9.248,301.48,SSP2-4.5
2050-03-13,0.0,27.868,36.42,9.033,282.8,SSP2-4.5
2050-03-14,0.0,27.503,31.613,5.804,318.5,SSP2-4.5
2050-03-15,0.0,27.407,34.861,6.664,292.47,SSP2-4.5
2050-03-16,0.0,28.149,35.0,6.7,289.13,SSP2-4.5
2050-03-17,0.0,27.432,40.07,10.409,251.02,SSP2-4.5
2050-03-18,0.0,28.29,44.333,10.093,262.37,SSP2-4.5
2050-03-19,0.0144,28.16,45.692,10.504,259.59,SSP2-4.5
2050-03-20,0.0139,27.25,52.664,7.826,259.57,SSP2-4.5
2050-03-21,0.0,27.656,49.183,5.508,249.3,SSP2-4.5
2050-03-22,0.0,29.184,41.508,5.548,299.85,SSP2-4.5
2050-03-23,0.0,29.335,39.951,5.411,302.62,SSP2-4.5
2050-03-24,0.0,29.161,35.577,4.594,311.24,SSP2-4.5
2050-03-25,0.0,28.848,31.435,4.691,326.8,SSP2-4.5
2050-03-26,0.0,28.643,31.093,5.683,323.8,SSP2-4.5
2050-03-27,0.0,28.758,31.831,4.751,317.72,SSP2-4.5
2050-03-28,0.0,29.253,33.366,5.863,307.3,SSP2-4.5
2050-03-29,0.0,29.237,32.09,8.52,317.87,SSP2-4.5
2050-03-30,0.0,29.671,32.365,6.723,309.21,SSP2-4.5
2050-03-31,0.0,29.486,34.431,5.699,285.46,SSP2-4.5
2050-04-01,0.0,29.279,30.2,10.127,310.85,SSP2-4.5
2050-04-02,0.0,29.106,27.662,9.514,342.12,SSP2-4.5
2050-04-03,0.0,28.767,29.661,8.601,332.91,SSP2-4.5
2050-04-04,0.0,29.451,30.364,6.663,326.79,SSP2-4.5
2050-04-05,0.0,30.04,28.906,6.986,293.22,SSP2-4.5
2050-04-06,0.0,29.717,29.404,4.936,289.96,SSP2-4.5
2050-04-07,0.0,29.54,34.525,5.633,313.84,SSP2-4.5
2050-04-08,0.0,29.084,41.947,5.123,242.04,SSP2-4.5
2050-04-09,0.013,29.682,36.097,6.079,319.85,SSP2-4.5
2050-04-10,0.1797,29.875,35.443,7.063,303.93,SSP2-4.5
2050-04-11,0.0155,29.807,31.692,6.583,322.05,SSP2-4.5
2050-04-12,0.0,29.703,31.064,8.072,341.13,SSP2-4.5
2050-04-13,0.0,29.643,31.583,7.047,333.76,SSP2-4.5
2050-04-14,0.0,29.936,31.403,7.049,308.22,SSP2-4.5
2050-04-15,0.0,30.36,29.902,5.04,320.91,SSP2-4.5
2050-04-16,0.0,30.512,30.511,4.253,322.92,SSP2-4.5
2050-04-17,0.0,30.974,31.145,3.967,318.39,SSP2-4.5
2050-04-18,0.0,30.962,29.887,4.339,320.71,SSP2-4.5
2050-04-19,0.0,30.798,28.646,4.333,333.58,SSP2-4.5
2050-04-20,0.0,30.546,26.996,5.4,338.18,SSP2-4.5
2050-04-21,0.0,30.73,30.009,5.394,299.6,SSP2-4.5
2050-04-22,0.0,31.089,29.72,5.588,325.08,SSP2-4.5
2050-04-23,0.0,31.292,28.847,5.379,319.9,SSP2-4.5
2050-04-24,0.0,31.329,28.111,6.367,325.85,SSP2-4.5
2050-04-25,0.0,31.491,27.008,6.875,335.26,SSP2-4.5
2050-04-26,0.0,31.364,27.432,7.761,339.5,SSP2-4.5
2050-04-27,0.0,31.527,27.856,8.933,325.26,SSP2-4.5
2050-04-28,0.0,31.756,29.179,9.155,325.2,SSP2-4.5
2050-04-29,0.376,31.387,35.263,11.408,296.47,SSP2-4.5
2050-04-30,1.091,30.642,41.055,8.943,260.86,SSP2-4.5
2050-05-01,1.8544,30.062,48.002,9.649,278.68,SSP2-4.5
2050-05-02,22.5637,27.556,66.72,7.111,235.62,SSP2-4.5
2050-05-03,11.7081,27.35,62.778,5.714,235.92,SSP2-4.5
2050-05-04,16.9886,26.455,68.258,7.002,239.94,SSP2-4.5
2050-05-05,27.0271,25.984,75.391,5.509,224.63,SSP2-4.5
2050-05-06,27.6344,27.899,70.957,6.792,238.39,SSP2-4.5
2050-05-07,11.8924,28.341,66.089,6.228,242.9,SSP2-4.5
2050-05-08,0.504,28.537,55.885,4.528,250.41,SSP2-4.5
2050-05-09,0.0,30.22,47.339,5.062,292.08,SSP2-4.5
2050-05-10,0.33,29.92,47.397,3.473,267.12,SSP2-4.5
2050-05-11,0.0,30.324,42.908,5.178,265.25,SSP2-4.5
2050-05-12,0.6074,30.876,44.949,3.641,288.1,SSP2-4.5
2050-05-13,8.4283,30.056,50.162,5.794,249.31,SSP2-4.5
2050-05-14,1.3429,30.847,44.822,6.187,275.36,SSP2-4.5
2050-05-15,3.2931,30.198,51.153,5.66,257.23,SSP2-4.5
2050-05-16,4.1309,29.7,51.915,5.624,257.85,SSP2-4.5
2050-05-17,0.3723,31.274,44.514,6.532,276.26,SSP2-4.5
2050-05-18,0.678,30.98,45.125,6.508,272.61,SSP2-4.5
2050-05-19,2.6746,29.763,54.793,5.952,241.62,SSP2-4.5
2050-05-20,0.0121,30.353,48.595,5.796,276.17,SSP2-4.5
2050-05-21,0.0209,31.046,46.51,6.104,284.24,SSP2-4.5
2050-05-22,0.0,31.365,46.986,6.143,288.17,SSP2-4.5
2050-05-23,0.6646,30.032,56.228,5.978,245.27,SSP2-4.5
2050-05-24,22.653,29.541,54.438,13.042,230.56,SSP2-4.5
2050-05-25,68.3613,24.85,75.118,11.036,166.34,SSP2-4.5
2050-05-26,32.0414,25.399,85.761,11.125,185.39,SSP2-4.5
2050-05-27,11.2499,26.85,83.717,5.944,187.2,SSP2-4.5
2050-05-28,0.0123,28.515,66.051,11.281,240.71,SSP2-4.5
2050-05-29,0.0064,30.309,58.52,14.531,289.16,SSP2-4.5
2050-05-30,0.4499,30.0,61.229,16.345,267.49,SSP2-4.5
2050-05-31,0.0444,28.341,65.434,14.466,237.19,SSP2-4.5
2050-06-01,0.0,28.407,63.556,14.397,263.75,SSP2-4.5
2050-06-02,0.0,28.699,62.36,14.125,284.22,SSP2-4.5
2050-06-03,0.0,29.347,58.417,16.831,297.44,SSP2-4.5
2050-06-04,0.0,29.322,56.402,18.429,302.28,SSP2-4.5
2050-06-05,0.0,29.5,54.85,17.696,304.53,SSP2-4.5
2050-06-06,0.0,30.135,56.142,16.519,325.41,SSP2-4.5
2050-06-07,0.0,29.376,57.443,15.645,304.58,SSP2-4.5
2050-06-08,0.0,30.331,54.411,17.12,295.64,SSP2-4.5
2050-06-09,0.0,29.304,59.522,14.004,282.05,SSP2-4.5
2050-06-10,13.9033,28.498,71.253,8.743,262.46,SSP2-4.5
2050-06-11,13.4621,26.479,81.297,5.94,227.01,SSP2-4.5
2050-06-12,27.7942,25.655,88.489,5.12,229.37,SSP2-4.5
2050-06-13,13.2143,25.998,85.053,6.367,245.62,SSP2-4.5
2050-06-14,6.0973,26.678,78.686,10.283,262.78,SSP2-4.5
2050-06-15,16.3107,25.695,79.0,13.93,232.64,SSP2-4.5
2050-06-16,8.3212,24.635,89.385,12.164,180.86,SSP2-4.5
2050-06-17,0.0131,26.665,74.935,15.695,265.95,SSP2-4.5
2050-06-18,0.0,26.513,75.38,14.831,247.29,SSP2-4.5
2050-06-19,4.7846,27.478,74.776,14.612,267.92,SSP2-4.5
2050-06-20,0.0967,25.972,79.761,13.72,227.2,SSP2-4.5
2050-06-21,0.8515,26.421,78.528,12.475,249.85,SSP2-4.5
2050-06-22,0.6323,26.775,77.392,12.719,263.05,SSP2-4.5
2050-06-23,17.8592,25.358,86.021,11.13,206.07,SSP2-4.5
2050-06-24,13.1456,25.254,89.605,9.874,180.23,SSP2-4.5
2050-06-25,4.4952,25.932,83.965,12.096,230.49,SSP2-4.5
2050-06-26,8.5057,25.667,86.438,12.755,220.44,SSP2-4.5
2050-06-27,0.4971,25.369,88.731,9.706,200.1,SSP2-4.5
2050-06-28,0.0,26.199,82.738,10.008,258.56,SSP2-4.5
2050-06-29,2.8166,26.9,81.212,10.378,266.6,SSP2-4.5
2050-06-30,17.938,25.427,92.045,8.183,199.88,SSP2-4.5
2050-07-01,4.0814,26.319,90.132,7.205,214.28,SSP2-4.5
2050-07-02,0.5306,27.122,84.482,8.642,252.0,SSP2-4.5
2050-07-03,17.2143,26.679,87.093,10.265,230.35,SSP2-4.5
2050-07-04,18.6171,26.148,89.174,11.258,208.73,SSP2-4.5
2050-07-05,0.0,26.549,83.596,12.938,237.04,SSP2-4.5
2050-07-06,0.0097,26.613,82.546,14.934,232.04,SSP2-4.5
2050-07-07,0.3319,26.947,83.648,12.665,233.36,SSP2-4.5
2050-07-08,0.4005,27.047,81.259,13.552,235.92,SSP2-4.5
2050-07-09,0.01,26.454,86.313,10.252,217.78,SSP2-4.5
2050-07-10,0.0,27.219,79.428,12.117,253.6,SSP2-4.5
2050-07-11,0.0033,27.253,81.137,10.132,250.09,SSP2-4.5
2050-07-12,0.0,27.609,78.366,10.678,269.96,SSP2-4.5
2050-07-13,0.0,27.9,78.861,11.176,258.18,SSP2-4.5
2050-07-14,0.0,27.339,80.906,11.018,241.06,SSP2-4.5
2050-07-15,0.0,27.875,79.991,10.236,262.19,SSP2-4.5
2050-07-16,0.0,27.439,82.7,8.718,247.2,SSP2-4.5
2050-07-17,0.0578,27.423,85.602,6.545,234.33,SSP2-4.5
2050-07-18,18.086,26.437,91.182,6.487,218.28,SSP2-4.5
2050-07-19,17.1548,26.377,90.83,8.212,227.78,SSP2-4.5
2050-07-20,6.6322,26.587,88.432,10.869,230.86,SSP2-4.5
2050-07-21,0.0,26.951,85.516,10.364,231.93,SSP2-4.5
2050-07-22,0.3721,27.232,83.357,11.248,249.15,SSP2-4.5
2050-07-23,5.9882,27.047,86.546,11.97,236.42,SSP2-4.5
2050-07-24,7.7136,26.588,87.997,13.076,229.87,SSP2-4.5
2050-07-25,14.0915,26.765,88.467,12.811,231.85,SSP2-4.5
2050-07-26,3.1197,26.328,88.603,13.94,216.75,SSP2-4.5
2050-07-27,0.0,26.616,85.794,14.541,225.01,SSP2-4.5
2050-07-28,0.0561,26.859,86.344,12.164,233.96,SSP2-4.5
2050-07-29,0.0,26.915,86.34,11.431,228.75,SSP2-4.5
2050-07-30,0.0,27.285,80.957,11.361,258.58,SSP2-4.5
2050-07-31,0.0,27.214,82.958,10.702,249.02,SSP2-4.5
2050-08-01,0.0,27.426,86.634,9.835,225.86,SSP2-4.5
2050-08-02,0.5991,27.445,83.531,11.998,264.17,SSP2-4.5
2050-08-03,0.4775,27.276,87.011,10.365,237.83,SSP2-4.5
2050-08-04,0.0,27.607,83.946,7.675,244.59,SSP2-4.5
2050-08-05,12.0405,27.821,87.39,5.041,237.23,SSP2-4.5
2050-08-06,14.2939,27.032,92.073,3.268,216.82,SSP2-4.5
2050-08-07,14.737,27.033,91.932,3.956,224.72,SSP2-4.5
2050-08-08,3.9057,27.13,91.175,4.419,223.53,SSP2-4.5
2050-08-09,1.046,27.49,89.842,5.639,227.5,SSP2-4.5
2050-08-10,0.153,28.018,85.095,6.284,264.13,SSP2-4.5
2050-08-11,0.0,28.179,83.282,7.429,278.86,SSP2-4.5
2050-08-12,0.0,28.726,81.336,8.214,278.35,SSP2-4.5
2050-08-13,0.1805,28.684,80.063,8.97,276.79,SSP2-4.5
2050-08-14,3.9527,27.398,88.102,11.014,230.11,SSP2-4.5
2050-08-15,3.8744,27.356,88.948,12.037,233.32,SSP2-4.5
2050-08-16,19.666,26.942,91.595,10.878,219.7,SSP2-4.5
2050-08-17,2.6419,26.989,90.3,9.303,224.63,SSP2-4.5
2050-08-18,0.0,27.31,85.716,8.036,263.64,SSP2-4.5
2050-08-19,0.7538,27.584,82.951,9.043,277.83,SSP2-4.5
2050-08-20,7.8706,27.507,87.568,10.981,246.38,SSP2-4.5
2050-08-21,16.7909,27.115,90.995,7.983,221.74,SSP2-4.5
2050-08-22,6.1606,27.115,91.201,5.387,227.5,SSP2-4.5
2050-08-23,2.2686,27.228,89.712,7.102,235.73,SSP2-4.5
2050-08-24,0.0,27.934,83.794,7.684,266.75,SSP2-4.5
2050-08-25,0.0,27.924,83.654,8.292,260.46,SSP2-4.5
2050-08-26,0.0,28.204,79.238,11.945,257.42,SSP2-4.5
2050-08-27,30.5035,27.058,90.83,12.546,224.41,SSP2-4.5
2050-08-28,28.1245,26.766,92.162,14.619,198.28,SSP2-4.5
2050-08-29,0.1727,27.216,86.601,10.778,225.23,SSP2-4.5
2050-08-30,0.9655,27.619,85.673,9.96,250.6,SSP2-4.5
2050-08-31,3.0349,27.392,87.45,7.712,239.03,SSP2-4.5
2050-09-01,0.0058,26.57,88.087,8.068,240.75,SSP2-4.5
2050-09-02,0.0,27.258,80.681,7.243,289.23,SSP2-4.5
2050-09-03,0.0,27.809,80.172,6.147,274.17,SSP2-4.5
2050-09-04,2.1386,27.366,85.365,9.591,237.73,SSP2-4.5
2050-09-05,0.1142,27.161,82.326,12.006,246.58,SSP2-4.5
2050-09-06,0.1087,26.387,88.683,11.583,200.42,SSP2-4.5
2050-09-07,0.0,26.733,85.979,9.979,230.07,SSP2-4.5
2050-09-08,0.2789,27.012,82.959,11.198,228.66,SSP2-4.5
2050-09-09,0.0,26.504,87.428,10.35,217.1,SSP2-4.5
2050-09-10,0.0,27.101,79.754,12.178,250.05,SSP2-4.5
2050-09-11,0.0,27.525,76.263,11.975,261.23,SSP2-4.5
2050-09-12,0.0,27.543,75.981,11.728,256.73,SSP2-4.5
2050-09-13,0.0,27.709,75.152,10.629,271.46,SSP2-4.5
2050-09-14,0.0,27.284,78.598,11.687,242.8,SSP2-4.5
2050-09-15,0.0,26.64,84.08,12.714,221.71,SSP2-4.5
2050-09-16,0.0,26.875,85.89,6.78,235.85,SSP2-4.5
2050-09-17,2.492,27.026,87.386,4.711,238.37,SSP2-4.5
2050-09-18,32.5264,26.028,93.786,4.09,199.33,SSP2-4.5
2050-09-19,7.542,26.387,89.657,7.274,228.53,SSP2-4.5
2050-09-20,11.6818,26.104,91.248,8.711,215.07,SSP2-4.5
2050-09-21,0.0,26.377,86.864,8.429,228.2,SSP2-4.5
2050-09-22,0.0,27.166,80.07,6.076,264.46,SSP2-4.5
2050-09-23,0.3341,27.359,80.451,4.352,265.6,SSP2-4.5
2050-09-24,11.8545,26.675,88.501,3.021,230.82,SSP2-4.5
2050-09-25,2.171,26.727,87.215,2.587,234.95,SSP2-4.5
2050-09-26,20.917,26.229,91.314,3.551,215.32,SSP2-4.5
2050-09-27,10.2352,26.093,91.143,2.649,212.02,SSP2-4.5
2050-09-28,16.9558,25.934,92.036,4.199,210.21,SSP2-4.5
2050-09-29,0.8975,26.178,89.533,5.451,224.91,SSP2-4.5
2050-09-30,1.4401,26.195,88.677,4.807,227.66,SSP2-4.5
2050-10-01,3.0479,25.293,88.428,5.024,233.61,SSP2-4.5
2050-10-02,0.3535,25.708,85.905,1.777,243.71,SSP2-4.5
2050-10-03,0.0236,25.478,87.171,4.577,216.53,SSP2-4.5
2050-10-04,0.0106,25.478,85.238,8.207,215.72,SSP2-4.5
2050-10-05,0.0,25.117,88.091,8.374,205.45,SSP2-4.5
2050-10-06,0.0,27.126,79.836,7.537,259.63,SSP2-4.5
2050-10-07,0.0,28.029,72.854,6.948,266.3,SSP2-4.5
2050-10-08,0.0,28.222,73.457,7.038,243.89,SSP2-4.5
2050-10-09,0.0478,26.899,80.638,7.078,233.15,SSP2-4.5
2050-10-10,0.0,25.456,85.254,5.85,219.43,SSP2-4.5
2050-10-11,0.0,26.873,80.026,4.815,263.21,SSP2-4.5
2050-10-12,0.0,26.282,80.926,5.492,240.26,SSP2-4.5
2050-10-13,0.0,25.914,79.12,6.045,246.42,SSP2-4.5
2050-10-14,0.0,26.244,73.554,6.407,272.75,SSP2-4.5
2050-10-15,0.0,26.411,73.582,6.885,273.97,SSP2-4.5
2050-10-16,0.0,26.304,74.752,6.09,269.87,SSP2-4.5
2050-10-17,0.0,25.807,80.341,6.66,243.72,SSP2-4.5
2050-10-18,0.0,26.047,81.192,5.504,225.23,SSP2-4.5
2050-10-19,0.0,26.492,73.399,3.86,229.39,SSP2-4.5
2050-10-20,0.0,26.097,76.429,4.661,217.73,SSP2-4.5
2050-10-21,0.0,25.337,72.801,7.515,223.0,SSP2-4.5
2050-10-22,1.0256,24.612,79.862,8.033,223.26,SSP2-4.5
2050-10-23,15.0959,23.888,88.815,7.815,185.02,SSP2-4.5
2050-10-24,0.0299,25.324,72.881,8.265,217.18,SSP2-4.5
2050-10-25,0.0,25.343,63.727,7.343,244.63,SSP2-4.5
2050-10-26,0.0235,25.246,75.251,8.869,201.83,SSP2-4.5
2050-10-27,0.0,25.104,67.68,8.785,202.2,SSP2-4.5
2050-10-28,0.0,23.531,65.509,6.487,198.45,SSP2-4.5
2050-10-29,0.0,23.642,52.412,7.328,263.36,SSP2-4.5
2050-10-30,0.0,23.112,47.139,4.739,260.68,SSP2-4.5
2050-10-31,0.0,22.695,49.353,3.833,267.01,SSP2-4.5
2050-11-01,0.0,23.907,61.969,5.205,258.55,SSP2-4.5
2050-11-02,0.0,24.07,59.366,6.114,258.39,SSP2-4.5
2050-11-03,0.0,23.944,59.55,5.745,255.24,SSP2-4.5
2050-11-04,0.0,24.176,56.726,6.506,254.0,SSP2-4.5
2050-11-05,0.3032,23.693,60.303,9.3,208.09,SSP2-4.5
2050-11-06,21.5718,23.218,87.007,11.015,175.19,SSP2-4.5
2050-11-07,49.0008,22.508,92.519,12.739,154.11,SSP2-4.5
2050-11-08,49.8302,22.404,94.684,12.72,129.39,SSP2-4.5
2050-11-09,20.2254,22.538,92.548,11.707,149.15,SSP2-4.5
2050-11-10,15.4983,22.577,92.615,5.692,149.33,SSP2-4.5
2050-11-11,0.2422,23.861,86.466,9.087,189.91,SSP2-4.5
2050-11-12,0.0,24.205,67.402,12.543,248.13,SSP2-4.5
2050-11-13,0.0,23.715,59.42,13.426,249.26,SSP2-4.5
2050-11-14,0.0,20.968,41.907,11.816,261.82,SSP2-4.5
2050-11-15,0.0,20.793,39.304,9.914,266.29,SSP2-4.5
2050-11-16,0.0,20.496,46.808,9.278,211.73,SSP2-4.5
2050-11-17,0.0,20.632,49.871,11.49,205.6,SSP2-4.5
2050-11-18,0.0328,21.832,51.93,11.542,217.95,SSP2-4.5
2050-11-19,0.9615,22.36,81.625,11.639,185.19,SSP2-4.5
2050-11-20,0.1307,22.861,85.528,6.307,177.52,SSP2-4.5
2050-11-21,0.0,24.596,75.008,6.633,201.22,SSP2-4.5
2050-11-22,0.0,22.563,48.963,8.42,215.87,SSP2-4.5
2050-11-23,0.0,22.081,48.038,5.68,215.15,SSP2-4.5
2050-11-24,0.0,21.783,41.834,8.121,246.19,SSP2-4.5
2050-11-25,0.0,21.445,44.239,7.402,224.25,SSP2-4.5
2050-11-26,0.0,21.178,44.191,9.76,247.5,SSP2-4.5
2050-11-27,0.0,20.92,31.005,11.115,250.89,SSP2-4.5
2050-11-28,0.0,20.418,31.414,9.591,253.79,SSP2-4.5
2050-11-29,0.0,19.796,37.939,8.297,253.61,SSP2-4.5
2050-11-30,0.0,21.589,54.949,7.502,242.43,SSP2-4.5
2050-12-01,0.0033,22.836,76.437,6.548,174.23,SSP2-4.5
2050-12-02,0.0,24.024,69.742,5.625,180.11,SSP2-4.5
2050-12-03,0.0,24.109,67.858,8.817,191.3,SSP2-4.5
2050-12-04,0.0,23.819,53.655,9.209,223.07,SSP2-4.5
2050-12-05,0.0,23.54,56.675,7.64,218.41,SSP2-4.5
2050-12-06,0.0,22.65,52.825,8.437,229.75,SSP2-4.5
2050-12-07,0.0,22.318,49.302,6.614,235.79,SSP2-4.5
2050-12-08,0.0,22.42,51.155,8.348,231.42,SSP2-4.5
2050-12-09,0.0,22.345,51.077,6.786,226.82,SSP2-4.5
2050-12-10,0.0,22.638,52.276,6.795,229.3,SSP2-4.5
2050-12-11,0.0,22.61,52.811,7.936,225.44,SSP2-4.5
2050-12-12,0.0,23.009,51.164,10.923,227.21,SSP2-4.5
2050-12-13,0.0,21.897,51.744,13.022,197.7,SSP2-4.5
2050-12-14,0.0,21.469,69.028,8.042,162.23,SSP2-4.5
2050-12-15,0.0,21.586,82.989,10.488,147.12,SSP2-4.5
2050-12-16,0.0,20.431,79.153,12.408,154.43,SSP2-4.5
2050-12-17,0.0,20.296,51.865,10.78,238.08,SSP2-4.5
2050-12-18,0.0,19.987,42.011,11.516,246.13,SSP2-4.5
2050-12-19,0.0,19.727,39.844,11.633,248.48,SSP2-4.5
2050-12-20,0.0,19.648,36.823,12.321,247.78,SSP2-4.5
2050-12-21,0.0,19.975,47.271,9.59,193.67,SSP2-4.5
2050-12-22,0.0,20.975,57.523,8.218,167.79,SSP2-4.5
2050-12-23,0.0,21.14,50.778,9.598,186.43,SSP2-4.5
2050-12-24,0.0,21.281,51.299,8.976,222.11,SSP2-4.5
2050-12-25,0.0,21.912,47.561,10.456,228.11,SSP2-4.5
2050-12-26,0.0,21.093,47.459,11.174,232.16,SSP2-4.5
2050-12-27,0.0,21.122,43.56,10.592,240.99,SSP2-4.5
2050-12-28,0.0,20.66,43.736,10.099,241.8,SSP2-4.5
2050-12-29,0.0,20.371,47.981,10.32,243.71,SSP2-4.5
2050-12-30,0.0,21.194,51.753,9.955,228.56,SSP2-4.5
2050-12-31,0.0,21.516,49.36,10.467,229.28,SSP2-4.5
