date,rainfall_mm,temp_C,humidity_pct,wind_kmh,solar_Wm2,scenario
2025-01-01,0.0,20.865,42.493,10.796,237.36,SSP3-7.0
2025-01-02,0.0,19.694,43.579,10.245,204.64,SSP3-7.0
2025-01-03,0.0,19.395,43.346,8.798,230.49,SSP3-7.0
2025-01-04,0.0,21.942,50.566,8.44,218.39,SSP3-7.0
2025-01-05,0.0,22.827,51.993,9.097,224.04,SSP3-7.0
2025-01-06,0.0,22.189,64.892,8.322,188.4,SSP3-7.0
2025-01-07,0.0,22.79,54.202,7.162,210.11,SSP3-7.0
2025-01-08,0.0,22.89,49.222,8.519,237.06,SSP3-7.0
2025-01-09,0.0,23.396,49.168,8.661,219.0,SSP3-7.0
2025-01-10,0.0,23.188,46.873,10.574,231.27,SSP3-7.0
2025-01-11,0.0,22.132,44.382,11.949,218.13,SSP3-7.0
2025-01-12,0.0,21.983,43.569,8.601,237.51,SSP3-7.0
2025-01-13,0.0,21.569,51.488,7.9,218.34,SSP3-7.0
2025-01-14,0.0,22.511,48.373,7.586,230.89,SSP3-7.0
2025-01-15,0.0,22.518,45.674,8.199,231.67,SSP3-7.0
2025-01-16,0.0,22.233,41.098,6.173,236.9,SSP3-7.0
2025-01-17,0.0,23.247,45.953,7.652,233.16,SSP3-7.0
2025-01-18,0.0,23.781,47.025,10.935,237.23,SSP3-7.0
2025-01-19,0.0,21.558,54.666,13.662,135.98,SSP3-7.0
2025-01-20,0.0,20.814,67.246,12.063,156.63,SSP3-7.0
2025-01-21,0.0,20.994,63.486,12.814,166.98,SSP3-7.0
2025-01-22,0.0,23.341,51.693,9.096,246.74,SSP3-7.0
2025-01-23,0.0,23.625,51.348,10.606,236.28,SSP3-7.0
2025-01-24,0.0,23.855,49.929,10.534,245.04,SSP3-7.0
2025-01-25,0.0,23.978,48.225,10.305,236.39,SSP3-7.0
2025-01-26,0.0,22.673,52.129,8.836,203.31,SSP3-7.0
2025-01-27,0.0,23.071,45.01,10.461,229.98,SSP3-7.0
2025-01-28,0.0,22.939,51.156,13.092,232.92,SSP3-7.0
2025-01-29,0.0,24.011,46.575,12.032,258.89,SSP3-7.0
2025-01-30,0.0,23.711,51.273,11.025,227.37,SSP3-7.0
2025-01-31,0.0,23.993,50.278,10.291,249.43,SSP3-7.0
2025-02-01,0.0,24.483,50.082,10.231,235.55,SSP3-7.0
2025-02-02,0.0,24.817,48.768,10.15,235.12,SSP3-7.0
2025-02-03,0.0,24.661,48.845,9.446,228.66,SSP3-7.0
2025-02-04,0.0,24.411,47.001,9.155,234.33,SSP3-7.0
2025-02-05,0.0,24.173,43.38,9.632,230.15,SSP3-7.0
2025-02-06,0.0,24.282,45.796,10.691,258.75,SSP3-7.0
2025-02-07,0.0,23.901,51.645,9.728,213.21,SSP3-7.0
2025-02-08,0.0,24.7,47.335,12.352,241.62,SSP3-7.0
2025-02-09,0.0,24.492,53.241,11.975,235.45,SSP3-7.0
2025-02-10,0.0,24.181,56.663,8.565,233.28,SSP3-7.0
2025-02-11,0.0,24.074,56.777,7.477,226.64,SSP3-7.0
2025-02-12,0.0,24.874,51.101,6.158,221.37,SSP3-7.0
2025-02-13,0.0,25.61,45.32,7.317,259.12,SSP3-7.0
2025-02-14,0.0,25.379,42.661,10.932,270.03,SSP3-7.0
2025-02-15,0.0,24.869,38.471,12.046,286.25,SSP3-7.0
2025-02-16,0.0,24.554,36.647,10.493,293.99,SSP3-7.0
2025-02-17,0.0,24.763,38.011,10.882,276.65,SSP3-7.0
2025-02-18,0.0,23.029,62.367,9.168,166.13,SSP3-7.0
2025-02-19,0.0,24.823,54.625,9.87,222.17,SSP3-7.0
2025-02-20,0.0,25.816,42.873,8.221,270.8,SSP3-7.0
2025-02-21,0.0,24.785,46.946,6.771,217.87,SSP3-7.0
2025-02-22,0.0,24.798,44.894,6.991,223.17,SSP3-7.0
2025-02-23,0.0,25.447,35.123,6.56,289.81,SSP3-7.0
2025-02-24,0.0,26.178,34.379,7.494,282.51,SSP3-7.0
2025-02-25,0.0,26.951,34.984,8.978,262.97,SSP3-7.0
2025-02-26,0.0,26.288,33.229,12.568,258.94,SSP3-7.0
2025-02-27,0.0,26.173,31.376,14.17,299.86,SSP3-7.0
2025-02-28,0.0,25.91,48.319,12.76,272.53,SSP3-7.0
2025-03-01,0.0,26.547,46.631,11.586,234.48,SSP3-7.0
2025-03-02,0.0,26.407,44.18,8.114,234.48,SSP3-7.0
2025-03-03,0.0,26.967,35.785,6.943,298.85,SSP3-7.0
2025-03-04,0.0,27.6,31.756,6.068,288.84,SSP3-7.0
2025-03-05,0.0,27.979,31.082,8.607,296.36,SSP3-7.0
2025-03-06,0.027,28.546,32.053,13.916,288.57,SSP3-7.0
2025-03-07,0.0206,27.641,35.543,8.644,268.19,SSP3-7.0
2025-03-08,0.0005,25.285,47.466,6.265,191.33,SSP3-7.0
2025-03-09,0.0156,23.984,56.434,7.316,182.63,SSP3-7.0
2025-03-10,0.0001,27.118,42.705,8.52,260.4,SSP3-7.0
2025-03-11,0.0153,27.321,42.746,6.729,219.09,SSP3-7.0
2025-03-12,1.197,24.035,66.818,8.806,157.57,SSP3-7.0
2025-03-13,0.0,27.412,46.458,6.287,277.69,SSP3-7.0
2025-03-14,0.0,27.565,35.323,7.812,319.01,SSP3-7.0
2025-03-15,0.0,27.607,30.826,4.253,319.48,SSP3-7.0
2025-03-16,0.0,28.234,29.782,7.051,307.55,SSP3-7.0
2025-03-17,0.0,29.07,28.648,9.494,300.48,SSP3-7.0
2025-03-18,0.0,29.825,30.734,9.212,269.12,SSP3-7.0
2025-03-19,0.2005,27.086,46.647,8.763,210.09,SSP3-7.0
2025-03-20,0.0,28.831,33.431,6.968,270.37,SSP3-7.0
2025-03-21,0.0,28.641,28.582,8.111,329.42,SSP3-7.0
2025-03-22,0.0,28.801,28.88,5.182,305.47,SSP3-7.0
2025-03-23,0.0,28.619,38.211,5.326,217.51,SSP3-7.0
2025-03-24,0.0,29.189,35.927,4.089,253.23,SSP3-7.0
2025-03-25,0.0,29.755,33.141,5.436,279.0,SSP3-7.0
2025-03-26,0.0069,29.902,33.76,8.224,262.1,SSP3-7.0
2025-03-27,0.2184,29.146,38.734,7.84,257.82,SSP3-7.0
2025-03-28,3.5546,29.031,43.169,7.565,245.2,SSP3-7.0
2025-03-29,0.4632,28.884,48.763,4.523,240.76,SSP3-7.0
2025-03-30,0.0,29.93,35.879,5.494,281.64,SSP3-7.0
2025-03-31,0.0,29.854,30.355,4.756,296.87,SSP3-7.0
2025-04-01,3.0942,30.217,36.294,8.354,286.14,SSP3-7.0
2025-04-02,8.7687,29.7,40.044,8.181,270.21,SSP3-7.0
2025-04-03,0.4618,30.093,36.942,7.957,292.53,SSP3-7.0
2025-04-04,0.0,30.559,34.197,7.105,297.71,SSP3-7.0
2025-04-05,0.0,30.803,32.702,7.551,295.35,SSP3-7.0
2025-04-06,0.0,31.022,29.535,8.697,301.9,SSP3-7.0
2025-04-07,0.0,31.441,31.273,5.601,263.73,SSP3-7.0
2025-04-08,0.0,31.788,29.82,4.281,280.15,SSP3-7.0
2025-04-09,0.0,31.092,32.411,4.847,244.48,SSP3-7.0
2025-04-10,0.1772,30.957,36.991,6.084,278.68,SSP3-7.0
2025-04-11,0.0017,30.521,32.671,7.492,294.31,SSP3-7.0
2025-04-12,0.1596,30.741,31.12,5.201,287.29,SSP3-7.0
2025-04-13,0.0326,30.527,32.968,5.822,288.33,SSP3-7.0
2025-04-14,0.0,30.753,27.831,4.679,308.75,SSP3-7.0
2025-04-15,0.0,31.272,25.03,5.355,316.37,SSP3-7.0
2025-04-16,0.0,30.709,22.656,4.522,326.87,SSP3-7.0
2025-04-17,0.0,30.025,21.075,5.16,350.5,SSP3-7.0
2025-04-18,0.0,29.731,21.689,5.163,363.96,SSP3-7.0
2025-04-19,0.0,30.655,22.997,6.535,342.79,SSP3-7.0
2025-04-20,0.0,30.978,22.568,5.292,335.44,SSP3-7.0
2025-04-21,0.0,31.36,24.854,5.497,334.0,SSP3-7.0
2025-04-22,0.0,31.556,25.481,8.086,325.94,SSP3-7.0
2025-04-23,0.0,32.496,25.762,9.182,295.49,SSP3-7.0
2025-04-24,0.0,32.424,23.034,6.742,290.39,SSP3-7.0
2025-04-25,0.0,31.724,20.683,5.235,346.7,SSP3-7.0
2025-04-26,0.0,32.117,22.068,5.925,337.6,SSP3-7.0
2025-04-27,0.0,32.944,25.193,7.919,290.62,SSP3-7.0
2025-04-28,0.0,32.986,24.044,7.496,303.76,SSP3-7.0
2025-04-29,0.0,32.405,22.381,6.818,317.91,SSP3-7.0
2025-04-30,0.0,32.375,26.105,8.754,297.74,SSP3-7.0
2025-05-01,0.0031,33.328,23.013,7.295,319.07,SSP3-7.0
2025-05-02,0.0103,33.083,28.091,6.056,246.44,SSP3-7.0
2025-05-03,0.0261,32.73,28.63,4.576,287.82,SSP3-7.0
2025-05-04,0.2145,33.242,27.367,6.364,310.0,SSP3-7.0
2025-05-05,0.0379,33.528,28.324,7.305,297.3,SSP3-7.0
2025-05-06,0.2257,32.104,32.205,6.526,249.59,SSP3-7.0
2025-05-07,0.3881,33.384,29.188,7.948,299.8,SSP3-7.0
2025-05-08,1.5687,33.064,35.052,8.538,287.28,SSP3-7.0
2025-05-09,0.2107,33.042,32.329,6.375,312.12,SSP3-7.0
2025-05-10,0.2591,33.185,32.12,5.849,307.93,SSP3-7.0
2025-05-11,0.7974,33.435,33.162,5.572,295.88,SSP3-7.0
2025-05-12,0.0083,33.568,30.026,4.829,311.2,SSP3-7.0
2025-05-13,0.0174,34.032,27.877,7.116,282.05,SSP3-7.0
2025-05-14,0.0097,34.16,25.556,8.808,298.6,SSP3-7.0
2025-05-15,0.0,33.782,25.045,9.426,284.45,SSP3-7.0
2025-05-16,0.0002,33.775,25.717,8.106,285.83,SSP3-7.0
2025-05-17,0.0,34.015,26.155,6.856,299.24,SSP3-7.0
2025-05-18,0.0,34.212,25.211,5.963,318.9,SSP3-7.0
2025-05-19,0.0,34.363,26.135,6.592,283.28,SSP3-7.0
2025-05-20,0.0,33.76,22.415,7.286,336.93,SSP3-7.0
2025-05-21,0.0037,34.77,25.843,7.651,292.24,SSP3-7.0
2025-05-22,0.313,33.691,29.96,6.786,272.34,SSP3-7.0
2025-05-23,0.4777,33.889,31.617,6.452,302.69,SSP3-7.0
2025-05-24,0.1927,33.811,34.467,5.658,303.76,SSP3-7.0
2025-05-25,0.7969,33.378,38.733,5.308,291.38,SSP3-7.0
2025-05-26,1.161,28.841,62.531,5.595,216.38,SSP3-7.0
2025-05-27,0.1274,33.344,42.525,5.991,285.89,SSP3-7.0
2025-05-28,0.0008,30.747,58.182,7.013,230.28,SSP3-7.0
2025-05-29,0.0,33.761,36.301,7.403,299.8,SSP3-7.0
2025-05-30,0.0071,34.358,31.068,6.498,338.61,SSP3-7.0
2025-05-31,0.0,34.784,30.818,7.959,308.61,SSP3-7.0
2025-06-01,0.0257,33.431,32.445,8.462,296.38,SSP3-7.0
2025-06-02,0.7882,31.532,49.501,10.381,247.26,SSP3-7.0
2025-06-03,3.2025,32.418,49.758,13.605,274.31,SSP3-7.0
2025-06-04,1.9093,29.487,65.906,13.0,246.37,SSP3-7.0
2025-06-05,0.0,28.78,60.345,17.357,239.67,SSP3-7.0
2025-06-06,0.0,31.928,41.055,18.14,316.93,SSP3-7.0
2025-06-07,0.0,32.877,37.866,18.081,302.11,SSP3-7.0
2025-06-08,0.0154,30.811,43.495,18.48,271.4,SSP3-7.0
2025-06-09,4.54,26.709,70.07,14.116,196.13,SSP3-7.0
2025-06-10,0.0,27.484,63.882,15.093,211.4,SSP3-7.0
2025-06-11,0.0,29.003,55.555,16.893,261.57,SSP3-7.0
2025-06-12,0.009,28.689,55.204,16.901,238.51,SSP3-7.0
2025-06-13,0.0,31.133,49.893,18.344,293.96,SSP3-7.0
2025-06-14,0.0,29.145,55.715,17.67,256.77,SSP3-7.0
2025-06-15,0.0,29.783,52.983,18.314,281.58,SSP3-7.0
2025-06-16,18.4712,26.019,79.8,12.889,206.15,SSP3-7.0
2025-06-17,0.0,26.389,74.331,14.634,219.59,SSP3-7.0
2025-06-18,0.0,27.435,64.989,16.157,252.58,SSP3-7.0
2025-06-19,0.812,26.989,71.133,16.897,217.68,SSP3-7.0
2025-06-20,1.2923,26.479,77.714,14.924,197.25,SSP3-7.0
2025-06-21,0.0101,28.329,66.496,17.99,255.27,SSP3-7.0
2025-06-22,0.0203,28.455,65.551,16.626,249.49,SSP3-7.0
2025-06-23,0.0,28.436,62.877,16.768,242.36,SSP3-7.0
2025-06-24,0.0467,27.56,68.466,14.46,238.19,SSP3-7.0
2025-06-25,0.0,28.322,63.451,15.88,256.87,SSP3-7.0
2025-06-26,0.0,28.399,60.649,16.48,258.67,SSP3-7.0
2025-06-27,0.0,28.598,59.494,14.882,260.75,SSP3-7.0
2025-06-28,0.0,29.458,53.835,14.528,304.68,SSP3-7.0
2025-06-29,0.0,29.689,50.677,14.225,304.52,SSP3-7.0
2025-06-30,0.0,29.74,50.918,14.785,300.95,SSP3-7.0
2025-07-01,0.0,29.287,55.553,16.092,286.7,SSP3-7.0
2025-07-02,0.1501,28.446,60.444,13.092,236.13,SSP3-7.0
2025-07-03,0.0,28.869,58.859,14.272,252.96,SSP3-7.0
2025-07-04,0.0,29.226,57.375,13.663,270.16,SSP3-7.0
2025-07-05,9.6217,27.235,75.77,12.128,221.34,SSP3-7.0
2025-07-06,0.0,27.621,66.21,14.556,254.58,SSP3-7.0
2025-07-07,0.0,27.963,65.74,14.829,287.57,SSP3-7.0
2025-07-08,0.0,28.467,64.035,14.609,264.41,SSP3-7.0
2025-07-09,0.396,28.009,69.448,15.902,238.78,SSP3-7.0
2025-07-10,21.0682,26.231,82.525,16.928,214.9,SSP3-7.0
2025-07-11,29.0209,25.732,91.901,12.87,144.47,SSP3-7.0
2025-07-12,0.5878,26.44,87.222,12.251,222.97,SSP3-7.0
2025-07-13,0.0,26.752,83.32,12.185,232.17,SSP3-7.0
2025-07-14,21.4119,25.681,91.99,7.992,183.71,SSP3-7.0
2025-07-15,23.9567,25.698,93.169,7.411,171.2,SSP3-7.0
2025-07-16,16.0437,25.922,92.995,9.704,176.5,SSP3-7.0
2025-07-17,8.2176,26.161,89.895,14.631,207.33,SSP3-7.0
2025-07-18,10.1083,25.814,90.289,14.483,196.7,SSP3-7.0
2025-07-19,0.0,26.473,84.106,15.327,233.55,SSP3-7.0
2025-07-20,4.6978,26.425,87.133,13.667,229.67,SSP3-7.0
2025-07-21,0.3181,26.639,84.54,15.661,232.22,SSP3-7.0
2025-07-22,0.6818,25.784,88.508,14.532,197.76,SSP3-7.0
2025-07-23,0.6794,26.179,85.628,13.096,224.88,SSP3-7.0
2025-07-24,13.9377,25.692,88.858,12.061,205.71,SSP3-7.0
2025-07-25,26.9859,24.757,92.0,15.344,179.59,SSP3-7.0
2025-07-26,15.0038,25.106,91.813,14.01,192.35,SSP3-7.0
2025-07-27,2.7753,25.498,91.129,13.259,204.55,SSP3-7.0
2025-07-28,3.6894,25.948,89.84,11.903,214.32,SSP3-7.0
2025-07-29,3.2687,26.328,88.142,14.911,241.95,SSP3-7.0
2025-07-30,0.0,25.678,90.789,11.828,200.64,SSP3-7.0
2025-07-31,25.7431,25.611,92.027,10.087,193.96,SSP3-7.0
2025-08-01,1.1151,26.549,89.799,13.943,210.49,SSP3-7.0
2025-08-02,9.9905,26.574,90.158,11.949,208.81,SSP3-7.0
2025-08-03,0.4739,27.053,86.953,14.869,235.4,SSP3-7.0
2025-08-04,0.7248,26.722,88.892,12.051,225.16,SSP3-7.0
2025-08-05,16.6068,26.028,92.809,8.996,184.14,SSP3-7.0
2025-08-06,0.1228,26.734,89.669,12.044,213.55,SSP3-7.0
2025-08-07,0.81,26.518,90.052,12.5,208.04,SSP3-7.0
2025-08-08,1.2561,26.748,88.172,14.131,229.96,SSP3-7.0
2025-08-09,0.723,26.262,90.154,13.188,203.53,SSP3-7.0
2025-08-10,0.1985,26.273,89.901,13.961,205.01,SSP3-7.0
2025-08-11,0.4898,26.496,89.88,13.567,210.29,SSP3-7.0
2025-08-12,8.4549,25.58,92.573,11.389,185.48,SSP3-7.0
2025-08-13,1.7907,25.773,92.825,10.822,197.58,SSP3-7.0
2025-08-14,0.0,26.682,87.041,11.995,223.75,SSP3-7.0
2025-08-15,0.0,26.863,83.651,12.886,248.47,SSP3-7.0
2025-08-16,0.0,27.069,83.274,11.955,250.92,SSP3-7.0
2025-08-17,0.0,27.143,83.558,12.306,229.23,SSP3-7.0
2025-08-18,0.0,27.42,81.337,11.336,259.91,SSP3-7.0
2025-08-19,2.027,27.373,85.359,9.549,258.81,SSP3-7.0
2025-08-20,11.2947,26.578,91.521,8.085,214.31,SSP3-7.0
2025-08-21,0.1949,26.823,89.69,5.848,226.26,SSP3-7.0
2025-08-22,0.0,27.044,86.432,8.797,240.44,SSP3-7.0
2025-08-23,0.0,27.482,83.455,9.267,245.14,SSP3-7.0
2025-08-24,0.0,27.677,82.539,9.806,243.11,SSP3-7.0
2025-08-25,0.5912,27.768,83.211,10.825,253.8,SSP3-7.0
2025-08-26,1.3198,27.027,88.424,7.919,240.15,SSP3-7.0
2025-08-27,0.0,27.001,87.561,8.18,228.2,SSP3-7.0
2025-08-28,0.0,27.228,85.356,3.595,251.68,SSP3-7.0
2025-08-29,11.5267,27.298,89.879,5.352,235.82,SSP3-7.0
2025-08-30,3.3372,27.224,88.795,4.149,240.81,SSP3-7.0
2025-08-31,10.1868,27.442,87.222,5.72,241.9,SSP3-7.0
2025-09-01,9.8034,27.112,88.672,6.353,242.5,SSP3-7.0
2025-09-02,0.0,27.3,86.717,4.431,252.89,SSP3-7.0
2025-09-03,0.0,27.843,83.46,4.593,253.62,SSP3-7.0
2025-09-04,0.0416,27.646,85.782,4.33,245.86,SSP3-7.0
2025-09-05,0.68,27.475,85.882,4.818,242.71,SSP3-7.0
2025-09-06,14.3675,27.084,89.387,5.241,235.84,SSP3-7.0
2025-09-07,17.1842,26.873,90.894,3.945,235.03,SSP3-7.0
2025-09-08,5.0283,26.923,88.773,5.345,236.77,SSP3-7.0
2025-09-09,2.3268,26.977,86.786,8.268,240.33,SSP3-7.0
2025-09-10,0.0,26.965,87.196,6.689,242.93,SSP3-7.0
2025-09-11,0.0,27.536,82.432,4.095,258.95,SSP3-7.0
2025-09-12,0.3831,27.657,82.999,6.14,248.36,SSP3-7.0
2025-09-13,36.0516,26.824,93.846,8.536,180.13,SSP3-7.0
2025-09-14,13.868,26.8,91.738,7.822,218.97,SSP3-7.0
2025-09-15,0.3567,27.335,85.528,8.786,248.14,SSP3-7.0
2025-09-16,1.1245,27.386,83.168,12.563,247.07,SSP3-7.0
2025-09-17,0.0,26.772,85.221,12.086,215.29,SSP3-7.0
2025-09-18,0.0714,26.801,84.31,13.964,214.98,SSP3-7.0
2025-09-19,3.0413,26.828,84.734,15.794,225.71,SSP3-7.0
2025-09-20,0.4197,26.649,86.954,13.52,220.4,SSP3-7.0
2025-09-21,1.6817,26.714,87.497,9.951,220.51,SSP3-7.0
2025-09-22,8.675,26.539,89.493,7.389,223.07,SSP3-7.0
2025-09-23,6.6634,26.994,86.329,7.348,235.06,SSP3-7.0
2025-09-24,20.6653,26.26,91.827,5.646,175.4,SSP3-7.0
2025-09-25,0.5887,26.316,88.016,8.4,220.44,SSP3-7.0
2025-09-26,0.4677,26.495,87.307,8.403,222.26,SSP3-7.0
2025-09-27,0.008,26.853,86.006,6.504,225.69,SSP3-7.0
2025-09-28,0.0,27.464,83.317,4.18,235.89,SSP3-7.0
2025-09-29,0.0,27.592,81.374,5.886,246.1,SSP3-7.0
2025-09-30,5.3033,27.609,84.644,5.497,240.2,SSP3-7.0
2025-10-01,17.6131,25.98,88.916,5.011,224.69,SSP3-7.0
2025-10-02,18.1504,25.246,91.676,3.775,201.19,SSP3-7.0
2025-10-03,1.1441,25.32,90.334,1.893,208.47,SSP3-7.0
2025-10-04,5.6533,25.325,90.197,2.811,216.57,SSP3-7.0
2025-10-05,15.9922,25.379,90.552,2.542,217.06,SSP3-7.0
2025-10-06,10.8583,25.139,90.925,2.597,208.38,SSP3-7.0
2025-10-07,8.9418,25.235,89.82,4.778,216.98,SSP3-7.0
2025-10-08,9.2556,25.163,89.594,3.675,216.72,SSP3-7.0
2025-10-09,0.5064,25.45,84.793,2.549,225.43,SSP3-7.0
2025-10-10,0.0,26.391,77.413,4.728,250.97,SSP3-7.0
2025-10-11,0.1073,27.295,74.99,5.2,240.08,SSP3-7.0
2025-10-12,0.0,27.183,66.228,4.034,261.11,SSP3-7.0
2025-10-13,0.0,25.715,61.47,6.31,265.62,SSP3-7.0
2025-10-14,0.0,25.069,50.924,5.499,278.17,SSP3-7.0
2025-10-15,0.0,24.897,54.274,3.839,246.29,SSP3-7.0
2025-10-16,0.0,25.084,61.718,3.455,244.02,SSP3-7.0
2025-10-17,0.0,25.576,66.116,5.074,260.09,SSP3-7.0
2025-10-18,0.0,26.097,77.621,5.38,242.32,SSP3-7.0
2025-10-19,0.0,26.288,73.67,5.253,252.85,SSP3-7.0
2025-10-20,0.0,26.59,64.738,5.746,257.85,SSP3-7.0
2025-10-21,0.0,26.524,60.515,5.989,257.75,SSP3-7.0
2025-10-22,0.0,26.097,60.792,5.233,256.39,SSP3-7.0
2025-10-23,0.0,25.855,55.105,5.265,244.4,SSP3-7.0
2025-10-24,0.0,26.002,52.125,6.08,260.15,SSP3-7.0
2025-10-25,0.0,25.057,51.764,6.643,255.86,SSP3-7.0
2025-10-26,0.0,24.822,51.624,6.077,258.85,SSP3-7.0
2025-10-27,0.0,25.047,53.065,7.271,259.34,SSP3-7.0
2025-10-28,0.0,25.168,53.051,6.385,249.8,SSP3-7.0
2025-10-29,0.0,24.963,56.392,6.683,213.96,SSP3-7.0
2025-10-30,0.0,24.694,62.556,4.831,199.52,SSP3-7.0
2025-10-31,0.0,25.51,58.413,5.98,222.27,SSP3-7.0
2025-11-01,0.0,25.667,63.656,8.267,232.78,SSP3-7.0
2025-11-02,0.0,24.949,63.777,7.404,233.42,SSP3-7.0
2025-11-03,0.0,24.723,55.733,5.628,234.75,SSP3-7.0
2025-11-04,0.0,24.807,56.423,5.402,214.94,SSP3-7.0
2025-11-05,0.0,24.828,55.519,6.609,237.97,SSP3-7.0
2025-11-06,0.0,24.731,51.008,5.448,241.17,SSP3-7.0
2025-11-07,0.0,24.8,43.361,6.49,242.61,SSP3-7.0
2025-11-08,0.0,24.84,44.334,4.98,233.1,SSP3-7.0
2025-11-09,0.0,24.662,49.408,6.982,228.24,SSP3-7.0
2025-11-10,0.0,25.342,57.107,8.359,222.6,SSP3-7.0
2025-11-11,0.0,24.405,72.486,6.801,191.01,SSP3-7.0
2025-11-12,0.0,23.72,72.334,6.774,182.74,SSP3-7.0
2025-11-13,0.0,23.176,72.972,6.208,180.02,SSP3-7.0
2025-11-14,0.0,23.811,56.512,8.043,210.44,SSP3-7.0
2025-11-15,0.1699,23.182,71.194,8.818,172.55,SSP3-7.0
2025-11-16,0.002,22.986,75.584,4.999,175.07,SSP3-7.0
2025-11-17,0.0,23.35,59.021,6.033,224.09,SSP3-7.0
2025-11-18,0.0,23.541,58.558,4.794,218.2,SSP3-7.0
2025-11-19,0.0,24.206,59.183,4.763,220.52,SSP3-7.0
2025-11-20,0.0057,24.908,53.457,11.398,212.64,SSP3-7.0
2025-11-21,0.0,22.038,39.777,13.381,179.23,SSP3-7.0
2025-11-22,0.0,20.715,24.987,12.789,258.01,SSP3-7.0
2025-11-23,0.0,20.194,24.984,11.443,259.65,SSP3-7.0
2025-11-24,0.0,20.983,27.675,9.354,201.93,SSP3-7.0
2025-11-25,0.0223,20.759,55.368,9.644,150.77,SSP3-7.0
2025-11-26,0.0,21.438,42.199,11.976,153.05,SSP3-7.0
2025-11-27,0.0,21.968,37.44,10.891,171.64,SSP3-7.0
2025-11-28,0.0,23.861,37.562,11.587,213.11,SSP3-7.0
2025-11-29,0.0,23.287,27.611,13.295,213.02,SSP3-7.0
2025-11-30,0.0,23.28,26.089,16.463,242.14,SSP3-7.0
2025-12-01,0.0,23.4,42.309,15.456,233.05,SSP3-7.0
2025-12-02,0.0,22.734,35.47,12.757,246.04,SSP3-7.0
2025-12-03,0.0,22.182,37.365,11.096,248.14,SSP3-7.0
2025-12-04,0.0,22.02,38.567,10.376,246.02,SSP3-7.0
2025-12-05,0.0,22.091,42.006,8.943,238.11,SSP3-7.0
2025-12-06,0.0,22.214,48.151,7.668,196.78,SSP3-7.0
2025-12-07,0.0,22.807,47.008,7.707,218.71,SSP3-7.0
2025-12-08,0.0,23.088,40.532,7.938,233.05,SSP3-7.0
2025-12-09,0.0,24.515,44.838,6.799,216.26,SSP3-7.0
2025-12-10,0.0,23.081,58.782,8.772,184.21,SSP3-7.0
2025-12-11,0.0,23.253,52.186,8.805,184.03,SSP3-7.0
2025-12-12,0.0,23.156,53.582,8.949,216.66,SSP3-7.0
2025-12-13,0.0,21.983,74.133,7.562,159.73,SSP3-7.0
2025-12-14,0.0,22.014,63.747,8.605,186.51,SSP3-7.0
2025-12-15,0.0,21.763,67.6,8.224,152.7,SSP3-7.0
2025-12-16,0.0,21.844,65.259,9.344,165.15,SSP3-7.0
2025-12-17,0.0,21.185,79.302,10.423,132.85,SSP3-7.0
2025-12-18,0.0,21.48,73.553,7.37,181.15,SSP3-7.0
2025-12-19,0.0,21.802,76.392,10.387,170.37,SSP3-7.0
2025-12-20,0.0,21.664,70.361,8.519,177.97,SSP3-7.0
2025-12-21,0.0,21.75,70.995,8.043,186.24,SSP3-7.0
2025-12-22,0.0,21.854,72.16,9.138,176.9,SSP3-7.0
2025-12-23,0.0,21.808,59.661,9.491,188.72,SSP3-7.0
2025-12-24,0.0,21.426,63.598,9.211,188.58,SSP3-7.0
2025-12-25,0.0,21.434,59.842,9.753,176.71,SSP3-7.0
2025-12-26,0.0,21.228,53.226,9.532,181.48,SSP3-7.0
2025-12-27,0.0,21.119,51.503,10.13,196.53,SSP3-7.0
2025-12-28,0.0,21.434,50.35,8.371,186.76,SSP3-7.0
2025-12-29,0.0,20.975,53.436,7.484,174.87,SSP3-7.0
2025-12-30,0.0,21.757,50.831,5.879,223.25,SSP3-7.0
2025-12-31,0.0,21.547,66.621,7.832,172.91,SSP3-7.0
2026-01-01,0.0,20.604,74.574,7.582,165.15,SSP3-7.0
2026-01-02,0.0,20.77,63.357,10.084,200.04,SSP3-7.0
2026-01-03,0.0,21.849,64.719,12.523,198.69,SSP3-7.0
2026-01-04,0.0,20.926,51.286,11.03,189.77,SSP3-7.0
2026-01-05,0.0,20.599,44.606,9.878,222.2,SSP3-7.0
2026-01-06,0.0,20.134,40.737,11.758,213.99,SSP3-7.0
2026-01-07,0.0,19.585,34.205,13.004,239.54,SSP3-7.0
2026-01-08,0.0,19.304,37.031,8.904,226.76,SSP3-7.0
2026-01-09,0.0,19.34,36.819,7.982,250.51,SSP3-7.0
2026-01-10,0.0,20.434,41.33,7.606,248.09,SSP3-7.0
2026-01-11,0.0,21.786,48.961,8.57,240.61,SSP3-7.0
2026-01-12,0.0,22.644,47.255,9.172,241.23,SSP3-7.0
2026-01-13,0.0,22.823,49.431,9.193,209.68,SSP3-7.0
2026-01-14,0.0,23.352,46.945,7.864,239.22,SSP3-7.0
2026-01-15,0.0,23.232,48.929,9.107,239.86,SSP3-7.0
2026-01-16,0.0,23.848,50.972,11.012,232.22,SSP3-7.0
2026-01-17,0.0,23.784,52.073,11.075,218.07,SSP3-7.0
2026-01-18,0.0,23.869,48.063,10.418,237.13,SSP3-7.0
2026-01-19,0.0,23.949,46.138,9.261,242.42,SSP3-7.0
2026-01-20,0.0,24.088,45.604,6.525,238.05,SSP3-7.0
2026-01-21,0.0,24.335,46.164,5.438,223.69,SSP3-7.0
2026-01-22,0.0,23.932,51.252,8.399,205.08,SSP3-7.0
2026-01-23,0.0,24.406,46.019,9.719,238.19,SSP3-7.0
2026-01-24,0.0,23.891,50.681,10.943,228.85,SSP3-7.0
2026-01-25,0.0,23.878,52.07,8.581,207.95,SSP3-7.0
2026-01-26,0.0,23.893,49.968,9.785,210.46,SSP3-7.0
2026-01-27,0.0,22.595,47.396,7.642,202.55,SSP3-7.0
2026-01-28,0.0,23.35,38.961,9.547,255.55,SSP3-7.0
2026-01-29,0.0,22.957,39.896,7.61,259.99,SSP3-7.0
2026-01-30,0.0,23.315,38.395,7.362,259.32,SSP3-7.0
2026-01-31,0.0,23.267,38.144,7.188,263.76,SSP3-7.0
2026-02-01,0.0,24.109,39.731,7.228,255.95,SSP3-7.0
2026-02-02,0.0,24.419,38.934,7.396,255.44,SSP3-7.0
2026-02-03,0.0,25.034,40.504,7.231,245.73,SSP3-7.0
2026-02-04,0.0,24.903,39.649,7.427,250.23,SSP3-7.0
2026-02-05,0.0,25.18,36.686,10.459,228.7,SSP3-7.0
2026-02-06,0.0,25.798,34.272,12.036,239.74,SSP3-7.0
2026-02-07,0.0,25.816,32.868,10.113,261.75,SSP3-7.0
2026-02-08,0.0,25.693,34.306,5.865,244.34,SSP3-7.0
2026-02-09,0.0,26.119,34.746,8.695,238.74,SSP3-7.0
2026-02-10,0.0,26.499,32.803,10.975,268.06,SSP3-7.0
2026-02-11,0.0,25.993,29.534,12.519,278.36,SSP3-7.0
2026-02-12,0.0,25.592,30.254,11.599,277.06,SSP3-7.0
2026-02-13,0.0,25.316,30.311,8.921,278.22,SSP3-7.0
2026-02-14,0.0,26.201,36.447,6.943,256.71,SSP3-7.0
2026-02-15,0.0036,25.029,61.637,10.505,200.08,SSP3-7.0
2026-02-16,0.0,25.088,59.308,11.297,207.8,SSP3-7.0
2026-02-17,0.0037,26.28,47.851,14.31,235.4,SSP3-7.0
2026-02-18,0.0,26.713,42.738,15.159,257.49,SSP3-7.0
2026-02-19,0.0116,26.362,39.453,13.452,265.24,SSP3-7.0
2026-02-20,0.0034,24.836,50.366,11.347,193.71,SSP3-7.0
2026-02-21,0.1294,23.82,65.448,9.68,172.6,SSP3-7.0
2026-02-22,1.3547,23.745,83.212,9.386,179.11,SSP3-7.0
2026-02-23,0.0,25.088,64.981,10.608,214.36,SSP3-7.0
2026-02-24,0.0039,26.387,55.786,10.983,238.67,SSP3-7.0
2026-02-25,0.0444,25.217,61.808,11.539,210.2,SSP3-7.0
2026-02-26,0.0425,26.129,53.271,12.253,222.88,SSP3-7.0
2026-02-27,0.0,27.21,48.512,11.391,231.42,SSP3-7.0
2026-02-28,0.0,27.662,44.119,8.304,252.39,SSP3-7.0
2026-03-01,0.0055,27.061,48.288,10.806,228.27,SSP3-7.0
2026-03-02,0.0003,27.58,47.719,9.146,228.81,SSP3-7.0
2026-03-03,0.0,26.072,49.936,10.56,233.98,SSP3-7.0
2026-03-04,0.3145,23.53,63.776,8.366,174.37,SSP3-7.0
2026-03-05,0.0116,25.012,61.334,6.628,194.07,SSP3-7.0
2026-03-06,0.0,24.515,61.386,5.052,188.22,SSP3-7.0
2026-03-07,0.0002,27.85,38.495,6.365,257.23,SSP3-7.0
2026-03-08,0.0005,28.814,37.294,8.745,287.97,SSP3-7.0
2026-03-09,0.0,28.843,36.625,7.624,271.39,SSP3-7.0
2026-03-10,0.0,28.087,31.697,8.799,285.99,SSP3-7.0
2026-03-11,0.0,27.786,29.669,6.419,308.1,SSP3-7.0
2026-03-12,0.0,28.38,26.96,4.938,311.66,SSP3-7.0
2026-03-13,0.0,28.528,26.26,7.468,307.04,SSP3-7.0
2026-03-14,0.0,29.088,27.04,6.488,302.74,SSP3-7.0
2026-03-15,0.0,29.397,29.06,7.652,305.68,SSP3-7.0
2026-03-16,0.0,29.873,29.099,11.147,303.99,SSP3-7.0
2026-03-17,0.0003,30.069,28.424,9.333,303.63,SSP3-7.0
2026-03-18,0.0009,30.745,30.434,6.148,277.52,SSP3-7.0
2026-03-19,0.0049,27.924,32.346,8.992,193.16,SSP3-7.0
2026-03-20,0.0278,27.202,44.784,5.577,193.04,SSP3-7.0
2026-03-21,0.044,27.022,49.808,6.9,200.08,SSP3-7.0
2026-03-22,0.0,29.287,35.886,9.543,307.46,SSP3-7.0
2026-03-23,0.2037,29.793,34.737,7.45,270.6,SSP3-7.0
2026-03-24,2.2723,29.481,34.562,8.583,246.46,SSP3-7.0
2026-03-25,1.8468,24.882,60.459,11.069,147.81,SSP3-7.0
2026-03-26,0.0,29.067,40.049,8.304,314.63,SSP3-7.0
2026-03-27,0.0,30.189,34.386,7.578,309.23,SSP3-7.0
2026-03-28,0.0026,30.84,32.184,8.736,289.62,SSP3-7.0
2026-03-29,0.0,30.814,26.571,8.338,279.35,SSP3-7.0
2026-03-30,0.0,30.572,25.596,5.162,281.3,SSP3-7.0
2026-03-31,0.0,30.74,30.285,7.333,303.02,SSP3-7.0
2026-04-01,0.0,31.102,28.41,8.387,283.45,SSP3-7.0
2026-04-02,0.0,32.103,28.583,8.508,289.53,SSP3-7.0
2026-04-03,0.0027,32.108,28.21,8.228,284.91,SSP3-7.0
2026-04-04,0.0099,32.572,26.971,6.063,286.47,SSP3-7.0
2026-04-05,0.0828,32.46,26.895,6.427,285.44,SSP3-7.0
2026-04-06,0.3888,31.564,31.19,10.198,271.29,SSP3-7.0
2026-04-07,0.707,31.302,31.69,8.737,271.4,SSP3-7.0
2026-04-08,0.0,31.006,26.185,7.23,321.02,SSP3-7.0
2026-04-09,0.0,30.762,28.595,8.304,310.97,SSP3-7.0
2026-04-10,0.6426,31.159,36.504,11.057,275.63,SSP3-7.0
2026-04-11,0.1731,30.234,37.026,7.921,272.81,SSP3-7.0
2026-04-12,0.0597,30.728,32.573,5.74,271.38,SSP3-7.0
2026-04-13,0.0356,30.591,27.259,7.304,323.33,SSP3-7.0
2026-04-14,0.0022,31.037,28.978,6.94,283.62,SSP3-7.0
2026-04-15,0.0,31.827,24.103,5.461,312.96,SSP3-7.0
2026-04-16,0.0,31.495,22.356,5.987,309.56,SSP3-7.0
2026-04-17,0.0,31.511,21.124,4.847,296.46,SSP3-7.0
2026-04-18,0.0,31.641,22.258,4.747,265.17,SSP3-7.0
2026-04-19,0.0,30.959,23.823,6.773,324.78,SSP3-7.0
2026-04-20,0.0,32.404,24.452,10.803,301.32,SSP3-7.0
2026-04-21,0.0209,31.869,24.455,9.233,261.18,SSP3-7.0
2026-04-22,0.0,32.733,23.658,7.11,316.1,SSP3-7.0
2026-04-23,0.0,32.365,21.774,7.791,328.22,SSP3-7.0
2026-04-24,0.0,32.081,20.041,6.251,336.4,SSP3-7.0
2026-04-25,0.0,32.818,19.414,6.408,334.39,SSP3-7.0
2026-04-26,0.0,33.13,18.591,8.634,335.71,SSP3-7.0
2026-04-27,0.0,33.324,18.423,11.041,331.61,SSP3-7.0
2026-04-28,0.0,33.322,19.162,10.938,341.1,SSP3-7.0
2026-04-29,0.0,33.063,18.682,6.396,346.35,SSP3-7.0
2026-04-30,0.0,33.847,20.848,6.451,279.56,SSP3-7.0
2026-05-01,0.1982,33.587,26.971,7.919,225.9,SSP3-7.0
2026-05-02,0.0047,33.513,28.371,5.859,259.73,SSP3-7.0
2026-05-03,0.0914,33.318,28.154,5.651,272.15,SSP3-7.0
2026-05-04,2.7733,33.496,31.042,6.655,283.9,SSP3-7.0
2026-05-05,10.164,32.362,39.636,5.697,275.2,SSP3-7.0
2026-05-06,0.4277,32.356,37.307,5.167,295.34,SSP3-7.0
2026-05-07,0.0,32.988,29.718,6.363,310.96,SSP3-7.0
2026-05-08,0.229,33.466,27.564,6.643,317.42,SSP3-7.0
2026-05-09,0.5406,33.725,28.485,6.575,270.24,SSP3-7.0
2026-05-10,0.0,33.646,27.291,6.671,323.13,SSP3-7.0
2026-05-11,0.1379,34.282,26.861,5.856,295.81,SSP3-7.0
2026-05-12,0.005,34.162,24.613,5.967,310.42,SSP3-7.0
2026-05-13,0.0441,34.508,23.381,5.518,322.85,SSP3-7.0
2026-05-14,0.0139,34.154,26.874,4.89,266.31,SSP3-7.0
2026-05-15,0.0103,34.204,25.614,5.036,276.82,SSP3-7.0
2026-05-16,0.0,33.423,22.273,4.961,328.75,SSP3-7.0
2026-05-17,0.0,35.065,22.281,7.546,269.67,SSP3-7.0
2026-05-18,0.0,35.387,19.162,7.679,305.53,SSP3-7.0
2026-05-19,0.0,35.733,18.738,7.958,298.78,SSP3-7.0
2026-05-20,0.0,35.592,18.741,7.99,333.48,SSP3-7.0
2026-05-21,0.0,35.088,22.676,9.955,262.22,SSP3-7.0
2026-05-22,1.7342,34.775,26.196,5.012,263.96,SSP3-7.0
2026-05-23,0.0095,31.452,39.345,6.374,205.72,SSP3-7.0
2026-05-24,0.0,33.284,25.361,6.607,333.16,SSP3-7.0
2026-05-25,0.0,34.605,22.645,7.251,332.67,SSP3-7.0
2026-05-26,0.0042,35.382,22.41,7.311,313.63,SSP3-7.0
2026-05-27,0.0868,35.375,23.957,8.605,307.86,SSP3-7.0
2026-05-28,0.0,35.21,26.37,10.416,286.38,SSP3-7.0
2026-05-29,0.0,35.428,21.102,9.889,315.93,SSP3-7.0
2026-05-30,0.0,35.017,17.888,10.215,339.31,SSP3-7.0
2026-05-31,0.0,36.235,17.496,13.44,322.18,SSP3-7.0
2026-06-01,0.0,35.692,17.633,13.733,287.39,SSP3-7.0
2026-06-02,0.0,36.031,17.73,18.149,327.4,SSP3-7.0
2026-06-03,0.0,34.813,22.093,16.254,264.8,SSP3-7.0
2026-06-04,0.0031,31.427,30.979,11.065,228.85,SSP3-7.0
2026-06-05,0.0,34.893,22.945,11.018,306.68,SSP3-7.0
2026-06-06,0.0,35.352,18.959,14.559,341.88,SSP3-7.0
2026-06-07,0.0,35.699,19.134,15.038,346.47,SSP3-7.0
2026-06-08,0.0,36.015,19.958,14.07,327.58,SSP3-7.0
2026-06-09,0.0,36.447,21.911,11.828,311.71,SSP3-7.0
2026-06-10,12.6355,29.214,52.618,7.411,198.83,SSP3-7.0
2026-06-11,0.7909,29.7,57.102,8.69,234.68,SSP3-7.0
2026-06-12,0.2817,33.236,41.314,10.242,306.98,SSP3-7.0
2026-06-13,0.0364,31.558,45.923,8.5,286.06,SSP3-7.0
2026-06-14,17.7303,31.813,55.177,11.225,280.07,SSP3-7.0
2026-06-15,2.4545,26.062,79.92,10.283,205.91,SSP3-7.0
2026-06-16,1.0281,29.556,63.349,6.746,292.02,SSP3-7.0
2026-06-17,8.1887,30.253,59.196,9.653,279.7,SSP3-7.0
2026-06-18,0.0,29.791,55.495,14.451,281.79,SSP3-7.0
2026-06-19,0.0,28.863,55.656,15.139,259.5,SSP3-7.0
2026-06-20,0.0,28.886,59.715,13.948,254.25,SSP3-7.0
2026-06-21,0.0,29.54,54.777,14.545,271.1,SSP3-7.0
2026-06-22,0.0,30.542,51.12,17.418,306.4,SSP3-7.0
2026-06-23,0.0456,30.182,53.502,17.966,256.63,SSP3-7.0
2026-06-24,1.8272,28.488,63.812,15.088,246.56,SSP3-7.0
2026-06-25,0.4327,28.075,67.153,13.707,245.49,SSP3-7.0
2026-06-26,0.0306,28.282,65.961,13.562,258.19,SSP3-7.0
2026-06-27,0.0,29.29,60.332,13.621,282.97,SSP3-7.0
2026-06-28,0.0,29.602,58.748,14.024,284.87,SSP3-7.0
2026-06-29,0.0,29.693,58.292,12.949,289.17,SSP3-7.0
2026-06-30,0.0,29.942,57.132,12.894,287.35,SSP3-7.0
2026-07-01,0.0,30.314,55.772,13.837,283.47,SSP3-7.0
2026-07-02,0.1198,27.614,71.0,12.403,217.85,SSP3-7.0
2026-07-03,0.0778,28.371,69.397,13.545,225.5,SSP3-7.0
2026-07-04,11.8498,29.555,65.119,13.655,283.63,SSP3-7.0
2026-07-05,6.8069,28.819,71.034,11.415,270.05,SSP3-7.0
2026-07-06,9.4944,28.664,74.587,10.213,263.59,SSP3-7.0
2026-07-07,0.0,29.046,65.506,12.072,285.36,SSP3-7.0
2026-07-08,0.0,29.593,60.474,12.344,303.6,SSP3-7.0
2026-07-09,0.0,30.483,59.198,15.827,300.49,SSP3-7.0
2026-07-10,7.4833,27.782,74.475,15.171,210.77,SSP3-7.0
2026-07-11,1.5109,26.657,83.935,15.641,188.63,SSP3-7.0
2026-07-12,21.0001,27.321,82.511,16.416,224.04,SSP3-7.0
2026-07-13,3.2698,26.402,88.312,13.615,189.17,SSP3-7.0
2026-07-14,7.9244,26.563,88.659,10.285,195.26,SSP3-7.0
2026-07-15,16.9297,26.507,87.078,14.395,224.31,SSP3-7.0
2026-07-16,25.3756,25.846,91.591,14.432,181.29,SSP3-7.0
2026-07-17,2.8019,26.201,87.029,13.318,210.93,SSP3-7.0
2026-07-18,0.0545,27.319,79.039,13.878,233.12,SSP3-7.0
2026-07-19,0.0,27.225,78.22,12.726,240.44,SSP3-7.0
2026-07-20,0.1231,27.152,80.865,11.649,239.69,SSP3-7.0
2026-07-21,3.4723,27.408,80.847,14.319,245.13,SSP3-7.0
2026-07-22,8.1738,27.38,82.671,14.344,235.72,SSP3-7.0
2026-07-23,13.1543,26.276,87.248,15.083,218.04,SSP3-7.0
2026-07-24,0.0,26.981,81.763,17.082,225.68,SSP3-7.0
2026-07-25,0.0,27.435,77.096,17.513,248.84,SSP3-7.0
2026-07-26,0.0,27.627,77.517,17.12,244.9,SSP3-7.0
2026-07-27,20.6165,26.021,87.921,17.352,211.29,SSP3-7.0
2026-07-28,24.543,25.639,91.079,16.317,196.81,SSP3-7.0
2026-07-29,14.4156,26.243,88.881,14.641,227.68,SSP3-7.0
2026-07-30,0.0,26.427,87.817,15.88,222.56,SSP3-7.0
2026-07-31,14.0722,25.767,91.282,11.416,177.63,SSP3-7.0
2026-08-01,0.0,27.37,80.678,17.113,255.73,SSP3-7.0
2026-08-02,0.0,27.604,80.042,16.477,246.49,SSP3-7.0
2026-08-03,0.0,27.544,79.221,16.113,249.21,SSP3-7.0
2026-08-04,0.0,27.37,80.727,15.03,217.62,SSP3-7.0
2026-08-05,16.0289,27.59,82.506,13.798,234.89,SSP3-7.0
2026-08-06,17.4337,26.466,90.792,12.794,195.43,SSP3-7.0
2026-08-07,13.4656,26.387,92.183,11.181,176.94,SSP3-7.0
2026-08-08,0.0,26.62,88.533,13.734,222.97,SSP3-7.0
2026-08-09,17.1295,26.384,91.515,11.551,185.83,SSP3-7.0
2026-08-10,9.2328,26.627,91.122,10.978,209.68,SSP3-7.0
2026-08-11,8.7703,26.327,92.542,11.865,193.6,SSP3-7.0
2026-08-12,0.0,26.418,91.653,11.756,197.33,SSP3-7.0
2026-08-13,1.3066,26.446,91.177,10.617,197.36,SSP3-7.0
2026-08-14,1.2878,26.001,91.56,13.125,191.96,SSP3-7.0
2026-08-15,0.0,26.837,85.809,18.366,243.49,SSP3-7.0
2026-08-16,12.8261,26.543,89.091,14.135,202.95,SSP3-7.0
2026-08-17,4.0801,26.591,89.762,17.038,212.79,SSP3-7.0
2026-08-18,1.3922,26.236,90.814,14.399,190.68,SSP3-7.0
2026-08-19,2.314,26.409,92.24,11.838,195.35,SSP3-7.0
2026-08-20,0.0096,26.844,90.095,9.622,217.31,SSP3-7.0
2026-08-21,0.3841,26.938,89.038,10.707,219.75,SSP3-7.0
2026-08-22,6.8638,26.864,90.087,9.468,219.64,SSP3-7.0
2026-08-23,23.0528,26.613,93.006,9.777,213.11,SSP3-7.0
2026-08-24,11.3857,26.6,92.773,9.759,209.78,SSP3-7.0
2026-08-25,0.6809,26.654,92.382,8.609,209.2,SSP3-7.0
2026-08-26,16.3723,27.131,89.467,9.429,233.37,SSP3-7.0
2026-08-27,0.0,26.698,89.496,11.303,212.93,SSP3-7.0
2026-08-28,0.0,26.792,87.192,12.568,219.05,SSP3-7.0
2026-08-29,13.4199,27.309,83.011,12.95,256.34,SSP3-7.0
2026-08-30,13.6343,26.455,92.638,10.931,173.18,SSP3-7.0
2026-08-31,18.1349,26.492,92.127,9.214,200.94,SSP3-7.0
2026-09-01,27.0629,25.809,94.322,9.138,185.65,SSP3-7.0
2026-09-02,17.6391,25.549,94.442,10.384,173.91,SSP3-7.0
2026-09-03,5.2709,25.975,92.05,8.993,217.25,SSP3-7.0
2026-09-04,0.6046,26.131,89.607,10.439,236.64,SSP3-7.0
2026-09-05,0.043,26.254,86.993,11.778,232.5,SSP3-7.0
2026-09-06,0.7057,25.88,87.787,11.429,216.67,SSP3-7.0
2026-09-07,0.0674,26.172,87.228,8.616,236.99,SSP3-7.0
2026-09-08,0.0,26.32,86.53,8.844,253.81,SSP3-7.0
2026-09-09,0.467,26.782,83.197,4.907,260.06,SSP3-7.0
2026-09-10,0.0,26.981,85.984,5.066,246.01,SSP3-7.0
2026-09-11,35.6508,26.277,91.758,6.874,220.22,SSP3-7.0
2026-09-12,10.3136,26.102,93.141,7.866,206.47,SSP3-7.0
2026-09-13,0.0,26.583,87.277,8.272,228.9,SSP3-7.0
2026-09-14,0.0,27.255,78.317,10.155,266.55,SSP3-7.0
2026-09-15,0.0,27.31,74.601,11.09,284.39,SSP3-7.0
2026-09-16,0.0,27.024,76.046,11.703,264.7,SSP3-7.0
2026-09-17,0.0,26.934,78.016,10.499,249.71,SSP3-7.0
2026-09-18,0.0,27.015,80.456,10.227,249.35,SSP3-7.0
2026-09-19,0.0,27.502,76.708,10.813,263.42,SSP3-7.0
2026-09-20,0.0373,27.753,72.941,10.704,265.45,SSP3-7.0
2026-09-21,0.0,27.8,70.933,11.128,253.06,SSP3-7.0
2026-09-22,0.0,28.36,70.705,10.898,257.31,SSP3-7.0
2026-09-23,0.0,28.579,72.105,8.521,265.06,SSP3-7.0
2026-09-24,0.0,28.94,71.637,5.976,273.02,SSP3-7.0
2026-09-25,0.098,28.759,74.641,4.688,259.01,SSP3-7.0
2026-09-26,0.0097,28.84,73.529,5.046,261.65,SSP3-7.0
2026-09-27,0.0,29.654,67.088,6.749,261.04,SSP3-7.0
2026-09-28,0.0172,28.709,66.095,10.517,250.89,SSP3-7.0
2026-09-29,0.0,28.116,66.762,10.798,241.39,SSP3-7.0
2026-09-30,0.0,27.916,67.743,8.245,244.35,SSP3-7.0
2026-10-01,0.0,27.511,71.152,7.191,250.24,SSP3-7.0
2026-10-02,0.0,26.216,77.875,5.632,220.25,SSP3-7.0
2026-10-03,0.0,27.237,70.263,6.951,235.96,SSP3-7.0
2026-10-04,0.0,27.373,66.908,6.772,240.65,SSP3-7.0
2026-10-05,0.0,27.394,62.8,8.46,232.31,SSP3-7.0
2026-10-06,0.0,26.971,65.988,7.55,223.57,SSP3-7.0
2026-10-07,0.0,26.615,69.783,6.103,222.43,SSP3-7.0
2026-10-08,0.0,27.146,62.043,3.894,236.36,SSP3-7.0
2026-10-09,0.0,26.545,68.5,4.527,241.22,SSP3-7.0
2026-10-10,0.0,26.894,72.438,5.112,234.23,SSP3-7.0
2026-10-11,0.0,26.23,70.708,4.325,230.23,SSP3-7.0
2026-10-12,0.0,27.024,59.244,4.523,252.44,SSP3-7.0
2026-10-13,0.0,27.458,58.102,4.984,240.12,SSP3-7.0
2026-10-14,0.0,28.185,56.782,4.524,252.12,SSP3-7.0
2026-10-15,0.0,28.111,59.346,6.396,248.42,SSP3-7.0
2026-10-16,0.0,28.036,65.303,6.147,226.33,SSP3-7.0
2026-10-17,0.0,28.105,61.322,7.942,237.41,SSP3-7.0
2026-10-18,0.0239,26.89,65.665,9.964,238.73,SSP3-7.0
2026-10-19,0.4011,25.426,74.59,7.904,219.01,SSP3-7.0
2026-10-20,0.0,26.583,68.86,6.279,240.98,SSP3-7.0
2026-10-21,0.0,27.075,61.101,5.392,237.17,SSP3-7.0
2026-10-22,0.0,27.107,52.702,5.387,251.27,SSP3-7.0
2026-10-23,0.0,27.117,48.799,6.395,226.39,SSP3-7.0
2026-10-24,0.0,27.135,45.827,6.053,250.98,SSP3-7.0
2026-10-25,0.0,27.63,42.082,6.166,252.05,SSP3-7.0
2026-10-26,0.0,27.848,39.447,5.634,251.71,SSP3-7.0
2026-10-27,0.0,26.51,41.82,6.223,251.36,SSP3-7.0
2026-10-28,0.0,27.229,50.051,7.752,235.55,SSP3-7.0
2026-10-29,0.0,26.166,64.518,7.747,207.42,SSP3-7.0
2026-10-30,0.0,25.282,73.004,8.797,193.52,SSP3-7.0
2026-10-31,0.0,26.774,53.035,6.47,230.88,SSP3-7.0
2026-11-01,0.0,26.692,52.642,8.005,236.4,SSP3-7.0
2026-11-02,0.0,25.911,51.145,9.312,249.6,SSP3-7.0
2026-11-03,0.0,25.503,45.216,9.524,260.02,SSP3-7.0
2026-11-04,0.0,25.204,47.184,9.396,250.04,SSP3-7.0
2026-11-05,0.0,25.697,50.059,8.16,232.73,SSP3-7.0
2026-11-06,0.0,25.841,50.785,8.646,229.61,SSP3-7.0
2026-11-07,0.0,26.23,52.422,9.631,225.29,SSP3-7.0
2026-11-08,0.0,26.514,61.358,9.172,214.36,SSP3-7.0
2026-11-09,0.0,26.158,62.727,8.32,190.99,SSP3-7.0
2026-11-10,0.0,25.252,60.023,9.484,194.14,SSP3-7.0
2026-11-11,0.0,24.256,64.786,8.766,189.99,SSP3-7.0
2026-11-12,0.0,24.93,53.239,7.653,223.47,SSP3-7.0
2026-11-13,0.0,25.019,53.672,7.829,210.66,SSP3-7.0
2026-11-14,0.0,25.298,50.632,8.017,228.64,SSP3-7.0
2026-11-15,0.0,25.229,52.455,8.077,218.86,SSP3-7.0
2026-11-16,0.0,25.269,44.342,6.568,217.47,SSP3-7.0
2026-11-17,0.0089,25.022,40.959,7.826,210.31,SSP3-7.0
2026-11-18,0.1057,26.107,42.534,7.871,206.95,SSP3-7.0
2026-11-19,0.1933,25.337,53.8,4.409,192.61,SSP3-7.0
2026-11-20,0.0,24.858,51.667,3.858,195.58,SSP3-7.0
2026-11-21,0.0,25.823,37.66,7.181,218.3,SSP3-7.0
2026-11-22,0.0,25.435,36.434,7.941,215.56,SSP3-7.0
2026-11-23,0.0,24.357,39.937,6.887,219.88,SSP3-7.0
2026-11-24,0.0,23.894,31.346,7.391,229.81,SSP3-7.0
2026-11-25,0.0,23.086,26.237,9.813,233.07,SSP3-7.0
2026-11-26,0.0,22.357,22.405,10.94,235.1,SSP3-7.0
2026-11-27,0.0,21.862,24.492,8.97,227.52,SSP3-7.0
2026-11-28,0.0,21.558,24.341,9.871,224.55,SSP3-7.0
2026-11-29,0.0,20.938,25.503,9.094,245.1,SSP3-7.0
2026-11-30,0.0,21.37,27.985,8.01,241.41,SSP3-7.0
2026-12-01,0.0,23.77,34.943,7.764,202.47,SSP3-7.0
2026-12-02,0.0,24.499,33.796,9.556,216.43,SSP3-7.0
2026-12-03,0.0,24.113,37.024,7.588,216.71,SSP3-7.0
2026-12-04,0.0,24.107,36.429,7.237,226.32,SSP3-7.0
2026-12-05,0.0,23.382,46.108,6.473,185.77,SSP3-7.0
2026-12-06,0.0,23.201,44.929,6.18,191.09,SSP3-7.0
2026-12-07,0.0,23.182,39.384,6.524,212.22,SSP3-7.0
2026-12-08,0.0,21.582,47.316,4.625,180.32,SSP3-7.0
2026-12-09,0.0,21.118,43.944,8.179,182.86,SSP3-7.0
2026-12-10,0.0,21.49,28.583,9.999,237.31,SSP3-7.0
2026-12-11,0.0,21.085,26.515,9.305,237.93,SSP3-7.0
2026-12-12,0.0,20.698,25.328,7.877,240.15,SSP3-7.0
2026-12-13,0.0,20.825,26.357,5.639,240.43,SSP3-7.0
2026-12-14,0.0,21.475,28.032,4.598,238.9,SSP3-7.0
2026-12-15,0.0,22.145,28.319,5.073,238.02,SSP3-7.0
2026-12-16,0.0,22.619,33.083,8.325,232.59,SSP3-7.0
2026-12-17,0.0,23.357,38.296,10.999,235.03,SSP3-7.0
2026-12-18,0.0,23.112,36.56,10.761,235.68,SSP3-7.0
2026-12-19,0.0,22.819,36.637,9.821,232.18,SSP3-7.0
2026-12-20,0.0,22.631,36.511,8.825,228.95,SSP3-7.0
2026-12-21,0.0,22.526,35.399,7.953,234.97,SSP3-7.0
2026-12-22,0.0,22.706,35.24,6.715,226.47,SSP3-7.0
2026-12-23,0.0,23.164,34.802,7.959,233.34,SSP3-7.0
2026-12-24,0.0,23.227,35.56,7.225,227.07,SSP3-7.0
2026-12-25,0.0,22.776,33.76,6.736,213.06,SSP3-7.0
2026-12-26,0.0,22.332,28.954,6.942,208.66,SSP3-7.0
2026-12-27,0.0,21.97,29.768,8.22,221.21,SSP3-7.0
2026-12-28,0.0,21.966,38.093,7.929,232.3,SSP3-7.0
2026-12-29,0.0,22.826,36.395,8.248,227.58,SSP3-7.0
2026-12-30,0.0,23.518,39.152,9.541,211.85,SSP3-7.0
2026-12-31,0.0,23.092,37.123,10.556,218.25,SSP3-7.0
2027-01-01,0.0,22.2,29.041,10.45,234.73,SSP3-7.0
2027-01-02,0.0,21.52,27.118,9.161,210.39,SSP3-7.0
2027-01-03,0.0,20.161,26.957,7.85,199.57,SSP3-7.0
2027-01-04,0.0,19.714,25.551,9.702,207.17,SSP3-7.0
2027-01-05,0.0,19.293,24.946,9.044,202.7,SSP3-7.0
2027-01-06,0.0,19.332,25.699,7.149,199.9,SSP3-7.0
2027-01-07,0.0,19.464,25.781,5.201,246.84,SSP3-7.0
2027-01-08,0.0,20.9,29.328,6.9,236.95,SSP3-7.0
2027-01-09,0.0,22.249,33.406,7.876,230.31,SSP3-7.0
2027-01-10,0.0,23.188,36.667,8.091,236.19,SSP3-7.0
2027-01-11,0.0,24.167,40.921,9.998,203.12,SSP3-7.0
2027-01-12,0.0,24.059,40.397,11.138,207.66,SSP3-7.0
2027-01-13,0.0,23.959,38.914,11.305,192.2,SSP3-7.0
2027-01-14,0.0,21.976,48.159,9.518,135.4,SSP3-7.0
2027-01-15,0.0,24.868,45.542,10.21,199.63,SSP3-7.0
2027-01-16,0.0,25.14,40.978,8.091,235.79,SSP3-7.0
2027-01-17,0.0,24.863,37.324,9.568,236.28,SSP3-7.0
2027-01-18,0.0,24.245,43.331,15.0,201.67,SSP3-7.0
2027-01-19,0.0,25.499,41.697,14.543,212.78,SSP3-7.0
2027-01-20,0.0,25.999,42.959,11.437,226.33,SSP3-7.0
2027-01-21,0.0,23.499,52.747,12.18,204.0,SSP3-7.0
2027-01-22,0.0,23.765,53.009,8.341,177.97,SSP3-7.0
2027-01-23,0.0,22.274,61.944,8.171,162.5,SSP3-7.0
2027-01-24,0.0,21.616,76.552,9.078,157.16,SSP3-7.0
2027-01-25,0.0,21.728,73.073,8.416,162.83,SSP3-7.0
2027-01-26,0.0,24.525,49.346,6.717,218.84,SSP3-7.0
2027-01-27,0.0,24.793,49.11,9.11,225.81,SSP3-7.0
2027-01-28,0.0,23.663,60.638,13.29,192.88,SSP3-7.0
2027-01-29,0.0,24.105,56.705,13.846,193.16,SSP3-7.0
2027-01-30,0.0,24.249,55.599,14.179,208.63,SSP3-7.0
2027-01-31,0.0,25.408,51.154,12.556,234.54,SSP3-7.0
2027-02-01,0.0,25.452,49.243,12.953,216.89,SSP3-7.0
2027-02-02,0.0,22.498,64.819,6.887,168.91,SSP3-7.0
2027-02-03,0.0,25.635,47.332,8.913,229.99,SSP3-7.0
2027-02-04,0.0,26.344,40.261,10.947,242.05,SSP3-7.0
2027-02-05,0.0,22.501,60.938,9.407,152.69,SSP3-7.0
2027-02-06,0.0,25.081,42.469,7.997,237.8,SSP3-7.0
2027-02-07,0.0,25.713,34.799,5.125,241.98,SSP3-7.0
2027-02-08,0.0,26.678,30.813,7.533,247.29,SSP3-7.0
2027-02-09,0.0,26.193,28.809,7.641,237.29,SSP3-7.0
2027-02-10,0.0,25.93,26.985,7.34,256.6,SSP3-7.0
2027-02-11,0.0,25.921,26.069,8.909,273.48,SSP3-7.0
2027-02-12,0.0,26.198,28.076,12.293,273.06,SSP3-7.0
2027-02-13,0.0003,27.032,31.727,11.049,260.28,SSP3-7.0
2027-02-14,0.0012,26.907,34.074,9.909,242.55,SSP3-7.0
2027-02-15,0.0,26.798,31.087,10.237,267.93,SSP3-7.0
2027-02-16,0.0,26.696,30.07,10.65,276.63,SSP3-7.0
2027-02-17,0.0,26.767,29.141,10.444,278.03,SSP3-7.0
2027-02-18,0.0,26.695,24.886,9.138,278.49,SSP3-7.0
2027-02-19,0.0,27.02,22.938,10.839,265.95,SSP3-7.0
2027-02-20,0.0,27.647,22.588,11.129,248.0,SSP3-7.0
2027-02-21,0.0,27.553,23.915,10.914,242.07,SSP3-7.0
2027-02-22,0.0,27.645,25.983,9.447,231.02,SSP3-7.0
2027-02-23,0.0,27.915,26.259,8.367,233.35,SSP3-7.0
2027-02-24,0.0,27.864,26.717,12.025,230.31,SSP3-7.0
2027-02-25,0.0,28.022,29.986,12.907,227.51,SSP3-7.0
2027-02-26,0.0,27.272,37.58,8.715,196.38,SSP3-7.0
2027-02-27,0.0,27.457,28.237,6.807,235.02,SSP3-7.0
2027-02-28,0.0,26.969,24.149,6.669,248.46,SSP3-7.0
2027-03-01,0.0,27.908,26.683,10.634,228.47,SSP3-7.0
2027-03-02,0.0,27.616,27.346,14.439,292.41,SSP3-7.0
2027-03-03,0.0,28.122,25.848,12.704,241.84,SSP3-7.0
2027-03-04,0.0,27.624,24.383,12.87,260.75,SSP3-7.0
2027-03-05,0.0,26.733,23.589,12.213,313.6,SSP3-7.0
2027-03-06,0.0,27.655,23.829,10.358,297.33,SSP3-7.0
2027-03-07,0.0,29.592,26.758,12.225,277.04,SSP3-7.0
2027-03-08,0.0124,28.039,33.467,13.227,226.99,SSP3-7.0
2027-03-09,0.0002,29.179,29.129,10.595,252.01,SSP3-7.0
2027-03-10,0.0001,29.338,26.167,13.647,257.19,SSP3-7.0
2027-03-11,0.0087,29.312,25.375,10.895,278.83,SSP3-7.0
2027-03-12,0.0108,30.297,26.914,6.26,249.94,SSP3-7.0
2027-03-13,0.0,31.016,26.05,5.934,253.77,SSP3-7.0
2027-03-14,0.0049,28.347,31.416,9.894,213.89,SSP3-7.0
2027-03-15,0.0,27.838,33.946,8.527,196.83,SSP3-7.0
2027-03-16,0.0,30.555,25.655,7.507,249.94,SSP3-7.0
2027-03-17,0.0,30.631,21.34,5.454,292.77,SSP3-7.0
2027-03-18,0.0,30.094,18.596,9.462,315.96,SSP3-7.0
2027-03-19,0.0,30.775,15.326,14.198,328.03,SSP3-7.0
2027-03-20,0.0,30.432,16.472,14.581,336.4,SSP3-7.0
2027-03-21,0.0,28.68,13.729,12.207,342.91,SSP3-7.0
2027-03-22,0.0,28.222,15.806,7.554,348.63,SSP3-7.0
2027-03-23,0.0,28.932,22.505,8.808,301.51,SSP3-7.0
2027-03-24,0.0,30.969,22.295,9.257,304.49,SSP3-7.0
2027-03-25,0.0,30.892,20.986,10.177,301.95,SSP3-7.0
2027-03-26,0.0,31.375,22.733,11.432,292.15,SSP3-7.0
2027-03-27,0.0002,31.434,25.594,13.729,268.18,SSP3-7.0
2027-03-28,0.3351,31.037,27.573,11.861,249.31,SSP3-7.0
2027-03-29,0.3996,31.201,26.921,10.188,292.21,SSP3-7.0
2027-03-30,0.0027,30.613,29.158,11.004,254.75,SSP3-7.0
2027-03-31,0.3134,29.994,34.155,9.595,228.6,SSP3-7.0
2027-04-01,0.9282,28.843,44.078,9.891,229.73,SSP3-7.0
2027-04-02,0.0028,30.107,36.375,13.335,290.65,SSP3-7.0
2027-04-03,0.0407,30.393,29.832,11.482,291.27,SSP3-7.0
2027-04-04,0.0,30.996,26.058,11.22,308.93,SSP3-7.0
2027-04-05,0.0,31.309,24.137,10.37,304.97,SSP3-7.0
2027-04-06,2.6643,32.435,25.897,11.674,279.85,SSP3-7.0
2027-04-07,0.1943,28.759,40.085,8.215,198.31,SSP3-7.0
2027-04-08,0.0,30.847,32.022,7.563,236.51,SSP3-7.0
2027-04-09,0.0037,31.846,24.743,7.825,276.09,SSP3-7.0
2027-04-10,0.3639,32.515,26.308,8.658,263.85,SSP3-7.0
2027-04-11,1.0354,29.634,40.792,8.003,211.25,SSP3-7.0
2027-04-12,1.5357,30.513,38.45,6.37,248.43,SSP3-7.0
2027-04-13,42.7392,26.105,63.695,10.45,235.81,SSP3-7.0
2027-04-14,0.1255,30.026,43.884,8.423,285.51,SSP3-7.0
2027-04-15,0.0001,31.322,32.851,7.909,304.58,SSP3-7.0
2027-04-16,0.2031,31.522,33.409,11.015,292.54,SSP3-7.0
2027-04-17,0.0004,31.974,29.791,7.507,298.82,SSP3-7.0
2027-04-18,0.0079,32.373,25.262,8.316,312.45,SSP3-7.0
2027-04-19,0.26,32.603,24.359,9.605,305.26,SSP3-7.0
2027-04-20,0.0,31.014,28.43,10.029,228.68,SSP3-7.0
2027-04-21,0.0,32.102,21.924,10.931,346.6,SSP3-7.0
2027-04-22,0.0,31.692,18.902,9.127,353.26,SSP3-7.0
2027-04-23,0.0,31.251,18.108,5.335,352.68,SSP3-7.0
2027-04-24,0.0,31.729,20.979,9.739,339.99,SSP3-7.0
2027-04-25,0.0373,33.551,23.713,11.148,265.11,SSP3-7.0
2027-04-26,0.0419,32.286,26.861,10.66,223.95,SSP3-7.0
2027-04-27,0.0204,32.842,24.566,8.945,264.76,SSP3-7.0
2027-04-28,0.0,32.358,26.086,7.883,242.42,SSP3-7.0
2027-04-29,0.0,31.394,26.736,9.237,218.05,SSP3-7.0
2027-04-30,0.0148,32.605,24.939,8.011,284.99,SSP3-7.0
2027-05-01,0.0,32.973,27.299,8.247,245.69,SSP3-7.0
2027-05-02,0.0,33.388,25.786,6.847,265.11,SSP3-7.0
2027-05-03,0.0,33.485,23.474,6.359,290.97,SSP3-7.0
2027-05-04,0.0,34.089,22.744,9.223,295.34,SSP3-7.0
2027-05-05,0.0017,33.805,24.547,8.397,255.55,SSP3-7.0
2027-05-06,0.0019,33.34,22.47,8.83,320.41,SSP3-7.0
2027-05-07,0.0592,33.733,25.5,8.344,255.95,SSP3-7.0
2027-05-08,0.0016,33.583,23.112,7.839,302.53,SSP3-7.0
2027-05-09,0.0574,33.827,21.428,8.223,297.86,SSP3-7.0
2027-05-10,0.0,32.354,28.967,13.369,203.76,SSP3-7.0
2027-05-11,0.0,32.988,21.259,11.22,324.27,SSP3-7.0
2027-05-12,0.0,34.443,19.459,12.55,331.38,SSP3-7.0
2027-05-13,0.0,34.02,18.119,13.048,353.45,SSP3-7.0
2027-05-14,0.0,34.473,17.702,13.719,350.88,SSP3-7.0
2027-05-15,0.0,34.763,16.983,12.671,346.03,SSP3-7.0
2027-05-16,0.0,34.973,16.885,12.247,339.04,SSP3-7.0
2027-05-17,0.0033,34.775,19.525,10.922,291.8,SSP3-7.0
2027-05-18,0.0593,32.053,31.954,12.075,233.68,SSP3-7.0
2027-05-19,0.009,31.479,39.959,6.031,218.95,SSP3-7.0
2027-05-20,14.1703,31.76,46.297,6.21,251.87,SSP3-7.0
2027-05-21,5.6513,31.372,46.844,5.332,267.07,SSP3-7.0
2027-05-22,0.1389,33.123,37.138,6.871,298.68,SSP3-7.0
2027-05-23,0.0,33.83,33.572,7.01,296.54,SSP3-7.0
2027-05-24,0.0,33.952,26.623,8.421,321.98,SSP3-7.0
2027-05-25,0.1171,34.739,25.893,10.078,298.93,SSP3-7.0
2027-05-26,0.0,34.692,25.78,12.309,307.93,SSP3-7.0
2027-05-27,0.2212,35.013,23.744,12.411,331.34,SSP3-7.0
2027-05-28,0.0117,34.317,27.032,9.132,278.08,SSP3-7.0
2027-05-29,0.1381,33.5,32.609,9.973,256.25,SSP3-7.0
2027-05-30,2.1448,33.828,37.65,9.332,287.08,SSP3-7.0
2027-05-31,0.0,34.109,32.771,8.592,316.16,SSP3-7.0
2027-06-01,0.0,33.751,26.606,8.561,318.36,SSP3-7.0
2027-06-02,0.1119,32.097,35.851,9.222,251.79,SSP3-7.0
2027-06-03,16.4885,31.135,53.377,10.184,237.91,SSP3-7.0
2027-06-04,0.0,27.637,54.699,11.532,213.89,SSP3-7.0
2027-06-05,0.0291,31.166,41.839,13.932,264.2,SSP3-7.0
2027-06-06,15.9285,29.868,53.122,17.942,263.08,SSP3-7.0
2027-06-07,6.0167,28.623,63.569,19.024,243.89,SSP3-7.0
2027-06-08,4.75,26.567,76.663,15.728,221.67,SSP3-7.0
2027-06-09,19.4028,25.541,87.383,6.996,198.03,SSP3-7.0
2027-06-10,4.0844,26.404,85.966,6.06,216.71,SSP3-7.0
2027-06-11,1.5355,26.001,85.9,7.42,215.9,SSP3-7.0
2027-06-12,5.6506,26.989,79.553,10.205,240.82,SSP3-7.0
2027-06-13,14.0079,27.796,76.55,13.964,258.47,SSP3-7.0
2027-06-14,0.4367,26.856,75.337,13.566,239.68,SSP3-7.0
2027-06-15,0.0115,28.121,68.406,13.436,281.3,SSP3-7.0
2027-06-16,0.0,28.054,65.599,15.124,280.24,SSP3-7.0
2027-06-17,0.0,28.606,62.041,14.144,299.97,SSP3-7.0
2027-06-18,0.0,28.041,65.891,14.092,290.62,SSP3-7.0
2027-06-19,0.0,27.66,67.446,14.115,255.9,SSP3-7.0
2027-06-20,0.0,28.568,62.342,15.452,288.17,SSP3-7.0
2027-06-21,0.0,29.323,59.559,16.109,301.16,SSP3-7.0
2027-06-22,0.0,29.672,58.474,15.765,301.41,SSP3-7.0
2027-06-23,0.0,29.867,57.105,14.404,305.68,SSP3-7.0
2027-06-24,0.0,29.935,57.152,13.626,287.72,SSP3-7.0
2027-06-25,0.4415,29.215,64.576,12.376,248.58,SSP3-7.0
2027-06-26,4.4565,28.966,67.8,7.775,250.79,SSP3-7.0
2027-06-27,12.4371,28.456,74.587,7.743,243.09,SSP3-7.0
2027-06-28,6.8284,29.069,73.976,7.415,260.25,SSP3-7.0
2027-06-29,17.1977,27.743,81.177,10.326,252.29,SSP3-7.0
2027-06-30,18.8606,25.757,89.353,14.581,177.05,SSP3-7.0
2027-07-01,17.719,25.63,87.213,16.376,211.98,SSP3-7.0
2027-07-02,0.0757,25.8,85.176,15.3,215.94,SSP3-7.0
2027-07-03,3.8697,25.53,87.39,10.728,204.74,SSP3-7.0
2027-07-04,0.0,26.755,78.132,14.935,251.74,SSP3-7.0
2027-07-05,3.0629,26.11,80.261,14.199,229.94,SSP3-7.0
2027-07-06,20.1609,25.267,89.187,12.574,203.32,SSP3-7.0
2027-07-07,34.4059,25.211,93.116,15.054,139.58,SSP3-7.0
2027-07-08,3.0102,25.238,88.177,15.714,199.77,SSP3-7.0
2027-07-09,0.3147,25.648,84.125,11.834,221.6,SSP3-7.0
2027-07-10,0.057,26.602,81.152,13.26,285.92,SSP3-7.0
2027-07-11,15.7275,25.396,88.376,12.281,206.43,SSP3-7.0
2027-07-12,24.5651,25.148,92.485,12.992,187.55,SSP3-7.0
2027-07-13,35.4286,25.271,93.66,14.908,153.35,SSP3-7.0
2027-07-14,27.7714,25.163,93.227,14.172,165.83,SSP3-7.0
2027-07-15,10.1764,25.344,92.742,12.41,181.36,SSP3-7.0
2027-07-16,0.1148,26.552,85.343,15.373,251.21,SSP3-7.0
2027-07-17,13.9151,25.54,89.037,14.991,207.84,SSP3-7.0
2027-07-18,2.6724,25.461,91.655,13.783,184.87,SSP3-7.0
2027-07-19,21.2131,25.429,90.846,13.76,211.89,SSP3-7.0
2027-07-20,4.5713,25.074,91.69,13.476,193.59,SSP3-7.0
2027-07-21,0.0783,25.469,89.764,12.928,217.43,SSP3-7.0
2027-07-22,0.0,26.463,85.198,12.838,252.4,SSP3-7.0
2027-07-23,0.0,26.709,85.488,13.09,241.09,SSP3-7.0
2027-07-24,0.1997,26.99,82.281,16.188,258.83,SSP3-7.0
2027-07-25,0.3815,25.508,88.295,13.635,215.82,SSP3-7.0
2027-07-26,0.0778,26.18,85.395,14.365,261.31,SSP3-7.0
2027-07-27,2.9652,26.772,84.831,12.267,275.5,SSP3-7.0
2027-07-28,19.364,25.038,91.414,13.091,192.58,SSP3-7.0
2027-07-29,1.4795,24.944,92.146,11.377,196.43,SSP3-7.0
2027-07-30,0.2918,25.547,89.655,10.141,222.38,SSP3-7.0
2027-07-31,0.1406,25.787,89.168,7.312,233.79,SSP3-7.0
2027-08-01,1.6323,27.237,88.936,5.85,269.68,SSP3-7.0
2027-08-02,2.439,26.941,90.605,5.329,220.96,SSP3-7.0
2027-08-03,3.5563,27.397,87.241,7.435,261.79,SSP3-7.0
2027-08-04,3.8301,27.474,89.06,4.782,236.57,SSP3-7.0
2027-08-05,22.9989,26.94,91.571,5.518,217.16,SSP3-7.0
2027-08-06,17.9231,26.704,92.051,7.15,219.23,SSP3-7.0
2027-08-07,17.5461,26.829,91.715,7.022,229.05,SSP3-7.0
2027-08-08,18.3747,26.735,92.739,4.302,223.61,SSP3-7.0
2027-08-09,17.6399,26.614,92.562,4.167,219.33,SSP3-7.0
2027-08-10,9.4667,26.888,90.894,5.022,220.88,SSP3-7.0
2027-08-11,19.246,26.886,90.535,8.459,224.75,SSP3-7.0
2027-08-12,2.5351,26.821,89.673,10.564,226.09,SSP3-7.0
2027-08-13,5.3692,26.852,90.366,10.479,218.93,SSP3-7.0
2027-08-14,3.6416,26.926,88.385,12.328,227.16,SSP3-7.0
2027-08-15,0.0225,26.561,91.873,10.447,204.8,SSP3-7.0
2027-08-16,0.012,27.33,86.769,10.754,263.91,SSP3-7.0
2027-08-17,4.2332,27.611,85.925,9.806,244.87,SSP3-7.0
2027-08-18,6.5728,26.907,92.869,8.146,187.68,SSP3-7.0
2027-08-19,0.0094,26.96,87.744,8.578,228.05,SSP3-7.0
2027-08-20,0.0932,27.271,85.34,9.849,270.05,SSP3-7.0
2027-08-21,0.0,27.471,82.368,8.606,264.93,SSP3-7.0
2027-08-22,0.0077,27.757,85.186,6.495,248.9,SSP3-7.0
2027-08-23,0.3906,27.512,86.576,4.2,244.82,SSP3-7.0
2027-08-24,22.04,26.893,91.851,3.427,229.02,SSP3-7.0
2027-08-25,0.656,27.175,89.603,4.227,244.3,SSP3-7.0
2027-08-26,0.0,27.993,84.708,5.161,257.89,SSP3-7.0
2027-08-27,0.0377,28.244,82.892,6.41,258.59,SSP3-7.0
2027-08-28,0.4661,27.618,86.134,4.109,243.36,SSP3-7.0
2027-08-29,0.1207,27.57,86.044,4.769,239.39,SSP3-7.0
2027-08-30,2.8485,27.449,87.292,4.253,245.07,SSP3-7.0
2027-08-31,28.3093,26.884,92.508,3.771,226.06,SSP3-7.0
2027-09-01,8.5791,26.46,91.027,3.04,232.77,SSP3-7.0
2027-09-02,0.0991,26.432,90.645,2.9,227.59,SSP3-7.0
2027-09-03,0.0,27.26,82.976,8.857,261.97,SSP3-7.0
2027-09-04,0.5142,27.102,81.703,12.959,250.92,SSP3-7.0
2027-09-05,5.316,26.844,85.15,13.769,241.17,SSP3-7.0
2027-09-06,9.6044,26.287,91.061,13.25,184.91,SSP3-7.0
2027-09-07,1.9467,26.297,87.987,14.357,211.53,SSP3-7.0
2027-09-08,0.1597,26.507,86.742,13.657,226.62,SSP3-7.0
2027-09-09,25.6144,25.846,92.42,13.128,174.56,SSP3-7.0
2027-09-10,0.0,26.156,88.408,12.162,214.36,SSP3-7.0
2027-09-11,0.0,26.346,86.294,10.51,221.26,SSP3-7.0
2027-09-12,0.0,26.68,82.663,11.858,228.38,SSP3-7.0
2027-09-13,0.0,27.571,80.504,11.499,256.81,SSP3-7.0
2027-09-14,0.0,27.399,80.518,9.389,251.62,SSP3-7.0
2027-09-15,0.0,27.217,83.879,8.929,236.78,SSP3-7.0
2027-09-16,0.0,28.018,79.395,4.544,265.57,SSP3-7.0
2027-09-17,0.0,28.049,80.12,3.401,254.47,SSP3-7.0
2027-09-18,0.0,28.227,80.798,3.264,261.98,SSP3-7.0
2027-09-19,0.0,28.303,79.516,3.842,257.74,SSP3-7.0
2027-09-20,0.0,28.066,78.484,4.502,256.71,SSP3-7.0
2027-09-21,0.0,27.818,77.905,8.183,240.1,SSP3-7.0
2027-09-22,0.0,28.05,78.758,8.086,245.57,SSP3-7.0
2027-09-23,16.5088,27.396,83.368,7.078,239.83,SSP3-7.0
2027-09-24,17.7179,26.18,91.504,8.299,200.95,SSP3-7.0
2027-09-25,11.8839,26.118,90.874,6.705,211.93,SSP3-7.0
2027-09-26,5.4909,26.25,89.355,3.994,227.41,SSP3-7.0
2027-09-27,0.0,26.984,80.882,3.955,261.42,SSP3-7.0
2027-09-28,0.0,27.014,82.079,4.49,247.56,SSP3-7.0
2027-09-29,0.0,27.196,81.544,5.556,245.93,SSP3-7.0
2027-09-30,0.0,26.674,83.825,5.281,230.74,SSP3-7.0
2027-10-01,7.3531,25.415,88.899,4.932,224.22,SSP3-7.0
2027-10-02,5.1304,25.348,89.534,5.723,216.99,SSP3-7.0
2027-10-03,0.0109,25.429,88.305,4.435,220.79,SSP3-7.0
2027-10-04,0.0,26.024,80.428,2.701,240.12,SSP3-7.0
2027-10-05,0.0,26.511,77.903,3.213,234.2,SSP3-7.0
2027-10-06,0.0,25.924,85.522,6.277,215.27,SSP3-7.0
2027-10-07,0.278,26.215,83.449,7.42,219.93,SSP3-7.0
2027-10-08,4.5173,25.762,83.369,6.832,219.08,SSP3-7.0
2027-10-09,0.1147,26.785,73.803,7.123,261.66,SSP3-7.0
2027-10-10,13.6144,28.03,78.094,7.783,233.17,SSP3-7.0
2027-10-11,33.0325,25.0,91.204,6.04,196.16,SSP3-7.0
2027-10-12,42.0879,25.013,92.958,7.606,177.13,SSP3-7.0
2027-10-13,25.0097,25.026,90.055,9.777,193.55,SSP3-7.0
2027-10-14,16.6429,24.891,91.192,9.322,181.71,SSP3-7.0
2027-10-15,0.2181,25.231,86.476,8.536,212.13,SSP3-7.0
2027-10-16,5.5653,25.523,85.881,8.061,231.11,SSP3-7.0
2027-10-17,30.135,24.63,91.561,6.371,186.54,SSP3-7.0
2027-10-18,26.9613,24.447,92.584,4.968,187.35,SSP3-7.0
2027-10-19,3.9521,24.299,91.674,3.417,177.77,SSP3-7.0
2027-10-20,4.5912,24.45,89.951,5.27,192.61,SSP3-7.0
2027-10-21,1.8369,24.682,87.046,6.175,201.51,SSP3-7.0
2027-10-22,0.0128,25.209,83.679,4.678,239.0,SSP3-7.0
2027-10-23,0.0,25.35,78.636,3.741,219.41,SSP3-7.0
2027-10-24,0.0,25.958,73.032,3.576,223.78,SSP3-7.0
2027-10-25,0.0,26.241,71.731,5.698,240.81,SSP3-7.0
2027-10-26,0.0,25.451,70.205,5.538,239.43,SSP3-7.0
2027-10-27,0.0,25.231,70.794,6.544,248.84,SSP3-7.0
2027-10-28,0.0,25.241,67.592,5.767,252.28,SSP3-7.0
2027-10-29,0.0,25.056,67.94,5.995,241.35,SSP3-7.0
2027-10-30,0.0,24.775,66.595,6.794,236.27,SSP3-7.0
2027-10-31,0.0,23.918,80.527,5.305,197.24,SSP3-7.0
2027-11-01,0.0,23.425,76.219,6.355,190.38,SSP3-7.0
2027-11-02,0.0,23.575,65.367,8.863,208.23,SSP3-7.0
2027-11-03,0.0,23.937,56.147,9.262,251.08,SSP3-7.0
2027-11-04,0.0,24.045,51.382,12.003,246.13,SSP3-7.0
2027-11-05,3.9512,23.532,72.486,11.162,185.38,SSP3-7.0
2027-11-06,1.456,22.672,78.948,14.136,152.19,SSP3-7.0
2027-11-07,0.0,23.434,63.731,12.767,196.43,SSP3-7.0
2027-11-08,0.0,24.193,61.326,9.303,249.47,SSP3-7.0
2027-11-09,0.0,24.022,61.02,8.786,248.19,SSP3-7.0
2027-11-10,0.0,23.64,56.715,7.623,249.58,SSP3-7.0
2027-11-11,0.0,22.907,50.587,8.108,255.69,SSP3-7.0
2027-11-12,0.0,22.147,42.619,8.983,256.98,SSP3-7.0
2027-11-13,0.0,21.778,47.626,9.861,251.09,SSP3-7.0
2027-11-14,0.0,22.153,42.339,10.973,253.13,SSP3-7.0
2027-11-15,0.0,21.981,47.857,9.314,231.13,SSP3-7.0
2027-11-16,0.0,22.133,46.177,9.349,250.01,SSP3-7.0
2027-11-17,0.0,22.299,63.941,9.828,193.52,SSP3-7.0
2027-11-18,0.0,23.095,54.018,13.361,212.63,SSP3-7.0
2027-11-19,0.0,22.592,48.957,11.492,242.21,SSP3-7.0
2027-11-20,0.0,22.351,45.872,12.024,218.36,SSP3-7.0
2027-11-21,0.0,21.658,54.111,11.289,189.83,SSP3-7.0
2027-11-22,0.0,22.394,49.423,11.539,239.16,SSP3-7.0
2027-11-23,0.0,22.455,39.27,12.175,252.05,SSP3-7.0
2027-11-24,0.0,22.215,41.563,15.762,216.61,SSP3-7.0
2027-11-25,0.0,24.134,50.256,15.06,228.5,SSP3-7.0
2027-11-26,0.0,23.919,52.427,13.236,240.14,SSP3-7.0
2027-11-27,0.0,23.652,59.677,9.423,243.18,SSP3-7.0
2027-11-28,0.0,24.138,59.59,8.065,228.1,SSP3-7.0
2027-11-29,0.0,23.813,68.393,8.424,214.53,SSP3-7.0
2027-11-30,0.0,23.601,75.023,7.654,172.58,SSP3-7.0
2027-12-01,0.0,23.489,74.98,8.382,176.23,SSP3-7.0
2027-12-02,0.0007,24.417,65.303,8.758,194.34,SSP3-7.0
2027-12-03,0.0,23.132,71.963,7.102,172.65,SSP3-7.0
2027-12-04,0.0,23.926,59.819,8.048,201.59,SSP3-7.0
2027-12-05,0.0,23.605,51.931,8.529,227.67,SSP3-7.0
2027-12-06,0.0,23.153,49.102,9.263,217.61,SSP3-7.0
2027-12-07,0.0,21.737,49.96,9.507,210.48,SSP3-7.0
2027-12-08,0.0,21.74,46.203,8.18,231.07,SSP3-7.0
2027-12-09,0.0,22.15,47.841,5.68,231.73,SSP3-7.0
2027-12-10,0.0,22.307,48.362,8.799,226.47,SSP3-7.0
2027-12-11,0.0,21.944,37.673,12.855,224.19,SSP3-7.0
2027-12-12,0.0,19.48,27.597,13.272,232.26,SSP3-7.0
2027-12-13,0.0,18.865,29.996,9.984,250.45,SSP3-7.0
2027-12-14,0.0,18.34,28.653,9.197,250.61,SSP3-7.0
2027-12-15,0.0,18.788,30.243,10.247,246.66,SSP3-7.0
2027-12-16,0.0,18.646,31.144,10.198,248.57,SSP3-7.0
2027-12-17,0.0,19.251,34.504,11.031,234.95,SSP3-7.0
2027-12-18,0.0,19.904,33.93,11.508,231.8,SSP3-7.0
2027-12-19,0.0,20.786,35.163,12.014,241.28,SSP3-7.0
2027-12-20,0.0,20.675,35.734,10.053,248.14,SSP3-7.0
2027-12-21,0.0,20.465,38.398,9.471,245.74,SSP3-7.0
2027-12-22,0.0,20.708,40.514,8.586,239.72,SSP3-7.0
2027-12-23,0.0,20.932,44.193,6.367,244.93,SSP3-7.0
2027-12-24,0.0,21.181,46.359,6.641,242.88,SSP3-7.0
2027-12-25,0.0,21.279,43.122,7.329,242.33,SSP3-7.0
2027-12-26,0.0,21.223,37.164,8.093,242.62,SSP3-7.0
2027-12-27,0.0,20.882,38.198,9.034,239.13,SSP3-7.0
2027-12-28,0.0,21.014,46.707,9.84,240.34,SSP3-7.0
2027-12-29,0.0,21.179,40.924,11.098,238.5,SSP3-7.0
2027-12-30,0.0,21.033,46.034,8.426,239.99,SSP3-7.0
2027-12-31,0.0,21.593,49.298,7.775,230.58,SSP3-7.0
2028-01-01,0.0,21.8,46.514,9.473,231.59,SSP3-7.0
2028-01-02,0.0,21.454,40.999,10.154,242.9,SSP3-7.0
2028-01-03,0.0,21.097,43.303,9.143,241.55,SSP3-7.0
2028-01-04,0.0,21.045,44.772,9.005,239.93,SSP3-7.0
2028-01-05,0.0,20.992,39.935,10.777,237.27,SSP3-7.0
2028-01-06,0.0,20.697,36.124,11.182,244.58,SSP3-7.0
2028-01-07,0.0,20.746,38.452,10.565,244.15,SSP3-7.0
2028-01-08,0.0,20.715,39.913,9.88,244.04,SSP3-7.0
2028-01-09,0.0,21.066,42.386,9.925,238.82,SSP3-7.0
2028-01-10,0.0,21.025,42.343,9.629,232.96,SSP3-7.0
2028-01-11,0.0,20.708,41.017,9.381,238.17,SSP3-7.0
2028-01-12,0.0,20.499,39.62,9.689,236.13,SSP3-7.0
2028-01-13,0.0,20.606,38.618,10.865,248.96,SSP3-7.0
2028-01-14,0.0,20.501,38.697,8.398,251.97,SSP3-7.0
2028-01-15,0.0,20.416,39.241,7.597,252.49,SSP3-7.0
2028-01-16,0.0,21.151,43.117,6.503,246.66,SSP3-7.0
2028-01-17,0.0,21.94,44.209,8.141,240.08,SSP3-7.0
2028-01-18,0.0,21.777,41.753,9.321,246.03,SSP3-7.0
2028-01-19,0.0,21.921,40.165,10.14,248.45,SSP3-7.0
2028-01-20,0.0,21.761,42.557,7.891,243.44,SSP3-7.0
2028-01-21,0.0,21.894,41.283,8.556,243.77,SSP3-7.0
2028-01-22,0.0,21.525,40.865,7.833,250.26,SSP3-7.0
2028-01-23,0.0,22.588,48.114,8.346,243.59,SSP3-7.0
2028-01-24,0.0,23.804,51.546,7.531,228.62,SSP3-7.0
2028-01-25,0.0,24.449,45.97,7.743,238.7,SSP3-7.0
2028-01-26,0.0,24.198,46.4,7.477,237.18,SSP3-7.0
2028-01-27,0.0,24.119,45.304,9.299,218.08,SSP3-7.0
2028-01-28,0.0,22.251,51.388,8.551,194.52,SSP3-7.0
2028-01-29,0.0,23.36,47.149,8.513,221.9,SSP3-7.0
2028-01-30,0.0,22.936,32.765,11.97,261.64,SSP3-7.0
2028-01-31,0.0,22.277,28.51,11.383,274.4,SSP3-7.0
2028-02-01,0.0,21.816,35.991,9.683,273.29,SSP3-7.0
2028-02-02,0.0,21.985,37.995,7.737,271.93,SSP3-7.0
2028-02-03,0.0,21.559,33.9,7.638,277.89,SSP3-7.0
2028-02-04,0.0,22.143,32.833,6.161,277.3,SSP3-7.0
2028-02-05,0.0,23.028,32.494,4.983,274.17,SSP3-7.0
2028-02-06,0.0,23.36,34.264,6.99,270.31,SSP3-7.0
2028-02-07,0.0,24.012,36.031,10.053,259.97,SSP3-7.0
2028-02-08,0.0,24.757,34.722,11.902,275.42,SSP3-7.0
2028-02-09,0.0,24.769,39.791,9.575,274.76,SSP3-7.0
2028-02-10,0.0,24.712,35.573,10.84,276.75,SSP3-7.0
2028-02-11,0.0,24.722,36.025,10.072,279.08,SSP3-7.0
2028-02-12,0.0,25.342,37.738,9.285,278.91,SSP3-7.0
2028-02-13,0.0,24.801,31.668,10.285,268.88,SSP3-7.0
2028-02-14,0.0,24.455,30.332,9.147,287.29,SSP3-7.0
2028-02-15,0.0,24.221,29.912,8.051,284.85,SSP3-7.0
2028-02-16,0.0,24.246,31.573,5.319,281.08,SSP3-7.0
2028-02-17,0.0,24.892,33.336,7.179,280.81,SSP3-7.0
2028-02-18,0.0,25.538,32.762,6.525,271.9,SSP3-7.0
2028-02-19,0.0,25.629,34.279,8.161,276.29,SSP3-7.0
2028-02-20,0.0,25.622,32.428,8.861,280.17,SSP3-7.0
2028-02-21,0.0,25.436,32.149,9.074,279.41,SSP3-7.0
2028-02-22,0.0,25.412,33.919,9.525,273.83,SSP3-7.0
2028-02-23,0.0,24.817,33.959,10.548,233.15,SSP3-7.0
2028-02-24,0.0,24.348,32.798,9.759,232.36,SSP3-7.0
2028-02-25,0.0,24.426,30.959,8.644,278.69,SSP3-7.0
2028-02-26,0.0,25.208,32.251,7.741,294.9,SSP3-7.0
2028-02-27,0.0,26.081,33.442,8.425,288.82,SSP3-7.0
2028-02-28,0.0,26.249,33.201,8.365,282.33,SSP3-7.0
2028-02-29,0.0,26.533,29.632,10.11,280.69,SSP3-7.0
2028-03-01,0.0,27.178,28.577,10.053,288.06,SSP3-7.0
2028-03-02,0.0,27.111,26.925,9.442,291.85,SSP3-7.0
2028-03-03,0.0,26.873,28.824,9.137,288.36,SSP3-7.0
2028-03-04,0.0,27.71,29.495,7.53,289.12,SSP3-7.0
2028-03-05,0.0,28.004,30.402,5.074,270.5,SSP3-7.0
2028-03-06,0.0,28.043,27.284,8.253,283.24,SSP3-7.0
2028-03-07,0.0,27.852,24.751,5.803,312.74,SSP3-7.0
2028-03-08,0.0,27.382,24.077,12.141,302.33,SSP3-7.0
2028-03-09,0.0,27.261,23.562,9.886,316.84,SSP3-7.0
2028-03-10,0.0,27.705,25.002,7.326,294.95,SSP3-7.0
2028-03-11,0.0,27.642,26.295,6.866,282.06,SSP3-7.0
2028-03-12,0.0,28.121,26.617,5.876,279.61,SSP3-7.0
2028-03-13,0.0,28.464,24.998,8.345,290.75,SSP3-7.0
2028-03-14,0.0,29.244,24.241,9.715,303.02,SSP3-7.0
2028-03-15,0.0,29.152,25.78,10.235,306.94,SSP3-7.0
2028-03-16,0.0,30.278,29.157,9.563,263.67,SSP3-7.0
2028-03-17,0.0,30.098,31.004,13.951,300.94,SSP3-7.0
2028-03-18,0.0026,30.112,31.264,9.357,292.73,SSP3-7.0
2028-03-19,0.0174,30.15,30.304,9.296,307.16,SSP3-7.0
2028-03-20,0.03,29.38,33.358,7.289,251.0,SSP3-7.0
2028-03-21,0.0,29.596,29.405,6.754,303.26,SSP3-7.0
2028-03-22,0.0,29.727,26.693,6.094,308.46,SSP3-7.0
2028-03-23,0.0,28.821,24.432,5.857,323.08,SSP3-7.0
2028-03-24,0.0,28.598,23.746,6.367,321.24,SSP3-7.0
2028-03-25,0.0,28.481,25.006,7.639,313.08,SSP3-7.0
2028-03-26,0.0,29.631,25.154,7.407,287.05,SSP3-7.0
2028-03-27,0.0,30.993,26.766,6.135,259.29,SSP3-7.0
2028-03-28,0.0007,29.7,30.038,7.434,271.28,SSP3-7.0
2028-03-29,0.0,29.939,26.275,6.393,284.43,SSP3-7.0
2028-03-30,0.0,29.56,23.724,9.844,323.91,SSP3-7.0
2028-03-31,0.0,30.052,21.63,10.894,331.85,SSP3-7.0
2028-04-01,0.0,28.995,20.472,9.837,343.73,SSP3-7.0
2028-04-02,0.0136,29.304,25.78,7.198,330.73,SSP3-7.0
2028-04-03,0.1075,29.968,32.591,7.588,298.74,SSP3-7.0
2028-04-04,0.0439,30.127,30.657,7.408,305.16,SSP3-7.0
2028-04-05,0.2092,28.883,41.919,8.518,233.4,SSP3-7.0
2028-04-06,0.0341,29.872,31.759,7.358,256.16,SSP3-7.0
2028-04-07,0.0,30.132,25.054,10.372,335.9,SSP3-7.0
2028-04-08,0.0,30.354,25.444,7.924,298.65,SSP3-7.0
2028-04-09,0.2594,29.332,42.033,9.842,249.75,SSP3-7.0
2028-04-10,0.0,30.114,33.518,10.412,303.56,SSP3-7.0
2028-04-11,0.0093,30.465,29.034,7.105,302.1,SSP3-7.0
2028-04-12,0.5061,31.021,28.267,4.771,289.92,SSP3-7.0
2028-04-13,0.7625,30.975,31.763,4.337,278.77,SSP3-7.0
2028-04-14,0.0034,28.325,42.545,6.263,223.9,SSP3-7.0
2028-04-15,0.107,30.225,32.021,5.694,276.81,SSP3-7.0
2028-04-16,0.2189,28.385,40.58,6.707,220.95,SSP3-7.0
2028-04-17,1.9137,30.322,38.531,5.208,270.5,SSP3-7.0
2028-04-18,0.7145,30.555,37.908,4.926,281.95,SSP3-7.0
2028-04-19,0.1843,30.856,32.727,5.651,298.45,SSP3-7.0
2028-04-20,0.1576,31.103,28.331,7.954,320.5,SSP3-7.0
2028-04-21,0.2265,31.153,29.413,6.443,305.66,SSP3-7.0
2028-04-22,0.1145,31.378,30.115,5.573,293.66,SSP3-7.0
2028-04-23,0.1751,31.294,28.39,6.628,303.72,SSP3-7.0
2028-04-24,0.0341,31.314,27.958,6.966,284.74,SSP3-7.0
2028-04-25,0.0957,30.985,32.28,6.756,248.39,SSP3-7.0
2028-04-26,3.3914,30.848,37.781,7.059,252.81,SSP3-7.0
2028-04-27,4.9369,30.409,42.184,6.163,270.01,SSP3-7.0
2028-04-28,0.0,31.114,30.605,7.078,307.95,SSP3-7.0
2028-04-29,0.0,31.183,26.032,6.822,326.42,SSP3-7.0
2028-04-30,0.0,30.594,23.735,4.657,352.51,SSP3-7.0
2028-05-01,0.0,31.323,24.755,6.041,338.08,SSP3-7.0
2028-05-02,0.0,32.554,26.528,5.409,297.79,SSP3-7.0
2028-05-03,0.0,32.618,27.648,5.816,292.88,SSP3-7.0
2028-05-04,0.652,31.829,31.471,7.853,272.53,SSP3-7.0
2028-05-05,0.0042,28.857,41.925,7.944,205.45,SSP3-7.0
2028-05-06,0.0,31.696,28.697,6.488,322.14,SSP3-7.0
2028-05-07,0.0,32.553,26.159,6.504,323.61,SSP3-7.0
2028-05-08,0.0,32.074,32.001,6.922,225.51,SSP3-7.0
2028-05-09,0.0,32.051,32.665,7.164,249.35,SSP3-7.0
2028-05-10,0.0,32.479,29.234,9.286,321.97,SSP3-7.0
2028-05-11,0.0,32.764,26.522,9.242,300.37,SSP3-7.0
2028-05-12,0.0,32.972,25.669,7.393,306.94,SSP3-7.0
2028-05-13,0.0,33.499,26.05,5.957,272.98,SSP3-7.0
2028-05-14,0.0047,33.243,24.067,7.735,299.88,SSP3-7.0
2028-05-15,0.2678,33.714,26.375,12.679,298.97,SSP3-7.0
2028-05-16,0.0032,33.616,25.788,12.953,314.81,SSP3-7.0
2028-05-17,0.0,34.02,24.301,12.758,321.68,SSP3-7.0
2028-05-18,0.0,34.348,22.008,12.35,334.0,SSP3-7.0
2028-05-19,0.0,34.349,21.637,11.514,338.92,SSP3-7.0
2028-05-20,0.0337,34.366,23.294,7.593,319.38,SSP3-7.0
2028-05-21,0.0264,33.935,25.693,10.527,320.74,SSP3-7.0
2028-05-22,0.0,33.927,27.735,7.59,303.83,SSP3-7.0
2028-05-23,0.0,33.858,25.01,8.954,272.42,SSP3-7.0
2028-05-24,0.0,33.531,23.873,12.932,315.54,SSP3-7.0
2028-05-25,0.0021,34.16,23.679,8.136,324.87,SSP3-7.0
2028-05-26,7.9507,33.092,41.476,9.726,272.3,SSP3-7.0
2028-05-27,0.0097,32.135,42.647,7.821,277.97,SSP3-7.0
2028-05-28,0.0,33.119,30.973,15.871,327.07,SSP3-7.0
2028-05-29,0.0,33.008,27.467,15.697,338.6,SSP3-7.0
2028-05-30,0.0,33.74,26.293,18.018,321.71,SSP3-7.0
2028-05-31,0.0,31.335,30.421,16.031,248.31,SSP3-7.0
2028-06-01,0.0,33.992,28.717,15.148,290.79,SSP3-7.0
2028-06-02,0.0,34.399,25.653,14.567,313.45,SSP3-7.0
2028-06-03,0.0,34.62,23.988,14.293,329.11,SSP3-7.0
2028-06-04,0.0,34.896,23.62,13.202,322.51,SSP3-7.0
2028-06-05,29.3371,28.454,62.957,9.215,188.94,SSP3-7.0
2028-06-06,2.0447,26.709,71.329,13.822,186.61,SSP3-7.0
2028-06-07,0.0,27.59,62.133,14.108,231.68,SSP3-7.0
2028-06-08,0.0,30.192,47.264,14.406,285.35,SSP3-7.0
2028-06-09,0.0,31.631,43.725,15.376,298.16,SSP3-7.0
2028-06-10,0.0137,32.433,42.599,16.61,324.3,SSP3-7.0
2028-06-11,0.1669,29.996,53.178,14.583,292.16,SSP3-7.0
2028-06-12,0.5982,28.864,60.494,13.498,262.06,SSP3-7.0
2028-06-13,0.2217,28.022,63.71,13.172,247.82,SSP3-7.0
2028-06-14,0.0313,29.294,58.474,15.052,276.83,SSP3-7.0
2028-06-15,0.0,29.486,55.331,16.552,285.84,SSP3-7.0
2028-06-16,0.0,28.977,59.392,16.164,261.8,SSP3-7.0
2028-06-17,0.03,29.403,59.715,14.404,259.45,SSP3-7.0
2028-06-18,1.3294,28.541,62.988,10.251,235.23,SSP3-7.0
2028-06-19,1.444,28.443,70.731,9.12,249.43,SSP3-7.0
2028-06-20,0.1176,26.817,84.472,9.839,199.11,SSP3-7.0
2028-06-21,13.8588,26.538,85.455,13.892,199.69,SSP3-7.0
2028-06-22,20.9936,25.776,89.856,14.442,147.8,SSP3-7.0
2028-06-23,14.243,26.365,85.858,18.086,209.65,SSP3-7.0
2028-06-24,15.8395,27.133,83.388,14.742,240.19,SSP3-7.0
2028-06-25,1.0005,27.309,80.66,12.722,231.73,SSP3-7.0
2028-06-26,28.9181,26.62,85.288,13.071,221.23,SSP3-7.0
2028-06-27,26.827,25.695,90.187,14.339,172.91,SSP3-7.0
2028-06-28,1.8869,27.088,79.241,14.948,243.27,SSP3-7.0
2028-06-29,0.3198,27.037,79.532,12.576,256.28,SSP3-7.0
2028-06-30,1.3784,27.091,81.068,11.35,233.45,SSP3-7.0
2028-07-01,29.0442,26.515,85.011,11.854,231.07,SSP3-7.0
2028-07-02,22.2421,25.693,91.739,11.095,176.59,SSP3-7.0
2028-07-03,2.6466,25.71,87.835,13.271,217.39,SSP3-7.0
2028-07-04,17.4721,25.867,85.886,15.899,221.47,SSP3-7.0
2028-07-05,6.6667,25.777,86.919,13.587,216.46,SSP3-7.0
2028-07-06,0.0379,26.887,81.666,11.468,253.65,SSP3-7.0
2028-07-07,0.3506,27.421,82.475,9.949,271.64,SSP3-7.0
2028-07-08,0.0,26.9,82.369,9.33,253.24,SSP3-7.0
2028-07-09,0.5605,27.403,82.559,6.874,247.33,SSP3-7.0
2028-07-10,0.6643,26.956,85.91,4.933,226.87,SSP3-7.0
2028-07-11,0.0,27.257,79.936,9.33,251.02,SSP3-7.0
2028-07-12,0.0,28.159,75.747,10.017,280.77,SSP3-7.0
2028-07-13,0.0,27.17,79.616,8.952,234.27,SSP3-7.0
2028-07-14,0.2039,26.92,82.644,7.566,233.49,SSP3-7.0
2028-07-15,10.2242,26.758,86.759,4.932,234.03,SSP3-7.0
2028-07-16,20.364,26.188,91.579,3.912,223.48,SSP3-7.0
2028-07-17,16.5292,25.978,92.181,3.635,216.07,SSP3-7.0
2028-07-18,12.7131,26.227,90.783,4.325,229.94,SSP3-7.0
2028-07-19,8.612,26.631,89.913,3.632,242.17,SSP3-7.0
2028-07-20,2.1298,27.169,87.631,5.334,250.04,SSP3-7.0
2028-07-21,2.7449,26.413,89.788,4.753,230.68,SSP3-7.0
2028-07-22,0.679,26.821,87.245,6.611,228.32,SSP3-7.0
2028-07-23,0.0,26.24,89.121,6.561,225.33,SSP3-7.0
2028-07-24,0.2709,27.058,83.25,7.887,281.52,SSP3-7.0
2028-07-25,3.8993,27.414,84.553,9.254,258.02,SSP3-7.0
2028-07-26,4.0289,26.245,87.961,9.081,236.06,SSP3-7.0
2028-07-27,4.3407,26.655,87.617,8.429,242.87,SSP3-7.0
2028-07-28,2.9978,26.511,87.625,11.967,234.69,SSP3-7.0
2028-07-29,7.0714,26.575,85.476,14.939,230.75,SSP3-7.0
2028-07-30,0.1225,26.612,82.743,16.066,235.41,SSP3-7.0
2028-07-31,1.243,26.646,83.294,15.973,242.35,SSP3-7.0
2028-08-01,0.1925,26.812,84.853,12.918,236.93,SSP3-7.0
2028-08-02,0.4621,26.23,88.652,12.541,213.65,SSP3-7.0
2028-08-03,4.5369,26.348,88.43,12.169,227.91,SSP3-7.0
2028-08-04,0.5219,25.93,90.815,10.682,199.23,SSP3-7.0
2028-08-05,1.5405,26.243,88.318,12.975,217.83,SSP3-7.0
2028-08-06,2.6071,26.439,86.19,14.963,226.64,SSP3-7.0
2028-08-07,0.6773,26.058,88.454,13.186,213.18,SSP3-7.0
2028-08-08,0.0093,26.602,82.699,13.019,252.13,SSP3-7.0
2028-08-09,0.0,26.719,82.067,12.983,273.05,SSP3-7.0
2028-08-10,0.0,26.777,83.771,11.219,238.39,SSP3-7.0
2028-08-11,0.3917,26.487,83.436,12.626,221.53,SSP3-7.0
2028-08-12,10.1426,26.266,87.029,13.792,224.89,SSP3-7.0
2028-08-13,10.767,25.83,89.66,14.676,186.9,SSP3-7.0
2028-08-14,0.353,26.08,87.713,12.843,216.46,SSP3-7.0
2028-08-15,6.651,26.146,89.332,10.84,214.91,SSP3-7.0
2028-08-16,0.5019,25.872,90.441,11.444,197.71,SSP3-7.0
2028-08-17,0.1132,26.286,87.258,9.883,225.29,SSP3-7.0
2028-08-18,0.0,26.821,82.783,10.221,239.99,SSP3-7.0
2028-08-19,0.0,27.065,82.281,8.816,261.1,SSP3-7.0
2028-08-20,0.0,27.166,82.798,6.298,249.99,SSP3-7.0
2028-08-21,7.7795,27.081,86.706,5.307,233.57,SSP3-7.0
2028-08-22,18.7753,26.848,88.128,4.696,233.61,SSP3-7.0
2028-08-23,9.6091,26.412,90.983,4.117,222.72,SSP3-7.0
2028-08-24,0.407,27.089,85.124,4.183,253.22,SSP3-7.0
2028-08-25,0.166,27.355,86.058,5.493,257.64,SSP3-7.0
2028-08-26,0.2494,27.067,86.894,6.166,232.92,SSP3-7.0
2028-08-27,8.9807,27.134,86.462,7.255,240.08,SSP3-7.0
2028-08-28,14.101,26.442,91.024,4.637,229.24,SSP3-7.0
2028-08-29,2.3295,26.516,90.899,5.544,222.22,SSP3-7.0
2028-08-30,1.5344,26.234,91.211,7.583,219.84,SSP3-7.0
2028-08-31,0.0,26.709,84.202,8.529,257.9,SSP3-7.0
2028-09-01,0.0,27.338,80.956,8.69,268.74,SSP3-7.0
2028-09-02,0.0,27.586,77.837,8.079,278.37,SSP3-7.0
2028-09-03,0.0,27.637,76.415,5.843,307.95,SSP3-7.0
2028-09-04,0.0,27.531,79.077,4.296,251.56,SSP3-7.0
2028-09-05,0.0,28.053,78.09,3.5,265.54,SSP3-7.0
2028-09-06,1.6692,26.858,89.972,5.263,213.5,SSP3-7.0
2028-09-07,17.6121,26.612,92.601,4.561,214.91,SSP3-7.0
2028-09-08,5.1022,27.07,90.308,2.963,234.64,SSP3-7.0
2028-09-09,28.2188,26.516,93.039,2.813,222.56,SSP3-7.0
2028-09-10,19.4655,26.481,90.692,8.349,210.29,SSP3-7.0
2028-09-11,0.0,27.445,81.47,10.362,247.02,SSP3-7.0
2028-09-12,0.0,27.681,81.629,7.491,258.63,SSP3-7.0
2028-09-13,5.3602,27.3,86.167,3.932,244.54,SSP3-7.0
2028-09-14,17.6893,26.704,90.096,5.02,232.86,SSP3-7.0
2028-09-15,0.3402,27.031,87.304,6.358,232.58,SSP3-7.0
2028-09-16,2.6567,26.885,88.43,4.15,241.73,SSP3-7.0
2028-09-17,3.3627,26.742,90.103,3.581,228.36,SSP3-7.0
2028-09-18,0.1735,26.784,89.246,4.531,230.55,SSP3-7.0
2028-09-19,19.1621,26.476,91.772,4.876,214.17,SSP3-7.0
2028-09-20,28.4145,26.367,92.493,4.755,212.55,SSP3-7.0
2028-09-21,13.2854,26.271,92.174,6.079,206.25,SSP3-7.0
2028-09-22,10.6664,26.495,89.799,4.911,222.33,SSP3-7.0
2028-09-23,8.9377,26.533,90.224,2.89,216.95,SSP3-7.0
2028-09-24,6.8625,26.378,90.653,2.597,222.53,SSP3-7.0
2028-09-25,23.2039,26.028,92.954,3.857,202.53,SSP3-7.0
2028-09-26,1.5334,26.326,90.521,5.58,221.35,SSP3-7.0
2028-09-27,0.0,26.743,86.433,7.271,247.15,SSP3-7.0
2028-09-28,0.0,26.652,85.307,6.52,245.98,SSP3-7.0
2028-09-29,0.0066,26.738,87.686,4.749,239.61,SSP3-7.0
2028-09-30,11.8557,26.167,91.174,4.468,212.91,SSP3-7.0
2028-10-01,6.1541,25.139,90.966,5.855,208.92,SSP3-7.0
2028-10-02,9.2479,25.312,89.328,6.778,223.17,SSP3-7.0
2028-10-03,13.1882,25.139,90.775,5.423,210.55,SSP3-7.0
2028-10-04,0.5422,25.553,88.186,3.277,219.37,SSP3-7.0
2028-10-05,1.1602,25.884,84.674,2.096,223.52,SSP3-7.0
2028-10-06,5.1876,26.448,86.779,4.683,225.28,SSP3-7.0
2028-10-07,8.765,25.666,90.01,4.385,215.09,SSP3-7.0
2028-10-08,16.8872,25.214,90.219,4.557,210.88,SSP3-7.0
2028-10-09,3.3011,25.389,87.546,7.759,218.71,SSP3-7.0
2028-10-10,1.1138,25.531,88.396,6.507,215.04,SSP3-7.0
2028-10-11,0.3832,26.837,85.784,7.432,220.91,SSP3-7.0
2028-10-12,0.9659,27.284,84.441,5.135,218.49,SSP3-7.0
2028-10-13,4.0059,25.96,85.699,4.257,202.36,SSP3-7.0
2028-10-14,0.0,26.029,80.478,5.192,224.15,SSP3-7.0
2028-10-15,0.5869,25.447,83.059,6.077,231.61,SSP3-7.0
2028-10-16,3.44,25.426,84.91,5.98,210.97,SSP3-7.0
2028-10-17,1.0853,25.576,84.925,4.854,211.68,SSP3-7.0
2028-10-18,0.0,24.997,57.603,7.473,239.4,SSP3-7.0
2028-10-19,0.0,24.413,49.212,7.867,267.35,SSP3-7.0
2028-10-20,0.0,24.207,51.319,8.666,278.32,SSP3-7.0
2028-10-21,0.0,25.27,62.13,9.016,244.28,SSP3-7.0
2028-10-22,0.0,26.655,60.831,9.233,247.41,SSP3-7.0
2028-10-23,0.0,25.915,59.673,8.005,225.85,SSP3-7.0
2028-10-24,1.6511,25.799,66.838,3.897,220.56,SSP3-7.0
2028-10-25,0.0058,26.413,67.266,4.24,224.42,SSP3-7.0
2028-10-26,2.1345,25.704,79.289,5.642,193.4,SSP3-7.0
2028-10-27,3.0387,26.343,75.099,7.907,214.05,SSP3-7.0
2028-10-28,0.0,24.789,51.4,10.946,199.1,SSP3-7.0
2028-10-29,0.0,23.297,45.91,10.403,186.02,SSP3-7.0
2028-10-30,12.0253,22.82,84.179,9.928,176.36,SSP3-7.0
2028-10-31,8.3354,23.988,87.944,4.182,171.39,SSP3-7.0
2028-11-01,0.6417,24.87,83.683,6.283,179.98,SSP3-7.0
2028-11-02,0.0041,25.795,76.147,5.332,215.78,SSP3-7.0
2028-11-03,1.8409,25.349,81.822,4.84,209.36,SSP3-7.0
2028-11-04,0.5406,25.386,70.285,6.531,206.11,SSP3-7.0
2028-11-05,0.104,24.788,77.024,7.68,190.05,SSP3-7.0
2028-11-06,0.0,24.125,79.973,9.465,180.32,SSP3-7.0
2028-11-07,4.0873,23.596,65.719,11.725,173.74,SSP3-7.0
2028-11-08,2.9939,22.854,76.187,9.997,171.1,SSP3-7.0
2028-11-09,19.0,22.634,82.033,16.377,117.4,SSP3-7.0
2028-11-10,5.2838,24.113,83.682,13.792,177.01,SSP3-7.0
2028-11-11,0.0,23.202,84.559,8.388,168.7,SSP3-7.0
2028-11-12,14.3539,24.991,78.011,14.314,204.38,SSP3-7.0
2028-11-13,39.4035,22.46,93.295,13.885,97.91,SSP3-7.0
2028-11-14,0.5242,23.498,84.664,10.652,171.4,SSP3-7.0
2028-11-15,0.0031,24.064,81.465,8.401,208.2,SSP3-7.0
2028-11-16,0.0,24.512,70.176,7.363,247.2,SSP3-7.0
2028-11-17,0.0,24.505,70.185,6.47,236.51,SSP3-7.0
2028-11-18,0.1438,25.477,70.096,6.471,222.02,SSP3-7.0
2028-11-19,0.0,25.245,74.762,6.636,201.32,SSP3-7.0
2028-11-20,0.0,24.806,73.559,6.674,201.67,SSP3-7.0
2028-11-21,0.0,24.63,71.994,4.954,198.55,SSP3-7.0
2028-11-22,0.0,23.214,78.422,4.154,169.49,SSP3-7.0
2028-11-23,0.0,23.423,71.29,6.496,184.98,SSP3-7.0
2028-11-24,0.0,23.816,63.365,7.023,202.12,SSP3-7.0
2028-11-25,0.0,24.25,58.534,7.135,207.66,SSP3-7.0
2028-11-26,0.0,24.261,58.188,7.645,210.12,SSP3-7.0
2028-11-27,0.0,23.309,60.269,6.029,184.81,SSP3-7.0
2028-11-28,0.0,22.421,63.429,6.274,183.63,SSP3-7.0
2028-11-29,0.0,23.365,55.474,5.865,211.84,SSP3-7.0
2028-11-30,0.0,22.844,52.221,4.917,217.53,SSP3-7.0
2028-12-01,0.0,22.563,47.078,5.033,226.77,SSP3-7.0
2028-12-02,0.0,22.362,51.619,6.785,230.9,SSP3-7.0
2028-12-03,0.0,22.766,55.317,7.52,213.84,SSP3-7.0
2028-12-04,0.0,22.252,43.165,9.231,233.68,SSP3-7.0
2028-12-05,0.0,21.503,38.7,9.862,229.76,SSP3-7.0
2028-12-06,0.0,21.073,35.032,6.407,224.8,SSP3-7.0
2028-12-07,0.0,21.067,34.297,7.033,235.23,SSP3-7.0
2028-12-08,0.0,21.179,31.965,8.416,234.83,SSP3-7.0
2028-12-09,0.0,20.643,27.547,9.34,243.07,SSP3-7.0
2028-12-10,0.0,20.186,29.688,7.885,241.21,SSP3-7.0
2028-12-11,0.0,20.388,35.609,6.959,228.0,SSP3-7.0
2028-12-12,0.0,20.275,27.147,10.615,243.81,SSP3-7.0
2028-12-13,0.0,19.459,28.639,10.669,229.8,SSP3-7.0
2028-12-14,0.0,19.15,28.669,9.637,248.52,SSP3-7.0
2028-12-15,0.0,19.572,31.843,7.795,243.18,SSP3-7.0
2028-12-16,0.0,20.266,34.264,7.045,243.01,SSP3-7.0
2028-12-17,0.0,20.333,33.481,8.437,244.15,SSP3-7.0
2028-12-18,0.0,20.116,33.327,7.015,245.89,SSP3-7.0
2028-12-19,0.0,20.332,40.632,7.902,238.59,SSP3-7.0
2028-12-20,0.0,20.592,44.164,7.907,234.88,SSP3-7.0
2028-12-21,0.0,21.192,46.554,7.089,212.19,SSP3-7.0
2028-12-22,0.0,21.338,53.012,7.983,181.84,SSP3-7.0
2028-12-23,0.0,23.104,55.057,7.285,224.6,SSP3-7.0
2028-12-24,0.0,24.557,50.954,7.473,229.35,SSP3-7.0
2028-12-25,0.0,23.672,53.831,10.968,218.34,SSP3-7.0
2028-12-26,0.0,23.577,50.156,11.551,233.39,SSP3-7.0
2028-12-27,0.0,23.366,49.76,9.212,230.06,SSP3-7.0
2028-12-28,0.0,23.368,47.944,7.481,235.6,SSP3-7.0
2028-12-29,0.0,23.411,50.376,8.956,229.85,SSP3-7.0
2028-12-30,0.0,23.303,50.034,8.417,231.51,SSP3-7.0
2028-12-31,0.0,23.414,50.149,7.566,227.71,SSP3-7.0
2029-01-01,0.0,23.415,47.881,7.37,223.93,SSP3-7.0
2029-01-02,0.0,23.418,47.27,9.068,226.7,SSP3-7.0
2029-01-03,0.0,22.953,41.594,11.217,236.13,SSP3-7.0
2029-01-04,0.0,21.456,36.938,10.82,231.03,SSP3-7.0
2029-01-05,0.0,21.053,32.092,10.412,250.31,SSP3-7.0
2029-01-06,0.0,20.634,34.697,7.875,245.8,SSP3-7.0
2029-01-07,0.0,20.845,38.802,9.066,243.05,SSP3-7.0
2029-01-08,0.0,21.788,44.425,9.179,239.85,SSP3-7.0
2029-01-09,0.0,22.235,47.713,10.021,239.71,SSP3-7.0
2029-01-10,0.0,22.795,50.459,7.946,228.64,SSP3-7.0
2029-01-11,0.0,23.861,46.086,6.89,228.51,SSP3-7.0
2029-01-12,0.0,23.642,45.417,6.693,236.69,SSP3-7.0
2029-01-13,0.0,23.317,43.55,6.334,241.25,SSP3-7.0
2029-01-14,0.0,23.04,41.787,5.502,238.59,SSP3-7.0
2029-01-15,0.0,22.947,40.03,6.852,234.63,SSP3-7.0
2029-01-16,0.0,22.987,39.018,9.839,243.69,SSP3-7.0
2029-01-17,0.0,22.135,31.211,12.499,225.73,SSP3-7.0
2029-01-18,0.0,21.417,24.964,13.806,252.05,SSP3-7.0
2029-01-19,0.0,21.03,25.769,12.92,261.06,SSP3-7.0
2029-01-20,0.0,20.632,27.252,11.478,260.31,SSP3-7.0
2029-01-21,0.0,20.814,24.697,12.493,260.42,SSP3-7.0
2029-01-22,0.0,20.122,26.075,10.403,269.61,SSP3-7.0
2029-01-23,0.0,21.004,32.059,4.695,235.69,SSP3-7.0
2029-01-24,0.0,21.34,32.447,6.142,260.37,SSP3-7.0
2029-01-25,0.0,21.432,31.203,8.215,262.18,SSP3-7.0
2029-01-26,0.0,22.525,32.61,10.481,250.27,SSP3-7.0
2029-01-27,0.0,22.297,28.064,12.002,251.92,SSP3-7.0
2029-01-28,0.0,22.442,31.685,11.709,234.68,SSP3-7.0
2029-01-29,0.0,21.761,28.917,14.435,244.29,SSP3-7.0
2029-01-30,0.0,21.411,22.215,15.169,279.17,SSP3-7.0
2029-01-31,0.0,20.474,21.069,14.074,280.16,SSP3-7.0
2029-02-01,0.0,20.012,22.2,10.972,283.2,SSP3-7.0
2029-02-02,0.0,19.801,22.755,12.255,281.41,SSP3-7.0
2029-02-03,0.0,20.589,21.661,13.268,290.14,SSP3-7.0
2029-02-04,0.0,20.21,24.769,8.558,290.48,SSP3-7.0
2029-02-05,0.0,21.231,26.123,4.855,270.05,SSP3-7.0
2029-02-06,0.0,21.857,27.162,8.867,283.67,SSP3-7.0
2029-02-07,0.0,22.943,28.065,7.986,283.82,SSP3-7.0
2029-02-08,0.0,23.124,33.793,8.176,277.88,SSP3-7.0
2029-02-09,0.0,23.947,35.386,10.512,275.2,SSP3-7.0
2029-02-10,0.0,24.677,35.216,10.032,278.42,SSP3-7.0
2029-02-11,0.0,25.334,40.251,6.554,243.43,SSP3-7.0
2029-02-12,0.0,25.368,36.242,9.822,268.16,SSP3-7.0
2029-02-13,0.0,24.279,27.404,12.359,283.07,SSP3-7.0
2029-02-14,0.0,23.784,26.744,6.964,289.12,SSP3-7.0
2029-02-15,0.0,24.577,32.255,7.866,280.09,SSP3-7.0
2029-02-16,0.0,24.846,30.354,10.462,280.09,SSP3-7.0
2029-02-17,0.0,24.749,31.797,8.636,280.08,SSP3-7.0
2029-02-18,0.0,25.095,29.993,7.224,278.83,SSP3-7.0
2029-02-19,0.0,25.004,28.539,8.961,284.33,SSP3-7.0
2029-02-20,0.0,25.318,26.388,9.726,291.92,SSP3-7.0
2029-02-21,0.0,24.818,26.266,5.316,293.14,SSP3-7.0
2029-02-22,0.0,25.396,27.241,5.797,293.4,SSP3-7.0
2029-02-23,0.0,25.543,25.95,6.473,294.05,SSP3-7.0
2029-02-24,0.0,25.197,24.071,4.659,296.92,SSP3-7.0
2029-02-25,0.0,24.917,22.613,5.534,303.74,SSP3-7.0
2029-02-26,0.0,25.519,24.039,7.837,295.12,SSP3-7.0
2029-02-27,0.0,26.412,28.088,9.635,279.75,SSP3-7.0
2029-02-28,0.0,27.528,32.091,7.967,215.02,SSP3-7.0
2029-03-01,0.0,24.709,36.603,7.936,192.63,SSP3-7.0
2029-03-02,0.0,25.924,27.496,7.237,290.66,SSP3-7.0
2029-03-03,0.0,26.323,25.521,7.339,288.41,SSP3-7.0
2029-03-04,0.0,26.562,25.122,8.194,301.08,SSP3-7.0
2029-03-05,0.0,26.957,24.246,7.674,300.34,SSP3-7.0
2029-03-06,0.0,26.836,23.335,4.804,287.65,SSP3-7.0
2029-03-07,0.0,27.235,23.955,6.338,277.88,SSP3-7.0
2029-03-08,0.0,27.274,25.277,8.336,290.08,SSP3-7.0
2029-03-09,0.0,28.194,25.185,11.343,285.16,SSP3-7.0
2029-03-10,0.0,28.328,26.061,9.325,277.68,SSP3-7.0
2029-03-11,0.0,28.512,26.777,3.658,247.37,SSP3-7.0
2029-03-12,0.0,28.218,25.742,4.226,260.03,SSP3-7.0
2029-03-13,0.0,28.173,25.573,7.586,290.09,SSP3-7.0
2029-03-14,0.0,26.069,43.304,7.217,185.99,SSP3-7.0
2029-03-15,0.0,27.831,31.296,6.571,281.03,SSP3-7.0
2029-03-16,0.7609,28.73,38.898,6.874,237.74,SSP3-7.0
2029-03-17,0.0012,28.351,36.828,8.644,245.66,SSP3-7.0
2029-03-18,0.0,29.194,29.106,8.661,301.04,SSP3-7.0
2029-03-19,0.0,29.531,28.939,6.332,284.05,SSP3-7.0
2029-03-20,0.0,29.208,26.862,5.051,283.35,SSP3-7.0
2029-03-21,0.0,30.24,24.88,6.342,280.51,SSP3-7.0
2029-03-22,0.0,29.994,23.905,6.668,299.37,SSP3-7.0
2029-03-23,0.0,29.628,24.427,5.353,300.5,SSP3-7.0
2029-03-24,0.0,30.093,24.954,6.96,267.62,SSP3-7.0
2029-03-25,0.0073,30.529,31.897,10.31,252.2,SSP3-7.0
2029-03-26,0.0,30.444,32.229,8.872,277.72,SSP3-7.0
2029-03-27,0.0,30.834,28.494,6.852,282.75,SSP3-7.0
2029-03-28,0.0235,30.898,25.26,6.125,290.29,SSP3-7.0
2029-03-29,0.1677,28.741,31.289,7.987,211.22,SSP3-7.0
2029-03-30,0.0,28.897,33.266,7.639,240.87,SSP3-7.0
2029-03-31,0.0,28.986,26.933,5.383,329.4,SSP3-7.0
2029-04-01,0.2176,30.069,31.366,8.561,269.91,SSP3-7.0
2029-04-02,0.0,30.494,29.324,9.791,303.22,SSP3-7.0
2029-04-03,0.0,30.736,26.826,9.539,301.18,SSP3-7.0
2029-04-04,0.0,30.862,24.933,11.021,299.55,SSP3-7.0
2029-04-05,0.0,30.931,24.205,9.154,285.34,SSP3-7.0
2029-04-06,0.0,30.902,23.982,8.585,300.16,SSP3-7.0
2029-04-07,0.0686,27.942,34.441,6.51,206.17,SSP3-7.0
2029-04-08,0.0,29.766,26.033,5.701,318.06,SSP3-7.0
2029-04-09,0.5873,31.039,30.196,10.543,275.0,SSP3-7.0
2029-04-10,2.1423,30.587,34.547,9.65,281.78,SSP3-7.0
2029-04-11,6.9852,29.532,45.383,8.255,267.12,SSP3-7.0
2029-04-12,1.4662,30.083,38.869,6.927,293.19,SSP3-7.0
2029-04-13,0.0404,30.372,34.972,6.623,282.97,SSP3-7.0
2029-04-14,0.3618,30.443,35.01,7.684,258.51,SSP3-7.0
2029-04-15,0.5082,30.04,39.72,9.735,268.81,SSP3-7.0
2029-04-16,0.4567,27.976,51.912,8.358,218.98,SSP3-7.0
2029-04-17,0.1514,30.604,34.092,7.686,287.29,SSP3-7.0
2029-04-18,0.1528,30.987,31.501,6.935,291.3,SSP3-7.0
2029-04-19,0.2824,30.422,34.652,6.927,270.82,SSP3-7.0
2029-04-20,3.4098,30.723,36.382,5.791,276.67,SSP3-7.0
2029-04-21,3.4002,30.898,36.586,5.386,268.28,SSP3-7.0
2029-04-22,0.5219,30.836,33.845,7.117,292.9,SSP3-7.0
2029-04-23,2.1284,30.822,36.148,8.136,290.62,SSP3-7.0
2029-04-24,0.2622,30.673,37.539,10.518,301.89,SSP3-7.0
2029-04-25,0.1396,31.424,31.816,7.696,301.74,SSP3-7.0
2029-04-26,0.8962,31.098,37.57,8.267,261.98,SSP3-7.0
2029-04-27,2.0413,30.573,41.108,9.83,268.34,SSP3-7.0
2029-04-28,0.0045,31.323,31.015,8.167,297.89,SSP3-7.0
2029-04-29,0.0,31.569,25.038,7.638,344.45,SSP3-7.0
2029-04-30,0.0,31.659,26.928,6.326,310.64,SSP3-7.0
2029-05-01,0.0,31.965,33.871,9.221,256.84,SSP3-7.0
2029-05-02,0.1031,31.03,37.308,7.487,248.44,SSP3-7.0
2029-05-03,0.7782,32.085,30.718,6.552,280.12,SSP3-7.0
2029-05-04,0.0,31.449,34.947,9.109,236.3,SSP3-7.0
2029-05-05,0.0,32.34,24.938,7.196,330.47,SSP3-7.0
2029-05-06,0.0,33.269,21.993,7.041,331.19,SSP3-7.0
2029-05-07,0.0,33.025,20.972,8.164,337.9,SSP3-7.0
2029-05-08,0.0,33.21,21.259,10.214,315.09,SSP3-7.0
2029-05-09,0.0,32.115,18.449,8.77,346.38,SSP3-7.0
2029-05-10,0.0,31.486,16.542,8.925,362.34,SSP3-7.0
2029-05-11,0.0,31.049,16.194,7.395,370.12,SSP3-7.0
2029-05-12,0.0,32.097,23.237,9.876,338.64,SSP3-7.0
2029-05-13,0.0,33.048,23.347,7.203,307.12,SSP3-7.0
2029-05-14,0.0,32.846,17.598,8.081,330.48,SSP3-7.0
2029-05-15,0.0,33.371,15.748,14.442,320.34,SSP3-7.0
2029-05-16,0.0,33.571,15.83,15.73,321.94,SSP3-7.0
2029-05-17,0.0,33.29,17.78,12.537,351.07,SSP3-7.0
2029-05-18,0.0,32.786,17.414,9.475,363.26,SSP3-7.0
2029-05-19,0.0,32.673,16.771,6.306,359.86,SSP3-7.0
2029-05-20,0.0,32.976,16.856,5.109,355.92,SSP3-7.0
2029-05-21,0.0,34.817,19.226,5.385,258.43,SSP3-7.0
2029-05-22,0.0033,34.897,18.89,6.57,312.83,SSP3-7.0
2029-05-23,0.0,35.576,18.63,9.136,333.14,SSP3-7.0
2029-05-24,0.0,35.208,20.553,13.155,313.42,SSP3-7.0
2029-05-25,0.0023,35.086,23.606,13.534,300.17,SSP3-7.0
2029-05-26,0.6234,34.187,27.623,12.289,292.53,SSP3-7.0
2029-05-27,0.0199,34.116,27.92,12.741,309.77,SSP3-7.0
2029-05-28,0.0,34.416,26.623,13.413,282.92,SSP3-7.0
2029-05-29,0.0,34.486,25.542,15.327,298.06,SSP3-7.0
2029-05-30,0.0,30.376,42.653,14.267,222.75,SSP3-7.0
2029-05-31,0.0277,31.598,45.726,15.154,269.03,SSP3-7.0
2029-06-01,1.9757,32.535,44.263,10.072,269.68,SSP3-7.0
2029-06-02,0.003,33.196,45.409,7.555,288.85,SSP3-7.0
2029-06-03,0.3353,32.566,47.426,7.291,268.44,SSP3-7.0
2029-06-04,2.7939,32.959,48.308,7.642,288.06,SSP3-7.0
2029-06-05,14.5851,31.221,64.18,8.331,266.13,SSP3-7.0
2029-06-06,0.1465,30.59,53.077,10.165,261.98,SSP3-7.0
2029-06-07,0.0,31.124,43.53,16.098,259.12,SSP3-7.0
2029-06-08,0.0613,28.507,56.487,15.471,200.53,SSP3-7.0
2029-06-09,0.0,30.467,45.362,17.165,259.58,SSP3-7.0
2029-06-10,0.0,32.48,42.573,16.465,285.2,SSP3-7.0
2029-06-11,0.0,33.033,38.09,18.405,286.32,SSP3-7.0
2029-06-12,0.0,32.83,41.044,18.275,301.26,SSP3-7.0
2029-06-13,0.5288,31.969,47.825,18.369,285.69,SSP3-7.0
2029-06-14,0.0,28.61,57.59,17.357,240.39,SSP3-7.0
2029-06-15,0.0,29.0,56.206,16.111,243.93,SSP3-7.0
2029-06-16,0.0,30.308,51.838,16.754,283.15,SSP3-7.0
2029-06-17,0.0,31.305,49.647,16.17,284.44,SSP3-7.0
2029-06-18,0.6292,32.004,50.177,14.554,295.09,SSP3-7.0
2029-06-19,0.0,29.876,56.059,14.62,258.08,SSP3-7.0
2029-06-20,7.4737,29.442,60.658,12.541,242.06,SSP3-7.0
2029-06-21,16.2673,27.009,83.35,12.408,206.2,SSP3-7.0
2029-06-22,12.7764,27.015,82.632,14.315,211.32,SSP3-7.0
2029-06-23,0.0,27.835,74.002,17.785,230.59,SSP3-7.0
2029-06-24,0.3101,27.849,71.518,18.45,229.01,SSP3-7.0
2029-06-25,5.7737,27.705,74.881,16.902,224.51,SSP3-7.0
2029-06-26,25.6378,25.961,85.241,20.075,201.39,SSP3-7.0
2029-06-27,8.3958,26.59,83.489,17.248,211.14,SSP3-7.0
2029-06-28,0.032,27.673,73.522,15.209,252.18,SSP3-7.0
2029-06-29,0.0,27.844,75.17,12.988,239.78,SSP3-7.0
2029-06-30,2.7299,27.709,76.38,13.356,236.6,SSP3-7.0
2029-07-01,7.1185,26.366,81.435,14.278,224.93,SSP3-7.0
2029-07-02,0.3335,26.504,77.842,15.213,237.45,SSP3-7.0
2029-07-03,0.1592,26.578,78.28,13.776,233.49,SSP3-7.0
2029-07-04,0.0,27.192,76.006,14.024,255.21,SSP3-7.0
2029-07-05,0.1037,27.163,76.216,12.335,244.32,SSP3-7.0
2029-07-06,0.0973,26.456,79.365,11.589,228.06,SSP3-7.0
2029-07-07,0.0001,27.166,75.45,14.113,254.02,SSP3-7.0
2029-07-08,0.9346,26.236,79.185,14.031,225.87,SSP3-7.0
2029-07-09,18.1484,25.708,87.735,12.601,205.82,SSP3-7.0
2029-07-10,10.5669,25.785,88.609,11.527,206.98,SSP3-7.0
2029-07-11,0.2502,26.48,82.619,10.59,236.76,SSP3-7.0
2029-07-12,0.0,27.738,73.5,10.409,285.73,SSP3-7.0
2029-07-13,0.0563,28.16,72.429,9.407,297.66,SSP3-7.0
2029-07-14,0.0,28.417,73.439,7.995,283.9,SSP3-7.0
2029-07-15,0.0571,28.846,75.487,7.196,260.25,SSP3-7.0
2029-07-16,7.4385,28.093,83.184,5.418,222.95,SSP3-7.0
2029-07-17,7.3818,26.706,85.793,6.593,228.26,SSP3-7.0
2029-07-18,0.8411,27.25,80.475,6.264,257.83,SSP3-7.0
2029-07-19,0.0875,28.175,80.772,7.127,244.87,SSP3-7.0
2029-07-20,2.5608,27.885,81.671,7.014,240.02,SSP3-7.0
2029-07-21,0.0,27.905,80.989,8.677,230.94,SSP3-7.0
2029-07-22,15.0486,27.499,82.762,10.19,242.08,SSP3-7.0
2029-07-23,5.2248,27.034,81.105,13.69,236.74,SSP3-7.0
2029-07-24,2.4093,26.133,85.943,10.012,217.81,SSP3-7.0
2029-07-25,18.753,25.343,90.177,12.029,187.75,SSP3-7.0
2029-07-26,22.1652,25.124,92.987,12.227,165.34,SSP3-7.0
2029-07-27,5.6354,25.289,92.218,10.86,191.86,SSP3-7.0
2029-07-28,1.0672,25.566,91.147,10.317,199.96,SSP3-7.0
2029-07-29,8.4114,25.392,92.202,9.906,188.95,SSP3-7.0
2029-07-30,2.121,25.518,91.703,9.06,203.94,SSP3-7.0
2029-07-31,1.8918,26.248,88.677,13.212,228.54,SSP3-7.0
2029-08-01,0.3901,26.3,89.78,12.815,203.21,SSP3-7.0
2029-08-02,22.9996,26.493,90.266,13.341,225.56,SSP3-7.0
2029-08-03,3.327,26.268,90.589,13.866,215.75,SSP3-7.0
2029-08-04,28.2803,25.832,92.059,17.082,178.84,SSP3-7.0
2029-08-05,9.7301,25.988,91.292,15.365,185.66,SSP3-7.0
2029-08-06,11.1722,25.999,91.027,15.225,203.39,SSP3-7.0
2029-08-07,0.0,26.208,89.762,14.052,211.15,SSP3-7.0
2029-08-08,0.0,26.577,87.131,14.315,224.35,SSP3-7.0
2029-08-09,23.8051,26.012,91.422,14.621,196.8,SSP3-7.0
2029-08-10,9.9931,26.107,90.676,17.507,209.64,SSP3-7.0
2029-08-11,80.6235,25.1,93.991,24.379,181.75,SSP3-7.0
2029-08-12,33.588,25.014,92.606,20.571,185.08,SSP3-7.0
2029-08-13,43.1673,25.682,94.418,16.897,144.52,SSP3-7.0
2029-08-14,5.3656,25.698,92.397,13.138,174.45,SSP3-7.0
2029-08-15,0.0,26.204,87.37,13.324,222.6,SSP3-7.0
2029-08-16,0.0,26.615,86.16,12.995,239.2,SSP3-7.0
2029-08-17,0.0,26.754,84.663,12.642,260.41,SSP3-7.0
2029-08-18,0.0,26.799,83.893,11.514,255.01,SSP3-7.0
2029-08-19,0.0,27.063,82.533,11.145,258.35,SSP3-7.0
2029-08-20,0.0,26.967,83.58,10.34,246.61,SSP3-7.0
2029-08-21,0.0,27.171,80.917,9.794,262.08,SSP3-7.0
2029-08-22,0.0,26.973,82.143,10.593,257.92,SSP3-7.0
2029-08-23,0.0,27.051,80.807,10.018,276.97,SSP3-7.0
2029-08-24,0.0,27.426,80.43,9.969,275.51,SSP3-7.0
2029-08-25,0.0,27.749,79.587,9.902,271.08,SSP3-7.0
2029-08-26,0.0,27.867,76.665,10.168,290.4,SSP3-7.0
2029-08-27,0.0,27.622,77.776,8.331,277.46,SSP3-7.0
2029-08-28,0.0,27.68,78.801,4.984,278.44,SSP3-7.0
2029-08-29,0.0,27.954,81.958,3.692,259.59,SSP3-7.0
2029-08-30,0.0,27.956,82.186,4.088,252.1,SSP3-7.0
2029-08-31,0.0,27.161,84.915,7.139,240.25,SSP3-7.0
2029-09-01,0.0,27.051,82.747,7.384,239.41,SSP3-7.0
2029-09-02,0.1782,27.464,81.86,4.39,259.81,SSP3-7.0
2029-09-03,0.0,27.232,86.26,4.975,238.06,SSP3-7.0
2029-09-04,10.3235,26.862,90.333,5.495,224.08,SSP3-7.0
2029-09-05,8.6857,26.664,92.321,6.888,208.63,SSP3-7.0
2029-09-06,24.4626,26.166,95.65,4.192,185.51,SSP3-7.0
2029-09-07,6.6121,26.603,91.093,5.744,225.67,SSP3-7.0
2029-09-08,28.178,26.514,92.765,4.896,223.75,SSP3-7.0
2029-09-09,23.9148,26.365,93.446,3.048,218.25,SSP3-7.0
2029-09-10,14.1904,26.552,92.216,4.817,224.16,SSP3-7.0
2029-09-11,15.2905,27.037,91.109,6.539,224.5,SSP3-7.0
2029-09-12,42.3488,26.766,93.947,5.126,213.99,SSP3-7.0
2029-09-13,51.8569,26.336,94.93,6.614,198.74,SSP3-7.0
2029-09-14,5.1393,25.787,92.066,11.931,184.13,SSP3-7.0
2029-09-15,0.0,26.359,86.628,9.577,217.6,SSP3-7.0
2029-09-16,0.1441,26.647,86.323,10.142,236.64,SSP3-7.0
2029-09-17,0.0,26.765,84.233,9.145,241.63,SSP3-7.0
2029-09-18,0.0,27.112,82.654,8.875,243.87,SSP3-7.0
2029-09-19,0.0,26.941,85.88,7.568,230.4,SSP3-7.0
2029-09-20,0.0,27.112,81.834,11.073,240.46,SSP3-7.0
2029-09-21,0.6848,26.306,86.908,13.142,210.57,SSP3-7.0
2029-09-22,0.0,26.932,78.961,12.501,255.48,SSP3-7.0
2029-09-23,0.0,27.108,79.676,9.498,242.27,SSP3-7.0
2029-09-24,0.0,27.261,79.741,7.461,250.47,SSP3-7.0
2029-09-25,0.0,27.502,77.162,7.979,257.9,SSP3-7.0
2029-09-26,0.5048,26.923,86.356,6.117,227.17,SSP3-7.0
2029-09-27,16.1692,26.631,89.512,7.324,222.1,SSP3-7.0
2029-09-28,37.6447,26.307,92.847,7.451,192.14,SSP3-7.0
2029-09-29,33.1794,26.015,95.791,4.944,173.74,SSP3-7.0
2029-09-30,27.8557,25.863,94.35,5.153,188.87,SSP3-7.0
2029-10-01,13.2113,25.214,90.438,5.295,227.35,SSP3-7.0
2029-10-02,0.1372,25.317,87.888,5.892,226.64,SSP3-7.0
2029-10-03,0.0745,26.255,84.587,9.468,239.5,SSP3-7.0
2029-10-04,0.0,25.714,83.609,11.648,217.58,SSP3-7.0
2029-10-05,0.0,26.033,79.888,11.869,235.3,SSP3-7.0
2029-10-06,0.0,26.224,79.76,9.133,265.77,SSP3-7.0
2029-10-07,0.0,26.378,77.545,7.727,272.27,SSP3-7.0
2029-10-08,0.0,26.894,78.37,7.131,266.32,SSP3-7.0
2029-10-09,0.0,27.441,74.905,7.019,265.38,SSP3-7.0
2029-10-10,0.0,27.499,78.419,5.262,249.11,SSP3-7.0
2029-10-11,0.0229,27.399,80.14,5.005,249.68,SSP3-7.0
2029-10-12,2.6946,25.485,87.108,6.718,215.2,SSP3-7.0
2029-10-13,6.2555,24.774,90.612,4.068,204.43,SSP3-7.0
2029-10-14,0.3061,25.194,87.065,4.824,217.53,SSP3-7.0
2029-10-15,0.0,25.957,81.714,4.793,223.91,SSP3-7.0
2029-10-16,0.0,24.984,81.944,8.001,199.44,SSP3-7.0
2029-10-17,0.0,24.678,83.915,8.14,204.02,SSP3-7.0
2029-10-18,0.0,24.436,83.753,10.139,198.06,SSP3-7.0
2029-10-19,12.7114,24.2,87.762,9.135,170.51,SSP3-7.0
2029-10-20,14.9005,24.752,85.221,8.778,202.03,SSP3-7.0
2029-10-21,32.8785,24.04,91.846,8.487,170.97,SSP3-7.0
2029-10-22,17.8724,23.91,90.965,7.515,184.28,SSP3-7.0
2029-10-23,0.702,24.301,87.961,5.83,201.21,SSP3-7.0
2029-10-24,15.1211,24.55,88.549,4.679,205.18,SSP3-7.0
2029-10-25,12.0658,23.962,89.0,2.635,197.91,SSP3-7.0
2029-10-26,0.0138,25.718,82.378,3.825,216.33,SSP3-7.0
2029-10-27,0.0,26.278,73.676,3.967,229.79,SSP3-7.0
2029-10-28,0.0268,26.01,72.036,3.862,219.58,SSP3-7.0
2029-10-29,0.0206,25.565,66.315,4.519,226.44,SSP3-7.0
2029-10-30,0.0,25.138,63.335,4.19,241.32,SSP3-7.0
2029-10-31,0.0,24.813,65.783,4.728,245.49,SSP3-7.0
2029-11-01,0.0,24.78,65.681,6.112,242.65,SSP3-7.0
2029-11-02,0.0,24.944,68.059,5.8,240.78,SSP3-7.0
2029-11-03,0.0,24.663,68.005,5.892,244.81,SSP3-7.0
2029-11-04,0.0,24.57,62.735,3.814,242.21,SSP3-7.0
2029-11-05,0.0,24.262,56.866,6.025,243.47,SSP3-7.0
2029-11-06,0.0,23.909,65.272,7.315,242.34,SSP3-7.0
2029-11-07,0.0,24.34,78.282,9.156,216.11,SSP3-7.0
2029-11-08,0.0,23.326,72.073,10.295,210.93,SSP3-7.0
2029-11-09,0.0,23.497,57.024,10.716,251.37,SSP3-7.0
2029-11-10,0.0,23.64,63.715,9.691,236.98,SSP3-7.0
2029-11-11,0.0,22.955,62.644,8.148,217.3,SSP3-7.0
2029-11-12,0.0,22.724,63.358,7.435,230.88,SSP3-7.0
2029-11-13,0.0,22.68,67.497,5.917,205.33,SSP3-7.0
2029-11-14,0.0,22.775,66.593,6.741,231.03,SSP3-7.0
2029-11-15,0.0,22.571,57.725,7.46,236.17,SSP3-7.0
2029-11-16,0.0,22.332,63.366,6.494,225.46,SSP3-7.0
2029-11-17,0.0,22.763,60.028,9.082,227.68,SSP3-7.0
2029-11-18,0.0041,23.018,65.546,7.86,223.9,SSP3-7.0
2029-11-19,0.0,23.74,62.218,7.225,220.29,SSP3-7.0
2029-11-20,0.0,23.742,73.95,7.113,188.24,SSP3-7.0
2029-11-21,0.0,24.056,61.815,8.358,220.12,SSP3-7.0
2029-11-22,0.0079,24.073,66.976,7.974,191.52,SSP3-7.0
2029-11-23,0.0115,23.906,58.63,3.68,227.9,SSP3-7.0
2029-11-24,0.0,23.551,66.321,4.665,212.66,SSP3-7.0
2029-11-25,0.0,23.371,60.936,4.905,206.89,SSP3-7.0
2029-11-26,0.0,23.362,58.601,5.146,216.79,SSP3-7.0
2029-11-27,0.0,23.572,58.252,7.729,220.04,SSP3-7.0
2029-11-28,0.0,23.261,54.972,8.356,217.87,SSP3-7.0
2029-11-29,0.0,21.75,66.045,6.565,194.54,SSP3-7.0
2029-11-30,0.0,22.149,65.853,7.788,171.41,SSP3-7.0
2029-12-01,0.0,22.15,69.54,10.31,167.37,SSP3-7.0
2029-12-02,0.0,22.306,65.417,9.918,174.29,SSP3-7.0
2029-12-03,0.0,23.164,55.918,10.117,209.03,SSP3-7.0
2029-12-04,0.0,22.988,59.802,6.883,195.29,SSP3-7.0
2029-12-05,0.0,22.963,66.63,9.086,194.57,SSP3-7.0
2029-12-06,0.0,21.134,64.02,12.433,167.4,SSP3-7.0
2029-12-07,0.0,20.593,45.32,12.391,222.86,SSP3-7.0
2029-12-08,0.0,19.776,37.49,11.417,235.64,SSP3-7.0
2029-12-09,0.0,19.349,38.631,8.919,245.58,SSP3-7.0
2029-12-10,0.0,19.429,42.538,7.088,233.97,SSP3-7.0
2029-12-11,0.0,20.072,46.169,6.34,221.52,SSP3-7.0
2029-12-12,0.0,19.918,50.885,7.589,192.74,SSP3-7.0
2029-12-13,0.0,19.917,50.327,7.741,212.22,SSP3-7.0
2029-12-14,0.0,19.978,58.279,5.079,185.09,SSP3-7.0
2029-12-15,0.0,21.505,52.086,6.827,230.84,SSP3-7.0
2029-12-16,0.0,22.805,47.558,10.371,218.17,SSP3-7.0
2029-12-17,0.0,22.184,43.42,10.394,231.61,SSP3-7.0
2029-12-18,0.0,21.759,40.901,8.768,237.84,SSP3-7.0
2029-12-19,0.0,21.635,43.411,7.76,228.95,SSP3-7.0
2029-12-20,0.0,20.469,35.335,11.069,244.96,SSP3-7.0
2029-12-21,0.0,19.764,32.579,9.885,247.19,SSP3-7.0
2029-12-22,0.0,19.652,34.358,8.591,251.23,SSP3-7.0
2029-12-23,0.0,20.113,30.672,10.738,249.91,SSP3-7.0
2029-12-24,0.0,19.585,34.988,9.03,246.83,SSP3-7.0
2029-12-25,0.0,19.786,49.653,7.402,187.02,SSP3-7.0
2029-12-26,0.0,19.664,46.669,10.248,204.49,SSP3-7.0
2029-12-27,0.0,21.349,61.023,12.206,171.45,SSP3-7.0
2029-12-28,0.0,22.01,79.764,16.602,146.86,SSP3-7.0
2029-12-29,0.0,21.003,83.285,11.167,121.0,SSP3-7.0
2029-12-30,0.0,21.67,74.222,9.205,200.79,SSP3-7.0
2029-12-31,0.0,23.361,62.547,7.389,218.83,SSP3-7.0
2030-01-01,0.0,23.176,58.983,8.971,223.35,SSP3-7.0
2030-01-02,0.0,23.371,57.507,8.002,210.35,SSP3-7.0
2030-01-03,0.0,23.273,58.577,8.018,228.23,SSP3-7.0
2030-01-04,0.0,22.931,59.82,7.551,228.81,SSP3-7.0
2030-01-05,0.0,23.411,55.914,6.628,231.0,SSP3-7.0
2030-01-06,0.0,23.561,55.207,5.53,225.9,SSP3-7.0
2030-01-07,0.0,22.391,64.069,6.572,190.83,SSP3-7.0
2030-01-08,0.0,22.653,62.195,8.205,209.99,SSP3-7.0
2030-01-09,0.0,21.398,62.723,8.194,184.73,SSP3-7.0
2030-01-10,0.0,22.486,47.234,11.268,237.1,SSP3-7.0
2030-01-11,0.0,22.197,45.482,11.078,246.56,SSP3-7.0
2030-01-12,0.0,21.842,53.011,12.357,219.59,SSP3-7.0
2030-01-13,0.0,21.178,52.132,11.396,205.7,SSP3-7.0
2030-01-14,0.0,21.505,52.065,10.777,206.56,SSP3-7.0
2030-01-15,0.0,21.927,51.748,10.559,227.86,SSP3-7.0
2030-01-16,0.0,22.068,50.853,11.278,223.63,SSP3-7.0
2030-01-17,0.0,22.235,50.709,13.721,234.23,SSP3-7.0
2030-01-18,0.0,22.755,50.596,12.331,216.43,SSP3-7.0
2030-01-19,0.0,21.278,53.369,9.718,176.9,SSP3-7.0
2030-01-20,0.0,22.918,48.958,6.526,232.76,SSP3-7.0
2030-01-21,0.0,23.243,49.039,7.67,233.39,SSP3-7.0
2030-01-22,0.0,23.481,47.18,6.367,243.57,SSP3-7.0
2030-01-23,0.0,23.894,46.251,6.813,220.51,SSP3-7.0
2030-01-24,0.0,23.62,47.874,9.575,232.47,SSP3-7.0
2030-01-25,0.0,24.111,46.81,12.13,208.82,SSP3-7.0
2030-01-26,0.0,21.448,66.283,10.567,160.34,SSP3-7.0
2030-01-27,0.0,23.699,54.258,10.002,209.36,SSP3-7.0
2030-01-28,0.0,23.166,54.473,9.322,204.31,SSP3-7.0
2030-01-29,0.0,23.518,56.055,6.385,202.38,SSP3-7.0
2030-01-30,0.0,22.055,68.721,11.159,193.54,SSP3-7.0
2030-01-31,0.0,23.452,57.593,13.513,227.95,SSP3-7.0
2030-02-01,0.0,23.685,53.855,14.315,222.45,SSP3-7.0
2030-02-02,0.0,24.165,50.371,11.504,256.11,SSP3-7.0
2030-02-03,0.0,24.292,49.73,6.609,256.76,SSP3-7.0
2030-02-04,0.0,23.754,50.865,7.478,225.61,SSP3-7.0
2030-02-05,0.0,23.887,45.053,8.669,262.26,SSP3-7.0
2030-02-06,0.0,23.706,41.522,6.316,267.3,SSP3-7.0
2030-02-07,0.0,23.868,39.559,8.346,269.02,SSP3-7.0
2030-02-08,0.0,23.347,32.336,10.701,281.57,SSP3-7.0
2030-02-09,0.0,22.994,33.656,9.296,277.65,SSP3-7.0
2030-02-10,0.0,23.306,41.977,8.323,272.52,SSP3-7.0
2030-02-11,0.0,24.52,44.296,10.663,266.36,SSP3-7.0
2030-02-12,0.0,24.728,41.635,10.053,269.37,SSP3-7.0
2030-02-13,0.0,24.779,40.633,8.924,276.46,SSP3-7.0
2030-02-14,0.0,25.088,39.319,9.064,274.48,SSP3-7.0
2030-02-15,0.0,24.953,36.157,6.398,276.01,SSP3-7.0
2030-02-16,0.0,25.093,35.748,12.598,279.33,SSP3-7.0
2030-02-17,0.0,24.297,29.284,12.471,287.66,SSP3-7.0
2030-02-18,0.0,23.997,29.283,10.527,301.83,SSP3-7.0
2030-02-19,0.0,23.849,33.857,7.252,292.67,SSP3-7.0
2030-02-20,0.0,24.769,35.346,4.757,286.53,SSP3-7.0
2030-02-21,0.0,25.268,34.485,4.422,284.18,SSP3-7.0
2030-02-22,0.0,25.481,34.017,4.693,281.62,SSP3-7.0
2030-02-23,0.0,25.585,32.36,5.086,281.97,SSP3-7.0
2030-02-24,0.0,26.026,32.251,4.935,278.65,SSP3-7.0
2030-02-25,0.0,26.097,30.197,8.875,280.95,SSP3-7.0
2030-02-26,0.0,26.326,30.305,8.088,275.07,SSP3-7.0
2030-02-27,0.0,26.111,29.846,6.392,286.6,SSP3-7.0
2030-02-28,0.0,26.068,31.511,4.568,226.85,SSP3-7.0
2030-03-01,0.0,25.952,32.755,5.419,229.88,SSP3-7.0
2030-03-02,0.0,26.335,38.61,7.184,231.82,SSP3-7.0
2030-03-03,0.0,26.539,33.69,6.384,281.46,SSP3-7.0
2030-03-04,0.0,27.222,31.999,5.72,272.38,SSP3-7.0
2030-03-05,0.0,27.318,29.712,8.682,277.59,SSP3-7.0
2030-03-06,0.0,26.462,30.152,8.687,230.9,SSP3-7.0
2030-03-07,0.0,26.489,29.979,6.706,247.61,SSP3-7.0
2030-03-08,0.0,27.098,30.277,7.767,284.75,SSP3-7.0
2030-03-09,0.0,27.65,29.834,10.492,288.04,SSP3-7.0
2030-03-10,0.0,27.482,30.338,10.159,299.54,SSP3-7.0
2030-03-11,0.0,27.911,30.401,7.596,294.8,SSP3-7.0
2030-03-12,0.0,27.75,30.673,7.22,285.17,SSP3-7.0
2030-03-13,0.0,27.686,27.609,6.583,311.01,SSP3-7.0
2030-03-14,0.0,27.495,28.314,7.444,315.29,SSP3-7.0
2030-03-15,0.0,27.085,35.367,8.453,235.24,SSP3-7.0
2030-03-16,0.0,28.137,33.165,7.502,280.67,SSP3-7.0
2030-03-17,0.0,28.476,29.742,7.872,307.36,SSP3-7.0
2030-03-18,0.0,28.544,30.499,7.798,289.0,SSP3-7.0
2030-03-19,0.0,28.477,28.991,7.065,257.99,SSP3-7.0
2030-03-20,0.0,28.294,28.972,6.507,250.38,SSP3-7.0
2030-03-21,0.0,28.182,26.133,6.013,298.17,SSP3-7.0
2030-03-22,0.0,28.26,27.993,7.084,308.63,SSP3-7.0
2030-03-23,0.0,28.924,28.674,8.869,309.25,SSP3-7.0
2030-03-24,0.0,28.55,28.25,9.726,312.96,SSP3-7.0
2030-03-25,0.0,27.981,24.867,9.253,336.57,SSP3-7.0
2030-03-26,0.0,27.652,24.641,8.089,345.83,SSP3-7.0
2030-03-27,0.0,28.322,28.018,12.226,338.97,SSP3-7.0
2030-03-28,0.0,28.733,27.787,12.14,324.79,SSP3-7.0
2030-03-29,0.3021,30.795,31.267,6.312,280.64,SSP3-7.0
2030-03-30,0.124,29.247,36.841,7.458,228.33,SSP3-7.0
2030-03-31,0.0962,30.045,36.205,9.013,294.46,SSP3-7.0
2030-04-01,0.0523,30.074,35.156,5.655,254.61,SSP3-7.0
2030-04-02,0.0054,30.009,35.61,8.062,270.54,SSP3-7.0
2030-04-03,0.0,30.335,28.594,8.059,310.34,SSP3-7.0
2030-04-04,0.0,30.053,26.098,9.083,325.91,SSP3-7.0
2030-04-05,0.0,30.446,26.799,8.416,325.14,SSP3-7.0
2030-04-06,0.0834,30.328,29.243,6.674,289.81,SSP3-7.0
2030-04-07,13.7838,27.773,50.98,4.085,205.53,SSP3-7.0
2030-04-08,40.418,23.272,69.357,6.195,153.38,SSP3-7.0
2030-04-09,0.0006,27.57,53.705,7.67,269.41,SSP3-7.0
2030-04-10,0.3528,28.874,45.556,6.816,293.71,SSP3-7.0
2030-04-11,0.0,29.647,35.476,7.715,317.46,SSP3-7.0
2030-04-12,0.0,29.861,34.234,8.348,311.24,SSP3-7.0
2030-04-13,0.0,29.856,34.728,8.527,308.02,SSP3-7.0
2030-04-14,0.0,30.288,32.464,7.657,301.51,SSP3-7.0
2030-04-15,0.0,30.749,30.244,6.326,303.73,SSP3-7.0
2030-04-16,0.0344,30.675,30.807,8.762,303.4,SSP3-7.0
2030-04-17,0.0185,31.003,31.259,7.505,302.43,SSP3-7.0
2030-04-18,0.0284,31.058,30.127,7.953,294.65,SSP3-7.0
2030-04-19,0.4,31.074,31.647,7.363,292.49,SSP3-7.0
2030-04-20,0.1445,29.87,38.551,6.335,248.29,SSP3-7.0
2030-04-21,0.0113,31.235,30.648,8.069,313.35,SSP3-7.0
2030-04-22,0.0,29.954,36.541,6.395,236.56,SSP3-7.0
2030-04-23,0.1461,30.882,33.264,5.977,289.82,SSP3-7.0
2030-04-24,0.4286,31.072,31.453,5.822,309.57,SSP3-7.0
2030-04-25,0.4603,31.292,32.02,5.549,291.32,SSP3-7.0
2030-04-26,1.1004,30.848,37.432,5.371,276.06,SSP3-7.0
2030-04-27,0.5899,31.041,37.431,4.807,304.46,SSP3-7.0
2030-04-28,0.8453,30.55,40.458,5.144,272.11,SSP3-7.0
2030-04-29,0.0,30.855,32.367,5.599,327.51,SSP3-7.0
2030-04-30,0.0,31.375,29.081,5.071,323.15,SSP3-7.0
2030-05-01,0.0,32.133,27.994,6.354,304.04,SSP3-7.0
2030-05-02,0.0668,32.366,28.421,6.646,300.28,SSP3-7.0
2030-05-03,0.5436,32.416,28.839,4.777,305.25,SSP3-7.0
2030-05-04,0.495,32.738,30.423,4.908,290.59,SSP3-7.0
2030-05-05,0.6378,32.02,36.14,4.948,267.11,SSP3-7.0
2030-05-06,0.329,31.237,39.285,7.188,255.05,SSP3-7.0
2030-05-07,0.9653,31.469,41.12,7.513,273.58,SSP3-7.0
2030-05-08,4.9133,31.243,44.447,6.54,281.98,SSP3-7.0
2030-05-09,0.0,31.284,39.47,6.138,272.98,SSP3-7.0
2030-05-10,0.0,32.236,31.821,6.145,313.42,SSP3-7.0
2030-05-11,0.0,32.594,31.22,5.347,291.96,SSP3-7.0
2030-05-12,1.1659,32.786,33.795,6.27,287.76,SSP3-7.0
2030-05-13,6.1861,32.446,38.866,7.238,280.04,SSP3-7.0
2030-05-14,1.1472,32.479,36.779,5.937,302.8,SSP3-7.0
2030-05-15,0.4551,32.518,35.593,3.909,300.74,SSP3-7.0
2030-05-16,0.0483,32.19,37.678,8.054,298.61,SSP3-7.0
2030-05-17,0.1158,31.855,40.171,6.16,278.85,SSP3-7.0
2030-05-18,0.0,31.766,38.805,5.048,274.53,SSP3-7.0
2030-05-19,0.0017,32.059,38.463,6.35,268.47,SSP3-7.0
2030-05-20,0.153,32.427,36.444,8.087,298.51,SSP3-7.0
2030-05-21,0.2626,32.691,34.543,7.644,305.12,SSP3-7.0
2030-05-22,5.7818,33.052,33.75,7.868,303.17,SSP3-7.0
2030-05-23,1.2074,27.822,65.128,6.465,190.88,SSP3-7.0
2030-05-24,0.0,32.375,31.948,8.739,334.68,SSP3-7.0
2030-05-25,0.0,32.106,28.099,8.081,283.3,SSP3-7.0
2030-05-26,0.0,32.231,27.491,6.375,312.9,SSP3-7.0
2030-05-27,0.0,32.771,29.406,9.591,304.84,SSP3-7.0
2030-05-28,0.0,33.155,33.305,8.73,293.63,SSP3-7.0
2030-05-29,0.4943,29.913,52.548,6.11,223.61,SSP3-7.0
2030-05-30,0.0,32.114,42.235,6.684,275.15,SSP3-7.0
2030-05-31,0.0071,31.612,45.381,9.941,308.47,SSP3-7.0
2030-06-01,0.0,32.299,41.438,8.155,285.97,SSP3-7.0
2030-06-02,0.0294,33.194,37.868,6.886,288.86,SSP3-7.0
2030-06-03,0.0445,33.824,34.154,6.392,302.95,SSP3-7.0
2030-06-04,0.0,34.331,30.225,8.071,332.56,SSP3-7.0
2030-06-05,0.0,34.427,28.87,7.868,305.31,SSP3-7.0
2030-06-06,0.0,33.406,31.448,9.236,279.65,SSP3-7.0
2030-06-07,0.0,31.507,38.889,12.697,264.86,SSP3-7.0
2030-06-08,0.0,32.688,38.868,8.927,298.62,SSP3-7.0
2030-06-09,1.102,30.208,48.838,7.049,249.34,SSP3-7.0
2030-06-10,0.0092,31.465,45.387,9.608,284.29,SSP3-7.0
2030-06-11,0.1217,32.923,40.759,9.884,294.57,SSP3-7.0
2030-06-12,0.0,32.769,45.28,15.973,261.98,SSP3-7.0
2030-06-13,0.0771,33.452,42.986,17.22,295.94,SSP3-7.0
2030-06-14,0.1314,30.0,52.167,15.293,261.67,SSP3-7.0
2030-06-15,13.1704,29.32,59.337,12.425,248.81,SSP3-7.0
2030-06-16,3.1165,28.49,64.95,8.824,236.13,SSP3-7.0
2030-06-17,0.0,30.677,58.335,10.75,291.23,SSP3-7.0
2030-06-18,10.168,30.84,56.662,15.192,285.94,SSP3-7.0
2030-06-19,22.6397,27.09,79.862,16.196,193.9,SSP3-7.0
2030-06-20,3.3767,27.202,79.862,15.848,206.29,SSP3-7.0
2030-06-21,0.9889,27.519,76.587,16.26,226.24,SSP3-7.0
2030-06-22,2.6043,26.755,83.572,13.098,206.11,SSP3-7.0
2030-06-23,0.0,27.992,73.831,17.728,232.36,SSP3-7.0
2030-06-24,0.0,29.082,65.749,17.044,273.16,SSP3-7.0
2030-06-25,0.3139,28.065,75.346,16.139,225.72,SSP3-7.0
2030-06-26,0.8298,28.293,73.85,15.644,246.49,SSP3-7.0
2030-06-27,0.0,28.692,66.927,16.562,263.39,SSP3-7.0
2030-06-28,0.7086,28.623,69.0,15.839,267.85,SSP3-7.0
2030-06-29,1.4627,28.239,74.999,15.319,246.86,SSP3-7.0
2030-06-30,14.0246,27.686,81.322,13.21,231.49,SSP3-7.0
2030-07-01,18.8131,25.69,88.455,11.963,211.17,SSP3-7.0
2030-07-02,51.6518,25.212,92.71,14.731,192.82,SSP3-7.0
2030-07-03,35.853,24.624,93.011,17.875,154.6,SSP3-7.0
2030-07-04,0.7629,26.051,83.579,16.255,222.92,SSP3-7.0
2030-07-05,0.8107,26.278,82.474,14.631,238.57,SSP3-7.0
2030-07-06,23.0266,25.335,91.066,11.684,180.12,SSP3-7.0
2030-07-07,22.9384,25.342,90.597,14.734,213.36,SSP3-7.0
2030-07-08,35.3484,25.049,93.665,15.327,148.74,SSP3-7.0
2030-07-09,20.6887,25.209,92.364,14.339,175.79,SSP3-7.0
2030-07-10,0.3261,25.696,89.299,9.717,209.99,SSP3-7.0
2030-07-11,0.0,26.809,81.364,10.823,281.38,SSP3-7.0
2030-07-12,0.0,27.306,81.971,10.393,274.06,SSP3-7.0
2030-07-13,0.0,27.457,79.14,12.167,280.73,SSP3-7.0
2030-07-14,0.0,26.92,81.211,12.392,256.83,SSP3-7.0
2030-07-15,0.0,27.006,82.646,10.725,254.19,SSP3-7.0
2030-07-16,0.0,27.755,78.218,11.634,257.1,SSP3-7.0
2030-07-17,0.0,27.798,72.654,13.84,305.65,SSP3-7.0
2030-07-18,0.0,27.683,73.989,14.191,273.52,SSP3-7.0
2030-07-19,0.0,28.029,74.316,13.35,276.66,SSP3-7.0
2030-07-20,0.0,27.249,77.219,12.567,249.84,SSP3-7.0
2030-07-21,0.0,27.005,78.878,11.971,248.59,SSP3-7.0
2030-07-22,0.0193,26.785,81.974,10.195,243.54,SSP3-7.0
2030-07-23,8.8408,25.572,91.531,6.651,199.53,SSP3-7.0
2030-07-24,8.6659,25.859,90.639,6.921,217.1,SSP3-7.0
2030-07-25,0.8566,26.574,86.66,8.612,236.87,SSP3-7.0
2030-07-26,0.2725,26.352,86.828,9.112,225.72,SSP3-7.0
2030-07-27,0.0,26.53,86.329,8.531,235.36,SSP3-7.0
2030-07-28,0.5913,26.906,85.635,8.51,244.11,SSP3-7.0
2030-07-29,0.9561,26.206,87.852,10.338,233.24,SSP3-7.0
2030-07-30,4.6585,25.333,91.009,9.893,193.52,SSP3-7.0
2030-07-31,5.3568,25.329,91.248,9.888,208.57,SSP3-7.0
2030-08-01,21.4351,26.233,90.834,8.445,226.81,SSP3-7.0
2030-08-02,25.0378,25.904,93.523,8.589,201.58,SSP3-7.0
2030-08-03,24.7393,25.941,94.003,7.064,206.78,SSP3-7.0
2030-08-04,21.0511,26.035,93.246,7.026,214.36,SSP3-7.0
2030-08-05,22.16,26.048,92.752,7.443,214.27,SSP3-7.0
2030-08-06,23.2383,26.2,92.171,5.407,222.65,SSP3-7.0
2030-08-07,14.4991,26.532,90.439,6.59,234.67,SSP3-7.0
2030-08-08,20.0943,26.019,92.84,4.954,220.77,SSP3-7.0
2030-08-09,3.4306,26.094,92.117,6.125,222.2,SSP3-7.0
2030-08-10,0.4142,26.595,88.69,6.794,241.45,SSP3-7.0
2030-08-11,1.2766,26.921,86.9,6.493,266.55,SSP3-7.0
2030-08-12,10.0155,26.866,88.66,7.188,241.07,SSP3-7.0
2030-08-13,0.0,26.725,88.988,7.832,234.54,SSP3-7.0
2030-08-14,0.0,26.621,89.38,7.128,231.96,SSP3-7.0
2030-08-15,0.0,27.266,85.362,7.23,256.89,SSP3-7.0
2030-08-16,0.0,27.778,83.472,6.928,277.6,SSP3-7.0
2030-08-17,10.0353,26.575,90.12,7.581,226.08,SSP3-7.0
2030-08-18,19.5461,26.189,91.503,10.963,214.71,SSP3-7.0
2030-08-19,3.6349,26.029,91.106,10.872,193.77,SSP3-7.0
2030-08-20,16.8217,26.239,91.272,8.68,223.33,SSP3-7.0
2030-08-21,0.1687,26.506,86.143,10.825,244.74,SSP3-7.0
2030-08-22,0.0,26.403,86.009,10.693,245.92,SSP3-7.0
2030-08-23,2.9802,26.037,91.017,9.194,219.12,SSP3-7.0
2030-08-24,10.9798,25.897,94.351,7.78,170.46,SSP3-7.0
2030-08-25,20.3447,25.967,94.371,7.795,191.67,SSP3-7.0
2030-08-26,24.5324,25.913,94.043,9.089,193.54,SSP3-7.0
2030-08-27,0.2285,25.955,91.807,10.43,211.59,SSP3-7.0
2030-08-28,0.0,26.261,87.532,13.155,234.64,SSP3-7.0
2030-08-29,0.0,26.264,88.768,12.165,223.19,SSP3-7.0
2030-08-30,0.0114,26.385,86.454,12.558,221.02,SSP3-7.0
2030-08-31,13.6165,25.987,92.867,10.254,178.22,SSP3-7.0
2030-09-01,7.4618,26.365,94.479,4.737,206.5,SSP3-7.0
2030-09-02,14.8884,26.456,92.434,7.445,223.22,SSP3-7.0
2030-09-03,0.68,26.541,91.033,6.704,223.53,SSP3-7.0
2030-09-04,5.8121,26.732,89.987,5.564,238.07,SSP3-7.0
2030-09-05,11.6965,26.597,91.101,5.527,234.12,SSP3-7.0
2030-09-06,29.0181,26.407,93.737,4.399,220.05,SSP3-7.0
2030-09-07,9.0449,26.594,91.421,9.947,222.95,SSP3-7.0
2030-09-08,0.0,26.774,87.152,12.364,231.51,SSP3-7.0
2030-09-09,0.0,26.637,85.833,13.475,231.51,SSP3-7.0
2030-09-10,0.1321,26.46,86.811,14.549,215.35,SSP3-7.0
2030-09-11,0.2464,26.521,88.707,9.836,218.84,SSP3-7.0
2030-09-12,0.3407,26.19,90.557,7.872,211.46,SSP3-7.0
2030-09-13,0.0,26.439,87.282,6.396,243.02,SSP3-7.0
2030-09-14,0.6056,26.754,86.62,4.384,247.37,SSP3-7.0
2030-09-15,0.0,27.056,85.195,6.108,257.91,SSP3-7.0
2030-09-16,0.445,27.227,86.654,6.888,241.61,SSP3-7.0
2030-09-17,0.3351,26.712,88.749,9.289,211.27,SSP3-7.0
2030-09-18,0.0,26.69,86.957,10.244,231.07,SSP3-7.0
2030-09-19,19.1538,26.498,88.23,15.519,216.27,SSP3-7.0
2030-09-20,2.0615,26.199,87.421,16.277,201.03,SSP3-7.0
2030-09-21,0.0226,26.122,89.691,9.393,199.9,SSP3-7.0
2030-09-22,0.0,26.825,83.627,9.318,255.12,SSP3-7.0
2030-09-23,0.0,26.922,82.705,8.279,258.36,SSP3-7.0
2030-09-24,0.0,26.892,84.597,7.312,238.78,SSP3-7.0
2030-09-25,0.0,27.255,81.459,7.184,266.87,SSP3-7.0
2030-09-26,0.9925,26.926,85.143,6.35,230.44,SSP3-7.0
2030-09-27,0.0,27.891,80.467,5.887,254.72,SSP3-7.0
2030-09-28,0.3122,27.462,85.081,4.822,241.53,SSP3-7.0
2030-09-29,0.3728,27.281,85.815,5.076,235.16,SSP3-7.0
2030-09-30,14.6432,26.496,90.916,4.242,209.96,SSP3-7.0
2030-10-01,0.7508,25.87,87.726,2.972,228.25,SSP3-7.0
2030-10-02,0.1695,26.347,84.816,4.097,245.2,SSP3-7.0
2030-10-03,0.0,26.353,85.393,5.14,239.73,SSP3-7.0
2030-10-04,0.5356,26.43,85.277,4.284,239.26,SSP3-7.0
2030-10-05,0.2934,25.776,86.635,4.098,227.17,SSP3-7.0
2030-10-06,0.019,26.324,84.209,6.282,243.13,SSP3-7.0
2030-10-07,4.0517,25.382,87.907,5.091,229.61,SSP3-7.0
2030-10-08,0.0518,25.808,84.324,4.92,239.95,SSP3-7.0
2030-10-09,0.0954,26.182,82.868,4.803,239.93,SSP3-7.0
2030-10-10,0.0,26.059,82.705,5.076,249.75,SSP3-7.0
2030-10-11,0.0,26.021,84.339,4.259,233.47,SSP3-7.0
2030-10-12,0.0,25.972,82.389,5.208,229.86,SSP3-7.0
2030-10-13,0.0,26.109,80.971,6.362,246.6,SSP3-7.0
2030-10-14,0.0,25.4,81.851,6.881,230.64,SSP3-7.0
2030-10-15,0.0,25.139,82.386,6.914,227.49,SSP3-7.0
2030-10-16,0.8237,25.106,85.114,8.028,230.12,SSP3-7.0
2030-10-17,13.4161,24.36,90.864,8.048,179.26,SSP3-7.0
2030-10-18,20.0802,24.243,90.955,11.632,176.8,SSP3-7.0
2030-10-19,1.1088,24.314,87.099,12.455,184.26,SSP3-7.0
2030-10-20,4.5981,24.404,88.885,7.845,194.39,SSP3-7.0
2030-10-21,29.4765,24.022,92.026,4.696,188.23,SSP3-7.0
2030-10-22,30.2249,23.737,92.056,3.505,185.54,SSP3-7.0
2030-10-23,15.0951,23.794,90.798,4.767,199.32,SSP3-7.0
2030-10-24,0.6361,23.884,89.22,5.073,212.35,SSP3-7.0
2030-10-25,0.305,24.461,86.833,6.448,217.97,SSP3-7.0
2030-10-26,0.0844,24.688,86.459,4.523,231.07,SSP3-7.0
2030-10-27,0.0016,25.284,81.73,5.629,250.36,SSP3-7.0
2030-10-28,0.0,25.265,75.917,3.183,258.97,SSP3-7.0
2030-10-29,0.0,25.346,63.923,5.896,255.87,SSP3-7.0
2030-10-30,0.0,24.651,62.967,6.555,247.48,SSP3-7.0
2030-10-31,0.0,24.138,62.161,5.804,247.04,SSP3-7.0
2030-11-01,0.0,23.621,56.229,4.716,258.06,SSP3-7.0
2030-11-02,0.0,23.436,55.286,3.912,261.0,SSP3-7.0
2030-11-03,0.0,23.381,54.984,5.542,255.67,SSP3-7.0
2030-11-04,0.0,23.655,66.505,5.705,240.3,SSP3-7.0
2030-11-05,0.0,22.63,56.446,7.631,248.5,SSP3-7.0
2030-11-06,0.0,22.274,61.401,4.986,231.17,SSP3-7.0
2030-11-07,0.0,22.106,61.368,5.886,248.99,SSP3-7.0
2030-11-08,0.0,22.544,70.488,6.449,233.71,SSP3-7.0
2030-11-09,0.0,23.346,74.416,8.037,222.34,SSP3-7.0
2030-11-10,0.0,23.197,68.463,6.38,247.35,SSP3-7.0
2030-11-11,0.0,23.316,73.931,5.356,223.25,SSP3-7.0
2030-11-12,0.0,23.907,79.059,6.705,203.48,SSP3-7.0
2030-11-13,0.0,23.993,78.546,6.022,214.26,SSP3-7.0
2030-11-14,0.0,23.84,75.39,6.258,210.36,SSP3-7.0
2030-11-15,0.0,23.783,76.74,6.554,211.9,SSP3-7.0
2030-11-16,0.0,23.629,78.236,6.167,210.78,SSP3-7.0
2030-11-17,0.0,23.612,72.999,6.702,213.74,SSP3-7.0
2030-11-18,0.0,23.586,71.022,7.37,203.85,SSP3-7.0
2030-11-19,0.0,23.311,70.032,9.645,213.52,SSP3-7.0
2030-11-20,0.05,23.163,70.44,9.712,227.53,SSP3-7.0
2030-11-21,0.0037,23.376,65.477,9.616,213.72,SSP3-7.0
2030-11-22,0.013,23.471,62.912,7.345,222.17,SSP3-7.0
2030-11-23,0.0,23.092,63.291,7.818,199.98,SSP3-7.0
2030-11-24,0.0,23.09,61.095,7.05,217.68,SSP3-7.0
2030-11-25,0.0,23.446,56.532,7.351,217.28,SSP3-7.0
2030-11-26,0.0,22.527,57.892,6.497,196.22,SSP3-7.0
2030-11-27,0.0,22.132,55.132,5.28,215.59,SSP3-7.0
2030-11-28,0.0,22.024,53.13,5.934,228.44,SSP3-7.0
2030-11-29,0.0,21.47,53.156,5.958,227.85,SSP3-7.0
2030-11-30,0.0,21.793,51.908,6.2,223.85,SSP3-7.0
2030-12-01,0.0,21.996,50.644,8.412,227.66,SSP3-7.0
2030-12-02,0.0,21.676,47.635,9.706,233.22,SSP3-7.0
2030-12-03,0.0,21.385,46.248,9.727,232.72,SSP3-7.0
2030-12-04,0.0,21.061,43.937,11.137,242.23,SSP3-7.0
2030-12-05,0.0,20.847,45.02,9.922,239.63,SSP3-7.0
2030-12-06,0.0,20.552,42.97,8.308,243.21,SSP3-7.0
2030-12-07,0.0,20.732,45.098,6.457,240.4,SSP3-7.0
2030-12-08,0.0,20.901,42.587,4.583,239.53,SSP3-7.0
2030-12-09,0.0,21.67,51.837,6.052,227.25,SSP3-7.0
2030-12-10,0.0,21.832,63.349,9.24,222.51,SSP3-7.0
2030-12-11,0.0,21.885,75.274,9.185,158.04,SSP3-7.0
2030-12-12,0.0,21.549,77.338,10.436,177.64,SSP3-7.0
2030-12-13,0.0,22.339,65.902,9.848,217.27,SSP3-7.0
2030-12-14,0.0,21.907,67.516,8.419,211.19,SSP3-7.0
2030-12-15,0.0,22.982,59.492,9.579,228.92,SSP3-7.0
2030-12-16,0.0,23.474,58.459,7.645,221.01,SSP3-7.0
2030-12-17,0.0,22.946,58.357,8.417,210.87,SSP3-7.0
2030-12-18,0.0,21.982,46.498,10.706,232.15,SSP3-7.0
2030-12-19,0.0,20.918,40.243,10.278,239.14,SSP3-7.0
2030-12-20,0.0,20.533,39.21,7.268,238.75,SSP3-7.0
2030-12-21,0.0,20.608,42.684,5.559,236.35,SSP3-7.0
2030-12-22,0.0,20.848,45.125,7.161,237.71,SSP3-7.0
2030-12-23,0.0,21.327,53.928,8.181,236.31,SSP3-7.0
2030-12-24,0.0,21.678,56.603,6.903,232.53,SSP3-7.0
2030-12-25,0.0,22.17,52.721,5.465,235.71,SSP3-7.0
2030-12-26,0.0,22.096,54.018,6.608,236.05,SSP3-7.0
2030-12-27,0.0,22.676,49.394,8.737,232.36,SSP3-7.0
2030-12-28,0.0,21.895,62.427,9.221,181.87,SSP3-7.0
2030-12-29,0.0,20.884,78.825,9.398,151.75,SSP3-7.0
2030-12-30,0.0,21.956,55.407,8.775,223.02,SSP3-7.0
2030-12-31,0.0,21.194,44.022,8.113,241.35,SSP3-7.0
2031-01-01,0.0,20.646,40.058,5.933,247.4,SSP3-7.0
2031-01-02,0.0,20.618,45.652,6.964,241.03,SSP3-7.0
2031-01-03,0.0,21.237,49.431,7.903,237.37,SSP3-7.0
2031-01-04,0.0,21.64,50.372,8.407,232.79,SSP3-7.0
2031-01-05,0.0,21.062,45.129,9.87,235.39,SSP3-7.0
2031-01-06,0.0,20.572,40.323,10.742,238.04,SSP3-7.0
2031-01-07,0.0,20.355,39.401,10.585,238.21,SSP3-7.0
2031-01-08,0.0,21.869,42.145,10.859,221.83,SSP3-7.0
2031-01-09,0.0,20.688,66.459,7.711,168.83,SSP3-7.0
2031-01-10,0.0,17.884,79.531,7.613,118.27,SSP3-7.0
2031-01-11,0.0,21.895,58.453,5.849,205.74,SSP3-7.0
2031-01-12,0.0,20.811,69.357,5.411,181.9,SSP3-7.0
2031-01-13,0.0,21.389,57.516,6.08,199.14,SSP3-7.0
2031-01-14,0.0,20.549,48.857,7.744,199.17,SSP3-7.0
2031-01-15,0.0,21.062,46.982,8.909,216.58,SSP3-7.0
2031-01-16,0.0,21.178,47.859,8.657,227.95,SSP3-7.0
2031-01-17,0.0,21.223,48.348,6.389,221.76,SSP3-7.0
2031-01-18,0.0,21.859,51.207,6.003,234.57,SSP3-7.0
2031-01-19,0.0,22.183,49.67,5.799,237.65,SSP3-7.0
2031-01-20,0.0,22.517,49.637,5.914,242.55,SSP3-7.0
2031-01-21,0.0,22.517,51.439,5.034,227.46,SSP3-7.0
2031-01-22,0.0,22.997,50.857,8.342,236.92,SSP3-7.0
2031-01-23,0.0,23.195,50.331,7.721,238.89,SSP3-7.0
2031-01-24,0.0,23.344,51.772,8.268,242.32,SSP3-7.0
2031-01-25,0.0,23.555,49.672,9.028,247.42,SSP3-7.0
2031-01-26,0.0,23.75,47.047,11.311,249.83,SSP3-7.0
2031-01-27,0.0,24.143,48.063,12.857,234.93,SSP3-7.0
2031-01-28,0.0,23.865,53.356,8.406,230.77,SSP3-7.0
2031-01-29,0.0,23.628,52.477,10.275,213.32,SSP3-7.0
2031-01-30,0.0,23.913,54.854,9.475,208.4,SSP3-7.0
2031-01-31,0.0,23.436,53.212,10.841,202.88,SSP3-7.0
2031-02-01,0.0,24.05,49.707,10.388,255.25,SSP3-7.0
2031-02-02,0.0,24.28,47.329,9.21,259.58,SSP3-7.0
2031-02-03,0.0,24.377,50.433,9.115,241.1,SSP3-7.0
2031-02-04,0.0,24.328,51.34,10.268,221.01,SSP3-7.0
2031-02-05,0.0,23.561,50.529,13.64,227.6,SSP3-7.0
2031-02-06,0.0,23.065,53.499,11.935,191.55,SSP3-7.0
2031-02-07,0.0,23.151,57.962,8.606,207.78,SSP3-7.0
2031-02-08,0.0,24.453,49.137,7.825,262.61,SSP3-7.0
2031-02-09,0.0,24.177,47.802,11.988,244.21,SSP3-7.0
2031-02-10,0.0,24.002,49.596,14.862,202.94,SSP3-7.0
2031-02-11,0.0,22.33,66.739,9.446,169.86,SSP3-7.0
2031-02-12,0.0001,22.169,81.904,8.61,168.18,SSP3-7.0
2031-02-13,0.0001,23.063,81.505,4.357,190.48,SSP3-7.0
2031-02-14,0.0012,22.402,79.783,6.518,156.72,SSP3-7.0
2031-02-15,0.0001,22.333,80.853,6.585,168.49,SSP3-7.0
2031-02-16,0.0001,23.26,72.356,7.494,188.15,SSP3-7.0
2031-02-17,0.0,23.979,62.469,7.649,225.68,SSP3-7.0
2031-02-18,0.0,24.583,53.044,9.026,245.26,SSP3-7.0
2031-02-19,0.0,23.731,32.997,11.584,294.59,SSP3-7.0
2031-02-20,0.0,23.375,32.155,10.572,295.82,SSP3-7.0
2031-02-21,0.0,23.192,33.24,4.94,295.94,SSP3-7.0
2031-02-22,0.0,23.705,33.923,4.855,300.43,SSP3-7.0
2031-02-23,0.0,24.728,34.451,4.887,291.08,SSP3-7.0
2031-02-24,0.0,25.136,35.151,6.2,278.2,SSP3-7.0
2031-02-25,0.0,25.212,32.68,7.322,295.69,SSP3-7.0
2031-02-26,0.0,25.429,30.755,6.928,289.47,SSP3-7.0
2031-02-27,0.0,26.179,31.928,6.771,285.37,SSP3-7.0
2031-02-28,0.0,26.06,32.445,7.219,287.53,SSP3-7.0
2031-03-01,0.0,26.659,36.111,9.829,302.75,SSP3-7.0
2031-03-02,0.0,27.774,40.389,6.785,295.8,SSP3-7.0
2031-03-03,0.0,28.069,40.849,7.342,275.79,SSP3-7.0
2031-03-04,0.0,27.206,32.702,7.599,297.71,SSP3-7.0
2031-03-05,0.0,26.796,31.398,4.831,309.26,SSP3-7.0
2031-03-06,0.0,27.67,33.393,7.365,298.58,SSP3-7.0
2031-03-07,0.0,28.193,34.279,5.306,276.16,SSP3-7.0
2031-03-08,0.0,27.882,31.215,5.052,301.22,SSP3-7.0
2031-03-09,0.0,27.654,29.347,4.818,311.16,SSP3-7.0
2031-03-10,0.0,27.946,30.098,4.587,295.17,SSP3-7.0
2031-03-11,0.0,28.147,30.732,6.422,309.54,SSP3-7.0
2031-03-12,0.0,28.309,31.697,8.249,310.85,SSP3-7.0
2031-03-13,0.0,28.693,29.639,8.652,312.27,SSP3-7.0
2031-03-14,0.0,28.729,30.324,8.228,312.37,SSP3-7.0
2031-03-15,0.0,28.681,29.472,7.077,300.62,SSP3-7.0
2031-03-16,0.0,28.708,28.472,7.131,309.88,SSP3-7.0
2031-03-17,0.0,28.803,27.198,8.233,310.36,SSP3-7.0
2031-03-18,0.0,29.244,26.289,7.609,308.15,SSP3-7.0
2031-03-19,0.0,28.998,27.388,8.843,311.94,SSP3-7.0
2031-03-20,0.0,29.426,29.722,9.813,292.31,SSP3-7.0
2031-03-21,0.0,29.567,30.551,9.643,292.89,SSP3-7.0
2031-03-22,0.0003,27.374,40.986,6.826,223.49,SSP3-7.0
2031-03-23,0.0,28.909,30.913,6.811,280.33,SSP3-7.0
2031-03-24,0.0,29.539,28.03,6.615,293.28,SSP3-7.0
2031-03-25,0.0,29.799,33.29,9.376,294.32,SSP3-7.0
2031-03-26,0.0,29.999,33.75,10.136,292.37,SSP3-7.0
2031-03-27,0.0,29.367,30.64,8.841,281.46,SSP3-7.0
2031-03-28,0.0,29.335,29.309,10.842,303.67,SSP3-7.0
2031-03-29,0.0,29.192,31.642,10.99,265.66,SSP3-7.0
2031-03-30,0.0,28.869,31.268,9.749,261.21,SSP3-7.0
2031-03-31,0.0,29.343,30.724,9.024,276.09,SSP3-7.0
2031-04-01,0.0,28.357,35.651,8.547,244.5,SSP3-7.0
2031-04-02,0.0,28.267,35.02,6.203,255.2,SSP3-7.0
2031-04-03,0.0,28.394,30.206,4.494,298.64,SSP3-7.0
2031-04-04,0.0,29.422,30.612,4.708,281.49,SSP3-7.0
2031-04-05,0.0,29.625,32.699,5.328,268.43,SSP3-7.0
2031-04-06,0.0,29.8,33.502,4.811,277.18,SSP3-7.0
2031-04-07,0.0,29.881,30.497,5.794,263.49,SSP3-7.0
2031-04-08,0.0,29.084,31.104,5.379,250.5,SSP3-7.0
2031-04-09,0.0006,29.446,32.66,5.556,255.9,SSP3-7.0
2031-04-10,0.0,29.819,30.955,6.594,313.44,SSP3-7.0
2031-04-11,0.0263,30.83,30.279,6.444,297.14,SSP3-7.0
2031-04-12,0.1084,30.683,31.949,6.731,249.75,SSP3-7.0
2031-04-13,0.0112,30.987,29.894,5.338,306.57,SSP3-7.0
2031-04-14,0.107,31.123,30.696,5.395,304.65,SSP3-7.0
2031-04-15,0.095,30.487,34.026,8.552,299.12,SSP3-7.0
2031-04-16,0.0666,29.897,32.995,7.182,280.67,SSP3-7.0
2031-04-17,0.0,30.017,27.717,4.224,336.29,SSP3-7.0
2031-04-18,0.0,29.951,28.513,4.905,337.42,SSP3-7.0
2031-04-19,0.0,29.902,27.636,6.354,331.57,SSP3-7.0
2031-04-20,0.0,30.759,26.337,7.54,323.7,SSP3-7.0
2031-04-21,0.0,31.057,25.497,5.733,324.39,SSP3-7.0
2031-04-22,0.0,31.085,23.768,6.546,328.85,SSP3-7.0
2031-04-23,0.0,31.348,22.759,7.114,333.01,SSP3-7.0
2031-04-24,0.0,31.124,22.14,7.778,319.59,SSP3-7.0
2031-04-25,0.0,30.731,21.42,7.49,339.56,SSP3-7.0
2031-04-26,0.0,31.555,20.564,9.134,337.63,SSP3-7.0
2031-04-27,0.0,31.449,20.223,10.184,338.78,SSP3-7.0
2031-04-28,0.0,31.297,20.627,9.889,339.46,SSP3-7.0
2031-04-29,0.0,31.427,20.51,10.266,334.85,SSP3-7.0
2031-04-30,0.0,31.658,21.233,6.456,344.33,SSP3-7.0
2031-05-01,0.0,33.022,20.785,5.998,336.12,SSP3-7.0
2031-05-02,0.0,33.102,19.325,11.324,341.19,SSP3-7.0
2031-05-03,0.0,32.796,19.483,11.556,344.76,SSP3-7.0
2031-05-04,0.0,32.883,22.197,5.329,254.75,SSP3-7.0
2031-05-05,0.0,32.975,24.607,4.795,294.66,SSP3-7.0
2031-05-06,15.2465,31.571,33.878,4.896,264.25,SSP3-7.0
2031-05-07,1.2207,25.386,67.37,4.832,167.54,SSP3-7.0
2031-05-08,0.0,30.614,38.499,8.625,312.47,SSP3-7.0
2031-05-09,0.0,31.545,32.117,10.072,325.15,SSP3-7.0
2031-05-10,0.0,31.812,29.05,9.689,327.95,SSP3-7.0
2031-05-11,0.0,32.407,30.164,9.953,260.41,SSP3-7.0
2031-05-12,0.0197,32.726,27.731,9.318,297.45,SSP3-7.0
2031-05-13,0.4352,32.635,30.721,10.998,304.53,SSP3-7.0
2031-05-14,0.0,32.663,26.068,11.047,325.16,SSP3-7.0
2031-05-15,0.0,32.746,25.633,8.704,347.22,SSP3-7.0
2031-05-16,0.0041,32.671,26.309,8.848,330.34,SSP3-7.0
2031-05-17,0.5172,31.738,39.135,7.266,255.51,SSP3-7.0
2031-05-18,0.6091,31.941,37.839,9.145,278.44,SSP3-7.0
2031-05-19,0.0,32.187,34.768,10.232,279.15,SSP3-7.0
2031-05-20,0.0,32.91,26.358,9.723,308.88,SSP3-7.0
2031-05-21,0.0,33.01,24.581,9.009,343.14,SSP3-7.0
2031-05-22,0.0142,32.934,28.09,6.765,303.77,SSP3-7.0
2031-05-23,0.6461,32.562,38.428,8.875,267.91,SSP3-7.0
2031-05-24,1.5721,32.272,41.221,6.454,298.11,SSP3-7.0
2031-05-25,0.2311,32.266,42.005,4.88,303.74,SSP3-7.0
2031-05-26,0.1277,31.215,44.214,6.24,281.91,SSP3-7.0
2031-05-27,0.0,32.24,33.971,7.441,320.67,SSP3-7.0
2031-05-28,0.0252,32.404,38.41,11.565,315.92,SSP3-7.0
2031-05-29,0.0,31.472,45.13,10.934,298.6,SSP3-7.0
2031-05-30,0.0848,29.636,58.822,11.68,249.39,SSP3-7.0
2031-05-31,0.5064,30.105,60.927,13.178,253.55,SSP3-7.0
2031-06-01,0.216,30.993,53.286,12.199,255.04,SSP3-7.0
2031-06-02,0.0,31.774,44.23,11.918,268.47,SSP3-7.0
2031-06-03,0.0,32.386,39.808,13.702,304.51,SSP3-7.0
2031-06-04,1.57,31.645,52.756,11.934,277.96,SSP3-7.0
2031-06-05,0.3559,28.892,66.04,10.349,240.64,SSP3-7.0
2031-06-06,0.0,32.979,46.766,12.513,305.7,SSP3-7.0
2031-06-07,0.0,33.605,39.779,12.594,306.24,SSP3-7.0
2031-06-08,0.0,34.156,33.431,11.543,312.76,SSP3-7.0
2031-06-09,0.0,34.019,33.704,12.469,291.75,SSP3-7.0
2031-06-10,0.0,34.75,31.288,13.773,303.09,SSP3-7.0
2031-06-11,0.0,34.874,30.603,15.256,305.2,SSP3-7.0
2031-06-12,0.0,34.892,31.904,14.131,301.17,SSP3-7.0
2031-06-13,0.0,35.138,33.609,13.555,306.23,SSP3-7.0
2031-06-14,0.107,32.022,40.652,11.198,278.79,SSP3-7.0
2031-06-15,0.0,33.36,41.404,10.613,283.48,SSP3-7.0
2031-06-16,2.6615,30.583,56.165,12.1,243.82,SSP3-7.0
2031-06-17,0.0,28.513,62.158,16.45,234.86,SSP3-7.0
2031-06-18,0.0,31.314,50.162,18.992,306.03,SSP3-7.0
2031-06-19,0.0,30.099,52.588,16.783,268.49,SSP3-7.0
2031-06-20,0.0,31.578,50.899,14.105,274.7,SSP3-7.0
2031-06-21,0.0927,31.068,54.871,14.158,269.23,SSP3-7.0
2031-06-22,5.343,30.092,62.187,13.084,250.53,SSP3-7.0
2031-06-23,1.8184,30.801,57.912,11.818,293.32,SSP3-7.0
2031-06-24,0.0468,30.725,56.435,12.474,289.19,SSP3-7.0
2031-06-25,0.0,30.592,53.046,12.323,282.11,SSP3-7.0
2031-06-26,0.0,32.637,44.023,10.891,306.67,SSP3-7.0
2031-06-27,0.0,31.881,47.687,13.758,275.57,SSP3-7.0
2031-06-28,0.0,31.535,51.235,12.992,290.92,SSP3-7.0
2031-06-29,0.6373,30.963,55.563,12.845,290.51,SSP3-7.0
2031-06-30,0.2386,30.763,57.115,11.15,288.6,SSP3-7.0
2031-07-01,12.0835,26.976,78.258,7.71,213.61,SSP3-7.0
2031-07-02,24.174,25.671,92.023,6.382,208.58,SSP3-7.0
2031-07-03,11.0887,25.669,89.701,5.531,223.74,SSP3-7.0
2031-07-04,0.0051,27.357,77.217,12.416,254.06,SSP3-7.0
2031-07-05,0.0,27.585,69.69,17.944,276.78,SSP3-7.0
2031-07-06,37.1979,25.845,83.017,16.61,208.17,SSP3-7.0
2031-07-07,52.6296,25.749,94.791,12.475,132.97,SSP3-7.0
2031-07-08,14.429,25.29,90.689,15.059,186.04,SSP3-7.0
2031-07-09,0.0852,25.804,84.976,15.572,226.2,SSP3-7.0
2031-07-10,10.9902,25.961,87.35,13.579,232.65,SSP3-7.0
2031-07-11,3.0578,25.623,90.018,12.961,208.28,SSP3-7.0
2031-07-12,10.2016,25.722,88.613,15.983,212.1,SSP3-7.0
2031-07-13,31.4408,25.173,93.229,16.06,159.66,SSP3-7.0
2031-07-14,15.2083,25.162,91.314,15.136,192.6,SSP3-7.0
2031-07-15,17.5487,25.128,92.029,15.954,178.79,SSP3-7.0
2031-07-16,29.8392,25.156,92.318,15.734,209.01,SSP3-7.0
2031-07-17,0.7093,25.128,91.005,15.534,203.42,SSP3-7.0
2031-07-18,2.1496,25.291,90.333,13.825,202.59,SSP3-7.0
2031-07-19,1.1848,26.159,87.285,16.337,224.13,SSP3-7.0
2031-07-20,0.4859,25.983,87.463,14.178,216.46,SSP3-7.0
2031-07-21,0.1808,25.808,87.756,12.878,221.27,SSP3-7.0
2031-07-22,0.0,26.286,87.718,11.478,228.43,SSP3-7.0
2031-07-23,0.013,26.927,83.492,14.208,246.2,SSP3-7.0
2031-07-24,0.0,26.75,82.558,14.169,249.59,SSP3-7.0
2031-07-25,0.0682,26.661,85.69,13.762,231.06,SSP3-7.0
2031-07-26,24.3434,25.173,90.592,14.533,202.24,SSP3-7.0
2031-07-27,42.6588,24.868,94.687,12.597,146.69,SSP3-7.0
2031-07-28,25.0473,25.011,93.917,11.784,163.09,SSP3-7.0
2031-07-29,0.0,25.023,91.516,10.774,205.16,SSP3-7.0
2031-07-30,4.6452,25.742,89.916,9.982,219.93,SSP3-7.0
2031-07-31,5.0747,25.862,89.016,10.82,243.85,SSP3-7.0
2031-08-01,0.0159,26.701,89.248,10.054,223.29,SSP3-7.0
2031-08-02,0.081,27.272,84.433,12.189,252.81,SSP3-7.0
2031-08-03,7.0307,27.182,87.265,10.755,234.79,SSP3-7.0
2031-08-04,0.0,26.623,90.243,10.136,200.82,SSP3-7.0
2031-08-05,0.0,27.382,83.59,11.258,256.04,SSP3-7.0
2031-08-06,0.0,27.953,80.237,11.296,275.74,SSP3-7.0
2031-08-07,0.0,27.68,80.844,11.969,265.45,SSP3-7.0
2031-08-08,0.0,27.644,79.875,12.078,281.74,SSP3-7.0
2031-08-09,0.0,27.68,80.129,14.092,269.92,SSP3-7.0
2031-08-10,0.0,26.826,85.066,12.061,227.68,SSP3-7.0
2031-08-11,0.2468,27.063,84.914,10.496,233.48,SSP3-7.0
2031-08-12,0.5194,27.217,83.256,10.68,267.11,SSP3-7.0
2031-08-13,0.0,27.577,79.703,11.676,262.23,SSP3-7.0
2031-08-14,0.0,27.501,81.328,10.179,274.5,SSP3-7.0
2031-08-15,0.0375,27.923,81.593,10.08,267.4,SSP3-7.0
2031-08-16,0.0,28.159,79.88,10.042,266.51,SSP3-7.0
2031-08-17,0.0,27.509,85.867,8.504,229.56,SSP3-7.0
2031-08-18,1.0,26.873,88.113,8.189,222.1,SSP3-7.0
2031-08-19,8.0032,26.804,89.174,9.726,223.62,SSP3-7.0
2031-08-20,31.7474,26.55,92.135,9.465,217.1,SSP3-7.0
2031-08-21,30.6907,26.563,96.158,9.852,185.85,SSP3-7.0
2031-08-22,19.6209,26.359,93.747,10.54,190.58,SSP3-7.0
2031-08-23,30.4391,26.334,94.073,8.904,205.84,SSP3-7.0
2031-08-24,31.3442,26.218,95.342,8.508,188.55,SSP3-7.0
2031-08-25,30.6903,26.033,95.43,7.692,193.58,SSP3-7.0
2031-08-26,0.5302,26.644,89.087,10.92,223.09,SSP3-7.0
2031-08-27,2.7514,27.127,86.7,9.572,247.76,SSP3-7.0
2031-08-28,0.8005,27.188,88.395,5.647,243.61,SSP3-7.0
2031-08-29,0.3415,27.437,85.524,8.315,261.06,SSP3-7.0
2031-08-30,21.6685,26.814,92.825,7.068,211.35,SSP3-7.0
2031-08-31,5.1626,26.634,91.324,8.621,221.5,SSP3-7.0
2031-09-01,0.0,26.664,86.412,9.974,243.79,SSP3-7.0
2031-09-02,0.0,26.973,86.579,7.834,250.8,SSP3-7.0
2031-09-03,0.0,27.278,83.805,6.346,265.08,SSP3-7.0
2031-09-04,0.0062,27.319,84.291,3.946,265.49,SSP3-7.0
2031-09-05,0.3356,27.466,85.027,4.735,257.78,SSP3-7.0
2031-09-06,26.8023,26.464,91.618,8.756,215.17,SSP3-7.0
2031-09-07,0.0,26.93,82.419,11.626,253.97,SSP3-7.0
2031-09-08,0.0,27.177,81.836,9.387,268.69,SSP3-7.0
2031-09-09,0.0,27.76,79.177,9.857,271.7,SSP3-7.0
2031-09-10,0.0,27.877,78.511,9.572,280.29,SSP3-7.0
2031-09-11,0.0,27.879,81.191,8.399,260.8,SSP3-7.0
2031-09-12,0.6242,27.446,83.778,7.536,246.05,SSP3-7.0
2031-09-13,4.3505,27.327,86.976,7.331,248.55,SSP3-7.0
2031-09-14,0.0679,27.227,85.746,8.625,238.96,SSP3-7.0
2031-09-15,0.0,27.092,84.7,8.994,224.52,SSP3-7.0
2031-09-16,0.0,27.594,81.029,9.74,244.61,SSP3-7.0
2031-09-17,0.0,27.447,81.351,8.731,246.22,SSP3-7.0
2031-09-18,0.0,27.217,80.435,8.009,247.26,SSP3-7.0
2031-09-19,0.0,27.105,84.323,4.993,243.83,SSP3-7.0
2031-09-20,4.479,26.621,90.568,4.016,228.01,SSP3-7.0
2031-09-21,10.0816,26.542,90.353,3.145,223.41,SSP3-7.0
2031-09-22,0.3725,26.935,86.122,4.035,247.7,SSP3-7.0
2031-09-23,0.0,27.521,79.667,5.896,260.17,SSP3-7.0
2031-09-24,0.0,27.312,81.731,6.355,244.82,SSP3-7.0
2031-09-25,3.16,26.756,86.964,4.543,231.05,SSP3-7.0
2031-09-26,1.6478,26.653,87.322,3.367,234.91,SSP3-7.0
2031-09-27,0.0092,26.814,83.689,3.391,246.28,SSP3-7.0
2031-09-28,0.0,27.445,79.067,5.854,250.43,SSP3-7.0
2031-09-29,0.0,27.595,75.918,5.659,264.43,SSP3-7.0
2031-09-30,0.0,27.032,78.231,6.864,260.37,SSP3-7.0
2031-10-01,0.2934,26.367,78.777,6.965,267.77,SSP3-7.0
2031-10-02,0.0,25.18,84.17,8.895,221.47,SSP3-7.0
2031-10-03,0.0,27.141,73.129,5.694,269.94,SSP3-7.0
2031-10-04,0.0,26.218,69.029,9.215,233.55,SSP3-7.0
2031-10-05,0.0,25.792,74.512,10.193,228.11,SSP3-7.0
2031-10-06,0.4346,26.007,75.452,8.991,233.81,SSP3-7.0
2031-10-07,0.0,26.142,75.269,8.297,251.17,SSP3-7.0
2031-10-08,0.0,26.735,74.568,8.372,248.09,SSP3-7.0
2031-10-09,0.0,26.59,73.334,9.854,235.12,SSP3-7.0
2031-10-10,0.0,27.787,69.031,12.874,245.22,SSP3-7.0
2031-10-11,0.0,25.606,77.126,12.555,216.31,SSP3-7.0
2031-10-12,0.0,27.101,69.173,12.524,232.26,SSP3-7.0
2031-10-13,0.0,25.171,80.587,11.485,209.37,SSP3-7.0
2031-10-14,0.0,24.949,81.567,10.623,203.58,SSP3-7.0
2031-10-15,0.0,26.962,67.897,9.741,258.89,SSP3-7.0
2031-10-16,0.0,27.779,69.122,8.229,250.43,SSP3-7.0
2031-10-17,0.0304,27.291,77.438,8.365,256.28,SSP3-7.0
2031-10-18,0.0995,25.527,82.111,9.037,210.24,SSP3-7.0
2031-10-19,0.365,24.798,82.748,7.877,222.17,SSP3-7.0
2031-10-20,0.0,26.113,73.254,5.938,254.94,SSP3-7.0
2031-10-21,0.0,25.704,78.411,6.606,238.27,SSP3-7.0
2031-10-22,0.0,24.787,84.686,4.94,194.85,SSP3-7.0
2031-10-23,0.0418,24.35,83.696,4.834,193.11,SSP3-7.0
2031-10-24,1.6625,24.179,84.285,6.828,203.72,SSP3-7.0
2031-10-25,2.5362,23.727,87.37,8.46,188.9,SSP3-7.0
2031-10-26,0.7947,23.021,89.085,7.378,179.28,SSP3-7.0
2031-10-27,0.0,25.931,80.386,6.115,231.05,SSP3-7.0
2031-10-28,0.0,26.464,70.374,5.776,228.09,SSP3-7.0
2031-10-29,0.0,26.2,57.415,7.918,233.84,SSP3-7.0
2031-10-30,0.0,23.541,81.233,7.437,183.89,SSP3-7.0
2031-10-31,0.0,24.294,77.319,9.512,192.04,SSP3-7.0
2031-11-01,0.0,24.564,55.888,12.695,197.64,SSP3-7.0
2031-11-02,0.0,24.854,56.26,13.106,202.84,SSP3-7.0
2031-11-03,0.0,25.713,49.562,14.209,225.19,SSP3-7.0
2031-11-04,0.0,24.793,50.873,13.264,254.6,SSP3-7.0
2031-11-05,0.0,24.548,51.593,12.081,253.32,SSP3-7.0
2031-11-06,0.0,24.657,54.658,11.869,249.88,SSP3-7.0
2031-11-07,0.0,22.752,40.25,9.983,256.71,SSP3-7.0
2031-11-08,0.0,22.375,39.215,5.083,258.35,SSP3-7.0
2031-11-09,0.0,22.642,52.492,4.37,249.15,SSP3-7.0
2031-11-10,0.0,24.075,60.013,7.463,236.94,SSP3-7.0
2031-11-11,0.0,24.174,59.353,7.898,233.08,SSP3-7.0
2031-11-12,0.0,23.937,59.886,6.607,244.99,SSP3-7.0
2031-11-13,0.0,23.814,60.23,7.156,241.96,SSP3-7.0
2031-11-14,0.0,23.604,56.745,6.681,246.45,SSP3-7.0
2031-11-15,0.0,23.394,54.92,5.329,240.08,SSP3-7.0
2031-11-16,0.0,23.276,51.56,5.194,238.97,SSP3-7.0
2031-11-17,0.0,23.336,51.718,6.125,230.2,SSP3-7.0
2031-11-18,0.0,23.538,49.78,4.548,224.62,SSP3-7.0
2031-11-19,0.0,23.92,50.586,4.699,220.97,SSP3-7.0
2031-11-20,0.0,24.172,55.077,7.259,221.99,SSP3-7.0
2031-11-21,0.0,24.529,64.836,9.154,225.2,SSP3-7.0
2031-11-22,0.0,24.09,67.427,7.011,217.83,SSP3-7.0
2031-11-23,0.0,23.902,61.492,8.696,213.29,SSP3-7.0
2031-11-24,0.0,23.183,57.117,9.21,218.98,SSP3-7.0
2031-11-25,0.0,22.756,50.599,8.236,237.22,SSP3-7.0
2031-11-26,0.0,22.645,47.795,7.181,241.5,SSP3-7.0
2031-11-27,0.0,22.877,50.769,7.562,232.73,SSP3-7.0
2031-11-28,0.0,23.031,53.697,8.231,228.45,SSP3-7.0
2031-11-29,0.0,22.779,48.004,9.494,222.7,SSP3-7.0
2031-11-30,0.0,21.97,57.054,9.049,209.61,SSP3-7.0
2031-12-01,0.0,22.278,52.883,8.634,211.14,SSP3-7.0
2031-12-02,0.0,21.826,48.349,8.054,233.58,SSP3-7.0
2031-12-03,0.0,21.819,46.378,8.905,238.59,SSP3-7.0
2031-12-04,0.0,21.589,46.511,6.904,234.46,SSP3-7.0
2031-12-05,0.0,21.868,48.718,6.907,234.36,SSP3-7.0
2031-12-06,0.0,21.892,48.192,7.289,228.99,SSP3-7.0
2031-12-07,0.0,21.753,44.338,4.65,223.54,SSP3-7.0
2031-12-08,0.0,21.909,39.591,5.602,229.82,SSP3-7.0
2031-12-09,0.0,22.066,40.044,5.816,221.83,SSP3-7.0
2031-12-10,0.0,22.074,43.779,5.926,223.63,SSP3-7.0
2031-12-11,0.0,21.845,41.493,4.655,230.97,SSP3-7.0
2031-12-12,0.0,21.794,40.844,5.321,232.1,SSP3-7.0
2031-12-13,0.0,22.052,39.968,6.084,233.33,SSP3-7.0
2031-12-14,0.0,22.028,42.305,6.225,229.79,SSP3-7.0
2031-12-15,0.0,21.61,37.606,5.105,234.78,SSP3-7.0
2031-12-16,0.0,21.311,37.917,6.001,219.54,SSP3-7.0
2031-12-17,0.0,21.151,40.982,4.266,220.78,SSP3-7.0
2031-12-18,0.0,21.227,38.647,4.491,227.47,SSP3-7.0
2031-12-19,0.0,21.282,37.601,5.544,226.69,SSP3-7.0
2031-12-20,0.0,21.011,40.571,5.341,225.07,SSP3-7.0
2031-12-21,0.0,21.288,41.209,6.657,222.24,SSP3-7.0
2031-12-22,0.0,21.062,41.786,5.493,234.67,SSP3-7.0
2031-12-23,0.0,21.36,46.592,6.206,230.28,SSP3-7.0
2031-12-24,0.0,21.959,49.116,5.711,226.91,SSP3-7.0
2031-12-25,0.0,22.352,46.261,4.823,228.05,SSP3-7.0
2031-12-26,0.0,22.379,45.246,5.976,222.56,SSP3-7.0
2031-12-27,0.0,21.462,43.782,4.891,216.13,SSP3-7.0
2031-12-28,0.0,21.501,47.089,5.268,233.61,SSP3-7.0
2031-12-29,0.0,22.257,48.674,10.457,212.76,SSP3-7.0
2031-12-30,0.0,22.168,47.702,9.413,235.81,SSP3-7.0
2031-12-31,0.0,22.111,49.765,7.855,232.59,SSP3-7.0
2032-01-01,0.0,22.042,48.362,9.503,227.46,SSP3-7.0
2032-01-02,0.0,22.073,47.06,9.187,242.69,SSP3-7.0
2032-01-03,0.0,22.078,50.446,8.585,229.34,SSP3-7.0
2032-01-04,0.0,22.401,49.258,10.71,223.17,SSP3-7.0
2032-01-05,0.0,21.826,51.617,11.228,203.67,SSP3-7.0
2032-01-06,0.0,22.505,46.297,10.867,245.73,SSP3-7.0
2032-01-07,0.0,22.484,48.061,8.833,233.36,SSP3-7.0
2032-01-08,0.0,22.792,46.735,8.499,240.37,SSP3-7.0
2032-01-09,0.0,23.029,47.058,9.241,232.89,SSP3-7.0
2032-01-10,0.0,23.016,49.226,10.093,232.17,SSP3-7.0
2032-01-11,0.0,23.182,48.075,9.512,229.4,SSP3-7.0
2032-01-12,0.0,23.216,50.537,8.149,209.45,SSP3-7.0
2032-01-13,0.0,21.737,54.933,10.978,203.68,SSP3-7.0
2032-01-14,0.0,22.858,50.962,10.781,237.08,SSP3-7.0
2032-01-15,0.0,23.105,48.282,10.573,244.42,SSP3-7.0
2032-01-16,0.0,23.545,47.795,10.084,227.68,SSP3-7.0
2032-01-17,0.0,23.715,46.937,9.493,223.48,SSP3-7.0
2032-01-18,0.0,24.164,45.985,7.394,240.59,SSP3-7.0
2032-01-19,0.0,24.029,48.802,10.483,230.4,SSP3-7.0
2032-01-20,0.0,23.302,39.878,10.754,236.81,SSP3-7.0
2032-01-21,0.0,22.924,39.082,9.733,250.42,SSP3-7.0
2032-01-22,0.0,22.935,50.756,9.496,233.13,SSP3-7.0
2032-01-23,0.0,23.139,47.707,9.702,232.93,SSP3-7.0
2032-01-24,0.0,22.817,46.367,10.802,239.74,SSP3-7.0
2032-01-25,0.0,22.841,45.1,10.807,237.1,SSP3-7.0
2032-01-26,0.0,23.444,47.633,9.122,240.7,SSP3-7.0
2032-01-27,0.0,23.954,47.483,10.492,249.86,SSP3-7.0
2032-01-28,0.0,24.123,46.527,7.461,248.76,SSP3-7.0
2032-01-29,0.0,24.472,45.816,8.311,242.21,SSP3-7.0
2032-01-30,0.0,24.939,41.085,13.116,251.24,SSP3-7.0
2032-01-31,0.0,24.685,42.272,10.25,252.44,SSP3-7.0
2032-02-01,0.0,24.186,38.65,12.141,251.39,SSP3-7.0
2032-02-02,0.0,22.626,23.737,13.871,271.64,SSP3-7.0
2032-02-03,0.0,21.693,21.668,12.296,279.31,SSP3-7.0
2032-02-04,0.0,21.256,21.426,11.984,286.02,SSP3-7.0
2032-02-05,0.0,20.93,23.55,10.407,236.15,SSP3-7.0
2032-02-06,0.0,20.517,23.296,9.959,287.8,SSP3-7.0
2032-02-07,0.0,20.809,24.749,8.971,286.43,SSP3-7.0
2032-02-08,0.0,21.263,32.482,9.276,278.56,SSP3-7.0
2032-02-09,0.0,23.268,41.339,7.793,229.18,SSP3-7.0
2032-02-10,0.0,22.975,35.773,6.306,275.88,SSP3-7.0
2032-02-11,0.0,23.908,32.031,7.323,257.84,SSP3-7.0
2032-02-12,0.0,24.085,31.937,7.848,251.0,SSP3-7.0
2032-02-13,0.0,23.878,29.263,6.349,273.25,SSP3-7.0
2032-02-14,0.0,24.091,31.706,7.513,279.6,SSP3-7.0
2032-02-15,0.0,25.014,40.204,7.315,274.54,SSP3-7.0
2032-02-16,0.0,24.832,38.05,4.987,272.17,SSP3-7.0
2032-02-17,0.0,25.182,37.005,8.954,277.13,SSP3-7.0
2032-02-18,0.0,26.055,38.368,10.651,276.59,SSP3-7.0
2032-02-19,0.0,25.512,37.303,12.901,270.5,SSP3-7.0
2032-02-20,0.0,25.408,34.319,10.83,258.52,SSP3-7.0
2032-02-21,0.0,25.056,37.804,7.943,228.49,SSP3-7.0
2032-02-22,0.0,25.813,36.661,9.573,255.08,SSP3-7.0
2032-02-23,0.0,25.594,36.142,9.148,256.24,SSP3-7.0
2032-02-24,0.0,25.842,39.002,8.56,242.04,SSP3-7.0
2032-02-25,0.0,26.096,34.959,9.517,268.42,SSP3-7.0
2032-02-26,0.0,26.3,30.3,8.284,276.92,SSP3-7.0
2032-02-27,0.0,26.121,29.086,6.049,284.11,SSP3-7.0
2032-02-28,0.0,26.251,29.176,9.181,290.66,SSP3-7.0
2032-02-29,0.0,26.618,32.056,12.45,289.62,SSP3-7.0
2032-03-01,0.0,26.662,32.349,12.416,294.68,SSP3-7.0
2032-03-02,0.0,26.482,33.404,10.813,295.07,SSP3-7.0
2032-03-03,0.0,26.633,30.732,10.866,289.67,SSP3-7.0
2032-03-04,0.0,27.028,31.04,11.173,283.1,SSP3-7.0
2032-03-05,0.0,27.19,31.665,10.55,281.72,SSP3-7.0
2032-03-06,0.0,27.495,29.017,10.989,282.23,SSP3-7.0
2032-03-07,0.0,27.593,27.734,11.097,263.88,SSP3-7.0
2032-03-08,0.0,27.392,28.581,12.815,274.16,SSP3-7.0
2032-03-09,0.0,27.087,29.197,11.732,295.58,SSP3-7.0
2032-03-10,0.0,27.697,29.077,9.994,296.85,SSP3-7.0
2032-03-11,0.0,27.774,28.124,9.99,290.18,SSP3-7.0
2032-03-12,0.0,28.029,25.48,10.814,287.74,SSP3-7.0
2032-03-13,0.0,28.61,27.061,11.395,277.6,SSP3-7.0
2032-03-14,0.0,28.022,26.38,11.609,295.91,SSP3-7.0
2032-03-15,0.0,27.634,25.487,11.884,300.95,SSP3-7.0
2032-03-16,0.0,27.811,25.523,11.063,298.63,SSP3-7.0
2032-03-17,0.0,28.53,25.376,12.213,293.26,SSP3-7.0
2032-03-18,0.0,28.459,27.763,12.597,294.26,SSP3-7.0
2032-03-19,0.0,28.192,25.157,12.04,297.55,SSP3-7.0
2032-03-20,0.0,28.523,24.491,10.25,295.13,SSP3-7.0
2032-03-21,0.0,29.347,25.53,12.369,296.69,SSP3-7.0
2032-03-22,0.0359,27.405,37.31,9.422,192.57,SSP3-7.0
2032-03-23,0.0576,28.593,35.759,10.451,261.45,SSP3-7.0
2032-03-24,0.0,29.545,30.519,9.57,295.4,SSP3-7.0
2032-03-25,0.0,30.032,29.6,10.312,278.41,SSP3-7.0
2032-03-26,0.0373,30.807,29.395,10.396,276.37,SSP3-7.0
2032-03-27,0.0,31.167,29.163,10.667,275.48,SSP3-7.0
2032-03-28,0.0,29.033,32.8,9.645,254.96,SSP3-7.0
2032-03-29,0.0,29.841,26.425,6.995,321.32,SSP3-7.0
2032-03-30,0.0,30.078,24.678,6.865,315.02,SSP3-7.0
2032-03-31,0.0144,30.837,28.616,11.482,282.42,SSP3-7.0
2032-04-01,0.0636,28.433,35.639,10.04,223.5,SSP3-7.0
2032-04-02,0.0,29.011,26.585,8.957,316.6,SSP3-7.0
2032-04-03,0.0,29.31,24.517,5.296,326.79,SSP3-7.0
2032-04-04,0.0,30.102,26.984,10.394,302.76,SSP3-7.0
2032-04-05,0.0,30.019,27.876,10.525,283.21,SSP3-7.0
2032-04-06,0.0006,30.078,27.608,8.794,292.8,SSP3-7.0
2032-04-07,0.0,30.117,28.265,5.909,262.5,SSP3-7.0
2032-04-08,0.0,30.203,27.129,6.463,263.01,SSP3-7.0
2032-04-09,0.0,30.311,24.935,8.529,290.85,SSP3-7.0
2032-04-10,0.2703,27.374,38.131,6.751,200.91,SSP3-7.0
2032-04-11,1.0214,24.911,54.07,9.414,199.71,SSP3-7.0
2032-04-12,0.0,28.649,30.674,8.6,320.87,SSP3-7.0
2032-04-13,0.0,29.851,29.115,10.519,323.69,SSP3-7.0
2032-04-14,0.0,30.469,25.586,8.875,322.25,SSP3-7.0
2032-04-15,0.0,30.228,23.44,8.017,325.18,SSP3-7.0
2032-04-16,0.0,30.426,21.754,8.7,325.08,SSP3-7.0
2032-04-17,0.0003,30.996,20.972,9.677,320.62,SSP3-7.0
2032-04-18,0.0039,31.427,22.386,8.593,297.25,SSP3-7.0
2032-04-19,0.0,30.798,26.914,8.372,270.96,SSP3-7.0
2032-04-20,0.5913,30.878,27.627,8.94,282.46,SSP3-7.0
2032-04-21,0.0106,29.11,31.957,6.634,244.83,SSP3-7.0
2032-04-22,0.0774,30.167,28.18,8.014,278.76,SSP3-7.0
2032-04-23,0.0064,29.812,26.912,7.929,265.47,SSP3-7.0
2032-04-24,0.0256,30.038,24.458,7.572,303.41,SSP3-7.0
2032-04-25,0.0023,29.766,23.347,7.084,327.14,SSP3-7.0
2032-04-26,0.0,30.715,23.046,8.644,310.4,SSP3-7.0
2032-04-27,0.0324,30.925,23.79,10.185,327.58,SSP3-7.0
2032-04-28,0.0,31.084,25.817,7.712,306.05,SSP3-7.0
2032-04-29,0.364,30.817,25.13,10.758,329.0,SSP3-7.0
2032-04-30,1.122,30.577,25.111,10.677,317.74,SSP3-7.0
2032-05-01,3.843,31.519,29.438,6.589,306.48,SSP3-7.0
2032-05-02,2.7358,31.194,37.107,3.616,264.87,SSP3-7.0
2032-05-03,0.8934,30.963,38.901,5.057,279.71,SSP3-7.0
2032-05-04,16.3712,30.776,45.523,4.478,261.83,SSP3-7.0
2032-05-05,2.8369,29.504,46.345,5.487,258.05,SSP3-7.0
2032-05-06,2.691,30.337,42.717,5.035,266.15,SSP3-7.0
2032-05-07,2.584,30.545,40.601,7.293,268.56,SSP3-7.0
2032-05-08,0.2739,31.232,36.288,9.081,287.75,SSP3-7.0
2032-05-09,0.0,31.657,29.962,9.764,320.83,SSP3-7.0
2032-05-10,0.0121,31.906,31.321,6.787,296.58,SSP3-7.0
2032-05-11,0.5925,32.139,31.199,7.283,284.52,SSP3-7.0
2032-05-12,2.0953,30.48,43.57,6.755,241.32,SSP3-7.0
2032-05-13,21.874,28.966,53.643,5.443,239.6,SSP3-7.0
2032-05-14,34.4178,24.037,59.693,4.539,198.33,SSP3-7.0
2032-05-15,14.2551,26.937,74.052,5.565,225.88,SSP3-7.0
2032-05-16,0.9484,29.764,53.809,4.742,257.08,SSP3-7.0
2032-05-17,0.0,31.47,38.942,6.659,309.9,SSP3-7.0
2032-05-18,0.0,32.014,33.684,10.503,281.59,SSP3-7.0
2032-05-19,0.0,32.274,28.76,12.001,324.25,SSP3-7.0
2032-05-20,0.0,32.476,27.102,11.897,352.58,SSP3-7.0
2032-05-21,0.0,32.509,25.217,9.611,355.68,SSP3-7.0
2032-05-22,0.0,32.444,23.347,10.059,355.54,SSP3-7.0
2032-05-23,0.0,32.891,23.111,9.747,353.54,SSP3-7.0
2032-05-24,0.0,33.293,22.909,8.178,306.51,SSP3-7.0
2032-05-25,0.0,33.463,28.37,9.685,289.83,SSP3-7.0
2032-05-26,0.0,31.995,38.913,7.656,251.07,SSP3-7.0
2032-05-27,0.0036,31.991,42.552,11.47,268.27,SSP3-7.0
2032-05-28,1.0708,30.34,55.761,13.226,266.37,SSP3-7.0
2032-05-29,0.0336,30.125,58.686,15.852,258.06,SSP3-7.0
2032-05-30,0.2936,27.191,71.5,10.356,220.46,SSP3-7.0
2032-05-31,2.2701,27.955,67.006,10.689,238.39,SSP3-7.0
2032-06-01,0.4904,30.361,55.503,14.866,271.83,SSP3-7.0
2032-06-02,0.0,29.798,52.497,18.76,239.96,SSP3-7.0
2032-06-03,0.0,28.846,55.791,17.749,223.78,SSP3-7.0
2032-06-04,0.0,28.968,53.276,18.731,228.48,SSP3-7.0
2032-06-05,0.0,32.742,40.732,18.623,302.98,SSP3-7.0
2032-06-06,0.0,32.718,44.519,18.565,297.13,SSP3-7.0
2032-06-07,0.0,31.996,47.687,18.488,290.21,SSP3-7.0
2032-06-08,0.0,30.784,49.174,18.647,274.74,SSP3-7.0
2032-06-09,0.0,28.377,60.629,17.683,230.03,SSP3-7.0
2032-06-10,0.0276,27.796,68.249,17.013,225.14,SSP3-7.0
2032-06-11,0.0,28.287,65.461,16.673,256.2,SSP3-7.0
2032-06-12,0.0,29.096,59.554,16.528,255.37,SSP3-7.0
2032-06-13,0.1174,30.317,54.611,15.796,296.11,SSP3-7.0
2032-06-14,0.0296,31.857,47.802,15.705,307.84,SSP3-7.0
2032-06-15,0.2735,31.533,48.193,15.54,295.69,SSP3-7.0
2032-06-16,0.0,32.485,43.364,17.529,314.2,SSP3-7.0
2032-06-17,0.0,32.456,43.071,18.196,317.08,SSP3-7.0
2032-06-18,0.0,32.049,43.268,16.897,316.33,SSP3-7.0
2032-06-19,0.0059,32.338,43.897,16.237,309.93,SSP3-7.0
2032-06-20,0.0,31.96,45.369,17.392,308.58,SSP3-7.0
2032-06-21,0.0,32.05,42.848,16.895,312.1,SSP3-7.0
2032-06-22,0.0752,32.77,43.158,15.954,310.15,SSP3-7.0
2032-06-23,0.0791,31.948,43.531,15.647,305.43,SSP3-7.0
2032-06-24,0.0,30.433,50.034,16.212,262.48,SSP3-7.0
2032-06-25,0.0,30.609,48.874,15.738,275.56,SSP3-7.0
2032-06-26,0.0,30.954,49.306,14.923,280.28,SSP3-7.0
2032-06-27,0.0,31.225,49.406,12.76,282.85,SSP3-7.0
2032-06-28,0.0,31.294,49.264,14.109,296.56,SSP3-7.0
2032-06-29,0.1785,31.268,48.255,13.983,297.09,SSP3-7.0
2032-06-30,0.0083,31.879,47.297,13.402,301.26,SSP3-7.0
2032-07-01,0.0194,31.816,47.647,12.523,298.69,SSP3-7.0
2032-07-02,2.6409,26.693,72.535,9.881,193.22,SSP3-7.0
2032-07-03,0.0,29.188,55.378,12.82,297.96,SSP3-7.0
2032-07-04,0.0171,29.988,51.016,14.568,299.57,SSP3-7.0
2032-07-05,0.0,29.326,51.405,15.731,283.19,SSP3-7.0
2032-07-06,0.0,29.098,53.332,11.29,276.61,SSP3-7.0
2032-07-07,12.5344,27.79,72.657,8.818,221.28,SSP3-7.0
2032-07-08,4.3638,27.674,80.646,8.003,243.94,SSP3-7.0
2032-07-09,2.3464,26.577,82.966,5.834,218.89,SSP3-7.0
2032-07-10,10.1837,26.952,85.727,6.127,230.66,SSP3-7.0
2032-07-11,15.8608,26.572,86.248,8.261,228.38,SSP3-7.0
2032-07-12,5.0892,26.58,82.478,8.548,225.47,SSP3-7.0
2032-07-13,0.0802,26.634,81.159,8.667,225.05,SSP3-7.0
2032-07-14,11.5295,26.762,86.197,7.456,221.7,SSP3-7.0
2032-07-15,16.0974,25.808,91.657,5.426,212.53,SSP3-7.0
2032-07-16,6.0456,25.798,89.634,6.716,213.73,SSP3-7.0
2032-07-17,0.1034,26.671,80.04,13.0,233.41,SSP3-7.0
2032-07-18,1.0137,26.241,83.034,13.468,226.15,SSP3-7.0
2032-07-19,8.9705,25.973,85.222,13.359,216.13,SSP3-7.0
2032-07-20,2.9814,25.768,86.791,13.198,212.29,SSP3-7.0
2032-07-21,12.6732,25.45,89.958,10.233,191.36,SSP3-7.0
2032-07-22,15.2989,25.331,92.805,7.249,182.13,SSP3-7.0
2032-07-23,14.5334,25.529,89.914,11.132,218.57,SSP3-7.0
2032-07-24,3.6772,25.986,85.289,14.556,224.64,SSP3-7.0
2032-07-25,0.0098,26.144,83.292,14.283,236.49,SSP3-7.0
2032-07-26,0.2061,27.461,77.752,16.77,252.75,SSP3-7.0
2032-07-27,6.008,27.529,81.511,17.471,239.91,SSP3-7.0
2032-07-28,20.1048,25.467,89.088,15.022,212.68,SSP3-7.0
2032-07-29,31.8276,25.048,93.141,13.29,166.29,SSP3-7.0
2032-07-30,39.3303,25.009,94.242,13.98,126.93,SSP3-7.0
2032-07-31,20.8029,24.865,93.056,16.952,168.59,SSP3-7.0
2032-08-01,44.2774,25.568,93.617,17.071,170.0,SSP3-7.0
2032-08-02,27.9259,25.552,92.488,17.195,158.94,SSP3-7.0
2032-08-03,0.5039,26.15,88.057,15.097,218.66,SSP3-7.0
2032-08-04,0.0,26.551,87.43,12.617,239.42,SSP3-7.0
2032-08-05,0.0332,26.494,88.075,10.182,232.93,SSP3-7.0
2032-08-06,0.0,26.557,88.393,10.199,242.33,SSP3-7.0
2032-08-07,6.2136,26.403,90.146,8.491,222.51,SSP3-7.0
2032-08-08,6.5614,26.195,91.104,7.912,215.84,SSP3-7.0
2032-08-09,0.0,26.644,86.622,9.998,253.01,SSP3-7.0
2032-08-10,0.1964,26.88,87.66,9.632,229.7,SSP3-7.0
2032-08-11,0.0,26.987,87.197,8.143,256.85,SSP3-7.0
2032-08-12,13.6013,26.696,90.414,7.783,222.23,SSP3-7.0
2032-08-13,1.8807,26.421,90.173,10.47,217.1,SSP3-7.0
2032-08-14,12.1602,26.014,91.043,12.191,200.35,SSP3-7.0
2032-08-15,0.9717,26.426,89.122,10.318,223.92,SSP3-7.0
2032-08-16,0.1686,26.864,86.339,12.306,240.3,SSP3-7.0
2032-08-17,11.051,26.537,86.721,14.264,234.53,SSP3-7.0
2032-08-18,2.3191,26.142,91.715,13.812,175.37,SSP3-7.0
2032-08-19,10.0442,26.181,90.857,14.596,205.68,SSP3-7.0
2032-08-20,19.0588,26.439,89.601,14.546,225.32,SSP3-7.0
2032-08-21,1.0137,26.331,87.91,14.763,222.69,SSP3-7.0
2032-08-22,10.3771,25.804,92.302,11.771,183.96,SSP3-7.0
2032-08-23,17.2596,26.184,92.541,8.949,202.7,SSP3-7.0
2032-08-24,0.0394,26.863,89.031,6.139,237.01,SSP3-7.0
2032-08-25,10.3909,26.838,90.899,5.202,236.99,SSP3-7.0
2032-08-26,30.1547,26.56,92.964,7.467,220.7,SSP3-7.0
2032-08-27,11.1534,26.21,94.323,7.159,200.73,SSP3-7.0
2032-08-28,0.0,26.88,88.195,3.773,249.34,SSP3-7.0
2032-08-29,0.0,27.334,85.248,5.768,257.36,SSP3-7.0
2032-08-30,26.5811,27.192,88.579,9.155,251.56,SSP3-7.0
2032-08-31,25.3116,26.487,92.882,5.063,223.67,SSP3-7.0
2032-09-01,6.5084,26.384,90.977,6.311,231.61,SSP3-7.0
2032-09-02,11.8742,26.342,91.809,3.906,229.29,SSP3-7.0
2032-09-03,2.7267,26.457,89.87,4.746,241.36,SSP3-7.0
2032-09-04,0.5121,26.431,90.064,7.681,233.64,SSP3-7.0
2032-09-05,11.7785,26.637,89.576,8.608,231.09,SSP3-7.0
2032-09-06,0.0076,27.038,82.554,10.324,248.9,SSP3-7.0
2032-09-07,0.0,27.103,80.042,12.224,251.49,SSP3-7.0
2032-09-08,0.0,26.903,80.776,13.353,243.11,SSP3-7.0
2032-09-09,0.0,26.699,82.011,12.842,234.15,SSP3-7.0
2032-09-10,0.0,26.075,88.977,11.25,202.84,SSP3-7.0
2032-09-11,0.0,26.437,82.112,12.254,226.44,SSP3-7.0
2032-09-12,0.0,26.458,87.595,8.253,223.32,SSP3-7.0
2032-09-13,32.4639,26.086,93.203,9.164,201.87,SSP3-7.0
2032-09-14,28.8802,25.958,94.976,4.175,192.13,SSP3-7.0
2032-09-15,4.0044,26.312,90.369,4.158,227.52,SSP3-7.0
2032-09-16,7.419,26.479,89.482,2.957,239.12,SSP3-7.0
2032-09-17,0.1625,26.534,87.825,4.694,238.65,SSP3-7.0
2032-09-18,0.0,27.149,82.251,4.721,257.25,SSP3-7.0
2032-09-19,0.0,27.049,85.772,4.012,233.09,SSP3-7.0
2032-09-20,0.1856,26.94,86.945,3.56,235.2,SSP3-7.0
2032-09-21,9.9196,26.54,90.035,5.329,222.12,SSP3-7.0
2032-09-22,2.4133,26.465,87.719,5.888,228.16,SSP3-7.0
2032-09-23,0.0,27.284,80.988,6.594,258.33,SSP3-7.0
2032-09-24,0.0,27.721,76.223,8.686,257.32,SSP3-7.0
2032-09-25,0.0,27.916,72.263,9.737,273.52,SSP3-7.0
2032-09-26,0.0,28.116,68.143,10.412,279.07,SSP3-7.0
2032-09-27,0.0,27.103,72.469,9.851,264.39,SSP3-7.0
2032-09-28,0.0,27.015,75.691,8.161,241.04,SSP3-7.0
2032-09-29,12.5399,26.889,84.493,6.719,237.63,SSP3-7.0
2032-09-30,24.4227,25.739,91.378,4.175,212.04,SSP3-7.0
2032-10-01,18.2529,24.57,91.874,5.16,209.71,SSP3-7.0
2032-10-02,11.3165,24.711,90.499,6.967,213.9,SSP3-7.0
2032-10-03,7.1994,24.951,87.22,7.929,215.43,SSP3-7.0
2032-10-04,64.3377,24.626,92.071,8.323,178.77,SSP3-7.0
2032-10-05,39.0877,24.348,96.134,9.837,160.08,SSP3-7.0
2032-10-06,33.6706,24.211,94.056,8.265,184.1,SSP3-7.0
2032-10-07,20.0564,24.237,92.664,9.728,176.77,SSP3-7.0
2032-10-08,4.7102,24.528,89.117,7.673,217.97,SSP3-7.0
2032-10-09,18.9827,24.39,91.211,6.066,210.04,SSP3-7.0
2032-10-10,4.3417,24.704,89.133,5.487,215.94,SSP3-7.0
2032-10-11,0.0,26.043,81.094,5.949,246.54,SSP3-7.0
2032-10-12,0.0565,25.096,84.704,3.531,223.32,SSP3-7.0
2032-10-13,0.0088,25.02,85.233,4.758,218.55,SSP3-7.0
2032-10-14,0.0,25.613,64.275,7.764,263.72,SSP3-7.0
2032-10-15,0.0,25.342,71.533,9.358,267.31,SSP3-7.0
2032-10-16,0.0,24.537,84.491,10.336,206.41,SSP3-7.0
2032-10-17,0.0,25.415,80.684,8.624,232.51,SSP3-7.0
2032-10-18,0.0,26.043,79.446,5.032,245.1,SSP3-7.0
2032-10-19,0.0,26.118,76.33,4.736,241.8,SSP3-7.0
2032-10-20,0.0,25.93,75.491,4.559,245.87,SSP3-7.0
2032-10-21,0.0,25.96,73.761,4.017,252.38,SSP3-7.0
2032-10-22,0.0,26.022,71.248,3.74,247.02,SSP3-7.0
2032-10-23,0.0542,26.346,69.417,6.028,245.55,SSP3-7.0
2032-10-24,0.0,25.737,71.416,7.172,252.51,SSP3-7.0
2032-10-25,0.0,25.335,71.106,5.652,252.06,SSP3-7.0
2032-10-26,0.0,25.161,70.175,5.021,249.82,SSP3-7.0
2032-10-27,0.0,25.383,69.798,4.754,237.46,SSP3-7.0
2032-10-28,0.1283,25.307,70.92,4.146,237.41,SSP3-7.0
2032-10-29,0.4475,23.095,87.682,3.984,180.57,SSP3-7.0
2032-10-30,0.1136,24.841,80.24,5.633,236.45,SSP3-7.0
2032-10-31,0.0,25.326,72.787,4.27,219.54,SSP3-7.0
2032-11-01,0.2438,25.454,75.282,4.596,215.82,SSP3-7.0
2032-11-02,0.2264,25.206,78.823,6.539,216.78,SSP3-7.0
2032-11-03,1.6278,24.382,81.796,6.506,209.86,SSP3-7.0
2032-11-04,2.5539,24.234,81.036,6.012,211.34,SSP3-7.0
2032-11-05,0.0,24.693,73.503,6.152,216.91,SSP3-7.0
2032-11-06,0.0,24.699,80.775,5.276,201.59,SSP3-7.0
2032-11-07,0.0,24.976,76.824,6.366,227.46,SSP3-7.0
2032-11-08,0.0288,24.531,79.17,5.04,222.87,SSP3-7.0
2032-11-09,0.0,25.029,71.169,5.082,232.75,SSP3-7.0
2032-11-10,0.0,24.52,67.914,6.514,228.81,SSP3-7.0
2032-11-11,0.0,24.316,65.164,7.538,226.61,SSP3-7.0
2032-11-12,0.0,24.085,66.427,6.039,222.52,SSP3-7.0
2032-11-13,0.0,22.693,81.831,6.007,173.27,SSP3-7.0
2032-11-14,0.0,23.909,69.519,7.395,218.73,SSP3-7.0
2032-11-15,0.028,23.84,67.095,7.34,214.7,SSP3-7.0
2032-11-16,0.0219,24.382,66.298,7.623,182.92,SSP3-7.0
2032-11-17,0.0018,23.319,54.161,7.767,216.31,SSP3-7.0
2032-11-18,0.0,22.705,50.961,6.717,218.66,SSP3-7.0
2032-11-19,0.0,22.526,53.74,6.776,214.18,SSP3-7.0
2032-11-20,0.0,22.653,60.215,5.498,191.1,SSP3-7.0
2032-11-21,0.0,22.263,62.658,7.067,186.18,SSP3-7.0
2032-11-22,0.0,22.281,66.186,8.483,203.62,SSP3-7.0
2032-11-23,0.0,22.153,57.175,8.721,229.55,SSP3-7.0
2032-11-24,0.0,21.964,51.116,8.816,241.85,SSP3-7.0
2032-11-25,0.0,22.08,50.113,8.501,236.15,SSP3-7.0
2032-11-26,0.0,22.258,66.289,7.488,200.85,SSP3-7.0
2032-11-27,0.0575,22.108,78.866,4.119,181.42,SSP3-7.0
2032-11-28,0.0,22.824,64.505,7.057,199.53,SSP3-7.0
2032-11-29,0.0,22.567,57.718,5.844,212.23,SSP3-7.0
2032-11-30,0.0,22.506,52.805,7.471,221.66,SSP3-7.0
2032-12-01,0.0,22.401,51.566,9.035,215.89,SSP3-7.0
2032-12-02,0.0,21.389,56.61,6.75,201.32,SSP3-7.0
2032-12-03,0.0001,22.226,70.692,6.849,183.07,SSP3-7.0
2032-12-04,0.0,21.341,76.259,7.963,154.25,SSP3-7.0
2032-12-05,0.0,22.589,54.858,9.141,206.73,SSP3-7.0
2032-12-06,0.0,22.637,51.254,8.774,222.75,SSP3-7.0
2032-12-07,0.0,21.419,58.675,5.204,188.47,SSP3-7.0
2032-12-08,0.0,22.335,52.808,5.415,232.46,SSP3-7.0
2032-12-09,0.0,22.063,46.707,4.764,234.43,SSP3-7.0
2032-12-10,0.0,21.776,45.496,5.756,237.56,SSP3-7.0
2032-12-11,0.0,21.815,42.102,5.469,238.71,SSP3-7.0
2032-12-12,0.0,21.553,39.319,6.215,241.19,SSP3-7.0
2032-12-13,0.0,21.383,40.14,5.508,239.25,SSP3-7.0
2032-12-14,0.0,21.503,39.862,5.353,238.76,SSP3-7.0
2032-12-15,0.0,21.149,38.881,4.396,241.7,SSP3-7.0
2032-12-16,0.0,21.253,37.921,4.46,244.61,SSP3-7.0
2032-12-17,0.0,21.465,43.43,5.249,240.8,SSP3-7.0
2032-12-18,0.0,21.873,46.073,4.587,239.31,SSP3-7.0
2032-12-19,0.0,21.834,43.402,4.237,239.91,SSP3-7.0
2032-12-20,0.0,21.689,45.546,5.551,233.25,SSP3-7.0
2032-12-21,0.0,22.118,44.528,7.117,239.92,SSP3-7.0
2032-12-22,0.0,22.017,43.354,4.589,236.6,SSP3-7.0
2032-12-23,0.0,22.39,52.324,6.154,229.75,SSP3-7.0
2032-12-24,0.0,22.786,51.499,8.473,229.43,SSP3-7.0
2032-12-25,0.0,22.76,51.197,6.634,235.99,SSP3-7.0
2032-12-26,0.0,22.716,54.678,7.462,208.24,SSP3-7.0
2032-12-27,0.0,23.139,58.176,10.133,209.66,SSP3-7.0
2032-12-28,0.0,23.372,67.112,6.169,179.54,SSP3-7.0
2032-12-29,0.0,22.291,70.419,6.98,175.16,SSP3-7.0
2032-12-30,0.0,22.705,58.831,7.528,200.42,SSP3-7.0
2032-12-31,0.0,22.849,55.122,8.958,227.1,SSP3-7.0
2033-01-01,0.0,22.891,54.085,6.38,229.8,SSP3-7.0
2033-01-02,0.0,23.063,52.341,6.771,232.5,SSP3-7.0
2033-01-03,0.0,23.006,47.767,7.757,231.03,SSP3-7.0
2033-01-04,0.0,21.994,37.627,10.785,242.07,SSP3-7.0
2033-01-05,0.0,20.976,30.46,10.121,249.47,SSP3-7.0
2033-01-06,0.0,20.571,35.28,5.479,252.24,SSP3-7.0
2033-01-07,0.0,21.407,42.3,5.41,246.06,SSP3-7.0
2033-01-08,0.0,21.999,47.597,7.241,243.78,SSP3-7.0
2033-01-09,0.0,22.792,48.254,7.627,241.4,SSP3-7.0
2033-01-10,0.0,22.633,52.287,8.209,226.05,SSP3-7.0
2033-01-11,0.0,22.464,47.101,9.343,243.37,SSP3-7.0
2033-01-12,0.0,22.14,43.214,10.426,248.12,SSP3-7.0
2033-01-13,0.0,22.08,44.816,9.797,247.75,SSP3-7.0
2033-01-14,0.0,22.661,49.439,7.54,240.04,SSP3-7.0
2033-01-15,0.0,23.065,50.996,8.542,230.05,SSP3-7.0
2033-01-16,0.0,23.428,55.213,9.193,211.38,SSP3-7.0
2033-01-17,0.0,23.996,51.179,11.111,234.6,SSP3-7.0
2033-01-18,0.0,23.91,52.446,8.972,237.61,SSP3-7.0
2033-01-19,0.0,23.555,50.135,10.12,226.04,SSP3-7.0
2033-01-20,0.0,23.33,51.059,8.767,225.72,SSP3-7.0
2033-01-21,0.0,23.432,50.998,8.733,238.89,SSP3-7.0
2033-01-22,0.0,23.85,48.593,9.686,240.93,SSP3-7.0
2033-01-23,0.0,23.621,47.011,7.664,245.08,SSP3-7.0
2033-01-24,0.0,23.576,44.336,6.235,248.14,SSP3-7.0
2033-01-25,0.0,23.632,46.73,5.412,243.13,SSP3-7.0
2033-01-26,0.0,23.757,44.542,4.684,241.93,SSP3-7.0
2033-01-27,0.0,23.608,43.977,7.406,251.91,SSP3-7.0
2033-01-28,0.0,24.407,46.541,8.706,251.18,SSP3-7.0
2033-01-29,0.0,23.093,33.03,11.545,243.43,SSP3-7.0
2033-01-30,0.0,22.39,26.688,11.783,273.57,SSP3-7.0
2033-01-31,0.0,21.763,26.301,11.948,269.15,SSP3-7.0
2033-02-01,0.0,21.237,27.932,9.187,280.39,SSP3-7.0
2033-02-02,0.0,21.394,32.844,6.707,276.58,SSP3-7.0
2033-02-03,0.0,23.032,43.855,10.436,249.48,SSP3-7.0
2033-02-04,0.0,23.725,43.013,12.248,269.45,SSP3-7.0
2033-02-05,0.0,24.074,43.323,11.11,273.66,SSP3-7.0
2033-02-06,0.0,24.124,44.962,5.202,263.14,SSP3-7.0
2033-02-07,0.0,24.658,43.582,6.389,261.74,SSP3-7.0
2033-02-08,0.0,24.848,39.376,5.588,269.19,SSP3-7.0
2033-02-09,0.0,25.065,38.69,5.481,272.26,SSP3-7.0
2033-02-10,0.0,24.789,36.382,7.207,269.48,SSP3-7.0
2033-02-11,0.0,24.529,35.411,4.467,277.45,SSP3-7.0
2033-02-12,0.0,25.095,40.866,5.491,262.3,SSP3-7.0
2033-02-13,0.0,26.17,41.522,7.522,270.52,SSP3-7.0
2033-02-14,0.0,25.713,42.966,9.847,252.9,SSP3-7.0
2033-02-15,0.0,25.865,39.411,11.276,266.07,SSP3-7.0
2033-02-16,0.0,25.527,40.714,9.856,274.98,SSP3-7.0
2033-02-17,0.0,25.539,40.182,7.729,269.19,SSP3-7.0
2033-02-18,0.0,26.358,43.937,6.007,268.58,SSP3-7.0
2033-02-19,0.0,26.85,41.658,6.735,271.28,SSP3-7.0
2033-02-20,0.0,25.919,35.073,6.46,277.03,SSP3-7.0
2033-02-21,0.0,25.55,29.03,8.314,292.17,SSP3-7.0
2033-02-22,0.0,25.394,30.844,7.719,290.19,SSP3-7.0
2033-02-23,0.0,25.461,29.62,5.823,299.52,SSP3-7.0
2033-02-24,0.0,25.7,29.831,9.365,294.94,SSP3-7.0
2033-02-25,0.0,26.485,32.04,13.409,289.17,SSP3-7.0
2033-02-26,0.0,26.39,36.786,14.225,308.95,SSP3-7.0
2033-02-27,0.0,26.992,41.866,13.825,291.86,SSP3-7.0
2033-02-28,0.0,27.306,36.743,12.086,285.69,SSP3-7.0
2033-03-01,0.0,26.549,42.795,6.059,215.17,SSP3-7.0
2033-03-02,0.0,27.447,35.682,6.896,244.07,SSP3-7.0
2033-03-03,0.0,26.038,25.878,9.113,306.35,SSP3-7.0
2033-03-04,0.0,25.707,24.719,6.77,317.52,SSP3-7.0
2033-03-05,0.0,25.903,28.094,6.259,307.07,SSP3-7.0
2033-03-06,0.0,27.379,31.113,9.841,292.83,SSP3-7.0
2033-03-07,0.0,27.873,33.955,8.693,255.95,SSP3-7.0
2033-03-08,0.0086,27.846,31.289,10.883,274.64,SSP3-7.0
2033-03-09,0.0,25.834,41.4,12.338,193.41,SSP3-7.0
2033-03-10,0.0293,25.414,44.416,11.019,213.61,SSP3-7.0
2033-03-11,0.0019,22.503,64.143,7.956,181.81,SSP3-7.0
2033-03-12,0.2052,26.723,46.229,12.883,278.63,SSP3-7.0
2033-03-13,13.7984,25.437,58.888,11.558,222.17,SSP3-7.0
2033-03-14,13.9929,21.937,69.089,8.757,151.44,SSP3-7.0
2033-03-15,0.0002,25.311,63.548,7.975,229.13,SSP3-7.0
2033-03-16,0.3209,26.021,57.163,9.392,258.18,SSP3-7.0
2033-03-17,0.0,26.616,44.249,6.75,297.16,SSP3-7.0
2033-03-18,0.0,27.205,44.891,6.391,285.13,SSP3-7.0
2033-03-19,0.0,26.565,51.35,5.584,234.23,SSP3-7.0
2033-03-20,0.0002,27.213,46.554,7.264,270.84,SSP3-7.0
2033-03-21,0.0003,28.269,42.7,7.459,275.39,SSP3-7.0
2033-03-22,0.0711,28.55,42.555,5.992,272.18,SSP3-7.0
2033-03-23,0.0502,28.04,42.785,7.354,279.93,SSP3-7.0
2033-03-24,0.0097,27.146,46.615,6.17,226.65,SSP3-7.0
2033-03-25,0.0001,27.171,45.7,5.547,250.86,SSP3-7.0
2033-03-26,0.0,28.434,37.157,7.119,279.71,SSP3-7.0
2033-03-27,0.0,28.16,29.224,7.063,320.86,SSP3-7.0
2033-03-28,0.0,28.006,31.838,5.161,327.58,SSP3-7.0
2033-03-29,0.0,28.742,33.019,7.389,305.18,SSP3-7.0
2033-03-30,0.0015,29.917,35.386,6.611,293.96,SSP3-7.0
2033-03-31,0.0102,29.442,36.579,4.654,294.06,SSP3-7.0
2033-04-01,0.0,29.395,32.58,4.596,295.69,SSP3-7.0
2033-04-02,0.0011,29.717,32.889,7.457,262.27,SSP3-7.0
2033-04-03,0.0,28.85,33.207,5.876,233.41,SSP3-7.0
2033-04-04,0.0,29.648,28.985,8.715,294.33,SSP3-7.0
2033-04-05,0.0,29.38,26.672,9.256,279.01,SSP3-7.0
2033-04-06,0.0,28.729,24.689,5.914,341.38,SSP3-7.0
2033-04-07,0.0,27.967,26.528,4.27,340.01,SSP3-7.0
2033-04-08,0.0,28.869,27.199,8.589,327.29,SSP3-7.0
2033-04-09,0.0,29.963,25.101,11.958,326.33,SSP3-7.0
2033-04-10,0.0,29.605,25.187,12.271,291.36,SSP3-7.0
2033-04-11,0.0,29.315,25.197,8.206,343.52,SSP3-7.0
2033-04-12,0.0,29.41,26.161,6.474,338.19,SSP3-7.0
2033-04-13,0.0091,30.627,28.85,8.058,297.21,SSP3-7.0
2033-04-14,0.2261,28.293,45.582,5.409,211.06,SSP3-7.0
2033-04-15,0.0,30.337,31.691,5.405,314.42,SSP3-7.0
2033-04-16,0.0,30.779,30.05,8.339,283.7,SSP3-7.0
2033-04-17,0.0,30.979,29.943,9.685,283.8,SSP3-7.0
2033-04-18,0.3815,30.987,31.249,10.059,300.09,SSP3-7.0
2033-04-19,0.797,30.354,36.053,8.216,290.19,SSP3-7.0
2033-04-20,0.8484,29.48,43.119,6.959,278.16,SSP3-7.0
2033-04-21,0.1738,29.631,40.05,6.489,295.52,SSP3-7.0
2033-04-22,0.1914,30.198,34.386,7.214,303.79,SSP3-7.0
2033-04-23,0.1308,30.435,29.84,8.207,319.85,SSP3-7.0
2033-04-24,0.1227,30.328,29.331,6.779,317.59,SSP3-7.0
2033-04-25,0.0061,30.188,27.688,4.37,335.03,SSP3-7.0
2033-04-26,0.0,30.625,26.911,5.548,328.54,SSP3-7.0
2033-04-27,0.0,31.426,26.121,6.442,319.04,SSP3-7.0
2033-04-28,0.0,31.96,27.379,6.718,305.45,SSP3-7.0
2033-04-29,0.0,30.97,28.661,7.034,232.83,SSP3-7.0
2033-04-30,0.0,31.123,29.423,8.445,260.56,SSP3-7.0
2033-05-01,0.0,29.601,40.629,8.777,207.94,SSP3-7.0
2033-05-02,0.0,31.393,34.871,7.127,236.12,SSP3-7.0
2033-05-03,0.0,32.272,27.199,10.387,314.4,SSP3-7.0
2033-05-04,0.0133,32.64,25.879,10.596,323.06,SSP3-7.0
2033-05-05,0.0,32.703,25.633,8.115,330.43,SSP3-7.0
2033-05-06,0.0,32.88,25.305,8.119,313.36,SSP3-7.0
2033-05-07,0.5034,33.047,27.995,8.214,304.39,SSP3-7.0
2033-05-08,0.0369,33.071,27.875,8.396,291.21,SSP3-7.0
2033-05-09,0.3328,32.98,30.136,8.522,293.26,SSP3-7.0
2033-05-10,0.174,32.049,34.654,7.774,276.24,SSP3-7.0
2033-05-11,0.0,32.402,27.52,7.175,333.04,SSP3-7.0
2033-05-12,0.0178,32.986,27.374,6.841,322.91,SSP3-7.0
2033-05-13,0.0,33.137,26.491,5.847,299.77,SSP3-7.0
2033-05-14,0.0,32.899,24.768,7.513,314.72,SSP3-7.0
2033-05-15,0.0047,33.304,25.503,7.432,317.43,SSP3-7.0
2033-05-16,0.0083,33.193,26.746,6.975,311.14,SSP3-7.0
2033-05-17,0.0094,32.809,27.47,9.109,305.77,SSP3-7.0
2033-05-18,0.0,32.688,25.63,10.214,329.79,SSP3-7.0
2033-05-19,0.0,32.636,25.959,10.166,301.55,SSP3-7.0
2033-05-20,0.0004,32.633,26.77,10.179,329.7,SSP3-7.0
2033-05-21,0.0,33.375,26.067,8.82,326.96,SSP3-7.0
2033-05-22,0.0,33.439,28.52,10.165,266.79,SSP3-7.0
2033-05-23,0.0169,33.613,29.929,11.352,283.46,SSP3-7.0
2033-05-24,0.3127,33.706,30.211,6.987,304.6,SSP3-7.0
2033-05-25,0.2803,32.656,38.771,6.651,262.36,SSP3-7.0
2033-05-26,0.5463,33.05,41.115,7.399,288.09,SSP3-7.0
2033-05-27,3.098,31.04,52.473,7.94,257.04,SSP3-7.0
2033-05-28,1.2065,32.461,47.607,10.147,283.39,SSP3-7.0
2033-05-29,0.0096,32.807,40.598,12.648,306.67,SSP3-7.0
2033-05-30,2.0139,32.247,45.506,9.497,272.06,SSP3-7.0
2033-05-31,0.0171,31.458,48.655,7.976,287.96,SSP3-7.0
2033-06-01,0.0,33.971,38.686,6.992,324.26,SSP3-7.0
2033-06-02,0.0,34.48,33.477,7.76,319.22,SSP3-7.0
2033-06-03,0.0,34.844,29.439,10.932,333.28,SSP3-7.0
2033-06-04,0.0,34.838,27.886,12.211,315.38,SSP3-7.0
2033-06-05,0.0,35.298,26.634,8.558,326.36,SSP3-7.0
2033-06-06,0.0,35.565,25.781,8.102,309.18,SSP3-7.0
2033-06-07,0.0,33.292,32.386,11.114,299.07,SSP3-7.0
2033-06-08,2.4893,33.198,40.329,16.468,276.77,SSP3-7.0
2033-06-09,3.144,28.238,65.762,15.643,238.76,SSP3-7.0
2033-06-10,0.0,30.506,52.066,17.989,269.85,SSP3-7.0
2033-06-11,1.6722,29.098,61.448,17.236,240.01,SSP3-7.0
2033-06-12,0.0606,27.92,63.571,16.689,223.66,SSP3-7.0
2033-06-13,0.0,29.786,49.074,17.78,274.2,SSP3-7.0
2033-06-14,0.0,31.024,44.461,17.217,315.41,SSP3-7.0
2033-06-15,0.0,32.288,39.63,15.747,320.12,SSP3-7.0
2033-06-16,0.0,32.275,40.136,14.433,293.22,SSP3-7.0
2033-06-17,0.0,33.04,39.039,13.645,303.87,SSP3-7.0
2033-06-18,0.0,33.691,36.394,14.102,306.51,SSP3-7.0
2033-06-19,0.0,34.062,36.064,14.92,318.97,SSP3-7.0
2033-06-20,0.0,33.94,38.266,14.656,318.67,SSP3-7.0
2033-06-21,0.0,34.195,36.537,15.042,313.69,SSP3-7.0
2033-06-22,0.0,33.746,36.956,15.843,319.56,SSP3-7.0
2033-06-23,0.0,32.855,38.131,16.628,305.59,SSP3-7.0
2033-06-24,0.0,33.205,38.211,16.536,310.19,SSP3-7.0
2033-06-25,0.0,32.625,41.511,16.673,313.95,SSP3-7.0
2033-06-26,0.3517,31.851,43.204,17.393,307.84,SSP3-7.0
2033-06-27,6.1822,30.071,55.884,15.663,262.49,SSP3-7.0
2033-06-28,0.7172,27.888,72.974,17.247,203.33,SSP3-7.0
2033-06-29,2.1937,27.565,79.051,17.028,213.18,SSP3-7.0
2033-06-30,0.1723,28.227,75.109,15.053,245.14,SSP3-7.0
2033-07-01,7.6797,26.67,76.928,14.705,226.25,SSP3-7.0
2033-07-02,17.1285,26.324,82.524,12.315,228.4,SSP3-7.0
2033-07-03,0.0022,26.226,78.091,13.472,217.56,SSP3-7.0
2033-07-04,12.0912,26.706,79.821,18.164,233.93,SSP3-7.0
2033-07-05,42.843,25.09,91.917,19.763,172.49,SSP3-7.0
2033-07-06,37.0652,25.124,93.016,17.522,149.24,SSP3-7.0
2033-07-07,29.0879,25.211,92.285,16.665,171.18,SSP3-7.0
2033-07-08,23.128,25.416,92.008,15.349,180.79,SSP3-7.0
2033-07-09,49.1637,25.078,93.791,15.604,149.23,SSP3-7.0
2033-07-10,31.0337,25.446,93.432,15.511,129.42,SSP3-7.0
2033-07-11,14.4539,25.162,90.356,17.825,202.4,SSP3-7.0
2033-07-12,22.4554,25.232,90.336,16.202,213.22,SSP3-7.0
2033-07-13,15.6185,25.082,91.536,13.5,181.18,SSP3-7.0
2033-07-14,0.0,25.726,85.73,13.52,236.66,SSP3-7.0
2033-07-15,0.4777,25.588,87.792,12.753,217.77,SSP3-7.0
2033-07-16,0.0,25.933,84.628,13.469,232.89,SSP3-7.0
2033-07-17,0.0,25.675,87.174,10.74,219.65,SSP3-7.0
2033-07-18,0.0,26.202,83.698,11.716,230.32,SSP3-7.0
2033-07-19,0.0,26.788,81.242,11.931,244.84,SSP3-7.0
2033-07-20,0.3061,26.695,83.653,11.527,265.33,SSP3-7.0
2033-07-21,1.5353,25.148,90.962,9.405,197.01,SSP3-7.0
2033-07-22,0.4961,26.043,86.003,10.774,264.14,SSP3-7.0
2033-07-23,0.0,27.158,79.811,11.231,280.19,SSP3-7.0
2033-07-24,0.0,25.975,84.863,10.147,233.19,SSP3-7.0
2033-07-25,0.3841,25.403,88.294,9.921,222.84,SSP3-7.0
2033-07-26,0.0,26.619,82.243,10.126,245.68,SSP3-7.0
2033-07-27,0.4134,26.666,84.045,10.081,254.51,SSP3-7.0
2033-07-28,0.0,26.54,84.142,9.721,274.82,SSP3-7.0
2033-07-29,1.5123,26.453,86.807,7.209,252.08,SSP3-7.0
2033-07-30,3.8978,27.556,86.865,5.452,259.27,SSP3-7.0
2033-07-31,12.1856,25.515,91.72,4.128,216.66,SSP3-7.0
2033-08-01,21.6062,26.39,90.921,4.617,228.94,SSP3-7.0
2033-08-02,5.3457,25.92,91.995,6.317,218.03,SSP3-7.0
2033-08-03,0.0,27.02,84.594,8.305,281.03,SSP3-7.0
2033-08-04,0.0,27.387,81.706,9.606,310.11,SSP3-7.0
2033-08-05,0.0,27.899,79.282,7.443,291.45,SSP3-7.0
2033-08-06,0.0,28.197,78.668,5.605,307.04,SSP3-7.0
2033-08-07,0.0,28.696,80.41,8.976,256.07,SSP3-7.0
2033-08-08,0.0,27.588,79.037,11.849,235.45,SSP3-7.0
2033-08-09,0.2486,26.838,85.388,10.611,238.24,SSP3-7.0
2033-08-10,0.0,26.976,83.076,12.688,240.27,SSP3-7.0
2033-08-11,0.1902,27.605,78.89,13.142,278.55,SSP3-7.0
2033-08-12,0.0,27.498,76.91,15.398,238.22,SSP3-7.0
2033-08-13,0.0,26.678,81.639,13.36,228.2,SSP3-7.0
2033-08-14,0.0381,26.619,84.203,14.551,240.28,SSP3-7.0
2033-08-15,2.0434,25.971,89.774,12.816,209.68,SSP3-7.0
2033-08-16,21.0259,25.699,93.393,11.449,171.01,SSP3-7.0
2033-08-17,0.3473,26.168,88.406,12.176,245.19,SSP3-7.0
2033-08-18,0.2022,26.14,87.481,14.885,223.89,SSP3-7.0
2033-08-19,1.5165,26.254,82.693,19.614,232.18,SSP3-7.0
2033-08-20,14.8047,25.788,89.723,18.416,187.14,SSP3-7.0
2033-08-21,0.0514,26.224,86.175,14.439,225.34,SSP3-7.0
2033-08-22,3.2285,25.946,89.497,13.321,208.37,SSP3-7.0
2033-08-23,0.4989,25.914,90.063,11.572,210.72,SSP3-7.0
2033-08-24,0.0,26.105,87.19,11.727,230.21,SSP3-7.0
2033-08-25,0.2343,26.659,84.884,13.3,248.3,SSP3-7.0
2033-08-26,0.1544,27.078,84.385,12.749,245.63,SSP3-7.0
2033-08-27,17.5061,26.341,88.246,12.809,231.11,SSP3-7.0
2033-08-28,0.0,26.409,83.203,15.619,247.72,SSP3-7.0
2033-08-29,0.1585,26.065,87.04,15.466,218.84,SSP3-7.0
2033-08-30,0.1859,26.011,89.119,12.259,215.87,SSP3-7.0
2033-08-31,0.0,26.406,85.468,12.244,231.72,SSP3-7.0
2033-09-01,0.5901,26.557,81.394,14.997,247.29,SSP3-7.0
2033-09-02,26.5169,25.553,90.692,16.877,195.59,SSP3-7.0
2033-09-03,19.6632,25.329,90.899,15.485,172.71,SSP3-7.0
2033-09-04,0.0436,25.661,89.174,11.802,211.29,SSP3-7.0
2033-09-05,0.0,25.814,90.059,9.231,217.92,SSP3-7.0
2033-09-06,33.2821,25.875,93.573,6.178,193.92,SSP3-7.0
2033-09-07,25.5539,25.544,95.993,8.391,170.04,SSP3-7.0
2033-09-08,0.6529,25.95,90.365,7.891,226.47,SSP3-7.0
2033-09-09,0.0,26.588,87.038,6.397,252.15,SSP3-7.0
2033-09-10,0.4136,26.472,89.118,5.055,242.12,SSP3-7.0
2033-09-11,17.2457,25.804,92.233,5.956,229.07,SSP3-7.0
2033-09-12,0.1104,25.846,90.664,8.969,233.59,SSP3-7.0
2033-09-13,0.0,26.189,88.008,8.476,234.73,SSP3-7.0
2033-09-14,0.0,27.124,81.882,7.331,269.7,SSP3-7.0
2033-09-15,0.1306,27.71,81.564,4.998,276.94,SSP3-7.0
2033-09-16,1.92,27.052,85.284,4.753,255.04,SSP3-7.0
2033-09-17,1.89,26.599,87.938,2.845,236.17,SSP3-7.0
2033-09-18,0.0404,26.421,86.91,3.72,236.16,SSP3-7.0
2033-09-19,0.0023,26.612,82.313,6.893,259.6,SSP3-7.0
2033-09-20,0.2485,26.482,84.564,6.289,252.95,SSP3-7.0
2033-09-21,0.0626,26.159,87.062,6.421,236.07,SSP3-7.0
2033-09-22,0.0,26.316,84.863,5.29,254.84,SSP3-7.0
2033-09-23,0.1189,26.423,83.535,4.611,252.57,SSP3-7.0
2033-09-24,13.256,25.73,91.078,3.039,217.66,SSP3-7.0
2033-09-25,2.5181,26.048,88.411,4.02,232.61,SSP3-7.0
2033-09-26,2.1798,26.278,87.993,3.632,227.04,SSP3-7.0
2033-09-27,4.1499,26.051,89.086,3.4,225.75,SSP3-7.0
2033-09-28,0.0263,26.588,85.1,2.932,236.85,SSP3-7.0
2033-09-29,0.1456,26.702,86.315,4.332,242.25,SSP3-7.0
2033-09-30,0.1918,26.649,85.746,5.017,233.09,SSP3-7.0
2033-10-01,0.0,25.898,85.253,4.156,240.06,SSP3-7.0
2033-10-02,0.0,25.824,84.662,5.086,237.37,SSP3-7.0
2033-10-03,0.1957,24.622,88.968,3.868,206.26,SSP3-7.0
2033-10-04,0.283,25.144,85.262,6.515,233.12,SSP3-7.0
2033-10-05,9.4029,24.372,89.263,10.571,214.45,SSP3-7.0
2033-10-06,27.0345,24.218,92.968,10.465,173.29,SSP3-7.0
2033-10-07,19.1837,24.094,92.558,9.491,184.03,SSP3-7.0
2033-10-08,16.5358,24.018,91.862,8.429,189.34,SSP3-7.0
2033-10-09,0.2035,24.778,87.186,7.116,215.16,SSP3-7.0
2033-10-10,2.352,24.622,88.327,4.092,214.48,SSP3-7.0
2033-10-11,4.0178,25.498,85.767,3.115,224.36,SSP3-7.0
2033-10-12,19.2402,24.671,90.902,4.738,198.99,SSP3-7.0
2033-10-13,27.6147,24.323,90.906,6.634,192.25,SSP3-7.0
2033-10-14,25.8248,24.138,91.854,6.729,187.69,SSP3-7.0
2033-10-15,2.7482,24.552,88.86,5.526,203.75,SSP3-7.0
2033-10-16,0.1226,25.581,85.965,5.964,229.33,SSP3-7.0
2033-10-17,1.979,24.841,87.389,5.137,205.97,SSP3-7.0
2033-10-18,0.0,25.538,76.798,7.007,247.16,SSP3-7.0
2033-10-19,0.0,25.822,64.477,9.04,257.57,SSP3-7.0
2033-10-20,0.0,25.842,68.299,11.503,238.02,SSP3-7.0
2033-10-21,0.0,25.06,71.437,10.773,250.87,SSP3-7.0
2033-10-22,0.0,24.36,58.943,9.59,276.69,SSP3-7.0
2033-10-23,0.0,23.649,53.502,8.302,274.27,SSP3-7.0
2033-10-24,0.0,23.458,51.742,7.942,269.36,SSP3-7.0
2033-10-25,0.0,24.303,52.477,8.174,261.81,SSP3-7.0
2033-10-26,0.0,24.101,55.65,7.361,236.99,SSP3-7.0
2033-10-27,0.0,23.857,55.071,7.747,240.11,SSP3-7.0
2033-10-28,0.0,24.001,60.297,5.779,251.23,SSP3-7.0
2033-10-29,0.0064,23.896,82.281,6.126,214.08,SSP3-7.0
2033-10-30,5.4642,22.917,87.481,6.188,188.52,SSP3-7.0
2033-10-31,0.1212,24.086,82.815,6.337,198.3,SSP3-7.0
2033-11-01,0.0025,24.863,79.852,5.076,230.21,SSP3-7.0
2033-11-02,0.0,25.113,71.331,4.791,245.75,SSP3-7.0
2033-11-03,0.0,24.613,77.58,5.809,220.94,SSP3-7.0
2033-11-04,0.0,23.64,64.535,8.183,244.09,SSP3-7.0
2033-11-05,0.1339,23.258,79.615,7.928,238.55,SSP3-7.0
2033-11-06,0.2376,23.436,82.915,7.257,185.72,SSP3-7.0
2033-11-07,0.0,24.275,75.204,6.508,229.3,SSP3-7.0
2033-11-08,0.0,24.566,72.014,4.845,229.72,SSP3-7.0
2033-11-09,0.0,24.664,68.216,4.704,228.12,SSP3-7.0
2033-11-10,0.0,24.498,70.207,4.264,216.96,SSP3-7.0
2033-11-11,0.0,24.793,72.522,4.37,208.87,SSP3-7.0
2033-11-12,0.0,25.429,65.607,4.82,217.43,SSP3-7.0
2033-11-13,0.2739,25.354,69.581,6.147,210.94,SSP3-7.0
2033-11-14,0.1322,24.795,75.193,6.799,213.08,SSP3-7.0
2033-11-15,0.0,24.617,76.216,8.452,209.54,SSP3-7.0
2033-11-16,0.0317,24.437,77.627,5.428,204.76,SSP3-7.0
2033-11-17,0.0315,24.371,70.576,5.422,216.13,SSP3-7.0
2033-11-18,0.0981,24.624,67.415,4.24,208.01,SSP3-7.0
2033-11-19,0.0,24.032,77.954,5.172,173.01,SSP3-7.0
2033-11-20,0.0,23.364,65.724,7.415,191.95,SSP3-7.0
2033-11-21,0.0,22.258,48.799,9.393,233.56,SSP3-7.0
2033-11-22,0.0,22.089,52.171,8.555,244.13,SSP3-7.0
2033-11-23,0.0108,23.412,72.259,6.936,205.31,SSP3-7.0
2033-11-24,0.0213,24.828,71.543,8.011,197.92,SSP3-7.0
2033-11-25,0.0058,24.204,73.784,9.25,197.43,SSP3-7.0
2033-11-26,0.0013,23.342,79.619,7.158,189.64,SSP3-7.0
2033-11-27,0.0,24.129,67.706,6.723,197.6,SSP3-7.0
2033-11-28,0.0,23.03,75.644,7.793,184.43,SSP3-7.0
2033-11-29,0.0,22.668,66.899,8.821,198.47,SSP3-7.0
2033-11-30,0.0,23.2,57.335,8.258,206.95,SSP3-7.0
2033-12-01,0.0,22.374,68.436,8.617,171.92,SSP3-7.0
2033-12-02,0.0,22.375,64.113,9.19,185.33,SSP3-7.0
2033-12-03,0.0,20.368,56.178,11.486,177.51,SSP3-7.0
2033-12-04,0.0,20.366,49.739,10.035,206.1,SSP3-7.0
2033-12-05,0.0,20.787,48.558,9.283,228.82,SSP3-7.0
2033-12-06,0.0,20.472,57.988,8.643,162.0,SSP3-7.0
2033-12-07,0.0,20.975,63.135,9.527,167.17,SSP3-7.0
2033-12-08,0.0,19.775,54.706,10.161,160.77,SSP3-7.0
2033-12-09,0.0,19.246,36.874,9.975,199.69,SSP3-7.0
2033-12-10,0.0,19.369,33.887,8.866,238.66,SSP3-7.0
2033-12-11,0.0,19.32,34.777,9.44,247.51,SSP3-7.0
2033-12-12,0.0,19.24,37.863,8.768,244.83,SSP3-7.0
2033-12-13,0.0,19.707,36.156,9.655,247.65,SSP3-7.0
2033-12-14,0.0,19.748,39.69,9.024,245.04,SSP3-7.0
2033-12-15,0.0,20.279,53.825,8.396,213.69,SSP3-7.0
2033-12-16,0.0,20.165,77.138,10.717,125.1,SSP3-7.0
2033-12-17,0.0,20.526,72.85,8.892,173.04,SSP3-7.0
2033-12-18,0.0,20.968,69.381,9.783,180.07,SSP3-7.0
2033-12-19,0.0,22.21,56.911,10.149,219.86,SSP3-7.0
2033-12-20,0.0,22.065,53.238,9.006,227.61,SSP3-7.0
2033-12-21,0.0,21.539,46.913,11.683,224.86,SSP3-7.0
2033-12-22,0.0,21.322,48.081,11.87,229.74,SSP3-7.0
2033-12-23,0.0,21.993,50.52,13.02,225.76,SSP3-7.0
2033-12-24,0.0,22.058,48.847,11.471,233.77,SSP3-7.0
2033-12-25,0.0,22.065,50.254,9.749,230.85,SSP3-7.0
2033-12-26,0.0,22.74,53.468,9.005,222.3,SSP3-7.0
2033-12-27,0.0,22.21,48.031,10.52,220.72,SSP3-7.0
2033-12-28,0.0,21.215,43.173,10.653,238.42,SSP3-7.0
2033-12-29,0.0,20.788,40.557,8.184,244.49,SSP3-7.0
2033-12-30,0.0,20.419,42.607,6.144,246.55,SSP3-7.0
2033-12-31,0.0,20.754,43.433,7.261,244.54,SSP3-7.0
2034-01-01,0.0,20.845,41.617,6.077,239.7,SSP3-7.0
2034-01-02,0.0,21.292,41.346,8.503,241.06,SSP3-7.0
2034-01-03,0.0,21.218,48.945,8.046,246.08,SSP3-7.0
2034-01-04,0.0,21.825,51.22,6.38,242.82,SSP3-7.0
2034-01-05,0.0,22.131,50.889,6.496,234.98,SSP3-7.0
2034-01-06,0.0,22.226,48.311,6.039,239.16,SSP3-7.0
2034-01-07,0.0,22.409,50.211,5.888,236.84,SSP3-7.0
2034-01-08,0.0,22.936,51.655,7.498,232.42,SSP3-7.0
2034-01-09,0.0,22.69,51.971,8.088,230.69,SSP3-7.0
2034-01-10,0.0,22.235,50.664,5.243,207.56,SSP3-7.0
2034-01-11,0.0,22.556,50.414,4.576,227.73,SSP3-7.0
2034-01-12,0.0,22.014,54.005,6.007,208.68,SSP3-7.0
2034-01-13,0.0,22.512,53.803,6.859,223.39,SSP3-7.0
2034-01-14,0.0,22.793,56.866,7.605,207.39,SSP3-7.0
2034-01-15,0.0,22.681,52.13,7.937,226.42,SSP3-7.0
2034-01-16,0.0,22.407,49.085,7.469,242.34,SSP3-7.0
2034-01-17,0.0,22.228,49.296,7.289,220.46,SSP3-7.0
2034-01-18,0.0,22.271,48.296,4.874,230.18,SSP3-7.0
2034-01-19,0.0,22.476,43.783,4.614,251.54,SSP3-7.0
2034-01-20,0.0,22.401,41.755,4.444,248.58,SSP3-7.0
2034-01-21,0.0,22.647,43.555,4.718,244.14,SSP3-7.0
2034-01-22,0.0,23.123,47.567,7.948,242.02,SSP3-7.0
2034-01-23,0.0,23.29,48.518,7.822,241.27,SSP3-7.0
2034-01-24,0.0,23.183,46.401,8.112,236.49,SSP3-7.0
2034-01-25,0.0,23.32,44.869,8.054,237.31,SSP3-7.0
2034-01-26,0.0,23.01,42.324,7.874,244.02,SSP3-7.0
2034-01-27,0.0,22.746,39.514,7.383,248.45,SSP3-7.0
2034-01-28,0.0,22.662,39.083,6.61,253.76,SSP3-7.0
2034-01-29,0.0,22.643,41.64,7.576,255.19,SSP3-7.0
2034-01-30,0.0,23.032,45.483,11.696,256.08,SSP3-7.0
2034-01-31,0.0,23.518,49.703,9.943,257.84,SSP3-7.0
2034-02-01,0.0,23.987,50.011,8.706,249.71,SSP3-7.0
2034-02-02,0.0,24.518,47.823,9.027,253.39,SSP3-7.0
2034-02-03,0.0,24.386,41.928,11.408,259.31,SSP3-7.0
2034-02-04,0.0,24.445,40.085,12.367,260.64,SSP3-7.0
2034-02-05,0.0,24.362,43.588,9.762,238.55,SSP3-7.0
2034-02-06,0.0,24.479,49.068,9.945,215.53,SSP3-7.0
2034-02-07,0.0,22.66,57.944,13.523,178.57,SSP3-7.0
2034-02-08,0.0,22.966,58.786,9.95,201.01,SSP3-7.0
2034-02-09,0.0,23.714,59.263,4.986,211.48,SSP3-7.0
2034-02-10,0.0,23.489,62.158,8.657,209.43,SSP3-7.0
2034-02-11,0.0,21.665,79.958,7.632,167.16,SSP3-7.0
2034-02-12,0.0,21.984,83.524,8.472,189.16,SSP3-7.0
2034-02-13,0.0,23.687,63.131,8.873,225.74,SSP3-7.0
2034-02-14,0.0,24.423,56.36,11.448,212.38,SSP3-7.0
2034-02-15,0.0,24.549,41.23,9.845,273.53,SSP3-7.0
2034-02-16,0.0,23.968,37.71,10.188,277.0,SSP3-7.0
2034-02-17,0.0,23.568,37.366,6.492,279.62,SSP3-7.0
2034-02-18,0.0,24.067,56.629,12.688,243.76,SSP3-7.0
2034-02-19,0.0003,23.82,60.044,12.772,205.92,SSP3-7.0
2034-02-20,0.0038,23.213,68.565,12.155,201.32,SSP3-7.0
2034-02-21,0.0057,25.155,56.049,8.791,260.05,SSP3-7.0
2034-02-22,0.0031,23.267,60.288,7.918,198.13,SSP3-7.0
2034-02-23,0.0,25.222,48.034,10.599,265.64,SSP3-7.0
2034-02-24,0.0,25.351,42.691,11.971,289.17,SSP3-7.0
2034-02-25,0.0,25.758,39.133,9.189,285.15,SSP3-7.0
2034-02-26,0.0,25.6,38.22,10.097,283.15,SSP3-7.0
2034-02-27,0.0,26.163,38.214,11.318,280.56,SSP3-7.0
2034-02-28,0.0,25.896,34.357,10.33,278.49,SSP3-7.0
2034-03-01,0.0,25.506,33.762,9.311,284.35,SSP3-7.0
2034-03-02,0.0,25.798,33.83,7.848,273.79,SSP3-7.0
2034-03-03,0.0,25.833,34.435,7.592,288.86,SSP3-7.0
2034-03-04,0.0,26.202,34.286,8.541,285.95,SSP3-7.0
2034-03-05,0.0,26.174,32.492,8.317,275.66,SSP3-7.0
2034-03-06,0.0,26.041,36.094,7.57,273.03,SSP3-7.0
2034-03-07,0.0,26.502,36.477,5.18,288.08,SSP3-7.0
2034-03-08,0.0,26.786,32.146,3.689,271.43,SSP3-7.0
2034-03-09,0.0,26.697,29.091,5.831,300.86,SSP3-7.0
2034-03-10,0.0,26.529,29.346,5.141,306.33,SSP3-7.0
2034-03-11,0.0,26.778,31.398,7.207,304.35,SSP3-7.0
2034-03-12,0.0,26.879,31.709,8.548,303.19,SSP3-7.0
2034-03-13,0.0,27.903,32.56,13.119,290.93,SSP3-7.0
2034-03-14,0.0088,27.591,34.36,12.668,279.58,SSP3-7.0
2034-03-15,0.0036,27.199,36.169,11.218,290.31,SSP3-7.0
2034-03-16,0.0,27.245,35.911,10.342,305.31,SSP3-7.0
2034-03-17,0.0001,27.242,37.999,8.571,259.24,SSP3-7.0
2034-03-18,0.0,27.749,33.921,8.413,303.24,SSP3-7.0
2034-03-19,0.0,27.589,30.719,9.18,300.44,SSP3-7.0
2034-03-20,0.0,28.013,31.022,9.751,296.25,SSP3-7.0
2034-03-21,0.0,28.194,28.971,9.11,283.68,SSP3-7.0
2034-03-22,0.0,27.878,30.206,5.644,254.32,SSP3-7.0
2034-03-23,0.0,28.03,29.839,3.893,274.86,SSP3-7.0
2034-03-24,0.0,28.542,29.065,6.172,259.98,SSP3-7.0
2034-03-25,0.0,28.527,25.741,7.076,297.66,SSP3-7.0
2034-03-26,0.0,28.635,26.968,7.329,298.29,SSP3-7.0
2034-03-27,0.0,28.594,27.258,7.732,310.41,SSP3-7.0
2034-03-28,0.0,28.783,27.367,7.726,286.95,SSP3-7.0
2034-03-29,0.0,29.203,29.433,9.105,267.56,SSP3-7.0
2034-03-30,0.0,28.904,27.838,10.052,274.0,SSP3-7.0
2034-03-31,0.0009,28.501,27.168,8.307,266.17,SSP3-7.0
2034-04-01,0.0036,28.566,27.029,6.947,281.57,SSP3-7.0
2034-04-02,0.0064,28.878,28.867,8.054,290.94,SSP3-7.0
2034-04-03,11.506,29.439,36.922,8.313,282.19,SSP3-7.0
2034-04-04,6.9627,27.336,49.998,10.958,230.3,SSP3-7.0
2034-04-05,0.0,28.836,37.699,7.703,321.18,SSP3-7.0
2034-04-06,0.0,29.418,35.287,9.062,307.55,SSP3-7.0
2034-04-07,0.0,29.754,30.028,7.884,284.72,SSP3-7.0
2034-04-08,0.0017,28.851,33.556,9.554,278.98,SSP3-7.0
2034-04-09,0.0,29.131,29.155,8.16,333.3,SSP3-7.0
2034-04-10,0.0,29.759,28.539,6.171,279.34,SSP3-7.0
2034-04-11,0.0,29.766,29.308,5.295,282.41,SSP3-7.0
2034-04-12,0.0041,30.08,29.804,6.078,280.65,SSP3-7.0
2034-04-13,0.0,30.524,27.724,8.384,298.59,SSP3-7.0
2034-04-14,0.0,30.752,26.61,9.816,331.26,SSP3-7.0
2034-04-15,0.0,29.775,29.084,7.977,257.33,SSP3-7.0
2034-04-16,0.0,30.171,27.842,6.584,299.57,SSP3-7.0
2034-04-17,0.0,29.941,24.706,6.018,339.74,SSP3-7.0
2034-04-18,0.0,29.61,25.067,4.965,341.61,SSP3-7.0
2034-04-19,0.1577,30.43,29.346,5.74,287.15,SSP3-7.0
2034-04-20,0.2842,23.921,61.282,5.511,182.57,SSP3-7.0
2034-04-21,0.3463,29.603,35.956,7.559,286.35,SSP3-7.0
2034-04-22,0.0,30.546,31.45,8.079,299.28,SSP3-7.0
2034-04-23,0.0,30.703,30.299,9.075,298.56,SSP3-7.0
2034-04-24,0.0,30.841,28.218,9.346,317.42,SSP3-7.0
2034-04-25,0.0,30.819,28.92,6.004,300.94,SSP3-7.0
2034-04-26,0.1936,31.262,28.266,4.856,305.84,SSP3-7.0
2034-04-27,0.93,30.695,34.544,5.137,268.84,SSP3-7.0
2034-04-28,2.5638,30.179,40.493,5.454,285.11,SSP3-7.0
2034-04-29,12.7276,27.336,63.119,4.603,205.72,SSP3-7.0
2034-04-30,0.0199,29.112,45.498,5.993,292.42,SSP3-7.0
2034-05-01,0.0,30.853,36.067,9.07,315.46,SSP3-7.0
2034-05-02,0.084,29.958,39.511,5.327,249.18,SSP3-7.0
2034-05-03,0.1364,30.222,40.42,6.043,266.89,SSP3-7.0
2034-05-04,0.4961,31.22,35.94,6.208,279.99,SSP3-7.0
2034-05-05,0.8507,31.33,33.662,6.077,290.42,SSP3-7.0
2034-05-06,6.7821,27.648,51.38,5.858,216.08,SSP3-7.0
2034-05-07,1.3152,30.428,41.708,3.495,285.77,SSP3-7.0
2034-05-08,0.0,31.032,34.987,4.567,292.12,SSP3-7.0
2034-05-09,0.0578,31.119,34.224,6.445,312.87,SSP3-7.0
2034-05-10,0.0426,31.537,31.619,4.961,299.2,SSP3-7.0
2034-05-11,0.1377,32.145,33.762,5.306,259.04,SSP3-7.0
2034-05-12,0.2663,31.567,36.534,4.891,271.74,SSP3-7.0
2034-05-13,0.0,31.998,28.622,6.729,333.37,SSP3-7.0
2034-05-14,0.0,32.658,27.44,10.983,307.66,SSP3-7.0
2034-05-15,0.0128,32.681,28.811,9.367,318.85,SSP3-7.0
2034-05-16,0.8588,32.487,31.954,7.046,296.18,SSP3-7.0
2034-05-17,0.2262,32.497,31.106,7.661,306.63,SSP3-7.0
2034-05-18,0.6255,32.637,30.131,7.466,321.56,SSP3-7.0
2034-05-19,0.5141,32.243,36.017,6.515,295.66,SSP3-7.0
2034-05-20,0.0325,32.33,35.882,6.262,301.17,SSP3-7.0
2034-05-21,0.0766,32.438,36.486,7.079,279.81,SSP3-7.0
2034-05-22,0.0056,32.078,36.755,6.531,244.01,SSP3-7.0
2034-05-23,0.0,32.827,33.423,6.977,281.2,SSP3-7.0
2034-05-24,0.0,33.326,31.798,6.811,295.8,SSP3-7.0
2034-05-25,0.0162,33.697,30.094,8.245,299.83,SSP3-7.0
2034-05-26,0.0,33.924,27.094,7.587,311.42,SSP3-7.0
2034-05-27,0.0,32.507,30.211,8.555,240.01,SSP3-7.0
2034-05-28,0.0,33.456,30.016,7.712,262.16,SSP3-7.0
2034-05-29,0.0,32.532,37.268,10.867,241.4,SSP3-7.0
2034-05-30,0.0,33.104,30.633,9.364,268.7,SSP3-7.0
2034-05-31,0.0,33.268,25.574,10.69,326.79,SSP3-7.0
2034-06-01,0.0,35.807,26.781,8.73,324.25,SSP3-7.0
2034-06-02,0.1383,35.395,31.712,7.545,306.63,SSP3-7.0
2034-06-03,0.0,35.075,36.019,9.694,303.95,SSP3-7.0
2034-06-04,0.2168,35.248,34.552,12.849,312.32,SSP3-7.0
2034-06-05,0.0,35.119,30.542,13.847,318.09,SSP3-7.0
2034-06-06,0.0,35.631,28.375,12.672,325.67,SSP3-7.0
2034-06-07,0.4687,36.188,26.36,10.575,327.17,SSP3-7.0
2034-06-08,0.8604,32.215,49.843,7.694,281.59,SSP3-7.0
2034-06-09,1.2496,31.492,60.744,9.52,269.93,SSP3-7.0
2034-06-10,0.0344,31.023,56.573,9.295,288.97,SSP3-7.0
2034-06-11,0.0,33.725,42.903,11.885,323.57,SSP3-7.0
2034-06-12,0.1052,33.212,49.76,13.147,293.87,SSP3-7.0
2034-06-13,0.0,33.522,39.482,12.932,313.58,SSP3-7.0
2034-06-14,0.0,33.83,36.806,14.914,320.85,SSP3-7.0
2034-06-15,0.0,32.631,38.177,15.91,303.52,SSP3-7.0
2034-06-16,0.478,31.336,50.906,17.025,286.8,SSP3-7.0
2034-06-17,0.0332,30.043,57.902,16.351,262.47,SSP3-7.0
2034-06-18,1.4987,29.815,62.539,18.091,257.22,SSP3-7.0
2034-06-19,2.3586,29.34,62.613,18.619,251.87,SSP3-7.0
2034-06-20,0.34,30.478,55.487,20.64,299.1,SSP3-7.0
2034-06-21,7.805,29.002,72.675,15.743,270.17,SSP3-7.0
2034-06-22,1.694,28.222,76.316,11.567,229.84,SSP3-7.0
2034-06-23,0.1269,29.07,69.272,11.963,235.03,SSP3-7.0
2034-06-24,0.5451,28.852,72.017,12.333,230.25,SSP3-7.0
2034-06-25,0.0,29.129,68.344,14.012,255.22,SSP3-7.0
2034-06-26,1.7509,29.064,71.769,14.758,249.76,SSP3-7.0
2034-06-27,0.0,29.131,67.118,13.092,261.7,SSP3-7.0
2034-06-28,0.2186,29.647,66.382,14.116,280.73,SSP3-7.0
2034-06-29,0.0,29.277,69.409,14.215,255.44,SSP3-7.0
2034-06-30,18.1223,27.168,87.797,11.122,194.47,SSP3-7.0
2034-07-01,10.8599,25.813,85.906,15.539,210.03,SSP3-7.0
2034-07-02,22.0137,25.792,90.247,14.685,175.76,SSP3-7.0
2034-07-03,20.4594,25.58,90.841,11.481,195.75,SSP3-7.0
2034-07-04,41.7301,25.016,93.896,14.774,127.75,SSP3-7.0
2034-07-05,55.0683,24.96,95.176,16.185,132.94,SSP3-7.0
2034-07-06,30.7956,25.108,93.962,14.41,150.69,SSP3-7.0
2034-07-07,18.2126,25.202,91.662,14.619,185.18,SSP3-7.0
2034-07-08,13.63,25.381,91.797,12.782,180.14,SSP3-7.0
2034-07-09,30.9013,25.973,88.495,16.928,226.45,SSP3-7.0
2034-07-10,34.1759,25.028,93.777,15.289,149.22,SSP3-7.0
2034-07-11,9.2943,25.445,91.017,13.629,207.58,SSP3-7.0
2034-07-12,0.0841,25.565,89.422,13.464,210.71,SSP3-7.0
2034-07-13,0.5661,26.237,85.152,12.571,249.34,SSP3-7.0
2034-07-14,9.7407,25.402,90.975,12.464,186.28,SSP3-7.0
2034-07-15,14.8788,25.946,90.411,10.055,215.67,SSP3-7.0
2034-07-16,3.2151,25.527,92.007,10.942,190.47,SSP3-7.0
2034-07-17,0.0597,26.49,86.225,11.727,245.19,SSP3-7.0
2034-07-18,0.0,26.618,82.976,12.64,249.03,SSP3-7.0
2034-07-19,0.0,26.77,80.861,13.945,260.14,SSP3-7.0
2034-07-20,0.0,26.282,83.09,13.792,226.41,SSP3-7.0
2034-07-21,17.044,26.456,83.785,13.593,235.99,SSP3-7.0
2034-07-22,6.4787,25.266,90.536,12.759,200.84,SSP3-7.0
2034-07-23,3.0369,26.007,87.034,13.996,247.39,SSP3-7.0
2034-07-24,24.0393,25.489,93.588,9.013,163.4,SSP3-7.0
2034-07-25,32.1556,25.28,94.822,6.672,177.36,SSP3-7.0
2034-07-26,9.5395,25.252,94.504,7.273,178.55,SSP3-7.0
2034-07-27,0.0183,25.867,90.636,7.933,226.08,SSP3-7.0
2034-07-28,15.9207,26.145,90.342,9.649,232.18,SSP3-7.0
2034-07-29,12.3277,25.739,90.719,11.782,223.39,SSP3-7.0
2034-07-30,0.604,25.391,90.679,11.714,205.62,SSP3-7.0
2034-07-31,2.1768,25.836,89.382,12.344,228.54,SSP3-7.0
2034-08-01,14.0872,26.071,90.442,14.133,217.71,SSP3-7.0
2034-08-02,15.0585,25.593,92.397,14.139,175.28,SSP3-7.0
2034-08-03,15.7734,25.823,91.26,17.881,209.21,SSP3-7.0
2034-08-04,63.3012,25.369,93.444,24.163,163.82,SSP3-7.0
2034-08-05,23.1309,25.398,92.928,20.887,168.08,SSP3-7.0
2034-08-06,0.1572,25.771,90.149,16.452,202.64,SSP3-7.0
2034-08-07,0.1843,26.21,89.131,14.972,249.98,SSP3-7.0
2034-08-08,2.3178,26.181,90.517,13.546,223.93,SSP3-7.0
2034-08-09,19.7893,25.699,93.631,12.953,194.32,SSP3-7.0
2034-08-10,2.177,25.758,93.581,12.481,199.82,SSP3-7.0
2034-08-11,0.2666,25.802,92.44,13.471,200.89,SSP3-7.0
2034-08-12,0.0287,25.851,90.476,13.757,223.34,SSP3-7.0
2034-08-13,16.1694,25.419,93.288,12.919,180.68,SSP3-7.0
2034-08-14,0.0178,26.064,90.335,11.173,232.79,SSP3-7.0
2034-08-15,12.046,26.016,91.496,12.092,218.75,SSP3-7.0
2034-08-16,0.0,25.846,91.562,12.213,211.9,SSP3-7.0
2034-08-17,19.0711,26.253,90.292,11.894,239.02,SSP3-7.0
2034-08-18,0.0,25.665,92.885,11.159,203.99,SSP3-7.0
2034-08-19,0.5602,26.149,89.991,11.572,243.84,SSP3-7.0
2034-08-20,17.2156,25.601,93.222,11.271,187.19,SSP3-7.0
2034-08-21,45.5425,25.229,97.05,11.985,131.53,SSP3-7.0
2034-08-22,20.8927,25.157,96.832,8.511,173.22,SSP3-7.0
2034-08-23,7.9126,25.179,96.115,8.683,185.21,SSP3-7.0
2034-08-24,3.6444,25.843,93.594,8.543,218.65,SSP3-7.0
2034-08-25,23.9019,26.193,92.987,9.701,229.06,SSP3-7.0
2034-08-26,9.6246,25.792,93.397,10.808,211.3,SSP3-7.0
2034-08-27,0.0,25.867,92.319,11.085,219.87,SSP3-7.0
2034-08-28,0.0,25.817,92.116,10.358,213.72,SSP3-7.0
2034-08-29,6.1808,26.257,92.229,8.347,231.45,SSP3-7.0
2034-08-30,0.2997,26.466,91.602,6.624,237.9,SSP3-7.0
2034-08-31,0.0376,26.325,92.018,4.776,235.18,SSP3-7.0
2034-09-01,0.0,26.461,90.12,5.673,253.1,SSP3-7.0
2034-09-02,0.0,26.521,90.308,8.119,240.58,SSP3-7.0
2034-09-03,0.0421,26.53,87.809,11.91,250.3,SSP3-7.0
2034-09-04,49.8829,25.395,95.645,13.794,155.95,SSP3-7.0
2034-09-05,83.3623,25.448,96.849,10.422,174.08,SSP3-7.0
2034-09-06,0.8061,25.972,94.412,7.137,211.5,SSP3-7.0
2034-09-07,10.645,26.179,92.72,6.566,234.39,SSP3-7.0
2034-09-08,0.0,26.638,88.859,7.687,264.11,SSP3-7.0
2034-09-09,0.0,26.711,88.389,8.665,250.46,SSP3-7.0
2034-09-10,20.9788,26.177,93.708,7.761,203.15,SSP3-7.0
2034-09-11,6.38,26.013,94.137,8.689,202.18,SSP3-7.0
2034-09-12,27.8283,26.046,94.008,8.652,218.75,SSP3-7.0
2034-09-13,25.1584,25.882,96.33,7.106,168.58,SSP3-7.0
2034-09-14,13.2991,25.922,95.5,6.704,200.7,SSP3-7.0
2034-09-15,25.4349,25.939,95.973,4.882,212.37,SSP3-7.0
2034-09-16,22.8527,25.969,95.858,5.341,213.04,SSP3-7.0
2034-09-17,1.9361,26.426,92.271,6.259,232.86,SSP3-7.0
2034-09-18,0.0,26.681,89.41,5.178,241.45,SSP3-7.0
2034-09-19,0.0,26.915,88.105,3.85,251.04,SSP3-7.0
2034-09-20,0.1601,26.78,88.814,6.199,250.35,SSP3-7.0
2034-09-21,6.8108,26.245,91.838,9.546,196.26,SSP3-7.0
2034-09-22,30.0172,26.045,93.93,8.084,203.15,SSP3-7.0
2034-09-23,35.6828,25.615,96.319,6.372,175.42,SSP3-7.0
2034-09-24,5.8403,25.63,95.776,6.78,176.28,SSP3-7.0
2034-09-25,0.432,26.052,91.119,4.702,232.42,SSP3-7.0
2034-09-26,0.0,26.478,87.39,1.743,259.68,SSP3-7.0
2034-09-27,0.0,26.521,85.84,1.894,268.63,SSP3-7.0
2034-09-28,0.536,26.548,87.313,2.744,244.41,SSP3-7.0
2034-09-29,0.4666,26.671,86.922,4.229,244.07,SSP3-7.0
2034-09-30,6.3914,26.518,89.118,3.758,230.8,SSP3-7.0
2034-10-01,2.6353,25.872,88.186,2.755,235.82,SSP3-7.0
2034-10-02,0.2022,25.935,87.705,2.567,240.16,SSP3-7.0
2034-10-03,0.0,26.617,85.549,4.234,247.81,SSP3-7.0
2034-10-04,0.0,26.121,87.831,4.859,237.82,SSP3-7.0
2034-10-05,0.0,26.162,87.013,4.245,242.83,SSP3-7.0
2034-10-06,0.1744,25.16,88.75,6.07,238.03,SSP3-7.0
2034-10-07,0.3131,24.695,89.915,7.027,227.34,SSP3-7.0
2034-10-08,0.0,24.345,90.326,6.328,213.23,SSP3-7.0
2034-10-09,0.0663,24.613,88.216,3.889,227.48,SSP3-7.0
2034-10-10,0.0,24.6,86.89,4.593,222.16,SSP3-7.0
2034-10-11,0.0,24.957,87.648,4.454,225.06,SSP3-7.0
2034-10-12,13.0158,24.308,90.425,5.518,206.78,SSP3-7.0
2034-10-13,4.4655,24.355,88.822,6.382,220.46,SSP3-7.0
2034-10-14,0.5698,24.528,87.091,6.505,219.53,SSP3-7.0
2034-10-15,2.7856,24.757,86.363,5.887,240.97,SSP3-7.0
2034-10-16,3.3818,24.659,88.219,5.239,217.01,SSP3-7.0
2034-10-17,0.1795,25.135,87.257,4.352,217.96,SSP3-7.0
2034-10-18,2.4939,25.954,85.934,5.789,220.04,SSP3-7.0
2034-10-19,0.7637,25.548,86.657,3.621,214.79,SSP3-7.0
2034-10-20,0.1084,25.544,81.487,5.25,233.94,SSP3-7.0
2034-10-21,0.0,25.566,78.753,4.203,230.72,SSP3-7.0
2034-10-22,0.0,25.776,82.881,3.573,227.64,SSP3-7.0
2034-10-23,0.0,25.832,82.25,4.298,231.35,SSP3-7.0
2034-10-24,0.1252,25.346,84.281,3.835,223.21,SSP3-7.0
2034-10-25,0.0,25.916,84.041,3.875,218.86,SSP3-7.0
2034-10-26,0.0,25.823,79.835,3.779,235.95,SSP3-7.0
2034-10-27,0.0,25.482,81.018,3.69,214.01,SSP3-7.0
2034-10-28,0.0,23.643,86.968,4.049,192.81,SSP3-7.0
2034-10-29,0.0,24.501,84.933,4.726,212.86,SSP3-7.0
2034-10-30,0.0,24.681,83.847,5.83,220.05,SSP3-7.0
2034-10-31,0.0,24.086,83.854,6.43,204.18,SSP3-7.0
2034-11-01,0.0,24.365,80.556,5.799,225.26,SSP3-7.0
2034-11-02,0.0,24.024,81.896,4.729,207.8,SSP3-7.0
2034-11-03,0.0,24.137,81.451,4.625,220.51,SSP3-7.0
2034-11-04,0.0,24.338,77.785,4.216,231.65,SSP3-7.0
2034-11-05,0.0,24.801,78.073,3.875,226.76,SSP3-7.0
2034-11-06,0.0,24.681,75.961,3.799,231.97,SSP3-7.0
2034-11-07,0.0,24.622,79.073,4.897,222.29,SSP3-7.0
2034-11-08,0.0,24.193,75.005,6.017,229.98,SSP3-7.0
2034-11-09,0.0,23.856,78.379,5.055,228.01,SSP3-7.0
2034-11-10,0.0,24.34,74.127,4.284,227.51,SSP3-7.0
2034-11-11,0.0219,24.273,71.242,4.378,225.71,SSP3-7.0
2034-11-12,0.0,24.131,71.368,4.941,224.02,SSP3-7.0
2034-11-13,0.0,24.233,70.436,4.433,221.8,SSP3-7.0
2034-11-14,0.0,23.985,70.375,4.85,213.66,SSP3-7.0
2034-11-15,0.0,23.977,70.681,4.999,206.02,SSP3-7.0
2034-11-16,0.0,23.874,71.365,3.14,201.45,SSP3-7.0
2034-11-17,0.0,23.778,73.562,4.249,202.03,SSP3-7.0
2034-11-18,0.0,23.835,77.148,5.836,214.79,SSP3-7.0
2034-11-19,0.0,23.89,76.082,5.841,201.18,SSP3-7.0
2034-11-20,0.0,23.653,72.017,5.904,212.02,SSP3-7.0
2034-11-21,0.0,23.337,69.995,6.202,220.38,SSP3-7.0
2034-11-22,0.0,22.92,59.539,7.729,227.46,SSP3-7.0
2034-11-23,0.0,22.73,47.996,12.184,221.84,SSP3-7.0
2034-11-24,0.0178,22.616,59.117,14.406,189.63,SSP3-7.0
2034-11-25,21.9458,21.418,86.862,18.037,125.48,SSP3-7.0
2034-11-26,22.1505,22.02,92.487,15.481,116.62,SSP3-7.0
2034-11-27,0.3649,22.633,85.969,10.0,158.66,SSP3-7.0
2034-11-28,0.0,23.241,81.27,7.902,182.78,SSP3-7.0
2034-11-29,0.0,24.015,75.421,6.577,207.19,SSP3-7.0
2034-11-30,0.0,24.29,73.001,6.323,210.77,SSP3-7.0
2034-12-01,0.0,23.985,76.212,6.203,197.67,SSP3-7.0
2034-12-02,0.0,23.415,72.412,8.995,192.31,SSP3-7.0
2034-12-03,0.0,24.438,60.981,10.302,217.03,SSP3-7.0
2034-12-04,0.0,23.401,65.024,12.083,200.48,SSP3-7.0
2034-12-05,0.0781,22.363,77.065,16.999,155.78,SSP3-7.0
2034-12-06,0.0593,22.022,80.299,16.218,154.65,SSP3-7.0
2034-12-07,0.0,21.774,86.685,6.781,131.28,SSP3-7.0
2034-12-08,0.0,24.17,70.0,8.404,194.02,SSP3-7.0
2034-12-09,0.0,22.707,49.609,8.854,231.6,SSP3-7.0
2034-12-10,0.0,22.369,47.204,3.969,243.54,SSP3-7.0
2034-12-11,0.0,22.735,58.711,6.776,233.18,SSP3-7.0
2034-12-12,0.0,22.57,66.502,8.601,212.15,SSP3-7.0
2034-12-13,0.0,22.122,59.546,8.518,215.17,SSP3-7.0
2034-12-14,0.0,22.877,65.597,7.566,215.99,SSP3-7.0
2034-12-15,0.0,23.018,67.147,8.033,214.24,SSP3-7.0
2034-12-16,0.0,22.321,61.957,9.794,192.05,SSP3-7.0
2034-12-17,0.0,21.646,61.094,9.512,213.23,SSP3-7.0
2034-12-18,0.0,20.533,68.059,7.619,187.27,SSP3-7.0
2034-12-19,0.0,21.394,63.295,5.797,200.58,SSP3-7.0
2034-12-20,0.0,22.175,65.635,7.942,221.22,SSP3-7.0
2034-12-21,0.0,21.048,73.386,7.09,168.64,SSP3-7.0
2034-12-22,0.0,21.222,72.117,12.475,177.75,SSP3-7.0
2034-12-23,0.0,20.707,75.482,9.713,172.3,SSP3-7.0
2034-12-24,0.0,21.338,75.765,7.622,176.93,SSP3-7.0
2034-12-25,0.0,22.742,72.751,5.724,184.12,SSP3-7.0
2034-12-26,0.0,22.245,72.919,5.23,183.5,SSP3-7.0
2034-12-27,0.0,22.508,69.523,7.712,185.76,SSP3-7.0
2034-12-28,0.0,22.549,59.719,7.842,215.92,SSP3-7.0
2034-12-29,0.0,22.295,63.057,8.177,210.73,SSP3-7.0
2034-12-30,0.0,21.838,71.013,10.619,181.56,SSP3-7.0
2034-12-31,0.0,21.513,79.159,11.032,181.79,SSP3-7.0
2035-01-01,0.0,22.609,72.075,8.409,203.14,SSP3-7.0
2035-01-02,0.0,23.557,61.693,8.9,219.38,SSP3-7.0
2035-01-03,0.0,23.285,65.015,10.585,206.93,SSP3-7.0
2035-01-04,0.0,23.594,60.485,9.704,229.57,SSP3-7.0
2035-01-05,0.0,21.932,75.129,6.456,158.7,SSP3-7.0
2035-01-06,0.0,23.151,63.011,9.065,202.5,SSP3-7.0
2035-01-07,0.0,23.243,62.558,9.069,219.44,SSP3-7.0
2035-01-08,0.0,23.204,60.831,9.476,219.1,SSP3-7.0
2035-01-09,0.0,21.806,67.738,9.123,208.13,SSP3-7.0
2035-01-10,0.0,22.651,63.398,8.157,224.75,SSP3-7.0
2035-01-11,0.0,23.569,55.258,8.074,221.85,SSP3-7.0
2035-01-12,0.0,21.559,60.673,8.825,202.52,SSP3-7.0
2035-01-13,0.0,22.801,53.784,9.606,203.82,SSP3-7.0
2035-01-14,0.0,22.733,52.077,9.067,226.34,SSP3-7.0
2035-01-15,0.0,22.72,54.557,8.429,232.98,SSP3-7.0
2035-01-16,0.0,21.138,66.086,10.405,175.81,SSP3-7.0
2035-01-17,0.0,22.411,64.612,11.013,214.13,SSP3-7.0
2035-01-18,0.0,19.175,83.963,4.762,109.74,SSP3-7.0
2035-01-19,0.0,21.708,84.089,7.295,164.88,SSP3-7.0
2035-01-20,0.0,22.466,77.899,5.824,186.36,SSP3-7.0
2035-01-21,0.0,23.672,58.616,6.612,237.09,SSP3-7.0
2035-01-22,0.0,23.602,57.036,9.85,247.19,SSP3-7.0
2035-01-23,0.0,23.362,65.827,11.816,225.63,SSP3-7.0
2035-01-24,0.0,20.891,79.142,12.976,158.61,SSP3-7.0
2035-01-25,0.0,15.706,81.661,11.494,117.72,SSP3-7.0
2035-01-26,0.0,16.948,68.489,8.506,165.34,SSP3-7.0
2035-01-27,0.0,20.892,43.078,12.125,228.98,SSP3-7.0
2035-01-28,0.0,21.02,42.307,8.863,261.24,SSP3-7.0
2035-01-29,0.0,21.597,46.116,5.335,249.22,SSP3-7.0
2035-01-30,0.0,22.509,49.438,6.947,254.06,SSP3-7.0
2035-01-31,0.0,23.141,50.09,5.486,252.84,SSP3-7.0
2035-02-01,0.0,22.12,60.978,7.589,201.3,SSP3-7.0
2035-02-02,0.0,22.73,57.986,8.449,214.86,SSP3-7.0
2035-02-03,0.0,23.222,55.967,6.664,232.14,SSP3-7.0
2035-02-04,0.0,22.943,58.207,7.617,204.66,SSP3-7.0
2035-02-05,0.0,23.687,54.575,9.219,242.88,SSP3-7.0
2035-02-06,0.0,23.388,53.15,8.439,242.59,SSP3-7.0
2035-02-07,0.0,22.322,62.761,5.231,222.51,SSP3-7.0
2035-02-08,0.0,23.151,61.951,7.133,232.46,SSP3-7.0
2035-02-09,0.0,24.097,56.614,9.743,248.65,SSP3-7.0
2035-02-10,0.0,23.806,54.943,8.939,248.77,SSP3-7.0
2035-02-11,0.0,22.495,63.646,8.335,196.68,SSP3-7.0
2035-02-12,0.0,23.352,63.114,6.982,232.8,SSP3-7.0
2035-02-13,0.0,24.241,56.344,8.015,249.05,SSP3-7.0
2035-02-14,0.0,24.655,53.303,7.341,254.05,SSP3-7.0
2035-02-15,0.0,25.269,50.34,8.724,265.84,SSP3-7.0
2035-02-16,0.0,25.186,46.454,9.315,249.75,SSP3-7.0
2035-02-17,0.0,25.073,40.472,8.319,273.61,SSP3-7.0
2035-02-18,0.0,24.711,37.025,8.503,282.02,SSP3-7.0
2035-02-19,0.0,24.343,36.594,7.921,276.89,SSP3-7.0
2035-02-20,0.0,24.277,45.66,6.374,277.71,SSP3-7.0
2035-02-21,0.0,26.006,52.797,9.4,265.71,SSP3-7.0
2035-02-22,0.0,26.136,50.768,9.343,264.63,SSP3-7.0
2035-02-23,0.0016,24.666,53.622,8.204,236.09,SSP3-7.0
2035-02-24,0.0,24.298,49.789,11.091,243.16,SSP3-7.0
2035-02-25,0.0035,22.802,75.07,9.38,166.8,SSP3-7.0
2035-02-26,0.0,22.436,73.951,4.545,166.2,SSP3-7.0
2035-02-27,0.0,25.502,60.934,5.934,266.82,SSP3-7.0
2035-02-28,0.0,26.943,52.632,4.638,273.92,SSP3-7.0
2035-03-01,0.6562,22.169,75.096,6.759,157.82,SSP3-7.0
2035-03-02,0.0,26.281,56.68,8.755,287.28,SSP3-7.0
2035-03-03,0.0,26.723,51.986,9.582,287.87,SSP3-7.0
2035-03-04,0.0295,27.033,50.76,7.143,278.38,SSP3-7.0
2035-03-05,0.0,27.094,49.85,4.392,264.33,SSP3-7.0
2035-03-06,0.0,26.827,42.101,4.225,290.39,SSP3-7.0
2035-03-07,0.0,26.399,35.172,4.846,303.96,SSP3-7.0
2035-03-08,0.0,26.103,33.313,5.047,314.42,SSP3-7.0
2035-03-09,0.0,26.611,33.691,8.109,313.5,SSP3-7.0
2035-03-10,0.0,26.379,30.138,8.289,313.48,SSP3-7.0
2035-03-11,0.0,26.131,31.938,5.991,301.52,SSP3-7.0
2035-03-12,0.0,26.863,34.926,8.791,298.62,SSP3-7.0
2035-03-13,0.0,26.967,35.28,9.112,315.19,SSP3-7.0
2035-03-14,0.0,26.865,36.266,7.24,326.77,SSP3-7.0
2035-03-15,0.0066,24.654,62.949,4.774,196.01,SSP3-7.0
2035-03-16,0.0,27.26,47.353,6.556,289.55,SSP3-7.0
2035-03-17,0.0069,26.276,57.385,8.419,235.84,SSP3-7.0
2035-03-18,0.0557,24.994,64.836,4.622,215.76,SSP3-7.0
2035-03-19,0.0338,26.858,52.465,5.208,265.19,SSP3-7.0
2035-03-20,0.0,27.778,44.604,4.742,297.24,SSP3-7.0
2035-03-21,0.0,27.955,42.195,4.255,298.07,SSP3-7.0
2035-03-22,0.0,27.835,44.213,6.906,247.19,SSP3-7.0
2035-03-23,0.0,26.601,46.708,7.466,229.79,SSP3-7.0
2035-03-24,0.0,27.606,34.515,7.627,332.05,SSP3-7.0
2035-03-25,0.0,27.484,31.721,7.046,325.78,SSP3-7.0
2035-03-26,0.0,27.398,31.18,3.187,329.63,SSP3-7.0
2035-03-27,0.0,27.607,33.599,3.222,316.49,SSP3-7.0
2035-03-28,0.0,28.248,35.892,5.591,277.31,SSP3-7.0
2035-03-29,0.0041,28.173,37.907,7.938,280.6,SSP3-7.0
2035-03-30,0.0928,27.797,42.785,4.427,251.57,SSP3-7.0
2035-03-31,0.2752,27.2,51.834,7.517,211.87,SSP3-7.0
2035-04-01,0.2052,26.138,55.165,6.09,217.41,SSP3-7.0
2035-04-02,0.6237,28.091,47.666,6.048,301.25,SSP3-7.0
2035-04-03,0.2858,28.472,50.427,6.868,275.22,SSP3-7.0
2035-04-04,1.5332,28.029,52.618,6.254,264.38,SSP3-7.0
2035-04-05,0.5212,28.594,50.438,6.603,279.84,SSP3-7.0
2035-04-06,0.0019,28.408,50.54,6.319,265.77,SSP3-7.0
2035-04-07,0.0145,29.243,41.065,5.771,308.82,SSP3-7.0
2035-04-08,0.0,29.268,42.801,5.188,294.98,SSP3-7.0
2035-04-09,0.0,29.334,40.045,5.189,306.61,SSP3-7.0
2035-04-10,0.0,29.21,35.077,6.081,309.63,SSP3-7.0
2035-04-11,0.0,29.22,33.528,6.039,321.29,SSP3-7.0
2035-04-12,0.0,29.517,34.766,5.755,317.44,SSP3-7.0
2035-04-13,0.0,29.841,36.468,4.13,310.98,SSP3-7.0
2035-04-14,0.0,29.825,38.981,4.891,304.44,SSP3-7.0
2035-04-15,0.0,30.129,37.105,5.142,305.51,SSP3-7.0
2035-04-16,0.0,30.559,36.479,4.853,305.29,SSP3-7.0
2035-04-17,0.0,30.52,36.457,4.506,317.95,SSP3-7.0
2035-04-18,0.0,30.6,32.634,5.824,328.32,SSP3-7.0
2035-04-19,0.0,30.71,31.089,4.56,332.85,SSP3-7.0
2035-04-20,0.0,30.107,34.272,5.467,314.94,SSP3-7.0
2035-04-21,0.0,30.443,29.813,5.847,340.4,SSP3-7.0
2035-04-22,0.0,30.426,30.413,4.399,336.06,SSP3-7.0
2035-04-23,0.0,30.566,30.279,5.231,335.0,SSP3-7.0
2035-04-24,0.0,30.848,29.702,5.303,328.03,SSP3-7.0
2035-04-25,0.0,30.949,30.317,5.294,297.73,SSP3-7.0
2035-04-26,0.0,31.079,30.437,5.585,316.09,SSP3-7.0
2035-04-27,0.0,31.25,31.622,6.156,284.09,SSP3-7.0
2035-04-28,0.0,31.542,29.684,6.494,312.69,SSP3-7.0
2035-04-29,0.0,31.365,30.824,6.085,330.26,SSP3-7.0
2035-04-30,0.0,31.273,29.583,6.808,330.83,SSP3-7.0
2035-05-01,0.0,31.622,30.034,6.019,297.53,SSP3-7.0
2035-05-02,0.0038,31.603,29.169,5.164,305.92,SSP3-7.0
2035-05-03,0.0,31.551,28.61,5.809,314.81,SSP3-7.0
2035-05-04,0.0,31.585,29.043,5.496,316.14,SSP3-7.0
2035-05-05,0.0,32.107,31.348,6.453,298.38,SSP3-7.0
2035-05-06,0.0,30.89,38.967,8.149,233.69,SSP3-7.0
2035-05-07,0.0,30.92,39.218,10.038,257.08,SSP3-7.0
2035-05-08,0.0,31.037,37.249,9.268,270.78,SSP3-7.0
2035-05-09,0.0487,31.061,37.131,8.314,271.54,SSP3-7.0
2035-05-10,0.0,31.737,35.793,10.018,291.51,SSP3-7.0
2035-05-11,0.0,31.95,34.726,8.944,302.07,SSP3-7.0
2035-05-12,0.0387,32.248,34.386,9.77,298.4,SSP3-7.0
2035-05-13,0.0068,32.053,35.967,10.644,255.06,SSP3-7.0
2035-05-14,0.0532,32.134,37.958,8.65,278.0,SSP3-7.0
2035-05-15,0.0186,32.323,34.514,7.946,310.34,SSP3-7.0
2035-05-16,0.0,32.494,29.673,7.859,329.91,SSP3-7.0
2035-05-17,0.0,32.66,27.136,9.003,343.37,SSP3-7.0
2035-05-18,0.0,32.626,24.866,10.109,342.14,SSP3-7.0
2035-05-19,0.0,32.499,24.107,7.939,349.21,SSP3-7.0
2035-05-20,0.0,32.535,25.565,8.332,343.05,SSP3-7.0
2035-05-21,0.0,32.965,28.058,6.571,332.68,SSP3-7.0
2035-05-22,0.0,32.772,34.108,6.66,273.54,SSP3-7.0
2035-05-23,0.0,32.311,38.904,10.224,293.07,SSP3-7.0
2035-05-24,0.0,32.32,37.247,8.025,317.65,SSP3-7.0
2035-05-25,0.1183,31.465,39.016,8.496,262.88,SSP3-7.0
2035-05-26,0.0014,32.058,41.214,7.964,284.62,SSP3-7.0
2035-05-27,0.0,31.566,41.458,7.755,270.82,SSP3-7.0
2035-05-28,0.0,32.66,34.011,8.499,305.74,SSP3-7.0
2035-05-29,0.3255,32.702,36.454,8.75,303.18,SSP3-7.0
2035-05-30,0.6234,31.656,43.391,8.037,280.2,SSP3-7.0
2035-05-31,0.0,32.811,30.856,13.577,302.75,SSP3-7.0
2035-06-01,0.0,34.598,27.592,14.449,334.42,SSP3-7.0
2035-06-02,0.0,34.609,27.786,16.139,327.24,SSP3-7.0
2035-06-03,0.0,33.962,31.499,16.769,302.49,SSP3-7.0
2035-06-04,0.0,32.371,42.67,16.791,292.48,SSP3-7.0
2035-06-05,0.0649,31.277,49.472,15.537,281.54,SSP3-7.0
2035-06-06,0.3988,29.188,65.045,12.066,248.31,SSP3-7.0
2035-06-07,0.0791,29.842,62.193,11.706,270.23,SSP3-7.0
2035-06-08,0.0,29.22,65.435,11.961,254.56,SSP3-7.0
2035-06-09,0.0274,29.383,63.387,11.216,256.34,SSP3-7.0
2035-06-10,0.1378,30.955,54.266,14.023,298.57,SSP3-7.0
2035-06-11,0.0002,28.096,65.175,11.825,221.79,SSP3-7.0
2035-06-12,0.0102,30.185,55.403,13.724,259.44,SSP3-7.0
2035-06-13,0.0,31.365,44.248,12.868,322.2,SSP3-7.0
2035-06-14,0.0,32.306,45.412,9.039,321.66,SSP3-7.0
2035-06-15,0.5982,32.16,47.734,8.405,297.38,SSP3-7.0
2035-06-16,24.6752,27.167,82.701,6.635,204.91,SSP3-7.0
2035-06-17,23.9169,26.98,90.996,8.975,199.71,SSP3-7.0
2035-06-18,6.9315,27.582,86.064,8.045,230.89,SSP3-7.0
2035-06-19,0.6526,28.356,79.945,7.31,268.76,SSP3-7.0
2035-06-20,0.1959,28.926,77.094,8.077,287.57,SSP3-7.0
2035-06-21,15.4657,28.855,82.03,3.903,248.62,SSP3-7.0
2035-06-22,22.7052,27.776,87.844,5.582,230.29,SSP3-7.0
2035-06-23,35.2787,27.105,92.601,7.128,210.57,SSP3-7.0
2035-06-24,16.2928,27.175,89.967,10.466,211.19,SSP3-7.0
2035-06-25,14.1496,27.502,85.709,9.911,211.32,SSP3-7.0
2035-06-26,2.1933,28.124,79.211,12.58,243.86,SSP3-7.0
2035-06-27,13.6239,27.86,82.427,13.367,231.76,SSP3-7.0
2035-06-28,0.6031,28.318,77.07,16.653,250.4,SSP3-7.0
2035-06-29,0.399,28.185,77.792,15.403,255.7,SSP3-7.0
2035-06-30,4.5828,26.332,87.401,12.249,188.77,SSP3-7.0
2035-07-01,0.0,25.71,83.742,12.539,218.46,SSP3-7.0
2035-07-02,0.0,26.468,79.433,14.4,249.02,SSP3-7.0
2035-07-03,0.0,26.89,73.703,15.056,278.23,SSP3-7.0
2035-07-04,0.0,26.974,73.309,15.011,262.5,SSP3-7.0
2035-07-05,0.0,27.509,70.534,15.698,289.61,SSP3-7.0
2035-07-06,7.604,27.065,77.339,14.368,248.46,SSP3-7.0
2035-07-07,3.3397,25.796,88.655,12.336,188.88,SSP3-7.0
2035-07-08,19.9954,25.48,87.51,12.273,205.48,SSP3-7.0
2035-07-09,32.6011,24.729,93.343,14.046,159.95,SSP3-7.0
2035-07-10,5.9015,25.281,90.425,12.497,192.4,SSP3-7.0
2035-07-11,0.0841,25.757,86.18,13.086,241.13,SSP3-7.0
2035-07-12,3.0689,25.71,87.35,15.166,216.94,SSP3-7.0
2035-07-13,31.138,25.244,93.129,12.413,186.69,SSP3-7.0
2035-07-14,4.5438,25.873,88.755,14.339,215.64,SSP3-7.0
2035-07-15,23.8963,25.398,92.165,14.632,185.46,SSP3-7.0
2035-07-16,33.4025,25.227,93.83,15.384,143.99,SSP3-7.0
2035-07-17,10.9806,25.372,91.703,15.463,177.89,SSP3-7.0
2035-07-18,0.0735,26.037,88.144,12.912,225.96,SSP3-7.0
2035-07-19,0.0,27.039,81.748,15.128,270.54,SSP3-7.0
2035-07-20,0.4606,26.515,85.131,11.884,239.79,SSP3-7.0
2035-07-21,0.8595,25.39,89.259,13.242,206.49,SSP3-7.0
2035-07-22,0.9175,25.45,89.302,13.673,207.0,SSP3-7.0
2035-07-23,0.7208,25.873,88.004,12.832,223.06,SSP3-7.0
2035-07-24,0.0,25.265,89.908,11.977,202.32,SSP3-7.0
2035-07-25,0.0,25.887,85.649,14.579,246.01,SSP3-7.0
2035-07-26,0.0,26.036,82.082,16.007,229.26,SSP3-7.0
2035-07-27,0.0,26.066,83.059,15.701,226.08,SSP3-7.0
2035-07-28,0.3332,26.361,80.625,16.566,249.61,SSP3-7.0
2035-07-29,8.4209,25.252,88.886,14.027,211.93,SSP3-7.0
2035-07-30,20.6207,25.564,89.049,11.501,219.19,SSP3-7.0
2035-07-31,0.2829,25.532,90.1,11.431,224.83,SSP3-7.0
2035-08-01,0.0,26.534,88.222,8.947,240.46,SSP3-7.0
2035-08-02,4.4549,26.887,87.441,8.984,232.34,SSP3-7.0
2035-08-03,0.0,27.057,85.559,11.583,240.67,SSP3-7.0
2035-08-04,0.0,26.846,82.54,12.727,233.85,SSP3-7.0
2035-08-05,0.0,26.801,83.418,13.058,231.48,SSP3-7.0
2035-08-06,0.0,26.899,82.47,11.869,239.53,SSP3-7.0
2035-08-07,0.3916,27.043,83.873,11.407,244.21,SSP3-7.0
2035-08-08,0.0,26.892,86.511,10.863,236.0,SSP3-7.0
2035-08-09,11.8646,26.386,89.15,12.009,221.8,SSP3-7.0
2035-08-10,0.0,26.162,90.756,10.868,208.76,SSP3-7.0
2035-08-11,8.9205,26.454,90.809,7.342,217.31,SSP3-7.0
2035-08-12,2.7154,26.678,88.998,7.99,233.12,SSP3-7.0
2035-08-13,8.9778,26.508,90.199,7.756,222.48,SSP3-7.0
2035-08-14,0.3527,26.662,88.156,8.907,238.54,SSP3-7.0
2035-08-15,13.5565,26.313,91.625,7.974,217.45,SSP3-7.0
2035-08-16,1.9259,26.595,88.814,8.994,234.38,SSP3-7.0
2035-08-17,2.8491,26.43,90.236,8.85,219.56,SSP3-7.0
2035-08-18,0.0,26.855,87.204,8.302,235.68,SSP3-7.0
2035-08-19,0.0,27.342,82.378,10.786,258.01,SSP3-7.0
2035-08-20,0.0,27.51,79.23,9.407,277.65,SSP3-7.0
2035-08-21,0.0,27.142,81.95,8.88,276.86,SSP3-7.0
2035-08-22,0.0,27.368,83.22,7.671,259.34,SSP3-7.0
2035-08-23,3.6845,27.572,84.991,6.813,244.93,SSP3-7.0
2035-08-24,0.0,27.939,79.935,9.509,258.53,SSP3-7.0
2035-08-25,0.0,27.803,75.901,11.983,267.7,SSP3-7.0
2035-08-26,0.0,26.864,79.452,10.751,233.42,SSP3-7.0
2035-08-27,0.0069,27.07,81.043,9.765,246.84,SSP3-7.0
2035-08-28,0.0,26.711,86.277,9.419,219.34,SSP3-7.0
2035-08-29,3.0793,26.083,91.029,11.074,206.39,SSP3-7.0
2035-08-30,12.7257,26.214,91.734,6.585,215.36,SSP3-7.0
2035-08-31,0.9023,26.555,89.744,6.12,230.06,SSP3-7.0
2035-09-01,0.0,27.067,84.123,4.754,255.14,SSP3-7.0
2035-09-02,29.3343,26.64,91.053,5.863,228.8,SSP3-7.0
2035-09-03,16.9898,26.266,91.783,8.406,213.77,SSP3-7.0
2035-09-04,0.5285,26.833,87.121,8.4,242.44,SSP3-7.0
2035-09-05,3.2202,26.969,86.535,7.45,246.93,SSP3-7.0
2035-09-06,3.1929,26.653,88.323,8.084,228.87,SSP3-7.0
2035-09-07,25.7977,26.238,91.318,8.944,220.21,SSP3-7.0
2035-09-08,12.3789,26.289,90.328,9.033,229.69,SSP3-7.0
2035-09-09,0.0,26.192,88.77,9.951,222.66,SSP3-7.0
2035-09-10,0.0677,26.089,90.109,10.204,208.25,SSP3-7.0
2035-09-11,0.6429,26.505,87.869,8.517,226.47,SSP3-7.0
2035-09-12,0.0,26.141,89.791,8.134,219.75,SSP3-7.0
2035-09-13,0.0424,26.236,91.244,6.014,211.54,SSP3-7.0
2035-09-14,0.3609,26.537,88.606,6.378,231.3,SSP3-7.0
2035-09-15,8.8158,26.902,87.011,5.247,241.88,SSP3-7.0
2035-09-16,14.8147,26.195,91.741,4.402,216.96,SSP3-7.0
2035-09-17,0.0,26.751,85.547,3.368,253.82,SSP3-7.0
2035-09-18,0.0,27.322,84.237,3.097,245.24,SSP3-7.0
2035-09-19,0.0,27.136,88.07,3.417,232.06,SSP3-7.0
2035-09-20,5.1891,26.605,90.241,5.188,218.21,SSP3-7.0
2035-09-21,0.4505,26.811,89.348,5.859,230.53,SSP3-7.0
2035-09-22,0.7231,26.565,89.017,5.622,229.0,SSP3-7.0
2035-09-23,0.0,26.823,84.815,5.079,249.03,SSP3-7.0
2035-09-24,0.0,26.709,85.926,5.539,240.6,SSP3-7.0
2035-09-25,0.0,27.074,81.988,6.23,260.39,SSP3-7.0
2035-09-26,0.7742,26.313,87.264,6.455,228.38,SSP3-7.0
2035-09-27,1.308,26.126,89.208,6.727,227.57,SSP3-7.0
2035-09-28,2.8271,26.355,87.911,5.786,234.45,SSP3-7.0
2035-09-29,12.7102,26.349,89.16,4.987,221.06,SSP3-7.0
2035-09-30,13.3227,26.344,88.922,2.732,216.96,SSP3-7.0
2035-10-01,11.8601,25.057,89.374,2.839,218.77,SSP3-7.0
2035-10-02,2.3129,25.213,89.556,3.019,215.68,SSP3-7.0
2035-10-03,42.0986,24.172,93.398,7.385,202.12,SSP3-7.0
2035-10-04,28.3319,24.19,91.82,8.494,202.55,SSP3-7.0
2035-10-05,4.7964,24.317,90.165,8.173,215.48,SSP3-7.0
2035-10-06,0.579,24.359,90.485,5.395,202.44,SSP3-7.0
2035-10-07,0.0193,25.742,86.203,2.317,232.02,SSP3-7.0
2035-10-08,0.0097,26.756,83.883,5.072,245.22,SSP3-7.0
2035-10-09,0.1771,25.832,86.428,3.418,212.34,SSP3-7.0
2035-10-10,0.2135,26.487,83.994,3.876,238.95,SSP3-7.0
2035-10-11,8.6029,24.976,87.023,3.033,215.83,SSP3-7.0
2035-10-12,0.0,27.024,80.252,5.098,236.66,SSP3-7.0
2035-10-13,1.4588,27.305,75.573,4.852,242.59,SSP3-7.0
2035-10-14,0.0,26.533,76.658,4.042,227.3,SSP3-7.0
2035-10-15,0.0,26.148,80.833,6.567,248.97,SSP3-7.0
2035-10-16,0.0,25.344,79.667,6.427,218.09,SSP3-7.0
2035-10-17,0.0,25.177,58.129,11.789,219.78,SSP3-7.0
2035-10-18,8.7689,26.177,68.308,9.362,221.87,SSP3-7.0
2035-10-19,7.9671,25.163,84.499,7.985,201.11,SSP3-7.0
2035-10-20,26.838,23.343,92.65,8.588,168.35,SSP3-7.0
2035-10-21,3.7096,24.05,88.248,6.84,201.05,SSP3-7.0
2035-10-22,3.4898,24.444,87.095,6.523,211.74,SSP3-7.0
2035-10-23,20.7323,23.427,89.862,5.682,184.36,SSP3-7.0
2035-10-24,0.0926,25.968,81.766,6.585,228.51,SSP3-7.0
2035-10-25,0.177,25.304,83.17,5.986,216.53,SSP3-7.0
2035-10-26,0.1012,25.712,79.723,5.149,226.45,SSP3-7.0
2035-10-27,0.0653,25.397,78.929,5.21,222.38,SSP3-7.0
2035-10-28,0.0452,25.3,75.877,7.905,216.15,SSP3-7.0
2035-10-29,0.0,24.533,71.691,8.571,206.5,SSP3-7.0
2035-10-30,0.0016,24.529,80.276,6.655,202.46,SSP3-7.0
2035-10-31,0.0,25.831,77.612,7.77,219.97,SSP3-7.0
2035-11-01,0.0,25.555,74.254,8.191,230.91,SSP3-7.0
2035-11-02,0.0,25.086,66.327,7.914,236.39,SSP3-7.0
2035-11-03,0.0,24.578,64.37,6.785,237.39,SSP3-7.0
2035-11-04,0.0,24.343,59.932,6.491,241.16,SSP3-7.0
2035-11-05,0.0,23.575,78.78,4.071,191.87,SSP3-7.0
2035-11-06,0.0,23.932,82.031,7.045,192.4,SSP3-7.0
2035-11-07,0.0,24.704,78.387,7.344,205.77,SSP3-7.0
2035-11-08,4.4024,23.764,85.614,7.082,178.91,SSP3-7.0
2035-11-09,7.4826,23.433,88.424,3.612,170.53,SSP3-7.0
2035-11-10,9.4144,23.315,87.754,3.522,172.47,SSP3-7.0
2035-11-11,0.0695,24.996,80.6,6.871,213.69,SSP3-7.0
2035-11-12,0.0,23.362,71.86,8.063,220.0,SSP3-7.0
2035-11-13,0.0,23.027,54.954,9.288,239.41,SSP3-7.0
2035-11-14,0.0,22.874,47.716,13.825,245.44,SSP3-7.0
2035-11-15,0.0,22.656,53.519,10.683,197.86,SSP3-7.0
2035-11-16,0.0,21.96,53.862,14.272,180.21,SSP3-7.0
2035-11-17,0.0562,22.574,54.552,15.561,179.41,SSP3-7.0
2035-11-18,14.3747,21.638,79.277,17.497,133.13,SSP3-7.0
2035-11-19,14.5367,21.803,90.457,16.613,127.77,SSP3-7.0
2035-11-20,0.1224,22.546,85.7,11.964,157.51,SSP3-7.0
2035-11-21,12.6387,22.4,87.551,5.899,161.96,SSP3-7.0
2035-11-22,4.631,22.172,88.594,7.047,161.79,SSP3-7.0
2035-11-23,0.0541,23.089,77.279,9.52,188.17,SSP3-7.0
2035-11-24,0.0008,23.395,68.113,11.077,222.42,SSP3-7.0
2035-11-25,0.7836,22.924,79.582,11.2,210.17,SSP3-7.0
2035-11-26,0.0311,22.765,77.822,9.302,197.41,SSP3-7.0
2035-11-27,0.0206,23.661,72.476,6.081,211.65,SSP3-7.0
2035-11-28,0.0,23.484,72.149,7.88,193.24,SSP3-7.0
2035-11-29,0.0,22.979,56.761,7.053,218.38,SSP3-7.0
2035-11-30,0.0,22.666,50.626,7.733,238.16,SSP3-7.0
2035-12-01,0.0,22.454,63.246,4.792,215.62,SSP3-7.0
2035-12-02,0.0,21.774,69.038,5.584,179.56,SSP3-7.0
2035-12-03,0.0,22.028,58.515,8.288,216.45,SSP3-7.0
2035-12-04,0.0,20.394,47.366,9.885,207.95,SSP3-7.0
2035-12-05,0.0,19.743,40.166,9.493,236.9,SSP3-7.0
2035-12-06,0.0,19.419,43.494,7.376,238.4,SSP3-7.0
2035-12-07,0.0,19.497,44.677,6.928,240.77,SSP3-7.0
2035-12-08,0.0,19.769,43.71,7.517,238.64,SSP3-7.0
2035-12-09,0.0,20.081,46.72,6.97,240.61,SSP3-7.0
2035-12-10,0.0,20.132,51.934,7.054,228.47,SSP3-7.0
2035-12-11,0.0,20.686,52.263,6.745,232.23,SSP3-7.0
2035-12-12,0.0,20.903,52.286,6.676,231.79,SSP3-7.0
2035-12-13,0.0,20.798,58.552,6.31,218.43,SSP3-7.0
2035-12-14,0.0,21.685,58.749,5.591,221.88,SSP3-7.0
2035-12-15,0.0,22.687,57.097,6.823,219.99,SSP3-7.0
2035-12-16,0.0,22.934,56.726,6.785,210.3,SSP3-7.0
2035-12-17,0.0,20.841,67.6,6.223,171.3,SSP3-7.0
2035-12-18,0.0,21.127,62.759,5.583,202.06,SSP3-7.0
2035-12-19,0.0,20.903,63.971,6.138,173.32,SSP3-7.0
2035-12-20,0.0,20.894,58.781,8.558,178.4,SSP3-7.0
2035-12-21,0.0,20.254,51.406,10.605,195.51,SSP3-7.0
2035-12-22,0.0,19.638,49.223,7.141,169.02,SSP3-7.0
2035-12-23,0.0,19.441,47.55,8.328,210.39,SSP3-7.0
2035-12-24,0.0,20.793,44.94,9.608,228.21,SSP3-7.0
2035-12-25,0.0,20.275,53.278,10.855,194.68,SSP3-7.0
2035-12-26,0.0,20.208,49.107,9.578,168.09,SSP3-7.0
2035-12-27,0.0,19.269,50.611,8.918,147.41,SSP3-7.0
2035-12-28,0.0,20.155,47.036,9.823,167.07,SSP3-7.0
2035-12-29,0.0,19.87,45.43,9.029,211.69,SSP3-7.0
2035-12-30,0.0,20.263,42.724,8.963,229.92,SSP3-7.0
2035-12-31,0.0,20.637,44.768,7.969,235.63,SSP3-7.0
2036-01-01,0.0,21.443,50.772,7.966,228.25,SSP3-7.0
2036-01-02,0.0,21.965,52.934,6.705,224.24,SSP3-7.0
2036-01-03,0.0,21.552,53.198,8.15,210.61,SSP3-7.0
2036-01-04,0.0,21.582,45.672,7.687,234.32,SSP3-7.0
2036-01-05,0.0,21.922,48.671,6.956,227.71,SSP3-7.0
2036-01-06,0.0,21.835,50.949,8.836,228.78,SSP3-7.0
2036-01-07,0.0,21.964,51.172,7.794,234.43,SSP3-7.0
2036-01-08,0.0,21.807,51.334,6.616,234.48,SSP3-7.0
2036-01-09,0.0,22.153,50.34,6.02,233.56,SSP3-7.0
2036-01-10,0.0,22.135,53.248,6.501,238.06,SSP3-7.0
2036-01-11,0.0,22.303,52.026,7.498,239.96,SSP3-7.0
2036-01-12,0.0,22.626,53.086,8.259,235.63,SSP3-7.0
2036-01-13,0.0,22.564,52.294,8.926,229.36,SSP3-7.0
2036-01-14,0.0,22.498,49.12,8.261,243.57,SSP3-7.0
2036-01-15,0.0,22.313,50.716,8.191,235.37,SSP3-7.0
2036-01-16,0.0,22.397,53.079,7.156,238.32,SSP3-7.0
2036-01-17,0.0,22.606,51.588,7.801,235.39,SSP3-7.0
2036-01-18,0.0,23.302,50.691,7.205,234.62,SSP3-7.0
2036-01-19,0.0,23.566,52.137,6.032,231.7,SSP3-7.0
2036-01-20,0.0,23.274,52.101,7.837,211.99,SSP3-7.0
2036-01-21,0.0,22.363,39.777,10.676,245.79,SSP3-7.0
2036-01-22,0.0,21.044,29.149,12.593,267.49,SSP3-7.0
2036-01-23,0.0,20.621,32.961,8.108,264.96,SSP3-7.0
2036-01-24,0.0,21.281,44.055,8.406,258.81,SSP3-7.0
2036-01-25,0.0,22.578,45.664,10.333,258.4,SSP3-7.0
2036-01-26,0.0,22.767,46.27,8.864,257.16,SSP3-7.0
2036-01-27,0.0,23.115,49.463,10.934,252.76,SSP3-7.0
2036-01-28,0.0,23.364,44.728,11.958,259.33,SSP3-7.0
2036-01-29,0.0,23.161,44.45,11.898,258.45,SSP3-7.0
2036-01-30,0.0,23.239,46.039,10.919,253.97,SSP3-7.0
2036-01-31,0.0,24.065,45.325,10.356,259.38,SSP3-7.0
2036-02-01,0.0,23.852,47.559,8.076,256.67,SSP3-7.0
2036-02-02,0.0,23.382,49.164,9.361,246.84,SSP3-7.0
2036-02-03,0.0,23.747,49.242,8.46,235.02,SSP3-7.0
2036-02-04,0.0,24.163,49.886,6.719,245.19,SSP3-7.0
2036-02-05,0.0,24.296,46.383,5.806,262.35,SSP3-7.0
2036-02-06,0.0,24.088,45.268,7.337,265.05,SSP3-7.0
2036-02-07,0.0,23.646,39.446,8.53,273.32,SSP3-7.0
2036-02-08,0.0,23.289,38.35,7.113,269.67,SSP3-7.0
2036-02-09,0.0,23.085,38.463,6.282,275.98,SSP3-7.0
2036-02-10,0.0,23.414,42.011,8.604,277.22,SSP3-7.0
2036-02-11,0.0,24.291,45.116,9.927,270.65,SSP3-7.0
2036-02-12,0.0,24.286,45.89,10.282,266.33,SSP3-7.0
2036-02-13,0.0,24.031,45.333,12.834,261.32,SSP3-7.0
2036-02-14,0.0,23.962,44.178,11.295,279.18,SSP3-7.0
2036-02-15,0.0,23.961,44.91,10.08,270.68,SSP3-7.0
2036-02-16,0.0,23.911,45.243,8.558,261.54,SSP3-7.0
2036-02-17,0.0,24.741,42.647,7.653,267.83,SSP3-7.0
2036-02-18,0.0,24.787,40.233,6.313,272.02,SSP3-7.0
2036-02-19,0.0,25.202,37.73,6.216,268.47,SSP3-7.0
2036-02-20,0.0,25.299,38.401,6.606,272.15,SSP3-7.0
2036-02-21,0.0,25.749,38.041,6.438,271.93,SSP3-7.0
2036-02-22,0.0,26.044,37.025,7.368,265.55,SSP3-7.0
2036-02-23,0.0,26.556,35.575,8.178,269.69,SSP3-7.0
2036-02-24,0.0,26.823,34.519,6.663,267.38,SSP3-7.0
2036-02-25,0.0,27.098,35.881,6.946,259.79,SSP3-7.0
2036-02-26,0.0,26.855,33.876,7.196,258.33,SSP3-7.0
2036-02-27,0.0,24.371,44.207,7.841,169.16,SSP3-7.0
2036-02-28,0.0,26.514,37.697,9.315,238.76,SSP3-7.0
2036-02-29,0.0,26.765,32.184,7.5,282.25,SSP3-7.0
2036-03-01,0.0,25.964,31.326,5.64,291.29,SSP3-7.0
2036-03-02,0.0,25.738,32.809,7.653,224.69,SSP3-7.0
2036-03-03,0.0,23.202,38.506,5.977,185.12,SSP3-7.0
2036-03-04,0.0,23.527,44.837,6.052,191.61,SSP3-7.0
2036-03-05,0.0,25.09,28.986,7.081,302.58,SSP3-7.0
2036-03-06,0.0,25.274,30.702,6.025,301.29,SSP3-7.0
2036-03-07,0.0,26.061,31.268,5.206,299.02,SSP3-7.0
2036-03-08,0.0,26.727,31.75,5.114,297.45,SSP3-7.0
2036-03-09,0.0,26.907,29.451,7.383,306.02,SSP3-7.0
2036-03-10,0.0,27.554,29.481,13.748,296.18,SSP3-7.0
2036-03-11,0.0,27.489,34.591,12.492,293.47,SSP3-7.0
2036-03-12,0.0,27.964,35.645,10.827,298.34,SSP3-7.0
2036-03-13,0.0,27.105,37.767,8.959,281.49,SSP3-7.0
2036-03-14,0.0002,27.698,33.374,11.652,290.44,SSP3-7.0
2036-03-15,0.0,27.236,34.564,12.981,254.41,SSP3-7.0
2036-03-16,0.0,26.116,38.489,9.716,233.52,SSP3-7.0
2036-03-17,0.0,27.04,38.032,7.549,254.89,SSP3-7.0
2036-03-18,0.0,27.353,35.956,4.791,250.07,SSP3-7.0
2036-03-19,0.0,28.319,33.273,6.244,259.93,SSP3-7.0
2036-03-20,0.0,28.813,32.567,7.386,279.49,SSP3-7.0
2036-03-21,0.0004,27.885,37.082,6.88,268.47,SSP3-7.0
2036-03-22,0.0643,28.35,38.239,6.432,263.29,SSP3-7.0
2036-03-23,0.0001,27.148,49.707,7.273,216.78,SSP3-7.0
2036-03-24,0.0,28.474,34.607,5.241,300.21,SSP3-7.0
2036-03-25,0.0,28.213,30.025,5.473,307.59,SSP3-7.0
2036-03-26,0.0,28.667,32.369,8.403,277.93,SSP3-7.0
2036-03-27,0.0071,28.476,35.193,8.487,281.89,SSP3-7.0
2036-03-28,0.3748,28.513,34.854,8.582,275.79,SSP3-7.0
2036-03-29,0.087,26.383,44.994,6.576,185.76,SSP3-7.0
2036-03-30,0.0,28.624,34.717,7.739,311.45,SSP3-7.0
2036-03-31,0.0,29.085,35.588,6.897,307.34,SSP3-7.0
2036-04-01,0.0056,29.269,35.981,8.864,296.32,SSP3-7.0
2036-04-02,0.0031,29.45,36.235,9.769,289.09,SSP3-7.0
2036-04-03,0.0,29.911,32.922,10.189,301.93,SSP3-7.0
2036-04-04,0.1049,30.187,31.69,8.904,297.23,SSP3-7.0
2036-04-05,2.8508,28.417,43.301,7.508,226.44,SSP3-7.0
2036-04-06,0.2215,25.912,51.991,6.864,206.64,SSP3-7.0
2036-04-07,0.8372,28.228,49.294,7.748,255.29,SSP3-7.0
2036-04-08,0.0176,29.053,42.482,8.737,299.24,SSP3-7.0
2036-04-09,0.0016,29.277,41.826,10.612,310.07,SSP3-7.0
2036-04-10,0.8649,27.88,50.745,9.436,236.15,SSP3-7.0
2036-04-11,1.1246,29.049,45.091,11.533,285.18,SSP3-7.0
2036-04-12,0.0,29.681,33.56,8.902,331.84,SSP3-7.0
2036-04-13,0.1556,29.845,35.939,6.478,285.44,SSP3-7.0
2036-04-14,0.0991,30.024,37.747,6.67,286.9,SSP3-7.0
2036-04-15,0.0511,29.511,39.223,8.439,263.33,SSP3-7.0
2036-04-16,0.0,30.222,34.364,9.468,314.43,SSP3-7.0
2036-04-17,0.0,30.461,30.345,7.494,306.91,SSP3-7.0
2036-04-18,0.0,29.96,29.335,7.277,268.15,SSP3-7.0
2036-04-19,0.0,30.544,30.055,5.538,289.45,SSP3-7.0
2036-04-20,0.0,29.148,42.362,9.504,234.6,SSP3-7.0
2036-04-21,0.0,29.999,38.184,10.192,262.65,SSP3-7.0
2036-04-22,0.0225,30.561,33.468,7.563,274.94,SSP3-7.0
2036-04-23,0.1103,31.47,28.503,8.813,322.88,SSP3-7.0
2036-04-24,0.6777,30.485,35.875,7.771,289.51,SSP3-7.0
2036-04-25,12.6232,29.599,46.038,5.896,261.38,SSP3-7.0
2036-04-26,0.0115,29.297,41.674,6.963,274.05,SSP3-7.0
2036-04-27,0.0,30.098,36.233,5.379,284.35,SSP3-7.0
2036-04-28,0.0,30.759,29.403,6.089,300.2,SSP3-7.0
2036-04-29,0.0438,31.412,29.433,4.224,285.67,SSP3-7.0
2036-04-30,0.0,31.559,31.929,5.465,273.23,SSP3-7.0
2036-05-01,0.6275,32.116,32.902,7.149,285.29,SSP3-7.0
2036-05-02,0.5619,32.063,34.516,8.174,279.19,SSP3-7.0
2036-05-03,0.0,32.044,32.584,9.254,316.96,SSP3-7.0
2036-05-04,0.0,32.037,31.316,8.84,323.28,SSP3-7.0
2036-05-05,0.0,31.999,29.182,7.172,319.24,SSP3-7.0
2036-05-06,0.0013,32.599,28.101,8.118,306.72,SSP3-7.0
2036-05-07,0.0,32.689,29.468,5.245,262.22,SSP3-7.0
2036-05-08,0.0,32.222,23.333,7.438,322.08,SSP3-7.0
2036-05-09,0.0,33.519,23.12,8.707,323.98,SSP3-7.0
2036-05-10,0.0,32.8,22.735,8.756,312.6,SSP3-7.0
2036-05-11,0.0,32.476,21.023,9.143,350.04,SSP3-7.0
2036-05-12,0.0,32.971,20.963,10.767,315.23,SSP3-7.0
2036-05-13,0.0,33.071,20.695,11.312,340.67,SSP3-7.0
2036-05-14,0.0,33.036,23.058,11.517,289.48,SSP3-7.0
2036-05-15,0.0101,33.128,23.909,8.513,278.25,SSP3-7.0
2036-05-16,0.1599,32.681,29.346,7.821,270.93,SSP3-7.0
2036-05-17,0.0,32.645,29.18,8.08,297.93,SSP3-7.0
2036-05-18,0.0,33.029,23.784,10.164,302.61,SSP3-7.0
2036-05-19,0.0,33.847,21.876,10.721,316.12,SSP3-7.0
2036-05-20,0.0013,32.553,26.536,12.285,238.17,SSP3-7.0
2036-05-21,0.0,33.889,24.926,12.28,312.33,SSP3-7.0
2036-05-22,0.0,33.987,22.755,13.294,314.43,SSP3-7.0
2036-05-23,0.0,34.399,23.257,14.762,312.04,SSP3-7.0
2036-05-24,0.0,34.4,22.739,15.08,319.42,SSP3-7.0
2036-05-25,0.0,34.419,20.264,13.21,335.02,SSP3-7.0
2036-05-26,0.0,34.534,20.275,14.915,325.02,SSP3-7.0
2036-05-27,0.0005,34.288,23.853,12.42,323.42,SSP3-7.0
2036-05-28,0.9956,33.735,27.222,12.042,271.96,SSP3-7.0
2036-05-29,0.6528,33.562,30.871,11.886,273.18,SSP3-7.0
2036-05-30,0.0033,33.404,31.045,12.358,286.45,SSP3-7.0
2036-05-31,0.0013,31.405,37.68,10.717,244.84,SSP3-7.0
2036-06-01,1.7366,34.61,38.85,9.8,304.01,SSP3-7.0
2036-06-02,2.3046,33.092,46.575,8.908,286.3,SSP3-7.0
2036-06-03,0.0,34.261,36.656,8.742,321.76,SSP3-7.0
2036-06-04,0.0381,34.503,35.743,8.166,309.3,SSP3-7.0
2036-06-05,0.0,34.272,34.969,9.24,302.4,SSP3-7.0
2036-06-06,0.0011,31.44,40.084,11.035,226.48,SSP3-7.0
2036-06-07,0.366,32.128,43.237,12.582,259.73,SSP3-7.0
2036-06-08,0.0,31.693,41.931,14.544,267.11,SSP3-7.0
2036-06-09,0.03,31.666,40.557,14.431,261.32,SSP3-7.0
2036-06-10,0.0,33.718,34.013,14.071,301.38,SSP3-7.0
2036-06-11,0.0,34.065,31.342,14.936,329.0,SSP3-7.0
2036-06-12,0.0,34.495,28.633,13.705,328.55,SSP3-7.0
2036-06-13,0.0,34.586,28.067,14.948,326.43,SSP3-7.0
2036-06-14,0.0,35.704,29.519,17.714,317.69,SSP3-7.0
2036-06-15,0.0,35.012,34.782,17.561,310.11,SSP3-7.0
2036-06-16,0.0,33.754,39.786,17.995,312.16,SSP3-7.0
2036-06-17,0.0,32.643,44.429,19.149,306.73,SSP3-7.0
2036-06-18,0.0,31.542,50.05,19.987,293.65,SSP3-7.0
2036-06-19,0.0,30.717,54.292,18.326,282.94,SSP3-7.0
2036-06-20,0.0691,31.117,53.589,15.968,293.0,SSP3-7.0
2036-06-21,1.6099,28.476,72.664,15.399,216.44,SSP3-7.0
2036-06-22,9.4979,29.148,72.017,16.394,242.91,SSP3-7.0
2036-06-23,4.6103,29.003,72.32,20.117,251.8,SSP3-7.0
2036-06-24,0.3694,28.144,73.675,20.575,224.33,SSP3-7.0
2036-06-25,13.2717,27.748,79.505,20.471,217.53,SSP3-7.0
2036-06-26,19.2436,27.249,85.799,15.859,172.75,SSP3-7.0
2036-06-27,10.3024,27.169,85.597,13.72,193.38,SSP3-7.0
2036-06-28,3.8621,27.383,84.105,13.637,216.88,SSP3-7.0
2036-06-29,0.2688,28.249,76.486,14.489,297.13,SSP3-7.0
2036-06-30,0.0,28.849,71.594,12.945,281.3,SSP3-7.0
2036-07-01,0.0,27.216,74.773,13.004,237.9,SSP3-7.0
2036-07-02,0.0,27.346,74.154,12.443,245.72,SSP3-7.0
2036-07-03,0.0,27.588,71.978,14.371,255.25,SSP3-7.0
2036-07-04,4.7947,27.704,73.035,15.353,255.56,SSP3-7.0
2036-07-05,3.3655,26.54,81.929,12.662,225.91,SSP3-7.0
2036-07-06,0.785,26.998,80.208,12.944,238.29,SSP3-7.0
2036-07-07,13.0849,26.174,84.745,12.921,216.83,SSP3-7.0
2036-07-08,22.4803,25.52,90.665,12.028,170.67,SSP3-7.0
2036-07-09,0.08,26.424,84.242,12.812,221.26,SSP3-7.0
2036-07-10,11.6662,26.115,86.321,14.424,218.51,SSP3-7.0
2036-07-11,20.6823,25.47,91.716,12.824,177.37,SSP3-7.0
2036-07-12,16.6152,25.49,92.242,10.953,183.14,SSP3-7.0
2036-07-13,14.6886,25.625,91.793,5.933,189.17,SSP3-7.0
2036-07-14,6.5343,25.448,91.876,9.067,191.47,SSP3-7.0
2036-07-15,5.0617,25.513,92.316,9.322,197.41,SSP3-7.0
2036-07-16,10.9103,25.704,91.758,10.144,211.5,SSP3-7.0
2036-07-17,1.9156,25.59,90.982,11.903,205.65,SSP3-7.0
2036-07-18,0.9208,25.5,90.764,12.625,203.98,SSP3-7.0
2036-07-19,0.5008,25.649,90.449,12.263,213.69,SSP3-7.0
2036-07-20,2.4597,25.448,91.496,11.851,200.75,SSP3-7.0
2036-07-21,14.0723,25.953,88.931,11.867,223.43,SSP3-7.0
2036-07-22,17.1192,25.271,92.552,10.937,181.17,SSP3-7.0
2036-07-23,13.2484,25.288,92.694,9.592,195.48,SSP3-7.0
2036-07-24,0.0111,26.154,88.471,9.717,226.7,SSP3-7.0
2036-07-25,0.0,27.277,85.501,7.357,278.83,SSP3-7.0
2036-07-26,0.2382,26.692,87.811,8.006,232.16,SSP3-7.0
2036-07-27,4.7631,26.271,88.387,8.32,222.46,SSP3-7.0
2036-07-28,0.0668,25.819,89.814,8.025,216.5,SSP3-7.0
2036-07-29,0.0,26.309,87.661,7.923,234.12,SSP3-7.0
2036-07-30,0.0,26.53,83.785,11.291,231.76,SSP3-7.0
2036-07-31,1.0318,26.657,83.812,13.015,240.93,SSP3-7.0
2036-08-01,1.3119,26.74,85.421,12.191,233.24,SSP3-7.0
2036-08-02,5.7346,26.08,89.348,11.308,213.38,SSP3-7.0
2036-08-03,4.5991,26.178,91.792,7.684,206.74,SSP3-7.0
2036-08-04,2.5292,26.855,89.097,8.274,235.15,SSP3-7.0
2036-08-05,15.5803,26.344,91.519,9.544,214.55,SSP3-7.0
2036-08-06,12.1513,26.228,92.726,9.152,202.2,SSP3-7.0
2036-08-07,22.9729,26.516,90.577,9.8,233.28,SSP3-7.0
2036-08-08,0.1778,26.42,87.166,12.391,229.04,SSP3-7.0
2036-08-09,13.5906,26.444,88.066,10.119,230.98,SSP3-7.0
2036-08-10,0.0,26.196,88.807,11.39,221.71,SSP3-7.0
2036-08-11,0.1127,26.591,86.784,11.076,237.32,SSP3-7.0
2036-08-12,0.6991,26.137,88.104,11.906,215.48,SSP3-7.0
2036-08-13,33.6736,25.254,95.385,9.533,147.4,SSP3-7.0
2036-08-14,3.4095,25.888,93.467,7.911,198.07,SSP3-7.0
2036-08-15,0.9973,26.522,89.595,6.681,243.54,SSP3-7.0
2036-08-16,20.9768,26.299,91.916,7.922,226.19,SSP3-7.0
2036-08-17,19.4527,26.152,92.643,7.138,218.12,SSP3-7.0
2036-08-18,9.3443,26.633,89.722,8.03,247.59,SSP3-7.0
2036-08-19,0.6627,26.955,88.475,8.718,235.06,SSP3-7.0
2036-08-20,3.3855,26.961,87.265,10.856,256.81,SSP3-7.0
2036-08-21,0.0,26.509,84.853,15.203,237.32,SSP3-7.0
2036-08-22,0.082,26.395,85.697,13.911,222.67,SSP3-7.0
2036-08-23,0.4486,26.578,83.37,14.095,244.87,SSP3-7.0
2036-08-24,13.5483,25.872,91.42,12.531,204.72,SSP3-7.0
2036-08-25,0.0566,25.973,90.371,12.349,214.13,SSP3-7.0
2036-08-26,0.0094,25.59,91.334,12.041,196.48,SSP3-7.0
2036-08-27,0.0,26.046,88.296,12.81,219.61,SSP3-7.0
2036-08-28,0.0,26.511,83.612,14.732,237.24,SSP3-7.0
2036-08-29,0.0,26.243,83.652,14.316,227.67,SSP3-7.0
2036-08-30,0.0,26.167,84.954,14.167,225.75,SSP3-7.0
2036-08-31,0.0,26.018,85.561,13.124,210.71,SSP3-7.0
2036-09-01,0.0419,25.751,84.675,12.764,220.56,SSP3-7.0
2036-09-02,6.6348,25.529,88.426,12.711,212.45,SSP3-7.0
2036-09-03,6.1711,25.281,90.547,13.084,178.07,SSP3-7.0
2036-09-04,0.0164,25.399,89.984,12.225,201.99,SSP3-7.0
2036-09-05,0.0,25.452,90.311,10.1,204.61,SSP3-7.0
2036-09-06,0.1167,25.726,88.424,8.728,223.58,SSP3-7.0
2036-09-07,0.0,25.476,90.962,8.494,200.8,SSP3-7.0
2036-09-08,0.38,25.65,89.359,8.291,220.73,SSP3-7.0
2036-09-09,0.0,26.416,82.233,7.697,256.75,SSP3-7.0
2036-09-10,1.0074,26.421,84.186,7.473,238.74,SSP3-7.0
2036-09-11,9.103,26.161,85.76,9.851,236.21,SSP3-7.0
2036-09-12,0.0,26.481,82.943,9.36,244.35,SSP3-7.0
2036-09-13,0.0,26.365,83.64,7.884,230.97,SSP3-7.0
2036-09-14,0.0,27.426,80.5,4.592,254.39,SSP3-7.0
2036-09-15,0.3933,26.878,85.329,3.768,238.95,SSP3-7.0
2036-09-16,13.2927,26.469,89.128,3.264,234.8,SSP3-7.0
2036-09-17,20.0132,25.798,93.237,2.261,210.53,SSP3-7.0
2036-09-18,3.7164,26.125,90.037,3.574,240.65,SSP3-7.0
2036-09-19,6.8709,26.056,90.34,2.772,231.77,SSP3-7.0
2036-09-20,26.4904,25.745,92.34,3.456,217.22,SSP3-7.0
2036-09-21,7.691,25.896,90.874,3.322,220.83,SSP3-7.0
2036-09-22,0.0018,26.345,86.581,4.479,233.82,SSP3-7.0
2036-09-23,0.0,26.893,80.696,4.86,267.38,SSP3-7.0
2036-09-24,0.0,27.028,78.329,4.954,271.78,SSP3-7.0
2036-09-25,0.0,27.145,76.006,5.525,270.52,SSP3-7.0
2036-09-26,0.0,26.803,77.383,5.748,258.2,SSP3-7.0
2036-09-27,0.0089,26.83,79.337,6.839,256.69,SSP3-7.0
2036-09-28,0.0,26.78,79.136,7.618,259.16,SSP3-7.0
2036-09-29,0.0,26.6,78.631,6.424,250.44,SSP3-7.0
2036-09-30,0.0,27.214,75.191,5.073,251.75,SSP3-7.0
2036-10-01,0.0,27.447,74.185,3.768,250.08,SSP3-7.0
2036-10-02,0.3958,27.582,75.354,4.344,241.2,SSP3-7.0
2036-10-03,7.4844,25.965,84.935,5.143,225.76,SSP3-7.0
2036-10-04,10.9775,25.357,86.271,9.495,217.81,SSP3-7.0
2036-10-05,14.3514,25.196,84.873,10.978,215.04,SSP3-7.0
2036-10-06,8.8714,24.448,87.451,13.992,196.29,SSP3-7.0
2036-10-07,2.0497,26.107,74.087,13.433,226.67,SSP3-7.0
2036-10-08,0.0,26.766,68.823,13.995,251.42,SSP3-7.0
2036-10-09,0.0,27.621,64.608,13.417,256.78,SSP3-7.0
2036-10-10,0.0,27.327,64.385,11.919,271.17,SSP3-7.0
2036-10-11,0.0,27.653,63.96,10.137,261.62,SSP3-7.0
2036-10-12,0.0,26.854,68.778,9.314,228.03,SSP3-7.0
2036-10-13,0.0,28.115,61.727,9.853,264.28,SSP3-7.0
2036-10-14,0.0295,28.394,65.527,8.093,241.31,SSP3-7.0
2036-10-15,5.9856,28.091,77.335,7.561,220.86,SSP3-7.0
2036-10-16,29.2446,24.215,90.784,7.49,184.87,SSP3-7.0
2036-10-17,51.9477,23.833,92.956,3.471,171.71,SSP3-7.0
2036-10-18,55.7357,23.734,93.137,3.636,177.8,SSP3-7.0
2036-10-19,58.8554,23.1,94.676,4.229,165.73,SSP3-7.0
2036-10-20,56.8655,22.627,95.136,5.386,167.47,SSP3-7.0
2036-10-21,31.1887,22.564,94.563,5.911,163.85,SSP3-7.0
2036-10-22,9.3589,23.026,91.616,5.975,176.97,SSP3-7.0
2036-10-23,0.3304,23.427,85.911,5.472,200.64,SSP3-7.0
2036-10-24,0.0,24.287,79.394,6.057,268.71,SSP3-7.0
2036-10-25,0.0,24.607,81.482,7.349,256.09,SSP3-7.0
2036-10-26,0.0,25.133,80.111,6.459,244.89,SSP3-7.0
2036-10-27,0.0,25.078,79.727,5.026,236.46,SSP3-7.0
2036-10-28,0.0,25.418,71.263,5.764,235.18,SSP3-7.0
2036-10-29,0.0,25.029,76.642,6.364,215.49,SSP3-7.0
2036-10-30,0.0,23.256,85.499,3.583,181.88,SSP3-7.0
2036-10-31,0.0,25.418,73.894,4.635,240.58,SSP3-7.0
2036-11-01,1.7879,24.386,84.82,7.978,190.38,SSP3-7.0
2036-11-02,0.0,23.919,84.996,6.174,184.26,SSP3-7.0
2036-11-03,0.0,25.167,70.421,5.414,237.67,SSP3-7.0
2036-11-04,0.0,25.581,72.635,6.927,234.75,SSP3-7.0
2036-11-05,0.0,25.418,77.739,7.164,228.17,SSP3-7.0
2036-11-06,0.0,24.971,66.627,8.609,242.22,SSP3-7.0
2036-11-07,0.0,23.119,80.227,7.466,180.8,SSP3-7.0
2036-11-08,0.0,22.909,81.743,5.888,176.8,SSP3-7.0
2036-11-09,0.0,23.692,75.743,8.084,191.5,SSP3-7.0
2036-11-10,0.0,24.14,62.173,9.558,211.31,SSP3-7.0
2036-11-11,0.235,23.317,73.092,9.697,180.04,SSP3-7.0
2036-11-12,0.0,24.13,58.734,9.428,225.08,SSP3-7.0
2036-11-13,0.0,23.703,64.055,7.667,197.45,SSP3-7.0
2036-11-14,2.2511,23.839,84.671,9.288,177.48,SSP3-7.0
2036-11-15,10.3529,23.341,85.068,9.524,171.85,SSP3-7.0
2036-11-16,15.2983,23.11,88.239,5.852,157.52,SSP3-7.0
2036-11-17,0.0287,23.282,83.879,4.725,171.55,SSP3-7.0
2036-11-18,0.0,23.984,75.459,8.433,189.0,SSP3-7.0
2036-11-19,0.0,24.624,71.938,9.506,199.83,SSP3-7.0
2036-11-20,0.0,25.484,67.036,12.449,207.7,SSP3-7.0
2036-11-21,0.0,25.516,63.472,12.64,219.6,SSP3-7.0
2036-11-22,0.0,25.271,64.821,9.085,206.84,SSP3-7.0
2036-11-23,0.0,24.728,61.427,8.997,218.2,SSP3-7.0
2036-11-24,0.0,24.719,56.293,9.409,223.08,SSP3-7.0
2036-11-25,0.0,23.995,58.585,9.371,218.0,SSP3-7.0
2036-11-26,0.0,22.941,51.417,9.826,232.1,SSP3-7.0
2036-11-27,0.0,22.526,45.497,8.183,240.11,SSP3-7.0
2036-11-28,0.0,22.291,46.666,4.036,234.82,SSP3-7.0
2036-11-29,0.0,22.422,47.121,5.624,235.52,SSP3-7.0
2036-11-30,0.0,22.322,47.145,5.006,236.11,SSP3-7.0
2036-12-01,0.0,22.188,51.222,4.853,232.45,SSP3-7.0
2036-12-02,0.0,22.523,50.845,5.164,229.91,SSP3-7.0
2036-12-03,0.0,22.36,52.071,6.551,224.65,SSP3-7.0
2036-12-04,0.0,22.476,50.379,5.695,230.38,SSP3-7.0
2036-12-05,0.0,21.998,49.86,3.869,207.44,SSP3-7.0
2036-12-06,0.0,21.984,50.428,4.497,184.18,SSP3-7.0
2036-12-07,0.0,21.751,46.535,6.855,191.16,SSP3-7.0
2036-12-08,0.0,21.458,42.767,9.354,223.54,SSP3-7.0
2036-12-09,0.0,21.85,42.797,9.721,205.59,SSP3-7.0
2036-12-10,0.0,20.442,35.515,9.011,184.18,SSP3-7.0
2036-12-11,0.0,20.319,40.319,9.517,153.75,SSP3-7.0
2036-12-12,0.0,19.747,41.427,9.203,195.75,SSP3-7.0
2036-12-13,0.0,20.031,36.803,10.889,220.11,SSP3-7.0
2036-12-14,0.0,19.848,37.829,10.439,195.72,SSP3-7.0
2036-12-15,0.0,19.974,71.13,12.04,146.24,SSP3-7.0
2036-12-16,0.0,20.13,78.078,11.238,140.6,SSP3-7.0
2036-12-17,0.0,20.336,68.068,9.963,166.67,SSP3-7.0
2036-12-18,0.0,20.312,61.861,10.392,165.96,SSP3-7.0
2036-12-19,0.0,20.902,52.334,10.241,215.35,SSP3-7.0
2036-12-20,0.0,21.513,50.152,9.272,215.19,SSP3-7.0
2036-12-21,0.0,20.917,45.305,10.305,233.19,SSP3-7.0
2036-12-22,0.0,20.445,43.945,9.464,229.24,SSP3-7.0
2036-12-23,0.0,20.146,47.159,7.919,229.35,SSP3-7.0
2036-12-24,0.0,19.815,55.616,5.662,193.94,SSP3-7.0
2036-12-25,0.0,20.003,54.969,6.816,180.85,SSP3-7.0
2036-12-26,0.0,20.618,61.699,8.291,159.31,SSP3-7.0
2036-12-27,0.0,20.293,65.014,10.2,180.58,SSP3-7.0
2036-12-28,0.0,20.604,63.679,7.846,198.22,SSP3-7.0
2036-12-29,0.0,20.822,59.845,6.889,205.11,SSP3-7.0
2036-12-30,0.0,20.716,59.156,7.874,203.37,SSP3-7.0
2036-12-31,0.0,22.306,54.211,6.705,229.69,SSP3-7.0
2037-01-01,0.0,22.27,54.997,5.95,226.28,SSP3-7.0
2037-01-02,0.0,22.648,54.077,9.056,211.3,SSP3-7.0
2037-01-03,0.0,23.208,50.761,9.402,226.57,SSP3-7.0
2037-01-04,0.0,23.801,51.904,4.764,224.92,SSP3-7.0
2037-01-05,0.0,23.412,53.496,9.033,208.63,SSP3-7.0
2037-01-06,0.0,23.814,51.411,9.903,206.66,SSP3-7.0
2037-01-07,0.0,23.801,50.455,9.012,219.89,SSP3-7.0
2037-01-08,0.0,22.705,55.565,11.396,202.31,SSP3-7.0
2037-01-09,0.0,23.221,54.042,10.462,227.75,SSP3-7.0
2037-01-10,0.0,23.231,52.528,10.599,223.2,SSP3-7.0
2037-01-11,0.0,23.54,51.872,10.779,234.52,SSP3-7.0
2037-01-12,0.0,23.172,51.246,10.353,231.58,SSP3-7.0
2037-01-13,0.0,23.001,50.388,9.714,242.15,SSP3-7.0
2037-01-14,0.0,23.123,51.271,7.977,238.09,SSP3-7.0
2037-01-15,0.0,23.38,50.485,7.809,231.52,SSP3-7.0
2037-01-16,0.0,23.325,49.102,7.478,224.62,SSP3-7.0
2037-01-17,0.0,22.056,47.936,11.71,189.42,SSP3-7.0
2037-01-18,0.0,21.096,29.228,11.561,255.9,SSP3-7.0
2037-01-19,0.0,20.405,28.841,9.755,271.63,SSP3-7.0
2037-01-20,0.0,19.951,28.023,9.836,271.18,SSP3-7.0
2037-01-21,0.0,19.951,27.965,8.737,273.24,SSP3-7.0
2037-01-22,0.0,20.19,31.01,6.582,268.03,SSP3-7.0
2037-01-23,0.0,20.849,32.861,4.576,266.07,SSP3-7.0
2037-01-24,0.0,21.247,33.274,5.716,268.78,SSP3-7.0
2037-01-25,0.0,21.889,39.05,5.811,260.13,SSP3-7.0
2037-01-26,0.0,22.374,40.984,5.926,255.5,SSP3-7.0
2037-01-27,0.0,22.695,40.085,7.31,256.64,SSP3-7.0
2037-01-28,0.0,22.763,37.916,8.006,260.32,SSP3-7.0
2037-01-29,0.0,22.817,40.955,5.617,257.43,SSP3-7.0
2037-01-30,0.0,23.32,40.794,5.809,261.58,SSP3-7.0
2037-01-31,0.0,23.203,39.639,5.139,264.11,SSP3-7.0
2037-02-01,0.0,23.52,39.759,5.514,263.21,SSP3-7.0
2037-02-02,0.0,23.842,37.989,8.471,265.95,SSP3-7.0
2037-02-03,0.0,23.67,32.929,5.383,272.8,SSP3-7.0
2037-02-04,0.0,23.396,31.385,4.682,274.62,SSP3-7.0
2037-02-05,0.0,23.662,33.355,5.734,268.71,SSP3-7.0
2037-02-06,0.0,24.231,35.591,8.087,261.03,SSP3-7.0
2037-02-07,0.0,24.261,34.924,4.571,267.53,SSP3-7.0
2037-02-08,0.0,24.325,34.72,6.438,253.15,SSP3-7.0
2037-02-09,0.0,24.576,35.556,6.656,251.45,SSP3-7.0
2037-02-10,0.0,24.948,34.819,4.724,265.56,SSP3-7.0
2037-02-11,0.0,25.043,34.365,4.347,259.39,SSP3-7.0
2037-02-12,0.0,25.404,34.953,6.307,251.42,SSP3-7.0
2037-02-13,0.0,25.4,34.8,5.575,258.05,SSP3-7.0
2037-02-14,0.0,25.523,37.323,8.855,250.66,SSP3-7.0
2037-02-15,0.0,25.476,36.333,8.736,271.97,SSP3-7.0
2037-02-16,0.0,25.062,35.23,7.3,267.2,SSP3-7.0
2037-02-17,0.0,25.227,36.992,5.229,264.7,SSP3-7.0
2037-02-18,0.0,25.699,39.102,9.127,235.35,SSP3-7.0
2037-02-19,0.0,25.647,36.877,11.126,272.92,SSP3-7.0
2037-02-20,0.0,24.781,32.58,12.421,288.3,SSP3-7.0
2037-02-21,0.0,24.516,32.52,10.335,295.43,SSP3-7.0
2037-02-22,0.0,25.082,31.613,10.679,278.99,SSP3-7.0
2037-02-23,0.0,24.738,27.235,11.897,301.24,SSP3-7.0
2037-02-24,0.0,24.535,32.274,12.261,308.64,SSP3-7.0
2037-02-25,0.0,24.789,33.533,10.814,304.02,SSP3-7.0
2037-02-26,0.0,24.817,31.211,9.869,300.98,SSP3-7.0
2037-02-27,0.0,24.734,28.391,7.75,304.18,SSP3-7.0
2037-02-28,0.0,25.349,27.936,6.823,297.52,SSP3-7.0
2037-03-01,0.0,25.276,26.883,7.378,291.5,SSP3-7.0
2037-03-02,0.0,25.683,25.778,7.635,289.97,SSP3-7.0
2037-03-03,0.0,25.814,26.144,6.248,295.26,SSP3-7.0
2037-03-04,0.0,25.994,24.991,5.692,304.26,SSP3-7.0
2037-03-05,0.0,26.292,26.07,7.422,286.21,SSP3-7.0
2037-03-06,0.0,27.21,29.424,10.016,263.82,SSP3-7.0
2037-03-07,0.0,27.325,30.022,13.348,275.42,SSP3-7.0
2037-03-08,0.0,26.942,28.674,11.802,297.37,SSP3-7.0
2037-03-09,0.0,26.269,28.403,9.329,301.99,SSP3-7.0
2037-03-10,0.0071,24.006,55.826,11.418,192.79,SSP3-7.0
2037-03-11,0.257,27.583,39.35,10.533,270.54,SSP3-7.0
2037-03-12,0.4301,27.356,39.29,10.878,251.58,SSP3-7.0
2037-03-13,0.0052,27.283,34.924,8.498,312.52,SSP3-7.0
2037-03-14,0.0,27.368,37.893,10.186,282.15,SSP3-7.0
2037-03-15,0.0,27.833,37.805,9.678,282.59,SSP3-7.0
2037-03-16,0.0,28.214,33.99,8.536,284.16,SSP3-7.0
2037-03-17,0.0,28.321,33.201,8.355,308.32,SSP3-7.0
2037-03-18,0.0,28.748,31.351,9.391,298.88,SSP3-7.0
2037-03-19,0.0,28.994,28.83,11.413,299.77,SSP3-7.0
2037-03-20,0.0,29.091,29.595,11.233,299.21,SSP3-7.0
2037-03-21,0.0,29.08,29.267,9.866,276.65,SSP3-7.0
2037-03-22,0.0032,28.444,39.016,7.569,248.8,SSP3-7.0
2037-03-23,0.3883,29.366,34.922,6.241,278.57,SSP3-7.0
2037-03-24,0.1687,26.279,55.633,10.606,202.9,SSP3-7.0
2037-03-25,0.0,28.734,36.231,5.644,285.66,SSP3-7.0
2037-03-26,0.0,28.973,31.435,8.063,315.7,SSP3-7.0
2037-03-27,0.0016,29.282,31.234,10.284,307.6,SSP3-7.0
2037-03-28,0.0,29.692,31.085,9.325,278.78,SSP3-7.0
2037-03-29,0.3968,29.741,31.412,7.485,258.53,SSP3-7.0
2037-03-30,0.0,29.99,28.834,8.841,298.34,SSP3-7.0
2037-03-31,0.189,30.204,30.613,8.502,299.41,SSP3-7.0
2037-04-01,0.0481,29.189,36.182,5.091,262.95,SSP3-7.0
2037-04-02,0.6575,29.179,38.575,5.293,282.53,SSP3-7.0
2037-04-03,0.0044,29.406,34.78,6.023,289.92,SSP3-7.0
2037-04-04,0.0,29.493,29.826,8.636,321.54,SSP3-7.0
2037-04-05,0.0,29.747,28.894,7.328,313.16,SSP3-7.0
2037-04-06,0.0,30.005,27.697,7.347,310.29,SSP3-7.0
2037-04-07,0.0,30.624,26.333,9.459,292.04,SSP3-7.0
2037-04-08,0.0,31.009,25.289,9.253,294.19,SSP3-7.0
2037-04-09,0.0006,31.026,25.689,8.174,260.75,SSP3-7.0
2037-04-10,0.0,30.637,25.351,7.0,307.18,SSP3-7.0
2037-04-11,0.0,29.931,24.242,4.878,321.42,SSP3-7.0
2037-04-12,0.0,30.631,24.852,3.977,276.49,SSP3-7.0
2037-04-13,0.0,30.387,23.25,4.135,296.93,SSP3-7.0
2037-04-14,0.0,30.953,23.303,5.31,283.31,SSP3-7.0
2037-04-15,0.0,30.426,23.756,6.632,303.47,SSP3-7.0
2037-04-16,0.0,30.492,23.4,7.9,324.39,SSP3-7.0
2037-04-17,0.0,30.505,22.701,9.85,323.44,SSP3-7.0
2037-04-18,0.0,31.132,23.091,12.35,323.13,SSP3-7.0
2037-04-19,0.0507,31.39,24.91,9.048,296.44,SSP3-7.0
2037-04-20,0.1271,30.959,26.077,6.674,288.19,SSP3-7.0
2037-04-21,2.8542,31.259,28.742,6.117,284.29,SSP3-7.0
2037-04-22,2.1295,27.316,51.373,5.832,209.81,SSP3-7.0
2037-04-23,12.2035,26.833,67.011,5.788,228.5,SSP3-7.0
2037-04-24,2.0447,29.248,41.637,7.02,276.34,SSP3-7.0
2037-04-25,0.2849,30.578,31.923,8.68,293.96,SSP3-7.0
2037-04-26,0.0,30.553,29.21,10.815,336.54,SSP3-7.0
2037-04-27,0.0,30.876,27.056,8.59,335.32,SSP3-7.0
2037-04-28,0.0,30.631,25.579,7.916,320.25,SSP3-7.0
2037-04-29,0.0,31.14,26.208,12.859,331.42,SSP3-7.0
2037-04-30,0.0,31.734,27.536,11.348,307.1,SSP3-7.0
2037-05-01,0.0,32.459,24.319,8.553,328.75,SSP3-7.0
2037-05-02,0.0,32.214,23.545,6.462,343.96,SSP3-7.0
2037-05-03,0.0,32.73,28.336,7.715,279.87,SSP3-7.0
2037-05-04,0.0,32.32,30.544,8.553,255.38,SSP3-7.0
2037-05-05,0.2599,32.866,28.889,8.692,297.61,SSP3-7.0
2037-05-06,0.0,32.636,27.209,9.377,315.05,SSP3-7.0
2037-05-07,0.0,33.171,26.636,8.609,295.47,SSP3-7.0
2037-05-08,0.0,32.953,24.897,8.151,318.19,SSP3-7.0
2037-05-09,0.0,33.487,23.255,8.017,299.04,SSP3-7.0
2037-05-10,0.0106,33.418,21.914,10.269,317.32,SSP3-7.0
2037-05-11,0.0,33.932,22.585,10.512,311.32,SSP3-7.0
2037-05-12,0.0,34.034,21.415,10.129,291.64,SSP3-7.0
2037-05-13,0.0,33.572,19.563,8.102,346.04,SSP3-7.0
2037-05-14,0.0,33.13,19.322,7.869,344.9,SSP3-7.0
2037-05-15,0.0053,33.9,23.004,8.767,285.22,SSP3-7.0
2037-05-16,0.0,33.725,25.396,9.842,293.7,SSP3-7.0
2037-05-17,0.0,33.58,22.578,6.898,292.69,SSP3-7.0
2037-05-18,0.0,33.527,20.747,7.009,298.6,SSP3-7.0
2037-05-19,0.1588,33.954,24.028,7.358,277.96,SSP3-7.0
2037-05-20,0.01,33.491,26.826,6.284,270.95,SSP3-7.0
2037-05-21,0.0,33.312,23.761,7.887,324.92,SSP3-7.0
2037-05-22,0.0,34.109,26.425,7.399,277.8,SSP3-7.0
2037-05-23,0.002,33.663,29.509,6.109,257.08,SSP3-7.0
2037-05-24,0.3183,33.817,28.845,4.966,297.17,SSP3-7.0
2037-05-25,0.0,33.769,27.441,6.622,297.28,SSP3-7.0
2037-05-26,0.0,34.051,27.025,5.592,300.42,SSP3-7.0
2037-05-27,0.0,33.863,22.606,4.481,327.83,SSP3-7.0
2037-05-28,0.0,34.607,23.094,7.839,316.45,SSP3-7.0
2037-05-29,0.0715,33.726,27.021,11.509,263.8,SSP3-7.0
2037-05-30,0.0,34.343,28.03,12.428,319.88,SSP3-7.0
2037-05-31,0.0,34.777,25.071,12.348,317.06,SSP3-7.0
2037-06-01,0.0,36.184,21.965,15.27,327.66,SSP3-7.0
2037-06-02,0.0,36.0,21.535,15.445,333.01,SSP3-7.0
2037-06-03,0.0,36.013,22.009,14.508,338.17,SSP3-7.0
2037-06-04,0.0,35.744,23.714,15.163,330.07,SSP3-7.0
2037-06-05,0.0,35.511,24.764,15.19,318.96,SSP3-7.0
2037-06-06,0.0,34.888,28.375,15.56,262.51,SSP3-7.0
2037-06-07,0.0,33.328,37.612,15.918,266.78,SSP3-7.0
2037-06-08,0.0,33.928,32.681,15.891,284.55,SSP3-7.0
2037-06-09,0.0,34.606,33.314,15.613,309.92,SSP3-7.0
2037-06-10,0.0,34.239,33.14,16.156,305.5,SSP3-7.0
2037-06-11,0.0,34.596,29.68,15.57,325.96,SSP3-7.0
2037-06-12,0.0,35.229,32.741,16.584,300.78,SSP3-7.0
2037-06-13,0.0,34.682,35.976,17.504,308.93,SSP3-7.0
2037-06-14,0.0,34.354,35.394,19.158,318.2,SSP3-7.0
2037-06-15,0.0,33.891,36.956,16.766,298.21,SSP3-7.0
2037-06-16,0.64,33.125,44.556,18.088,280.59,SSP3-7.0
2037-06-17,15.0452,28.931,64.178,17.356,227.05,SSP3-7.0
2037-06-18,33.1677,26.832,85.073,14.757,184.77,SSP3-7.0
2037-06-19,23.0305,26.564,86.789,14.888,194.83,SSP3-7.0
2037-06-20,12.1783,26.932,86.377,11.76,180.84,SSP3-7.0
2037-06-21,3.1393,28.476,77.24,13.542,238.95,SSP3-7.0
2037-06-22,1.6887,29.026,74.135,11.936,269.37,SSP3-7.0
2037-06-23,1.1014,29.253,74.419,10.747,270.39,SSP3-7.0
2037-06-24,10.1974,27.352,86.099,10.559,200.9,SSP3-7.0
2037-06-25,8.2464,27.722,86.658,7.355,221.39,SSP3-7.0
2037-06-26,0.0,27.726,86.587,5.975,217.98,SSP3-7.0
2037-06-27,0.0719,28.189,83.135,4.473,242.23,SSP3-7.0
2037-06-28,18.6479,27.694,90.297,5.934,224.35,SSP3-7.0
2037-06-29,4.0285,27.831,88.128,4.667,226.93,SSP3-7.0
2037-06-30,0.2879,28.839,81.27,6.852,267.79,SSP3-7.0
2037-07-01,0.0,28.082,78.426,9.242,266.77,SSP3-7.0
2037-07-02,0.0,28.483,71.62,11.28,295.06,SSP3-7.0
2037-07-03,0.0,28.738,66.243,11.782,315.05,SSP3-7.0
2037-07-04,0.0,28.877,64.843,11.866,314.02,SSP3-7.0
2037-07-05,0.0,28.526,65.72,12.141,275.06,SSP3-7.0
2037-07-06,0.0,28.584,63.734,12.705,307.32,SSP3-7.0
2037-07-07,0.0,29.004,62.828,11.616,313.6,SSP3-7.0
2037-07-08,0.0,29.128,63.529,12.747,290.64,SSP3-7.0
2037-07-09,18.8604,27.29,79.75,11.602,225.03,SSP3-7.0
2037-07-10,15.978,26.019,91.552,6.479,184.79,SSP3-7.0
2037-07-11,5.2744,26.45,88.952,9.369,218.86,SSP3-7.0
2037-07-12,12.7433,26.261,91.477,8.014,206.55,SSP3-7.0
2037-07-13,3.8574,26.331,91.062,5.542,207.9,SSP3-7.0
2037-07-14,16.6635,27.12,88.483,4.279,238.73,SSP3-7.0
2037-07-15,15.8062,26.524,91.005,5.705,222.82,SSP3-7.0
2037-07-16,0.0,27.385,84.818,9.489,255.12,SSP3-7.0
2037-07-17,0.2303,27.826,83.764,6.6,265.28,SSP3-7.0
2037-07-18,4.2231,27.13,89.223,5.082,235.9,SSP3-7.0
2037-07-19,0.0,28.562,79.857,9.497,259.21,SSP3-7.0
2037-07-20,0.0,28.82,74.781,11.632,294.32,SSP3-7.0
2037-07-21,0.6773,26.802,82.016,15.137,216.92,SSP3-7.0
2037-07-22,40.2862,25.792,91.577,14.204,173.01,SSP3-7.0
2037-07-23,31.4284,25.602,93.781,14.968,170.43,SSP3-7.0
2037-07-24,22.6283,25.542,93.333,14.242,163.58,SSP3-7.0
2037-07-25,14.6603,25.758,91.307,13.52,207.16,SSP3-7.0
2037-07-26,14.8108,25.994,90.424,13.569,197.71,SSP3-7.0
2037-07-27,35.8757,25.499,93.088,16.331,172.14,SSP3-7.0
2037-07-28,28.9357,25.742,91.767,17.312,208.16,SSP3-7.0
2037-07-29,20.3685,25.517,92.689,17.574,171.0,SSP3-7.0
2037-07-30,27.2045,25.704,92.286,16.616,198.37,SSP3-7.0
2037-07-31,45.103,25.552,93.479,18.727,150.93,SSP3-7.0
2037-08-01,46.7454,25.718,94.18,17.214,145.6,SSP3-7.0
2037-08-02,6.9546,26.254,90.843,13.094,214.76,SSP3-7.0
2037-08-03,0.0447,26.898,85.169,14.972,252.28,SSP3-7.0
2037-08-04,0.0921,26.286,88.035,14.045,221.07,SSP3-7.0
2037-08-05,1.8091,26.143,90.718,13.341,203.27,SSP3-7.0
2037-08-06,26.9163,25.655,92.441,14.984,177.41,SSP3-7.0
2037-08-07,52.1856,25.223,94.126,13.754,127.68,SSP3-7.0
2037-08-08,24.031,25.717,94.061,12.224,172.65,SSP3-7.0
2037-08-09,0.0,26.322,89.873,11.828,223.09,SSP3-7.0
2037-08-10,0.6169,26.614,87.589,12.29,235.3,SSP3-7.0
2037-08-11,0.4218,26.203,89.262,13.226,221.3,SSP3-7.0
2037-08-12,9.7081,26.183,90.906,12.07,213.92,SSP3-7.0
2037-08-13,9.903,25.807,93.182,11.091,184.56,SSP3-7.0
2037-08-14,9.3206,26.325,89.793,13.389,226.89,SSP3-7.0
2037-08-15,8.4876,25.592,93.283,11.824,184.28,SSP3-7.0
2037-08-16,22.8594,26.141,92.031,11.456,211.26,SSP3-7.0
2037-08-17,2.7696,25.942,92.812,11.521,198.46,SSP3-7.0
2037-08-18,4.702,25.792,93.444,11.315,193.95,SSP3-7.0
2037-08-19,1.7842,25.8,93.28,11.024,188.22,SSP3-7.0
2037-08-20,1.6798,25.855,92.94,11.728,197.96,SSP3-7.0
2037-08-21,0.349,26.352,91.475,9.724,222.28,SSP3-7.0
2037-08-22,0.7628,26.259,91.526,9.589,222.07,SSP3-7.0
2037-08-23,0.2094,25.989,93.986,8.089,194.77,SSP3-7.0
2037-08-24,0.511,26.388,91.794,8.021,227.91,SSP3-7.0
2037-08-25,8.8409,26.26,90.978,8.089,227.31,SSP3-7.0
2037-08-26,22.0247,26.237,92.533,8.634,218.93,SSP3-7.0
2037-08-27,5.1697,26.288,92.139,8.186,224.34,SSP3-7.0
2037-08-28,4.981,26.411,92.019,7.849,234.77,SSP3-7.0
2037-08-29,0.5239,26.609,91.063,7.94,238.93,SSP3-7.0
2037-08-30,3.1134,26.56,90.94,8.429,235.48,SSP3-7.0
2037-08-31,27.3655,26.519,91.017,9.154,239.32,SSP3-7.0
2037-09-01,20.8435,25.619,96.157,8.12,157.22,SSP3-7.0
2037-09-02,0.0,25.827,91.268,9.009,238.47,SSP3-7.0
2037-09-03,0.0,25.977,88.883,10.119,241.81,SSP3-7.0
2037-09-04,0.0,26.093,87.109,13.548,247.01,SSP3-7.0
2037-09-05,0.0,25.829,87.216,13.3,236.6,SSP3-7.0
2037-09-06,0.0,25.927,86.897,10.554,245.81,SSP3-7.0
2037-09-07,0.0,26.066,85.908,10.218,249.28,SSP3-7.0
2037-09-08,0.0,25.983,85.153,10.361,237.01,SSP3-7.0
2037-09-09,0.0,25.767,86.789,9.936,237.76,SSP3-7.0
2037-09-10,0.0,26.278,81.346,10.118,273.88,SSP3-7.0
2037-09-11,0.0,26.495,82.098,9.826,269.21,SSP3-7.0
2037-09-12,0.0,26.407,83.201,8.764,250.59,SSP3-7.0
2037-09-13,0.0,26.442,80.953,10.305,262.5,SSP3-7.0
2037-09-14,0.0443,25.995,85.518,11.382,236.08,SSP3-7.0
2037-09-15,0.1572,25.537,87.973,11.091,211.08,SSP3-7.0
2037-09-16,0.0,25.727,87.213,10.915,228.18,SSP3-7.0
2037-09-17,3.2926,25.745,89.199,7.187,238.16,SSP3-7.0
2037-09-18,12.8234,25.012,95.644,4.588,173.9,SSP3-7.0
2037-09-19,0.4561,25.391,91.873,4.35,207.29,SSP3-7.0
2037-09-20,11.7032,25.912,91.042,4.404,222.97,SSP3-7.0
2037-09-21,14.5706,25.774,91.409,3.998,226.7,SSP3-7.0
2037-09-22,5.1055,26.028,89.162,5.804,234.9,SSP3-7.0
2037-09-23,18.3003,25.367,92.696,6.045,206.69,SSP3-7.0
2037-09-24,21.1719,25.319,93.231,6.106,204.52,SSP3-7.0
2037-09-25,20.7609,25.294,93.849,7.69,200.31,SSP3-7.0
2037-09-26,12.0858,25.325,93.403,6.681,203.19,SSP3-7.0
2037-09-27,7.8547,25.537,91.108,6.354,218.13,SSP3-7.0
2037-09-28,8.1828,25.534,91.147,5.087,221.08,SSP3-7.0
2037-09-29,11.3153,25.652,90.786,4.634,219.37,SSP3-7.0
2037-09-30,17.0482,25.592,91.242,3.393,224.5,SSP3-7.0
2037-10-01,15.8402,24.647,92.91,2.08,215.7,SSP3-7.0
2037-10-02,19.337,24.35,94.357,2.166,206.0,SSP3-7.0
2037-10-03,3.2634,24.575,91.498,3.286,218.24,SSP3-7.0
2037-10-04,2.28,24.943,90.374,3.069,217.04,SSP3-7.0
2037-10-05,2.1676,24.837,90.514,3.396,218.71,SSP3-7.0
2037-10-06,0.0111,25.584,86.461,3.864,255.03,SSP3-7.0
2037-10-07,0.0,25.407,87.959,3.687,228.01,SSP3-7.0
2037-10-08,10.5262,24.513,92.449,2.404,200.33,SSP3-7.0
2037-10-09,17.8215,24.541,92.172,3.13,207.7,SSP3-7.0
2037-10-10,18.9625,24.403,92.26,3.819,200.52,SSP3-7.0
2037-10-11,0.701,25.021,89.375,4.002,226.46,SSP3-7.0
2037-10-12,0.1276,25.666,87.265,5.187,220.52,SSP3-7.0
2037-10-13,0.0,25.794,86.246,5.517,221.95,SSP3-7.0
2037-10-14,0.0,26.026,85.334,6.681,227.94,SSP3-7.0
2037-10-15,23.0778,24.265,93.973,7.292,188.06,SSP3-7.0
2037-10-16,12.8031,24.174,91.689,6.098,191.8,SSP3-7.0
2037-10-17,4.3538,23.973,92.476,5.555,185.22,SSP3-7.0
2037-10-18,0.8767,23.865,91.737,5.932,198.97,SSP3-7.0
2037-10-19,0.0759,23.95,90.624,4.339,206.45,SSP3-7.0
2037-10-20,0.1236,24.611,87.918,3.577,218.82,SSP3-7.0
2037-10-21,6.7952,23.92,90.276,4.873,196.38,SSP3-7.0
2037-10-22,2.2892,23.95,89.546,3.763,198.43,SSP3-7.0
2037-10-23,0.4718,24.746,88.22,4.112,211.44,SSP3-7.0
2037-10-24,0.0,25.17,88.137,5.074,216.67,SSP3-7.0
2037-10-25,0.2243,25.329,86.893,5.491,217.1,SSP3-7.0
2037-10-26,1.0286,25.268,86.164,6.635,222.01,SSP3-7.0
2037-10-27,0.0,24.279,87.696,4.51,212.19,SSP3-7.0
2037-10-28,0.0,24.017,87.518,3.599,196.95,SSP3-7.0
2037-10-29,0.0048,24.223,86.339,3.218,203.95,SSP3-7.0
2037-10-30,0.0,23.938,87.844,3.173,195.84,SSP3-7.0
2037-10-31,0.2867,24.066,86.428,4.672,210.85,SSP3-7.0
2037-11-01,0.0,24.817,82.914,4.09,247.36,SSP3-7.0
2037-11-02,0.0,25.184,82.92,4.213,227.85,SSP3-7.0
2037-11-03,0.0,25.745,82.561,3.963,228.34,SSP3-7.0
2037-11-04,0.0,25.964,82.099,4.197,221.23,SSP3-7.0
2037-11-05,0.0,25.505,83.581,6.132,213.74,SSP3-7.0
2037-11-06,0.0,24.578,84.16,5.849,210.79,SSP3-7.0
2037-11-07,0.0,24.375,82.67,6.836,197.78,SSP3-7.0
2037-11-08,0.0,23.488,84.716,5.192,187.38,SSP3-7.0
2037-11-09,0.0,24.366,80.853,4.906,222.76,SSP3-7.0
2037-11-10,0.0,23.567,81.591,5.103,193.43,SSP3-7.0
2037-11-11,0.0,22.987,79.696,7.241,188.28,SSP3-7.0
2037-11-12,0.0,23.143,76.809,6.199,215.75,SSP3-7.0
2037-11-13,0.0,23.115,71.525,6.67,231.97,SSP3-7.0
2037-11-14,0.0,22.827,78.373,3.996,217.1,SSP3-7.0
2037-11-15,0.0,22.46,83.356,4.545,185.8,SSP3-7.0
2037-11-16,0.0,22.804,80.277,6.236,195.1,SSP3-7.0
2037-11-17,0.0,22.981,77.107,6.717,207.79,SSP3-7.0
2037-11-18,0.0,23.258,77.744,4.955,200.44,SSP3-7.0
2037-11-19,0.0,22.86,80.438,5.587,202.81,SSP3-7.0
2037-11-20,0.0,22.152,77.854,7.998,189.87,SSP3-7.0
2037-11-21,0.0,22.872,63.02,7.993,234.15,SSP3-7.0
2037-11-22,0.0,22.92,72.977,8.27,205.04,SSP3-7.0
2037-11-23,0.0002,23.021,74.242,9.159,190.25,SSP3-7.0
2037-11-24,0.0154,23.671,81.655,9.035,192.04,SSP3-7.0
2037-11-25,0.0,23.933,81.974,5.37,176.21,SSP3-7.0
2037-11-26,0.0,24.961,76.022,5.849,194.1,SSP3-7.0
2037-11-27,0.1731,24.183,79.973,7.895,190.47,SSP3-7.0
2037-11-28,0.0,22.337,80.964,7.651,163.53,SSP3-7.0
2037-11-29,0.0,22.969,57.823,9.143,226.41,SSP3-7.0
2037-11-30,0.0,22.609,56.598,8.085,228.2,SSP3-7.0
2037-12-01,0.0,22.82,66.388,8.001,216.49,SSP3-7.0
2037-12-02,0.0,22.581,60.29,8.196,226.19,SSP3-7.0
2037-12-03,0.0,22.187,56.664,9.285,229.7,SSP3-7.0
2037-12-04,0.0,21.73,55.693,9.13,235.13,SSP3-7.0
2037-12-05,0.0,21.38,55.344,9.207,226.66,SSP3-7.0
2037-12-06,0.0,20.594,56.74,10.333,197.82,SSP3-7.0
2037-12-07,0.0,19.819,49.621,10.709,203.23,SSP3-7.0
2037-12-08,0.0,19.773,54.87,8.525,208.2,SSP3-7.0
2037-12-09,0.0,20.663,71.451,14.339,152.11,SSP3-7.0
2037-12-10,0.0,21.179,74.987,12.316,178.83,SSP3-7.0
2037-12-11,0.0,22.642,67.257,10.353,212.95,SSP3-7.0
2037-12-12,0.0,23.157,65.945,10.627,210.79,SSP3-7.0
2037-12-13,0.0,23.575,58.263,9.999,218.77,SSP3-7.0
2037-12-14,0.0,21.288,66.181,8.069,197.34,SSP3-7.0
2037-12-15,0.0,22.655,62.362,7.937,225.05,SSP3-7.0
2037-12-16,0.0,22.154,63.449,6.322,220.3,SSP3-7.0
2037-12-17,0.0,22.306,58.943,7.255,220.45,SSP3-7.0
2037-12-18,0.0,21.658,54.84,9.32,228.23,SSP3-7.0
2037-12-19,0.0,20.982,50.267,8.949,233.45,SSP3-7.0
2037-12-20,0.0,20.687,50.464,6.694,229.96,SSP3-7.0
2037-12-21,0.0,20.565,55.074,7.546,230.47,SSP3-7.0
2037-12-22,0.0,21.12,49.601,7.079,233.33,SSP3-7.0
2037-12-23,0.0,21.0,47.261,6.456,233.26,SSP3-7.0
2037-12-24,0.0,21.435,49.432,6.695,230.49,SSP3-7.0
2037-12-25,0.0,21.34,49.531,6.418,236.32,SSP3-7.0
2037-12-26,0.0,21.605,52.852,6.717,233.79,SSP3-7.0
2037-12-27,0.0,21.586,51.646,7.691,239.47,SSP3-7.0
2037-12-28,0.0,21.424,52.459,8.557,227.69,SSP3-7.0
2037-12-29,0.0,21.419,54.879,8.367,231.76,SSP3-7.0
2037-12-30,0.0,21.724,56.867,7.942,240.97,SSP3-7.0
2037-12-31,0.0,21.37,60.358,7.13,214.25,SSP3-7.0
2038-01-01,0.0,20.684,61.242,6.227,195.69,SSP3-7.0
2038-01-02,0.0,21.885,61.705,9.447,210.37,SSP3-7.0
2038-01-03,0.0,21.378,61.955,14.472,186.06,SSP3-7.0
2038-01-04,0.0,21.307,77.118,10.915,164.68,SSP3-7.0
2038-01-05,0.0,20.409,62.859,9.576,171.43,SSP3-7.0
2038-01-06,0.0,20.253,46.755,12.47,230.15,SSP3-7.0
2038-01-07,0.0,20.093,41.514,10.443,244.71,SSP3-7.0
2038-01-08,0.0,20.225,42.079,9.833,248.65,SSP3-7.0
2038-01-09,0.0,20.098,39.577,8.837,256.65,SSP3-7.0
2038-01-10,0.0,19.825,42.455,7.831,238.21,SSP3-7.0
2038-01-11,0.0,19.699,43.147,6.376,250.72,SSP3-7.0
2038-01-12,0.0,20.178,44.499,5.552,249.05,SSP3-7.0
2038-01-13,0.0,20.897,45.368,4.219,245.9,SSP3-7.0
2038-01-14,0.0,21.461,50.051,9.7,244.2,SSP3-7.0
2038-01-15,0.0,22.036,56.007,10.327,219.52,SSP3-7.0
2038-01-16,0.0,22.189,56.226,7.663,201.59,SSP3-7.0
2038-01-17,0.0,21.763,61.98,4.868,174.19,SSP3-7.0
2038-01-18,0.0,23.183,57.824,6.875,211.63,SSP3-7.0
2038-01-19,0.0,22.976,66.24,11.546,191.27,SSP3-7.0
2038-01-20,0.0,23.977,59.503,11.924,205.59,SSP3-7.0
2038-01-21,0.0,23.355,46.145,12.466,249.24,SSP3-7.0
2038-01-22,0.0,22.656,42.941,12.871,252.1,SSP3-7.0
2038-01-23,0.0,20.663,39.763,11.556,254.96,SSP3-7.0
2038-01-24,0.0,20.495,36.57,10.641,262.58,SSP3-7.0
2038-01-25,0.0,20.587,38.098,10.08,263.06,SSP3-7.0
2038-01-26,0.0,20.408,39.482,5.438,268.73,SSP3-7.0
2038-01-27,0.0,20.924,43.158,7.061,265.46,SSP3-7.0
2038-01-28,0.0,22.805,43.194,12.12,260.09,SSP3-7.0
2038-01-29,0.0,22.843,41.705,8.676,262.91,SSP3-7.0
2038-01-30,0.0,22.497,37.888,10.789,264.64,SSP3-7.0
2038-01-31,0.0,22.295,37.811,9.212,270.04,SSP3-7.0
2038-02-01,0.0,22.602,46.322,7.953,262.69,SSP3-7.0
2038-02-02,0.0,22.992,42.825,8.987,263.76,SSP3-7.0
2038-02-03,0.0,23.203,51.195,8.704,248.57,SSP3-7.0
2038-02-04,0.0,23.825,54.418,8.98,238.48,SSP3-7.0
2038-02-05,0.0,24.249,50.567,10.307,241.24,SSP3-7.0
2038-02-06,0.0,24.156,49.036,10.478,259.21,SSP3-7.0
2038-02-07,0.0,24.053,48.56,7.777,258.42,SSP3-7.0
2038-02-08,0.0,24.067,50.121,7.515,252.03,SSP3-7.0
2038-02-09,0.0,23.991,48.947,7.446,259.01,SSP3-7.0
2038-02-10,0.0,24.235,48.07,7.631,266.3,SSP3-7.0
2038-02-11,0.0,24.387,47.17,8.123,266.57,SSP3-7.0
2038-02-12,0.0,24.114,42.505,5.94,281.08,SSP3-7.0
2038-02-13,0.0,23.905,46.14,8.459,276.68,SSP3-7.0
2038-02-14,0.0,24.492,46.162,7.866,274.79,SSP3-7.0
2038-02-15,0.0,25.112,45.569,6.832,263.24,SSP3-7.0
2038-02-16,0.0,25.227,37.365,10.132,279.01,SSP3-7.0
2038-02-17,0.0,25.096,43.789,9.797,276.52,SSP3-7.0
2038-02-18,0.0,25.508,46.655,12.58,279.64,SSP3-7.0
2038-02-19,0.0,25.623,44.751,8.788,286.38,SSP3-7.0
2038-02-20,0.0,25.797,47.291,6.065,282.18,SSP3-7.0
2038-02-21,0.0,26.674,52.39,7.99,248.33,SSP3-7.0
2038-02-22,0.0,26.619,50.611,8.886,250.64,SSP3-7.0
2038-02-23,0.0,27.096,49.354,5.826,273.93,SSP3-7.0
2038-02-24,0.0,26.987,47.906,6.273,278.2,SSP3-7.0
2038-02-25,0.0,26.71,50.37,9.64,254.39,SSP3-7.0
2038-02-26,0.0,27.297,46.007,10.988,261.6,SSP3-7.0
2038-02-27,0.0,26.704,40.931,9.935,284.88,SSP3-7.0
2038-02-28,0.0,26.409,36.99,9.548,294.97,SSP3-7.0
2038-03-01,0.0,26.085,37.067,6.455,280.9,SSP3-7.0
2038-03-02,0.0416,23.379,68.147,5.395,178.44,SSP3-7.0
2038-03-03,0.0,26.788,47.362,6.592,254.46,SSP3-7.0
2038-03-04,0.0,26.423,46.577,11.522,234.15,SSP3-7.0
2038-03-05,0.0,26.598,41.061,9.155,312.05,SSP3-7.0
2038-03-06,0.0,26.943,39.307,10.141,257.5,SSP3-7.0
2038-03-07,0.0,26.844,34.902,9.902,287.2,SSP3-7.0
2038-03-08,0.0,26.536,45.627,5.72,267.39,SSP3-7.0
2038-03-09,0.0,27.083,45.391,5.397,261.05,SSP3-7.0
2038-03-10,0.0001,26.959,47.292,7.311,260.76,SSP3-7.0
2038-03-11,0.0,28.002,39.822,6.069,298.02,SSP3-7.0
2038-03-12,0.0,28.434,39.641,7.949,295.82,SSP3-7.0
2038-03-13,0.0,28.88,38.188,10.138,294.15,SSP3-7.0
2038-03-14,0.0,28.635,41.922,8.875,287.77,SSP3-7.0
2038-03-15,0.0,28.805,39.644,6.108,304.71,SSP3-7.0
2038-03-16,0.0,29.009,37.895,6.422,286.91,SSP3-7.0
2038-03-17,0.0,28.021,40.257,5.308,242.02,SSP3-7.0
2038-03-18,0.0013,28.678,40.87,7.72,292.76,SSP3-7.0
2038-03-19,0.0,29.006,37.192,7.59,301.05,SSP3-7.0
2038-03-20,0.0,28.954,33.763,6.24,313.33,SSP3-7.0
2038-03-21,0.0,28.683,29.708,6.229,318.13,SSP3-7.0
2038-03-22,0.0,28.589,28.948,7.602,314.16,SSP3-7.0
2038-03-23,0.0,28.432,30.522,8.387,313.62,SSP3-7.0
2038-03-24,0.0,28.681,32.056,6.544,307.66,SSP3-7.0
2038-03-25,0.0,29.537,33.524,7.599,301.22,SSP3-7.0
2038-03-26,0.0003,29.794,32.684,10.113,287.42,SSP3-7.0
2038-03-27,0.0,28.556,28.37,12.088,329.52,SSP3-7.0
2038-03-28,0.0,28.174,25.387,9.14,343.57,SSP3-7.0
2038-03-29,0.0,27.919,25.331,7.566,348.11,SSP3-7.0
2038-03-30,0.0,27.635,25.756,6.906,339.71,SSP3-7.0
2038-03-31,0.0,28.585,27.932,4.451,335.18,SSP3-7.0
2038-04-01,0.0,29.034,32.792,6.613,324.42,SSP3-7.0
2038-04-02,0.0,29.198,31.355,6.089,320.15,SSP3-7.0
2038-04-03,0.0,29.521,31.948,6.963,306.14,SSP3-7.0
2038-04-04,0.0,30.044,31.872,8.717,309.71,SSP3-7.0
2038-04-05,0.0157,30.007,32.599,6.73,294.61,SSP3-7.0
2038-04-06,0.0083,29.851,31.374,6.77,297.68,SSP3-7.0
2038-04-07,0.0005,30.09,31.623,4.363,302.65,SSP3-7.0
2038-04-08,0.0,30.085,30.079,4.724,302.27,SSP3-7.0
2038-04-09,0.0,30.09,28.948,6.299,320.58,SSP3-7.0
2038-04-10,0.0,30.272,29.784,6.453,284.0,SSP3-7.0
2038-04-11,0.0,30.372,30.606,7.86,314.14,SSP3-7.0
2038-04-12,0.007,29.674,35.127,8.481,260.76,SSP3-7.0
2038-04-13,0.0,29.892,32.629,4.743,284.0,SSP3-7.0
2038-04-14,0.0,29.862,33.038,5.002,276.53,SSP3-7.0
2038-04-15,0.1901,30.344,35.542,8.314,288.03,SSP3-7.0
2038-04-16,0.248,30.894,33.877,8.229,310.79,SSP3-7.0
2038-04-17,0.0588,30.95,32.238,7.733,292.52,SSP3-7.0
2038-04-18,0.2055,30.373,34.678,6.46,311.54,SSP3-7.0
2038-04-19,0.0,29.288,38.147,5.37,229.89,SSP3-7.0
2038-04-20,0.0,30.532,34.237,6.327,313.44,SSP3-7.0
2038-04-21,0.0,30.835,29.297,8.142,271.88,SSP3-7.0
2038-04-22,0.0,30.786,25.873,9.802,347.96,SSP3-7.0
2038-04-23,0.0,30.841,26.165,10.22,347.52,SSP3-7.0
2038-04-24,0.0,31.192,26.575,10.152,334.82,SSP3-7.0
2038-04-25,0.0,31.361,26.232,8.897,347.85,SSP3-7.0
2038-04-26,0.0,31.486,25.473,11.405,343.18,SSP3-7.0
2038-04-27,0.0,31.656,25.882,10.673,344.68,SSP3-7.0
2038-04-28,0.0,31.68,24.145,10.645,348.67,SSP3-7.0
2038-04-29,0.0,31.562,24.372,9.513,354.9,SSP3-7.0
2038-04-30,0.0,31.0,23.93,6.817,356.86,SSP3-7.0
2038-05-01,0.0,31.919,25.324,5.943,344.98,SSP3-7.0
2038-05-02,0.0,32.696,26.441,6.759,328.65,SSP3-7.0
2038-05-03,0.0,32.903,25.639,8.819,324.64,SSP3-7.0
2038-05-04,0.0,33.459,26.869,7.462,306.62,SSP3-7.0
2038-05-05,0.0,33.44,26.477,7.328,321.22,SSP3-7.0
2038-05-06,0.0,33.596,26.681,6.761,317.4,SSP3-7.0
2038-05-07,0.0,33.697,26.45,6.738,307.99,SSP3-7.0
2038-05-08,0.0054,33.803,27.165,8.622,313.09,SSP3-7.0
2038-05-09,0.3521,33.531,30.649,8.459,295.14,SSP3-7.0
2038-05-10,0.023,33.427,31.043,5.91,303.13,SSP3-7.0
2038-05-11,0.0,33.477,28.842,6.601,302.42,SSP3-7.0
2038-05-12,0.0024,33.716,27.306,7.661,318.03,SSP3-7.0
2038-05-13,0.002,33.761,29.304,5.494,299.29,SSP3-7.0
2038-05-14,0.0022,33.274,32.454,4.249,256.05,SSP3-7.0
2038-05-15,0.0,33.445,29.871,5.13,264.5,SSP3-7.0
2038-05-16,0.0,33.847,27.889,7.618,278.48,SSP3-7.0
2038-05-17,0.2037,33.833,29.23,9.263,291.55,SSP3-7.0
2038-05-18,0.0,33.837,27.712,10.226,307.74,SSP3-7.0
2038-05-19,0.0,33.881,25.968,8.126,336.18,SSP3-7.0
2038-05-20,0.0,33.89,24.19,8.002,332.37,SSP3-7.0
2038-05-21,0.0061,34.723,23.906,9.963,317.36,SSP3-7.0
2038-05-22,0.0122,34.324,25.619,10.2,290.17,SSP3-7.0
2038-05-23,0.0,34.017,24.42,8.679,337.34,SSP3-7.0
2038-05-24,0.0,34.183,22.269,8.892,337.33,SSP3-7.0
2038-05-25,0.0,34.558,22.463,9.081,318.58,SSP3-7.0
2038-05-26,0.0,34.991,21.417,12.568,316.92,SSP3-7.0
2038-05-27,0.0,35.269,22.243,17.731,319.82,SSP3-7.0
2038-05-28,0.0,34.061,27.772,14.978,257.67,SSP3-7.0
2038-05-29,0.0,33.482,32.4,13.012,248.53,SSP3-7.0
2038-05-30,0.0,33.138,34.832,14.59,282.19,SSP3-7.0
2038-05-31,0.0,34.657,25.545,13.926,303.07,SSP3-7.0
2038-06-01,0.0,36.037,25.137,15.56,304.1,SSP3-7.0
2038-06-02,0.0,36.124,26.372,15.924,310.73,SSP3-7.0
2038-06-03,0.111,35.423,28.821,17.337,313.81,SSP3-7.0
2038-06-04,0.0,35.351,30.144,16.483,312.52,SSP3-7.0
2038-06-05,0.0,35.179,29.487,14.7,283.0,SSP3-7.0
2038-06-06,0.7594,35.115,35.363,10.509,300.21,SSP3-7.0
2038-06-07,0.3901,32.454,49.187,12.002,283.02,SSP3-7.0
2038-06-08,0.1724,34.685,39.342,13.727,299.79,SSP3-7.0
2038-06-09,0.0,34.404,40.238,13.504,307.42,SSP3-7.0
2038-06-10,0.0,34.578,36.269,11.736,304.73,SSP3-7.0
2038-06-11,0.0,35.824,32.577,9.32,304.52,SSP3-7.0
2038-06-12,0.0,36.194,27.387,8.907,308.75,SSP3-7.0
2038-06-13,0.0033,36.586,29.474,10.634,304.96,SSP3-7.0
2038-06-14,2.7043,34.84,35.999,11.223,297.03,SSP3-7.0
2038-06-15,2.6126,32.114,54.609,13.843,255.47,SSP3-7.0
2038-06-16,0.0,28.689,68.592,13.834,220.1,SSP3-7.0
2038-06-17,0.0,30.998,52.484,13.698,270.43,SSP3-7.0
2038-06-18,0.0084,33.14,44.33,14.223,301.95,SSP3-7.0
2038-06-19,0.0,33.288,42.034,14.816,306.64,SSP3-7.0
2038-06-20,0.0,33.459,41.261,16.134,332.51,SSP3-7.0
2038-06-21,0.0,33.439,42.796,15.034,297.26,SSP3-7.0
2038-06-22,0.0,33.762,44.371,14.997,317.06,SSP3-7.0
2038-06-23,0.6143,32.547,49.058,13.042,278.39,SSP3-7.0
2038-06-24,17.7239,27.504,85.871,10.59,171.43,SSP3-7.0
2038-06-25,17.2386,27.229,84.531,16.522,196.16,SSP3-7.0
2038-06-26,0.5305,27.477,78.492,14.846,213.19,SSP3-7.0
2038-06-27,0.1367,28.35,72.326,13.324,257.78,SSP3-7.0
2038-06-28,0.0,29.567,62.072,10.574,341.33,SSP3-7.0
2038-06-29,0.0,30.368,61.347,10.022,313.83,SSP3-7.0
2038-06-30,0.0,29.898,63.325,12.382,264.53,SSP3-7.0
2038-07-01,0.0035,28.563,66.965,14.174,258.43,SSP3-7.0
2038-07-02,1.3498,27.548,76.634,12.204,238.39,SSP3-7.0
2038-07-03,0.5355,27.983,75.443,12.196,252.02,SSP3-7.0
2038-07-04,0.0,28.276,72.674,13.368,258.9,SSP3-7.0
2038-07-05,0.0,28.38,71.236,13.08,241.15,SSP3-7.0
2038-07-06,0.0,28.796,67.75,12.159,261.09,SSP3-7.0
2038-07-07,0.1791,29.067,65.323,12.256,279.14,SSP3-7.0
2038-07-08,0.2517,29.339,67.572,13.105,277.97,SSP3-7.0
2038-07-09,0.0271,27.651,75.987,10.518,214.11,SSP3-7.0
2038-07-10,0.0,29.097,69.203,12.417,254.84,SSP3-7.0
2038-07-11,0.0,28.337,73.654,13.301,229.96,SSP3-7.0
2038-07-12,0.0,29.064,68.661,12.892,252.98,SSP3-7.0
2038-07-13,0.0,29.247,67.002,13.752,261.66,SSP3-7.0
2038-07-14,0.0,29.121,68.865,14.088,246.87,SSP3-7.0
2038-07-15,0.0,29.416,67.597,13.809,256.92,SSP3-7.0
2038-07-16,0.0,29.776,66.978,11.941,254.99,SSP3-7.0
2038-07-17,2.195,28.946,76.922,11.141,226.55,SSP3-7.0
2038-07-18,0.4853,27.656,78.25,14.629,220.12,SSP3-7.0
2038-07-19,13.2693,26.292,89.014,12.751,165.23,SSP3-7.0
2038-07-20,0.019,27.61,81.562,13.386,241.19,SSP3-7.0
2038-07-21,0.5198,28.248,78.716,11.955,263.8,SSP3-7.0
2038-07-22,4.5666,28.636,78.357,15.397,251.34,SSP3-7.0
2038-07-23,0.845,26.943,82.593,15.149,223.15,SSP3-7.0
2038-07-24,1.3884,26.757,84.346,15.02,217.96,SSP3-7.0
2038-07-25,8.3972,26.246,88.901,12.564,191.6,SSP3-7.0
2038-07-26,28.9237,25.909,91.933,15.898,145.29,SSP3-7.0
2038-07-27,30.7368,25.801,93.177,16.286,164.99,SSP3-7.0
2038-07-28,21.9096,25.785,92.743,13.496,168.24,SSP3-7.0
2038-07-29,6.5048,25.748,91.621,13.441,192.1,SSP3-7.0
2038-07-30,6.102,26.008,88.841,15.908,209.11,SSP3-7.0
2038-07-31,33.6084,25.741,92.947,15.604,143.46,SSP3-7.0
2038-08-01,22.5108,25.779,91.596,16.793,186.51,SSP3-7.0
2038-08-02,4.6595,25.665,90.057,20.344,199.65,SSP3-7.0
2038-08-03,29.0843,25.271,91.501,18.007,163.86,SSP3-7.0
2038-08-04,32.0028,25.384,93.512,13.819,121.93,SSP3-7.0
2038-08-05,0.494,25.97,88.974,14.982,221.56,SSP3-7.0
2038-08-06,0.0,26.553,87.212,13.956,246.39,SSP3-7.0
2038-08-07,0.8704,26.279,87.229,13.983,228.74,SSP3-7.0
2038-08-08,12.8014,25.59,91.863,13.041,178.92,SSP3-7.0
2038-08-09,24.367,25.735,92.226,13.239,204.07,SSP3-7.0
2038-08-10,14.3795,25.798,92.653,13.946,191.46,SSP3-7.0
2038-08-11,2.7139,25.77,92.866,11.382,191.11,SSP3-7.0
2038-08-12,1.0059,25.79,92.779,10.042,195.13,SSP3-7.0
2038-08-13,0.0418,26.108,90.948,8.433,214.19,SSP3-7.0
2038-08-14,0.0,26.66,87.067,10.554,242.62,SSP3-7.0
2038-08-15,0.0,26.75,86.234,7.894,237.56,SSP3-7.0
2038-08-16,0.0,27.513,85.27,5.371,262.22,SSP3-7.0
2038-08-17,0.0,27.688,85.351,4.162,262.7,SSP3-7.0
2038-08-18,0.1773,27.267,87.585,4.796,247.1,SSP3-7.0
2038-08-19,0.0,27.018,87.593,5.111,235.39,SSP3-7.0
2038-08-20,0.0,27.505,85.426,3.812,238.24,SSP3-7.0
2038-08-21,0.0,27.732,85.07,3.996,245.71,SSP3-7.0
2038-08-22,0.3058,27.92,85.314,4.654,250.54,SSP3-7.0
2038-08-23,0.6627,27.227,85.591,6.841,249.96,SSP3-7.0
2038-08-24,0.0,27.601,80.453,8.712,283.82,SSP3-7.0
2038-08-25,0.0,27.388,82.534,8.284,263.47,SSP3-7.0
2038-08-26,0.0,27.765,80.979,6.314,278.45,SSP3-7.0
2038-08-27,0.0356,27.928,82.452,4.917,264.58,SSP3-7.0
2038-08-28,14.3707,27.015,88.174,8.843,234.88,SSP3-7.0
2038-08-29,6.4283,26.999,87.544,9.537,237.61,SSP3-7.0
2038-08-30,0.5333,26.87,83.473,11.078,254.65,SSP3-7.0
2038-08-31,0.0,26.877,85.467,7.954,249.4,SSP3-7.0
2038-09-01,0.0,26.793,85.65,6.08,243.7,SSP3-7.0
2038-09-02,2.9694,27.192,86.487,4.343,253.18,SSP3-7.0
2038-09-03,11.9866,26.443,89.228,5.074,239.93,SSP3-7.0
2038-09-04,7.0633,26.141,90.448,4.787,231.82,SSP3-7.0
2038-09-05,9.5925,25.965,91.326,7.554,227.08,SSP3-7.0
2038-09-06,24.8399,25.764,92.721,9.244,214.95,SSP3-7.0
2038-09-07,12.3779,25.938,93.707,9.327,199.15,SSP3-7.0
2038-09-08,0.4637,26.026,90.385,8.661,220.1,SSP3-7.0
2038-09-09,58.8234,25.882,93.976,9.433,181.91,SSP3-7.0
2038-09-10,33.5688,25.735,93.758,11.225,159.08,SSP3-7.0
2038-09-11,2.3667,25.709,90.421,10.499,213.91,SSP3-7.0
2038-09-12,3.2205,25.872,88.277,12.137,216.87,SSP3-7.0
2038-09-13,27.5514,25.419,92.082,12.888,179.71,SSP3-7.0
2038-09-14,0.433,25.808,89.184,10.56,229.8,SSP3-7.0
2038-09-15,0.0165,25.995,87.478,8.558,230.54,SSP3-7.0
2038-09-16,0.4628,26.492,82.878,9.485,254.8,SSP3-7.0
2038-09-17,0.0325,26.599,80.098,8.104,264.71,SSP3-7.0
2038-09-18,0.6267,26.317,85.005,9.044,238.59,SSP3-7.0
2038-09-19,3.8324,26.242,87.877,9.925,225.58,SSP3-7.0
2038-09-20,0.0,26.549,78.427,14.61,258.46,SSP3-7.0
2038-09-21,0.2927,25.776,84.065,13.805,209.92,SSP3-7.0
2038-09-22,0.0,26.556,76.368,11.392,250.63,SSP3-7.0
2038-09-23,0.0,25.957,81.648,7.058,240.01,SSP3-7.0
2038-09-24,0.0,25.715,83.002,4.893,236.13,SSP3-7.0
2038-09-25,0.0,25.984,79.925,4.855,257.64,SSP3-7.0
2038-09-26,0.0,26.404,74.845,5.631,263.45,SSP3-7.0
2038-09-27,0.0,26.593,70.66,7.104,296.91,SSP3-7.0
2038-09-28,0.0,26.556,65.899,7.028,299.79,SSP3-7.0
2038-09-29,0.0,26.254,66.859,5.55,284.16,SSP3-7.0
2038-09-30,0.0,26.364,67.469,5.643,242.39,SSP3-7.0
2038-10-01,0.0,26.964,65.387,5.26,277.3,SSP3-7.0
2038-10-02,0.0,25.952,82.463,3.054,217.21,SSP3-7.0
2038-10-03,0.0,26.383,79.629,5.717,240.88,SSP3-7.0
2038-10-04,0.012,25.051,88.125,4.584,213.21,SSP3-7.0
2038-10-05,23.8027,24.456,91.592,4.578,198.37,SSP3-7.0
2038-10-06,2.4772,24.727,89.992,2.883,217.5,SSP3-7.0
2038-10-07,19.0762,24.5,91.414,4.973,200.89,SSP3-7.0
2038-10-08,21.6396,24.397,92.036,6.891,197.85,SSP3-7.0
2038-10-09,1.4204,25.177,86.567,8.323,225.77,SSP3-7.0
2038-10-10,0.0,25.716,83.113,8.6,231.24,SSP3-7.0
2038-10-11,0.0626,26.341,81.219,8.004,233.21,SSP3-7.0
2038-10-12,0.0401,26.298,79.148,5.974,235.8,SSP3-7.0
2038-10-13,0.0,26.695,76.871,6.329,242.67,SSP3-7.0
2038-10-14,0.0,27.404,73.216,5.6,244.47,SSP3-7.0
2038-10-15,1.1641,25.95,83.975,7.384,218.8,SSP3-7.0
2038-10-16,3.3659,24.287,88.182,7.237,192.4,SSP3-7.0
2038-10-17,10.209,24.255,87.435,7.885,200.57,SSP3-7.0
2038-10-18,0.9368,24.143,87.728,6.924,211.37,SSP3-7.0
2038-10-19,0.5663,23.861,88.991,3.645,210.55,SSP3-7.0
2038-10-20,0.3022,25.342,83.395,4.976,225.11,SSP3-7.0
2038-10-21,0.0,26.203,78.628,4.59,230.78,SSP3-7.0
2038-10-22,0.0,26.971,70.4,3.683,232.0,SSP3-7.0
2038-10-23,0.0,26.614,68.411,4.935,247.03,SSP3-7.0
2038-10-24,0.0,26.36,65.748,4.748,255.56,SSP3-7.0
2038-10-25,0.0,26.445,57.969,3.866,252.19,SSP3-7.0
2038-10-26,0.0,26.175,56.694,3.116,249.42,SSP3-7.0
2038-10-27,0.0,25.91,69.024,6.217,233.99,SSP3-7.0
2038-10-28,0.0,25.147,62.897,7.801,232.28,SSP3-7.0
2038-10-29,0.0,23.979,50.386,7.361,255.58,SSP3-7.0
2038-10-30,0.0,23.806,55.856,6.326,262.01,SSP3-7.0
2038-10-31,0.0,24.337,55.751,4.334,245.28,SSP3-7.0
2038-11-01,0.0,25.244,60.79,5.847,227.47,SSP3-7.0
2038-11-02,0.0,25.362,64.356,6.052,223.73,SSP3-7.0
2038-11-03,0.0,24.891,62.069,5.645,233.44,SSP3-7.0
2038-11-04,0.0,24.748,59.396,5.923,238.66,SSP3-7.0
2038-11-05,0.0,24.663,58.227,7.375,231.84,SSP3-7.0
2038-11-06,0.0,24.559,55.945,8.71,230.21,SSP3-7.0
2038-11-07,0.0,23.619,55.44,7.274,221.77,SSP3-7.0
2038-11-08,0.0,23.404,51.773,8.237,240.63,SSP3-7.0
2038-11-09,0.0,24.167,48.068,9.921,239.41,SSP3-7.0
2038-11-10,0.0,23.854,40.803,12.325,246.2,SSP3-7.0
2038-11-11,0.5253,24.375,53.492,12.431,230.23,SSP3-7.0
2038-11-12,0.0753,25.916,63.603,11.233,209.36,SSP3-7.0
2038-11-13,0.3028,24.526,71.527,8.844,210.86,SSP3-7.0
2038-11-14,0.0657,24.195,56.88,7.987,229.02,SSP3-7.0
2038-11-15,0.0314,24.133,71.043,4.796,215.42,SSP3-7.0
2038-11-16,0.0,24.764,75.632,5.327,187.65,SSP3-7.0
2038-11-17,0.0,24.511,64.564,4.223,199.32,SSP3-7.0
2038-11-18,0.0,24.137,65.685,5.244,200.76,SSP3-7.0
2038-11-19,0.0,24.044,54.563,6.608,223.64,SSP3-7.0
2038-11-20,0.0,23.162,66.203,7.306,190.94,SSP3-7.0
2038-11-21,0.0,22.289,74.763,5.255,174.92,SSP3-7.0
2038-11-22,0.0,22.215,71.853,7.86,183.47,SSP3-7.0
2038-11-23,0.0,22.674,60.763,7.777,205.94,SSP3-7.0
2038-11-24,0.0,22.843,54.73,7.406,222.49,SSP3-7.0
2038-11-25,0.0,22.425,55.705,7.587,214.0,SSP3-7.0
2038-11-26,0.0,22.504,53.897,6.45,219.0,SSP3-7.0
2038-11-27,0.0,22.31,49.285,7.243,219.83,SSP3-7.0
2038-11-28,0.0,21.737,51.627,7.03,202.37,SSP3-7.0
2038-11-29,0.0,21.843,53.647,8.443,199.76,SSP3-7.0
2038-11-30,0.0,21.501,63.171,7.81,174.7,SSP3-7.0
2038-12-01,0.0,22.594,50.936,7.949,225.11,SSP3-7.0
2038-12-02,0.0,22.262,49.844,7.162,220.55,SSP3-7.0
2038-12-03,0.0,22.435,55.132,5.774,226.18,SSP3-7.0
2038-12-04,0.0,22.731,56.186,7.411,226.79,SSP3-7.0
2038-12-05,0.0,22.966,57.08,7.827,227.15,SSP3-7.0
2038-12-06,0.0,23.106,55.017,8.431,222.28,SSP3-7.0
2038-12-07,0.0,22.978,50.458,7.74,223.49,SSP3-7.0
2038-12-08,0.0,22.604,51.214,6.093,219.84,SSP3-7.0
2038-12-09,0.0,21.585,55.618,6.476,196.24,SSP3-7.0
2038-12-10,0.0,21.307,54.508,9.169,197.56,SSP3-7.0
2038-12-11,0.0,21.475,54.855,9.379,213.06,SSP3-7.0
2038-12-12,0.0,21.778,54.141,8.854,221.7,SSP3-7.0
2038-12-13,0.0,22.491,45.723,10.534,225.21,SSP3-7.0
2038-12-14,0.0,21.403,38.378,9.763,226.73,SSP3-7.0
2038-12-15,0.0,21.287,35.065,7.876,239.75,SSP3-7.0
2038-12-16,0.0,20.994,39.155,6.407,237.27,SSP3-7.0
2038-12-17,0.0,21.43,47.656,7.311,226.25,SSP3-7.0
2038-12-18,0.0,21.772,45.074,7.512,222.42,SSP3-7.0
2038-12-19,0.0,22.189,44.337,6.334,220.88,SSP3-7.0
2038-12-20,0.0,21.793,42.742,9.386,221.88,SSP3-7.0
2038-12-21,0.0,21.195,37.414,10.522,231.64,SSP3-7.0
2038-12-22,0.0,20.838,34.498,9.275,238.98,SSP3-7.0
2038-12-23,0.0,20.64,37.369,8.02,230.43,SSP3-7.0
2038-12-24,0.0,21.331,41.258,7.905,225.51,SSP3-7.0
2038-12-25,0.0,21.535,43.08,9.389,210.79,SSP3-7.0
2038-12-26,0.0,21.524,41.092,8.974,226.95,SSP3-7.0
2038-12-27,0.0,21.588,42.614,7.523,226.97,SSP3-7.0
2038-12-28,0.0,21.704,40.644,7.98,224.32,SSP3-7.0
2038-12-29,0.0,21.888,43.181,8.425,227.41,SSP3-7.0
2038-12-30,0.0,21.676,41.594,8.279,223.02,SSP3-7.0
2038-12-31,0.0,21.212,37.209,8.422,229.53,SSP3-7.0
2039-01-01,0.0,20.847,36.873,9.115,238.86,SSP3-7.0
2039-01-02,0.0,20.69,37.458,9.425,224.31,SSP3-7.0
2039-01-03,0.0,20.674,36.715,9.56,235.75,SSP3-7.0
2039-01-04,0.0,20.682,38.568,7.763,238.33,SSP3-7.0
2039-01-05,0.0,21.854,45.229,5.855,229.11,SSP3-7.0
2039-01-06,0.0,22.702,48.153,6.099,227.92,SSP3-7.0
2039-01-07,0.0,23.427,49.585,8.041,228.52,SSP3-7.0
2039-01-08,0.0,22.863,47.367,8.388,232.79,SSP3-7.0
2039-01-09,0.0,22.533,47.666,7.851,223.26,SSP3-7.0
2039-01-10,0.0,22.326,47.203,6.964,232.85,SSP3-7.0
2039-01-11,0.0,22.309,46.886,7.617,228.65,SSP3-7.0
2039-01-12,0.0,22.802,48.811,5.365,222.39,SSP3-7.0
2039-01-13,0.0,23.0,43.866,6.576,235.67,SSP3-7.0
2039-01-14,0.0,23.224,43.496,5.572,239.71,SSP3-7.0
2039-01-15,0.0,23.606,44.826,7.98,237.6,SSP3-7.0
2039-01-16,0.0,24.144,46.187,5.679,235.03,SSP3-7.0
2039-01-17,0.0,23.939,47.746,7.376,229.87,SSP3-7.0
2039-01-18,0.0,22.497,44.538,9.48,212.68,SSP3-7.0
2039-01-19,0.0,21.99,37.438,6.75,250.2,SSP3-7.0
2039-01-20,0.0,22.309,44.57,8.012,244.94,SSP3-7.0
2039-01-21,0.0,23.25,45.974,7.672,226.41,SSP3-7.0
2039-01-22,0.0,23.661,45.509,7.371,241.59,SSP3-7.0
2039-01-23,0.0,23.832,43.18,6.489,235.26,SSP3-7.0
2039-01-24,0.0,24.109,44.054,6.534,240.94,SSP3-7.0
2039-01-25,0.0,24.262,45.454,7.5,231.86,SSP3-7.0
2039-01-26,0.0,24.063,42.02,7.853,234.74,SSP3-7.0
2039-01-27,0.0,23.802,41.861,6.263,241.87,SSP3-7.0
2039-01-28,0.0,24.065,43.924,8.443,226.61,SSP3-7.0
2039-01-29,0.0,23.604,42.618,9.115,244.98,SSP3-7.0
2039-01-30,0.0,23.353,42.019,5.51,251.32,SSP3-7.0
2039-01-31,0.0,23.952,43.12,8.394,248.69,SSP3-7.0
2039-02-01,0.0,24.153,39.883,7.91,254.86,SSP3-7.0
2039-02-02,0.0,24.086,39.646,5.972,255.51,SSP3-7.0
2039-02-03,0.0,24.043,36.933,7.904,262.89,SSP3-7.0
2039-02-04,0.0,24.101,40.44,6.79,263.45,SSP3-7.0
2039-02-05,0.0,24.72,40.324,8.984,264.11,SSP3-7.0
2039-02-06,0.0,24.586,40.126,9.211,269.82,SSP3-7.0
2039-02-07,0.0,24.883,40.242,6.556,270.45,SSP3-7.0
2039-02-08,0.0,25.349,39.781,9.021,267.43,SSP3-7.0
2039-02-09,0.0,26.152,39.561,9.106,264.0,SSP3-7.0
2039-02-10,0.0,25.468,44.18,4.776,219.69,SSP3-7.0
2039-02-11,0.0,25.911,38.254,8.438,258.97,SSP3-7.0
2039-02-12,0.0,26.19,41.245,11.88,255.57,SSP3-7.0
2039-02-13,0.0,26.374,40.363,13.646,255.11,SSP3-7.0
2039-02-14,0.0,26.28,34.385,11.475,280.07,SSP3-7.0
2039-02-15,0.0,26.087,35.916,9.427,263.1,SSP3-7.0
2039-02-16,0.0,27.882,35.306,11.904,234.51,SSP3-7.0
2039-02-17,0.0,28.057,37.565,8.12,236.59,SSP3-7.0
2039-02-18,0.0,26.386,38.913,6.884,231.44,SSP3-7.0
2039-02-19,0.0,26.35,40.686,8.407,265.97,SSP3-7.0
2039-02-20,0.0,27.105,43.44,9.728,250.88,SSP3-7.0
2039-02-21,0.0,27.247,35.644,8.811,269.15,SSP3-7.0
2039-02-22,0.0,27.115,35.823,6.482,277.94,SSP3-7.0
2039-02-23,0.0,27.542,34.857,9.488,268.68,SSP3-7.0
2039-02-24,0.0,28.101,32.824,6.436,283.06,SSP3-7.0
2039-02-25,0.0,28.337,34.89,8.119,275.35,SSP3-7.0
2039-02-26,0.0,28.493,37.063,8.716,242.12,SSP3-7.0
2039-02-27,0.0,28.895,38.752,8.566,247.75,SSP3-7.0
2039-02-28,0.0,28.697,41.408,10.579,251.64,SSP3-7.0
2039-03-01,0.0227,28.527,42.814,10.746,240.76,SSP3-7.0
2039-03-02,0.0151,26.962,49.535,11.786,234.55,SSP3-7.0
2039-03-03,0.1886,27.298,49.228,9.492,251.46,SSP3-7.0
2039-03-04,0.0827,27.118,52.178,9.315,219.88,SSP3-7.0
2039-03-05,0.0,27.844,43.155,8.233,271.85,SSP3-7.0
2039-03-06,0.0,27.766,35.492,6.067,273.53,SSP3-7.0
2039-03-07,0.0346,28.284,34.268,7.838,261.83,SSP3-7.0
2039-03-08,0.0,27.982,37.229,7.663,227.95,SSP3-7.0
2039-03-09,0.0,27.272,33.852,6.102,231.62,SSP3-7.0
2039-03-10,0.0,27.184,28.364,6.433,302.85,SSP3-7.0
2039-03-11,0.0,27.513,28.165,6.484,296.0,SSP3-7.0
2039-03-12,0.0,27.499,24.941,7.224,307.06,SSP3-7.0
2039-03-13,0.0,27.775,24.02,8.326,303.69,SSP3-7.0
2039-03-14,0.0,28.631,24.818,7.959,273.88,SSP3-7.0
2039-03-15,0.0,28.526,26.583,6.689,276.38,SSP3-7.0
2039-03-16,0.0,26.244,36.088,5.527,192.42,SSP3-7.0
2039-03-17,0.0,27.062,25.56,6.111,323.81,SSP3-7.0
2039-03-18,0.0,27.912,27.787,8.781,309.69,SSP3-7.0
2039-03-19,0.0,29.289,25.5,10.408,310.4,SSP3-7.0
2039-03-20,0.0,28.993,23.569,10.505,316.0,SSP3-7.0
2039-03-21,0.0,28.525,24.676,7.224,290.18,SSP3-7.0
2039-03-22,0.0,29.021,25.907,7.561,294.42,SSP3-7.0
2039-03-23,0.0,29.499,27.161,6.439,307.48,SSP3-7.0
2039-03-24,0.0,29.812,27.183,8.017,300.87,SSP3-7.0
2039-03-25,0.0002,29.104,33.357,9.83,217.09,SSP3-7.0
2039-03-26,0.0,30.155,32.256,8.62,287.81,SSP3-7.0
2039-03-27,0.0,30.081,28.938,7.714,299.99,SSP3-7.0
2039-03-28,0.0,30.94,28.051,9.62,277.72,SSP3-7.0
2039-03-29,0.0,30.633,26.441,11.746,311.75,SSP3-7.0
2039-03-30,0.0,30.479,27.235,11.595,308.26,SSP3-7.0
2039-03-31,0.0,31.0,27.606,11.607,299.37,SSP3-7.0
2039-04-01,0.0,30.595,27.581,11.202,304.97,SSP3-7.0
2039-04-02,0.0,30.777,27.513,11.544,285.12,SSP3-7.0
2039-04-03,0.4134,30.847,27.282,10.489,285.98,SSP3-7.0
2039-04-04,0.0703,28.571,40.18,5.522,208.87,SSP3-7.0
2039-04-05,0.11,30.328,33.132,8.484,288.77,SSP3-7.0
2039-04-06,0.0,30.154,27.285,6.573,318.47,SSP3-7.0
2039-04-07,0.0,29.956,24.817,7.517,332.82,SSP3-7.0
2039-04-08,0.0,30.089,24.289,8.782,327.56,SSP3-7.0
2039-04-09,0.0,30.785,22.741,8.172,330.23,SSP3-7.0
2039-04-10,0.0241,31.33,27.143,7.926,295.35,SSP3-7.0
2039-04-11,2.1842,29.809,39.001,10.72,267.02,SSP3-7.0
2039-04-12,0.0,31.162,28.748,9.554,304.49,SSP3-7.0
2039-04-13,0.0,31.557,24.555,9.833,318.7,SSP3-7.0
2039-04-14,0.0,31.715,22.258,8.458,332.76,SSP3-7.0
2039-04-15,0.0,31.428,22.784,5.934,318.81,SSP3-7.0
2039-04-16,0.2154,31.149,28.694,7.321,289.67,SSP3-7.0
2039-04-17,0.0,31.546,27.905,7.205,309.87,SSP3-7.0
2039-04-18,0.1114,31.813,28.97,11.054,305.27,SSP3-7.0
2039-04-19,0.0155,30.944,29.863,10.752,261.87,SSP3-7.0
2039-04-20,0.008,31.337,26.409,10.0,324.11,SSP3-7.0
2039-04-21,0.0,31.218,23.69,8.024,322.17,SSP3-7.0
2039-04-22,0.0485,31.523,23.37,4.222,320.21,SSP3-7.0
2039-04-23,0.0735,27.633,34.376,5.951,190.94,SSP3-7.0
2039-04-24,0.0,30.623,22.73,5.722,340.18,SSP3-7.0
2039-04-25,0.0,30.953,21.128,4.983,344.5,SSP3-7.0
2039-04-26,0.0,31.484,24.645,8.738,328.46,SSP3-7.0
2039-04-27,0.0,31.947,26.304,11.14,323.65,SSP3-7.0
2039-04-28,0.0,31.835,23.146,8.012,326.37,SSP3-7.0
2039-04-29,0.0,32.251,22.613,8.972,309.51,SSP3-7.0
2039-04-30,0.0,32.525,22.83,8.593,293.03,SSP3-7.0
2039-05-01,0.0,32.87,25.881,11.157,308.81,SSP3-7.0
2039-05-02,0.0,32.795,25.564,11.349,313.63,SSP3-7.0
2039-05-03,0.0,32.985,24.808,9.659,316.13,SSP3-7.0
2039-05-04,0.0894,32.682,24.086,8.36,304.76,SSP3-7.0
2039-05-05,0.0,32.445,24.886,11.139,332.63,SSP3-7.0
2039-05-06,0.0,32.914,25.499,9.602,270.22,SSP3-7.0
2039-05-07,0.0752,32.943,25.011,8.473,322.41,SSP3-7.0
2039-05-08,0.0,33.016,25.838,10.346,316.65,SSP3-7.0
2039-05-09,0.0,32.939,25.895,12.381,325.34,SSP3-7.0
2039-05-10,0.0123,32.938,25.663,12.855,337.02,SSP3-7.0
2039-05-11,0.0,32.64,25.621,14.099,347.22,SSP3-7.0
2039-05-12,0.0,32.417,24.248,12.321,345.98,SSP3-7.0
2039-05-13,0.0,32.708,26.932,12.317,265.15,SSP3-7.0
2039-05-14,0.0,31.868,33.248,13.915,263.99,SSP3-7.0
2039-05-15,0.2049,31.441,37.316,15.386,238.64,SSP3-7.0
2039-05-16,6.4136,30.462,44.595,12.623,234.6,SSP3-7.0
2039-05-17,68.8931,25.053,74.677,17.979,190.66,SSP3-7.0
2039-05-18,62.9845,23.049,82.253,12.035,159.21,SSP3-7.0
2039-05-19,52.2698,28.471,65.727,10.007,164.31,SSP3-7.0
2039-05-20,15.2611,26.235,77.895,8.466,177.32,SSP3-7.0
2039-05-21,0.007,30.463,53.276,11.806,259.27,SSP3-7.0
2039-05-22,0.0,31.045,48.634,9.36,281.89,SSP3-7.0
2039-05-23,0.0,31.449,45.089,10.881,321.22,SSP3-7.0
2039-05-24,0.0,31.194,45.424,14.293,302.53,SSP3-7.0
2039-05-25,0.0,31.542,41.222,15.522,313.74,SSP3-7.0
2039-05-26,0.0,31.682,39.883,16.229,313.44,SSP3-7.0
2039-05-27,0.0,31.808,39.77,15.912,314.07,SSP3-7.0
2039-05-28,0.0,31.981,41.469,15.15,331.71,SSP3-7.0
2039-05-29,0.0,31.959,40.979,15.078,341.41,SSP3-7.0
2039-05-30,0.0562,30.381,56.098,15.78,284.28,SSP3-7.0
2039-05-31,0.0,31.835,42.584,13.246,348.02,SSP3-7.0
2039-06-01,0.0,30.955,48.534,12.662,300.65,SSP3-7.0
2039-06-02,0.0,30.747,50.169,11.091,286.26,SSP3-7.0
2039-06-03,0.0,31.39,43.875,12.122,320.12,SSP3-7.0
2039-06-04,0.0,32.04,42.805,11.319,327.33,SSP3-7.0
2039-06-05,0.0,31.805,43.841,10.027,348.4,SSP3-7.0
2039-06-06,0.0175,32.413,44.501,7.962,325.81,SSP3-7.0
2039-06-07,0.025,31.699,50.643,8.861,304.12,SSP3-7.0
2039-06-08,1.3098,31.954,58.982,7.985,296.89,SSP3-7.0
2039-06-09,0.6504,31.646,56.433,8.715,299.32,SSP3-7.0
2039-06-10,0.117,32.093,58.208,7.77,303.39,SSP3-7.0
2039-06-11,0.0483,31.053,60.586,12.663,298.9,SSP3-7.0
2039-06-12,0.0053,29.54,61.123,13.995,250.85,SSP3-7.0
2039-06-13,0.0,28.864,61.186,14.111,252.87,SSP3-7.0
2039-06-14,0.0,29.41,59.456,15.582,275.25,SSP3-7.0
2039-06-15,0.0,30.712,56.805,12.917,270.6,SSP3-7.0
2039-06-16,0.0,30.4,59.983,9.315,242.76,SSP3-7.0
2039-06-17,24.4963,26.953,87.121,8.347,178.24,SSP3-7.0
2039-06-18,5.7751,27.013,85.735,9.309,190.05,SSP3-7.0
2039-06-19,1.7948,27.984,80.001,12.288,236.62,SSP3-7.0
2039-06-20,6.0205,27.865,81.327,12.525,244.51,SSP3-7.0
2039-06-21,20.2042,27.234,89.165,12.693,193.47,SSP3-7.0
2039-06-22,13.8116,27.063,87.622,9.957,224.28,SSP3-7.0
2039-06-23,11.5285,26.817,89.78,11.982,183.95,SSP3-7.0
2039-06-24,0.5652,27.198,80.824,17.901,222.57,SSP3-7.0
2039-06-25,10.6021,27.182,81.595,15.955,225.07,SSP3-7.0
2039-06-26,0.4879,27.172,79.978,14.979,229.99,SSP3-7.0
2039-06-27,9.601,26.43,86.59,15.453,201.05,SSP3-7.0
2039-06-28,19.231,25.369,90.255,13.644,170.87,SSP3-7.0
2039-06-29,4.2438,26.701,86.176,15.031,214.19,SSP3-7.0
2039-06-30,2.2743,26.765,84.97,16.854,217.1,SSP3-7.0
2039-07-01,17.01,25.986,84.549,17.173,218.26,SSP3-7.0
2039-07-02,28.5753,25.624,90.266,15.967,196.73,SSP3-7.0
2039-07-03,16.2022,25.872,86.084,17.24,210.06,SSP3-7.0
2039-07-04,13.785,25.595,89.404,12.649,178.48,SSP3-7.0
2039-07-05,29.6456,25.451,91.152,13.526,195.65,SSP3-7.0
2039-07-06,17.9938,25.21,92.185,13.417,186.46,SSP3-7.0
2039-07-07,6.3,25.391,93.186,9.319,191.85,SSP3-7.0
2039-07-08,0.0,26.707,82.984,10.121,291.08,SSP3-7.0
2039-07-09,0.1292,27.111,81.321,9.805,273.06,SSP3-7.0
2039-07-10,0.0,26.815,82.309,9.3,242.29,SSP3-7.0
2039-07-11,0.0,27.056,82.356,8.73,252.49,SSP3-7.0
2039-07-12,0.0,26.125,89.425,5.738,226.77,SSP3-7.0
2039-07-13,0.0,27.27,82.439,8.715,267.76,SSP3-7.0
2039-07-14,0.0,27.915,80.908,8.975,260.84,SSP3-7.0
2039-07-15,0.0,28.508,78.521,10.298,274.45,SSP3-7.0
2039-07-16,0.0,28.677,75.591,11.198,281.8,SSP3-7.0
2039-07-17,0.0,28.245,78.548,10.891,242.18,SSP3-7.0
2039-07-18,6.6425,28.467,78.709,9.596,258.52,SSP3-7.0
2039-07-19,21.7231,25.646,92.964,9.66,178.19,SSP3-7.0
2039-07-20,21.6515,25.579,94.103,6.334,173.22,SSP3-7.0
2039-07-21,0.0182,25.958,90.08,9.291,216.26,SSP3-7.0
2039-07-22,0.0,27.329,81.984,12.291,270.97,SSP3-7.0
2039-07-23,1.1552,27.809,82.879,11.288,268.4,SSP3-7.0
2039-07-24,4.2533,27.872,83.672,12.027,264.3,SSP3-7.0
2039-07-25,10.2747,26.534,87.935,12.731,230.89,SSP3-7.0
2039-07-26,0.1002,26.421,86.917,15.541,234.83,SSP3-7.0
2039-07-27,9.1719,26.067,88.771,14.799,209.89,SSP3-7.0
2039-07-28,0.0,25.893,87.79,14.034,204.89,SSP3-7.0
2039-07-29,3.3763,26.46,84.158,16.118,227.52,SSP3-7.0
2039-07-30,20.2021,25.789,87.584,18.082,213.89,SSP3-7.0
2039-07-31,24.0322,25.091,92.354,15.314,165.64,SSP3-7.0
2039-08-01,0.0,25.829,91.699,11.156,208.3,SSP3-7.0
2039-08-02,17.0141,26.387,91.068,9.327,219.79,SSP3-7.0
2039-08-03,18.3169,26.391,91.61,8.895,218.05,SSP3-7.0
2039-08-04,0.6671,26.753,87.896,11.726,230.24,SSP3-7.0
2039-08-05,19.8943,26.543,88.833,14.187,238.33,SSP3-7.0
2039-08-06,17.123,25.832,91.543,13.794,188.93,SSP3-7.0
2039-08-07,1.2318,25.789,90.772,14.524,198.12,SSP3-7.0
2039-08-08,0.0,25.817,90.539,12.498,196.98,SSP3-7.0
2039-08-09,0.5449,26.264,88.956,11.23,221.33,SSP3-7.0
2039-08-10,0.0,26.452,86.841,10.587,220.02,SSP3-7.0
2039-08-11,0.0,27.023,85.576,7.292,252.24,SSP3-7.0
2039-08-12,0.0149,27.229,87.373,4.472,240.64,SSP3-7.0
2039-08-13,0.0118,27.409,86.088,4.85,256.87,SSP3-7.0
2039-08-14,0.0,27.699,85.129,4.978,267.14,SSP3-7.0
2039-08-15,0.0,27.295,87.012,5.045,230.23,SSP3-7.0
2039-08-16,0.0,27.642,84.725,6.048,255.74,SSP3-7.0
2039-08-17,0.3679,27.95,82.213,6.464,259.31,SSP3-7.0
2039-08-18,5.1541,26.597,88.865,6.232,233.51,SSP3-7.0
2039-08-19,0.0,27.435,83.099,5.788,265.26,SSP3-7.0
2039-08-20,0.2704,27.201,88.028,5.751,232.21,SSP3-7.0
2039-08-21,22.6338,26.345,92.77,3.768,221.59,SSP3-7.0
2039-08-22,3.0034,26.837,88.399,4.396,246.14,SSP3-7.0
2039-08-23,0.0,27.082,87.966,4.823,240.94,SSP3-7.0
2039-08-24,9.2164,26.943,88.21,4.745,248.15,SSP3-7.0
2039-08-25,14.0754,26.851,90.134,5.822,232.66,SSP3-7.0
2039-08-26,16.6194,26.287,92.129,4.578,227.27,SSP3-7.0
2039-08-27,2.2562,26.825,88.41,5.566,252.75,SSP3-7.0
2039-08-28,20.1806,26.492,92.518,4.92,229.36,SSP3-7.0
2039-08-29,29.7948,26.237,94.26,4.752,218.3,SSP3-7.0
2039-08-30,23.0008,26.098,93.356,9.542,216.38,SSP3-7.0
2039-08-31,10.0526,26.092,92.43,10.445,218.19,SSP3-7.0
2039-09-01,6.6964,26.194,90.061,7.73,236.36,SSP3-7.0
2039-09-02,0.0,26.543,85.702,7.211,255.85,SSP3-7.0
2039-09-03,0.1159,26.281,87.564,6.527,233.02,SSP3-7.0
2039-09-04,2.4297,26.256,87.363,7.003,237.65,SSP3-7.0
2039-09-05,8.0401,26.164,88.407,9.598,237.55,SSP3-7.0
2039-09-06,11.4878,26.093,88.436,8.69,232.09,SSP3-7.0
2039-09-07,6.8901,26.11,89.402,5.675,235.92,SSP3-7.0
2039-09-08,0.0173,26.393,87.248,2.379,246.75,SSP3-7.0
2039-09-09,0.0497,26.956,83.988,3.71,258.15,SSP3-7.0
2039-09-10,0.0886,26.834,88.124,4.078,236.06,SSP3-7.0
2039-09-11,24.7049,26.099,91.751,3.466,223.64,SSP3-7.0
2039-09-12,1.9911,26.263,89.776,3.416,239.64,SSP3-7.0
2039-09-13,0.0,26.862,85.183,3.201,245.91,SSP3-7.0
2039-09-14,0.1357,27.04,86.008,3.463,254.47,SSP3-7.0
2039-09-15,2.6725,27.418,83.626,6.091,247.07,SSP3-7.0
2039-09-16,2.5916,27.053,83.607,6.342,247.68,SSP3-7.0
2039-09-17,3.1289,26.719,87.054,4.543,236.56,SSP3-7.0
2039-09-18,1.0795,27.02,83.195,6.973,249.8,SSP3-7.0
2039-09-19,1.343,26.943,84.668,6.622,240.8,SSP3-7.0
2039-09-20,1.6356,26.805,87.251,4.091,230.12,SSP3-7.0
2039-09-21,2.8475,26.459,89.292,3.446,222.12,SSP3-7.0
2039-09-22,29.351,25.695,92.493,2.319,209.35,SSP3-7.0
2039-09-23,22.3821,25.585,93.076,1.984,213.95,SSP3-7.0
2039-09-24,7.0615,25.702,91.867,2.342,221.34,SSP3-7.0
2039-09-25,0.3259,26.356,87.958,4.577,244.3,SSP3-7.0
2039-09-26,24.5549,26.042,89.812,5.996,211.55,SSP3-7.0
2039-09-27,33.447,25.58,92.742,8.893,195.85,SSP3-7.0
2039-09-28,4.1031,25.81,90.694,7.208,225.67,SSP3-7.0
2039-09-29,0.5948,25.81,89.955,5.512,227.6,SSP3-7.0
2039-09-30,2.2055,26.282,88.05,3.378,237.69,SSP3-7.0
2039-10-01,3.7968,25.344,88.402,6.189,225.09,SSP3-7.0
2039-10-02,0.0,27.046,82.161,5.491,251.27,SSP3-7.0
2039-10-03,6.8672,25.64,85.492,5.654,232.41,SSP3-7.0
2039-10-04,17.0039,24.542,92.11,6.691,189.0,SSP3-7.0
2039-10-05,6.6621,25.178,85.191,8.488,222.25,SSP3-7.0
2039-10-06,42.0793,24.352,94.341,13.108,148.42,SSP3-7.0
2039-10-07,21.8174,24.307,95.207,9.428,180.57,SSP3-7.0
2039-10-08,25.3234,24.261,93.737,9.336,186.67,SSP3-7.0
2039-10-09,34.8729,24.342,92.017,11.436,202.13,SSP3-7.0
2039-10-10,7.5054,24.254,91.208,6.226,203.34,SSP3-7.0
2039-10-11,0.449,24.671,88.501,7.023,230.94,SSP3-7.0
2039-10-12,1.3636,24.581,88.174,6.82,220.69,SSP3-7.0
2039-10-13,4.1466,24.097,90.013,6.616,193.14,SSP3-7.0
2039-10-14,0.4557,24.45,86.998,9.102,216.37,SSP3-7.0
2039-10-15,0.8107,24.638,86.451,8.511,219.43,SSP3-7.0
2039-10-16,0.0,23.846,89.95,7.454,182.51,SSP3-7.0
2039-10-17,0.3175,24.119,87.592,8.495,208.78,SSP3-7.0
2039-10-18,25.075,23.913,89.586,8.552,202.13,SSP3-7.0
2039-10-19,5.0905,24.123,90.227,7.05,189.53,SSP3-7.0
2039-10-20,1.4567,25.128,87.019,7.084,214.07,SSP3-7.0
2039-10-21,0.2641,23.961,86.927,7.005,194.08,SSP3-7.0
2039-10-22,0.1889,24.93,81.807,8.801,229.92,SSP3-7.0
2039-10-23,0.0,24.861,76.82,10.998,238.51,SSP3-7.0
2039-10-24,0.0,24.366,68.59,10.583,241.93,SSP3-7.0
2039-10-25,0.0,24.239,71.315,9.913,223.77,SSP3-7.0
2039-10-26,0.0,23.563,84.97,9.228,200.32,SSP3-7.0
2039-10-27,0.0,23.991,82.795,7.667,213.23,SSP3-7.0
2039-10-28,0.0,23.015,82.818,6.364,194.98,SSP3-7.0
2039-10-29,0.0,22.507,66.512,6.301,236.97,SSP3-7.0
2039-10-30,0.0,22.152,61.667,3.189,262.12,SSP3-7.0
2039-10-31,0.0,22.136,65.486,5.82,226.87,SSP3-7.0
2039-11-01,0.0,22.942,66.997,4.123,237.78,SSP3-7.0
2039-11-02,0.0,23.69,80.636,5.536,235.74,SSP3-7.0
2039-11-03,0.0,24.316,81.868,6.103,226.0,SSP3-7.0
2039-11-04,0.0004,24.32,82.492,6.171,218.04,SSP3-7.0
2039-11-05,0.0,24.688,84.943,5.073,195.69,SSP3-7.0
2039-11-06,0.2451,24.448,84.459,7.078,203.01,SSP3-7.0
2039-11-07,0.0,24.034,80.897,6.392,209.95,SSP3-7.0
2039-11-08,0.0,23.457,67.756,6.518,220.94,SSP3-7.0
2039-11-09,0.0,22.706,61.663,8.503,224.73,SSP3-7.0
2039-11-10,0.0,22.498,58.054,11.639,237.89,SSP3-7.0
2039-11-11,0.0003,23.216,76.83,11.766,210.75,SSP3-7.0
2039-11-12,0.0,24.044,72.822,12.285,226.15,SSP3-7.0
2039-11-13,0.0,24.339,68.078,13.511,241.49,SSP3-7.0
2039-11-14,0.0,24.426,74.893,12.676,231.54,SSP3-7.0
2039-11-15,0.0,23.093,67.495,9.409,245.62,SSP3-7.0
2039-11-16,0.0,22.644,60.777,6.386,246.57,SSP3-7.0
2039-11-17,0.0,22.437,56.72,6.073,242.77,SSP3-7.0
2039-11-18,0.0,22.6,58.761,5.365,240.37,SSP3-7.0
2039-11-19,0.0,22.384,57.069,5.663,240.54,SSP3-7.0
2039-11-20,0.0,22.347,60.476,6.455,239.17,SSP3-7.0
2039-11-21,0.0,22.603,59.098,8.44,237.15,SSP3-7.0
2039-11-22,0.0,22.314,56.542,10.857,238.87,SSP3-7.0
2039-11-23,0.0,22.123,52.222,11.514,246.71,SSP3-7.0
2039-11-24,0.0,22.123,55.357,11.314,240.85,SSP3-7.0
2039-11-25,0.0,23.093,59.897,11.38,239.6,SSP3-7.0
2039-11-26,0.0,23.95,58.396,11.092,223.51,SSP3-7.0
2039-11-27,0.0,23.641,61.664,9.834,234.47,SSP3-7.0
2039-11-28,0.0,23.145,57.791,8.854,232.81,SSP3-7.0
2039-11-29,0.0,21.421,64.47,8.022,202.85,SSP3-7.0
2039-11-30,0.0,21.84,54.852,11.065,238.15,SSP3-7.0
2039-12-01,0.0,21.231,58.592,10.136,224.49,SSP3-7.0
2039-12-02,0.0,21.97,64.438,8.033,204.57,SSP3-7.0
2039-12-03,0.0,21.548,67.494,6.717,187.14,SSP3-7.0
2039-12-04,0.0,22.078,56.948,7.804,225.98,SSP3-7.0
2039-12-05,0.0,21.345,54.267,8.189,235.38,SSP3-7.0
2039-12-06,0.0,20.71,53.535,4.857,227.0,SSP3-7.0
2039-12-07,0.0,21.0,51.701,5.377,238.71,SSP3-7.0
2039-12-08,0.0,21.131,51.986,7.436,231.77,SSP3-7.0
2039-12-09,0.0,21.406,45.099,9.358,241.0,SSP3-7.0
2039-12-10,0.0,21.244,45.428,7.494,240.92,SSP3-7.0
2039-12-11,0.0,21.641,45.437,7.993,240.11,SSP3-7.0
2039-12-12,0.0,21.568,43.307,8.28,241.33,SSP3-7.0
2039-12-13,0.0,21.23,43.913,8.237,241.81,SSP3-7.0
2039-12-14,0.0,21.155,45.772,7.623,237.05,SSP3-7.0
2039-12-15,0.0,20.877,49.412,6.395,235.55,SSP3-7.0
2039-12-16,0.0,21.168,52.393,5.688,228.36,SSP3-7.0
2039-12-17,0.0,21.402,55.701,5.082,225.68,SSP3-7.0
2039-12-18,0.0,21.567,55.855,4.87,217.86,SSP3-7.0
2039-12-19,0.0,21.675,55.758,4.954,220.26,SSP3-7.0
2039-12-20,0.0,22.084,52.083,6.931,222.03,SSP3-7.0
2039-12-21,0.0,21.572,48.492,9.325,228.6,SSP3-7.0
2039-12-22,0.0,21.036,49.877,8.557,230.9,SSP3-7.0
2039-12-23,0.0,20.691,48.797,7.054,232.49,SSP3-7.0
2039-12-24,0.0,20.724,49.963,4.783,230.5,SSP3-7.0
2039-12-25,0.0,20.386,55.698,5.715,206.79,SSP3-7.0
2039-12-26,0.0,20.245,58.232,7.827,189.44,SSP3-7.0
2039-12-27,0.0,20.131,60.602,9.239,186.43,SSP3-7.0
2039-12-28,0.0,20.578,49.508,10.134,220.97,SSP3-7.0
2039-12-29,0.0,20.522,41.992,10.648,224.44,SSP3-7.0
2039-12-30,0.0,20.59,38.557,10.205,231.91,SSP3-7.0
2039-12-31,0.0,20.144,40.797,10.046,236.33,SSP3-7.0
2040-01-01,0.0,20.379,41.635,9.229,235.61,SSP3-7.0
2040-01-02,0.0,20.458,42.711,7.539,238.03,SSP3-7.0
2040-01-03,0.0,20.522,41.398,6.897,239.3,SSP3-7.0
2040-01-04,0.0,20.279,42.181,7.008,244.62,SSP3-7.0
2040-01-05,0.0,20.806,48.234,7.984,239.97,SSP3-7.0
2040-01-06,0.0,21.555,51.008,7.936,242.51,SSP3-7.0
2040-01-07,0.0,21.778,49.976,8.727,242.71,SSP3-7.0
2040-01-08,0.0,22.163,45.278,12.24,225.57,SSP3-7.0
2040-01-09,0.0,21.236,40.846,12.143,234.18,SSP3-7.0
2040-01-10,0.0,21.014,44.768,10.419,243.73,SSP3-7.0
2040-01-11,0.0,20.878,42.883,9.609,250.44,SSP3-7.0
2040-01-12,0.0,20.83,43.595,9.178,252.88,SSP3-7.0
2040-01-13,0.0,21.021,46.312,10.295,253.91,SSP3-7.0
2040-01-14,0.0,21.495,48.386,8.719,253.81,SSP3-7.0
2040-01-15,0.0,21.74,46.965,9.991,256.53,SSP3-7.0
2040-01-16,0.0,22.018,49.648,8.568,255.09,SSP3-7.0
2040-01-17,0.0,22.57,51.511,10.096,249.66,SSP3-7.0
2040-01-18,0.0,22.806,52.422,11.188,237.77,SSP3-7.0
2040-01-19,0.0,23.373,49.95,12.465,252.57,SSP3-7.0
2040-01-20,0.0,23.416,47.871,10.217,256.06,SSP3-7.0
2040-01-21,0.0,23.302,46.627,10.661,258.57,SSP3-7.0
2040-01-22,0.0,23.185,48.336,8.71,254.67,SSP3-7.0
2040-01-23,0.0,22.948,45.241,7.219,261.43,SSP3-7.0
2040-01-24,0.0,22.759,44.655,6.749,261.37,SSP3-7.0
2040-01-25,0.0,23.067,46.805,7.124,254.39,SSP3-7.0
2040-01-26,0.0,23.624,45.13,7.535,250.44,SSP3-7.0
2040-01-27,0.0,24.146,45.695,10.114,248.16,SSP3-7.0
2040-01-28,0.0,24.07,42.929,11.536,252.61,SSP3-7.0
2040-01-29,0.0,23.517,47.062,6.871,233.66,SSP3-7.0
2040-01-30,0.0,23.712,47.526,6.166,255.06,SSP3-7.0
2040-01-31,0.0,23.859,46.255,8.987,255.65,SSP3-7.0
2040-02-01,0.0,23.924,46.062,8.021,257.72,SSP3-7.0
2040-02-02,0.0,24.225,45.985,9.509,242.33,SSP3-7.0
2040-02-03,0.0,24.095,35.954,10.555,271.54,SSP3-7.0
2040-02-04,0.0,23.712,45.174,6.837,261.6,SSP3-7.0
2040-02-05,0.0,24.558,51.204,10.935,227.97,SSP3-7.0
2040-02-06,0.0,25.288,45.928,11.47,229.2,SSP3-7.0
2040-02-07,0.0,25.19,45.681,9.283,247.67,SSP3-7.0
2040-02-08,0.0,25.49,50.882,8.706,256.32,SSP3-7.0
2040-02-09,0.0,26.295,49.052,7.869,255.53,SSP3-7.0
2040-02-10,0.0,26.493,49.472,7.813,240.69,SSP3-7.0
2040-02-11,0.0,26.576,45.492,8.839,248.15,SSP3-7.0
2040-02-12,0.0,25.191,36.028,11.069,268.84,SSP3-7.0
2040-02-13,0.0,24.112,34.091,10.804,266.99,SSP3-7.0
2040-02-14,0.0,24.058,35.803,7.399,279.22,SSP3-7.0
2040-02-15,0.0,24.784,43.562,4.934,275.65,SSP3-7.0
2040-02-16,0.0,25.521,44.328,7.601,264.8,SSP3-7.0
2040-02-17,0.0,25.406,41.379,6.224,270.06,SSP3-7.0
2040-02-18,0.0,25.535,43.835,7.007,269.72,SSP3-7.0
2040-02-19,0.0,25.585,40.238,6.294,271.95,SSP3-7.0
2040-02-20,0.0,25.372,37.56,4.585,278.02,SSP3-7.0
2040-02-21,0.0,25.589,36.313,4.289,279.23,SSP3-7.0
2040-02-22,0.0,25.97,35.676,7.006,278.98,SSP3-7.0
2040-02-23,0.0,26.277,37.305,4.497,269.46,SSP3-7.0
2040-02-24,0.0,26.473,34.574,4.406,275.24,SSP3-7.0
2040-02-25,0.0,26.309,33.109,8.538,284.08,SSP3-7.0
2040-02-26,0.0,26.41,31.792,11.729,290.92,SSP3-7.0
2040-02-27,0.0,27.198,30.558,13.361,283.92,SSP3-7.0
2040-02-28,0.0,26.473,28.917,13.057,298.96,SSP3-7.0
2040-02-29,0.0,26.11,29.0,13.016,313.86,SSP3-7.0
2040-03-01,0.0,25.752,29.452,11.943,315.89,SSP3-7.0
2040-03-02,0.0,26.093,30.352,6.433,313.6,SSP3-7.0
2040-03-03,0.0,26.484,30.569,4.251,306.92,SSP3-7.0
2040-03-04,0.0,26.808,30.836,6.632,305.34,SSP3-7.0
2040-03-05,0.0,27.117,32.3,5.636,298.09,SSP3-7.0
2040-03-06,0.0,27.491,33.686,7.601,276.57,SSP3-7.0
2040-03-07,0.0,27.506,33.228,6.734,279.34,SSP3-7.0
2040-03-08,0.0,28.136,35.532,8.248,298.62,SSP3-7.0
2040-03-09,0.0,28.57,37.799,7.612,290.96,SSP3-7.0
2040-03-10,0.0,28.655,36.435,7.877,302.54,SSP3-7.0
2040-03-11,0.0,28.482,36.172,10.389,300.26,SSP3-7.0
2040-03-12,0.0,29.296,37.559,10.297,302.56,SSP3-7.0
2040-03-13,0.0,29.249,34.763,6.645,306.86,SSP3-7.0
2040-03-14,0.0,28.726,32.842,6.223,299.61,SSP3-7.0
2040-03-15,0.0,29.624,31.674,6.531,278.97,SSP3-7.0
2040-03-16,0.0,29.275,36.219,5.375,234.17,SSP3-7.0
2040-03-17,0.0,28.172,39.426,5.385,235.2,SSP3-7.0
2040-03-18,0.0,29.356,31.837,5.913,292.0,SSP3-7.0
2040-03-19,0.0,29.145,32.927,4.306,259.49,SSP3-7.0
2040-03-20,0.0,29.477,34.328,7.64,293.07,SSP3-7.0
2040-03-21,0.0,29.728,32.329,8.02,290.02,SSP3-7.0
2040-03-22,0.0,29.784,30.71,9.515,296.62,SSP3-7.0
2040-03-23,0.0,29.83,33.455,11.578,287.86,SSP3-7.0
2040-03-24,0.0003,29.162,36.561,9.482,258.09,SSP3-7.0
2040-03-25,0.0,28.497,36.452,6.55,259.22,SSP3-7.0
2040-03-26,0.0,29.417,33.144,9.28,276.48,SSP3-7.0
2040-03-27,0.0,29.055,35.814,7.446,242.08,SSP3-7.0
2040-03-28,0.0,29.687,35.554,6.397,270.93,SSP3-7.0
2040-03-29,0.0,30.156,31.407,6.62,288.66,SSP3-7.0
2040-03-30,0.0,30.03,28.696,6.131,310.6,SSP3-7.0
2040-03-31,0.0,29.467,27.657,5.434,316.59,SSP3-7.0
2040-04-01,0.0,29.885,30.136,6.877,308.87,SSP3-7.0
2040-04-02,0.0,30.483,31.113,8.845,299.99,SSP3-7.0
2040-04-03,0.0,30.392,33.706,8.051,290.28,SSP3-7.0
2040-04-04,0.0,30.503,31.499,6.728,295.35,SSP3-7.0
2040-04-05,0.0,30.338,32.818,8.324,259.94,SSP3-7.0
2040-04-06,0.0,28.877,42.083,7.83,244.99,SSP3-7.0
2040-04-07,0.0,30.353,33.166,4.842,298.01,SSP3-7.0
2040-04-08,0.0,30.957,29.578,4.816,296.21,SSP3-7.0
2040-04-09,0.0,30.73,29.098,5.02,315.55,SSP3-7.0
2040-04-10,0.0,31.227,31.067,5.134,307.95,SSP3-7.0
2040-04-11,0.0,30.906,31.17,7.346,300.31,SSP3-7.0
2040-04-12,0.2346,29.993,36.691,6.66,240.51,SSP3-7.0
2040-04-13,0.8387,29.522,39.357,8.922,279.55,SSP3-7.0
2040-04-14,0.0,29.774,38.777,8.815,269.74,SSP3-7.0
2040-04-15,0.0,31.0,31.4,6.538,315.01,SSP3-7.0
2040-04-16,0.0,31.337,30.036,7.027,301.32,SSP3-7.0
2040-04-17,0.0018,31.437,28.938,7.481,303.77,SSP3-7.0
2040-04-18,0.0424,29.469,33.428,10.531,224.7,SSP3-7.0
2040-04-19,0.3644,31.334,32.849,7.608,284.57,SSP3-7.0
2040-04-20,0.0552,31.118,34.28,8.221,285.21,SSP3-7.0
2040-04-21,0.1461,31.383,32.823,8.438,297.9,SSP3-7.0
2040-04-22,0.0,30.653,38.44,8.084,234.22,SSP3-7.0
2040-04-23,0.092,31.345,33.798,6.883,280.59,SSP3-7.0
2040-04-24,0.1226,30.9,39.725,5.325,259.09,SSP3-7.0
2040-04-25,0.0266,31.839,31.088,4.405,292.79,SSP3-7.0
2040-04-26,0.5136,31.91,32.234,5.277,270.2,SSP3-7.0
2040-04-27,0.4904,32.052,31.367,4.722,286.81,SSP3-7.0
2040-04-28,0.0,31.631,35.452,3.961,251.68,SSP3-7.0
2040-04-29,0.0,31.901,31.246,4.164,262.24,SSP3-7.0
2040-04-30,0.0,31.891,27.164,5.405,319.64,SSP3-7.0
2040-05-01,0.0,33.041,26.769,6.423,285.62,SSP3-7.0
2040-05-02,4.8187,32.505,34.555,8.752,252.37,SSP3-7.0
2040-05-03,0.9552,32.007,38.504,6.045,257.43,SSP3-7.0
2040-05-04,0.0039,32.545,28.686,6.872,333.3,SSP3-7.0
2040-05-05,0.0008,32.903,26.675,8.02,309.84,SSP3-7.0
2040-05-06,0.0,33.388,26.111,7.615,323.47,SSP3-7.0
2040-05-07,0.0,33.365,27.023,7.985,294.65,SSP3-7.0
2040-05-08,0.0,33.415,25.313,8.46,322.1,SSP3-7.0
2040-05-09,0.0,33.803,24.532,8.382,314.1,SSP3-7.0
2040-05-10,0.0999,31.632,36.375,6.942,194.93,SSP3-7.0
2040-05-11,1.4821,32.881,37.093,6.485,286.13,SSP3-7.0
2040-05-12,0.7887,32.121,37.105,8.361,263.09,SSP3-7.0
2040-05-13,0.0,31.881,34.357,12.43,261.3,SSP3-7.0
2040-05-14,0.0,32.917,28.308,10.267,298.86,SSP3-7.0
2040-05-15,0.0,33.548,28.218,10.001,298.64,SSP3-7.0
2040-05-16,0.0,33.758,27.227,8.488,316.9,SSP3-7.0
2040-05-17,0.0,33.807,24.836,7.186,332.61,SSP3-7.0
2040-05-18,0.0,33.939,27.857,7.305,276.44,SSP3-7.0
2040-05-19,0.0,33.947,28.288,7.127,278.62,SSP3-7.0
2040-05-20,0.0,33.986,27.282,7.222,287.29,SSP3-7.0
2040-05-21,0.0,34.234,26.472,6.981,312.72,SSP3-7.0
2040-05-22,0.0369,33.852,30.406,7.457,267.43,SSP3-7.0
2040-05-23,0.0,34.213,28.671,8.002,313.13,SSP3-7.0
2040-05-24,0.0,34.689,25.28,8.157,316.32,SSP3-7.0
2040-05-25,0.3359,34.621,27.234,13.747,302.27,SSP3-7.0
2040-05-26,0.003,34.507,29.352,14.01,315.82,SSP3-7.0
2040-05-27,0.0,32.012,34.304,12.257,228.54,SSP3-7.0
2040-05-28,0.0,32.176,36.776,13.63,255.35,SSP3-7.0
2040-05-29,0.0,33.772,30.068,14.225,290.96,SSP3-7.0
2040-05-30,0.0,34.318,27.697,14.604,317.72,SSP3-7.0
2040-05-31,0.0,34.349,27.136,14.576,306.09,SSP3-7.0
2040-06-01,0.0,34.63,27.719,12.933,274.28,SSP3-7.0
2040-06-02,0.0,33.764,31.652,15.3,283.75,SSP3-7.0
2040-06-03,0.0,34.747,30.993,16.638,278.87,SSP3-7.0
2040-06-04,0.0,34.93,26.93,16.915,319.35,SSP3-7.0
2040-06-05,0.0,35.439,27.514,16.21,309.63,SSP3-7.0
2040-06-06,0.0,35.595,26.444,16.508,316.11,SSP3-7.0
2040-06-07,0.0,35.694,27.035,17.21,306.07,SSP3-7.0
2040-06-08,0.0,35.658,27.258,16.843,302.77,SSP3-7.0
2040-06-09,0.0,35.791,29.406,16.622,302.45,SSP3-7.0
2040-06-10,0.0169,34.045,38.434,15.88,272.6,SSP3-7.0
2040-06-11,0.0,33.042,39.368,15.635,284.28,SSP3-7.0
2040-06-12,0.0,32.796,39.108,16.751,306.01,SSP3-7.0
2040-06-13,0.0,30.51,50.605,16.054,303.93,SSP3-7.0
2040-06-14,0.0,31.491,45.111,15.995,295.31,SSP3-7.0
2040-06-15,0.0026,32.539,44.014,17.077,318.09,SSP3-7.0
2040-06-16,0.0489,31.39,50.514,17.558,280.96,SSP3-7.0
2040-06-17,0.0,31.41,49.671,18.856,292.67,SSP3-7.0
2040-06-18,0.0,29.425,55.847,18.332,271.48,SSP3-7.0
2040-06-19,0.0,29.431,55.445,17.224,253.76,SSP3-7.0
2040-06-20,0.0803,30.598,50.769,17.747,283.56,SSP3-7.0
2040-06-21,0.1505,29.922,55.581,14.975,241.06,SSP3-7.0
2040-06-22,3.0982,29.111,63.163,16.243,251.45,SSP3-7.0
2040-06-23,1.0125,27.188,79.771,13.682,201.36,SSP3-7.0
2040-06-24,0.0,28.847,66.751,17.031,252.76,SSP3-7.0
2040-06-25,0.0,29.466,60.421,15.9,287.62,SSP3-7.0
2040-06-26,0.0,29.806,60.43,14.353,273.77,SSP3-7.0
2040-06-27,0.0133,30.368,57.99,10.441,297.93,SSP3-7.0
2040-06-28,14.0973,29.469,71.734,9.077,263.6,SSP3-7.0
2040-06-29,0.0,28.665,73.509,9.798,246.84,SSP3-7.0
2040-06-30,0.0177,29.371,63.697,11.905,287.2,SSP3-7.0
2040-07-01,0.0,29.374,63.206,11.821,290.9,SSP3-7.0
2040-07-02,0.0,29.085,64.813,14.075,267.48,SSP3-7.0
2040-07-03,0.3208,29.549,60.966,14.996,289.64,SSP3-7.0
2040-07-04,0.0,29.321,61.602,15.008,290.19,SSP3-7.0
2040-07-05,0.0063,29.25,62.6,14.683,286.72,SSP3-7.0
2040-07-06,0.2215,29.337,63.504,14.496,283.79,SSP3-7.0
2040-07-07,0.0,29.13,63.143,14.525,254.98,SSP3-7.0
2040-07-08,0.0387,26.641,79.397,13.705,205.97,SSP3-7.0
2040-07-09,7.8797,27.478,74.942,15.503,234.1,SSP3-7.0
2040-07-10,8.1975,26.607,83.71,14.487,214.51,SSP3-7.0
2040-07-11,14.8546,26.237,88.946,12.536,193.56,SSP3-7.0
2040-07-12,21.6965,26.538,87.33,13.995,210.57,SSP3-7.0
2040-07-13,32.2697,25.866,92.276,15.95,162.97,SSP3-7.0
2040-07-14,23.9611,25.4,92.413,15.866,128.67,SSP3-7.0
2040-07-15,25.2002,25.919,92.075,15.245,176.25,SSP3-7.0
2040-07-16,21.5608,25.692,92.987,15.15,158.0,SSP3-7.0
2040-07-17,23.6058,25.849,92.456,14.47,187.18,SSP3-7.0
2040-07-18,23.209,25.843,92.537,15.879,170.89,SSP3-7.0
2040-07-19,8.5131,26.064,90.358,14.184,204.35,SSP3-7.0
2040-07-20,0.5169,25.994,89.721,13.889,192.19,SSP3-7.0
2040-07-21,3.839,26.164,89.047,14.316,219.93,SSP3-7.0
2040-07-22,0.0123,26.381,88.036,12.769,220.44,SSP3-7.0
2040-07-23,0.0517,26.638,86.924,13.903,231.07,SSP3-7.0
2040-07-24,0.0,26.538,87.9,14.432,220.24,SSP3-7.0
2040-07-25,0.0,26.495,86.975,14.288,222.57,SSP3-7.0
2040-07-26,0.0,27.424,78.96,14.693,278.45,SSP3-7.0
2040-07-27,0.0,28.141,79.8,11.721,274.57,SSP3-7.0
2040-07-28,0.0,26.16,90.619,8.077,197.36,SSP3-7.0
2040-07-29,11.4277,26.526,90.232,7.657,221.94,SSP3-7.0
2040-07-30,4.8647,26.612,88.128,9.822,226.81,SSP3-7.0
2040-07-31,5.2313,26.127,90.255,8.578,215.24,SSP3-7.0
2040-08-01,0.0,26.544,87.496,8.494,237.07,SSP3-7.0
2040-08-02,0.0,26.695,85.755,8.235,247.6,SSP3-7.0
2040-08-03,0.2223,26.423,88.015,7.811,224.48,SSP3-7.0
2040-08-04,0.5985,27.001,86.387,8.791,259.47,SSP3-7.0
2040-08-05,0.6393,26.329,88.753,8.23,224.52,SSP3-7.0
2040-08-06,0.5155,26.309,88.445,9.068,230.39,SSP3-7.0
2040-08-07,10.2915,26.539,89.354,7.652,222.06,SSP3-7.0
2040-08-08,4.9444,26.184,89.797,7.858,207.47,SSP3-7.0
2040-08-09,2.865,26.683,87.01,11.209,234.12,SSP3-7.0
2040-08-10,22.9314,26.111,89.55,11.975,215.77,SSP3-7.0
2040-08-11,3.7142,25.706,92.253,11.647,184.42,SSP3-7.0
2040-08-12,1.7322,25.8,91.479,12.746,206.04,SSP3-7.0
2040-08-13,0.1625,25.799,91.33,10.914,200.19,SSP3-7.0
2040-08-14,1.606,26.276,88.49,10.701,240.34,SSP3-7.0
2040-08-15,0.0,27.021,83.566,11.268,267.39,SSP3-7.0
2040-08-16,0.0,26.924,81.694,13.311,253.65,SSP3-7.0
2040-08-17,0.2592,26.855,83.959,11.987,267.56,SSP3-7.0
2040-08-18,5.6751,26.687,85.687,13.932,242.49,SSP3-7.0
2040-08-19,0.0313,26.199,88.087,12.596,221.97,SSP3-7.0
2040-08-20,0.4418,26.076,91.033,7.986,202.05,SSP3-7.0
2040-08-21,9.0127,26.096,92.012,7.191,214.5,SSP3-7.0
2040-08-22,15.4006,26.283,90.811,6.075,224.14,SSP3-7.0
2040-08-23,9.2313,26.244,91.435,4.556,225.97,SSP3-7.0
2040-08-24,0.0,27.007,86.117,7.761,250.71,SSP3-7.0
2040-08-25,0.0,26.673,84.483,9.528,240.38,SSP3-7.0
2040-08-26,0.0,27.363,78.171,11.861,294.01,SSP3-7.0
2040-08-27,0.0,27.585,77.228,12.242,275.58,SSP3-7.0
2040-08-28,0.0,26.262,87.124,9.705,221.0,SSP3-7.0
2040-08-29,7.3022,26.168,89.248,9.795,221.46,SSP3-7.0
2040-08-30,4.9979,26.162,87.817,11.784,219.34,SSP3-7.0
2040-08-31,4.5155,26.714,84.005,14.127,234.62,SSP3-7.0
2040-09-01,0.0,26.216,81.407,13.828,231.13,SSP3-7.0
2040-09-02,0.0,26.684,79.612,11.952,254.72,SSP3-7.0
2040-09-03,0.1966,26.909,80.305,10.86,254.55,SSP3-7.0
2040-09-04,0.0,26.832,78.965,10.464,261.16,SSP3-7.0
2040-09-05,0.0,26.3,81.2,10.43,241.19,SSP3-7.0
2040-09-06,0.5029,25.804,86.833,11.399,221.93,SSP3-7.0
2040-09-07,13.2131,25.83,89.45,10.861,220.79,SSP3-7.0
2040-09-08,10.3384,25.661,89.744,11.092,212.77,SSP3-7.0
2040-09-09,1.3804,25.562,92.506,8.339,190.27,SSP3-7.0
2040-09-10,26.5429,25.964,90.047,7.172,221.41,SSP3-7.0
2040-09-11,3.6995,25.43,93.72,6.725,183.53,SSP3-7.0
2040-09-12,0.0,25.988,88.464,6.062,232.02,SSP3-7.0
2040-09-13,10.6321,26.264,86.879,9.292,229.7,SSP3-7.0
2040-09-14,5.9225,25.793,90.932,8.788,213.51,SSP3-7.0
2040-09-15,13.0462,25.922,89.948,8.683,214.15,SSP3-7.0
2040-09-16,13.6807,25.781,92.785,8.227,198.8,SSP3-7.0
2040-09-17,19.1401,26.007,87.997,11.629,233.27,SSP3-7.0
2040-09-18,19.2586,25.528,91.786,10.674,189.22,SSP3-7.0
2040-09-19,1.0597,26.065,87.413,7.99,225.11,SSP3-7.0
2040-09-20,1.453,26.548,83.072,8.515,255.75,SSP3-7.0
2040-09-21,0.6512,26.792,82.218,7.772,246.32,SSP3-7.0
2040-09-22,0.0,26.638,82.938,6.696,243.17,SSP3-7.0
2040-09-23,16.9522,25.951,89.892,7.022,217.36,SSP3-7.0
2040-09-24,11.5782,25.47,91.323,8.889,205.91,SSP3-7.0
2040-09-25,1.1543,25.671,89.149,8.612,214.72,SSP3-7.0
2040-09-26,16.3993,25.693,90.29,8.581,212.0,SSP3-7.0
2040-09-27,6.7606,25.529,90.567,8.149,207.47,SSP3-7.0
2040-09-28,24.176,25.452,91.65,6.94,208.57,SSP3-7.0
2040-09-29,10.5224,25.435,91.423,6.94,211.9,SSP3-7.0
2040-09-30,0.3676,25.548,88.375,8.096,218.17,SSP3-7.0
2040-10-01,0.5354,24.86,86.353,5.739,223.92,SSP3-7.0
2040-10-02,1.5841,25.168,89.242,3.279,216.82,SSP3-7.0
2040-10-03,5.0439,25.293,88.139,5.953,222.45,SSP3-7.0
2040-10-04,1.0288,25.376,84.116,5.509,220.62,SSP3-7.0
2040-10-05,0.0,26.101,67.797,7.664,235.6,SSP3-7.0
2040-10-06,0.0,26.133,64.721,8.836,244.17,SSP3-7.0
2040-10-07,0.0,26.51,70.1,7.056,256.15,SSP3-7.0
2040-10-08,0.0,26.909,63.374,6.65,284.32,SSP3-7.0
2040-10-09,0.0,26.873,60.753,6.38,276.03,SSP3-7.0
2040-10-10,0.0,27.571,60.253,6.074,268.54,SSP3-7.0
2040-10-11,0.0,28.27,63.81,8.518,273.24,SSP3-7.0
2040-10-12,0.0,28.8,66.009,7.841,274.51,SSP3-7.0
2040-10-13,0.0,28.7,61.562,7.316,269.93,SSP3-7.0
2040-10-14,0.0,28.615,64.552,5.587,258.5,SSP3-7.0
2040-10-15,1.0382,26.32,82.343,6.075,204.29,SSP3-7.0
2040-10-16,0.0,27.526,71.181,5.471,243.24,SSP3-7.0
2040-10-17,0.0,27.198,65.529,4.026,247.68,SSP3-7.0
2040-10-18,0.0,27.262,60.844,4.837,246.29,SSP3-7.0
2040-10-19,0.0,26.868,65.185,4.39,221.9,SSP3-7.0
2040-10-20,0.0,26.628,66.884,4.73,229.14,SSP3-7.0
2040-10-21,0.0,26.34,60.633,5.558,234.65,SSP3-7.0
2040-10-22,0.0,24.737,66.481,8.024,197.32,SSP3-7.0
2040-10-23,0.0,24.416,69.495,9.569,201.04,SSP3-7.0
2040-10-24,0.0,25.659,64.181,8.916,250.5,SSP3-7.0
2040-10-25,0.0,26.857,65.001,9.251,254.56,SSP3-7.0
2040-10-26,0.0,27.053,65.977,5.64,236.49,SSP3-7.0
2040-10-27,0.1698,27.902,62.935,6.344,251.27,SSP3-7.0
2040-10-28,0.0188,27.888,68.322,7.741,233.44,SSP3-7.0
2040-10-29,0.0,27.511,60.623,8.706,247.0,SSP3-7.0
2040-10-30,0.0,26.896,59.898,10.503,246.35,SSP3-7.0
2040-10-31,0.0,26.065,59.377,9.536,257.22,SSP3-7.0
2040-11-01,0.0,25.942,64.18,8.643,240.44,SSP3-7.0
2040-11-02,0.0,25.824,60.521,8.073,237.15,SSP3-7.0
2040-11-03,0.0,25.216,63.186,8.305,221.7,SSP3-7.0
2040-11-04,0.0,25.123,59.958,6.077,230.1,SSP3-7.0
2040-11-05,0.0,24.893,56.304,6.058,225.08,SSP3-7.0
2040-11-06,0.0,25.051,54.705,4.137,223.92,SSP3-7.0
2040-11-07,0.0,25.255,52.197,5.248,228.48,SSP3-7.0
2040-11-08,0.0,25.463,51.681,5.373,233.99,SSP3-7.0
2040-11-09,0.0,24.806,39.922,6.484,248.74,SSP3-7.0
2040-11-10,0.0,24.398,40.098,5.444,248.54,SSP3-7.0
2040-11-11,0.0,23.978,45.465,6.89,241.46,SSP3-7.0
2040-11-12,0.0,23.843,44.502,6.452,236.6,SSP3-7.0
2040-11-13,0.0,23.46,44.213,5.173,237.22,SSP3-7.0
2040-11-14,0.0,23.53,37.114,6.398,247.84,SSP3-7.0
2040-11-15,0.0,23.225,44.681,6.192,224.96,SSP3-7.0
2040-11-16,0.0,23.248,37.555,8.152,239.93,SSP3-7.0
2040-11-17,0.0,22.689,33.644,7.833,244.26,SSP3-7.0
2040-11-18,0.0,22.489,37.161,5.834,244.58,SSP3-7.0
2040-11-19,0.0,22.868,41.448,3.757,237.65,SSP3-7.0
2040-11-20,0.0,23.522,44.061,6.91,241.5,SSP3-7.0
2040-11-21,0.0,24.106,42.62,7.296,239.77,SSP3-7.0
2040-11-22,0.0,24.156,50.686,5.744,229.58,SSP3-7.0
2040-11-23,0.0,23.862,47.239,7.336,227.81,SSP3-7.0
2040-11-24,0.0,23.542,42.389,7.7,235.59,SSP3-7.0
2040-11-25,0.0,23.437,43.262,7.77,232.68,SSP3-7.0
2040-11-26,0.0,24.238,54.984,8.248,229.46,SSP3-7.0
2040-11-27,0.0,25.906,55.105,9.019,226.68,SSP3-7.0
2040-11-28,0.0,25.459,48.859,7.834,232.32,SSP3-7.0
2040-11-29,0.0,24.554,50.064,6.018,224.5,SSP3-7.0
2040-11-30,0.0,24.913,48.703,5.748,225.13,SSP3-7.0
2040-12-01,0.0,24.626,49.633,6.677,225.56,SSP3-7.0
2040-12-02,0.0,24.389,47.996,8.619,228.44,SSP3-7.0
2040-12-03,0.0,24.354,46.641,10.051,231.99,SSP3-7.0
2040-12-04,0.0,24.076,48.775,9.072,240.92,SSP3-7.0
2040-12-05,0.0,24.018,48.368,8.069,244.27,SSP3-7.0
2040-12-06,0.0,24.515,46.739,8.811,241.67,SSP3-7.0
2040-12-07,0.0,24.462,48.803,9.148,232.57,SSP3-7.0
2040-12-08,0.0,24.273,48.227,9.17,222.61,SSP3-7.0
2040-12-09,0.0,23.753,49.071,8.498,212.47,SSP3-7.0
2040-12-10,0.0,23.369,47.978,7.877,220.88,SSP3-7.0
2040-12-11,0.0,23.519,48.332,7.552,229.73,SSP3-7.0
2040-12-12,0.0,24.177,49.431,6.166,220.3,SSP3-7.0
2040-12-13,0.0,23.961,49.442,8.966,211.61,SSP3-7.0
2040-12-14,0.0,22.83,55.432,10.676,174.05,SSP3-7.0
2040-12-15,0.0,21.859,68.99,8.793,161.67,SSP3-7.0
2040-12-16,0.0,21.741,36.631,11.401,230.58,SSP3-7.0
2040-12-17,0.0,21.178,25.204,11.301,248.33,SSP3-7.0
2040-12-18,0.0,20.816,25.141,10.691,241.72,SSP3-7.0
2040-12-19,0.0,22.608,42.222,10.704,221.18,SSP3-7.0
2040-12-20,0.0,21.459,69.3,11.366,152.17,SSP3-7.0
2040-12-21,0.0,21.895,59.98,8.813,180.33,SSP3-7.0
2040-12-22,0.0,23.289,49.135,10.323,227.22,SSP3-7.0
2040-12-23,0.0,23.173,43.956,13.951,226.1,SSP3-7.0
2040-12-24,0.0,22.494,40.672,12.555,233.07,SSP3-7.0
2040-12-25,0.0,22.135,37.602,10.449,227.61,SSP3-7.0
2040-12-26,0.0,22.37,47.892,12.851,209.77,SSP3-7.0
2040-12-27,0.0,21.414,56.719,15.712,179.3,SSP3-7.0
2040-12-28,0.0,20.35,76.209,15.9,143.45,SSP3-7.0
2040-12-29,0.0,19.591,84.409,16.104,95.3,SSP3-7.0
2040-12-30,0.0,21.08,84.759,12.843,123.89,SSP3-7.0
2040-12-31,0.0,21.923,72.418,11.768,174.19,SSP3-7.0
2041-01-01,0.0,21.705,64.171,11.962,179.94,SSP3-7.0
2041-01-02,0.0,23.089,53.617,15.025,207.27,SSP3-7.0
2041-01-03,0.0,22.108,54.216,12.436,205.78,SSP3-7.0
2041-01-04,0.0,22.572,52.771,10.458,193.09,SSP3-7.0
2041-01-05,0.0,21.979,49.81,11.056,220.68,SSP3-7.0
2041-01-06,0.0,22.419,49.445,8.322,233.0,SSP3-7.0
2041-01-07,0.0,22.597,51.4,9.437,233.32,SSP3-7.0
2041-01-08,0.0,22.641,47.941,9.625,235.39,SSP3-7.0
2041-01-09,0.0,21.152,52.523,11.824,201.28,SSP3-7.0
2041-01-10,0.0,22.746,48.272,10.314,225.06,SSP3-7.0
2041-01-11,0.0,22.941,50.045,8.608,219.73,SSP3-7.0
2041-01-12,0.0,22.937,49.426,8.474,214.56,SSP3-7.0
2041-01-13,0.0,23.006,46.954,10.293,226.79,SSP3-7.0
2041-01-14,0.0,22.738,47.573,10.093,228.97,SSP3-7.0
2041-01-15,0.0,22.862,47.218,10.177,209.75,SSP3-7.0
2041-01-16,0.0,21.796,51.185,11.194,177.94,SSP3-7.0
2041-01-17,0.0,20.986,58.46,11.7,190.48,SSP3-7.0
2041-01-18,0.0,21.313,48.687,11.941,201.92,SSP3-7.0
2041-01-19,0.0,22.005,39.171,11.702,240.43,SSP3-7.0
2041-01-20,0.0,21.724,33.098,12.97,248.74,SSP3-7.0
2041-01-21,0.0,21.471,33.115,10.088,251.6,SSP3-7.0
2041-01-22,0.0,21.375,39.43,7.99,241.63,SSP3-7.0
2041-01-23,0.0,22.124,43.222,7.231,230.96,SSP3-7.0
2041-01-24,0.0,22.764,46.172,8.995,216.97,SSP3-7.0
2041-01-25,0.0,23.005,43.95,10.385,231.79,SSP3-7.0
2041-01-26,0.0,22.582,40.071,8.555,229.69,SSP3-7.0
2041-01-27,0.0,22.599,42.216,7.817,241.94,SSP3-7.0
2041-01-28,0.0,22.868,42.25,9.756,255.13,SSP3-7.0
2041-01-29,0.0,23.402,41.499,10.762,252.19,SSP3-7.0
2041-01-30,0.0,23.093,42.78,8.555,259.84,SSP3-7.0
2041-01-31,0.0,23.47,41.261,7.215,255.79,SSP3-7.0
2041-02-01,0.0,24.147,40.358,8.382,258.0,SSP3-7.0
2041-02-02,0.0,24.223,40.096,8.836,251.91,SSP3-7.0
2041-02-03,0.0,24.155,36.456,10.688,246.57,SSP3-7.0
2041-02-04,0.0,23.981,39.409,10.827,221.56,SSP3-7.0
2041-02-05,0.0,24.152,40.335,9.731,263.52,SSP3-7.0
2041-02-06,0.0,24.794,37.063,10.601,260.62,SSP3-7.0
2041-02-07,0.0,24.905,37.139,10.856,256.32,SSP3-7.0
2041-02-08,0.0,24.935,41.141,9.844,252.47,SSP3-7.0
2041-02-09,0.0,24.916,43.544,10.328,261.14,SSP3-7.0
2041-02-10,0.0,24.753,39.386,11.649,253.61,SSP3-7.0
2041-02-11,0.0,25.037,41.386,9.049,240.21,SSP3-7.0
2041-02-12,0.0,24.99,40.299,7.757,271.57,SSP3-7.0
2041-02-13,0.0,25.841,38.618,4.999,270.8,SSP3-7.0
2041-02-14,0.0,25.849,38.077,6.796,256.55,SSP3-7.0
2041-02-15,0.0,26.86,36.249,10.159,257.47,SSP3-7.0
2041-02-16,0.0,27.23,33.457,12.869,252.91,SSP3-7.0
2041-02-17,0.0,27.001,31.781,12.885,270.91,SSP3-7.0
2041-02-18,0.0,26.415,30.473,10.849,272.31,SSP3-7.0
2041-02-19,0.0,26.198,31.726,5.984,269.93,SSP3-7.0
2041-02-20,0.0,26.926,32.922,6.778,238.08,SSP3-7.0
2041-02-21,0.0,26.763,31.434,7.156,273.5,SSP3-7.0
2041-02-22,0.0,26.684,29.361,8.75,278.04,SSP3-7.0
2041-02-23,0.0,26.896,27.725,7.846,272.55,SSP3-7.0
2041-02-24,0.0,27.366,29.884,5.95,269.14,SSP3-7.0
2041-02-25,0.0,27.174,29.224,7.032,269.81,SSP3-7.0
2041-02-26,0.0,27.123,29.478,7.085,276.38,SSP3-7.0
2041-02-27,0.0,26.919,27.952,7.297,280.9,SSP3-7.0
2041-02-28,0.0,27.154,28.254,7.424,287.36,SSP3-7.0
2041-03-01,0.0,27.022,27.378,7.284,294.4,SSP3-7.0
2041-03-02,0.0,26.829,25.428,6.814,303.56,SSP3-7.0
2041-03-03,0.0,27.293,26.684,9.113,303.7,SSP3-7.0
2041-03-04,0.0,27.555,26.054,7.57,307.63,SSP3-7.0
2041-03-05,0.0,27.408,24.001,8.884,310.9,SSP3-7.0
2041-03-06,0.0,27.67,25.482,8.646,298.62,SSP3-7.0
2041-03-07,0.0,28.75,29.12,12.508,281.24,SSP3-7.0
2041-03-08,0.0,29.191,29.065,11.285,276.17,SSP3-7.0
2041-03-09,0.0,29.672,27.585,8.922,255.43,SSP3-7.0
2041-03-10,0.0,30.347,27.444,8.892,250.08,SSP3-7.0
2041-03-11,0.0,30.071,26.808,8.523,269.86,SSP3-7.0
2041-03-12,0.0,29.648,26.672,9.041,260.85,SSP3-7.0
2041-03-13,0.0,29.311,26.161,9.455,291.74,SSP3-7.0
2041-03-14,0.0,28.241,24.547,6.395,285.54,SSP3-7.0
2041-03-15,0.0,28.751,23.916,4.564,284.05,SSP3-7.0
2041-03-16,0.0,29.902,24.591,6.236,242.09,SSP3-7.0
2041-03-17,0.0,29.227,27.084,4.377,212.12,SSP3-7.0
2041-03-18,0.0,29.213,26.881,5.906,236.4,SSP3-7.0
2041-03-19,0.0,29.731,28.04,4.904,249.22,SSP3-7.0
2041-03-20,0.0,29.66,28.15,6.953,255.48,SSP3-7.0
2041-03-21,0.0002,29.733,32.108,9.105,261.72,SSP3-7.0
2041-03-22,0.0013,29.817,29.342,10.498,277.99,SSP3-7.0
2041-03-23,0.0005,30.113,26.841,10.132,266.35,SSP3-7.0
2041-03-24,0.0001,29.753,24.367,10.304,306.97,SSP3-7.0
2041-03-25,0.0,29.958,24.397,11.163,315.24,SSP3-7.0
2041-03-26,0.0,29.904,24.077,12.271,314.87,SSP3-7.0
2041-03-27,0.0,29.775,24.117,11.481,316.07,SSP3-7.0
2041-03-28,0.0,29.799,24.12,12.846,320.27,SSP3-7.0
2041-03-29,0.0,29.383,24.85,11.677,331.02,SSP3-7.0
2041-03-30,0.0,30.021,24.439,9.997,321.61,SSP3-7.0
2041-03-31,0.0,30.616,22.725,8.64,309.16,SSP3-7.0
2041-04-01,0.0,30.937,22.312,8.277,301.09,SSP3-7.0
2041-04-02,0.0,30.948,23.495,8.551,292.69,SSP3-7.0
2041-04-03,0.0,30.905,27.799,7.189,247.34,SSP3-7.0
2041-04-04,0.0,31.159,26.271,6.738,292.56,SSP3-7.0
2041-04-05,0.0,31.503,24.073,5.899,303.37,SSP3-7.0
2041-04-06,0.0,31.005,23.037,7.805,308.29,SSP3-7.0
2041-04-07,0.0,32.178,23.105,9.384,256.41,SSP3-7.0
2041-04-08,0.0,31.901,24.857,6.341,268.72,SSP3-7.0
2041-04-09,0.0002,32.077,24.76,6.707,271.83,SSP3-7.0
2041-04-10,0.0017,31.607,22.746,7.027,307.86,SSP3-7.0
2041-04-11,0.0046,32.282,24.507,8.099,250.63,SSP3-7.0
2041-04-12,0.0144,32.288,22.705,9.251,296.08,SSP3-7.0
2041-04-13,0.0043,31.681,24.095,7.765,256.16,SSP3-7.0
2041-04-14,0.0,31.976,22.825,7.105,302.45,SSP3-7.0
2041-04-15,0.0,31.626,21.836,6.367,288.23,SSP3-7.0
2041-04-16,0.0,32.538,22.917,8.853,278.88,SSP3-7.0
2041-04-17,0.1,31.529,26.73,7.922,257.72,SSP3-7.0
2041-04-18,0.0516,31.754,27.226,6.102,249.39,SSP3-7.0
2041-04-19,0.0002,32.152,24.95,8.004,282.78,SSP3-7.0
2041-04-20,0.0865,32.435,25.215,11.026,287.26,SSP3-7.0
2041-04-21,0.0014,31.429,27.575,9.385,260.62,SSP3-7.0
2041-04-22,0.0254,31.915,24.779,11.946,325.09,SSP3-7.0
2041-04-23,0.0,32.011,23.21,9.909,320.0,SSP3-7.0
2041-04-24,0.0,32.407,22.5,9.444,316.5,SSP3-7.0
2041-04-25,0.0,32.807,23.027,8.609,296.55,SSP3-7.0
2041-04-26,0.3299,32.892,26.923,10.0,289.33,SSP3-7.0
2041-04-27,4.4216,32.836,29.509,10.855,285.99,SSP3-7.0
2041-04-28,0.0006,32.688,26.978,10.253,311.54,SSP3-7.0
2041-04-29,0.0,32.901,23.378,9.969,299.77,SSP3-7.0
2041-04-30,0.0,33.145,22.096,8.474,287.88,SSP3-7.0
2041-05-01,0.0,32.697,19.661,8.191,328.31,SSP3-7.0
2041-05-02,0.0,34.041,21.34,10.323,295.74,SSP3-7.0
2041-05-03,0.0,33.398,25.748,11.942,255.51,SSP3-7.0
2041-05-04,0.319,33.559,26.717,10.768,269.28,SSP3-7.0
2041-05-05,0.006,32.951,27.372,7.067,245.38,SSP3-7.0
2041-05-06,0.0001,33.276,26.041,7.121,298.34,SSP3-7.0
2041-05-07,0.053,33.321,25.374,7.079,309.05,SSP3-7.0
2041-05-08,0.6246,33.563,26.118,5.77,295.4,SSP3-7.0
2041-05-09,1.4847,33.542,26.41,6.16,306.64,SSP3-7.0
2041-05-10,0.1515,33.565,24.523,5.638,318.03,SSP3-7.0
2041-05-11,0.4884,33.722,27.842,7.048,291.2,SSP3-7.0
2041-05-12,2.33,33.246,29.381,5.938,298.53,SSP3-7.0
2041-05-13,0.2361,31.982,35.82,6.606,237.24,SSP3-7.0
2041-05-14,0.0211,32.792,32.145,4.992,276.61,SSP3-7.0
2041-05-15,0.0,33.111,27.512,4.749,279.84,SSP3-7.0
2041-05-16,0.0,33.429,24.636,8.204,304.53,SSP3-7.0
2041-05-17,0.0005,33.955,23.919,11.413,322.45,SSP3-7.0
2041-05-18,0.0,34.432,21.53,10.676,321.52,SSP3-7.0
2041-05-19,0.0,34.649,19.266,10.149,326.78,SSP3-7.0
2041-05-20,0.0,35.263,19.449,7.592,326.44,SSP3-7.0
2041-05-21,0.0,34.91,23.547,7.892,268.98,SSP3-7.0
2041-05-22,0.0,34.097,26.406,7.932,257.15,SSP3-7.0
2041-05-23,0.0,33.931,23.277,9.375,324.58,SSP3-7.0
2041-05-24,0.0032,34.842,23.404,7.198,309.3,SSP3-7.0
2041-05-25,0.39,34.758,25.04,5.314,300.54,SSP3-7.0
2041-05-26,0.412,34.222,31.342,9.465,282.43,SSP3-7.0
2041-05-27,0.0,33.971,30.369,8.902,272.47,SSP3-7.0
2041-05-28,0.0,34.576,24.069,11.061,311.6,SSP3-7.0
2041-05-29,0.0,35.079,23.531,8.791,278.79,SSP3-7.0
2041-05-30,0.0,34.885,23.371,9.985,289.44,SSP3-7.0
2041-05-31,0.2533,33.23,30.233,7.874,256.33,SSP3-7.0
2041-06-01,0.4525,30.726,46.311,6.847,209.84,SSP3-7.0
2041-06-02,2.0255,31.431,50.943,7.66,241.49,SSP3-7.0
2041-06-03,4.0614,28.676,69.962,10.413,220.87,SSP3-7.0
2041-06-04,1.7326,28.662,66.998,12.754,231.85,SSP3-7.0
2041-06-05,0.1595,29.783,60.555,12.443,250.97,SSP3-7.0
2041-06-06,0.4885,28.397,63.004,12.76,238.37,SSP3-7.0
2041-06-07,0.0532,29.536,57.496,11.184,253.95,SSP3-7.0
2041-06-08,0.0,31.148,49.778,13.534,288.25,SSP3-7.0
2041-06-09,0.0,32.688,42.733,13.36,305.66,SSP3-7.0
2041-06-10,0.2318,32.457,46.432,13.32,308.48,SSP3-7.0
2041-06-11,0.0,32.138,44.722,15.838,305.02,SSP3-7.0
2041-06-12,0.0,32.28,43.01,18.283,310.72,SSP3-7.0
2041-06-13,0.0,32.354,43.255,18.612,297.72,SSP3-7.0
2041-06-14,0.0,32.093,41.894,17.732,292.25,SSP3-7.0
2041-06-15,0.0,33.091,43.821,16.155,293.16,SSP3-7.0
2041-06-16,0.0,33.493,42.675,14.579,312.15,SSP3-7.0
2041-06-17,0.0,33.494,41.246,14.969,309.95,SSP3-7.0
2041-06-18,0.0,34.034,40.627,16.386,317.48,SSP3-7.0
2041-06-19,0.0,33.89,39.037,16.76,312.36,SSP3-7.0
2041-06-20,0.0,34.569,37.754,17.073,303.58,SSP3-7.0
2041-06-21,0.0,33.865,38.306,17.951,301.1,SSP3-7.0
2041-06-22,0.0,33.949,36.316,16.641,298.48,SSP3-7.0
2041-06-23,0.0,33.664,38.906,17.013,297.68,SSP3-7.0
2041-06-24,0.0,33.306,38.752,16.782,310.29,SSP3-7.0
2041-06-25,0.0,33.03,40.491,16.176,302.64,SSP3-7.0
2041-06-26,0.0413,32.293,42.624,15.959,297.9,SSP3-7.0
2041-06-27,0.0,32.783,39.21,15.265,294.23,SSP3-7.0
2041-06-28,0.2303,32.584,41.453,14.133,287.81,SSP3-7.0
2041-06-29,0.01,31.813,46.392,13.105,285.18,SSP3-7.0
2041-06-30,0.0,31.215,47.438,14.57,269.6,SSP3-7.0
2041-07-01,0.1468,31.014,51.255,9.891,257.58,SSP3-7.0
2041-07-02,6.7017,29.226,71.672,9.577,235.9,SSP3-7.0
2041-07-03,2.3214,27.744,80.608,9.227,230.24,SSP3-7.0
2041-07-04,5.0147,29.109,69.514,9.343,277.58,SSP3-7.0
2041-07-05,0.0094,29.1,67.624,12.871,277.39,SSP3-7.0
2041-07-06,0.6209,29.456,65.431,14.294,286.43,SSP3-7.0
2041-07-07,0.0,29.275,66.198,14.551,251.55,SSP3-7.0
2041-07-08,0.1779,29.602,65.949,13.854,263.88,SSP3-7.0
2041-07-09,8.1628,27.863,76.378,12.892,203.52,SSP3-7.0
2041-07-10,0.6465,29.609,63.665,14.575,280.73,SSP3-7.0
2041-07-11,0.0,30.327,55.01,15.476,272.46,SSP3-7.0
2041-07-12,0.0,30.638,53.428,14.952,263.25,SSP3-7.0
2041-07-13,0.0,29.591,61.351,15.248,219.15,SSP3-7.0
2041-07-14,0.0,31.066,51.18,16.773,255.43,SSP3-7.0
2041-07-15,0.0,30.82,54.008,19.185,277.67,SSP3-7.0
2041-07-16,0.2106,30.089,63.497,15.975,254.71,SSP3-7.0
2041-07-17,5.4631,27.496,80.567,11.275,190.02,SSP3-7.0
2041-07-18,23.7341,26.301,92.095,10.557,160.32,SSP3-7.0
2041-07-19,0.0193,26.925,85.992,13.235,214.28,SSP3-7.0
2041-07-20,4.1928,26.718,89.387,12.959,190.81,SSP3-7.0
2041-07-21,6.5805,26.81,87.308,13.472,206.35,SSP3-7.0
2041-07-22,0.1905,27.703,79.856,15.432,236.96,SSP3-7.0
2041-07-23,7.9787,27.911,80.398,11.16,237.98,SSP3-7.0
2041-07-24,12.216,28.039,83.268,10.467,241.77,SSP3-7.0
2041-07-25,0.6053,27.604,83.427,11.768,232.55,SSP3-7.0
2041-07-26,9.1788,26.601,90.141,11.659,200.6,SSP3-7.0
2041-07-27,1.2595,26.709,89.391,11.884,208.88,SSP3-7.0
2041-07-28,0.7558,26.845,88.944,10.616,210.2,SSP3-7.0
2041-07-29,0.0035,27.386,83.796,12.235,226.62,SSP3-7.0
2041-07-30,0.2749,27.536,83.163,11.866,232.54,SSP3-7.0
2041-07-31,0.8857,27.718,82.451,10.612,236.13,SSP3-7.0
2041-08-01,0.0,28.428,73.643,12.84,285.93,SSP3-7.0
2041-08-02,0.0,28.732,76.173,11.022,261.26,SSP3-7.0
2041-08-03,14.2513,27.14,85.664,11.606,231.82,SSP3-7.0
2041-08-04,14.6744,25.906,90.409,11.269,203.23,SSP3-7.0
2041-08-05,6.9568,25.811,92.109,8.781,184.82,SSP3-7.0
2041-08-06,0.0,25.944,89.911,7.679,205.89,SSP3-7.0
2041-08-07,4.3792,26.952,85.012,8.679,250.64,SSP3-7.0
2041-08-08,0.0,27.687,79.944,12.325,276.34,SSP3-7.0
2041-08-09,0.0,27.485,81.544,12.582,256.66,SSP3-7.0
2041-08-10,0.313,26.597,84.353,13.778,227.09,SSP3-7.0
2041-08-11,11.5986,26.37,86.716,13.892,238.49,SSP3-7.0
2041-08-12,0.8033,26.062,86.715,13.73,220.66,SSP3-7.0
2041-08-13,0.0,26.409,84.321,15.553,229.19,SSP3-7.0
2041-08-14,0.3803,26.913,83.018,13.822,236.05,SSP3-7.0
2041-08-15,12.2909,26.509,83.781,14.31,232.94,SSP3-7.0
2041-08-16,42.2227,25.655,93.005,14.088,139.06,SSP3-7.0
2041-08-17,3.581,25.764,93.325,10.096,178.27,SSP3-7.0
2041-08-18,0.0282,25.955,90.558,9.727,217.93,SSP3-7.0
2041-08-19,0.5884,26.753,86.426,11.446,241.73,SSP3-7.0
2041-08-20,1.6883,26.577,88.705,9.994,224.82,SSP3-7.0
2041-08-21,0.0,26.304,85.395,13.42,231.8,SSP3-7.0
2041-08-22,15.9947,26.035,89.636,10.682,218.23,SSP3-7.0
2041-08-23,0.0,25.916,90.301,11.454,203.94,SSP3-7.0
2041-08-24,0.0,26.78,81.074,13.977,246.28,SSP3-7.0
2041-08-25,8.6732,25.746,90.733,11.597,206.92,SSP3-7.0
2041-08-26,2.3641,25.715,92.006,9.94,207.69,SSP3-7.0
2041-08-27,0.1078,25.823,89.851,10.047,215.87,SSP3-7.0
2041-08-28,4.0869,25.851,91.669,8.802,206.66,SSP3-7.0
2041-08-29,0.4622,25.713,93.124,7.31,198.47,SSP3-7.0
2041-08-30,17.4163,25.952,91.672,8.732,225.92,SSP3-7.0
2041-08-31,0.1472,25.845,92.603,5.774,207.12,SSP3-7.0
2041-09-01,0.0,26.198,86.727,6.453,239.83,SSP3-7.0
2041-09-02,0.6346,26.679,82.562,8.389,246.71,SSP3-7.0
2041-09-03,2.9303,26.662,84.178,6.926,245.51,SSP3-7.0
2041-09-04,0.0799,26.686,84.289,7.257,244.2,SSP3-7.0
2041-09-05,0.0,27.407,80.005,6.357,274.45,SSP3-7.0
2041-09-06,5.061,27.244,83.616,8.651,245.28,SSP3-7.0
2041-09-07,2.8661,26.109,88.399,10.525,220.54,SSP3-7.0
2041-09-08,9.8441,25.846,90.283,10.018,213.92,SSP3-7.0
2041-09-09,77.3436,25.692,95.515,6.819,166.72,SSP3-7.0
2041-09-10,21.4962,25.493,93.67,6.695,197.69,SSP3-7.0
2041-09-11,0.0,26.107,81.521,11.538,237.28,SSP3-7.0
2041-09-12,1.7961,26.456,83.082,9.076,250.97,SSP3-7.0
2041-09-13,20.7019,25.675,92.153,5.44,209.63,SSP3-7.0
2041-09-14,6.6957,25.939,90.06,3.665,224.88,SSP3-7.0
2041-09-15,1.6161,26.204,87.496,3.377,247.24,SSP3-7.0
2041-09-16,0.2581,26.463,85.931,3.85,242.67,SSP3-7.0
2041-09-17,0.1916,27.056,83.746,3.503,256.11,SSP3-7.0
2041-09-18,26.8172,25.822,93.429,4.195,199.91,SSP3-7.0
2041-09-19,17.9047,25.705,93.958,6.669,198.87,SSP3-7.0
2041-09-20,27.4855,25.462,93.93,8.509,204.62,SSP3-7.0
2041-09-21,30.9279,25.556,93.777,7.982,200.42,SSP3-7.0
2041-09-22,32.9005,25.54,94.126,7.263,198.24,SSP3-7.0
2041-09-23,16.0116,25.528,92.93,6.86,195.53,SSP3-7.0
2041-09-24,13.646,25.478,93.493,8.037,181.81,SSP3-7.0
2041-09-25,1.0662,25.297,91.745,7.365,188.27,SSP3-7.0
2041-09-26,13.6528,25.477,88.684,9.548,215.54,SSP3-7.0
2041-09-27,8.4291,25.146,92.457,8.678,169.45,SSP3-7.0
2041-09-28,10.9768,25.437,90.254,8.228,216.68,SSP3-7.0
2041-09-29,7.4617,25.758,85.724,11.662,224.12,SSP3-7.0
2041-09-30,7.2456,25.314,88.836,12.181,204.39,SSP3-7.0
2041-10-01,12.2002,24.592,90.843,8.733,207.66,SSP3-7.0
2041-10-02,0.0934,25.802,83.853,9.129,247.55,SSP3-7.0
2041-10-03,8.2807,25.554,86.623,8.587,239.08,SSP3-7.0
2041-10-04,11.5966,25.846,86.93,7.047,232.98,SSP3-7.0
2041-10-05,11.1128,25.723,88.504,6.913,220.97,SSP3-7.0
2041-10-06,0.4281,25.943,86.797,4.72,224.31,SSP3-7.0
2041-10-07,10.2598,25.173,89.811,3.952,210.65,SSP3-7.0
2041-10-08,0.7262,25.156,88.229,5.714,225.04,SSP3-7.0
2041-10-09,1.1454,24.875,88.574,5.473,214.74,SSP3-7.0
2041-10-10,7.3556,24.415,89.434,3.874,206.07,SSP3-7.0
2041-10-11,10.3588,24.37,89.179,3.287,210.27,SSP3-7.0
2041-10-12,1.7124,24.873,86.206,3.86,222.06,SSP3-7.0
2041-10-13,0.0,25.822,81.908,5.687,237.69,SSP3-7.0
2041-10-14,0.0,26.0,78.822,6.262,239.58,SSP3-7.0
2041-10-15,0.8541,24.89,85.924,5.646,217.37,SSP3-7.0
2041-10-16,0.0118,24.778,82.947,4.422,216.99,SSP3-7.0
2041-10-17,0.3912,25.22,79.737,7.345,230.66,SSP3-7.0
2041-10-18,1.367,24.046,87.854,6.663,191.69,SSP3-7.0
2041-10-19,0.4965,25.367,81.463,8.049,213.48,SSP3-7.0
2041-10-20,0.0415,24.217,85.623,6.738,201.52,SSP3-7.0
2041-10-21,0.0,25.61,80.926,7.732,220.01,SSP3-7.0
2041-10-22,0.0,27.024,73.532,5.901,253.25,SSP3-7.0
2041-10-23,0.0,27.059,68.494,7.131,247.22,SSP3-7.0
2041-10-24,0.0,26.874,71.402,7.906,242.9,SSP3-7.0
2041-10-25,0.0,26.721,67.821,7.994,251.02,SSP3-7.0
2041-10-26,0.0,26.59,64.447,5.912,258.12,SSP3-7.0
2041-10-27,0.0001,27.054,62.033,5.517,237.29,SSP3-7.0
2041-10-28,0.0,26.823,69.319,5.311,206.66,SSP3-7.0
2041-10-29,0.0,26.362,69.991,4.883,207.44,SSP3-7.0
2041-10-30,0.0,26.691,58.678,7.303,231.85,SSP3-7.0
2041-10-31,0.0,26.146,51.012,8.539,236.84,SSP3-7.0
2041-11-01,0.0,25.667,51.182,9.717,205.56,SSP3-7.0
2041-11-02,0.0012,24.724,54.354,11.598,189.73,SSP3-7.0
2041-11-03,0.0,25.742,47.865,11.539,225.71,SSP3-7.0
2041-11-04,0.0,25.777,45.032,10.78,255.96,SSP3-7.0
2041-11-05,0.0,25.333,53.872,11.516,231.97,SSP3-7.0
2041-11-06,12.2511,24.435,80.614,9.352,187.52,SSP3-7.0
2041-11-07,20.5267,23.388,89.079,8.734,171.86,SSP3-7.0
2041-11-08,5.8925,23.128,89.281,6.323,153.03,SSP3-7.0
2041-11-09,0.006,24.826,80.501,4.715,208.18,SSP3-7.0
2041-11-10,0.0,25.924,70.818,5.359,222.37,SSP3-7.0
2041-11-11,0.0,25.615,64.267,7.101,228.81,SSP3-7.0
2041-11-12,0.0,25.195,58.13,6.324,220.07,SSP3-7.0
2041-11-13,0.0,24.859,57.937,7.153,214.5,SSP3-7.0
2041-11-14,0.0,25.012,53.801,9.018,229.36,SSP3-7.0
2041-11-15,0.0,24.743,60.452,8.647,226.81,SSP3-7.0
2041-11-16,0.0,24.981,68.448,9.174,207.87,SSP3-7.0
2041-11-17,0.0,24.879,65.926,7.694,201.89,SSP3-7.0
2041-11-18,0.0,24.866,62.661,9.188,197.17,SSP3-7.0
2041-11-19,0.0,24.482,59.695,8.544,200.08,SSP3-7.0
2041-11-20,0.0,23.808,61.671,6.602,194.61,SSP3-7.0
2041-11-21,0.0,24.059,58.159,7.352,212.21,SSP3-7.0
2041-11-22,0.0062,24.025,66.106,8.246,199.78,SSP3-7.0
2041-11-23,0.0,23.831,52.177,8.281,206.67,SSP3-7.0
2041-11-24,0.0,23.488,48.046,7.591,234.08,SSP3-7.0
2041-11-25,0.0,22.712,54.559,5.661,198.95,SSP3-7.0
2041-11-26,0.0,22.394,56.904,7.685,196.03,SSP3-7.0
2041-11-27,0.0,22.729,49.069,7.635,233.28,SSP3-7.0
2041-11-28,0.0,22.427,45.71,7.921,230.93,SSP3-7.0
2041-11-29,0.0,22.569,47.635,7.641,227.65,SSP3-7.0
2041-11-30,0.0,23.256,42.678,6.972,226.5,SSP3-7.0
2041-12-01,0.0,22.942,46.524,5.526,212.84,SSP3-7.0
2041-12-02,0.0,23.002,45.161,4.802,212.03,SSP3-7.0
2041-12-03,0.0,23.038,44.681,6.806,212.58,SSP3-7.0
2041-12-04,0.0,24.056,46.057,6.553,214.21,SSP3-7.0
2041-12-05,0.0,23.157,42.719,8.945,214.24,SSP3-7.0
2041-12-06,0.0,21.348,26.835,12.467,237.79,SSP3-7.0
2041-12-07,0.0,20.255,21.806,11.77,253.46,SSP3-7.0
2041-12-08,0.0,19.458,23.273,10.048,248.6,SSP3-7.0
2041-12-09,0.0,20.291,24.647,10.813,250.91,SSP3-7.0
2041-12-10,0.0,20.279,26.121,9.83,250.75,SSP3-7.0
2041-12-11,0.0,20.583,25.93,9.665,247.55,SSP3-7.0
2041-12-12,0.0,20.313,25.62,10.266,246.22,SSP3-7.0
2041-12-13,0.0,20.912,26.092,9.729,246.46,SSP3-7.0
2041-12-14,0.0,21.332,25.23,10.506,246.19,SSP3-7.0
2041-12-15,0.0,20.851,24.436,9.367,249.39,SSP3-7.0
2041-12-16,0.0,20.109,24.221,8.371,251.02,SSP3-7.0
2041-12-17,0.0,19.748,24.282,8.751,250.16,SSP3-7.0
2041-12-18,0.0,20.248,25.161,8.046,242.36,SSP3-7.0
2041-12-19,0.0,20.417,24.958,7.404,248.45,SSP3-7.0
2041-12-20,0.0,20.625,24.078,9.601,236.55,SSP3-7.0
2041-12-21,0.0,21.105,23.485,8.9,246.21,SSP3-7.0
2041-12-22,0.0,20.698,23.1,8.616,239.27,SSP3-7.0
2041-12-23,0.0,20.677,23.59,8.723,249.15,SSP3-7.0
2041-12-24,0.0,21.08,23.779,9.316,253.07,SSP3-7.0
2041-12-25,0.0,20.993,25.295,7.968,242.36,SSP3-7.0
2041-12-26,0.0,20.955,36.961,7.918,238.55,SSP3-7.0
2041-12-27,0.0,22.344,46.116,8.728,214.55,SSP3-7.0
2041-12-28,0.0,23.079,43.214,9.449,212.22,SSP3-7.0
2041-12-29,0.0,21.779,37.392,10.901,227.2,SSP3-7.0
2041-12-30,0.0,21.248,33.581,10.094,238.6,SSP3-7.0
2041-12-31,0.0,20.791,35.772,9.907,246.36,SSP3-7.0
2042-01-01,0.0,21.696,43.312,7.959,233.47,SSP3-7.0
2042-01-02,0.0,22.035,40.032,6.531,246.26,SSP3-7.0
2042-01-03,0.0,22.673,41.273,7.568,243.72,SSP3-7.0
2042-01-04,0.0,23.008,41.031,10.377,244.66,SSP3-7.0
2042-01-05,0.0,22.602,41.083,9.281,243.7,SSP3-7.0
2042-01-06,0.0,22.458,41.156,7.554,244.99,SSP3-7.0
2042-01-07,0.0,22.321,40.764,7.005,236.76,SSP3-7.0
2042-01-08,0.0,22.683,41.922,7.543,234.54,SSP3-7.0
2042-01-09,0.0,22.944,43.364,6.953,229.18,SSP3-7.0
2042-01-10,0.0,22.685,42.972,6.841,234.24,SSP3-7.0
2042-01-11,0.0,23.008,40.428,4.554,237.08,SSP3-7.0
2042-01-12,0.0,22.905,36.996,5.015,241.61,SSP3-7.0
2042-01-13,0.0,22.929,41.061,7.55,242.61,SSP3-7.0
2042-01-14,0.0,23.452,44.253,8.604,237.65,SSP3-7.0
2042-01-15,0.0,23.373,45.253,8.447,236.56,SSP3-7.0
2042-01-16,0.0,23.506,45.301,8.01,229.39,SSP3-7.0
2042-01-17,0.0,23.892,44.765,7.382,218.14,SSP3-7.0
2042-01-18,0.0,24.454,41.637,8.548,236.77,SSP3-7.0
2042-01-19,0.0,24.228,40.623,10.001,238.29,SSP3-7.0
2042-01-20,0.0,24.693,38.005,11.333,240.72,SSP3-7.0
2042-01-21,0.0,24.667,40.053,12.813,238.54,SSP3-7.0
2042-01-22,0.0,24.491,38.525,11.728,246.54,SSP3-7.0
2042-01-23,0.0,23.767,36.721,10.747,251.31,SSP3-7.0
2042-01-24,0.0,23.326,31.35,10.696,256.55,SSP3-7.0
2042-01-25,0.0,23.263,36.088,9.944,254.77,SSP3-7.0
2042-01-26,0.0,23.876,39.18,9.026,246.11,SSP3-7.0
2042-01-27,0.0,24.111,42.493,7.607,210.47,SSP3-7.0
2042-01-28,0.0,24.053,37.072,8.651,230.98,SSP3-7.0
2042-01-29,0.0,23.583,30.146,8.395,254.51,SSP3-7.0
2042-01-30,0.0,23.28,32.685,7.668,253.71,SSP3-7.0
2042-01-31,0.0,23.559,31.732,7.024,258.13,SSP3-7.0
2042-02-01,0.0,23.676,34.502,7.578,255.41,SSP3-7.0
2042-02-02,0.0,24.481,33.601,7.157,251.95,SSP3-7.0
2042-02-03,0.0,24.075,31.534,5.939,259.25,SSP3-7.0
2042-02-04,0.0,24.204,29.394,8.456,260.73,SSP3-7.0
2042-02-05,0.0,24.662,27.012,8.609,264.74,SSP3-7.0
2042-02-06,0.0,24.95,26.352,8.432,261.77,SSP3-7.0
2042-02-07,0.0,25.611,27.898,8.123,262.03,SSP3-7.0
2042-02-08,0.0,25.189,27.529,5.204,263.67,SSP3-7.0
2042-02-09,0.0,25.573,29.624,8.938,261.76,SSP3-7.0
2042-02-10,0.0,26.439,28.799,9.846,246.75,SSP3-7.0
2042-02-11,0.0,26.18,29.874,10.042,231.64,SSP3-7.0
2042-02-12,0.0,25.834,28.663,11.583,264.52,SSP3-7.0
2042-02-13,0.0,25.889,27.436,10.446,263.79,SSP3-7.0
2042-02-14,0.0,25.828,24.248,9.667,275.32,SSP3-7.0
2042-02-15,0.0,25.919,22.91,8.043,274.98,SSP3-7.0
2042-02-16,0.0,26.028,24.565,8.208,273.22,SSP3-7.0
2042-02-17,0.0,26.376,26.121,9.043,270.67,SSP3-7.0
2042-02-18,0.0,26.436,24.691,8.299,267.34,SSP3-7.0
2042-02-19,0.0,26.511,23.958,7.616,270.83,SSP3-7.0
2042-02-20,0.0,26.781,26.348,9.666,273.1,SSP3-7.0
2042-02-21,0.0,27.05,26.762,11.327,277.41,SSP3-7.0
2042-02-22,0.0,27.049,25.673,11.286,280.65,SSP3-7.0
2042-02-23,0.0,27.024,25.046,11.422,281.31,SSP3-7.0
2042-02-24,0.0,27.52,25.28,14.18,277.89,SSP3-7.0
2042-02-25,0.0,27.19,26.999,13.781,272.19,SSP3-7.0
2042-02-26,0.0,27.686,28.505,12.457,255.85,SSP3-7.0
2042-02-27,0.0,27.815,29.221,11.984,238.2,SSP3-7.0
2042-02-28,0.0,27.39,25.764,12.196,287.66,SSP3-7.0
2042-03-01,0.0,27.569,25.183,12.462,281.46,SSP3-7.0
2042-03-02,0.0,28.029,23.148,11.412,274.44,SSP3-7.0
2042-03-03,0.0,28.277,22.226,12.754,277.38,SSP3-7.0
2042-03-04,0.0,28.149,21.866,12.146,282.73,SSP3-7.0
2042-03-05,0.0,28.221,19.779,10.385,291.07,SSP3-7.0
2042-03-06,0.0,27.852,20.024,11.612,295.65,SSP3-7.0
2042-03-07,0.0,28.376,19.646,9.271,294.66,SSP3-7.0
2042-03-08,0.0,28.127,19.513,9.172,297.51,SSP3-7.0
2042-03-09,0.0,28.293,20.784,9.468,295.56,SSP3-7.0
2042-03-10,0.0,28.784,22.147,10.559,298.29,SSP3-7.0
2042-03-11,0.0,29.06,24.447,12.362,292.87,SSP3-7.0
2042-03-12,0.0014,29.543,27.567,14.836,276.48,SSP3-7.0
2042-03-13,0.0,29.687,25.091,12.466,277.95,SSP3-7.0
2042-03-14,0.0,29.805,26.747,11.706,278.87,SSP3-7.0
2042-03-15,0.0,29.463,23.924,11.9,299.31,SSP3-7.0
2042-03-16,0.0,29.397,23.966,10.028,301.49,SSP3-7.0
2042-03-17,0.0,30.067,24.087,11.118,299.38,SSP3-7.0
2042-03-18,0.0,29.55,24.199,14.419,310.54,SSP3-7.0
2042-03-19,0.0,29.346,24.058,13.396,317.45,SSP3-7.0
2042-03-20,0.0,29.75,21.067,13.302,307.27,SSP3-7.0
2042-03-21,0.0,29.547,20.098,12.013,317.81,SSP3-7.0
2042-03-22,0.0003,29.675,20.065,12.91,271.72,SSP3-7.0
2042-03-23,0.0,29.573,19.879,9.607,314.07,SSP3-7.0
2042-03-24,0.0,29.829,19.99,9.243,317.74,SSP3-7.0
2042-03-25,0.0,29.511,20.313,9.082,314.19,SSP3-7.0
2042-03-26,0.0,29.99,21.3,11.86,311.51,SSP3-7.0
2042-03-27,0.0,30.37,22.246,13.865,304.05,SSP3-7.0
2042-03-28,0.0,30.459,22.316,13.954,283.75,SSP3-7.0
2042-03-29,0.0,29.984,22.439,13.956,316.79,SSP3-7.0
2042-03-30,0.0,29.89,21.859,12.686,318.43,SSP3-7.0
2042-03-31,0.0,29.88,21.275,11.138,321.53,SSP3-7.0
2042-04-01,0.0,30.847,23.102,9.433,279.0,SSP3-7.0
2042-04-02,0.0,30.986,22.599,11.877,300.55,SSP3-7.0
2042-04-03,0.0,30.894,21.059,10.313,296.38,SSP3-7.0
2042-04-04,0.0,31.734,20.448,9.871,279.34,SSP3-7.0
2042-04-05,0.0,31.979,22.046,6.764,244.88,SSP3-7.0
2042-04-06,0.0,31.97,20.616,7.84,272.11,SSP3-7.0
2042-04-07,0.0,30.877,21.968,11.057,315.11,SSP3-7.0
2042-04-08,0.3843,31.631,30.936,12.166,254.22,SSP3-7.0
2042-04-09,0.5777,31.115,31.729,10.939,275.92,SSP3-7.0
2042-04-10,0.0015,30.429,29.599,7.697,256.58,SSP3-7.0
2042-04-11,0.0019,30.611,24.332,7.994,305.66,SSP3-7.0
2042-04-12,0.0058,32.302,24.682,10.312,305.71,SSP3-7.0
2042-04-13,0.0022,32.058,24.61,13.654,317.93,SSP3-7.0
2042-04-14,0.0,31.26,24.253,14.577,335.43,SSP3-7.0
2042-04-15,0.0,31.195,23.864,13.199,319.42,SSP3-7.0
2042-04-16,0.0,31.764,22.704,11.955,311.97,SSP3-7.0
2042-04-17,0.0181,31.941,22.055,10.387,272.48,SSP3-7.0
2042-04-18,0.0,31.349,21.455,11.9,317.04,SSP3-7.0
2042-04-19,0.0057,31.741,26.022,11.756,254.78,SSP3-7.0
2042-04-20,0.4893,32.308,25.705,9.419,276.33,SSP3-7.0
2042-04-21,2.6246,31.413,30.362,7.302,282.63,SSP3-7.0
2042-04-22,0.0,31.506,27.422,6.162,303.9,SSP3-7.0
2042-04-23,0.0,31.909,23.051,8.408,289.46,SSP3-7.0
2042-04-24,0.0,32.931,23.268,7.13,289.02,SSP3-7.0
2042-04-25,0.0338,33.612,21.876,8.244,297.35,SSP3-7.0
2042-04-26,1.0445,32.099,29.846,11.902,254.56,SSP3-7.0
2042-04-27,0.0,32.577,26.273,8.61,280.27,SSP3-7.0
2042-04-28,0.0,32.9,22.027,7.981,299.61,SSP3-7.0
2042-04-29,0.0,33.297,22.757,9.766,309.27,SSP3-7.0
2042-04-30,0.0613,33.397,23.548,9.635,297.71,SSP3-7.0
2042-05-01,0.2024,33.054,25.663,8.438,303.83,SSP3-7.0
2042-05-02,0.2033,32.93,24.698,6.865,302.21,SSP3-7.0
2042-05-03,0.0224,32.927,23.531,5.705,300.38,SSP3-7.0
2042-05-04,0.0,32.851,24.424,8.052,253.72,SSP3-7.0
2042-05-05,0.0,32.701,21.761,10.04,318.84,SSP3-7.0
2042-05-06,0.0,32.527,20.661,10.349,323.03,SSP3-7.0
2042-05-07,0.0,32.565,24.086,7.754,223.31,SSP3-7.0
2042-05-08,0.0,32.256,21.02,8.835,322.23,SSP3-7.0
2042-05-09,0.0,33.871,21.808,8.997,311.15,SSP3-7.0
2042-05-10,0.0174,33.675,25.32,7.414,240.48,SSP3-7.0
2042-05-11,0.0311,33.673,25.357,6.613,276.96,SSP3-7.0
2042-05-12,0.0,33.491,21.813,7.436,302.81,SSP3-7.0
2042-05-13,1.1661,33.625,25.577,11.238,286.79,SSP3-7.0
2042-05-14,0.5633,33.628,28.056,8.742,270.7,SSP3-7.0
2042-05-15,0.0574,33.714,26.636,6.962,299.32,SSP3-7.0
2042-05-16,0.2138,33.517,28.1,4.262,296.62,SSP3-7.0
2042-05-17,0.176,32.706,31.894,4.458,273.46,SSP3-7.0
2042-05-18,0.2918,32.692,34.081,6.684,279.91,SSP3-7.0
2042-05-19,0.02,32.993,29.652,6.92,306.11,SSP3-7.0
2042-05-20,0.001,33.472,26.227,5.68,307.4,SSP3-7.0
2042-05-21,0.0686,33.897,27.144,4.284,283.61,SSP3-7.0
2042-05-22,0.0,33.856,26.235,5.02,308.75,SSP3-7.0
2042-05-23,0.205,33.992,28.109,9.347,306.79,SSP3-7.0
2042-05-24,2.7325,34.043,31.781,10.671,302.09,SSP3-7.0
2042-05-25,0.3509,33.924,32.435,7.564,301.81,SSP3-7.0
2042-05-26,0.5407,34.121,31.56,6.615,282.06,SSP3-7.0
2042-05-27,5.328,29.505,59.155,7.598,190.28,SSP3-7.0
2042-05-28,0.2442,28.757,64.336,7.89,210.05,SSP3-7.0
2042-05-29,0.9658,30.419,59.478,8.088,268.93,SSP3-7.0
2042-05-30,0.3861,31.981,51.181,7.209,294.61,SSP3-7.0
2042-05-31,0.0112,32.018,47.712,7.316,264.9,SSP3-7.0
2042-06-01,0.3576,33.788,43.492,7.623,276.34,SSP3-7.0
2042-06-02,0.5626,31.227,52.475,8.158,265.74,SSP3-7.0
2042-06-03,0.0,33.066,41.316,14.207,314.97,SSP3-7.0
2042-06-04,0.0,33.351,37.732,16.182,312.9,SSP3-7.0
2042-06-05,0.0,32.808,38.881,16.506,281.81,SSP3-7.0
2042-06-06,0.0,32.978,38.46,16.618,284.5,SSP3-7.0
2042-06-07,0.0,33.158,37.493,16.348,302.29,SSP3-7.0
2042-06-08,0.0,33.548,37.961,17.208,317.71,SSP3-7.0
2042-06-09,0.0,33.734,35.67,17.793,312.97,SSP3-7.0
2042-06-10,5.2369,32.754,43.227,18.711,291.95,SSP3-7.0
2042-06-11,0.7132,28.282,60.916,17.299,235.36,SSP3-7.0
2042-06-12,0.0,31.138,50.885,18.916,290.15,SSP3-7.0
2042-06-13,0.4488,28.432,61.16,18.004,232.55,SSP3-7.0
2042-06-14,11.945,27.364,74.472,15.554,221.77,SSP3-7.0
2042-06-15,0.446,27.772,69.183,14.105,233.37,SSP3-7.0
2042-06-16,0.0,29.743,59.43,14.505,287.09,SSP3-7.0
2042-06-17,0.0,29.452,59.944,14.098,283.89,SSP3-7.0
2042-06-18,5.185,30.16,60.604,12.986,292.08,SSP3-7.0
2042-06-19,4.6546,28.623,74.366,13.378,234.19,SSP3-7.0
2042-06-20,0.3026,28.76,67.693,15.743,275.69,SSP3-7.0
2042-06-21,1.2941,28.599,68.247,15.57,262.19,SSP3-7.0
2042-06-22,0.0,28.536,66.134,15.21,247.37,SSP3-7.0
2042-06-23,0.7614,29.83,60.532,16.86,290.88,SSP3-7.0
2042-06-24,0.0,29.764,59.324,15.528,265.09,SSP3-7.0
2042-06-25,0.0586,28.023,68.7,13.637,219.91,SSP3-7.0
2042-06-26,0.3781,28.118,72.809,15.195,234.9,SSP3-7.0
2042-06-27,9.7921,27.456,81.387,11.096,208.63,SSP3-7.0
2042-06-28,1.0978,28.379,75.306,11.783,250.03,SSP3-7.0
2042-06-29,4.1158,28.349,76.409,10.47,238.81,SSP3-7.0
2042-06-30,2.1719,28.915,72.895,10.307,281.4,SSP3-7.0
2042-07-01,1.7134,28.766,74.611,9.864,256.46,SSP3-7.0
2042-07-02,13.7652,27.861,81.506,11.0,242.18,SSP3-7.0
2042-07-03,24.8039,26.834,88.395,9.944,216.36,SSP3-7.0
2042-07-04,17.766,26.294,91.564,10.272,173.72,SSP3-7.0
2042-07-05,1.7698,26.094,91.643,8.67,190.88,SSP3-7.0
2042-07-06,15.9492,26.76,88.813,9.421,213.46,SSP3-7.0
2042-07-07,14.9167,26.034,91.989,10.67,180.37,SSP3-7.0
2042-07-08,2.833,26.993,84.946,11.434,210.8,SSP3-7.0
2042-07-09,1.0466,26.604,87.382,11.448,205.7,SSP3-7.0
2042-07-10,0.0,26.921,84.685,10.162,219.17,SSP3-7.0
2042-07-11,0.0,28.383,76.473,12.1,245.58,SSP3-7.0
2042-07-12,0.0,28.511,75.044,12.453,242.02,SSP3-7.0
2042-07-13,0.6521,27.66,81.219,9.411,231.14,SSP3-7.0
2042-07-14,3.823,27.192,86.199,12.468,220.74,SSP3-7.0
2042-07-15,29.1085,26.344,92.49,12.914,165.58,SSP3-7.0
2042-07-16,29.0581,26.192,94.423,9.275,142.51,SSP3-7.0
2042-07-17,21.5175,25.927,93.152,11.57,176.32,SSP3-7.0
2042-07-18,0.0273,26.414,90.19,10.94,204.52,SSP3-7.0
2042-07-19,0.0294,26.988,85.884,14.632,218.53,SSP3-7.0
2042-07-20,0.0,27.227,82.568,15.824,234.25,SSP3-7.0
2042-07-21,0.0683,27.179,82.789,15.33,229.8,SSP3-7.0
2042-07-22,1.4642,26.795,87.507,14.214,212.92,SSP3-7.0
2042-07-23,16.7072,26.403,90.714,12.733,200.49,SSP3-7.0
2042-07-24,9.9723,25.915,92.025,13.556,171.75,SSP3-7.0
2042-07-25,0.0,26.799,87.906,13.114,230.16,SSP3-7.0
2042-07-26,0.056,27.165,85.261,11.354,239.58,SSP3-7.0
2042-07-27,0.5334,26.832,86.301,10.829,224.35,SSP3-7.0
2042-07-28,0.0,27.812,82.086,10.482,278.19,SSP3-7.0
2042-07-29,0.0,27.782,78.72,12.077,272.88,SSP3-7.0
2042-07-30,0.5477,27.15,84.901,9.716,232.87,SSP3-7.0
2042-07-31,0.0306,27.346,84.182,9.93,244.08,SSP3-7.0
2042-08-01,0.0,27.303,81.979,8.622,278.68,SSP3-7.0
2042-08-02,0.0117,27.325,84.7,7.696,241.19,SSP3-7.0
2042-08-03,0.3773,27.349,86.581,8.029,234.85,SSP3-7.0
2042-08-04,0.4988,28.125,82.814,6.078,249.59,SSP3-7.0
2042-08-05,2.0432,27.004,89.382,4.814,230.1,SSP3-7.0
2042-08-06,2.8367,27.894,86.347,4.298,246.16,SSP3-7.0
2042-08-07,4.6853,27.142,86.703,8.321,227.92,SSP3-7.0
2042-08-08,0.4782,26.27,88.476,10.83,212.87,SSP3-7.0
2042-08-09,16.6001,26.536,88.054,10.24,219.38,SSP3-7.0
2042-08-10,1.1441,26.562,88.208,10.576,222.16,SSP3-7.0
2042-08-11,14.8518,26.558,89.672,11.403,225.17,SSP3-7.0
2042-08-12,0.4121,26.449,88.675,11.789,224.84,SSP3-7.0
2042-08-13,0.0,26.197,88.443,12.739,213.51,SSP3-7.0
2042-08-14,2.1435,26.659,85.988,14.879,236.92,SSP3-7.0
2042-08-15,17.802,26.798,84.296,17.298,238.18,SSP3-7.0
2042-08-16,24.8546,25.915,91.341,16.314,177.06,SSP3-7.0
2042-08-17,0.0389,25.873,91.184,15.4,194.28,SSP3-7.0
2042-08-18,7.8849,25.855,92.046,15.191,189.12,SSP3-7.0
2042-08-19,21.5329,25.888,92.074,16.676,205.08,SSP3-7.0
2042-08-20,4.358,26.161,91.229,12.559,204.62,SSP3-7.0
2042-08-21,42.3606,25.956,95.306,11.156,159.56,SSP3-7.0
2042-08-22,19.1749,25.723,92.848,13.539,171.41,SSP3-7.0
2042-08-23,1.4494,25.757,91.936,13.029,199.86,SSP3-7.0
2042-08-24,0.4048,26.165,89.461,11.676,231.29,SSP3-7.0
2042-08-25,0.0398,25.787,90.801,11.967,202.43,SSP3-7.0
2042-08-26,0.5737,26.001,89.124,11.325,221.73,SSP3-7.0
2042-08-27,0.0,25.923,89.889,12.007,207.48,SSP3-7.0
2042-08-28,53.8186,25.481,92.747,12.33,180.98,SSP3-7.0
2042-08-29,12.2824,25.148,91.99,14.248,184.93,SSP3-7.0
2042-08-30,2.3499,24.968,92.509,11.594,188.72,SSP3-7.0
2042-08-31,0.0,26.038,88.284,10.577,221.09,SSP3-7.0
2042-09-01,0.1082,25.42,88.106,11.447,220.37,SSP3-7.0
2042-09-02,0.0,25.348,90.767,8.594,210.82,SSP3-7.0
2042-09-03,0.5813,25.574,90.41,3.892,225.88,SSP3-7.0
2042-09-04,0.6313,26.101,86.984,6.141,246.25,SSP3-7.0
2042-09-05,0.1936,25.949,88.215,6.088,233.23,SSP3-7.0
2042-09-06,0.0,26.726,81.29,6.449,272.35,SSP3-7.0
2042-09-07,0.0,26.743,83.839,4.355,248.81,SSP3-7.0
2042-09-08,1.9049,26.425,87.83,2.691,239.64,SSP3-7.0
2042-09-09,18.7833,25.731,92.059,3.085,220.64,SSP3-7.0
2042-09-10,34.8887,25.421,93.259,7.695,217.03,SSP3-7.0
2042-09-11,9.2982,25.458,92.898,10.256,209.3,SSP3-7.0
2042-09-12,0.0,25.85,89.091,9.153,229.93,SSP3-7.0
2042-09-13,0.0,26.163,84.975,7.03,260.52,SSP3-7.0
2042-09-14,0.0,26.554,81.175,6.494,266.32,SSP3-7.0
2042-09-15,0.0,27.082,77.811,6.477,281.64,SSP3-7.0
2042-09-16,0.0017,26.96,81.185,3.673,248.27,SSP3-7.0
2042-09-17,6.5588,25.749,91.295,4.688,203.18,SSP3-7.0
2042-09-18,3.461,26.28,88.198,2.533,238.13,SSP3-7.0
2042-09-19,18.9577,26.002,90.228,2.309,229.05,SSP3-7.0
2042-09-20,0.0889,26.102,87.087,4.642,235.55,SSP3-7.0
2042-09-21,0.1583,26.42,86.324,3.709,235.59,SSP3-7.0
2042-09-22,30.3397,25.433,92.354,4.845,208.06,SSP3-7.0
2042-09-23,4.2011,25.487,90.749,9.672,213.91,SSP3-7.0
2042-09-24,0.6592,25.398,90.427,9.44,210.48,SSP3-7.0
2042-09-25,0.0331,26.269,85.022,5.717,241.82,SSP3-7.0
2042-09-26,0.0221,27.001,84.09,3.365,234.41,SSP3-7.0
2042-09-27,7.2007,26.127,87.044,6.196,230.7,SSP3-7.0
2042-09-28,46.482,25.455,95.395,5.658,159.37,SSP3-7.0
2042-09-29,37.4864,25.109,95.375,6.576,194.14,SSP3-7.0
2042-09-30,23.5253,25.121,93.521,6.643,190.5,SSP3-7.0
2042-10-01,27.368,24.672,92.421,5.535,208.73,SSP3-7.0
2042-10-02,4.1881,24.84,89.839,3.979,222.2,SSP3-7.0
2042-10-03,23.6838,24.729,91.163,5.51,221.1,SSP3-7.0
2042-10-04,0.3052,25.267,86.506,4.3,222.26,SSP3-7.0
2042-10-05,0.4618,26.228,85.412,3.685,238.93,SSP3-7.0
2042-10-06,0.0,27.459,72.488,9.407,235.36,SSP3-7.0
2042-10-07,0.0,24.856,77.559,15.847,218.87,SSP3-7.0
2042-10-08,21.2641,24.562,84.869,16.452,211.23,SSP3-7.0
2042-10-09,31.7277,24.505,94.083,10.595,136.95,SSP3-7.0
2042-10-10,26.7216,24.368,94.832,7.131,171.48,SSP3-7.0
2042-10-11,64.5573,24.469,96.139,5.211,158.3,SSP3-7.0
2042-10-12,54.0034,24.407,95.767,7.055,165.3,SSP3-7.0
2042-10-13,27.6224,24.227,94.628,5.274,184.02,SSP3-7.0
2042-10-14,5.4797,24.854,89.109,6.399,211.98,SSP3-7.0
2042-10-15,0.8656,25.046,87.577,9.326,203.52,SSP3-7.0
2042-10-16,0.0,25.637,80.311,10.36,228.18,SSP3-7.0
2042-10-17,0.0,25.632,70.377,10.074,255.79,SSP3-7.0
2042-10-18,0.0,25.355,72.402,10.042,257.98,SSP3-7.0
2042-10-19,0.0,24.866,80.384,8.676,234.47,SSP3-7.0
2042-10-20,0.0,25.259,81.166,7.885,238.46,SSP3-7.0
2042-10-21,0.0,25.781,71.192,7.115,261.35,SSP3-7.0
2042-10-22,1.6831,25.801,75.976,4.676,233.24,SSP3-7.0
2042-10-23,14.373,23.921,89.958,8.13,189.59,SSP3-7.0
2042-10-24,28.5997,22.942,92.991,6.447,171.52,SSP3-7.0
2042-10-25,5.5422,23.46,88.826,5.393,183.54,SSP3-7.0
2042-10-26,0.4501,25.245,83.322,5.206,200.69,SSP3-7.0
2042-10-27,0.118,25.95,80.578,6.641,232.76,SSP3-7.0
2042-10-28,24.4405,22.983,89.823,8.293,192.16,SSP3-7.0
2042-10-29,0.0256,23.496,84.8,7.575,222.17,SSP3-7.0
2042-10-30,0.0,23.953,82.888,4.851,238.25,SSP3-7.0
2042-10-31,0.179,24.488,84.224,3.422,219.36,SSP3-7.0
2042-11-01,0.0611,24.969,82.13,5.073,227.4,SSP3-7.0
2042-11-02,0.0,24.415,80.882,6.366,240.59,SSP3-7.0
2042-11-03,0.0,24.015,76.485,6.145,242.73,SSP3-7.0
2042-11-04,0.0,23.893,74.694,6.472,239.44,SSP3-7.0
2042-11-05,0.0,24.015,65.982,8.058,241.18,SSP3-7.0
2042-11-06,0.0,23.914,69.436,7.994,248.43,SSP3-7.0
2042-11-07,0.0,23.792,68.94,8.012,243.14,SSP3-7.0
2042-11-08,0.0,23.633,67.375,9.395,227.5,SSP3-7.0
2042-11-09,0.0,23.831,75.582,9.899,218.81,SSP3-7.0
2042-11-10,0.0685,24.042,75.4,9.989,208.99,SSP3-7.0
2042-11-11,0.0,23.405,63.846,11.476,208.0,SSP3-7.0
2042-11-12,0.0,22.722,61.495,10.106,223.02,SSP3-7.0
2042-11-13,0.0,22.096,56.508,9.855,234.25,SSP3-7.0
2042-11-14,0.0,21.688,54.281,9.376,238.29,SSP3-7.0
2042-11-15,0.0,21.381,50.334,9.047,257.33,SSP3-7.0
2042-11-16,0.0,21.105,51.994,8.815,256.62,SSP3-7.0
2042-11-17,0.0,20.939,50.084,8.947,257.67,SSP3-7.0
2042-11-18,0.0,21.221,48.111,7.958,257.27,SSP3-7.0
2042-11-19,0.0,21.65,48.36,8.963,252.5,SSP3-7.0
2042-11-20,0.0,22.334,53.735,8.671,250.0,SSP3-7.0
2042-11-21,0.0,22.362,53.117,5.992,242.67,SSP3-7.0
2042-11-22,0.0,22.204,52.076,5.904,223.88,SSP3-7.0
2042-11-23,0.0,22.539,54.992,5.218,221.52,SSP3-7.0
2042-11-24,0.0,22.706,55.663,7.022,228.61,SSP3-7.0
2042-11-25,0.0,22.46,53.194,8.722,227.87,SSP3-7.0
2042-11-26,0.0,22.634,55.241,11.157,214.87,SSP3-7.0
2042-11-27,0.0,21.507,45.756,12.226,226.35,SSP3-7.0
2042-11-28,0.0,21.222,45.017,10.944,240.62,SSP3-7.0
2042-11-29,0.0,21.178,48.697,11.162,235.92,SSP3-7.0
2042-11-30,0.0,20.397,46.176,10.123,248.69,SSP3-7.0
2042-12-01,0.0,20.268,47.975,7.127,247.75,SSP3-7.0
2042-12-02,0.0,20.526,51.509,6.1,242.43,SSP3-7.0
2042-12-03,0.0,20.768,56.019,6.631,221.19,SSP3-7.0
2042-12-04,0.0,21.422,54.491,6.479,220.15,SSP3-7.0
2042-12-05,0.0,21.354,54.448,5.97,219.5,SSP3-7.0
2042-12-06,0.0,21.255,55.359,6.437,215.36,SSP3-7.0
2042-12-07,0.0,21.459,55.488,7.445,208.51,SSP3-7.0
2042-12-08,0.0,20.91,49.957,8.566,224.24,SSP3-7.0
2042-12-09,0.0,21.12,46.905,9.539,230.69,SSP3-7.0
2042-12-10,0.0,21.789,52.703,7.997,223.52,SSP3-7.0
2042-12-11,0.0,22.669,57.304,7.505,224.95,SSP3-7.0
2042-12-12,0.0,22.501,57.423,9.571,220.08,SSP3-7.0
2042-12-13,0.0,21.718,58.436,9.684,220.1,SSP3-7.0
2042-12-14,0.0,20.991,65.94,7.594,201.71,SSP3-7.0
2042-12-15,0.0,21.367,65.482,6.151,187.43,SSP3-7.0
2042-12-16,0.0,22.464,53.783,8.408,224.08,SSP3-7.0
2042-12-17,0.0,21.431,49.163,9.611,216.37,SSP3-7.0
2042-12-18,0.0,21.128,51.127,7.541,218.38,SSP3-7.0
2042-12-19,0.0,21.547,49.703,7.708,222.24,SSP3-7.0
2042-12-20,0.0,21.217,49.737,9.676,225.98,SSP3-7.0
2042-12-21,0.0,21.387,53.838,9.384,227.51,SSP3-7.0
2042-12-22,0.0,20.995,61.53,9.011,187.04,SSP3-7.0
2042-12-23,0.0,23.107,57.993,6.936,215.92,SSP3-7.0
2042-12-24,0.0,22.954,59.287,5.885,219.24,SSP3-7.0
2042-12-25,0.0,22.669,58.68,7.885,207.38,SSP3-7.0
2042-12-26,0.0,22.554,54.49,9.968,216.69,SSP3-7.0
2042-12-27,0.0,21.865,49.096,7.907,232.92,SSP3-7.0
2042-12-28,0.0,21.749,44.215,6.91,243.75,SSP3-7.0
2042-12-29,0.0,21.385,50.758,5.796,237.3,SSP3-7.0
2042-12-30,0.0,21.927,52.907,7.074,222.65,SSP3-7.0
2042-12-31,0.0,21.996,52.29,5.824,210.82,SSP3-7.0
2043-01-01,0.0,22.073,49.43,6.118,212.64,SSP3-7.0
2043-01-02,0.0,21.388,51.25,8.722,207.18,SSP3-7.0
2043-01-03,0.0,21.655,48.964,8.532,224.85,SSP3-7.0
2043-01-04,0.0,21.915,55.05,9.903,203.46,SSP3-7.0
2043-01-05,0.0,20.655,69.37,7.661,183.45,SSP3-7.0
2043-01-06,0.0,21.428,57.375,6.325,217.51,SSP3-7.0
2043-01-07,0.0,21.811,55.14,8.051,222.04,SSP3-7.0
2043-01-08,0.0,21.08,62.948,8.822,188.78,SSP3-7.0
2043-01-09,0.0,22.152,55.668,9.894,211.62,SSP3-7.0
2043-01-10,0.0,21.753,55.276,9.155,218.0,SSP3-7.0
2043-01-11,0.0,20.795,56.395,9.655,185.39,SSP3-7.0
2043-01-12,0.0,21.166,54.163,8.001,196.47,SSP3-7.0
2043-01-13,0.0,21.474,48.151,8.851,227.7,SSP3-7.0
2043-01-14,0.0,21.544,45.574,8.11,238.4,SSP3-7.0
2043-01-15,0.0,21.591,44.759,5.638,235.99,SSP3-7.0
2043-01-16,0.0,21.911,45.329,4.547,236.52,SSP3-7.0
2043-01-17,0.0,21.866,44.402,4.849,241.86,SSP3-7.0
2043-01-18,0.0,22.052,44.228,7.911,244.02,SSP3-7.0
2043-01-19,0.0,22.086,42.986,9.753,247.91,SSP3-7.0
2043-01-20,0.0,21.59,36.932,12.333,254.32,SSP3-7.0
2043-01-21,0.0,21.3,33.375,11.632,265.06,SSP3-7.0
2043-01-22,0.0,21.053,34.378,12.256,263.66,SSP3-7.0
2043-01-23,0.0,21.292,35.704,13.442,264.94,SSP3-7.0
2043-01-24,0.0,21.257,35.587,10.567,264.77,SSP3-7.0
2043-01-25,0.0,20.846,39.62,5.935,262.85,SSP3-7.0
2043-01-26,0.0,21.543,41.716,5.434,251.58,SSP3-7.0
2043-01-27,0.0,22.316,44.067,6.603,248.3,SSP3-7.0
2043-01-28,0.0,22.866,46.383,7.718,248.7,SSP3-7.0
2043-01-29,0.0,23.558,48.43,8.818,253.29,SSP3-7.0
2043-01-30,0.0,23.847,46.792,8.146,257.73,SSP3-7.0
2043-01-31,0.0,23.816,44.186,6.216,254.33,SSP3-7.0
2043-02-01,0.0,23.967,42.118,4.957,237.67,SSP3-7.0
2043-02-02,0.0,23.753,40.895,5.539,261.0,SSP3-7.0
2043-02-03,0.0,23.981,38.25,6.985,239.28,SSP3-7.0
2043-02-04,0.0,24.364,38.034,10.385,265.16,SSP3-7.0
2043-02-05,0.0,24.483,39.45,8.645,272.75,SSP3-7.0
2043-02-06,0.0,24.573,39.708,5.738,265.62,SSP3-7.0
2043-02-07,0.0,24.706,40.117,5.748,269.84,SSP3-7.0
2043-02-08,0.0,25.1,40.595,3.263,266.09,SSP3-7.0
2043-02-09,0.0,25.323,38.807,8.785,237.74,SSP3-7.0
2043-02-10,0.0,25.975,34.245,14.561,243.42,SSP3-7.0
2043-02-11,0.0,24.977,32.568,15.281,278.89,SSP3-7.0
2043-02-12,0.0,24.789,40.16,13.519,279.11,SSP3-7.0
2043-02-13,0.0,22.22,60.586,9.207,154.82,SSP3-7.0
2043-02-14,0.0,24.799,54.755,6.5,215.65,SSP3-7.0
2043-02-15,0.0,25.474,43.814,10.409,261.37,SSP3-7.0
2043-02-16,0.0,25.319,38.754,10.964,273.83,SSP3-7.0
2043-02-17,0.0,25.479,43.587,6.538,269.91,SSP3-7.0
2043-02-18,0.0,25.895,49.106,6.96,233.26,SSP3-7.0
2043-02-19,0.0,26.269,46.351,7.526,244.03,SSP3-7.0
2043-02-20,0.0,26.62,41.028,8.269,257.85,SSP3-7.0
2043-02-21,0.0,26.747,40.471,4.743,267.27,SSP3-7.0
2043-02-22,0.0,26.858,41.257,5.71,268.28,SSP3-7.0
2043-02-23,0.0,26.926,38.887,5.066,265.83,SSP3-7.0
2043-02-24,0.0,27.027,33.202,8.82,264.03,SSP3-7.0
2043-02-25,0.0,26.625,30.096,10.082,284.85,SSP3-7.0
2043-02-26,0.0,26.407,27.817,10.598,294.0,SSP3-7.0
2043-02-27,0.0,26.528,30.493,8.098,293.67,SSP3-7.0
2043-02-28,0.0,27.226,32.643,8.82,280.79,SSP3-7.0
2043-03-01,0.0,27.309,34.186,12.845,254.12,SSP3-7.0
2043-03-02,0.0,27.624,37.06,13.27,253.53,SSP3-7.0
2043-03-03,0.0016,27.909,40.967,11.226,243.92,SSP3-7.0
2043-03-04,0.0,27.591,41.509,9.269,229.64,SSP3-7.0
2043-03-05,0.0,28.353,39.79,10.433,246.58,SSP3-7.0
2043-03-06,0.0062,27.597,46.635,7.063,224.71,SSP3-7.0
2043-03-07,1.6694,25.519,64.244,7.147,202.92,SSP3-7.0
2043-03-08,11.3365,23.375,75.854,10.137,190.59,SSP3-7.0
2043-03-09,0.4897,24.281,68.318,6.844,208.53,SSP3-7.0
2043-03-10,0.0,26.062,60.37,6.771,218.2,SSP3-7.0
2043-03-11,0.0,26.677,51.697,4.857,242.54,SSP3-7.0
2043-03-12,0.0,27.362,39.971,3.65,271.92,SSP3-7.0
2043-03-13,0.0,27.162,38.82,5.206,259.49,SSP3-7.0
2043-03-14,0.0,27.709,35.53,6.911,288.42,SSP3-7.0
2043-03-15,0.0,27.875,31.583,10.173,306.2,SSP3-7.0
2043-03-16,0.0033,28.277,34.343,8.258,270.73,SSP3-7.0
2043-03-17,0.0,28.825,39.291,9.253,278.46,SSP3-7.0
2043-03-18,0.0,28.773,32.618,5.825,311.48,SSP3-7.0
2043-03-19,0.0,28.544,32.49,4.863,315.72,SSP3-7.0
2043-03-20,0.0,28.988,33.041,8.908,299.25,SSP3-7.0
2043-03-21,0.0003,29.836,33.703,6.725,279.81,SSP3-7.0
2043-03-22,0.0,29.31,34.404,5.279,286.31,SSP3-7.0
2043-03-23,0.0,29.208,32.987,5.683,300.36,SSP3-7.0
2043-03-24,0.0,29.533,31.244,8.239,291.13,SSP3-7.0
2043-03-25,0.0,28.715,26.891,8.267,323.5,SSP3-7.0
2043-03-26,0.0,28.275,26.747,5.094,326.57,SSP3-7.0
2043-03-27,0.0,28.824,26.258,5.626,324.74,SSP3-7.0
2043-03-28,0.0,28.959,26.094,5.872,321.2,SSP3-7.0
2043-03-29,0.0,29.342,26.981,5.624,313.93,SSP3-7.0
2043-03-30,0.0,29.659,27.159,6.664,294.5,SSP3-7.0
2043-03-31,0.0,30.44,27.109,6.354,279.09,SSP3-7.0
2043-04-01,0.0,30.359,28.299,5.061,287.97,SSP3-7.0
2043-04-02,0.0,30.24,31.607,4.862,268.97,SSP3-7.0
2043-04-03,0.0,29.406,31.073,4.907,225.75,SSP3-7.0
2043-04-04,0.0,30.16,30.396,3.593,281.12,SSP3-7.0
2043-04-05,0.0,30.945,29.956,3.776,280.94,SSP3-7.0
2043-04-06,0.0,30.459,27.689,4.799,314.82,SSP3-7.0
2043-04-07,0.0,30.987,28.349,7.339,311.28,SSP3-7.0
2043-04-08,0.0103,31.524,27.214,9.791,300.99,SSP3-7.0
2043-04-09,0.0073,28.487,40.783,8.196,211.33,SSP3-7.0
2043-04-10,0.0063,30.358,29.76,9.525,318.04,SSP3-7.0
2043-04-11,0.0057,30.722,30.819,10.102,319.96,SSP3-7.0
2043-04-12,0.0297,31.272,29.19,9.622,315.38,SSP3-7.0
2043-04-13,0.0014,31.197,29.554,10.229,323.01,SSP3-7.0
2043-04-14,0.0,31.25,28.842,9.91,322.08,SSP3-7.0
2043-04-15,0.0,31.337,28.945,7.824,313.4,SSP3-7.0
2043-04-16,0.0,31.5,28.649,6.873,309.63,SSP3-7.0
2043-04-17,0.0,32.036,27.444,6.229,313.24,SSP3-7.0
2043-04-18,0.0009,32.485,27.0,6.677,300.41,SSP3-7.0
2043-04-19,0.0,32.549,27.278,5.387,255.25,SSP3-7.0
2043-04-20,0.0658,32.342,27.896,6.661,291.19,SSP3-7.0
2043-04-21,7.1718,31.158,35.878,6.29,268.81,SSP3-7.0
2043-04-22,7.9511,25.371,64.735,5.406,189.71,SSP3-7.0
2043-04-23,10.5418,25.559,63.493,7.516,248.42,SSP3-7.0
2043-04-24,3.3422,29.038,52.161,5.742,287.58,SSP3-7.0
2043-04-25,0.0461,30.702,40.012,6.294,294.71,SSP3-7.0
2043-04-26,0.0,31.125,35.104,5.321,316.43,SSP3-7.0
2043-04-27,0.0544,31.244,31.12,6.065,312.3,SSP3-7.0
2043-04-28,0.1341,31.398,31.661,6.399,297.89,SSP3-7.0
2043-04-29,14.9864,29.456,48.682,5.955,237.64,SSP3-7.0
2043-04-30,9.0014,30.064,47.884,4.719,284.23,SSP3-7.0
2043-05-01,0.5514,29.544,46.489,4.41,283.91,SSP3-7.0
2043-05-02,0.0,31.234,34.293,5.318,326.48,SSP3-7.0
2043-05-03,0.0,31.739,31.753,4.921,302.08,SSP3-7.0
2043-05-04,0.0,32.153,29.433,5.829,320.75,SSP3-7.0
2043-05-05,0.0,32.554,28.907,7.17,310.2,SSP3-7.0
2043-05-06,0.786,32.611,31.693,7.495,290.5,SSP3-7.0
2043-05-07,0.6769,31.639,39.051,4.415,270.51,SSP3-7.0
2043-05-08,0.0402,32.301,33.98,5.643,292.23,SSP3-7.0
2043-05-09,5.0105,31.361,42.228,8.228,240.49,SSP3-7.0
2043-05-10,0.0833,31.195,42.889,7.115,263.27,SSP3-7.0
2043-05-11,0.1476,31.916,40.009,6.282,288.84,SSP3-7.0
2043-05-12,0.0483,32.437,37.283,6.409,301.95,SSP3-7.0
2043-05-13,0.3552,32.268,40.405,5.298,278.07,SSP3-7.0
2043-05-14,0.3323,32.678,35.388,4.669,294.57,SSP3-7.0
2043-05-15,0.2428,32.201,39.481,5.196,270.31,SSP3-7.0
2043-05-16,0.1576,32.448,38.869,3.752,283.05,SSP3-7.0
2043-05-17,0.1173,32.704,35.53,5.075,300.79,SSP3-7.0
2043-05-18,0.0217,32.943,35.035,4.564,296.38,SSP3-7.0
2043-05-19,0.408,31.932,39.444,7.738,267.3,SSP3-7.0
2043-05-20,0.1824,29.9,46.338,10.05,232.0,SSP3-7.0
2043-05-21,5.3499,26.991,58.412,14.69,204.93,SSP3-7.0
2043-05-22,4.382,27.669,59.163,15.902,211.7,SSP3-7.0
2043-05-23,0.0,30.96,48.702,7.899,272.3,SSP3-7.0
2043-05-24,0.0,31.429,49.321,6.899,290.53,SSP3-7.0
2043-05-25,0.0,32.478,40.241,8.499,322.56,SSP3-7.0
2043-05-26,0.0,32.745,38.614,12.441,327.38,SSP3-7.0
2043-05-27,0.0,32.733,39.383,13.398,325.03,SSP3-7.0
2043-05-28,0.0001,32.794,41.593,14.313,305.61,SSP3-7.0
2043-05-29,0.0608,31.175,49.939,14.958,285.56,SSP3-7.0
2043-05-30,0.3433,31.264,54.714,15.736,271.66,SSP3-7.0
2043-05-31,0.0,31.0,51.066,16.632,296.28,SSP3-7.0
2043-06-01,0.0,32.814,44.688,16.042,319.86,SSP3-7.0
2043-06-02,0.0,32.034,46.786,14.967,289.33,SSP3-7.0
2043-06-03,0.0,32.422,44.988,15.14,312.34,SSP3-7.0
2043-06-04,0.0,32.553,42.185,14.859,318.87,SSP3-7.0
2043-06-05,0.0,32.996,38.6,15.731,338.76,SSP3-7.0
2043-06-06,0.0,33.274,40.213,16.526,341.7,SSP3-7.0
2043-06-07,0.0,31.887,46.66,16.51,293.83,SSP3-7.0
2043-06-08,0.0,30.614,53.224,15.04,265.9,SSP3-7.0
2043-06-09,0.0,31.006,50.778,16.529,262.4,SSP3-7.0
2043-06-10,0.0,32.127,45.953,17.992,307.91,SSP3-7.0
2043-06-11,0.0,31.481,43.297,17.041,294.23,SSP3-7.0
2043-06-12,0.0,32.224,45.006,16.292,310.12,SSP3-7.0
2043-06-13,0.5849,30.765,53.589,10.589,289.02,SSP3-7.0
2043-06-14,13.4254,26.693,82.236,9.504,171.92,SSP3-7.0
2043-06-15,4.9144,28.683,74.108,5.111,265.08,SSP3-7.0
2043-06-16,2.7018,28.917,72.779,6.394,267.93,SSP3-7.0
2043-06-17,0.5986,28.633,75.291,5.655,253.55,SSP3-7.0
2043-06-18,19.4929,27.498,83.866,8.584,231.75,SSP3-7.0
2043-06-19,14.6002,28.349,79.957,13.807,253.13,SSP3-7.0
2043-06-20,0.2611,28.611,74.044,15.554,259.12,SSP3-7.0
2043-06-21,1.9056,27.31,80.434,12.308,214.48,SSP3-7.0
2043-06-22,0.1034,28.14,74.582,15.313,242.92,SSP3-7.0
2043-06-23,0.069,27.674,77.831,14.541,228.04,SSP3-7.0
2043-06-24,0.9309,27.509,78.397,13.259,225.35,SSP3-7.0
2043-06-25,2.1655,27.556,79.155,14.281,227.59,SSP3-7.0
2043-06-26,4.0487,27.383,79.916,14.647,226.03,SSP3-7.0
2043-06-27,0.7768,27.741,76.231,16.497,247.12,SSP3-7.0
2043-06-28,0.5117,28.002,72.33,17.998,248.45,SSP3-7.0
2043-06-29,1.1793,27.064,80.674,14.579,209.82,SSP3-7.0
2043-06-30,0.25,27.261,81.089,14.348,216.87,SSP3-7.0
2043-07-01,8.2267,26.929,79.543,16.441,234.63,SSP3-7.0
2043-07-02,1.0166,26.882,79.827,15.855,230.37,SSP3-7.0
2043-07-03,0.0923,26.469,80.382,16.003,219.57,SSP3-7.0
2043-07-04,0.2212,26.142,84.922,15.213,204.51,SSP3-7.0
2043-07-05,8.5811,26.179,85.163,16.312,216.64,SSP3-7.0
2043-07-06,3.614,26.423,83.288,17.07,230.65,SSP3-7.0
2043-07-07,5.6476,26.175,85.724,15.747,200.2,SSP3-7.0
2043-07-08,25.4619,25.871,90.905,13.936,182.54,SSP3-7.0
2043-07-09,19.0686,25.922,90.625,11.181,190.12,SSP3-7.0
2043-07-10,19.3815,25.587,93.459,9.956,167.73,SSP3-7.0
2043-07-11,6.4446,25.946,90.71,13.001,199.46,SSP3-7.0
2043-07-12,8.741,25.911,88.874,16.117,206.82,SSP3-7.0
2043-07-13,21.2665,25.785,91.654,14.056,177.19,SSP3-7.0
2043-07-14,9.7893,26.01,90.737,13.867,210.19,SSP3-7.0
2043-07-15,7.4366,26.189,90.874,13.675,210.08,SSP3-7.0
2043-07-16,14.6173,26.163,88.847,15.879,213.65,SSP3-7.0
2043-07-17,1.052,26.372,89.953,11.995,214.86,SSP3-7.0
2043-07-18,7.6068,25.913,90.982,10.447,198.62,SSP3-7.0
2043-07-19,8.8105,25.815,92.848,7.952,194.7,SSP3-7.0
2043-07-20,22.9112,25.993,92.102,8.179,205.41,SSP3-7.0
2043-07-21,17.7096,25.57,92.537,10.638,197.1,SSP3-7.0
2043-07-22,0.2035,25.828,90.641,9.904,206.59,SSP3-7.0
2043-07-23,0.0811,26.628,85.052,12.308,262.98,SSP3-7.0
2043-07-24,19.4486,25.913,89.773,12.869,207.79,SSP3-7.0
2043-07-25,22.6141,25.285,93.738,11.405,164.27,SSP3-7.0
2043-07-26,37.8894,25.583,94.667,8.461,168.22,SSP3-7.0
2043-07-27,15.651,25.578,93.338,9.854,190.96,SSP3-7.0
2043-07-28,0.3489,25.746,92.198,7.084,198.33,SSP3-7.0
2043-07-29,21.2802,26.134,91.103,8.192,222.81,SSP3-7.0
2043-07-30,10.4782,26.332,90.345,6.407,239.49,SSP3-7.0
2043-07-31,3.9588,26.693,88.913,6.438,242.08,SSP3-7.0
2043-08-01,8.0788,26.859,90.108,7.214,226.23,SSP3-7.0
2043-08-02,0.9013,26.845,90.334,6.2,231.07,SSP3-7.0
2043-08-03,0.9952,26.736,90.499,6.231,226.19,SSP3-7.0
2043-08-04,0.0688,27.369,86.942,5.998,245.27,SSP3-7.0
2043-08-05,0.0,26.94,87.663,5.1,231.96,SSP3-7.0
2043-08-06,10.9735,26.618,90.921,5.373,220.18,SSP3-7.0
2043-08-07,0.1885,27.055,87.364,7.8,249.26,SSP3-7.0
2043-08-08,13.9184,26.531,91.702,6.127,210.03,SSP3-7.0
2043-08-09,27.2409,26.174,94.445,5.329,204.91,SSP3-7.0
2043-08-10,9.9496,26.43,91.463,5.787,226.71,SSP3-7.0
2043-08-11,2.9885,26.71,89.712,7.474,242.7,SSP3-7.0
2043-08-12,18.6941,26.372,90.737,10.444,220.04,SSP3-7.0
2043-08-13,23.6972,26.479,89.928,13.74,229.14,SSP3-7.0
2043-08-14,24.2879,26.165,94.56,13.074,159.65,SSP3-7.0
2043-08-15,11.7561,26.047,93.164,15.45,193.91,SSP3-7.0
2043-08-16,83.7856,25.806,94.77,19.166,126.06,SSP3-7.0
2043-08-17,78.7037,25.684,95.09,17.568,169.49,SSP3-7.0
2043-08-18,26.6599,25.76,93.117,16.786,183.34,SSP3-7.0
2043-08-19,21.5203,25.745,94.744,13.146,149.52,SSP3-7.0
2043-08-20,0.0,26.572,88.473,12.518,240.48,SSP3-7.0
2043-08-21,0.0294,26.422,88.28,12.232,236.3,SSP3-7.0
2043-08-22,0.0813,26.134,90.808,11.851,221.48,SSP3-7.0
2043-08-23,18.09,26.198,89.892,13.766,225.65,SSP3-7.0
2043-08-24,27.5798,25.354,94.698,12.048,181.3,SSP3-7.0
2043-08-25,0.2345,25.737,93.903,8.611,201.12,SSP3-7.0
2043-08-26,0.0,26.327,90.387,8.484,240.62,SSP3-7.0
2043-08-27,17.6418,26.307,92.17,6.863,222.39,SSP3-7.0
2043-08-28,1.6485,26.158,93.532,4.111,208.66,SSP3-7.0
2043-08-29,0.5847,26.529,92.866,2.987,243.0,SSP3-7.0
2043-08-30,0.2502,26.521,93.356,3.438,226.62,SSP3-7.0
2043-08-31,0.0,26.84,90.848,3.825,246.24,SSP3-7.0
2043-09-01,0.4665,26.422,90.321,3.235,240.8,SSP3-7.0
2043-09-02,6.3736,26.02,92.07,3.429,232.03,SSP3-7.0
2043-09-03,17.5416,25.729,93.723,4.36,223.47,SSP3-7.0
2043-09-04,1.5509,26.072,90.269,3.563,245.03,SSP3-7.0
2043-09-05,0.4971,26.213,89.144,4.303,248.58,SSP3-7.0
2043-09-06,4.9573,25.943,92.557,3.476,238.43,SSP3-7.0
2043-09-07,12.3625,25.756,92.844,2.434,229.76,SSP3-7.0
2043-09-08,0.7316,25.818,91.694,3.86,233.28,SSP3-7.0
2043-09-09,23.8322,25.737,93.927,6.633,228.32,SSP3-7.0
2043-09-10,27.0057,25.554,96.022,8.467,209.98,SSP3-7.0
2043-09-11,0.0,25.704,91.543,11.617,234.81,SSP3-7.0
2043-09-12,1.7508,25.735,90.965,8.919,238.13,SSP3-7.0
2043-09-13,0.0,25.802,90.913,4.094,231.45,SSP3-7.0
2043-09-14,0.0,26.359,87.629,4.193,255.46,SSP3-7.0
2043-09-15,0.0,26.506,85.529,4.162,266.3,SSP3-7.0
2043-09-16,0.0,26.703,83.418,5.553,270.49,SSP3-7.0
2043-09-17,0.151,26.736,84.143,5.4,265.17,SSP3-7.0
2043-09-18,0.0,26.807,84.982,3.286,251.29,SSP3-7.0
2043-09-19,0.0,27.266,83.554,2.999,260.9,SSP3-7.0
2043-09-20,0.214,26.981,87.277,4.727,244.85,SSP3-7.0
2043-09-21,0.0,26.887,87.121,4.732,248.62,SSP3-7.0
2043-09-22,0.1586,27.028,85.927,4.875,245.77,SSP3-7.0
2043-09-23,0.5886,26.792,85.747,6.705,237.24,SSP3-7.0
2043-09-24,0.0,27.51,82.775,5.461,253.84,SSP3-7.0
2043-09-25,0.5429,27.724,82.1,5.851,258.19,SSP3-7.0
2043-09-26,0.0,27.578,83.977,5.029,249.11,SSP3-7.0
2043-09-27,0.7992,26.92,86.75,5.467,244.11,SSP3-7.0
2043-09-28,13.6026,25.759,91.032,6.251,221.29,SSP3-7.0
2043-09-29,10.5147,25.178,92.516,6.265,204.57,SSP3-7.0
2043-09-30,16.3973,25.048,92.191,6.179,213.43,SSP3-7.0
2043-10-01,12.807,24.213,93.833,4.501,201.72,SSP3-7.0
2043-10-02,2.7781,24.56,91.184,2.888,228.9,SSP3-7.0
2043-10-03,0.2234,25.262,88.367,2.793,246.15,SSP3-7.0
2043-10-04,7.4002,25.097,91.065,2.531,216.18,SSP3-7.0
2043-10-05,3.3245,25.134,89.948,3.039,219.82,SSP3-7.0
2043-10-06,0.7405,24.827,91.01,4.756,202.6,SSP3-7.0
2043-10-07,0.2425,25.777,86.871,6.681,224.25,SSP3-7.0
2043-10-08,0.0,25.606,86.052,9.508,211.26,SSP3-7.0
2043-10-09,0.1316,24.701,84.107,13.399,202.74,SSP3-7.0
2043-10-10,21.2457,24.349,88.479,12.102,186.12,SSP3-7.0
2043-10-11,51.2063,24.455,93.358,11.978,131.74,SSP3-7.0
2043-10-12,9.6514,24.404,89.573,9.656,194.51,SSP3-7.0
2043-10-13,4.7521,24.295,90.519,9.278,186.72,SSP3-7.0
2043-10-14,7.4863,24.203,90.997,7.57,191.23,SSP3-7.0
2043-10-15,0.0,25.328,86.017,8.772,241.13,SSP3-7.0
2043-10-16,0.0,25.986,84.637,10.031,244.53,SSP3-7.0
2043-10-17,0.0,26.348,83.186,9.172,251.69,SSP3-7.0
2043-10-18,0.0,24.785,87.299,10.033,209.0,SSP3-7.0
2043-10-19,0.0,25.144,85.547,10.941,235.3,SSP3-7.0
2043-10-20,0.0,24.881,83.37,9.692,251.97,SSP3-7.0
2043-10-21,0.0,24.631,84.51,9.866,247.5,SSP3-7.0
2043-10-22,0.0,24.867,81.32,10.036,271.39,SSP3-7.0
2043-10-23,0.0,25.043,79.596,8.15,267.17,SSP3-7.0
2043-10-24,0.0,24.735,71.704,8.152,262.22,SSP3-7.0
2043-10-25,0.0,24.538,72.497,7.673,255.94,SSP3-7.0
2043-10-26,0.0058,24.919,71.264,6.641,250.7,SSP3-7.0
2043-10-27,0.0,24.268,69.39,7.055,223.23,SSP3-7.0
2043-10-28,0.0,22.629,51.614,8.226,273.72,SSP3-7.0
2043-10-29,0.0,22.21,53.741,4.841,272.58,SSP3-7.0
2043-10-30,0.0,22.381,69.561,6.091,261.87,SSP3-7.0
2043-10-31,0.0,23.414,81.976,7.449,239.05,SSP3-7.0
2043-11-01,0.0345,23.891,78.165,6.814,235.23,SSP3-7.0
2043-11-02,0.0013,25.228,81.073,7.907,206.41,SSP3-7.0
2043-11-03,23.2483,23.912,87.742,13.65,184.11,SSP3-7.0
2043-11-04,1.2818,23.545,89.44,10.084,173.18,SSP3-7.0
2043-11-05,3.8957,24.382,86.977,5.215,196.57,SSP3-7.0
2043-11-06,0.0,24.257,86.332,4.812,176.14,SSP3-7.0
2043-11-07,0.0,24.717,81.509,7.184,211.28,SSP3-7.0
2043-11-08,0.0,24.655,81.123,5.743,215.95,SSP3-7.0
2043-11-09,0.0,24.266,76.835,8.228,222.63,SSP3-7.0
2043-11-10,0.0,24.096,68.028,8.503,233.85,SSP3-7.0
2043-11-11,0.0121,24.275,79.813,7.615,222.67,SSP3-7.0
2043-11-12,0.0842,24.082,80.89,7.845,224.24,SSP3-7.0
2043-11-13,0.0,23.963,74.02,6.241,233.2,SSP3-7.0
2043-11-14,0.0,23.362,61.006,6.33,236.87,SSP3-7.0
2043-11-15,0.0,23.178,61.121,6.583,215.16,SSP3-7.0
2043-11-16,0.0,23.13,68.623,6.224,209.25,SSP3-7.0
2043-11-17,0.0,23.223,63.919,6.611,228.68,SSP3-7.0
2043-11-18,0.0,23.157,64.952,6.234,228.42,SSP3-7.0
2043-11-19,0.0,23.528,72.027,7.369,220.09,SSP3-7.0
2043-11-20,0.0254,23.43,76.299,8.181,201.72,SSP3-7.0
2043-11-21,0.476,22.548,88.304,9.251,161.11,SSP3-7.0
2043-11-22,0.2741,22.609,86.082,8.13,166.32,SSP3-7.0
2043-11-23,0.0,24.771,73.855,7.836,202.29,SSP3-7.0
2043-11-24,0.0,24.147,72.938,8.408,203.84,SSP3-7.0
2043-11-25,0.0,23.812,69.2,8.575,216.41,SSP3-7.0
2043-11-26,0.0,23.494,67.002,9.057,225.35,SSP3-7.0
2043-11-27,0.0,23.271,61.822,11.191,219.93,SSP3-7.0
2043-11-28,0.0,23.037,55.587,12.936,226.48,SSP3-7.0
2043-11-29,0.0,23.255,58.019,12.828,225.09,SSP3-7.0
2043-11-30,0.0,23.169,49.961,12.943,233.67,SSP3-7.0
2043-12-01,0.0064,21.889,69.868,10.673,181.58,SSP3-7.0
2043-12-02,0.0528,21.458,87.219,13.409,114.04,SSP3-7.0
2043-12-03,0.0029,21.678,77.439,12.643,154.2,SSP3-7.0
2043-12-04,0.0,22.088,64.068,12.622,222.19,SSP3-7.0
2043-12-05,0.0,22.123,57.41,13.241,232.55,SSP3-7.0
2043-12-06,0.0,21.976,55.367,12.105,233.2,SSP3-7.0
2043-12-07,0.0,21.693,55.791,10.338,232.38,SSP3-7.0
2043-12-08,0.0,21.569,57.355,9.217,232.43,SSP3-7.0
2043-12-09,0.0,21.571,59.508,7.461,224.32,SSP3-7.0
2043-12-10,0.0,21.442,67.924,7.483,180.04,SSP3-7.0
2043-12-11,0.0,21.559,54.224,9.797,219.77,SSP3-7.0
2043-12-12,0.0,21.322,48.045,9.673,235.46,SSP3-7.0
2043-12-13,0.0,20.598,50.805,9.496,230.64,SSP3-7.0
2043-12-14,0.0,20.164,47.12,8.98,234.52,SSP3-7.0
2043-12-15,0.0,20.073,53.747,9.2,221.87,SSP3-7.0
2043-12-16,0.0,20.441,70.081,9.385,163.58,SSP3-7.0
2043-12-17,0.0,20.509,57.589,8.193,212.51,SSP3-7.0
2043-12-18,0.0,20.685,56.129,9.251,191.56,SSP3-7.0
2043-12-19,0.0,20.536,60.505,11.39,167.67,SSP3-7.0
2043-12-20,0.0,20.391,52.647,11.79,226.32,SSP3-7.0
2043-12-21,0.0,19.621,42.369,10.848,239.78,SSP3-7.0
2043-12-22,0.0,19.132,38.632,10.784,246.89,SSP3-7.0
2043-12-23,0.0,18.924,40.244,11.007,249.4,SSP3-7.0
2043-12-24,0.0,19.434,42.022,11.339,250.23,SSP3-7.0
2043-12-25,0.0,19.719,43.033,10.461,248.53,SSP3-7.0
2043-12-26,0.0,20.061,46.206,8.953,245.91,SSP3-7.0
2043-12-27,0.0,20.286,51.786,7.131,238.82,SSP3-7.0
2043-12-28,0.0,20.885,53.036,6.53,238.79,SSP3-7.0
2043-12-29,0.0,21.291,52.179,8.057,245.54,SSP3-7.0
2043-12-30,0.0,21.448,55.38,8.133,248.6,SSP3-7.0
2043-12-31,0.0,22.456,61.834,11.681,232.24,SSP3-7.0
2044-01-01,0.0,23.098,60.138,11.987,217.72,SSP3-7.0
2044-01-02,0.0,21.315,77.602,8.438,167.73,SSP3-7.0
2044-01-03,0.0,22.079,67.19,5.142,198.64,SSP3-7.0
2044-01-04,0.0,22.772,61.445,6.324,190.63,SSP3-7.0
2044-01-05,0.0,22.544,59.017,4.224,198.97,SSP3-7.0
2044-01-06,0.0,22.99,53.249,8.06,199.54,SSP3-7.0
2044-01-07,0.0,22.1,47.128,10.705,188.01,SSP3-7.0
2044-01-08,0.0,21.583,40.554,11.047,238.68,SSP3-7.0
2044-01-09,0.0,20.954,38.558,8.417,249.55,SSP3-7.0
2044-01-10,0.0,20.564,40.247,7.59,248.86,SSP3-7.0
2044-01-11,0.0,21.093,47.304,8.324,240.72,SSP3-7.0
2044-01-12,0.0,21.344,49.044,6.278,237.7,SSP3-7.0
2044-01-13,0.0,21.241,44.232,8.723,240.55,SSP3-7.0
2044-01-14,0.0,20.567,40.133,9.22,253.14,SSP3-7.0
2044-01-15,0.0,20.208,40.61,8.593,256.53,SSP3-7.0
2044-01-16,0.0,20.996,50.643,8.626,250.73,SSP3-7.0
2044-01-17,0.0,21.973,52.54,6.421,248.01,SSP3-7.0
2044-01-18,0.0,22.391,48.23,9.028,247.39,SSP3-7.0
2044-01-19,0.0,22.265,43.445,8.309,252.71,SSP3-7.0
2044-01-20,0.0,22.368,42.38,7.802,251.66,SSP3-7.0
2044-01-21,0.0,21.909,39.021,11.39,258.49,SSP3-7.0
2044-01-22,0.0,21.334,36.589,10.035,245.78,SSP3-7.0
2044-01-23,0.0,21.016,37.204,7.329,261.45,SSP3-7.0
2044-01-24,0.0,21.448,41.18,6.491,255.08,SSP3-7.0
2044-01-25,0.0,21.882,46.436,6.645,253.97,SSP3-7.0
2044-01-26,0.0,22.64,52.661,7.236,246.83,SSP3-7.0
2044-01-27,0.0,22.915,52.595,7.84,247.67,SSP3-7.0
2044-01-28,0.0,22.92,50.112,8.096,250.61,SSP3-7.0
2044-01-29,0.0,22.834,50.93,8.596,240.85,SSP3-7.0
2044-01-30,0.0,22.288,51.542,7.201,218.37,SSP3-7.0
2044-01-31,0.0,22.901,50.711,5.614,251.96,SSP3-7.0
2044-02-01,0.0,23.467,51.764,7.467,247.0,SSP3-7.0
2044-02-02,0.0,23.753,50.381,6.277,243.39,SSP3-7.0
2044-02-03,0.0,23.855,48.273,4.934,232.05,SSP3-7.0
2044-02-04,0.0,23.944,45.035,9.912,236.98,SSP3-7.0
2044-02-05,0.0,22.458,50.371,10.835,207.78,SSP3-7.0
2044-02-06,0.0,23.098,50.149,9.264,223.48,SSP3-7.0
2044-02-07,0.0,23.749,50.845,9.434,253.2,SSP3-7.0
2044-02-08,0.0,24.376,52.377,9.02,256.84,SSP3-7.0
2044-02-09,0.0,24.735,52.336,8.785,258.24,SSP3-7.0
2044-02-10,0.0,24.724,51.882,10.006,237.56,SSP3-7.0
2044-02-11,0.0,23.458,57.226,7.023,224.37,SSP3-7.0
2044-02-12,0.0,23.815,60.056,8.984,225.67,SSP3-7.0
2044-02-13,0.0,24.778,55.475,9.841,239.36,SSP3-7.0
2044-02-14,0.0,24.058,52.888,12.683,232.93,SSP3-7.0
2044-02-15,0.0,24.78,50.953,12.557,274.29,SSP3-7.0
2044-02-16,0.0,23.152,62.579,9.089,204.96,SSP3-7.0
2044-02-17,0.0,21.718,82.526,8.984,144.66,SSP3-7.0
2044-02-18,0.0,21.673,54.005,6.69,187.77,SSP3-7.0
2044-02-19,0.0,23.005,55.801,7.182,239.85,SSP3-7.0
2044-02-20,0.0,23.886,62.863,8.417,219.21,SSP3-7.0
2044-02-21,0.0013,24.896,54.957,10.099,253.21,SSP3-7.0
2044-02-22,0.0,25.029,51.457,9.561,213.71,SSP3-7.0
2044-02-23,0.0,26.442,48.864,5.978,273.03,SSP3-7.0
2044-02-24,0.0,26.767,45.788,5.982,274.65,SSP3-7.0
2044-02-25,0.0,26.915,45.074,5.475,272.72,SSP3-7.0
2044-02-26,0.0,27.143,43.792,8.151,277.37,SSP3-7.0
2044-02-27,0.0,27.242,40.453,4.435,276.88,SSP3-7.0
2044-02-28,0.0,27.952,41.872,4.038,251.51,SSP3-7.0
2044-02-29,0.0,27.964,43.028,5.226,260.44,SSP3-7.0
2044-03-01,0.0,28.086,40.119,5.547,275.25,SSP3-7.0
2044-03-02,0.0,27.762,39.384,5.049,271.93,SSP3-7.0
2044-03-03,0.0,27.899,38.592,8.951,262.4,SSP3-7.0
2044-03-04,0.0,28.137,34.433,8.443,286.12,SSP3-7.0
2044-03-05,0.0,27.961,35.598,7.403,288.44,SSP3-7.0
2044-03-06,0.0,27.721,34.617,6.821,274.92,SSP3-7.0
2044-03-07,0.0,28.106,35.031,8.926,287.45,SSP3-7.0
2044-03-08,0.0,28.07,37.336,10.696,269.51,SSP3-7.0
2044-03-09,0.0,27.764,39.096,9.372,258.4,SSP3-7.0
2044-03-10,0.0,28.041,44.209,8.705,256.13,SSP3-7.0
2044-03-11,0.5621,24.243,70.05,8.229,162.25,SSP3-7.0
2044-03-12,0.0,27.301,48.93,8.611,244.67,SSP3-7.0
2044-03-13,0.0,26.552,45.615,7.781,245.1,SSP3-7.0
2044-03-14,0.0,27.385,44.648,6.801,256.15,SSP3-7.0
2044-03-15,0.5567,26.902,54.657,8.832,242.45,SSP3-7.0
2044-03-16,0.3131,24.151,70.618,8.274,203.6,SSP3-7.0
2044-03-17,0.0528,26.339,56.05,6.154,244.56,SSP3-7.0
2044-03-18,0.0,27.39,45.784,7.298,305.33,SSP3-7.0
2044-03-19,0.0,28.09,39.922,7.806,309.67,SSP3-7.0
2044-03-20,0.0,28.739,35.913,5.442,299.95,SSP3-7.0
2044-03-21,0.0,28.863,35.949,5.772,284.66,SSP3-7.0
2044-03-22,0.0,29.176,35.574,6.698,283.97,SSP3-7.0
2044-03-23,0.0,29.179,34.925,9.031,290.15,SSP3-7.0
2044-03-24,0.0005,28.807,33.999,9.768,275.79,SSP3-7.0
2044-03-25,0.0,27.921,29.691,6.524,297.95,SSP3-7.0
2044-03-26,0.0,27.767,32.933,4.965,315.96,SSP3-7.0
2044-03-27,0.0,28.668,34.168,4.095,300.79,SSP3-7.0
2044-03-28,0.0,28.98,35.566,4.439,261.34,SSP3-7.0
2044-03-29,0.0,28.623,29.765,4.843,321.26,SSP3-7.0
2044-03-30,0.0,28.421,28.251,4.291,341.34,SSP3-7.0
2044-03-31,0.0,28.888,32.089,7.0,334.35,SSP3-7.0
2044-04-01,0.0,29.597,33.985,7.497,326.06,SSP3-7.0
2044-04-02,0.0,29.747,31.852,6.268,318.89,SSP3-7.0
2044-04-03,0.0,30.005,31.131,7.077,317.82,SSP3-7.0
2044-04-04,0.0,30.2,31.581,6.632,311.21,SSP3-7.0
2044-04-05,0.0,30.324,31.655,6.486,317.33,SSP3-7.0
2044-04-06,0.0,30.11,30.951,5.654,314.07,SSP3-7.0
2044-04-07,0.0,30.317,30.641,6.49,293.6,SSP3-7.0
2044-04-08,0.0,30.411,28.952,5.401,313.71,SSP3-7.0
2044-04-09,0.0,30.202,32.424,4.53,245.99,SSP3-7.0
2044-04-10,0.0,31.032,30.899,4.97,311.73,SSP3-7.0
2044-04-11,0.0,30.827,29.506,5.271,325.79,SSP3-7.0
2044-04-12,0.0,30.795,33.745,6.021,306.19,SSP3-7.0
2044-04-13,0.0,31.257,33.596,7.177,283.35,SSP3-7.0
2044-04-14,0.0,26.435,57.212,9.851,212.65,SSP3-7.0
2044-04-15,0.0,30.723,34.584,5.812,295.83,SSP3-7.0
2044-04-16,0.0,30.709,30.935,5.13,274.89,SSP3-7.0
2044-04-17,0.0,30.766,31.393,3.993,285.95,SSP3-7.0
2044-04-18,0.0,31.073,28.156,5.751,324.14,SSP3-7.0
2044-04-19,0.0,31.453,25.878,6.693,323.9,SSP3-7.0
2044-04-20,0.0,31.684,26.774,5.477,304.55,SSP3-7.0
2044-04-21,0.0,31.518,29.191,5.392,296.47,SSP3-7.0
2044-04-22,0.0,31.351,35.866,7.95,259.33,SSP3-7.0
2044-04-23,0.0,31.532,32.726,6.246,275.14,SSP3-7.0
2044-04-24,0.0,31.511,31.457,5.39,265.62,SSP3-7.0
2044-04-25,0.0,31.731,29.499,6.222,282.31,SSP3-7.0
2044-04-26,0.0,31.768,27.868,7.538,288.99,SSP3-7.0
2044-04-27,0.0,31.427,27.336,6.853,303.72,SSP3-7.0
2044-04-28,0.0,31.632,28.154,6.269,318.33,SSP3-7.0
2044-04-29,0.0,32.128,27.361,5.664,310.05,SSP3-7.0
2044-04-30,0.0,31.793,29.825,5.493,249.02,SSP3-7.0
2044-05-01,0.0,32.606,27.746,6.513,297.46,SSP3-7.0
2044-05-02,0.0,32.495,31.001,7.688,284.12,SSP3-7.0
2044-05-03,0.0,33.132,31.755,7.869,263.38,SSP3-7.0
2044-05-04,0.0,33.088,31.948,8.37,260.66,SSP3-7.0
2044-05-05,0.0,32.472,34.756,9.109,251.75,SSP3-7.0
2044-05-06,0.0,33.24,27.761,6.4,308.93,SSP3-7.0
2044-05-07,0.0,33.467,24.423,6.845,301.59,SSP3-7.0
2044-05-08,0.0006,33.354,24.675,6.942,327.69,SSP3-7.0
2044-05-09,0.0,33.347,28.201,7.657,294.74,SSP3-7.0
2044-05-10,0.0,33.048,27.337,10.468,319.49,SSP3-7.0
2044-05-11,0.0005,32.197,30.178,9.177,247.85,SSP3-7.0
2044-05-12,0.0082,32.633,32.674,9.976,299.92,SSP3-7.0
2044-05-13,0.4611,32.297,36.373,9.211,261.33,SSP3-7.0
2044-05-14,4.6606,31.79,38.727,6.293,250.41,SSP3-7.0
2044-05-15,0.0,32.899,32.439,8.444,255.35,SSP3-7.0
2044-05-16,0.0,33.744,25.985,9.634,302.05,SSP3-7.0
2044-05-17,0.0,33.442,24.236,12.179,282.21,SSP3-7.0
2044-05-18,0.0,33.496,22.407,10.518,321.17,SSP3-7.0
2044-05-19,0.0,33.603,22.378,9.542,332.03,SSP3-7.0
2044-05-20,0.0,33.735,22.389,7.228,323.57,SSP3-7.0
2044-05-21,0.0,34.627,22.034,11.098,310.82,SSP3-7.0
2044-05-22,0.0,34.629,22.607,10.482,259.21,SSP3-7.0
2044-05-23,0.0,34.554,20.253,10.146,319.27,SSP3-7.0
2044-05-24,0.0,34.345,21.785,7.444,325.49,SSP3-7.0
2044-05-25,0.0,34.67,23.955,10.181,272.81,SSP3-7.0
2044-05-26,0.0,35.018,21.13,13.031,337.46,SSP3-7.0
2044-05-27,0.0,34.819,20.361,13.055,345.7,SSP3-7.0
2044-05-28,0.0,34.788,21.182,12.358,343.1,SSP3-7.0
2044-05-29,0.0,34.709,21.74,12.582,338.29,SSP3-7.0
2044-05-30,0.001,35.496,22.29,13.992,338.35,SSP3-7.0
2044-05-31,0.0,35.292,24.979,14.273,320.27,SSP3-7.0
2044-06-01,0.2158,32.004,36.005,11.604,238.53,SSP3-7.0
2044-06-02,0.0305,33.437,32.181,15.585,246.3,SSP3-7.0
2044-06-03,0.0671,35.08,27.873,16.722,300.87,SSP3-7.0
2044-06-04,0.0209,33.732,33.465,16.89,264.06,SSP3-7.0
2044-06-05,0.2275,28.981,59.554,11.756,217.33,SSP3-7.0
2044-06-06,0.0,31.618,45.07,14.107,260.23,SSP3-7.0
2044-06-07,0.0122,28.722,56.614,11.924,215.3,SSP3-7.0
2044-06-08,0.0,31.747,41.188,13.769,276.69,SSP3-7.0
2044-06-09,5.5807,32.887,43.972,16.21,304.61,SSP3-7.0
2044-06-10,4.2268,30.411,56.628,17.148,277.52,SSP3-7.0
2044-06-11,16.2592,28.133,68.523,16.715,252.34,SSP3-7.0
2044-06-12,3.3517,27.593,71.757,16.23,240.92,SSP3-7.0
2044-06-13,7.6099,27.806,71.831,15.723,249.71,SSP3-7.0
2044-06-14,0.0634,28.269,62.48,15.529,267.26,SSP3-7.0
2044-06-15,0.0,28.709,59.649,15.781,267.56,SSP3-7.0
2044-06-16,8.1026,29.246,61.353,16.329,273.34,SSP3-7.0
2044-06-17,24.8344,25.616,85.347,13.175,202.87,SSP3-7.0
2044-06-18,15.9142,25.338,87.212,11.2,203.65,SSP3-7.0
2044-06-19,0.0,27.175,76.285,12.989,271.91,SSP3-7.0
2044-06-20,0.0,28.257,66.635,14.332,302.74,SSP3-7.0
2044-06-21,0.0,28.958,64.419,15.605,299.28,SSP3-7.0
2044-06-22,0.0783,28.478,63.79,17.5,265.95,SSP3-7.0
2044-06-23,16.1049,26.324,85.58,13.547,191.28,SSP3-7.0
2044-06-24,28.6034,24.715,90.592,15.726,143.84,SSP3-7.0
2044-06-25,0.5823,26.774,84.723,13.123,212.97,SSP3-7.0
2044-06-26,19.0234,26.267,89.509,11.952,179.15,SSP3-7.0
2044-06-27,0.3405,27.418,81.396,13.255,252.43,SSP3-7.0
2044-06-28,0.2951,27.696,79.829,13.0,248.63,SSP3-7.0
2044-06-29,6.4858,27.033,85.094,12.599,217.92,SSP3-7.0
2044-06-30,18.74,26.472,87.812,12.646,198.39,SSP3-7.0
2044-07-01,20.04,25.417,91.171,11.716,180.99,SSP3-7.0
2044-07-02,0.0731,27.155,82.0,9.898,277.1,SSP3-7.0
2044-07-03,0.0,27.523,81.744,6.213,277.8,SSP3-7.0
2044-07-04,0.0,27.412,83.0,7.469,244.95,SSP3-7.0
2044-07-05,0.0,27.994,76.607,10.858,285.97,SSP3-7.0
2044-07-06,0.0,27.762,75.959,12.799,257.28,SSP3-7.0
2044-07-07,0.0,28.194,75.524,12.1,275.09,SSP3-7.0
2044-07-08,0.0,28.168,74.82,12.566,265.34,SSP3-7.0
2044-07-09,0.0,28.513,74.76,13.296,291.09,SSP3-7.0
2044-07-10,8.6034,27.686,79.382,12.917,234.8,SSP3-7.0
2044-07-11,15.1788,26.277,89.438,13.114,208.8,SSP3-7.0
2044-07-12,0.7006,26.107,88.685,16.246,205.05,SSP3-7.0
2044-07-13,0.7382,26.808,84.747,14.861,227.62,SSP3-7.0
2044-07-14,15.6332,26.069,91.698,12.258,173.26,SSP3-7.0
2044-07-15,17.6693,26.0,91.645,13.722,189.44,SSP3-7.0
2044-07-16,4.2793,26.116,90.753,15.371,196.82,SSP3-7.0
2044-07-17,1.0006,26.235,89.642,16.454,213.32,SSP3-7.0
2044-07-18,0.4634,26.411,88.258,18.905,223.83,SSP3-7.0
2044-07-19,13.2326,26.21,88.953,17.137,217.74,SSP3-7.0
2044-07-20,3.7549,26.336,88.082,16.948,216.47,SSP3-7.0
2044-07-21,0.1755,26.524,86.436,16.458,225.64,SSP3-7.0
2044-07-22,0.0,26.642,83.422,16.384,243.64,SSP3-7.0
2044-07-23,0.0,26.954,80.662,17.144,245.91,SSP3-7.0
2044-07-24,3.5006,26.725,86.066,15.166,222.97,SSP3-7.0
2044-07-25,0.1832,26.311,87.198,13.048,212.94,SSP3-7.0
2044-07-26,0.0,26.985,80.484,16.387,241.05,SSP3-7.0
2044-07-27,0.0,27.042,78.941,16.613,252.53,SSP3-7.0
2044-07-28,0.0,27.152,77.605,18.481,256.32,SSP3-7.0
2044-07-29,0.0,27.382,76.318,17.503,283.95,SSP3-7.0
2044-07-30,0.0468,27.207,77.825,18.514,266.36,SSP3-7.0
2044-07-31,3.0688,25.948,87.827,16.488,201.45,SSP3-7.0
2044-08-01,14.3832,25.491,91.186,12.619,172.97,SSP3-7.0
2044-08-02,28.5607,25.381,92.362,12.427,168.91,SSP3-7.0
2044-08-03,25.1193,25.197,93.322,14.175,166.16,SSP3-7.0
2044-08-04,1.838,25.582,92.184,13.214,194.09,SSP3-7.0
2044-08-05,0.374,26.419,89.314,11.631,223.52,SSP3-7.0
2044-08-06,18.7313,25.496,92.79,12.289,177.5,SSP3-7.0
2044-08-07,2.5714,25.92,91.779,10.088,198.11,SSP3-7.0
2044-08-08,0.0536,26.791,87.155,13.074,248.61,SSP3-7.0
2044-08-09,0.0,26.995,84.727,11.62,249.95,SSP3-7.0
2044-08-10,0.0,26.789,82.696,11.952,248.24,SSP3-7.0
2044-08-11,0.0,26.642,84.935,9.567,252.74,SSP3-7.0
2044-08-12,0.0,26.453,86.242,11.238,242.84,SSP3-7.0
2044-08-13,0.0,26.51,84.597,11.095,236.58,SSP3-7.0
2044-08-14,0.0,26.946,82.842,10.945,251.68,SSP3-7.0
2044-08-15,0.0,27.382,82.334,9.46,251.7,SSP3-7.0
2044-08-16,1.095,26.755,87.117,8.992,229.73,SSP3-7.0
2044-08-17,14.1541,26.07,91.537,9.429,195.96,SSP3-7.0
2044-08-18,0.0847,26.019,92.347,9.892,191.79,SSP3-7.0
2044-08-19,0.0,26.316,89.638,9.651,214.22,SSP3-7.0
2044-08-20,0.015,26.767,86.609,9.638,244.17,SSP3-7.0
2044-08-21,0.0,27.035,86.634,9.935,237.75,SSP3-7.0
2044-08-22,0.0,26.984,85.164,11.522,242.02,SSP3-7.0
2044-08-23,0.9571,27.044,87.229,11.992,240.77,SSP3-7.0
2044-08-24,32.015,26.551,92.439,10.126,218.66,SSP3-7.0
2044-08-25,23.261,26.431,92.155,11.859,215.1,SSP3-7.0
2044-08-26,56.9879,25.805,93.959,11.288,140.66,SSP3-7.0
2044-08-27,35.1476,26.044,94.815,11.558,161.54,SSP3-7.0
2044-08-28,0.0728,25.927,92.421,10.795,186.34,SSP3-7.0
2044-08-29,0.0,26.502,86.766,10.495,237.44,SSP3-7.0
2044-08-30,0.0,26.595,87.39,9.362,242.89,SSP3-7.0
2044-08-31,6.7403,26.48,90.989,9.377,221.64,SSP3-7.0
2044-09-01,19.6505,25.489,92.541,6.045,213.81,SSP3-7.0
2044-09-02,25.0387,25.706,92.72,6.057,225.64,SSP3-7.0
2044-09-03,17.1264,25.617,91.528,9.915,220.98,SSP3-7.0
2044-09-04,0.6328,25.468,91.379,10.358,204.95,SSP3-7.0
2044-09-05,0.0,25.57,89.608,9.677,213.76,SSP3-7.0
2044-09-06,0.265,25.267,90.81,10.198,203.23,SSP3-7.0
2044-09-07,0.0,25.306,91.392,8.619,207.03,SSP3-7.0
2044-09-08,16.1231,25.594,93.389,7.784,207.89,SSP3-7.0
2044-09-09,34.7595,25.59,93.809,6.15,214.86,SSP3-7.0
2044-09-10,11.0749,25.535,94.767,7.789,190.42,SSP3-7.0
2044-09-11,12.0273,25.719,91.002,8.209,216.47,SSP3-7.0
2044-09-12,0.8794,25.689,90.216,8.515,219.76,SSP3-7.0
2044-09-13,0.1487,25.99,89.137,7.511,230.22,SSP3-7.0
2044-09-14,4.9568,25.803,90.424,8.083,218.19,SSP3-7.0
2044-09-15,22.405,25.169,93.04,8.788,139.6,SSP3-7.0
2044-09-16,0.0,25.571,89.056,8.0,225.05,SSP3-7.0
2044-09-17,0.0,25.76,88.481,6.288,233.99,SSP3-7.0
2044-09-18,0.2464,25.785,88.946,7.333,218.21,SSP3-7.0
2044-09-19,0.2018,26.143,82.925,10.471,239.34,SSP3-7.0
2044-09-20,0.0,26.346,80.164,11.595,237.68,SSP3-7.0
2044-09-21,0.0,25.912,82.125,11.974,220.64,SSP3-7.0
2044-09-22,0.0,25.553,84.493,11.279,193.32,SSP3-7.0
2044-09-23,0.0213,25.442,85.509,13.531,202.68,SSP3-7.0
2044-09-24,10.3053,25.947,82.747,13.934,231.15,SSP3-7.0
2044-09-25,15.5265,25.578,88.258,12.222,217.83,SSP3-7.0
2044-09-26,15.9814,25.338,93.282,7.515,159.84,SSP3-7.0
2044-09-27,6.0225,25.17,91.512,5.442,204.31,SSP3-7.0
2044-09-28,5.0026,25.226,90.666,4.04,209.91,SSP3-7.0
2044-09-29,2.7718,25.031,91.448,6.872,193.31,SSP3-7.0
2044-09-30,0.4669,25.62,85.065,10.224,241.96,SSP3-7.0
2044-10-01,7.5324,25.101,87.777,10.92,221.65,SSP3-7.0
2044-10-02,15.7262,25.283,88.604,7.931,225.05,SSP3-7.0
2044-10-03,9.9869,25.237,90.368,5.723,219.93,SSP3-7.0
2044-10-04,14.1168,24.882,91.796,5.293,200.46,SSP3-7.0
2044-10-05,14.3397,24.975,91.229,5.237,216.5,SSP3-7.0
2044-10-06,3.3711,25.483,88.145,5.011,226.33,SSP3-7.0
2044-10-07,23.0821,24.556,94.163,4.609,185.04,SSP3-7.0
2044-10-08,0.856,24.912,89.054,2.985,213.76,SSP3-7.0
2044-10-09,0.0,25.346,84.657,5.438,240.79,SSP3-7.0
2044-10-10,0.2763,25.132,86.9,5.106,223.2,SSP3-7.0
2044-10-11,0.1216,25.199,87.007,5.947,214.95,SSP3-7.0
2044-10-12,0.0,25.75,82.246,5.994,264.15,SSP3-7.0
2044-10-13,0.0,25.682,81.819,4.846,260.86,SSP3-7.0
2044-10-14,0.0,25.291,80.824,6.781,242.37,SSP3-7.0
2044-10-15,0.0,25.462,78.632,8.103,230.02,SSP3-7.0
2044-10-16,15.788,24.909,82.632,9.998,216.13,SSP3-7.0
2044-10-17,31.7728,24.002,92.086,8.028,174.48,SSP3-7.0
2044-10-18,64.5377,23.564,94.267,9.16,158.12,SSP3-7.0
2044-10-19,36.5892,23.773,93.15,9.233,170.92,SSP3-7.0
2044-10-20,14.4147,23.482,92.172,6.854,173.4,SSP3-7.0
2044-10-21,0.0,24.591,86.844,6.504,242.55,SSP3-7.0
2044-10-22,0.0,24.779,85.543,4.753,238.19,SSP3-7.0
2044-10-23,0.0,24.624,81.555,5.9,254.7,SSP3-7.0
2044-10-24,0.0251,24.737,80.335,5.632,248.84,SSP3-7.0
2044-10-25,0.176,24.888,81.356,7.089,252.63,SSP3-7.0
2044-10-26,0.0,24.766,79.792,6.845,263.31,SSP3-7.0
2044-10-27,0.0,24.581,77.008,7.545,267.58,SSP3-7.0
2044-10-28,0.0,23.37,79.134,7.31,255.29,SSP3-7.0
2044-10-29,0.0,23.166,66.972,5.978,262.6,SSP3-7.0
2044-10-30,0.0,23.439,68.419,5.17,263.39,SSP3-7.0
2044-10-31,0.0,24.152,74.964,4.921,243.56,SSP3-7.0
2044-11-01,0.0,24.55,79.143,7.137,245.64,SSP3-7.0
2044-11-02,0.0,24.558,77.643,7.062,244.46,SSP3-7.0
2044-11-03,0.0,24.517,79.4,4.564,216.03,SSP3-7.0
2044-11-04,0.0,24.624,79.962,7.118,207.22,SSP3-7.0
2044-11-05,0.0,23.872,64.782,8.421,240.44,SSP3-7.0
2044-11-06,0.8277,23.582,81.775,6.995,228.96,SSP3-7.0
2044-11-07,11.3496,24.208,86.53,7.625,198.91,SSP3-7.0
2044-11-08,0.0,25.053,82.007,6.492,193.54,SSP3-7.0
2044-11-09,0.0,24.209,75.08,7.459,227.96,SSP3-7.0
2044-11-10,0.0,23.081,66.488,8.021,207.19,SSP3-7.0
2044-11-11,0.0,22.659,64.638,12.26,192.33,SSP3-7.0
2044-11-12,0.9446,22.994,77.855,14.536,184.27,SSP3-7.0
2044-11-13,13.7502,23.204,86.109,14.834,162.18,SSP3-7.0
2044-11-14,20.3596,22.865,90.105,15.24,148.42,SSP3-7.0
2044-11-15,21.1017,22.693,92.205,10.954,142.04,SSP3-7.0
2044-11-16,15.4892,23.055,89.601,8.142,158.71,SSP3-7.0
2044-11-17,0.3108,24.168,81.747,8.058,205.7,SSP3-7.0
2044-11-18,0.0441,24.656,77.459,6.292,210.99,SSP3-7.0
2044-11-19,0.0042,24.222,79.428,3.451,177.73,SSP3-7.0
2044-11-20,0.0,23.679,81.018,5.116,184.78,SSP3-7.0
2044-11-21,0.0,23.238,69.658,6.378,223.16,SSP3-7.0
2044-11-22,0.0,22.646,55.153,4.549,235.35,SSP3-7.0
2044-11-23,0.0,22.397,54.246,4.476,227.76,SSP3-7.0
2044-11-24,0.0,22.467,55.446,5.866,231.77,SSP3-7.0
2044-11-25,0.0,22.463,52.454,5.862,242.25,SSP3-7.0
2044-11-26,0.0,22.304,57.026,4.89,236.85,SSP3-7.0
2044-11-27,0.0,22.344,65.156,6.901,225.51,SSP3-7.0
2044-11-28,0.0,22.27,61.532,7.232,230.79,SSP3-7.0
2044-11-29,0.0,21.832,57.299,7.57,230.94,SSP3-7.0
2044-11-30,0.0,21.478,51.822,8.881,234.1,SSP3-7.0
2044-12-01,0.0049,21.228,59.656,8.098,233.58,SSP3-7.0
2044-12-02,0.002,21.554,61.033,8.324,226.41,SSP3-7.0
2044-12-03,0.0,21.506,60.588,7.576,235.47,SSP3-7.0
2044-12-04,0.0,21.774,58.813,8.735,225.73,SSP3-7.0
2044-12-05,0.0,21.258,60.462,7.954,210.34,SSP3-7.0
2044-12-06,0.0,21.28,56.93,8.733,214.93,SSP3-7.0
2044-12-07,0.0,21.037,58.502,6.287,207.57,SSP3-7.0
2044-12-08,0.0,21.441,54.899,7.664,218.49,SSP3-7.0
2044-12-09,0.0,21.544,54.163,7.598,226.04,SSP3-7.0
2044-12-10,0.0,22.971,61.263,9.731,214.6,SSP3-7.0
2044-12-11,0.0,22.422,72.447,6.891,183.1,SSP3-7.0
2044-12-12,0.0,22.264,71.979,7.698,171.17,SSP3-7.0
2044-12-13,0.0,22.164,68.919,7.858,200.69,SSP3-7.0
2044-12-14,0.0,21.211,50.468,9.24,205.01,SSP3-7.0
2044-12-15,0.0,20.54,34.209,10.793,243.32,SSP3-7.0
2044-12-16,0.0,19.991,36.572,9.228,243.34,SSP3-7.0
2044-12-17,0.0,20.293,49.962,7.372,226.96,SSP3-7.0
2044-12-18,0.0,21.576,68.855,8.513,217.51,SSP3-7.0
2044-12-19,0.0,21.78,66.054,7.386,218.44,SSP3-7.0
2044-12-20,0.0,21.558,62.831,5.355,222.08,SSP3-7.0
2044-12-21,0.0,22.424,55.033,3.933,229.66,SSP3-7.0
2044-12-22,0.0,22.528,57.291,7.007,222.81,SSP3-7.0
2044-12-23,0.0,21.671,63.173,9.207,206.96,SSP3-7.0
2044-12-24,0.0,20.784,69.517,8.377,178.37,SSP3-7.0
2044-12-25,0.0,20.414,55.728,9.723,196.6,SSP3-7.0
2044-12-26,0.0,20.54,45.662,9.048,235.73,SSP3-7.0
2044-12-27,0.0,20.088,42.707,9.871,236.28,SSP3-7.0
2044-12-28,0.0,19.718,41.312,10.703,229.87,SSP3-7.0
2044-12-29,0.0,19.729,41.88,10.123,237.02,SSP3-7.0
2044-12-30,0.0,20.294,44.874,8.737,231.68,SSP3-7.0
2044-12-31,0.0,20.726,52.763,10.359,217.2,SSP3-7.0
2045-01-01,0.0,20.983,64.925,9.578,173.86,SSP3-7.0
2045-01-02,0.0,20.757,71.428,9.33,188.34,SSP3-7.0
2045-01-03,0.0,16.772,65.007,11.126,106.37,SSP3-7.0
2045-01-04,0.0,20.475,51.445,9.148,209.76,SSP3-7.0
2045-01-05,0.0,20.047,41.099,10.158,242.53,SSP3-7.0
2045-01-06,0.0,19.687,38.916,9.157,248.34,SSP3-7.0
2045-01-07,0.0,19.52,41.333,5.562,248.1,SSP3-7.0
2045-01-08,0.0,19.811,45.288,5.859,246.68,SSP3-7.0
2045-01-09,0.0,20.453,51.117,7.384,238.31,SSP3-7.0
2045-01-10,0.0,21.472,55.501,7.097,239.2,SSP3-7.0
2045-01-11,0.0,21.772,49.258,8.109,244.1,SSP3-7.0
2045-01-12,0.0,21.496,44.698,9.168,243.71,SSP3-7.0
2045-01-13,0.0,20.801,45.183,8.013,241.94,SSP3-7.0
2045-01-14,0.0,20.248,40.151,8.732,251.95,SSP3-7.0
2045-01-15,0.0,19.895,43.453,7.035,252.42,SSP3-7.0
2045-01-16,0.0,20.429,45.507,7.594,255.29,SSP3-7.0
2045-01-17,0.0,21.879,48.868,4.696,249.06,SSP3-7.0
2045-01-18,0.0,22.851,57.111,8.878,235.62,SSP3-7.0
2045-01-19,0.0,23.293,62.58,11.228,223.36,SSP3-7.0
2045-01-20,0.0,23.515,61.926,11.419,220.25,SSP3-7.0
2045-01-21,0.0,23.707,56.775,12.531,233.2,SSP3-7.0
2045-01-22,0.0,23.625,54.439,14.221,254.96,SSP3-7.0
2045-01-23,0.0,23.483,51.689,7.123,259.02,SSP3-7.0
2045-01-24,0.0,22.979,51.007,6.702,192.17,SSP3-7.0
2045-01-25,0.0,22.756,52.447,8.372,198.61,SSP3-7.0
2045-01-26,0.0,23.688,53.789,8.936,227.46,SSP3-7.0
2045-01-27,0.0,23.755,56.051,9.744,231.61,SSP3-7.0
2045-01-28,0.0,23.044,59.882,10.64,227.95,SSP3-7.0
2045-01-29,0.0,23.336,53.028,8.056,244.73,SSP3-7.0
2045-01-30,0.0,23.583,47.638,7.955,249.57,SSP3-7.0
2045-01-31,0.0,21.211,62.461,8.578,172.55,SSP3-7.0
2045-02-01,0.0,23.133,53.177,6.931,225.98,SSP3-7.0
2045-02-02,0.0,23.373,52.137,8.113,230.46,SSP3-7.0
2045-02-03,0.0,23.916,53.346,10.345,227.4,SSP3-7.0
2045-02-04,0.0,24.234,46.604,9.501,249.63,SSP3-7.0
2045-02-05,0.0,23.708,44.809,9.609,257.59,SSP3-7.0
2045-02-06,0.0,23.442,44.688,7.823,261.68,SSP3-7.0
2045-02-07,0.0,23.468,46.362,8.623,255.21,SSP3-7.0
2045-02-08,0.0,23.692,47.97,9.54,244.61,SSP3-7.0
2045-02-09,0.0,23.917,45.99,8.676,253.02,SSP3-7.0
2045-02-10,0.0,23.667,43.296,5.958,266.57,SSP3-7.0
2045-02-11,0.0,23.438,38.688,7.1,272.75,SSP3-7.0
2045-02-12,0.0,23.468,42.992,7.963,256.18,SSP3-7.0
2045-02-13,0.0,23.644,48.158,9.799,226.65,SSP3-7.0
2045-02-14,0.0,23.955,42.966,7.08,277.97,SSP3-7.0
2045-02-15,0.0,24.248,44.368,6.046,273.69,SSP3-7.0
2045-02-16,0.0,24.682,42.558,6.72,275.06,SSP3-7.0
2045-02-17,0.0,24.683,43.455,9.79,275.96,SSP3-7.0
2045-02-18,0.0,24.74,41.235,9.753,280.23,SSP3-7.0
2045-02-19,0.0,24.809,40.844,10.245,279.39,SSP3-7.0
2045-02-20,0.0,24.951,42.173,9.225,280.8,SSP3-7.0
2045-02-21,0.0,24.65,38.237,10.804,282.83,SSP3-7.0
2045-02-22,0.0,23.836,38.571,9.691,225.82,SSP3-7.0
2045-02-23,0.0,24.434,38.167,10.422,280.62,SSP3-7.0
2045-02-24,0.0,25.117,37.291,12.454,272.67,SSP3-7.0
2045-02-25,0.0,25.26,35.264,10.184,282.71,SSP3-7.0
2045-02-26,0.0,25.948,45.512,7.551,284.62,SSP3-7.0
2045-02-27,0.0,26.274,38.724,7.702,273.9,SSP3-7.0
2045-02-28,0.0,24.988,45.973,4.991,216.86,SSP3-7.0
2045-03-01,0.0,26.044,40.797,7.864,283.63,SSP3-7.0
2045-03-02,0.0,26.284,36.802,8.621,293.46,SSP3-7.0
2045-03-03,0.0,26.459,33.14,9.118,294.79,SSP3-7.0
2045-03-04,0.0,26.576,30.798,10.484,305.37,SSP3-7.0
2045-03-05,0.0,26.59,31.863,9.049,296.54,SSP3-7.0
2045-03-06,0.0,26.655,32.224,7.532,298.26,SSP3-7.0
2045-03-07,0.0,27.086,34.037,6.429,288.5,SSP3-7.0
2045-03-08,0.0,27.76,36.383,5.004,267.7,SSP3-7.0
2045-03-09,0.0,27.6,33.079,3.277,297.57,SSP3-7.0
2045-03-10,0.0,27.868,34.768,8.686,289.32,SSP3-7.0
2045-03-11,0.0,28.389,35.434,8.647,279.31,SSP3-7.0
2045-03-12,0.0,28.604,31.718,6.226,291.62,SSP3-7.0
2045-03-13,0.0,27.646,29.657,6.972,304.8,SSP3-7.0
2045-03-14,0.0,26.933,23.891,10.722,328.01,SSP3-7.0
2045-03-15,0.0,26.493,23.705,8.006,337.04,SSP3-7.0
2045-03-16,0.0,26.132,24.813,7.487,336.57,SSP3-7.0
2045-03-17,0.0,27.161,28.407,9.403,319.73,SSP3-7.0
2045-03-18,0.0,27.086,32.861,9.852,253.6,SSP3-7.0
2045-03-19,0.0,27.33,31.914,7.996,265.61,SSP3-7.0
2045-03-20,0.0,27.727,30.266,7.744,317.0,SSP3-7.0
2045-03-21,0.0,27.839,29.079,9.441,312.15,SSP3-7.0
2045-03-22,0.0,28.006,29.391,8.997,318.78,SSP3-7.0
2045-03-23,0.0,28.227,29.012,8.754,315.37,SSP3-7.0
2045-03-24,0.0,28.713,28.979,8.233,279.16,SSP3-7.0
2045-03-25,0.0,28.648,28.245,5.905,277.21,SSP3-7.0
2045-03-26,0.0,28.823,29.623,7.062,301.51,SSP3-7.0
2045-03-27,0.0,29.447,30.612,9.712,292.21,SSP3-7.0
2045-03-28,0.0,29.447,31.571,8.858,279.43,SSP3-7.0
2045-03-29,0.0,29.408,32.42,7.48,298.37,SSP3-7.0
2045-03-30,0.0,29.77,30.199,8.191,299.86,SSP3-7.0
2045-03-31,0.0,30.159,30.114,9.769,298.42,SSP3-7.0
2045-04-01,0.0,30.688,30.434,8.655,298.66,SSP3-7.0
2045-04-02,0.0,30.114,33.311,7.836,252.38,SSP3-7.0
2045-04-03,0.0,30.563,31.33,8.653,292.75,SSP3-7.0
2045-04-04,0.0304,31.012,31.231,7.333,303.04,SSP3-7.0
2045-04-05,0.0,31.119,31.433,7.515,302.24,SSP3-7.0
2045-04-06,0.0,30.945,29.282,8.666,313.33,SSP3-7.0
2045-04-07,0.0003,31.112,32.02,10.818,303.42,SSP3-7.0
2045-04-08,0.0047,28.515,49.954,8.199,215.34,SSP3-7.0
2045-04-09,0.0,31.098,32.361,8.871,299.65,SSP3-7.0
2045-04-10,0.0,31.478,28.992,7.851,306.05,SSP3-7.0
2045-04-11,0.0,31.358,29.093,6.77,315.12,SSP3-7.0
2045-04-12,0.0,31.523,28.388,6.365,316.7,SSP3-7.0
2045-04-13,0.0,32.176,27.868,6.573,302.46,SSP3-7.0
2045-04-14,0.0055,32.431,26.487,7.045,304.27,SSP3-7.0
2045-04-15,0.0,32.26,27.349,7.439,304.52,SSP3-7.0
2045-04-16,0.0,32.196,26.509,5.326,317.41,SSP3-7.0
2045-04-17,0.0,32.386,28.788,6.247,305.42,SSP3-7.0
2045-04-18,0.0,32.225,25.813,6.802,324.93,SSP3-7.0
2045-04-19,0.0,32.098,28.463,8.728,326.26,SSP3-7.0
2045-04-20,0.0,32.277,30.817,11.396,303.37,SSP3-7.0
2045-04-21,0.0069,32.453,28.224,8.924,311.04,SSP3-7.0
2045-04-22,0.0,32.219,28.462,7.937,309.62,SSP3-7.0
2045-04-23,0.0,32.211,27.059,7.052,317.29,SSP3-7.0
2045-04-24,0.0,32.814,25.589,6.421,319.41,SSP3-7.0
2045-04-25,0.0,33.106,24.965,6.693,319.63,SSP3-7.0
2045-04-26,0.0,33.018,24.667,6.419,320.44,SSP3-7.0
2045-04-27,0.0,33.02,25.122,6.154,316.52,SSP3-7.0
2045-04-28,0.0,33.149,24.221,6.582,314.49,SSP3-7.0
2045-04-29,0.0,33.605,25.045,6.529,309.99,SSP3-7.0
2045-04-30,0.2004,33.257,25.901,8.79,299.86,SSP3-7.0
2045-05-01,0.0,32.994,28.627,8.239,289.52,SSP3-7.0
2045-05-02,1.857,33.17,29.812,7.68,289.3,SSP3-7.0
2045-05-03,5.8439,33.187,30.728,5.706,298.24,SSP3-7.0
2045-05-04,0.2729,33.058,30.776,7.975,300.53,SSP3-7.0
2045-05-05,0.0,32.515,28.845,11.491,327.15,SSP3-7.0
2045-05-06,0.0,32.475,28.867,11.664,345.63,SSP3-7.0
2045-05-07,0.0,32.813,29.41,8.197,293.34,SSP3-7.0
2045-05-08,0.0,33.081,27.131,6.85,301.6,SSP3-7.0
2045-05-09,0.0,33.69,27.637,10.255,261.9,SSP3-7.0
2045-05-10,0.0083,33.976,26.311,9.686,306.75,SSP3-7.0
2045-05-11,0.0,33.918,24.122,10.185,321.49,SSP3-7.0
2045-05-12,0.0,34.231,23.974,11.911,267.18,SSP3-7.0
2045-05-13,0.0,33.938,22.157,11.178,312.47,SSP3-7.0
2045-05-14,0.0,33.271,21.944,8.998,331.7,SSP3-7.0
2045-05-15,0.2165,34.055,24.84,9.006,299.72,SSP3-7.0
2045-05-16,1.0013,33.468,29.103,7.453,281.8,SSP3-7.0
2045-05-17,1.5446,32.5,37.47,7.288,262.18,SSP3-7.0
2045-05-18,0.2687,32.725,37.373,8.099,291.17,SSP3-7.0
2045-05-19,0.0143,33.138,33.622,7.333,306.15,SSP3-7.0
2045-05-20,0.0004,33.617,30.926,6.394,291.68,SSP3-7.0
2045-05-21,0.1437,33.535,35.35,7.071,290.25,SSP3-7.0
2045-05-22,0.0,32.759,38.111,6.865,260.59,SSP3-7.0
2045-05-23,0.0,33.893,32.221,7.134,296.94,SSP3-7.0
2045-05-24,0.0,34.114,29.543,7.156,317.68,SSP3-7.0
2045-05-25,0.0,34.421,27.869,10.378,289.24,SSP3-7.0
2045-05-26,0.0,34.211,27.879,15.186,296.42,SSP3-7.0
2045-05-27,0.0,34.391,27.587,16.579,291.77,SSP3-7.0
2045-05-28,0.0,34.603,27.978,16.199,301.14,SSP3-7.0
2045-05-29,0.0,34.369,28.83,13.333,308.55,SSP3-7.0
2045-05-30,0.0,34.437,30.463,14.289,300.05,SSP3-7.0
2045-05-31,0.0111,34.378,30.857,8.385,305.59,SSP3-7.0
2045-06-01,0.0031,35.126,32.168,11.779,298.52,SSP3-7.0
2045-06-02,0.0416,34.43,36.364,13.645,275.5,SSP3-7.0
2045-06-03,0.0,31.29,49.409,13.522,237.61,SSP3-7.0
2045-06-04,0.0107,34.491,40.817,10.011,300.96,SSP3-7.0
2045-06-05,0.0,34.662,38.66,10.594,295.4,SSP3-7.0
2045-06-06,0.0,34.688,35.851,10.843,287.59,SSP3-7.0
2045-06-07,8.6497,34.54,38.47,11.868,293.49,SSP3-7.0
2045-06-08,0.0,30.501,49.31,15.264,227.76,SSP3-7.0
2045-06-09,0.0,34.604,33.13,15.95,317.53,SSP3-7.0
2045-06-10,0.0,32.475,34.934,14.486,258.6,SSP3-7.0
2045-06-11,0.0,28.331,59.058,11.005,195.91,SSP3-7.0
2045-06-12,0.0,31.232,46.582,10.716,234.66,SSP3-7.0
2045-06-13,0.0,35.003,32.217,12.397,296.29,SSP3-7.0
2045-06-14,0.0,36.376,27.788,14.861,313.58,SSP3-7.0
2045-06-15,0.0,35.185,30.249,16.53,292.61,SSP3-7.0
2045-06-16,0.0,35.285,34.058,16.476,303.18,SSP3-7.0
2045-06-17,0.0,35.511,33.57,15.813,332.41,SSP3-7.0
2045-06-18,0.0,35.488,34.026,14.335,322.9,SSP3-7.0
2045-06-19,0.2238,35.428,37.17,13.863,299.1,SSP3-7.0
2045-06-20,0.0,34.065,39.647,14.371,256.49,SSP3-7.0
2045-06-21,5.0931,33.516,44.206,13.409,285.42,SSP3-7.0
2045-06-22,0.0,28.954,62.459,15.802,234.95,SSP3-7.0
2045-06-23,0.4324,30.571,58.105,14.696,282.57,SSP3-7.0
2045-06-24,6.1075,30.563,62.246,13.891,262.69,SSP3-7.0
2045-06-25,1.1227,30.238,62.074,13.634,275.56,SSP3-7.0
2045-06-26,13.1738,28.649,73.718,12.672,218.85,SSP3-7.0
2045-06-27,9.7871,27.669,81.269,11.358,216.07,SSP3-7.0
2045-06-28,4.1319,27.187,90.241,7.534,192.55,SSP3-7.0
2045-06-29,13.2237,28.029,84.891,9.434,237.34,SSP3-7.0
2045-06-30,2.7272,27.49,87.282,8.215,215.3,SSP3-7.0
2045-07-01,0.7243,27.002,83.229,9.477,235.56,SSP3-7.0
2045-07-02,0.13,28.023,77.138,9.137,262.49,SSP3-7.0
2045-07-03,0.0,28.454,73.04,8.586,274.42,SSP3-7.0
2045-07-04,0.0,28.802,71.259,8.456,256.7,SSP3-7.0
2045-07-05,0.0,28.964,67.96,10.837,264.74,SSP3-7.0
2045-07-06,0.0,29.086,67.514,11.456,261.13,SSP3-7.0
2045-07-07,0.0,29.075,66.863,10.599,279.87,SSP3-7.0
2045-07-08,0.0738,29.566,66.765,9.341,284.13,SSP3-7.0
2045-07-09,7.6437,28.598,75.379,7.68,256.44,SSP3-7.0
2045-07-10,6.6393,27.902,77.417,8.73,225.32,SSP3-7.0
2045-07-11,5.7108,26.803,86.42,9.305,203.82,SSP3-7.0
2045-07-12,9.5668,26.922,85.861,12.081,216.97,SSP3-7.0
2045-07-13,0.0175,27.481,80.404,15.179,243.92,SSP3-7.0
2045-07-14,2.3569,27.165,79.063,14.856,230.63,SSP3-7.0
2045-07-15,15.0321,26.348,88.278,15.293,201.06,SSP3-7.0
2045-07-16,0.0,27.001,82.143,15.722,220.76,SSP3-7.0
2045-07-17,0.198,27.471,76.017,18.394,225.84,SSP3-7.0
2045-07-18,0.012,28.491,72.949,19.975,253.48,SSP3-7.0
2045-07-19,0.0,28.559,73.211,20.781,250.17,SSP3-7.0
2045-07-20,3.9748,27.834,79.163,18.655,231.96,SSP3-7.0
2045-07-21,0.3341,27.459,81.232,18.448,232.9,SSP3-7.0
2045-07-22,6.8207,27.413,83.689,16.192,226.53,SSP3-7.0
2045-07-23,18.1673,27.078,85.056,15.476,223.67,SSP3-7.0
2045-07-24,19.1146,26.103,90.55,12.839,201.56,SSP3-7.0
2045-07-25,0.6907,27.326,84.758,14.024,248.31,SSP3-7.0
2045-07-26,3.2194,26.16,90.699,9.901,199.26,SSP3-7.0
2045-07-27,0.514,27.508,84.599,11.629,249.97,SSP3-7.0
2045-07-28,0.0,26.619,87.078,9.892,216.99,SSP3-7.0
2045-07-29,0.0,28.001,81.72,10.848,249.49,SSP3-7.0
2045-07-30,0.0,28.127,77.403,11.441,264.15,SSP3-7.0
2045-07-31,0.0,27.714,78.985,12.939,234.4,SSP3-7.0
2045-08-01,0.0166,28.458,77.174,12.867,259.83,SSP3-7.0
2045-08-02,1.3872,28.54,79.261,14.117,253.83,SSP3-7.0
2045-08-03,9.4372,26.355,90.772,10.84,188.88,SSP3-7.0
2045-08-04,2.6024,26.84,88.603,10.813,222.28,SSP3-7.0
2045-08-05,19.6921,26.886,88.502,12.006,221.39,SSP3-7.0
2045-08-06,16.9032,26.726,88.41,14.974,223.52,SSP3-7.0
2045-08-07,1.3268,26.244,89.998,15.123,199.44,SSP3-7.0
2045-08-08,30.7251,25.955,91.879,15.838,169.85,SSP3-7.0
2045-08-09,23.6767,26.038,91.938,15.527,186.93,SSP3-7.0
2045-08-10,30.5071,26.018,92.457,17.776,160.2,SSP3-7.0
2045-08-11,4.578,26.144,90.025,16.926,190.82,SSP3-7.0
2045-08-12,20.6476,26.093,92.248,15.58,193.23,SSP3-7.0
2045-08-13,0.0838,26.576,88.471,17.205,230.17,SSP3-7.0
2045-08-14,34.2296,25.683,93.509,17.778,181.15,SSP3-7.0
2045-08-15,14.9793,25.88,92.902,13.834,194.41,SSP3-7.0
2045-08-16,0.2974,26.379,88.637,11.96,215.65,SSP3-7.0
2045-08-17,0.0,26.505,87.316,12.763,224.13,SSP3-7.0
2045-08-18,2.9801,26.313,89.481,12.421,217.98,SSP3-7.0
2045-08-19,0.0,26.557,86.854,13.473,231.61,SSP3-7.0
2045-08-20,25.579,26.334,89.047,14.123,222.48,SSP3-7.0
2045-08-21,40.1333,25.645,94.446,15.12,134.02,SSP3-7.0
2045-08-22,5.8446,26.273,92.005,12.23,202.81,SSP3-7.0
2045-08-23,6.8062,26.279,95.187,6.875,192.43,SSP3-7.0
2045-08-24,9.8295,26.555,92.413,3.416,226.41,SSP3-7.0
2045-08-25,20.1166,26.747,92.237,4.933,232.73,SSP3-7.0
2045-08-26,28.6527,27.186,90.137,6.756,243.34,SSP3-7.0
2045-08-27,0.3955,26.307,92.463,8.774,206.32,SSP3-7.0
2045-08-28,1.8293,26.929,86.817,8.923,248.62,SSP3-7.0
2045-08-29,0.0,26.808,86.558,10.993,237.56,SSP3-7.0
2045-08-30,0.0,26.988,86.215,8.414,248.12,SSP3-7.0
2045-08-31,0.0,26.999,85.303,6.551,239.52,SSP3-7.0
2045-09-01,0.1696,26.135,89.183,3.039,239.2,SSP3-7.0
2045-09-02,0.0,26.67,86.334,4.387,235.87,SSP3-7.0
2045-09-03,0.0,26.967,81.153,8.935,241.16,SSP3-7.0
2045-09-04,0.0,26.936,76.144,10.373,270.35,SSP3-7.0
2045-09-05,0.0,26.719,75.692,10.719,279.29,SSP3-7.0
2045-09-06,0.0,26.759,76.014,9.742,273.87,SSP3-7.0
2045-09-07,0.0,26.427,78.252,11.763,242.76,SSP3-7.0
2045-09-08,30.3448,25.758,89.654,13.252,196.2,SSP3-7.0
2045-09-09,39.096,25.981,94.446,13.817,138.47,SSP3-7.0
2045-09-10,1.398,25.528,90.884,12.242,205.14,SSP3-7.0
2045-09-11,9.5104,25.385,91.483,13.473,186.01,SSP3-7.0
2045-09-12,7.5952,25.578,90.538,10.82,202.36,SSP3-7.0
2045-09-13,0.1496,25.886,85.913,12.079,230.64,SSP3-7.0
2045-09-14,0.0,25.582,89.6,9.622,204.73,SSP3-7.0
2045-09-15,0.0,26.749,78.754,9.678,264.38,SSP3-7.0
2045-09-16,0.0,26.82,78.532,10.714,254.71,SSP3-7.0
2045-09-17,0.0,26.853,79.358,9.991,248.25,SSP3-7.0
2045-09-18,0.0,27.52,73.865,12.609,264.56,SSP3-7.0
2045-09-19,0.0,26.765,74.88,12.739,245.24,SSP3-7.0
2045-09-20,0.0,27.018,74.981,12.265,248.49,SSP3-7.0
2045-09-21,0.0,26.11,83.319,9.956,211.06,SSP3-7.0
2045-09-22,0.0,26.103,82.799,8.181,218.24,SSP3-7.0
2045-09-23,0.0384,25.47,90.378,6.622,199.01,SSP3-7.0
2045-09-24,8.9307,25.501,91.873,3.715,209.22,SSP3-7.0
2045-09-25,37.5386,25.742,91.023,4.747,217.28,SSP3-7.0
2045-09-26,22.3342,25.238,94.205,8.977,153.16,SSP3-7.0
2045-09-27,20.3401,25.181,92.678,4.723,205.16,SSP3-7.0
2045-09-28,27.4063,25.141,93.352,4.043,198.27,SSP3-7.0
2045-09-29,0.0403,25.382,85.353,4.509,213.68,SSP3-7.0
2045-09-30,0.0,26.009,79.307,7.275,252.74,SSP3-7.0
2045-10-01,0.0276,25.888,82.581,7.528,241.72,SSP3-7.0
2045-10-02,0.0436,25.788,80.451,8.69,243.6,SSP3-7.0
2045-10-03,0.0,25.712,79.916,7.571,241.07,SSP3-7.0
2045-10-04,0.7229,24.85,85.997,7.832,217.94,SSP3-7.0
2045-10-05,0.5865,24.432,88.977,6.689,199.61,SSP3-7.0
2045-10-06,5.7408,25.022,89.585,5.801,207.05,SSP3-7.0
2045-10-07,0.0843,24.568,89.204,8.153,190.89,SSP3-7.0
2045-10-08,0.0,26.757,78.102,8.066,246.71,SSP3-7.0
2045-10-09,0.0375,27.182,73.22,8.096,264.69,SSP3-7.0
2045-10-10,0.0,27.02,70.179,7.585,271.45,SSP3-7.0
2045-10-11,0.0,26.504,64.505,7.104,282.47,SSP3-7.0
2045-10-12,0.0,25.977,64.64,6.783,278.61,SSP3-7.0
2045-10-13,0.0,26.087,63.749,6.529,276.73,SSP3-7.0
2045-10-14,0.0,26.244,64.836,5.59,256.87,SSP3-7.0
2045-10-15,0.0,25.933,68.109,4.937,244.13,SSP3-7.0
2045-10-16,0.0,25.293,64.464,2.918,267.79,SSP3-7.0
2045-10-17,0.0,25.642,58.963,3.603,263.12,SSP3-7.0
2045-10-18,0.0,25.556,60.782,2.854,259.8,SSP3-7.0
2045-10-19,0.4673,23.78,86.009,5.156,177.3,SSP3-7.0
2045-10-20,0.0,25.255,75.131,5.605,246.69,SSP3-7.0
2045-10-21,0.0,25.859,69.112,6.159,253.89,SSP3-7.0
2045-10-22,0.0,25.425,79.406,5.904,236.95,SSP3-7.0
2045-10-23,0.0,26.272,77.095,5.111,229.83,SSP3-7.0
2045-10-24,0.0,26.523,73.257,4.215,225.83,SSP3-7.0
2045-10-25,0.0,26.651,70.203,5.26,240.72,SSP3-7.0
2045-10-26,0.0,26.663,68.326,4.066,237.04,SSP3-7.0
2045-10-27,0.0,26.623,66.959,4.2,241.01,SSP3-7.0
2045-10-28,0.0,26.521,68.818,5.811,236.34,SSP3-7.0
2045-10-29,0.0,26.076,70.091,5.708,234.18,SSP3-7.0
2045-10-30,0.0,26.154,66.729,5.026,236.39,SSP3-7.0
2045-10-31,0.0,26.01,69.527,5.9,209.78,SSP3-7.0
2045-11-01,0.0,25.91,64.16,7.166,226.03,SSP3-7.0
2045-11-02,0.0,25.841,66.404,8.246,236.97,SSP3-7.0
2045-11-03,0.0,26.204,64.278,7.649,211.95,SSP3-7.0
2045-11-04,0.0,25.746,61.171,6.785,227.72,SSP3-7.0
2045-11-05,0.0,25.473,59.493,7.949,232.27,SSP3-7.0
2045-11-06,0.0,25.31,63.979,7.155,229.59,SSP3-7.0
2045-11-07,0.0,25.792,70.033,6.882,219.55,SSP3-7.0
2045-11-08,0.4014,25.401,76.675,5.836,206.76,SSP3-7.0
2045-11-09,0.0,25.314,68.33,7.161,211.43,SSP3-7.0
2045-11-10,0.5701,23.537,80.865,6.597,181.51,SSP3-7.0
2045-11-11,1.5263,24.203,83.179,8.334,183.13,SSP3-7.0
2045-11-12,0.512,24.579,80.765,7.962,197.46,SSP3-7.0
2045-11-13,0.2161,24.346,81.388,7.999,192.67,SSP3-7.0
2045-11-14,0.0083,23.377,84.335,6.793,171.36,SSP3-7.0
2045-11-15,0.182,23.074,85.053,5.929,177.94,SSP3-7.0
2045-11-16,0.0045,24.221,75.812,6.964,207.22,SSP3-7.0
2045-11-17,0.0,24.212,66.622,7.466,215.86,SSP3-7.0
2045-11-18,0.0,24.016,61.004,5.334,217.97,SSP3-7.0
2045-11-19,0.0,23.92,58.453,6.97,212.9,SSP3-7.0
2045-11-20,0.0,23.213,64.787,5.79,185.57,SSP3-7.0
2045-11-21,0.0351,22.211,74.977,3.169,173.11,SSP3-7.0
2045-11-22,0.0,22.536,69.608,3.973,196.2,SSP3-7.0
2045-11-23,0.0,22.927,60.405,5.728,223.45,SSP3-7.0
2045-11-24,0.0,23.078,56.216,6.415,231.13,SSP3-7.0
2045-11-25,0.0,22.84,52.159,6.656,224.47,SSP3-7.0
2045-11-26,0.0,22.548,48.4,3.951,233.34,SSP3-7.0
2045-11-27,0.0,22.369,51.822,5.802,226.14,SSP3-7.0
2045-11-28,0.0,22.881,52.338,4.285,218.35,SSP3-7.0
2045-11-29,0.0,23.394,57.887,6.759,211.54,SSP3-7.0
2045-11-30,0.0,22.852,65.073,6.394,206.94,SSP3-7.0
2045-12-01,0.0,22.081,67.332,5.106,190.14,SSP3-7.0
2045-12-02,0.0,23.027,61.108,6.871,214.95,SSP3-7.0
2045-12-03,0.0,22.932,51.908,7.384,229.34,SSP3-7.0
2045-12-04,0.0,22.87,53.624,7.49,233.77,SSP3-7.0
2045-12-05,0.0,22.706,54.861,7.517,234.34,SSP3-7.0
2045-12-06,0.0,22.614,51.095,6.917,229.04,SSP3-7.0
2045-12-07,0.0,22.555,48.32,7.346,228.01,SSP3-7.0
2045-12-08,0.0,22.395,43.834,9.185,226.85,SSP3-7.0
2045-12-09,0.0,21.989,37.194,9.189,237.0,SSP3-7.0
2045-12-10,0.0,21.525,41.381,6.305,234.29,SSP3-7.0
2045-12-11,0.0,21.375,38.121,7.944,239.64,SSP3-7.0
2045-12-12,0.0,20.953,31.841,8.798,246.1,SSP3-7.0
2045-12-13,0.0,20.686,34.369,8.994,241.35,SSP3-7.0
2045-12-14,0.0,21.162,36.613,9.322,228.97,SSP3-7.0
2045-12-15,0.0,20.913,37.943,9.313,229.06,SSP3-7.0
2045-12-16,0.0,19.877,44.602,9.297,197.03,SSP3-7.0
2045-12-17,0.0,20.022,44.713,9.826,180.35,SSP3-7.0
2045-12-18,0.0,19.839,51.247,9.986,173.91,SSP3-7.0
2045-12-19,0.0,20.118,55.142,10.676,185.09,SSP3-7.0
2045-12-20,0.0,20.4,58.462,10.001,214.07,SSP3-7.0
2045-12-21,0.0,21.657,52.705,9.952,223.26,SSP3-7.0
2045-12-22,0.0,21.805,49.322,7.052,239.43,SSP3-7.0
2045-12-23,0.0,21.766,49.304,8.341,239.86,SSP3-7.0
2045-12-24,0.0,22.136,49.871,10.234,238.5,SSP3-7.0
2045-12-25,0.0,22.222,52.053,9.513,217.59,SSP3-7.0
2045-12-26,0.0,22.744,52.4,9.764,227.51,SSP3-7.0
2045-12-27,0.0,22.9,51.951,9.703,211.3,SSP3-7.0
2045-12-28,0.0,22.864,54.022,9.064,211.14,SSP3-7.0
2045-12-29,0.0,22.765,56.004,9.387,200.09,SSP3-7.0
2045-12-30,0.0,20.702,82.138,10.578,116.24,SSP3-7.0
2045-12-31,0.0,21.138,80.631,10.841,159.12,SSP3-7.0
2046-01-01,0.0,21.29,77.188,7.417,174.53,SSP3-7.0
2046-01-02,0.0,21.314,61.312,7.801,191.07,SSP3-7.0
2046-01-03,0.0,22.561,54.595,8.438,230.01,SSP3-7.0
2046-01-04,0.0,22.895,54.661,9.764,232.93,SSP3-7.0
2046-01-05,0.0,22.888,53.216,7.13,213.13,SSP3-7.0
2046-01-06,0.0,22.201,58.534,6.894,187.77,SSP3-7.0
2046-01-07,0.0,23.114,54.123,9.77,212.01,SSP3-7.0
2046-01-08,0.0,22.411,57.263,14.396,182.4,SSP3-7.0
2046-01-09,0.0,22.205,72.611,9.543,162.79,SSP3-7.0
2046-01-10,0.0,22.63,70.363,9.487,182.61,SSP3-7.0
2046-01-11,0.0,22.837,68.207,9.556,181.66,SSP3-7.0
2046-01-12,0.0,22.309,70.729,10.513,176.34,SSP3-7.0
2046-01-13,0.0,24.063,56.917,7.844,213.01,SSP3-7.0
2046-01-14,0.0,23.502,64.237,9.847,194.39,SSP3-7.0
2046-01-15,0.0029,23.274,65.747,11.195,203.71,SSP3-7.0
2046-01-16,0.0,17.061,77.391,16.966,108.85,SSP3-7.0
2046-01-17,0.0,20.492,65.695,11.173,213.91,SSP3-7.0
2046-01-18,0.0,22.076,56.651,8.069,245.53,SSP3-7.0
2046-01-19,0.0,22.911,53.678,7.492,245.22,SSP3-7.0
2046-01-20,0.0,23.081,58.054,9.618,221.38,SSP3-7.0
2046-01-21,0.0,23.234,51.196,10.279,213.57,SSP3-7.0
2046-01-22,0.0,23.138,48.94,7.965,241.38,SSP3-7.0
2046-01-23,0.0,23.233,50.997,9.599,244.43,SSP3-7.0
2046-01-24,0.0,23.591,52.659,8.189,238.52,SSP3-7.0
2046-01-25,0.0,24.35,47.799,8.996,245.4,SSP3-7.0
2046-01-26,0.0,24.23,49.513,7.89,245.97,SSP3-7.0
2046-01-27,0.0,24.501,49.969,8.676,241.7,SSP3-7.0
2046-01-28,0.0,24.556,53.081,10.693,229.83,SSP3-7.0
2046-01-29,0.0,24.787,50.399,9.635,247.92,SSP3-7.0
2046-01-30,0.0,24.468,53.595,10.608,243.56,SSP3-7.0
2046-01-31,0.0,24.715,51.182,11.084,248.92,SSP3-7.0
2046-02-01,0.0,24.367,49.915,11.664,231.61,SSP3-7.0
2046-02-02,0.0,24.621,48.221,14.093,240.51,SSP3-7.0
2046-02-03,0.0,24.798,43.648,14.396,255.28,SSP3-7.0
2046-02-04,0.0,24.663,43.921,11.293,251.37,SSP3-7.0
2046-02-05,0.0,25.231,44.311,9.938,241.46,SSP3-7.0
2046-02-06,0.0,25.052,45.966,9.733,265.0,SSP3-7.0
2046-02-07,0.0,25.121,46.219,8.062,261.35,SSP3-7.0
2046-02-08,0.0,25.43,43.693,9.808,267.42,SSP3-7.0
2046-02-09,0.0,26.019,36.601,13.86,277.12,SSP3-7.0
2046-02-10,0.0,25.719,41.815,10.298,271.63,SSP3-7.0
2046-02-11,0.0,25.348,36.773,9.541,263.84,SSP3-7.0
2046-02-12,0.0,25.128,40.878,9.338,259.07,SSP3-7.0
2046-02-13,0.0,24.468,28.073,14.35,268.75,SSP3-7.0
2046-02-14,0.0,23.634,26.112,12.891,292.47,SSP3-7.0
2046-02-15,0.0,23.427,28.302,11.087,296.16,SSP3-7.0
2046-02-16,0.0,23.338,30.213,9.348,286.8,SSP3-7.0
2046-02-17,0.0,24.093,37.809,6.231,280.9,SSP3-7.0
2046-02-18,0.0,25.525,43.473,11.91,271.09,SSP3-7.0
2046-02-19,0.0,26.706,39.104,14.061,267.16,SSP3-7.0
2046-02-20,0.0,26.826,39.402,10.642,226.06,SSP3-7.0
2046-02-21,0.0,26.869,36.091,10.623,270.21,SSP3-7.0
2046-02-22,0.0,26.189,30.339,11.483,263.95,SSP3-7.0
2046-02-23,0.0,25.358,26.161,10.292,301.92,SSP3-7.0
2046-02-24,0.0,25.176,29.524,7.592,266.89,SSP3-7.0
2046-02-25,0.0,25.114,45.575,11.302,225.53,SSP3-7.0
2046-02-26,0.0,25.914,45.066,12.365,200.06,SSP3-7.0
2046-02-27,0.0,27.607,41.217,10.974,237.83,SSP3-7.0
2046-02-28,0.0,27.396,40.712,8.742,237.22,SSP3-7.0
2046-03-01,0.0,26.285,29.78,11.032,261.59,SSP3-7.0
2046-03-02,0.0,25.393,27.359,12.215,249.58,SSP3-7.0
2046-03-03,0.0,24.26,31.717,8.615,216.46,SSP3-7.0
2046-03-04,0.0,24.687,52.16,11.943,222.44,SSP3-7.0
2046-03-05,0.0139,24.595,60.953,12.307,221.71,SSP3-7.0
2046-03-06,0.0022,25.809,48.885,11.344,233.64,SSP3-7.0
2046-03-07,0.0,26.782,35.633,12.069,301.04,SSP3-7.0
2046-03-08,0.0,26.868,29.82,11.818,305.43,SSP3-7.0
2046-03-09,0.0,26.885,26.952,11.793,309.26,SSP3-7.0
2046-03-10,0.0004,28.204,29.388,10.65,290.35,SSP3-7.0
2046-03-11,0.0,27.701,27.783,10.664,303.26,SSP3-7.0
2046-03-12,0.0,26.914,24.119,9.59,321.27,SSP3-7.0
2046-03-13,0.0,26.515,24.555,6.695,326.35,SSP3-7.0
2046-03-14,0.0,27.211,30.067,7.028,319.88,SSP3-7.0
2046-03-15,0.0,27.979,34.808,9.08,301.56,SSP3-7.0
2046-03-16,0.0,27.648,35.778,12.429,288.55,SSP3-7.0
2046-03-17,0.0,28.081,32.621,9.918,280.82,SSP3-7.0
2046-03-18,0.0,28.283,31.469,13.126,284.01,SSP3-7.0
2046-03-19,0.0,28.045,29.457,13.962,312.42,SSP3-7.0
2046-03-20,0.0,27.968,28.266,12.63,291.44,SSP3-7.0
2046-03-21,0.0,28.584,29.102,9.85,273.9,SSP3-7.0
2046-03-22,0.0,28.836,29.227,8.665,296.66,SSP3-7.0
2046-03-23,0.0,29.341,29.171,8.171,291.72,SSP3-7.0
2046-03-24,0.0,29.061,27.087,7.188,296.74,SSP3-7.0
2046-03-25,0.0,28.623,25.684,5.741,299.43,SSP3-7.0
2046-03-26,0.0,28.193,24.389,5.627,309.96,SSP3-7.0
2046-03-27,0.0,28.481,26.414,5.943,293.1,SSP3-7.0
2046-03-28,0.0,29.111,27.529,5.354,293.54,SSP3-7.0
2046-03-29,0.0,29.363,27.084,5.721,295.46,SSP3-7.0
2046-03-30,0.0,29.977,24.955,5.722,307.85,SSP3-7.0
2046-03-31,0.0,30.263,24.767,8.081,318.81,SSP3-7.0
2046-04-01,0.0001,31.658,25.928,5.808,311.59,SSP3-7.0
2046-04-02,0.0983,27.842,49.412,6.314,176.13,SSP3-7.0
2046-04-03,0.0,30.171,26.886,6.873,318.18,SSP3-7.0
2046-04-04,0.0,30.247,27.666,5.99,332.46,SSP3-7.0
2046-04-05,0.0,30.695,29.782,8.993,323.94,SSP3-7.0
2046-04-06,0.0,31.338,27.742,9.236,314.61,SSP3-7.0
2046-04-07,0.0,31.276,26.812,10.326,324.0,SSP3-7.0
2046-04-08,0.0,31.491,27.019,10.048,276.21,SSP3-7.0
2046-04-09,0.0,31.097,29.819,9.502,255.51,SSP3-7.0
2046-04-10,0.0,31.375,27.295,8.654,315.34,SSP3-7.0
2046-04-11,0.0,31.018,25.689,9.525,328.35,SSP3-7.0
2046-04-12,0.0004,31.51,25.034,9.322,310.38,SSP3-7.0
2046-04-13,0.0095,31.578,24.166,9.282,317.48,SSP3-7.0
2046-04-14,0.0,31.53,25.93,8.225,306.15,SSP3-7.0
2046-04-15,0.0246,31.85,28.122,7.857,301.78,SSP3-7.0
2046-04-16,0.0037,30.609,31.777,5.083,246.43,SSP3-7.0
2046-04-17,0.0881,31.489,32.865,9.502,299.48,SSP3-7.0
2046-04-18,0.0032,31.452,30.607,10.96,305.29,SSP3-7.0
2046-04-19,0.0,31.712,28.808,10.985,314.48,SSP3-7.0
2046-04-20,0.0,31.832,28.64,9.998,308.96,SSP3-7.0
2046-04-21,0.0756,32.239,29.789,9.253,294.23,SSP3-7.0
2046-04-22,0.0821,32.704,29.121,7.653,298.28,SSP3-7.0
2046-04-23,0.2289,31.011,36.513,8.763,250.94,SSP3-7.0
2046-04-24,0.0476,30.695,35.734,7.515,257.27,SSP3-7.0
2046-04-25,0.058,27.136,58.929,6.179,199.88,SSP3-7.0
2046-04-26,6.2107,31.144,42.131,5.462,272.41,SSP3-7.0
2046-04-27,0.0036,31.541,30.326,5.604,308.09,SSP3-7.0
2046-04-28,0.0651,30.964,35.347,6.464,240.46,SSP3-7.0
2046-04-29,0.0,31.787,30.491,9.308,319.22,SSP3-7.0
2046-04-30,0.0,32.451,28.774,10.352,318.84,SSP3-7.0
2046-05-01,0.0,32.325,28.865,11.181,318.02,SSP3-7.0
2046-05-02,0.0,32.464,33.277,11.309,295.95,SSP3-7.0
2046-05-03,0.0,32.736,30.207,9.9,295.82,SSP3-7.0
2046-05-04,0.3089,33.097,27.889,7.498,305.73,SSP3-7.0
2046-05-05,0.0,31.04,36.448,9.571,205.46,SSP3-7.0
2046-05-06,0.0163,32.226,28.029,8.217,310.28,SSP3-7.0
2046-05-07,0.5317,32.944,28.812,5.961,282.85,SSP3-7.0
2046-05-08,1.1695,32.697,30.814,7.0,302.43,SSP3-7.0
2046-05-09,0.6007,32.544,35.361,5.5,288.34,SSP3-7.0
2046-05-10,14.5258,31.082,48.097,6.112,229.53,SSP3-7.0
2046-05-11,0.6145,30.665,44.208,5.694,256.34,SSP3-7.0
2046-05-12,0.9455,31.953,40.212,7.511,293.04,SSP3-7.0
2046-05-13,1.112,31.314,41.301,7.2,264.38,SSP3-7.0
2046-05-14,0.0,32.403,34.993,6.708,291.48,SSP3-7.0
2046-05-15,0.0,32.789,31.569,6.758,317.61,SSP3-7.0
2046-05-16,0.004,32.93,32.333,8.49,308.77,SSP3-7.0
2046-05-17,0.0085,32.289,36.267,8.549,277.71,SSP3-7.0
2046-05-18,0.0,32.861,31.064,4.887,294.13,SSP3-7.0
2046-05-19,0.0,33.298,26.322,6.547,311.49,SSP3-7.0
2046-05-20,0.0198,33.793,24.599,8.82,299.44,SSP3-7.0
2046-05-21,0.0,33.917,23.628,8.657,306.26,SSP3-7.0
2046-05-22,0.0,33.807,21.856,10.239,334.51,SSP3-7.0
2046-05-23,0.0,33.827,21.675,9.832,340.46,SSP3-7.0
2046-05-24,0.0,34.536,21.002,10.012,319.65,SSP3-7.0
2046-05-25,0.0,34.401,20.778,8.673,318.39,SSP3-7.0
2046-05-26,0.0,34.994,21.019,6.856,285.16,SSP3-7.0
2046-05-27,0.0,34.75,24.065,6.587,264.01,SSP3-7.0
2046-05-28,0.0,34.817,20.956,8.186,302.18,SSP3-7.0
2046-05-29,0.0,34.731,22.293,7.705,321.02,SSP3-7.0
2046-05-30,0.0,35.452,22.328,13.309,321.92,SSP3-7.0
2046-05-31,0.0,35.12,26.185,12.09,297.91,SSP3-7.0
2046-06-01,0.0102,35.843,26.91,9.067,308.96,SSP3-7.0
2046-06-02,0.0,35.88,25.912,8.222,318.32,SSP3-7.0
2046-06-03,0.0,34.262,38.602,13.986,295.21,SSP3-7.0
2046-06-04,0.0,33.965,33.349,14.409,267.79,SSP3-7.0
2046-06-05,0.0,34.28,29.985,11.696,286.83,SSP3-7.0
2046-06-06,0.0,34.685,29.642,16.068,310.53,SSP3-7.0
2046-06-07,0.0,34.566,26.494,16.45,327.96,SSP3-7.0
2046-06-08,2.3158,35.413,26.336,17.022,325.76,SSP3-7.0
2046-06-09,0.0,34.71,31.836,17.062,302.1,SSP3-7.0
2046-06-10,1.397,34.222,34.719,17.619,307.52,SSP3-7.0
2046-06-11,1.3569,33.577,42.818,15.613,287.26,SSP3-7.0
2046-06-12,1.3999,32.564,50.33,16.329,296.75,SSP3-7.0
2046-06-13,0.0,31.946,49.466,15.91,282.26,SSP3-7.0
2046-06-14,0.0,33.113,46.316,16.32,298.16,SSP3-7.0
2046-06-15,0.0,32.524,47.833,17.115,282.56,SSP3-7.0
2046-06-16,0.0,30.605,52.78,16.572,240.42,SSP3-7.0
2046-06-17,0.0,32.182,49.432,16.819,266.89,SSP3-7.0
2046-06-18,0.0,32.52,49.347,17.136,284.4,SSP3-7.0
2046-06-19,0.7565,32.129,55.676,17.116,280.58,SSP3-7.0
2046-06-20,0.0,30.892,57.827,18.826,277.58,SSP3-7.0
2046-06-21,0.0362,30.347,60.498,17.705,273.19,SSP3-7.0
2046-06-22,0.4642,29.424,63.874,19.692,248.97,SSP3-7.0
2046-06-23,7.9611,27.921,73.87,17.856,225.41,SSP3-7.0
2046-06-24,0.279,27.063,78.867,14.657,207.99,SSP3-7.0
2046-06-25,0.6714,29.072,70.429,16.299,244.8,SSP3-7.0
2046-06-26,0.085,28.359,70.488,17.415,263.75,SSP3-7.0
2046-06-27,0.0,28.029,69.647,14.286,221.77,SSP3-7.0
2046-06-28,0.0,29.57,61.217,13.784,271.47,SSP3-7.0
2046-06-29,0.0,29.96,59.469,15.529,283.81,SSP3-7.0
2046-06-30,0.0,30.084,56.073,17.214,286.04,SSP3-7.0
2046-07-01,0.0712,28.705,60.992,16.114,231.37,SSP3-7.0
2046-07-02,1.4769,29.431,59.645,16.319,289.13,SSP3-7.0
2046-07-03,0.0,29.435,61.316,16.296,282.48,SSP3-7.0
2046-07-04,0.0,29.544,57.756,15.655,285.65,SSP3-7.0
2046-07-05,0.0,29.359,56.959,15.209,239.46,SSP3-7.0
2046-07-06,0.0,30.371,52.254,17.978,299.68,SSP3-7.0
2046-07-07,0.0071,27.824,66.098,14.624,218.33,SSP3-7.0
2046-07-08,14.0585,26.978,76.104,12.455,200.4,SSP3-7.0
2046-07-09,18.201,26.213,89.071,12.684,174.58,SSP3-7.0
2046-07-10,25.0034,26.459,87.542,14.225,217.34,SSP3-7.0
2046-07-11,52.487,25.638,94.391,13.39,164.63,SSP3-7.0
2046-07-12,74.8063,25.829,94.886,15.503,149.22,SSP3-7.0
2046-07-13,19.7383,25.887,91.559,12.082,202.16,SSP3-7.0
2046-07-14,0.0094,27.46,83.134,12.911,273.26,SSP3-7.0
2046-07-15,3.8099,27.13,87.24,12.656,263.91,SSP3-7.0
2046-07-16,0.0769,27.179,84.431,12.932,239.37,SSP3-7.0
2046-07-17,15.4106,27.688,87.08,12.241,249.31,SSP3-7.0
2046-07-18,0.0,26.665,86.154,12.212,242.99,SSP3-7.0
2046-07-19,2.9578,27.018,85.704,12.355,240.23,SSP3-7.0
2046-07-20,0.0541,26.879,84.534,15.517,249.44,SSP3-7.0
2046-07-21,18.4525,26.368,89.31,12.923,220.16,SSP3-7.0
2046-07-22,3.8549,25.94,91.555,11.221,191.53,SSP3-7.0
2046-07-23,0.0904,26.269,88.501,13.689,225.09,SSP3-7.0
2046-07-24,7.7927,26.065,90.252,13.433,209.29,SSP3-7.0
2046-07-25,31.0586,25.696,93.074,15.321,138.9,SSP3-7.0
2046-07-26,12.6347,25.579,92.965,11.872,180.39,SSP3-7.0
2046-07-27,0.0,26.327,87.385,15.367,232.6,SSP3-7.0
2046-07-28,0.0,27.069,84.325,16.28,244.52,SSP3-7.0
2046-07-29,0.0,26.704,84.804,16.122,232.29,SSP3-7.0
2046-07-30,0.0,26.996,84.396,16.921,242.61,SSP3-7.0
2046-07-31,0.035,26.789,85.23,17.075,237.66,SSP3-7.0
2046-08-01,0.0,26.735,87.014,14.409,219.29,SSP3-7.0
2046-08-02,2.4854,26.679,87.895,13.154,220.55,SSP3-7.0
2046-08-03,28.6358,25.995,91.607,15.365,183.74,SSP3-7.0
2046-08-04,26.2531,25.855,93.693,14.963,124.38,SSP3-7.0
2046-08-05,0.5552,26.78,88.295,13.861,243.52,SSP3-7.0
2046-08-06,0.0171,26.889,87.418,13.455,235.85,SSP3-7.0
2046-08-07,0.0,27.116,86.177,13.148,258.36,SSP3-7.0
2046-08-08,0.0789,27.146,85.807,12.786,249.56,SSP3-7.0
2046-08-09,0.5275,27.101,85.721,12.956,250.56,SSP3-7.0
2046-08-10,0.0,27.052,82.978,15.506,243.62,SSP3-7.0
2046-08-11,0.0,27.185,79.601,17.107,259.0,SSP3-7.0
2046-08-12,0.0,26.703,82.344,14.608,221.03,SSP3-7.0
2046-08-13,0.0,27.268,80.515,14.775,250.11,SSP3-7.0
2046-08-14,0.0,27.254,80.361,14.848,252.31,SSP3-7.0
2046-08-15,14.671,26.495,86.665,14.368,223.5,SSP3-7.0
2046-08-16,47.7726,25.729,94.484,13.598,135.49,SSP3-7.0
2046-08-17,3.9403,26.058,92.231,11.207,185.49,SSP3-7.0
2046-08-18,30.3292,26.728,89.765,10.706,239.44,SSP3-7.0
2046-08-19,36.2945,26.107,95.078,12.178,151.61,SSP3-7.0
2046-08-20,0.0102,26.401,90.396,9.642,225.97,SSP3-7.0
2046-08-21,0.0277,26.442,90.166,6.283,215.52,SSP3-7.0
2046-08-22,19.3647,26.563,91.508,4.74,225.24,SSP3-7.0
2046-08-23,5.2913,26.656,90.803,5.184,238.64,SSP3-7.0
2046-08-24,0.5163,26.903,88.526,8.386,234.59,SSP3-7.0
2046-08-25,20.3775,26.608,90.389,8.812,239.13,SSP3-7.0
2046-08-26,33.44,26.524,90.596,9.288,233.44,SSP3-7.0
2046-08-27,34.1733,25.777,96.493,9.576,165.18,SSP3-7.0
2046-08-28,16.2169,26.31,92.613,8.858,220.61,SSP3-7.0
2046-08-29,32.2763,26.403,94.995,9.489,159.93,SSP3-7.0
2046-08-30,1.3916,26.495,91.4,10.621,227.69,SSP3-7.0
2046-08-31,0.0532,26.335,93.732,9.101,200.46,SSP3-7.0
2046-09-01,27.8396,25.619,93.68,7.822,220.32,SSP3-7.0
2046-09-02,32.5442,25.501,96.148,6.041,212.98,SSP3-7.0
2046-09-03,32.2689,25.464,96.159,4.882,212.25,SSP3-7.0
2046-09-04,12.778,25.5,94.229,10.373,216.14,SSP3-7.0
2046-09-05,19.6483,25.578,93.714,8.893,219.34,SSP3-7.0
2046-09-06,26.2151,25.709,92.716,5.684,230.15,SSP3-7.0
2046-09-07,9.2257,25.522,92.1,7.925,231.25,SSP3-7.0
2046-09-08,5.8141,25.649,90.364,10.4,244.23,SSP3-7.0
2046-09-09,0.0,25.724,88.455,11.727,245.57,SSP3-7.0
2046-09-10,0.1199,25.657,89.176,10.82,234.45,SSP3-7.0
2046-09-11,0.0062,25.426,92.136,8.459,201.71,SSP3-7.0
2046-09-12,0.0,26.107,89.99,5.777,242.82,SSP3-7.0
2046-09-13,0.0,26.207,90.057,6.147,230.97,SSP3-7.0
2046-09-14,0.0763,26.746,87.42,6.737,246.11,SSP3-7.0
2046-09-15,0.0,26.943,86.094,9.875,257.45,SSP3-7.0
2046-09-16,11.2569,26.183,87.847,9.08,234.75,SSP3-7.0
2046-09-17,25.9181,25.225,95.793,6.483,179.61,SSP3-7.0
2046-09-18,1.0248,25.75,89.71,5.576,242.89,SSP3-7.0
2046-09-19,24.3822,25.784,91.241,5.452,234.41,SSP3-7.0
2046-09-20,26.5872,25.568,96.203,6.68,192.36,SSP3-7.0
2046-09-21,6.3356,25.437,93.858,6.957,208.82,SSP3-7.0
2046-09-22,24.672,25.515,93.326,5.0,220.61,SSP3-7.0
2046-09-23,22.0586,25.216,94.485,3.54,211.09,SSP3-7.0
2046-09-24,18.9371,25.128,95.445,5.258,205.91,SSP3-7.0
2046-09-25,5.527,25.244,92.625,6.491,216.62,SSP3-7.0
2046-09-26,1.238,25.591,90.268,7.471,234.33,SSP3-7.0
2046-09-27,0.3015,25.528,90.588,6.748,221.37,SSP3-7.0
2046-09-28,3.6435,26.083,90.152,6.183,230.84,SSP3-7.0
2046-09-29,12.2888,26.46,88.485,7.104,236.56,SSP3-7.0
2046-09-30,17.3653,25.042,93.061,14.391,185.22,SSP3-7.0
2046-10-01,0.195,24.542,91.26,8.695,215.32,SSP3-7.0
2046-10-02,22.1813,24.52,91.802,9.597,217.73,SSP3-7.0
2046-10-03,0.0028,25.015,89.223,6.975,223.85,SSP3-7.0
2046-10-04,6.8907,25.352,88.794,5.771,234.51,SSP3-7.0
2046-10-05,7.9922,24.83,90.565,5.163,222.11,SSP3-7.0
2046-10-06,8.4387,24.573,91.379,3.475,217.62,SSP3-7.0
2046-10-07,22.1142,24.353,91.911,6.447,215.36,SSP3-7.0
2046-10-08,26.5297,24.229,93.816,6.023,179.09,SSP3-7.0
2046-10-09,18.5373,24.055,93.53,4.861,194.52,SSP3-7.0
2046-10-10,4.5405,24.161,91.883,3.792,208.36,SSP3-7.0
2046-10-11,0.0,24.743,89.123,3.873,216.18,SSP3-7.0
2046-10-12,0.0001,25.654,85.61,2.745,262.41,SSP3-7.0
2046-10-13,0.0,26.008,84.94,2.373,252.43,SSP3-7.0
2046-10-14,0.1171,26.074,84.794,3.497,238.44,SSP3-7.0
2046-10-15,7.0438,24.123,93.437,3.909,175.18,SSP3-7.0
2046-10-16,1.7191,25.773,87.824,2.965,213.94,SSP3-7.0
2046-10-17,19.5224,23.923,95.173,2.854,165.2,SSP3-7.0
2046-10-18,1.9472,24.888,89.099,5.32,206.26,SSP3-7.0
2046-10-19,6.6903,24.065,90.52,5.815,207.29,SSP3-7.0
2046-10-20,0.2251,23.991,90.707,5.7,215.54,SSP3-7.0
2046-10-21,0.0727,24.798,88.243,5.015,217.23,SSP3-7.0
2046-10-22,2.9094,24.363,89.023,4.397,212.26,SSP3-7.0
2046-10-23,0.0,24.861,85.851,3.997,233.66,SSP3-7.0
2046-10-24,0.0,25.125,84.049,3.432,241.63,SSP3-7.0
2046-10-25,0.0,24.864,83.183,4.991,245.77,SSP3-7.0
2046-10-26,0.0,24.796,81.604,5.604,252.42,SSP3-7.0
2046-10-27,0.4575,24.908,83.979,4.513,239.28,SSP3-7.0
2046-10-28,0.0,24.841,86.275,4.045,214.97,SSP3-7.0
2046-10-29,0.0,25.241,84.724,3.997,218.2,SSP3-7.0
2046-10-30,0.0,25.842,81.255,4.217,237.83,SSP3-7.0
2046-10-31,0.0,25.016,84.463,4.494,205.28,SSP3-7.0
2046-11-01,0.0,25.446,85.278,6.103,219.66,SSP3-7.0
2046-11-02,0.0,25.733,84.52,6.707,222.3,SSP3-7.0
2046-11-03,0.0,25.305,82.054,5.296,236.97,SSP3-7.0
2046-11-04,0.0,25.228,79.417,6.054,234.61,SSP3-7.0
2046-11-05,0.0,25.271,82.044,8.862,224.57,SSP3-7.0
2046-11-06,0.5477,24.497,79.991,10.499,207.32,SSP3-7.0
2046-11-07,13.1389,23.06,88.822,12.863,167.65,SSP3-7.0
2046-11-08,25.7531,22.909,91.644,11.769,159.45,SSP3-7.0
2046-11-09,10.0133,23.503,88.978,6.134,181.04,SSP3-7.0
2046-11-10,7.526,23.955,88.726,5.114,188.1,SSP3-7.0
2046-11-11,0.0017,25.175,81.862,5.089,197.83,SSP3-7.0
2046-11-12,0.0,24.635,75.27,5.674,221.9,SSP3-7.0
2046-11-13,0.0,24.523,79.483,5.071,223.37,SSP3-7.0
2046-11-14,0.0,24.37,80.984,6.909,218.16,SSP3-7.0
2046-11-15,0.0,24.375,77.002,4.377,230.25,SSP3-7.0
2046-11-16,0.0,24.598,75.831,4.791,217.77,SSP3-7.0
2046-11-17,0.0,24.869,74.887,7.638,223.75,SSP3-7.0
2046-11-18,0.0,24.809,75.965,8.953,202.3,SSP3-7.0
2046-11-19,0.0,25.02,73.822,12.783,218.68,SSP3-7.0
2046-11-20,0.0,25.368,76.081,12.254,222.78,SSP3-7.0
2046-11-21,0.0,25.285,71.54,11.968,233.29,SSP3-7.0
2046-11-22,0.0,24.658,64.975,9.389,241.08,SSP3-7.0
2046-11-23,0.0366,23.731,80.261,6.859,191.1,SSP3-7.0
2046-11-24,0.0,24.358,81.641,5.452,184.84,SSP3-7.0
2046-11-25,0.0,24.243,70.383,7.636,213.34,SSP3-7.0
2046-11-26,0.0,22.942,52.1,11.265,227.94,SSP3-7.0
2046-11-27,0.0,21.487,42.137,13.644,240.23,SSP3-7.0
2046-11-28,0.0,19.965,39.824,8.701,254.38,SSP3-7.0
2046-11-29,0.0,19.73,45.662,8.714,254.63,SSP3-7.0
2046-11-30,0.0,20.727,52.409,6.544,241.15,SSP3-7.0
2046-12-01,0.0,22.562,63.196,5.327,223.04,SSP3-7.0
2046-12-02,0.0,23.081,63.871,7.0,226.53,SSP3-7.0
2046-12-03,0.0,23.019,54.81,8.82,236.57,SSP3-7.0
2046-12-04,0.0,22.494,57.969,6.62,235.54,SSP3-7.0
2046-12-05,0.0,21.882,62.41,7.232,223.7,SSP3-7.0
2046-12-06,0.0,21.52,54.671,9.29,226.01,SSP3-7.0
2046-12-07,0.0,20.977,48.112,10.303,238.0,SSP3-7.0
2046-12-08,0.0,20.366,48.004,9.76,239.82,SSP3-7.0
2046-12-09,0.0,20.175,49.277,8.772,240.62,SSP3-7.0
2046-12-10,0.0,20.124,51.213,8.736,239.92,SSP3-7.0
2046-12-11,0.0,20.149,51.438,8.159,237.7,SSP3-7.0
2046-12-12,0.0,20.155,51.232,8.32,237.77,SSP3-7.0
2046-12-13,0.0,20.291,49.292,7.953,237.72,SSP3-7.0
2046-12-14,0.0,20.158,53.14,8.039,226.23,SSP3-7.0
2046-12-15,0.0,19.401,54.572,8.087,207.4,SSP3-7.0
2046-12-16,0.0,19.458,47.346,8.306,241.03,SSP3-7.0
2046-12-17,0.0,19.884,47.644,8.77,243.13,SSP3-7.0
2046-12-18,0.0,20.453,49.353,9.302,237.16,SSP3-7.0
2046-12-19,0.0,21.152,48.9,8.314,237.27,SSP3-7.0
2046-12-20,0.0,21.329,53.373,6.581,236.63,SSP3-7.0
2046-12-21,0.0,21.442,54.29,6.581,238.63,SSP3-7.0
2046-12-22,0.0,21.824,57.078,6.293,234.83,SSP3-7.0
2046-12-23,0.0,21.85,53.757,6.033,237.59,SSP3-7.0
2046-12-24,0.0,22.158,54.813,5.787,232.99,SSP3-7.0
2046-12-25,0.0,22.63,53.834,7.303,235.97,SSP3-7.0
2046-12-26,0.0,22.039,50.44,6.762,239.35,SSP3-7.0
2046-12-27,0.0,21.465,44.747,7.689,240.69,SSP3-7.0
2046-12-28,0.0,21.14,43.041,6.997,246.76,SSP3-7.0
2046-12-29,0.0,21.513,48.65,6.096,235.98,SSP3-7.0
2046-12-30,0.0,21.879,52.266,7.526,241.36,SSP3-7.0
2046-12-31,0.0,21.464,50.333,8.754,239.85,SSP3-7.0
2047-01-01,0.0,21.065,50.179,9.832,239.87,SSP3-7.0
2047-01-02,0.0,20.929,47.422,9.461,237.23,SSP3-7.0
2047-01-03,0.0,20.56,52.433,5.904,230.37,SSP3-7.0
2047-01-04,0.0,21.392,50.692,6.513,242.84,SSP3-7.0
2047-01-05,0.0,21.672,54.883,7.912,236.66,SSP3-7.0
2047-01-06,0.0,21.956,55.421,7.267,232.07,SSP3-7.0
2047-01-07,0.0,21.128,54.033,6.729,209.89,SSP3-7.0
2047-01-08,0.0,21.177,53.056,5.006,207.58,SSP3-7.0
2047-01-09,0.0,22.401,51.992,6.943,227.35,SSP3-7.0
2047-01-10,0.0,23.305,56.148,10.658,195.12,SSP3-7.0
2047-01-11,0.0,21.467,67.781,10.5,166.68,SSP3-7.0
2047-01-12,0.0,21.698,64.252,10.419,188.3,SSP3-7.0
2047-01-13,0.0,21.471,45.902,14.441,207.21,SSP3-7.0
2047-01-14,0.0,21.476,47.234,11.671,190.46,SSP3-7.0
2047-01-15,0.0,22.855,55.407,10.401,205.85,SSP3-7.0
2047-01-16,0.0,23.277,55.326,7.243,227.47,SSP3-7.0
2047-01-17,0.0,23.568,50.009,5.067,240.51,SSP3-7.0
2047-01-18,0.0,23.341,55.787,8.151,221.48,SSP3-7.0
2047-01-19,0.0,23.391,54.337,7.267,238.79,SSP3-7.0
2047-01-20,0.0,23.043,55.143,4.88,217.03,SSP3-7.0
2047-01-21,0.0,23.09,49.445,9.06,242.32,SSP3-7.0
2047-01-22,0.0,21.388,37.739,12.387,253.01,SSP3-7.0
2047-01-23,0.0,21.016,40.683,9.64,256.47,SSP3-7.0
2047-01-24,0.0,22.085,50.856,7.023,241.59,SSP3-7.0
2047-01-25,0.0,22.595,52.136,6.62,241.35,SSP3-7.0
2047-01-26,0.0,22.944,47.748,8.18,245.6,SSP3-7.0
2047-01-27,0.0,22.55,42.888,10.367,247.25,SSP3-7.0
2047-01-28,0.0,21.846,43.734,9.767,233.46,SSP3-7.0
2047-01-29,0.0,21.765,43.101,8.188,246.21,SSP3-7.0
2047-01-30,0.0,22.312,44.186,5.042,253.77,SSP3-7.0
2047-01-31,0.0,23.036,45.997,6.064,261.51,SSP3-7.0
2047-02-01,0.0,23.129,45.462,5.678,262.68,SSP3-7.0
2047-02-02,0.0,23.798,46.59,5.337,264.59,SSP3-7.0
2047-02-03,0.0,24.208,48.859,4.589,262.58,SSP3-7.0
2047-02-04,0.0,24.453,45.777,5.976,266.66,SSP3-7.0
2047-02-05,0.0,24.562,46.63,8.958,258.94,SSP3-7.0
2047-02-06,0.0,24.83,47.014,10.173,256.89,SSP3-7.0
2047-02-07,0.0,24.367,54.472,8.634,205.26,SSP3-7.0
2047-02-08,0.0,21.914,73.43,11.194,172.44,SSP3-7.0
2047-02-09,0.0,23.238,65.782,10.788,200.81,SSP3-7.0
2047-02-10,0.0,23.298,65.197,8.701,201.06,SSP3-7.0
2047-02-11,0.0,24.256,63.381,5.318,219.03,SSP3-7.0
2047-02-12,0.0,24.051,48.025,7.837,266.72,SSP3-7.0
2047-02-13,0.0,23.045,31.725,12.24,291.63,SSP3-7.0
2047-02-14,0.0,22.626,31.214,10.495,294.54,SSP3-7.0
2047-02-15,0.0,22.408,38.296,6.682,288.57,SSP3-7.0
2047-02-16,0.0,23.242,35.99,7.9,288.19,SSP3-7.0
2047-02-17,0.0,23.177,35.717,7.294,283.57,SSP3-7.0
2047-02-18,0.0,23.633,33.835,6.823,295.65,SSP3-7.0
2047-02-19,0.0,23.667,33.992,3.26,291.44,SSP3-7.0
2047-02-20,0.0,24.358,40.456,6.474,288.58,SSP3-7.0
2047-02-21,0.0,24.916,44.434,7.895,282.68,SSP3-7.0
2047-02-22,0.0,25.42,48.327,9.042,271.76,SSP3-7.0
2047-02-23,0.0,25.872,43.049,9.167,275.99,SSP3-7.0
2047-02-24,0.0,25.882,37.062,9.58,261.25,SSP3-7.0
2047-02-25,0.0,25.865,34.682,6.847,284.19,SSP3-7.0
2047-02-26,0.0,25.646,34.856,6.836,284.43,SSP3-7.0
2047-02-27,0.0,26.294,34.329,8.112,256.41,SSP3-7.0
2047-02-28,0.0,26.134,35.65,9.315,243.29,SSP3-7.0
2047-03-01,0.0,25.445,30.672,11.206,289.74,SSP3-7.0
2047-03-02,0.0,25.092,29.988,9.731,301.22,SSP3-7.0
2047-03-03,0.0,24.766,31.312,7.407,297.72,SSP3-7.0
2047-03-04,0.0,25.446,37.329,7.819,279.45,SSP3-7.0
2047-03-05,0.0,26.074,43.045,8.437,299.7,SSP3-7.0
2047-03-06,0.0,26.225,38.664,6.649,284.98,SSP3-7.0
2047-03-07,0.0,26.191,36.346,7.183,293.71,SSP3-7.0
2047-03-08,0.0,26.721,33.807,6.656,290.12,SSP3-7.0
2047-03-09,0.0,26.966,32.85,7.956,286.6,SSP3-7.0
2047-03-10,0.0,27.312,36.759,8.595,279.47,SSP3-7.0
2047-03-11,0.0,27.305,39.853,6.779,280.44,SSP3-7.0
2047-03-12,0.0,27.27,33.952,6.804,297.71,SSP3-7.0
2047-03-13,0.0,27.067,32.36,7.298,311.87,SSP3-7.0
2047-03-14,0.0,27.133,31.985,6.794,312.81,SSP3-7.0
2047-03-15,0.0,27.413,31.283,5.871,304.17,SSP3-7.0
2047-03-16,0.0,27.732,31.681,8.45,301.45,SSP3-7.0
2047-03-17,0.0,23.816,55.382,5.885,199.6,SSP3-7.0
2047-03-18,0.0,26.611,38.068,6.479,291.8,SSP3-7.0
2047-03-19,0.0,27.76,36.11,9.31,292.03,SSP3-7.0
2047-03-20,0.0,27.451,35.266,7.627,301.81,SSP3-7.0
2047-03-21,0.0,27.439,31.383,6.723,306.71,SSP3-7.0
2047-03-22,0.0,27.838,34.119,5.072,291.07,SSP3-7.0
2047-03-23,0.0,27.944,32.898,9.667,305.05,SSP3-7.0
2047-03-24,0.0,27.573,32.681,8.483,291.98,SSP3-7.0
2047-03-25,0.0,28.051,33.803,5.928,310.55,SSP3-7.0
2047-03-26,0.0,27.783,31.727,7.473,316.55,SSP3-7.0
2047-03-27,0.0,28.505,32.057,6.299,305.69,SSP3-7.0
2047-03-28,0.0,29.329,33.393,7.682,289.86,SSP3-7.0
2047-03-29,0.0,29.199,33.898,8.419,303.42,SSP3-7.0
2047-03-30,0.0033,29.281,34.34,6.801,301.68,SSP3-7.0
2047-03-31,0.0043,29.094,33.601,5.141,301.74,SSP3-7.0
2047-04-01,0.0,30.09,32.696,4.719,309.63,SSP3-7.0
2047-04-02,0.0,30.153,31.719,5.668,308.69,SSP3-7.0
2047-04-03,0.0,30.267,31.403,7.182,307.45,SSP3-7.0
2047-04-04,0.0,29.966,34.113,8.323,265.66,SSP3-7.0
2047-04-05,0.0,29.971,29.634,8.265,333.61,SSP3-7.0
2047-04-06,0.0,29.0,25.663,6.999,343.1,SSP3-7.0
2047-04-07,0.0,28.763,26.434,4.192,342.83,SSP3-7.0
2047-04-08,0.0,29.555,32.419,7.163,329.89,SSP3-7.0
2047-04-09,0.0,30.242,32.797,7.0,317.94,SSP3-7.0
2047-04-10,0.0,30.73,30.278,6.11,316.88,SSP3-7.0
2047-04-11,0.0,31.136,29.36,5.32,322.3,SSP3-7.0
2047-04-12,0.0,31.033,30.873,4.859,320.78,SSP3-7.0
2047-04-13,0.0,31.104,32.525,6.797,306.77,SSP3-7.0
2047-04-14,0.0,31.734,30.013,8.323,299.14,SSP3-7.0
2047-04-15,0.001,30.638,32.008,8.98,258.76,SSP3-7.0
2047-04-16,0.0065,31.562,31.249,9.325,306.51,SSP3-7.0
2047-04-17,0.0053,31.272,28.311,8.698,317.72,SSP3-7.0
2047-04-18,0.0,31.036,27.097,8.728,321.61,SSP3-7.0
2047-04-19,0.0,30.899,29.719,7.316,252.09,SSP3-7.0
2047-04-20,0.0,31.222,25.994,10.0,309.06,SSP3-7.0
2047-04-21,0.0,30.965,27.118,9.857,333.59,SSP3-7.0
2047-04-22,0.0,30.832,29.439,8.736,323.65,SSP3-7.0
2047-04-23,0.0,30.891,28.458,7.925,323.26,SSP3-7.0
2047-04-24,0.0378,30.967,29.625,6.235,277.13,SSP3-7.0
2047-04-25,0.202,31.382,29.954,6.592,304.97,SSP3-7.0
2047-04-26,0.0036,31.347,29.213,6.481,315.39,SSP3-7.0
2047-04-27,0.0,31.584,28.267,5.69,298.87,SSP3-7.0
2047-04-28,0.0363,31.858,28.138,6.916,312.62,SSP3-7.0
2047-04-29,0.1707,31.929,30.616,4.337,302.17,SSP3-7.0
2047-04-30,0.0,31.917,30.694,3.956,305.33,SSP3-7.0
2047-05-01,0.0,32.058,29.393,5.939,313.79,SSP3-7.0
2047-05-02,0.0,32.188,28.465,9.554,304.64,SSP3-7.0
2047-05-03,0.0,32.428,27.928,8.445,316.11,SSP3-7.0
2047-05-04,0.0,32.702,26.502,8.316,316.38,SSP3-7.0
2047-05-05,0.0015,32.832,27.05,9.224,305.81,SSP3-7.0
2047-05-06,0.0018,32.784,29.358,8.961,275.06,SSP3-7.0
2047-05-07,0.3854,32.607,31.082,8.059,286.59,SSP3-7.0
2047-05-08,0.0,32.685,29.027,9.081,281.47,SSP3-7.0
2047-05-09,0.0,32.93,28.698,9.65,280.74,SSP3-7.0
2047-05-10,0.0,33.119,25.749,9.63,304.21,SSP3-7.0
2047-05-11,0.0,33.126,25.034,9.165,306.96,SSP3-7.0
2047-05-12,0.0032,33.543,25.531,8.049,307.57,SSP3-7.0
2047-05-13,0.0025,32.65,28.892,9.534,244.04,SSP3-7.0
2047-05-14,0.0,32.796,25.826,9.019,301.96,SSP3-7.0
2047-05-15,0.0017,33.352,25.107,10.293,322.36,SSP3-7.0
2047-05-16,0.0,33.375,25.932,7.562,318.26,SSP3-7.0
2047-05-17,0.0,33.754,25.287,10.291,312.37,SSP3-7.0
2047-05-18,0.0,34.072,25.749,11.097,277.81,SSP3-7.0
2047-05-19,0.0,34.083,24.235,9.321,311.33,SSP3-7.0
2047-05-20,0.084,34.258,24.083,11.766,316.2,SSP3-7.0
2047-05-21,0.0304,34.208,25.659,12.946,305.19,SSP3-7.0
2047-05-22,0.5999,34.049,27.236,11.475,301.65,SSP3-7.0
2047-05-23,1.1854,33.264,32.108,15.376,255.36,SSP3-7.0
2047-05-24,0.0,33.289,30.388,21.81,256.49,SSP3-7.0
2047-05-25,0.0325,31.323,38.033,18.462,232.41,SSP3-7.0
2047-05-26,0.0087,33.14,37.75,15.914,281.42,SSP3-7.0
2047-05-27,0.0697,32.871,38.331,15.453,296.14,SSP3-7.0
2047-05-28,0.0,32.91,32.883,14.857,322.56,SSP3-7.0
2047-05-29,0.0,33.19,32.48,15.277,306.41,SSP3-7.0
2047-05-30,0.0,33.011,32.017,16.747,321.08,SSP3-7.0
2047-05-31,0.0,32.907,30.879,18.152,323.7,SSP3-7.0
2047-06-01,0.0,33.76,33.603,18.115,300.25,SSP3-7.0
2047-06-02,0.0,33.235,38.386,18.207,302.77,SSP3-7.0
2047-06-03,0.0,32.649,38.204,17.074,296.66,SSP3-7.0
2047-06-04,0.0,32.912,40.988,18.495,293.74,SSP3-7.0
2047-06-05,0.0432,31.903,42.271,18.015,270.8,SSP3-7.0
2047-06-06,0.0,33.345,35.949,19.537,314.5,SSP3-7.0
2047-06-07,0.0,33.391,33.271,18.352,333.97,SSP3-7.0
2047-06-08,0.0,33.726,29.671,15.904,345.95,SSP3-7.0
2047-06-09,0.0003,33.881,31.682,14.312,326.69,SSP3-7.0
2047-06-10,0.0,31.032,42.909,12.838,260.03,SSP3-7.0
2047-06-11,0.0,33.596,37.959,14.698,312.72,SSP3-7.0
2047-06-12,0.0,33.562,35.829,15.072,293.68,SSP3-7.0
2047-06-13,0.0,32.996,37.174,13.993,286.5,SSP3-7.0
2047-06-14,0.0,34.177,33.25,14.087,311.46,SSP3-7.0
2047-06-15,0.0,34.65,32.467,13.685,316.39,SSP3-7.0
2047-06-16,0.0,33.592,36.021,15.639,293.69,SSP3-7.0
2047-06-17,0.0481,32.757,41.753,14.997,280.77,SSP3-7.0
2047-06-18,0.0,32.926,40.261,15.98,292.42,SSP3-7.0
2047-06-19,0.0,29.196,53.454,14.859,223.82,SSP3-7.0
2047-06-20,0.0,30.283,50.484,14.763,255.76,SSP3-7.0
2047-06-21,0.0,31.506,46.812,15.097,295.31,SSP3-7.0
2047-06-22,0.0,32.088,43.84,13.01,299.46,SSP3-7.0
2047-06-23,0.4386,33.019,47.339,9.28,293.07,SSP3-7.0
2047-06-24,0.8587,30.42,55.265,9.376,254.58,SSP3-7.0
2047-06-25,2.2864,31.455,57.239,10.537,290.2,SSP3-7.0
2047-06-26,0.1705,28.93,64.554,13.162,231.44,SSP3-7.0
2047-06-27,0.0,30.387,54.979,14.894,295.51,SSP3-7.0
2047-06-28,0.0,30.982,48.035,14.354,318.01,SSP3-7.0
2047-06-29,6.6316,30.035,61.566,11.988,262.53,SSP3-7.0
2047-06-30,1.4953,27.368,80.112,13.705,203.47,SSP3-7.0
2047-07-01,19.118,28.941,73.249,12.947,270.27,SSP3-7.0
2047-07-02,27.1857,26.564,88.865,7.73,204.94,SSP3-7.0
2047-07-03,12.2591,26.656,92.191,10.488,188.16,SSP3-7.0
2047-07-04,0.1953,26.71,84.812,12.984,221.49,SSP3-7.0
2047-07-05,7.6414,27.207,83.247,13.087,250.75,SSP3-7.0
2047-07-06,33.2339,26.175,88.601,16.428,210.61,SSP3-7.0
2047-07-07,50.245,25.366,94.347,15.533,132.57,SSP3-7.0
2047-07-08,18.6136,25.575,93.041,13.4,153.59,SSP3-7.0
2047-07-09,17.6962,25.925,91.537,14.3,200.1,SSP3-7.0
2047-07-10,21.429,25.307,92.007,17.412,153.42,SSP3-7.0
2047-07-11,1.6099,25.952,91.817,12.662,197.8,SSP3-7.0
2047-07-12,18.5533,26.219,93.309,11.64,170.89,SSP3-7.0
2047-07-13,1.8862,26.257,91.765,12.823,205.7,SSP3-7.0
2047-07-14,22.3854,26.065,91.669,15.69,200.95,SSP3-7.0
2047-07-15,23.7658,25.772,91.466,15.902,187.62,SSP3-7.0
2047-07-16,24.5047,25.386,93.436,13.475,161.58,SSP3-7.0
2047-07-17,7.278,25.939,90.412,13.649,217.29,SSP3-7.0
2047-07-18,18.5501,25.82,91.811,13.159,192.96,SSP3-7.0
2047-07-19,16.5468,25.682,92.419,10.88,183.75,SSP3-7.0
2047-07-20,0.0,26.581,86.04,11.41,261.14,SSP3-7.0
2047-07-21,0.0,26.844,83.635,11.782,261.08,SSP3-7.0
2047-07-22,0.1829,26.996,84.184,10.171,259.64,SSP3-7.0
2047-07-23,19.3399,26.327,88.893,9.562,222.42,SSP3-7.0
2047-07-24,13.9548,25.454,92.752,10.315,178.81,SSP3-7.0
2047-07-25,8.2226,26.132,90.163,11.384,215.4,SSP3-7.0
2047-07-26,5.0863,25.401,93.187,9.244,182.14,SSP3-7.0
2047-07-27,18.7779,26.079,91.587,5.906,213.0,SSP3-7.0
2047-07-28,24.9485,25.918,94.196,5.344,202.29,SSP3-7.0
2047-07-29,3.5481,26.469,91.181,7.714,222.0,SSP3-7.0
2047-07-30,0.1077,26.212,91.613,6.324,217.0,SSP3-7.0
2047-07-31,1.4584,26.577,89.827,6.318,232.29,SSP3-7.0
2047-08-01,0.6,26.999,88.938,4.917,238.62,SSP3-7.0
2047-08-02,2.2904,27.048,88.513,4.832,247.17,SSP3-7.0
2047-08-03,17.4739,26.317,91.929,4.097,220.72,SSP3-7.0
2047-08-04,11.3561,26.263,91.238,5.284,223.36,SSP3-7.0
2047-08-05,14.2802,26.258,91.934,6.151,228.05,SSP3-7.0
2047-08-06,4.3422,26.481,90.96,5.395,234.03,SSP3-7.0
2047-08-07,0.0624,26.903,87.203,8.312,241.23,SSP3-7.0
2047-08-08,0.0,27.208,83.702,10.353,250.66,SSP3-7.0
2047-08-09,0.0,27.483,80.535,11.247,272.12,SSP3-7.0
2047-08-10,0.0,27.625,81.71,10.853,268.85,SSP3-7.0
2047-08-11,0.0,27.852,80.744,10.92,255.11,SSP3-7.0
2047-08-12,0.0,27.45,81.347,10.983,269.38,SSP3-7.0
2047-08-13,0.0,27.183,82.088,10.919,245.6,SSP3-7.0
2047-08-14,0.0,27.377,80.969,11.167,260.64,SSP3-7.0
2047-08-15,0.0,27.548,80.788,11.89,254.88,SSP3-7.0
2047-08-16,0.0,27.76,81.867,10.901,273.06,SSP3-7.0
2047-08-17,1.3377,26.701,88.063,9.265,229.22,SSP3-7.0
2047-08-18,27.6197,25.967,94.492,5.985,176.05,SSP3-7.0
2047-08-19,0.0032,26.475,89.897,6.195,232.18,SSP3-7.0
2047-08-20,0.038,27.036,85.256,5.07,276.01,SSP3-7.0
2047-08-21,3.7713,26.777,89.802,7.084,231.1,SSP3-7.0
2047-08-22,0.0997,27.141,86.502,8.175,250.71,SSP3-7.0
2047-08-23,0.3637,27.269,87.029,6.906,234.8,SSP3-7.0
2047-08-24,19.0698,26.392,92.65,4.464,226.32,SSP3-7.0
2047-08-25,0.0,26.901,86.816,6.574,244.86,SSP3-7.0
2047-08-26,0.1295,27.237,85.667,8.665,255.34,SSP3-7.0
2047-08-27,0.0,27.528,82.71,10.067,261.74,SSP3-7.0
2047-08-28,0.0,27.856,81.658,7.751,269.61,SSP3-7.0
2047-08-29,0.0069,27.996,82.205,4.808,262.95,SSP3-7.0
2047-08-30,1.855,27.066,88.394,7.015,244.64,SSP3-7.0
2047-08-31,4.8601,26.612,89.986,6.741,228.47,SSP3-7.0
2047-09-01,9.4682,25.971,89.139,8.316,224.52,SSP3-7.0
2047-09-02,0.0156,26.363,84.184,11.022,242.65,SSP3-7.0
2047-09-03,24.4417,25.418,92.625,10.256,174.3,SSP3-7.0
2047-09-04,0.0,25.607,90.471,10.497,206.46,SSP3-7.0
2047-09-05,0.0,26.482,81.419,11.304,247.96,SSP3-7.0
2047-09-06,0.0,25.833,86.976,10.36,214.87,SSP3-7.0
2047-09-07,0.0,26.187,82.859,10.41,235.38,SSP3-7.0
2047-09-08,0.3936,25.937,87.403,8.505,225.74,SSP3-7.0
2047-09-09,0.0,25.601,88.974,6.769,215.19,SSP3-7.0
2047-09-10,0.8741,26.351,85.097,3.422,251.07,SSP3-7.0
2047-09-11,7.2598,25.979,89.504,4.238,226.5,SSP3-7.0
2047-09-12,0.0,26.779,81.365,6.804,266.23,SSP3-7.0
2047-09-13,0.0,27.021,81.942,7.071,261.89,SSP3-7.0
2047-09-14,0.0,27.21,80.019,7.423,270.49,SSP3-7.0
2047-09-15,0.0,27.342,78.899,7.951,268.4,SSP3-7.0
2047-09-16,0.0178,27.186,79.355,7.87,256.29,SSP3-7.0
2047-09-17,1.8616,26.713,83.484,6.772,244.99,SSP3-7.0
2047-09-18,17.9248,26.168,88.407,5.877,238.39,SSP3-7.0
2047-09-19,10.8581,25.61,91.768,5.779,213.36,SSP3-7.0
2047-09-20,0.0,26.413,85.918,6.016,245.1,SSP3-7.0
2047-09-21,0.0,27.259,82.447,5.414,260.37,SSP3-7.0
2047-09-22,0.0,27.322,82.9,3.295,251.45,SSP3-7.0
2047-09-23,0.2863,26.978,85.656,2.846,234.54,SSP3-7.0
2047-09-24,3.3263,26.845,86.59,3.473,238.78,SSP3-7.0
2047-09-25,7.6417,26.494,87.311,4.578,229.39,SSP3-7.0
2047-09-26,10.1137,26.504,87.847,5.074,228.57,SSP3-7.0
2047-09-27,4.2446,26.079,90.401,5.409,208.1,SSP3-7.0
2047-09-28,3.6538,25.81,89.396,8.351,211.0,SSP3-7.0
2047-09-29,0.0,26.485,83.531,11.074,226.58,SSP3-7.0
2047-09-30,0.0,27.291,77.833,10.984,245.32,SSP3-7.0
2047-10-01,0.0,28.023,76.759,6.605,255.55,SSP3-7.0
2047-10-02,0.0,26.857,84.093,4.145,238.63,SSP3-7.0
2047-10-03,0.1093,27.154,84.135,4.945,234.85,SSP3-7.0
2047-10-04,0.0049,27.492,83.531,4.372,236.57,SSP3-7.0
2047-10-05,0.0033,27.732,82.318,5.317,240.23,SSP3-7.0
2047-10-06,0.0457,27.763,78.603,5.67,248.73,SSP3-7.0
2047-10-07,0.0,27.507,76.78,6.158,258.23,SSP3-7.0
2047-10-08,0.0,27.592,73.768,6.105,264.84,SSP3-7.0
2047-10-09,0.0,26.884,82.87,6.088,230.98,SSP3-7.0
2047-10-10,0.0194,25.429,85.775,4.962,222.12,SSP3-7.0
2047-10-11,8.0522,25.182,87.114,5.886,224.28,SSP3-7.0
2047-10-12,27.6631,24.512,92.033,6.565,188.81,SSP3-7.0
2047-10-13,12.9359,24.49,91.926,5.99,186.28,SSP3-7.0
2047-10-14,3.1836,25.065,87.562,4.474,214.3,SSP3-7.0
2047-10-15,0.1986,25.965,84.058,4.75,228.78,SSP3-7.0
2047-10-16,0.1055,25.753,85.123,5.334,223.83,SSP3-7.0
2047-10-17,0.1236,25.832,84.656,5.82,220.83,SSP3-7.0
2047-10-18,0.0238,26.616,76.213,7.664,242.3,SSP3-7.0
2047-10-19,23.9712,24.546,85.486,11.689,185.98,SSP3-7.0
2047-10-20,48.3713,23.695,92.998,14.802,140.28,SSP3-7.0
2047-10-21,31.4857,23.007,93.536,9.878,157.35,SSP3-7.0
2047-10-22,24.0864,23.581,92.282,7.851,185.72,SSP3-7.0
2047-10-23,1.6635,24.949,87.8,4.298,203.69,SSP3-7.0
2047-10-24,0.0,26.541,74.004,7.59,256.96,SSP3-7.0
2047-10-25,0.0,25.836,70.815,7.155,235.72,SSP3-7.0
2047-10-26,0.0,25.168,64.546,8.234,228.1,SSP3-7.0
2047-10-27,0.0,25.312,69.031,9.534,258.83,SSP3-7.0
2047-10-28,0.0,24.769,71.93,10.031,209.35,SSP3-7.0
2047-10-29,0.0,24.416,76.448,11.863,199.68,SSP3-7.0
2047-10-30,0.0,25.544,79.488,11.845,227.9,SSP3-7.0
2047-10-31,0.0,26.483,73.804,10.68,236.17,SSP3-7.0
2047-11-01,0.0,26.316,72.701,6.132,232.74,SSP3-7.0
2047-11-02,0.0,25.712,78.236,4.006,222.99,SSP3-7.0
2047-11-03,0.0,24.837,82.387,5.272,198.21,SSP3-7.0
2047-11-04,0.0,24.33,81.746,8.159,189.45,SSP3-7.0
2047-11-05,0.0,25.097,81.581,7.397,199.02,SSP3-7.0
2047-11-06,0.0,24.561,84.966,5.861,176.02,SSP3-7.0
2047-11-07,0.0,24.617,84.885,3.99,187.23,SSP3-7.0
2047-11-08,0.0,24.019,86.776,4.388,181.99,SSP3-7.0
2047-11-09,0.0033,24.562,81.945,4.6,214.02,SSP3-7.0
2047-11-10,0.0,25.0,80.035,6.34,218.97,SSP3-7.0
2047-11-11,0.0,25.713,72.355,6.471,216.87,SSP3-7.0
2047-11-12,0.0,25.241,68.41,5.702,215.84,SSP3-7.0
2047-11-13,0.0,25.135,66.608,3.61,216.84,SSP3-7.0
2047-11-14,0.0,25.383,68.484,5.325,214.8,SSP3-7.0
2047-11-15,0.0,25.33,78.689,7.767,204.24,SSP3-7.0
2047-11-16,0.0,24.765,76.567,7.457,205.36,SSP3-7.0
2047-11-17,0.0,23.944,69.41,7.399,221.19,SSP3-7.0
2047-11-18,0.0,23.764,60.15,7.253,230.5,SSP3-7.0
2047-11-19,0.0,23.726,58.765,8.488,234.4,SSP3-7.0
2047-11-20,0.0,23.64,54.393,10.242,234.44,SSP3-7.0
2047-11-21,0.0,23.132,51.979,10.897,232.68,SSP3-7.0
2047-11-22,0.0063,23.015,52.462,10.68,232.51,SSP3-7.0
2047-11-23,0.0,23.302,60.613,9.095,213.76,SSP3-7.0
2047-11-24,0.0,23.547,60.886,8.463,215.39,SSP3-7.0
2047-11-25,0.0,22.652,53.602,7.434,235.47,SSP3-7.0
2047-11-26,0.0,22.379,55.54,4.774,232.05,SSP3-7.0
2047-11-27,0.0,22.113,61.544,6.351,205.78,SSP3-7.0
2047-11-28,0.0,22.455,59.034,7.144,223.08,SSP3-7.0
2047-11-29,0.0,22.468,57.509,5.992,224.22,SSP3-7.0
2047-11-30,0.0,21.532,60.161,6.333,204.37,SSP3-7.0
2047-12-01,0.0,21.976,53.623,6.501,222.92,SSP3-7.0
2047-12-02,0.0,21.842,56.333,5.564,212.05,SSP3-7.0
2047-12-03,0.0,22.359,58.12,6.732,220.54,SSP3-7.0
2047-12-04,0.0,22.603,56.777,5.406,216.74,SSP3-7.0
2047-12-05,0.0,22.736,54.664,6.622,215.93,SSP3-7.0
2047-12-06,0.0,22.335,43.51,5.574,228.65,SSP3-7.0
2047-12-07,0.0,21.473,52.366,5.002,224.83,SSP3-7.0
2047-12-08,0.0,21.689,54.015,5.131,213.02,SSP3-7.0
2047-12-09,0.0,20.822,49.82,4.47,204.67,SSP3-7.0
2047-12-10,0.0,21.358,44.44,4.649,236.2,SSP3-7.0
2047-12-11,0.0,20.239,55.901,5.177,184.88,SSP3-7.0
2047-12-12,0.0,21.259,44.744,8.175,220.89,SSP3-7.0
2047-12-13,0.0,21.135,38.287,11.319,229.72,SSP3-7.0
2047-12-14,0.0,20.121,26.237,12.564,248.07,SSP3-7.0
2047-12-15,0.0,19.297,25.802,11.905,250.18,SSP3-7.0
2047-12-16,0.0,19.038,37.839,9.891,230.45,SSP3-7.0
2047-12-17,0.0,20.231,41.916,7.865,237.84,SSP3-7.0
2047-12-18,0.0,20.866,39.922,7.289,229.48,SSP3-7.0
2047-12-19,0.0,19.901,42.796,9.503,207.53,SSP3-7.0
2047-12-20,0.0,19.983,32.963,12.757,249.52,SSP3-7.0
2047-12-21,0.0,19.261,34.894,12.615,232.19,SSP3-7.0
2047-12-22,0.0,19.179,45.153,11.802,223.03,SSP3-7.0
2047-12-23,0.0,21.135,54.418,15.494,214.05,SSP3-7.0
2047-12-24,0.0,23.427,64.963,12.617,188.64,SSP3-7.0
2047-12-25,0.0,23.873,68.452,11.153,192.45,SSP3-7.0
2047-12-26,0.0,23.188,72.837,7.906,176.1,SSP3-7.0
2047-12-27,0.0,22.761,69.531,6.515,189.59,SSP3-7.0
2047-12-28,0.0,22.665,51.692,5.24,212.57,SSP3-7.0
2047-12-29,0.0,22.488,55.099,6.562,221.69,SSP3-7.0
2047-12-30,0.0,22.957,55.264,6.017,220.54,SSP3-7.0
2047-12-31,0.0,22.035,57.365,7.061,196.34,SSP3-7.0
2048-01-01,0.0,22.353,48.752,6.943,210.26,SSP3-7.0
2048-01-02,0.0,23.049,52.661,5.474,207.3,SSP3-7.0
2048-01-03,0.0,23.225,48.837,5.753,233.19,SSP3-7.0
2048-01-04,0.0,22.722,47.166,6.316,231.53,SSP3-7.0
2048-01-05,0.0,21.983,41.319,5.803,241.18,SSP3-7.0
2048-01-06,0.0,21.343,39.321,8.442,217.48,SSP3-7.0
2048-01-07,0.0,20.871,35.503,6.613,241.6,SSP3-7.0
2048-01-08,0.0,20.912,46.133,5.287,239.04,SSP3-7.0
2048-01-09,0.0,22.409,49.046,8.29,239.08,SSP3-7.0
2048-01-10,0.0,22.519,48.325,8.254,236.88,SSP3-7.0
2048-01-11,0.0,23.07,50.144,9.241,235.42,SSP3-7.0
2048-01-12,0.0,23.314,49.445,7.371,233.85,SSP3-7.0
2048-01-13,0.0,23.082,48.328,7.15,235.83,SSP3-7.0
2048-01-14,0.0,22.039,41.286,9.843,242.19,SSP3-7.0
2048-01-15,0.0,21.583,34.0,7.768,253.48,SSP3-7.0
2048-01-16,0.0,21.181,39.478,8.317,251.72,SSP3-7.0
2048-01-17,0.0,21.056,36.383,9.531,251.6,SSP3-7.0
2048-01-18,0.0,20.879,29.533,13.308,257.48,SSP3-7.0
2048-01-19,0.0,21.537,36.829,11.297,253.42,SSP3-7.0
2048-01-20,0.0,22.692,47.053,11.475,245.69,SSP3-7.0
2048-01-21,0.0,23.624,51.506,10.231,247.66,SSP3-7.0
2048-01-22,0.0,23.736,47.629,9.443,249.63,SSP3-7.0
2048-01-23,0.0,23.424,43.794,8.614,242.87,SSP3-7.0
2048-01-24,0.0,23.331,42.933,5.116,251.6,SSP3-7.0
2048-01-25,0.0,23.368,43.218,6.573,250.36,SSP3-7.0
2048-01-26,0.0,24.126,47.449,10.635,242.47,SSP3-7.0
2048-01-27,0.0,24.906,50.959,11.147,231.31,SSP3-7.0
2048-01-28,0.0,24.821,52.308,9.366,230.41,SSP3-7.0
2048-01-29,0.0,24.769,51.212,7.202,242.0,SSP3-7.0
2048-01-30,0.0,25.227,48.162,7.462,249.16,SSP3-7.0
2048-01-31,0.0,24.99,48.142,8.151,243.83,SSP3-7.0
2048-02-01,0.0,24.817,48.622,7.473,244.68,SSP3-7.0
2048-02-02,0.0,25.141,50.105,9.845,251.48,SSP3-7.0
2048-02-03,0.0,24.471,47.755,9.601,253.71,SSP3-7.0
2048-02-04,0.0,24.258,46.139,9.711,262.78,SSP3-7.0
2048-02-05,0.0,24.002,45.608,9.241,238.85,SSP3-7.0
2048-02-06,0.0,23.957,49.371,9.876,233.43,SSP3-7.0
2048-02-07,0.0,24.712,47.558,10.79,262.27,SSP3-7.0
2048-02-08,0.0,24.75,46.839,10.588,261.55,SSP3-7.0
2048-02-09,0.0,24.578,42.272,11.769,274.54,SSP3-7.0
2048-02-10,0.0,24.322,35.823,12.096,288.4,SSP3-7.0
2048-02-11,0.0,24.16,39.156,9.096,279.76,SSP3-7.0
2048-02-12,0.0,25.331,43.021,13.113,265.72,SSP3-7.0
2048-02-13,0.0,23.235,57.386,9.861,174.41,SSP3-7.0
2048-02-14,0.0,24.135,43.187,10.025,210.94,SSP3-7.0
2048-02-15,0.0,23.962,31.175,8.184,284.57,SSP3-7.0
2048-02-16,0.0,23.676,35.815,6.048,286.0,SSP3-7.0
2048-02-17,0.0,24.458,51.122,10.61,274.87,SSP3-7.0
2048-02-18,0.0,25.097,55.071,9.44,244.89,SSP3-7.0
2048-02-19,0.0,25.444,48.206,7.34,247.57,SSP3-7.0
2048-02-20,0.0,25.473,44.335,5.535,265.04,SSP3-7.0
2048-02-21,0.0,25.459,41.959,7.867,265.54,SSP3-7.0
2048-02-22,0.0,25.497,38.992,8.37,268.33,SSP3-7.0
2048-02-23,0.0,25.434,36.623,8.579,265.31,SSP3-7.0
2048-02-24,0.0,25.064,43.592,9.272,238.84,SSP3-7.0
2048-02-25,0.0,26.132,43.199,8.921,229.65,SSP3-7.0
2048-02-26,0.0,26.403,39.446,7.461,275.59,SSP3-7.0
2048-02-27,0.0,26.795,41.327,7.012,240.25,SSP3-7.0
2048-02-28,0.0,26.964,35.947,5.303,275.29,SSP3-7.0
2048-02-29,0.0,26.446,32.552,5.119,268.87,SSP3-7.0
2048-03-01,0.0,25.813,39.095,9.863,283.26,SSP3-7.0
2048-03-02,0.0,27.043,36.775,10.19,263.95,SSP3-7.0
2048-03-03,0.0,26.948,34.219,10.41,256.1,SSP3-7.0
2048-03-04,0.0,26.928,33.599,9.99,256.97,SSP3-7.0
2048-03-05,0.0,26.836,31.978,10.568,255.76,SSP3-7.0
2048-03-06,0.0,27.003,31.049,9.849,251.26,SSP3-7.0
2048-03-07,0.0,25.834,31.926,8.882,228.21,SSP3-7.0
2048-03-08,0.0,25.946,32.108,5.168,226.63,SSP3-7.0
2048-03-09,0.0,25.75,36.218,4.821,221.98,SSP3-7.0
2048-03-10,0.0,26.164,39.329,6.382,236.95,SSP3-7.0
2048-03-11,0.0,27.071,32.499,8.912,299.61,SSP3-7.0
2048-03-12,0.0,27.669,31.323,7.285,282.27,SSP3-7.0
2048-03-13,0.0,27.205,28.635,5.933,303.97,SSP3-7.0
2048-03-14,0.0,26.819,26.893,7.547,311.47,SSP3-7.0
2048-03-15,0.0,26.74,27.077,7.276,301.88,SSP3-7.0
2048-03-16,0.0,27.32,27.112,6.476,301.38,SSP3-7.0
2048-03-17,0.0,26.888,24.92,7.827,315.86,SSP3-7.0
2048-03-18,0.0,27.531,24.826,12.67,302.57,SSP3-7.0
2048-03-19,0.0,27.726,24.871,11.064,304.61,SSP3-7.0
2048-03-20,0.0,27.216,27.986,6.541,323.07,SSP3-7.0
2048-03-21,0.0,28.648,31.874,8.009,294.37,SSP3-7.0
2048-03-22,0.0,29.492,30.299,8.298,288.74,SSP3-7.0
2048-03-23,0.0,29.498,32.125,9.465,262.77,SSP3-7.0
2048-03-24,0.0,26.732,46.782,9.204,202.84,SSP3-7.0
2048-03-25,0.0,28.335,35.398,12.431,257.84,SSP3-7.0
2048-03-26,0.0,27.378,35.058,11.705,227.84,SSP3-7.0
2048-03-27,0.0,28.341,31.098,11.482,318.72,SSP3-7.0
2048-03-28,0.0,28.507,29.3,9.718,312.36,SSP3-7.0
2048-03-29,0.0,28.832,29.598,9.229,291.32,SSP3-7.0
2048-03-30,0.0,29.446,28.403,9.89,288.47,SSP3-7.0
2048-03-31,0.0,28.669,31.538,11.581,261.22,SSP3-7.0
2048-04-01,0.0,30.511,30.86,10.32,298.15,SSP3-7.0
2048-04-02,0.0,30.559,30.174,11.498,302.91,SSP3-7.0
2048-04-03,0.0,30.433,25.272,10.275,293.95,SSP3-7.0
2048-04-04,0.0,29.964,26.613,10.619,268.19,SSP3-7.0
2048-04-05,0.0,30.216,27.839,8.782,272.21,SSP3-7.0
2048-04-06,0.0,30.097,28.36,6.737,266.31,SSP3-7.0
2048-04-07,0.0,29.719,24.417,9.183,326.84,SSP3-7.0
2048-04-08,0.0002,30.179,26.395,6.801,305.76,SSP3-7.0
2048-04-09,0.0,29.527,27.581,9.446,314.82,SSP3-7.0
2048-04-10,0.0,31.017,29.012,13.0,312.09,SSP3-7.0
2048-04-11,0.0,30.623,33.374,13.269,279.02,SSP3-7.0
2048-04-12,0.0317,30.893,33.95,12.528,293.61,SSP3-7.0
2048-04-13,0.1321,31.152,32.124,11.537,290.38,SSP3-7.0
2048-04-14,0.0009,32.011,29.689,10.342,290.62,SSP3-7.0
2048-04-15,0.0008,32.442,28.603,10.307,295.91,SSP3-7.0
2048-04-16,0.0097,31.956,31.619,12.317,298.03,SSP3-7.0
2048-04-17,6.2869,30.367,46.308,11.535,251.52,SSP3-7.0
2048-04-18,3.2624,29.612,53.578,10.231,266.86,SSP3-7.0
2048-04-19,4.1562,29.054,57.065,9.501,264.45,SSP3-7.0
2048-04-20,0.0858,30.464,41.445,8.554,293.63,SSP3-7.0
2048-04-21,0.0,31.593,32.536,9.216,310.46,SSP3-7.0
2048-04-22,0.0,32.204,30.196,8.989,313.15,SSP3-7.0
2048-04-23,0.0,32.359,29.649,7.902,271.58,SSP3-7.0
2048-04-24,0.0,32.408,24.742,7.151,327.33,SSP3-7.0
2048-04-25,0.0,32.31,23.661,6.21,329.93,SSP3-7.0
2048-04-26,0.0,32.162,24.558,5.669,328.57,SSP3-7.0
2048-04-27,0.0,32.318,23.185,6.052,326.14,SSP3-7.0
2048-04-28,0.0,31.975,22.315,8.755,333.76,SSP3-7.0
2048-04-29,0.0,32.684,29.106,13.494,315.23,SSP3-7.0
2048-04-30,0.0,32.739,30.966,12.923,307.43,SSP3-7.0
2048-05-01,0.0,33.077,27.455,11.26,312.97,SSP3-7.0
2048-05-02,0.0,33.343,26.691,9.304,290.13,SSP3-7.0
2048-05-03,0.0,33.621,25.169,9.062,314.81,SSP3-7.0
2048-05-04,0.0,33.953,23.73,8.743,317.96,SSP3-7.0
2048-05-05,0.0,34.019,22.845,10.182,322.14,SSP3-7.0
2048-05-06,0.0,34.108,21.754,9.653,324.17,SSP3-7.0
2048-05-07,0.0,34.12,20.86,11.518,330.21,SSP3-7.0
2048-05-08,0.0,34.486,22.38,11.74,302.09,SSP3-7.0
2048-05-09,0.1206,34.277,26.875,9.454,258.6,SSP3-7.0
2048-05-10,0.3825,33.865,27.082,10.439,292.07,SSP3-7.0
2048-05-11,0.8499,33.775,28.827,11.425,295.67,SSP3-7.0
2048-05-12,0.2507,33.663,30.318,10.18,257.36,SSP3-7.0
2048-05-13,0.0117,33.93,26.137,11.751,296.61,SSP3-7.0
2048-05-14,0.203,34.133,26.192,11.818,287.28,SSP3-7.0
2048-05-15,0.0,32.879,31.045,10.091,236.77,SSP3-7.0
2048-05-16,0.0,33.481,34.138,11.203,273.7,SSP3-7.0
2048-05-17,0.7631,31.954,41.147,12.508,256.7,SSP3-7.0
2048-05-18,0.1208,31.709,42.186,12.86,260.31,SSP3-7.0
2048-05-19,0.3302,31.731,42.606,12.776,270.45,SSP3-7.0
2048-05-20,0.5015,32.474,39.112,11.817,273.82,SSP3-7.0
2048-05-21,0.0,32.479,33.752,10.432,275.64,SSP3-7.0
2048-05-22,0.0,33.05,31.314,9.762,279.96,SSP3-7.0
2048-05-23,0.0,33.644,26.919,11.645,308.19,SSP3-7.0
2048-05-24,0.2703,31.329,40.181,8.023,217.68,SSP3-7.0
2048-05-25,0.0011,33.44,34.207,7.881,294.33,SSP3-7.0
2048-05-26,2.3489,29.848,62.34,8.742,225.88,SSP3-7.0
2048-05-27,0.1305,32.172,49.38,13.543,283.64,SSP3-7.0
2048-05-28,0.0,32.29,40.374,15.678,308.49,SSP3-7.0
2048-05-29,0.0,33.063,36.645,16.51,322.94,SSP3-7.0
2048-05-30,0.0,33.304,35.361,16.814,331.45,SSP3-7.0
2048-05-31,0.0,32.974,35.564,16.183,297.13,SSP3-7.0
2048-06-01,0.0,33.718,33.631,15.443,300.87,SSP3-7.0
2048-06-02,0.0711,34.059,32.289,16.04,321.34,SSP3-7.0
2048-06-03,0.0,34.199,31.586,17.006,316.26,SSP3-7.0
2048-06-04,0.0159,34.404,35.014,14.727,292.98,SSP3-7.0
2048-06-05,0.0,29.817,56.691,15.763,244.07,SSP3-7.0
2048-06-06,0.0,32.365,48.144,19.524,279.85,SSP3-7.0
2048-06-07,0.2377,28.101,65.67,19.896,224.35,SSP3-7.0
2048-06-08,1.1369,27.248,71.144,17.747,209.75,SSP3-7.0
2048-06-09,16.8068,26.586,77.101,12.806,195.19,SSP3-7.0
2048-06-10,13.7541,25.961,85.211,11.332,175.76,SSP3-7.0
2048-06-11,1.993,29.391,65.223,14.832,275.68,SSP3-7.0
2048-06-12,18.0505,27.327,76.69,10.677,224.04,SSP3-7.0
2048-06-13,14.2878,27.044,79.529,11.263,207.75,SSP3-7.0
2048-06-14,15.501,25.976,85.392,14.585,196.71,SSP3-7.0
2048-06-15,16.6374,26.662,81.448,14.302,227.83,SSP3-7.0
2048-06-16,13.8594,25.591,87.635,13.978,180.97,SSP3-7.0
2048-06-17,1.4274,26.79,79.671,15.88,224.0,SSP3-7.0
2048-06-18,1.8291,26.458,83.641,15.844,205.56,SSP3-7.0
2048-06-19,0.0152,27.574,76.62,16.422,232.49,SSP3-7.0
2048-06-20,8.4677,27.41,76.666,15.719,234.75,SSP3-7.0
2048-06-21,2.5433,26.404,84.604,15.658,184.99,SSP3-7.0
2048-06-22,0.2758,27.17,75.55,17.037,228.92,SSP3-7.0
2048-06-23,0.1019,27.519,71.528,16.397,235.85,SSP3-7.0
2048-06-24,0.0,27.225,74.556,15.052,217.39,SSP3-7.0
2048-06-25,0.0,28.23,68.687,15.15,242.89,SSP3-7.0
2048-06-26,0.0,28.401,66.102,16.237,265.52,SSP3-7.0
2048-06-27,0.0,28.644,66.1,17.615,265.64,SSP3-7.0
2048-06-28,9.5523,27.232,75.509,14.865,215.43,SSP3-7.0
2048-06-29,16.6677,26.474,87.083,11.626,202.92,SSP3-7.0
2048-06-30,6.7287,26.096,88.397,12.743,187.35,SSP3-7.0
2048-07-01,0.0,27.869,78.468,11.297,258.46,SSP3-7.0
2048-07-02,0.0,28.226,76.941,10.026,258.68,SSP3-7.0
2048-07-03,0.2189,27.997,80.928,10.164,247.79,SSP3-7.0
2048-07-04,0.0,28.654,74.125,11.088,296.53,SSP3-7.0
2048-07-05,0.0174,28.653,74.964,9.918,266.74,SSP3-7.0
2048-07-06,0.0,29.211,69.582,10.493,291.75,SSP3-7.0
2048-07-07,0.0738,28.868,72.147,9.115,277.66,SSP3-7.0
2048-07-08,0.0455,29.02,74.467,5.664,254.64,SSP3-7.0
2048-07-09,0.8286,28.069,81.872,4.679,232.53,SSP3-7.0
2048-07-10,0.0,28.791,72.861,9.066,243.06,SSP3-7.0
2048-07-11,0.0,29.416,67.326,12.16,267.23,SSP3-7.0
2048-07-12,0.0,29.522,67.3,12.56,256.57,SSP3-7.0
2048-07-13,0.0,29.649,66.968,11.786,267.8,SSP3-7.0
2048-07-14,0.0,29.916,67.075,12.201,255.79,SSP3-7.0
2048-07-15,0.0,28.878,68.809,10.272,240.93,SSP3-7.0
2048-07-16,0.0,29.067,68.209,12.59,250.24,SSP3-7.0
2048-07-17,0.0,27.542,80.2,11.045,220.27,SSP3-7.0
2048-07-18,0.0,28.015,75.522,14.302,241.89,SSP3-7.0
2048-07-19,1.1041,27.756,81.792,15.795,226.37,SSP3-7.0
2048-07-20,16.7356,26.984,87.457,16.54,190.41,SSP3-7.0
2048-07-21,27.4072,26.597,90.768,16.903,188.7,SSP3-7.0
2048-07-22,21.7822,26.658,92.076,14.672,186.4,SSP3-7.0
2048-07-23,5.9652,27.685,87.58,15.158,234.26,SSP3-7.0
2048-07-24,15.7451,26.908,90.27,13.594,195.29,SSP3-7.0
2048-07-25,4.3085,26.942,90.998,14.321,207.64,SSP3-7.0
2048-07-26,14.8371,27.001,89.464,16.962,215.3,SSP3-7.0
2048-07-27,28.0644,26.009,93.797,13.313,131.58,SSP3-7.0
2048-07-28,11.314,27.21,89.258,15.582,235.71,SSP3-7.0
2048-07-29,0.5232,27.595,84.625,15.82,244.55,SSP3-7.0
2048-07-30,3.7495,27.763,84.048,18.579,235.8,SSP3-7.0
2048-07-31,31.5992,26.529,92.207,15.224,170.02,SSP3-7.0
2048-08-01,17.4721,25.798,92.733,12.023,181.14,SSP3-7.0
2048-08-02,0.3299,26.52,88.048,12.975,232.41,SSP3-7.0
2048-08-03,0.3152,26.758,84.088,14.23,238.38,SSP3-7.0
2048-08-04,28.0505,25.732,92.109,12.687,194.26,SSP3-7.0
2048-08-05,0.2378,25.929,90.385,12.108,209.17,SSP3-7.0
2048-08-06,0.0121,26.379,88.787,10.105,224.58,SSP3-7.0
2048-08-07,0.0335,26.465,88.914,9.076,220.13,SSP3-7.0
2048-08-08,0.0,27.038,85.138,9.293,245.4,SSP3-7.0
2048-08-09,0.0,26.797,83.29,10.906,239.49,SSP3-7.0
2048-08-10,0.0,26.874,82.698,12.079,261.24,SSP3-7.0
2048-08-11,0.9365,27.104,82.511,11.298,255.71,SSP3-7.0
2048-08-12,18.5516,26.154,90.753,9.25,205.66,SSP3-7.0
2048-08-13,1.7256,26.005,92.449,8.747,174.63,SSP3-7.0
2048-08-14,0.0,26.436,87.671,7.505,236.07,SSP3-7.0
2048-08-15,1.1265,26.443,89.457,5.697,233.87,SSP3-7.0
2048-08-16,0.0,26.718,88.126,5.579,233.7,SSP3-7.0
2048-08-17,0.0,26.93,85.561,5.176,242.8,SSP3-7.0
2048-08-18,0.0,27.149,83.118,6.437,256.32,SSP3-7.0
2048-08-19,0.0,27.408,79.092,10.147,273.63,SSP3-7.0
2048-08-20,0.0,27.552,79.833,8.768,255.73,SSP3-7.0
2048-08-21,0.0,27.423,79.635,8.059,244.3,SSP3-7.0
2048-08-22,0.0,27.657,79.402,5.513,277.27,SSP3-7.0
2048-08-23,0.0,28.516,79.473,6.083,260.31,SSP3-7.0
2048-08-24,14.0683,27.144,88.13,7.295,232.37,SSP3-7.0
2048-08-25,2.4473,27.337,83.004,6.916,262.16,SSP3-7.0
2048-08-26,0.0,27.434,81.876,10.178,250.3,SSP3-7.0
2048-08-27,0.0,27.033,84.126,9.382,247.12,SSP3-7.0
2048-08-28,1.8857,27.184,85.896,7.79,242.3,SSP3-7.0
2048-08-29,24.0264,26.851,90.232,6.645,230.32,SSP3-7.0
2048-08-30,25.3552,26.412,91.986,5.279,226.94,SSP3-7.0
2048-08-31,23.2065,26.343,92.628,3.701,219.82,SSP3-7.0
2048-09-01,14.2049,25.616,92.085,7.672,222.71,SSP3-7.0
2048-09-02,4.4726,25.694,91.67,8.326,222.58,SSP3-7.0
2048-09-03,0.0,26.554,82.03,8.365,263.76,SSP3-7.0
2048-09-04,0.0,27.199,78.72,7.739,279.92,SSP3-7.0
2048-09-05,0.0,27.339,79.826,6.529,268.96,SSP3-7.0
2048-09-06,27.8817,27.082,85.955,7.507,249.4,SSP3-7.0
2048-09-07,31.3371,25.801,94.111,8.86,201.58,SSP3-7.0
2048-09-08,25.5931,25.632,92.669,9.614,217.2,SSP3-7.0
2048-09-09,31.2939,25.788,94.485,9.413,176.6,SSP3-7.0
2048-09-10,14.0606,25.497,93.032,7.219,198.45,SSP3-7.0
2048-09-11,5.125,25.466,94.425,5.77,186.88,SSP3-7.0
2048-09-12,0.6286,25.415,92.916,6.298,201.05,SSP3-7.0
2048-09-13,4.0645,25.686,90.511,7.766,219.63,SSP3-7.0
2048-09-14,0.7555,26.049,85.466,10.615,235.93,SSP3-7.0
2048-09-15,4.2174,26.002,86.329,10.181,232.42,SSP3-7.0
2048-09-16,1.2954,26.251,85.371,8.14,239.45,SSP3-7.0
2048-09-17,0.3392,26.045,87.73,6.642,227.89,SSP3-7.0
2048-09-18,0.0266,26.731,82.28,8.133,248.03,SSP3-7.0
2048-09-19,0.0,26.029,84.59,8.845,227.62,SSP3-7.0
2048-09-20,0.0,26.489,80.699,8.447,246.51,SSP3-7.0
2048-09-21,0.0,26.364,84.537,6.447,248.55,SSP3-7.0
2048-09-22,11.7624,25.556,92.117,3.576,194.07,SSP3-7.0
2048-09-23,10.9158,25.963,89.018,5.287,223.76,SSP3-7.0
2048-09-24,0.061,26.112,86.158,7.17,242.41,SSP3-7.0
2048-09-25,10.429,25.453,90.246,6.334,219.29,SSP3-7.0
2048-09-26,0.0,25.888,85.944,5.45,241.95,SSP3-7.0
2048-09-27,0.5128,26.812,82.344,5.322,254.63,SSP3-7.0
2048-09-28,12.4295,27.319,85.449,3.342,233.16,SSP3-7.0
2048-09-29,15.2556,25.809,90.763,3.105,211.6,SSP3-7.0
2048-09-30,1.7943,25.86,88.28,4.956,224.41,SSP3-7.0
2048-10-01,0.0,25.642,63.783,6.989,282.48,SSP3-7.0
2048-10-02,0.0,24.982,66.834,7.315,241.13,SSP3-7.0
2048-10-03,0.0,25.247,73.142,6.612,221.04,SSP3-7.0
2048-10-04,0.0,25.335,84.282,6.059,207.47,SSP3-7.0
2048-10-05,0.0,26.804,75.242,8.747,219.54,SSP3-7.0
2048-10-06,0.0,27.353,68.312,11.709,239.19,SSP3-7.0
2048-10-07,0.0,26.57,67.459,14.081,233.39,SSP3-7.0
2048-10-08,0.0436,26.426,71.021,11.802,237.01,SSP3-7.0
2048-10-09,0.6631,25.637,81.087,9.307,217.29,SSP3-7.0
2048-10-10,2.4331,25.593,83.57,9.381,218.51,SSP3-7.0
2048-10-11,7.828,24.879,88.412,7.231,189.87,SSP3-7.0
2048-10-12,2.2769,24.887,86.762,8.32,187.06,SSP3-7.0
2048-10-13,2.1033,24.874,86.633,8.229,197.82,SSP3-7.0
2048-10-14,0.1108,26.533,76.357,8.041,232.67,SSP3-7.0
2048-10-15,0.0,28.007,70.08,7.123,255.96,SSP3-7.0
2048-10-16,0.0,26.735,80.352,7.835,202.47,SSP3-7.0
2048-10-17,7.2205,27.968,66.114,8.612,246.93,SSP3-7.0
2048-10-18,0.0,27.663,62.874,7.53,252.44,SSP3-7.0
2048-10-19,0.0,27.752,66.109,4.07,237.59,SSP3-7.0
2048-10-20,0.001,27.642,61.268,5.973,235.7,SSP3-7.0
2048-10-21,0.0098,27.867,59.037,5.031,239.68,SSP3-7.0
2048-10-22,0.0052,28.363,64.08,4.979,230.92,SSP3-7.0
2048-10-23,0.3015,26.868,79.459,3.414,185.38,SSP3-7.0
2048-10-24,0.0,26.286,55.402,6.504,252.06,SSP3-7.0
2048-10-25,0.0,25.618,46.684,7.868,271.65,SSP3-7.0
2048-10-26,0.0,24.482,58.919,7.41,218.05,SSP3-7.0
2048-10-27,0.2606,23.641,67.927,7.211,187.96,SSP3-7.0
2048-10-28,0.7586,23.714,83.593,7.124,182.95,SSP3-7.0
2048-10-29,25.9361,23.212,89.082,9.076,175.43,SSP3-7.0
2048-10-30,20.3158,23.205,90.671,8.342,168.78,SSP3-7.0
2048-10-31,31.2566,23.272,90.358,9.417,172.15,SSP3-7.0
2048-11-01,2.6885,23.902,88.418,8.608,189.98,SSP3-7.0
2048-11-02,0.3581,24.926,81.911,11.522,208.52,SSP3-7.0
2048-11-03,0.0162,24.48,80.597,11.544,195.02,SSP3-7.0
2048-11-04,0.1578,24.662,75.058,11.383,208.43,SSP3-7.0
2048-11-05,0.1429,24.114,78.167,11.423,188.06,SSP3-7.0
2048-11-06,0.041,23.884,81.946,9.39,180.16,SSP3-7.0
2048-11-07,0.0,24.869,76.886,8.375,220.26,SSP3-7.0
2048-11-08,0.0,24.326,79.379,8.618,204.6,SSP3-7.0
2048-11-09,0.0294,24.809,64.319,8.927,236.04,SSP3-7.0
2048-11-10,0.0,24.691,67.794,8.55,193.85,SSP3-7.0
2048-11-11,0.0,24.141,61.83,10.253,201.38,SSP3-7.0
2048-11-12,0.0137,24.031,60.284,10.61,218.43,SSP3-7.0
2048-11-13,0.1795,24.906,77.791,8.632,184.07,SSP3-7.0
2048-11-14,0.0,25.772,68.365,5.927,200.22,SSP3-7.0
2048-11-15,0.0,25.599,58.286,5.364,235.36,SSP3-7.0
2048-11-16,0.0,25.228,55.221,4.169,236.55,SSP3-7.0
2048-11-17,0.0,24.631,49.451,5.049,237.64,SSP3-7.0
2048-11-18,0.0,24.492,47.788,4.945,235.38,SSP3-7.0
2048-11-19,0.0,24.664,49.806,7.253,233.16,SSP3-7.0
2048-11-20,0.0,24.38,50.456,6.729,228.54,SSP3-7.0
2048-11-21,0.0,24.195,52.713,5.774,237.32,SSP3-7.0
2048-11-22,0.0,24.62,57.011,7.289,230.53,SSP3-7.0
2048-11-23,0.0,24.678,57.34,6.937,219.56,SSP3-7.0
2048-11-24,0.0,23.799,55.665,6.957,218.38,SSP3-7.0
2048-11-25,0.0,23.189,47.705,6.682,230.93,SSP3-7.0
2048-11-26,0.0,22.855,45.887,6.869,234.61,SSP3-7.0
2048-11-27,0.0,22.791,45.613,7.331,235.08,SSP3-7.0
2048-11-28,0.0,22.852,45.583,7.255,234.6,SSP3-7.0
2048-11-29,0.0,22.752,45.363,8.046,232.09,SSP3-7.0
2048-11-30,0.0,22.476,41.677,9.318,233.86,SSP3-7.0
2048-12-01,0.0,22.194,44.134,8.471,232.15,SSP3-7.0
2048-12-02,0.0,22.794,45.023,8.255,242.29,SSP3-7.0
2048-12-03,0.0,23.427,49.926,7.739,244.0,SSP3-7.0
2048-12-04,0.0,24.131,52.024,7.725,225.92,SSP3-7.0
2048-12-05,0.0,23.989,48.372,8.523,228.83,SSP3-7.0
2048-12-06,0.0,22.587,54.495,8.802,189.49,SSP3-7.0
2048-12-07,0.0,21.764,60.655,7.273,171.75,SSP3-7.0
2048-12-08,0.0,22.788,51.416,8.68,216.33,SSP3-7.0
2048-12-09,0.0,21.992,46.025,9.781,208.91,SSP3-7.0
2048-12-10,0.0,21.5,42.261,10.339,223.52,SSP3-7.0
2048-12-11,0.0,21.252,38.792,8.125,235.79,SSP3-7.0
2048-12-12,0.0,21.572,41.854,5.155,235.56,SSP3-7.0
2048-12-13,0.0,23.154,40.659,4.994,228.36,SSP3-7.0
2048-12-14,0.0,22.855,39.55,8.57,230.62,SSP3-7.0
2048-12-15,0.0,22.936,40.904,9.675,218.47,SSP3-7.0
2048-12-16,0.0,22.8,53.997,7.053,176.24,SSP3-7.0
2048-12-17,0.0,21.596,73.293,5.963,141.46,SSP3-7.0
2048-12-18,0.0,22.608,60.641,7.204,183.13,SSP3-7.0
2048-12-19,0.0,22.847,44.802,5.678,229.99,SSP3-7.0
2048-12-20,0.0,22.124,38.786,7.997,229.62,SSP3-7.0
2048-12-21,0.0,21.647,31.914,10.223,238.58,SSP3-7.0
2048-12-22,0.0,21.346,31.154,8.252,237.79,SSP3-7.0
2048-12-23,0.0,21.304,44.817,7.959,233.34,SSP3-7.0
2048-12-24,0.0,22.019,49.042,7.417,236.98,SSP3-7.0
2048-12-25,0.0,22.126,46.972,6.871,232.26,SSP3-7.0
2048-12-26,0.0,21.892,42.36,6.204,238.96,SSP3-7.0
2048-12-27,0.0,21.769,43.357,6.64,235.91,SSP3-7.0
2048-12-28,0.0,22.282,45.107,6.192,219.86,SSP3-7.0
2048-12-29,0.0,22.371,45.0,7.27,235.2,SSP3-7.0
2048-12-30,0.0,22.405,46.818,6.52,234.32,SSP3-7.0
2048-12-31,0.0,22.722,46.47,8.317,237.43,SSP3-7.0
2049-01-01,0.0,22.881,43.612,10.281,225.59,SSP3-7.0
2049-01-02,0.0,22.652,39.238,9.484,202.91,SSP3-7.0
2049-01-03,0.0,23.17,46.737,8.257,226.95,SSP3-7.0
2049-01-04,0.0,23.116,43.354,9.891,232.52,SSP3-7.0
2049-01-05,0.0,22.938,45.465,10.62,237.18,SSP3-7.0
2049-01-06,0.0,23.563,47.979,10.671,239.49,SSP3-7.0
2049-01-07,0.0,23.992,48.263,9.505,232.63,SSP3-7.0
2049-01-08,0.0,24.615,47.503,7.551,215.79,SSP3-7.0
2049-01-09,0.0,23.31,58.596,9.224,183.98,SSP3-7.0
2049-01-10,0.0,23.972,49.783,12.843,221.39,SSP3-7.0
2049-01-11,0.0,23.862,41.662,12.719,232.34,SSP3-7.0
2049-01-12,0.0,21.568,51.089,12.642,170.23,SSP3-7.0
2049-01-13,0.0,22.416,53.006,15.818,200.08,SSP3-7.0
2049-01-14,0.0,22.516,54.939,13.053,209.78,SSP3-7.0
2049-01-15,0.0,23.44,55.289,11.51,219.37,SSP3-7.0
2049-01-16,0.0,23.571,59.982,8.566,197.0,SSP3-7.0
2049-01-17,0.0,24.165,52.345,11.094,189.16,SSP3-7.0
2049-01-18,0.0,24.332,46.422,9.149,242.41,SSP3-7.0
2049-01-19,0.0,24.063,45.601,7.303,248.96,SSP3-7.0
2049-01-20,0.0,24.05,45.721,9.333,252.07,SSP3-7.0
2049-01-21,0.0,24.207,43.805,9.05,256.24,SSP3-7.0
2049-01-22,0.0,23.96,40.64,8.387,255.56,SSP3-7.0
2049-01-23,0.0,24.358,40.798,7.697,252.69,SSP3-7.0
2049-01-24,0.0,24.602,41.758,7.62,251.44,SSP3-7.0
2049-01-25,0.0,24.714,41.408,7.222,247.31,SSP3-7.0
2049-01-26,0.0,24.906,39.543,6.959,242.39,SSP3-7.0
2049-01-27,0.0,25.064,40.112,7.937,242.8,SSP3-7.0
2049-01-28,0.0,25.212,39.11,9.212,243.89,SSP3-7.0
2049-01-29,0.0,25.046,40.529,9.902,220.78,SSP3-7.0
2049-01-30,0.0,25.503,37.511,12.153,219.94,SSP3-7.0
2049-01-31,0.0,24.941,35.201,14.765,247.08,SSP3-7.0
2049-02-01,0.0,23.953,36.205,11.878,264.09,SSP3-7.0
2049-02-02,0.0,23.65,35.441,8.17,270.04,SSP3-7.0
2049-02-03,0.0,24.363,36.4,9.801,259.55,SSP3-7.0
2049-02-04,0.0,25.733,46.177,8.564,231.05,SSP3-7.0
2049-02-05,0.0,26.139,47.23,10.225,235.15,SSP3-7.0
2049-02-06,0.0,26.699,45.935,10.63,228.34,SSP3-7.0
2049-02-07,0.0,26.842,45.47,12.086,236.0,SSP3-7.0
2049-02-08,0.0,27.184,44.708,12.816,232.11,SSP3-7.0
2049-02-09,0.0,23.807,70.812,9.159,178.76,SSP3-7.0
2049-02-10,0.0,25.666,53.541,7.112,230.58,SSP3-7.0
2049-02-11,0.0,25.394,42.864,9.593,269.28,SSP3-7.0
2049-02-12,0.0,25.143,40.906,5.753,268.35,SSP3-7.0
2049-02-13,0.0,25.436,44.874,11.584,236.53,SSP3-7.0
2049-02-14,0.0,25.96,44.182,11.956,254.91,SSP3-7.0
2049-02-15,0.0,25.785,41.177,10.594,267.24,SSP3-7.0
2049-02-16,0.0,25.531,37.48,9.441,270.11,SSP3-7.0
2049-02-17,0.0,25.216,37.126,9.085,268.81,SSP3-7.0
2049-02-18,0.0,25.641,36.176,7.483,269.55,SSP3-7.0
2049-02-19,0.0,25.69,33.287,5.454,273.77,SSP3-7.0
2049-02-20,0.0,25.449,30.639,6.413,288.59,SSP3-7.0
2049-02-21,0.0,25.618,29.241,7.894,289.52,SSP3-7.0
2049-02-22,0.0,25.512,30.545,7.051,291.5,SSP3-7.0
2049-02-23,0.0,25.952,37.123,12.59,289.93,SSP3-7.0
2049-02-24,0.0,25.92,33.564,13.44,287.28,SSP3-7.0
2049-02-25,0.0,25.647,32.173,10.075,302.15,SSP3-7.0
2049-02-26,0.0,26.391,33.627,8.345,285.39,SSP3-7.0
2049-02-27,0.0,27.264,32.708,8.086,287.34,SSP3-7.0
2049-02-28,0.0,27.268,30.813,6.915,277.58,SSP3-7.0
2049-03-01,0.0,27.152,30.61,10.825,278.74,SSP3-7.0
2049-03-02,0.0,27.257,30.583,13.339,275.56,SSP3-7.0
2049-03-03,0.0,27.188,28.573,14.053,280.9,SSP3-7.0
2049-03-04,0.0,26.829,27.805,11.353,273.04,SSP3-7.0
2049-03-05,0.0,26.713,28.334,12.402,284.82,SSP3-7.0
2049-03-06,0.0,27.083,27.345,12.6,287.16,SSP3-7.0
2049-03-07,0.0,26.536,26.31,12.638,289.55,SSP3-7.0
2049-03-08,0.0,26.891,25.987,14.45,300.77,SSP3-7.0
2049-03-09,0.0,26.675,27.832,15.745,316.27,SSP3-7.0
2049-03-10,0.0,27.31,28.79,13.42,297.52,SSP3-7.0
2049-03-11,1.4345,28.11,38.231,8.997,243.71,SSP3-7.0
2049-03-12,11.0315,24.612,57.855,9.239,193.0,SSP3-7.0
2049-03-13,0.0709,24.489,58.735,10.331,195.88,SSP3-7.0
2049-03-14,0.2575,23.363,66.964,8.593,185.83,SSP3-7.0
2049-03-15,0.0007,27.019,41.257,7.061,298.47,SSP3-7.0
2049-03-16,0.0,27.59,32.935,7.051,272.95,SSP3-7.0
2049-03-17,0.0,28.244,33.043,4.402,278.3,SSP3-7.0
2049-03-18,0.0,27.819,37.182,7.36,244.99,SSP3-7.0
2049-03-19,0.0,28.945,33.289,6.835,292.12,SSP3-7.0
2049-03-20,0.0,28.797,30.394,7.092,278.99,SSP3-7.0
2049-03-21,0.0,29.405,28.277,10.437,291.52,SSP3-7.0
2049-03-22,0.0,29.449,29.873,11.142,260.17,SSP3-7.0
2049-03-23,0.0006,28.46,31.584,8.966,232.97,SSP3-7.0
2049-03-24,0.0,29.199,29.958,7.992,250.3,SSP3-7.0
2049-03-25,0.2077,27.221,39.007,8.168,200.23,SSP3-7.0
2049-03-26,1.5179,29.16,33.831,8.8,284.06,SSP3-7.0
2049-03-27,0.0132,28.787,36.192,9.422,282.5,SSP3-7.0
2049-03-28,0.0,29.063,34.554,8.427,292.82,SSP3-7.0
2049-03-29,0.0,29.67,31.268,8.11,278.27,SSP3-7.0
2049-03-30,0.001,30.032,27.197,8.506,284.8,SSP3-7.0
2049-03-31,0.0008,27.771,29.885,8.426,212.17,SSP3-7.0
2049-04-01,0.0,29.109,23.57,7.803,342.53,SSP3-7.0
2049-04-02,0.0,29.324,23.716,6.32,334.4,SSP3-7.0
2049-04-03,0.0,30.567,23.589,8.464,318.59,SSP3-7.0
2049-04-04,0.0,31.43,23.167,8.414,325.94,SSP3-7.0
2049-04-05,0.0,30.987,23.261,6.345,327.35,SSP3-7.0
2049-04-06,0.0,31.801,26.794,6.659,247.13,SSP3-7.0
2049-04-07,0.0,32.007,28.696,6.082,251.08,SSP3-7.0
2049-04-08,0.0,31.777,28.86,5.273,256.58,SSP3-7.0
2049-04-09,0.0,31.953,27.14,4.974,273.45,SSP3-7.0
2049-04-10,0.0,31.732,24.699,5.716,286.66,SSP3-7.0
2049-04-11,0.049,32.553,24.58,10.939,266.6,SSP3-7.0
2049-04-12,0.1438,32.654,25.303,12.493,253.23,SSP3-7.0
2049-04-13,0.0843,29.446,30.097,9.462,213.2,SSP3-7.0
2049-04-14,0.0162,31.415,26.818,7.363,291.57,SSP3-7.0
2049-04-15,0.0051,32.32,25.493,8.136,292.23,SSP3-7.0
2049-04-16,0.1762,32.546,26.585,10.215,268.46,SSP3-7.0
2049-04-17,0.0,32.453,24.291,11.676,325.86,SSP3-7.0
2049-04-18,0.0036,32.375,24.953,9.823,309.1,SSP3-7.0
2049-04-19,0.0007,32.556,24.56,7.502,322.84,SSP3-7.0
2049-04-20,0.0,32.8,24.602,7.346,294.08,SSP3-7.0
2049-04-21,0.0496,33.059,26.249,6.8,265.88,SSP3-7.0
2049-04-22,0.3195,33.101,27.264,9.472,291.16,SSP3-7.0
2049-04-23,0.1614,32.696,27.407,8.829,265.96,SSP3-7.0
2049-04-24,2.1828,32.727,27.823,11.299,289.3,SSP3-7.0
2049-04-25,0.0008,32.647,26.019,10.455,322.61,SSP3-7.0
2049-04-26,0.0,32.812,22.055,10.656,333.17,SSP3-7.0
2049-04-27,0.0,32.779,19.748,11.558,353.85,SSP3-7.0
2049-04-28,0.0,32.353,21.261,7.255,323.97,SSP3-7.0
2049-04-29,0.0183,33.048,25.591,9.07,276.3,SSP3-7.0
2049-04-30,5.7455,32.473,34.913,11.544,281.65,SSP3-7.0
2049-05-01,1.1705,28.921,48.939,7.144,206.21,SSP3-7.0
2049-05-02,10.2477,26.584,68.537,5.197,195.79,SSP3-7.0
2049-05-03,0.5524,30.242,46.892,5.785,277.85,SSP3-7.0
2049-05-04,0.039,30.864,40.473,5.526,279.93,SSP3-7.0
2049-05-05,0.1212,31.19,37.389,6.494,273.52,SSP3-7.0
2049-05-06,0.0,30.82,36.55,6.891,250.49,SSP3-7.0
2049-05-07,0.0,31.555,29.853,11.237,338.73,SSP3-7.0
2049-05-08,0.0,31.859,28.384,10.591,336.94,SSP3-7.0
2049-05-09,0.0,32.199,28.172,11.111,325.14,SSP3-7.0
2049-05-10,11.6918,32.426,32.124,7.978,291.47,SSP3-7.0
2049-05-11,13.8453,29.615,43.581,6.044,256.99,SSP3-7.0
2049-05-12,16.7154,30.258,45.428,7.452,267.26,SSP3-7.0
2049-05-13,0.0,31.669,29.244,5.644,356.74,SSP3-7.0
2049-05-14,0.0,31.528,27.276,5.072,331.8,SSP3-7.0
2049-05-15,0.0,31.933,24.968,6.286,315.02,SSP3-7.0
2049-05-16,0.0,32.744,24.802,7.702,301.6,SSP3-7.0
2049-05-17,0.0,33.675,25.587,7.095,266.29,SSP3-7.0
2049-05-18,0.0,32.404,27.127,10.296,243.19,SSP3-7.0
2049-05-19,0.0,32.601,23.092,7.47,335.45,SSP3-7.0
2049-05-20,0.0,33.206,22.821,7.269,300.67,SSP3-7.0
2049-05-21,0.0,33.843,24.477,8.61,314.76,SSP3-7.0
2049-05-22,0.0,34.338,26.426,9.084,304.24,SSP3-7.0
2049-05-23,1.1855,33.138,35.297,7.364,272.06,SSP3-7.0
2049-05-24,0.0014,33.463,30.819,7.614,306.91,SSP3-7.0
2049-05-25,0.0001,33.845,26.555,12.849,314.65,SSP3-7.0
2049-05-26,0.2102,34.009,30.303,12.76,297.75,SSP3-7.0
2049-05-27,0.4317,33.172,36.33,9.875,274.73,SSP3-7.0
2049-05-28,0.0,34.146,27.535,10.812,308.36,SSP3-7.0
2049-05-29,0.0,34.761,25.52,9.003,288.02,SSP3-7.0
2049-05-30,0.0,34.982,22.199,9.516,307.36,SSP3-7.0
2049-05-31,0.0,35.089,23.017,9.937,308.35,SSP3-7.0
2049-06-01,0.0,35.39,25.287,9.879,315.44,SSP3-7.0
2049-06-02,1.4561,34.91,30.685,7.59,305.25,SSP3-7.0
2049-06-03,0.5396,28.853,66.252,7.905,191.82,SSP3-7.0
2049-06-04,0.291,33.807,42.477,10.875,310.76,SSP3-7.0
2049-06-05,0.0,34.0,41.008,10.434,277.46,SSP3-7.0
2049-06-06,0.0,34.616,34.574,9.768,279.75,SSP3-7.0
2049-06-07,0.0,34.893,27.841,10.238,312.38,SSP3-7.0
2049-06-08,0.0,35.401,25.076,13.599,331.85,SSP3-7.0
2049-06-09,0.0,35.91,24.503,14.655,319.73,SSP3-7.0
2049-06-10,0.0,36.004,22.836,14.582,334.7,SSP3-7.0
2049-06-11,0.0,36.426,22.447,18.727,335.07,SSP3-7.0
2049-06-12,0.0,36.274,23.519,16.179,342.11,SSP3-7.0
2049-06-13,0.0,36.79,23.416,13.325,333.64,SSP3-7.0
2049-06-14,0.0192,36.68,26.361,10.753,313.02,SSP3-7.0
2049-06-15,0.0618,31.902,39.263,10.061,230.48,SSP3-7.0
2049-06-16,2.5098,32.578,44.902,13.151,287.14,SSP3-7.0
2049-06-17,0.039,33.746,40.991,15.049,306.41,SSP3-7.0
2049-06-18,0.0,34.497,34.896,14.346,301.01,SSP3-7.0
2049-06-19,0.0,34.634,35.198,13.857,293.93,SSP3-7.0
2049-06-20,0.228,35.019,36.119,11.2,299.6,SSP3-7.0
2049-06-21,7.4169,34.319,43.83,10.86,291.26,SSP3-7.0
2049-06-22,0.0,29.316,58.897,10.517,221.26,SSP3-7.0
2049-06-23,0.0,32.844,46.63,12.076,297.57,SSP3-7.0
2049-06-24,0.0,32.469,46.546,13.424,285.84,SSP3-7.0
2049-06-25,0.0,32.211,47.725,15.907,289.06,SSP3-7.0
2049-06-26,0.0,31.259,50.377,16.788,265.84,SSP3-7.0
2049-06-27,0.0,31.32,50.88,17.753,289.58,SSP3-7.0
2049-06-28,0.0,30.721,54.978,17.903,278.0,SSP3-7.0
2049-06-29,0.0,29.969,58.435,16.938,250.11,SSP3-7.0
2049-06-30,0.0,30.355,55.0,19.665,286.06,SSP3-7.0
2049-07-01,0.0179,30.121,58.309,19.457,259.17,SSP3-7.0
2049-07-02,0.0,29.414,61.855,19.614,246.11,SSP3-7.0
2049-07-03,1.9312,29.26,63.86,19.617,242.65,SSP3-7.0
2049-07-04,15.8506,27.281,81.936,15.48,203.49,SSP3-7.0
2049-07-05,8.5539,27.148,84.143,16.17,211.24,SSP3-7.0
2049-07-06,22.8204,26.832,88.7,16.321,189.46,SSP3-7.0
2049-07-07,9.3893,26.759,89.293,15.274,187.73,SSP3-7.0
2049-07-08,2.7848,27.454,81.696,18.492,236.29,SSP3-7.0
2049-07-09,2.5794,27.324,83.549,19.775,216.37,SSP3-7.0
2049-07-10,24.6699,26.356,87.446,20.525,197.18,SSP3-7.0
2049-07-11,33.3329,25.338,92.61,15.345,151.16,SSP3-7.0
2049-07-12,1.2143,26.424,88.79,15.552,204.76,SSP3-7.0
2049-07-13,14.8682,26.463,88.877,16.335,183.71,SSP3-7.0
2049-07-14,14.852,26.536,90.052,16.186,199.3,SSP3-7.0
2049-07-15,17.6296,26.064,91.417,15.046,190.47,SSP3-7.0
2049-07-16,0.0,26.669,90.072,10.394,201.22,SSP3-7.0
2049-07-17,3.3548,27.472,83.658,13.881,236.35,SSP3-7.0
2049-07-18,21.2776,26.35,91.815,14.597,188.35,SSP3-7.0
2049-07-19,0.882,26.235,91.64,10.239,192.83,SSP3-7.0
2049-07-20,0.0324,26.828,89.385,10.011,216.42,SSP3-7.0
2049-07-21,0.5249,27.536,86.615,8.926,237.68,SSP3-7.0
2049-07-22,0.0,27.724,85.281,7.022,239.65,SSP3-7.0
2049-07-23,12.1435,27.056,91.266,5.29,217.7,SSP3-7.0
2049-07-24,20.9986,26.732,93.121,4.001,210.8,SSP3-7.0
2049-07-25,18.2576,26.966,91.473,5.235,226.5,SSP3-7.0
2049-07-26,13.8442,27.013,90.851,6.545,230.3,SSP3-7.0
2049-07-27,0.7482,27.467,89.203,5.939,228.4,SSP3-7.0
2049-07-28,0.0,27.692,86.796,7.032,246.64,SSP3-7.0
2049-07-29,0.0,27.971,86.609,5.482,241.67,SSP3-7.0
2049-07-30,2.957,27.289,89.372,4.176,223.46,SSP3-7.0
2049-07-31,6.4935,27.67,88.548,5.342,234.19,SSP3-7.0
2049-08-01,21.5334,26.527,92.748,6.057,213.63,SSP3-7.0
2049-08-02,7.0244,26.759,91.182,6.161,227.84,SSP3-7.0
2049-08-03,0.0202,27.154,86.559,9.543,252.36,SSP3-7.0
2049-08-04,0.0,27.362,82.888,12.507,288.62,SSP3-7.0
2049-08-05,0.0,27.668,80.827,13.14,303.08,SSP3-7.0
2049-08-06,0.0,27.838,81.029,11.364,283.81,SSP3-7.0
2049-08-07,1.1757,28.72,82.036,7.52,282.56,SSP3-7.0
2049-08-08,29.5208,26.77,91.43,9.267,216.84,SSP3-7.0
2049-08-09,34.9647,26.189,93.736,13.899,146.14,SSP3-7.0
2049-08-10,0.8102,26.324,92.031,9.132,202.34,SSP3-7.0
2049-08-11,17.2519,26.855,89.977,8.738,238.87,SSP3-7.0
2049-08-12,4.9748,26.902,89.611,5.543,234.58,SSP3-7.0
2049-08-13,7.804,27.343,88.949,6.633,247.91,SSP3-7.0
2049-08-14,12.6987,26.952,90.804,8.308,227.93,SSP3-7.0
2049-08-15,23.8701,26.766,91.831,11.389,217.19,SSP3-7.0
2049-08-16,41.228,26.347,92.944,17.88,194.6,SSP3-7.0
2049-08-17,30.9801,26.244,90.208,20.445,155.17,SSP3-7.0
2049-08-18,0.0,26.619,85.726,13.164,219.41,SSP3-7.0
2049-08-19,0.0,26.698,87.346,12.142,220.94,SSP3-7.0
2049-08-20,0.0123,27.332,82.83,13.518,264.87,SSP3-7.0
2049-08-21,0.0,27.278,79.752,15.633,258.96,SSP3-7.0
2049-08-22,0.0,26.835,81.549,14.774,240.24,SSP3-7.0
2049-08-23,0.2342,26.654,86.58,12.691,224.68,SSP3-7.0
2049-08-24,0.0,26.669,86.01,16.059,227.57,SSP3-7.0
2049-08-25,0.0,26.927,82.477,15.653,229.8,SSP3-7.0
2049-08-26,0.5297,27.387,80.59,14.079,250.57,SSP3-7.0
2049-08-27,17.6497,26.316,92.331,10.146,188.01,SSP3-7.0
2049-08-28,0.333,26.427,92.502,8.851,188.6,SSP3-7.0
2049-08-29,0.0,26.672,89.008,9.139,225.03,SSP3-7.0
2049-08-30,12.1941,26.659,91.447,4.653,220.78,SSP3-7.0
2049-08-31,22.9918,26.829,92.811,4.556,221.02,SSP3-7.0
2049-09-01,1.1159,26.8,87.207,6.219,242.49,SSP3-7.0
2049-09-02,27.8478,26.107,91.584,4.633,225.55,SSP3-7.0
2049-09-03,20.6993,25.917,91.364,7.0,227.43,SSP3-7.0
2049-09-04,6.2394,26.075,89.456,8.973,236.37,SSP3-7.0
2049-09-05,19.6951,26.014,90.349,6.712,236.88,SSP3-7.0
2049-09-06,25.0582,25.713,93.593,7.923,213.31,SSP3-7.0
2049-09-07,38.7102,25.709,93.688,8.559,212.31,SSP3-7.0
2049-09-08,6.6004,25.679,93.573,7.789,208.07,SSP3-7.0
2049-09-09,13.3855,25.695,92.945,6.325,209.86,SSP3-7.0
2049-09-10,17.5472,25.714,92.467,8.308,214.08,SSP3-7.0
2049-09-11,0.2788,26.018,88.676,8.828,235.7,SSP3-7.0
2049-09-12,0.279,26.518,83.123,9.186,257.17,SSP3-7.0
2049-09-13,0.8997,26.044,87.626,9.685,228.29,SSP3-7.0
2049-09-14,10.2466,26.07,89.244,9.075,228.29,SSP3-7.0
2049-09-15,7.855,25.849,91.338,10.04,207.59,SSP3-7.0
2049-09-16,11.497,25.746,91.638,14.268,190.53,SSP3-7.0
2049-09-17,2.1024,25.74,91.506,15.412,198.34,SSP3-7.0
2049-09-18,3.6095,25.716,90.871,17.186,174.09,SSP3-7.0
2049-09-19,13.4609,25.738,90.517,11.648,212.0,SSP3-7.0
2049-09-20,11.3107,25.786,91.461,10.658,199.41,SSP3-7.0
2049-09-21,5.1729,25.768,91.36,8.27,202.91,SSP3-7.0
2049-09-22,24.0477,25.615,95.475,7.147,180.84,SSP3-7.0
2049-09-23,3.3221,25.591,90.961,13.392,211.07,SSP3-7.0
2049-09-24,2.4644,25.973,88.181,11.942,229.4,SSP3-7.0
2049-09-25,1.9154,26.468,86.93,5.967,241.04,SSP3-7.0
2049-09-26,6.8052,26.383,88.444,3.056,231.97,SSP3-7.0
2049-09-27,11.4974,25.792,90.687,3.711,216.41,SSP3-7.0
2049-09-28,12.7738,25.396,92.242,3.005,204.81,SSP3-7.0
2049-09-29,0.299,25.962,88.367,4.367,232.54,SSP3-7.0
2049-09-30,0.1439,25.652,89.286,2.816,221.1,SSP3-7.0
2049-10-01,0.4694,25.565,89.163,4.065,224.82,SSP3-7.0
2049-10-02,0.4822,26.093,87.608,4.386,233.77,SSP3-7.0
2049-10-03,0.0,26.225,86.783,4.16,233.06,SSP3-7.0
2049-10-04,0.0,26.276,84.638,6.297,223.99,SSP3-7.0
2049-10-05,0.0702,25.891,86.324,6.876,214.18,SSP3-7.0
2049-10-06,30.2044,25.578,88.491,9.15,211.78,SSP3-7.0
2049-10-07,28.9867,25.305,93.854,7.245,172.22,SSP3-7.0
2049-10-08,21.8541,25.238,93.301,4.834,181.91,SSP3-7.0
2049-10-09,27.4723,25.157,92.086,7.333,193.09,SSP3-7.0
2049-10-10,25.1903,25.107,92.725,6.195,184.51,SSP3-7.0
2049-10-11,25.5734,25.174,91.152,5.291,200.88,SSP3-7.0
2049-10-12,23.9746,24.952,92.382,4.804,200.14,SSP3-7.0
2049-10-13,23.1152,24.924,92.501,5.917,192.44,SSP3-7.0
2049-10-14,14.3967,24.887,92.858,6.358,187.11,SSP3-7.0
2049-10-15,0.9768,24.873,90.895,7.324,189.9,SSP3-7.0
2049-10-16,0.0,25.565,84.962,9.27,219.95,SSP3-7.0
2049-10-17,0.0,25.613,83.875,10.093,239.31,SSP3-7.0
2049-10-18,0.0,25.972,84.171,11.08,227.53,SSP3-7.0
2049-10-19,0.0,27.079,82.54,10.01,239.82,SSP3-7.0
2049-10-20,0.0,27.877,76.731,8.652,241.88,SSP3-7.0
2049-10-21,0.0,27.792,78.15,7.924,236.14,SSP3-7.0
2049-10-22,3.8668,27.919,81.639,5.02,211.28,SSP3-7.0
2049-10-23,0.6391,25.853,89.005,6.504,193.49,SSP3-7.0
2049-10-24,0.208,25.591,88.104,6.617,203.44,SSP3-7.0
2049-10-25,0.0,25.584,83.705,6.039,227.68,SSP3-7.0
2049-10-26,0.0,25.667,81.754,5.277,234.55,SSP3-7.0
2049-10-27,0.0,25.467,80.487,5.859,237.75,SSP3-7.0
2049-10-28,0.0,25.461,77.017,5.581,238.91,SSP3-7.0
2049-10-29,0.0114,24.544,83.905,5.342,201.16,SSP3-7.0
2049-10-30,0.0,25.202,80.455,5.566,223.72,SSP3-7.0
2049-10-31,0.0,25.036,74.746,6.133,228.42,SSP3-7.0
2049-11-01,0.0,24.901,73.717,5.013,241.25,SSP3-7.0
2049-11-02,0.0,24.737,76.774,6.648,231.38,SSP3-7.0
2049-11-03,0.0,24.969,81.253,7.088,218.15,SSP3-7.0
2049-11-04,0.0,24.979,80.963,6.788,229.69,SSP3-7.0
2049-11-05,0.0,24.701,75.814,6.117,233.34,SSP3-7.0
2049-11-06,0.0,24.645,75.754,6.841,228.94,SSP3-7.0
2049-11-07,0.0,24.459,78.67,7.545,233.05,SSP3-7.0
2049-11-08,0.0,24.249,79.433,4.966,212.24,SSP3-7.0
2049-11-09,0.0,24.212,80.416,5.497,201.97,SSP3-7.0
2049-11-10,0.0,24.392,78.521,6.501,215.19,SSP3-7.0
2049-11-11,0.0,24.919,74.018,6.78,220.95,SSP3-7.0
2049-11-12,0.0,25.015,78.068,5.123,206.48,SSP3-7.0
2049-11-13,0.0,24.982,76.107,4.571,212.29,SSP3-7.0
2049-11-14,0.0,24.609,71.22,6.118,212.77,SSP3-7.0
2049-11-15,0.0,24.464,69.252,5.494,207.9,SSP3-7.0
2049-11-16,0.0,24.35,72.302,5.676,208.29,SSP3-7.0
2049-11-17,0.0,23.743,78.107,7.769,202.35,SSP3-7.0
2049-11-18,0.0,23.085,63.364,9.269,221.83,SSP3-7.0
2049-11-19,0.0,22.861,59.479,9.081,243.4,SSP3-7.0
2049-11-20,0.0,22.783,61.861,7.85,237.06,SSP3-7.0
2049-11-21,0.0,23.105,63.896,7.43,235.44,SSP3-7.0
2049-11-22,0.0,23.714,68.666,7.992,230.73,SSP3-7.0
2049-11-23,0.0,24.388,65.412,7.557,220.79,SSP3-7.0
2049-11-24,0.0,23.489,59.153,8.792,225.49,SSP3-7.0
2049-11-25,0.0,22.861,49.093,8.154,229.91,SSP3-7.0
2049-11-26,0.0,21.832,41.453,7.534,211.74,SSP3-7.0
2049-11-27,0.0,21.317,52.905,7.904,205.92,SSP3-7.0
2049-11-28,0.0,21.186,61.369,6.489,185.72,SSP3-7.0
2049-11-29,0.0,21.509,56.247,7.646,201.85,SSP3-7.0
2049-11-30,0.0,21.053,58.348,7.072,196.49,SSP3-7.0
2049-12-01,0.0,21.34,59.665,6.602,208.92,SSP3-7.0
2049-12-02,0.0,21.789,59.929,6.798,219.11,SSP3-7.0
2049-12-03,0.0006,21.567,72.925,9.87,165.09,SSP3-7.0
2049-12-04,0.0,21.779,73.111,10.318,148.55,SSP3-7.0
2049-12-05,0.0,22.05,58.436,11.821,212.7,SSP3-7.0
2049-12-06,0.0,22.536,56.585,10.438,210.26,SSP3-7.0
2049-12-07,0.0,21.624,60.256,9.373,190.05,SSP3-7.0
2049-12-08,0.0,21.582,58.194,8.471,200.79,SSP3-7.0
2049-12-09,0.0,22.082,51.958,10.756,217.3,SSP3-7.0
2049-12-10,0.0,21.984,53.069,10.34,213.8,SSP3-7.0
2049-12-11,0.0,21.568,55.054,12.544,169.13,SSP3-7.0
2049-12-12,0.0,21.125,59.984,13.678,154.29,SSP3-7.0
2049-12-13,0.0,22.227,54.196,12.199,218.75,SSP3-7.0
2049-12-14,0.0,22.655,53.133,10.499,215.31,SSP3-7.0
2049-12-15,0.0,23.101,58.599,10.531,204.61,SSP3-7.0
2049-12-16,0.0,23.014,57.786,10.147,211.73,SSP3-7.0
2049-12-17,0.0,20.906,53.123,11.681,191.76,SSP3-7.0
2049-12-18,0.0,21.461,45.683,12.298,216.25,SSP3-7.0
2049-12-19,0.0,20.753,50.037,12.001,195.21,SSP3-7.0
2049-12-20,0.0,20.714,64.224,12.502,157.54,SSP3-7.0
2049-12-21,0.0,20.644,54.491,12.204,198.97,SSP3-7.0
2049-12-22,0.0,21.233,50.924,11.193,209.7,SSP3-7.0
2049-12-23,0.0,21.101,52.704,9.483,197.42,SSP3-7.0
2049-12-24,0.0,22.125,55.276,9.173,224.83,SSP3-7.0
2049-12-25,0.0,22.563,55.931,9.011,224.25,SSP3-7.0
2049-12-26,0.0,22.811,56.284,7.584,215.44,SSP3-7.0
2049-12-27,0.0,23.182,53.934,7.773,211.93,SSP3-7.0
2049-12-28,0.0,23.523,54.631,9.307,204.71,SSP3-7.0
2049-12-29,0.0,21.783,65.116,9.019,170.06,SSP3-7.0
2049-12-30,0.0,22.473,61.69,8.051,201.3,SSP3-7.0
2049-12-31,0.0,21.17,75.435,7.023,160.24,SSP3-7.0
2050-01-01,0.0,21.718,62.789,6.069,198.24,SSP3-7.0
2050-01-02,0.0,22.042,57.185,8.137,200.93,SSP3-7.0
2050-01-03,0.0,21.561,43.377,10.652,227.14,SSP3-7.0
2050-01-04,0.0,21.356,38.189,12.66,241.67,SSP3-7.0
2050-01-05,0.0,20.573,35.968,12.037,226.45,SSP3-7.0
2050-01-06,0.0,19.902,38.296,10.431,204.87,SSP3-7.0
2050-01-07,0.0,19.69,38.974,10.826,200.58,SSP3-7.0
2050-01-08,0.0,20.276,35.1,11.852,251.03,SSP3-7.0
2050-01-09,0.0,20.479,35.608,10.574,255.8,SSP3-7.0
2050-01-10,0.0,20.884,38.109,10.343,237.72,SSP3-7.0
2050-01-11,0.0,21.113,40.962,7.658,210.53,SSP3-7.0
2050-01-12,0.0,21.016,43.148,4.973,254.5,SSP3-7.0
2050-01-13,0.0,21.734,49.284,5.838,245.37,SSP3-7.0
2050-01-14,0.0,22.609,47.27,5.503,252.17,SSP3-7.0
2050-01-15,0.0,22.631,45.31,6.9,249.34,SSP3-7.0
2050-01-16,0.0,22.606,43.292,6.133,250.03,SSP3-7.0
2050-01-17,0.0,22.625,42.393,5.393,249.77,SSP3-7.0
2050-01-18,0.0,22.723,46.048,7.987,245.65,SSP3-7.0
2050-01-19,0.0,23.377,44.18,9.265,253.31,SSP3-7.0
2050-01-20,0.0,23.1,47.332,11.04,250.67,SSP3-7.0
2050-01-21,0.0,23.284,47.691,11.429,252.37,SSP3-7.0
2050-01-22,0.0,23.691,48.211,11.393,254.13,SSP3-7.0
2050-01-23,0.0,23.754,48.836,11.324,255.21,SSP3-7.0
2050-01-24,0.0,23.911,46.397,9.704,257.43,SSP3-7.0
2050-01-25,0.0,23.869,46.051,8.757,255.71,SSP3-7.0
2050-01-26,0.0,23.69,47.784,6.175,228.73,SSP3-7.0
2050-01-27,0.0,24.341,46.098,7.405,252.84,SSP3-7.0
2050-01-28,0.0,24.256,45.123,12.572,229.26,SSP3-7.0
2050-01-29,0.0,24.313,47.847,12.948,255.62,SSP3-7.0
2050-01-30,0.0,24.156,48.89,10.036,243.22,SSP3-7.0
2050-01-31,0.0,23.981,47.914,8.643,242.05,SSP3-7.0
2050-02-01,0.0,24.019,46.585,8.701,245.28,SSP3-7.0
2050-02-02,0.0,24.129,48.423,8.504,236.6,SSP3-7.0
2050-02-03,0.0,24.431,48.466,8.887,234.07,SSP3-7.0
2050-02-04,0.0,23.532,50.306,6.843,215.59,SSP3-7.0
2050-02-05,0.0,24.028,46.319,7.079,242.84,SSP3-7.0
2050-02-06,0.0,24.26,44.839,6.175,219.48,SSP3-7.0
2050-02-07,0.0,24.431,42.49,9.021,232.08,SSP3-7.0
2050-02-08,0.0,24.106,45.771,10.134,236.63,SSP3-7.0
2050-02-09,0.0,24.302,45.941,9.208,257.23,SSP3-7.0
2050-02-10,0.0,24.646,47.877,10.297,260.72,SSP3-7.0
2050-02-11,0.0,25.055,48.034,12.868,273.21,SSP3-7.0
2050-02-12,0.0,24.935,56.662,14.942,234.57,SSP3-7.0
2050-02-13,0.0,25.739,52.979,14.198,260.92,SSP3-7.0
2050-02-14,0.0,25.917,48.808,12.786,256.67,SSP3-7.0
2050-02-15,0.0,26.566,44.696,12.09,266.45,SSP3-7.0
2050-02-16,0.0,27.224,45.957,12.55,205.69,SSP3-7.0
2050-02-17,0.0,25.349,36.193,15.722,276.97,SSP3-7.0
2050-02-18,0.0,24.9,33.296,12.617,269.53,SSP3-7.0
2050-02-19,0.0,23.983,31.758,10.675,281.85,SSP3-7.0
2050-02-20,0.0,24.031,34.496,10.217,279.62,SSP3-7.0
2050-02-21,0.0031,26.031,51.275,15.028,212.79,SSP3-7.0
2050-02-22,0.0,26.268,53.892,9.808,216.5,SSP3-7.0
2050-02-23,0.0,26.375,40.44,9.001,281.85,SSP3-7.0
2050-02-24,0.0,25.887,32.756,9.74,292.94,SSP3-7.0
2050-02-25,0.0,25.607,37.052,9.494,285.78,SSP3-7.0
2050-02-26,0.0,25.789,46.946,8.02,238.69,SSP3-7.0
2050-02-27,0.0,25.987,53.217,4.748,228.49,SSP3-7.0
2050-02-28,0.1508,26.385,53.018,6.468,230.83,SSP3-7.0
2050-03-01,0.5177,21.457,78.225,8.133,143.49,SSP3-7.0
2050-03-02,0.0,22.951,67.048,7.274,200.69,SSP3-7.0
2050-03-03,0.0,22.929,60.962,7.097,205.54,SSP3-7.0
2050-03-04,0.0,25.049,42.976,5.633,287.06,SSP3-7.0
2050-03-05,0.0,26.119,37.237,6.37,280.26,SSP3-7.0
2050-03-06,0.0,26.806,33.68,5.295,281.24,SSP3-7.0
2050-03-07,0.0,27.087,32.79,7.068,251.69,SSP3-7.0
2050-03-08,0.0,27.323,34.015,9.36,276.9,SSP3-7.0
2050-03-09,0.0,27.326,35.48,9.836,263.58,SSP3-7.0
2050-03-10,0.0,27.139,36.174,10.02,258.77,SSP3-7.0
2050-03-11,0.0,26.798,35.66,7.886,248.37,SSP3-7.0
2050-03-12,0.0,27.089,33.758,9.136,257.38,SSP3-7.0
2050-03-13,0.0,27.278,32.936,13.667,295.63,SSP3-7.0
2050-03-14,0.0,27.097,34.265,13.89,308.23,SSP3-7.0
2050-03-15,0.0,27.003,34.507,15.048,316.68,SSP3-7.0
2050-03-16,0.0663,27.043,37.7,14.232,318.18,SSP3-7.0
2050-03-17,5.4828,25.981,54.397,9.787,212.94,SSP3-7.0
2050-03-18,5.5031,23.121,72.011,8.33,176.16,SSP3-7.0
2050-03-19,0.0,26.137,52.01,7.179,263.86,SSP3-7.0
2050-03-20,0.0126,27.307,46.468,6.622,266.09,SSP3-7.0
2050-03-21,0.5874,27.647,48.249,7.447,255.82,SSP3-7.0
2050-03-22,1.5253,26.901,54.041,5.256,234.44,SSP3-7.0
2050-03-23,4.9526,26.464,55.461,6.131,239.34,SSP3-7.0
2050-03-24,2.5258,27.058,52.01,5.041,259.52,SSP3-7.0
2050-03-25,0.2743,26.946,50.162,6.95,235.47,SSP3-7.0
2050-03-26,0.0582,25.783,61.697,5.149,200.55,SSP3-7.0
2050-03-27,0.0001,27.005,48.61,4.784,247.43,SSP3-7.0
2050-03-28,0.0,27.984,42.948,5.624,279.02,SSP3-7.0
2050-03-29,0.0,27.82,44.907,5.186,257.21,SSP3-7.0
2050-03-30,0.0,28.811,39.661,5.96,286.46,SSP3-7.0
2050-03-31,0.0,28.972,35.526,5.233,290.87,SSP3-7.0
2050-04-01,0.0,29.788,33.019,4.649,288.74,SSP3-7.0
2050-04-02,0.0,29.839,32.844,5.214,283.94,SSP3-7.0
2050-04-03,0.0,29.597,33.523,5.664,301.33,SSP3-7.0
2050-04-04,0.0,30.44,33.814,6.986,296.59,SSP3-7.0
2050-04-05,0.0037,30.346,34.421,6.048,274.49,SSP3-7.0
2050-04-06,0.0,30.415,35.265,6.563,283.62,SSP3-7.0
2050-04-07,0.0849,29.836,37.763,6.175,251.92,SSP3-7.0
2050-04-08,0.0452,30.523,34.409,4.537,281.74,SSP3-7.0
2050-04-09,0.0,30.597,31.449,5.523,314.89,SSP3-7.0
2050-04-10,0.0675,30.734,31.734,6.586,283.13,SSP3-7.0
2050-04-11,0.0589,29.344,41.03,5.075,226.59,SSP3-7.0
2050-04-12,0.0,30.233,34.371,6.004,303.96,SSP3-7.0
2050-04-13,0.0,30.815,29.794,7.986,317.8,SSP3-7.0
2050-04-14,0.0,30.98,29.705,5.989,322.03,SSP3-7.0
2050-04-15,0.0,31.444,30.733,5.296,320.2,SSP3-7.0
2050-04-16,0.0,31.797,30.38,4.754,313.5,SSP3-7.0
2050-04-17,0.0,32.218,29.174,5.626,319.1,SSP3-7.0
2050-04-18,0.0696,31.846,34.177,8.697,290.24,SSP3-7.0
2050-04-19,0.3807,31.17,37.298,8.182,280.02,SSP3-7.0
2050-04-20,0.3521,32.05,33.089,5.25,289.2,SSP3-7.0
2050-04-21,0.317,31.586,34.488,4.9,290.1,SSP3-7.0
2050-04-22,0.0473,31.797,30.996,7.78,291.32,SSP3-7.0
2050-04-23,0.0,31.678,28.864,10.238,313.17,SSP3-7.0
2050-04-24,0.0,31.554,28.207,9.305,314.3,SSP3-7.0
2050-04-25,0.0,31.49,28.048,9.201,312.78,SSP3-7.0
2050-04-26,0.0,31.62,27.831,10.596,313.49,SSP3-7.0
2050-04-27,0.0,31.662,27.769,8.607,312.41,SSP3-7.0
2050-04-28,0.0,31.526,26.673,5.849,327.37,SSP3-7.0
2050-04-29,0.0,31.689,24.833,8.471,330.22,SSP3-7.0
2050-04-30,0.0,31.705,27.397,9.996,308.17,SSP3-7.0
2050-05-01,0.0,32.208,27.254,6.906,314.28,SSP3-7.0
2050-05-02,0.0082,32.659,27.289,6.601,308.68,SSP3-7.0
2050-05-03,0.3199,32.875,28.49,6.636,310.18,SSP3-7.0
2050-05-04,0.8182,32.652,32.191,7.155,302.78,SSP3-7.0
2050-05-05,1.7562,32.685,32.082,5.76,299.85,SSP3-7.0
2050-05-06,11.0994,31.391,42.52,5.824,268.64,SSP3-7.0
2050-05-07,22.242,30.63,47.019,7.298,281.17,SSP3-7.0
2050-05-08,26.0332,27.476,68.092,8.264,200.88,SSP3-7.0
2050-05-09,1.1928,29.254,59.012,6.139,250.21,SSP3-7.0
2050-05-10,0.0444,31.529,40.812,6.373,305.03,SSP3-7.0
2050-05-11,0.7857,29.573,56.489,5.973,203.25,SSP3-7.0
2050-05-12,5.703,29.619,58.265,7.044,231.33,SSP3-7.0
2050-05-13,0.0673,31.078,46.339,6.072,240.59,SSP3-7.0
2050-05-14,1.5519,31.419,46.448,6.156,271.17,SSP3-7.0
2050-05-15,0.4584,31.578,45.657,4.618,276.27,SSP3-7.0
2050-05-16,0.0054,31.827,42.947,4.854,263.22,SSP3-7.0
2050-05-17,0.0,32.133,40.769,5.456,272.66,SSP3-7.0
2050-05-18,0.0,32.763,35.73,5.145,312.53,SSP3-7.0
2050-05-19,0.0,32.593,37.834,8.299,271.59,SSP3-7.0
2050-05-20,0.0034,31.956,39.662,9.085,266.4,SSP3-7.0
2050-05-21,0.0,32.468,38.408,8.769,283.85,SSP3-7.0
2050-05-22,0.0334,32.778,36.618,9.682,299.32,SSP3-7.0
2050-05-23,1.0881,32.387,40.423,9.077,281.23,SSP3-7.0
2050-05-24,0.0,33.148,35.187,7.598,328.86,SSP3-7.0
2050-05-25,0.0,33.452,30.399,11.014,331.19,SSP3-7.0
2050-05-26,0.0,33.504,30.923,9.039,325.36,SSP3-7.0
2050-05-27,0.0,33.137,37.059,7.489,273.47,SSP3-7.0
2050-05-28,0.6081,28.518,63.746,7.712,187.1,SSP3-7.0
2050-05-29,0.1442,31.104,51.728,8.611,248.18,SSP3-7.0
2050-05-30,0.0,32.901,42.707,12.566,280.62,SSP3-7.0
2050-05-31,0.0,33.512,32.824,13.475,334.76,SSP3-7.0
2050-06-01,0.0,34.029,35.14,14.444,317.83,SSP3-7.0
2050-06-02,0.0,34.619,36.634,7.48,330.5,SSP3-7.0
2050-06-03,0.0,34.57,36.225,6.604,292.84,SSP3-7.0
2050-06-04,0.0,34.508,38.572,7.023,286.24,SSP3-7.0
2050-06-05,0.3872,32.591,51.462,8.221,265.34,SSP3-7.0
2050-06-06,1.2184,32.93,53.898,10.835,283.86,SSP3-7.0
2050-06-07,0.0024,32.493,52.309,12.077,296.44,SSP3-7.0
2050-06-08,0.8986,33.455,50.061,9.894,290.18,SSP3-7.0
2050-06-09,9.9973,31.672,57.472,7.365,277.67,SSP3-7.0
2050-06-10,12.5547,31.473,63.851,6.868,281.01,SSP3-7.0
2050-06-11,13.0737,29.073,71.361,6.993,276.9,SSP3-7.0
2050-06-12,13.7597,30.0,70.101,9.603,271.61,SSP3-7.0
2050-06-13,18.5955,27.965,76.234,9.796,246.42,SSP3-7.0
2050-06-14,15.3291,27.866,77.91,10.539,235.6,SSP3-7.0
2050-06-15,6.0369,28.189,72.823,9.597,257.42,SSP3-7.0
2050-06-16,0.0,30.044,63.811,10.005,292.3,SSP3-7.0
2050-06-17,0.5867,28.233,74.883,7.916,257.97,SSP3-7.0
2050-06-18,6.3424,27.082,83.274,7.924,229.31,SSP3-7.0
2050-06-19,2.5381,27.582,81.242,9.37,257.91,SSP3-7.0
2050-06-20,0.6788,28.675,74.674,7.432,275.17,SSP3-7.0
2050-06-21,1.3986,29.181,69.104,9.527,258.37,SSP3-7.0
2050-06-22,0.0,29.69,60.811,14.887,314.49,SSP3-7.0
2050-06-23,0.0,29.475,60.69,14.809,286.64,SSP3-7.0
2050-06-24,0.0,28.384,66.945,15.256,229.72,SSP3-7.0
2050-06-25,0.6077,27.719,72.072,16.722,233.93,SSP3-7.0
2050-06-26,34.8187,26.452,90.569,11.082,166.51,SSP3-7.0
2050-06-27,0.0993,27.238,84.867,13.178,237.83,SSP3-7.0
2050-06-28,4.3749,27.432,85.279,13.324,231.68,SSP3-7.0
2050-06-29,1.5308,27.159,84.803,10.681,228.12,SSP3-7.0
2050-06-30,0.0495,28.244,79.538,8.529,273.04,SSP3-7.0
2050-07-01,2.7693,27.872,81.961,8.864,251.08,SSP3-7.0
2050-07-02,2.1092,28.369,81.362,8.985,266.31,SSP3-7.0
2050-07-03,0.0,28.527,79.169,9.478,260.68,SSP3-7.0
2050-07-04,2.5703,28.548,82.075,7.953,264.21,SSP3-7.0
2050-07-05,0.0,28.291,79.781,9.816,249.53,SSP3-7.0
2050-07-06,0.0,28.674,74.694,13.341,250.38,SSP3-7.0
2050-07-07,0.0,28.955,68.696,16.447,298.79,SSP3-7.0
2050-07-08,0.0,28.766,70.773,16.48,270.24,SSP3-7.0
2050-07-09,0.0,28.627,72.236,16.249,255.0,SSP3-7.0
2050-07-10,0.0,28.419,75.027,14.891,251.08,SSP3-7.0
2050-07-11,0.0,28.866,70.794,16.076,285.62,SSP3-7.0
2050-07-12,0.0,28.927,70.458,16.107,281.56,SSP3-7.0
2050-07-13,0.2057,28.491,74.287,14.98,247.47,SSP3-7.0
2050-07-14,12.094,26.716,87.53,14.544,200.09,SSP3-7.0
2050-07-15,8.1006,27.491,83.51,16.991,234.05,SSP3-7.0
2050-07-16,10.8256,26.643,90.375,13.649,188.67,SSP3-7.0
2050-07-17,0.0,26.825,85.38,16.636,211.59,SSP3-7.0
2050-07-18,0.0,27.327,81.86,18.633,223.03,SSP3-7.0
2050-07-19,0.5052,27.379,82.261,17.272,236.48,SSP3-7.0
2050-07-20,17.5702,26.963,86.538,17.053,223.45,SSP3-7.0
2050-07-21,0.6108,27.269,83.978,20.131,238.09,SSP3-7.0
2050-07-22,0.3733,26.591,86.542,17.553,207.76,SSP3-7.0
2050-07-23,2.9301,26.496,88.316,16.002,209.14,SSP3-7.0
2050-07-24,1.7345,26.416,87.587,13.652,196.61,SSP3-7.0
2050-07-25,0.3574,27.293,83.095,14.666,229.65,SSP3-7.0
2050-07-26,0.0,27.777,75.835,16.827,271.35,SSP3-7.0
2050-07-27,0.1333,27.477,82.66,12.84,241.48,SSP3-7.0
2050-07-28,0.2897,26.539,89.507,10.421,202.58,SSP3-7.0
2050-07-29,5.2081,26.378,90.083,11.469,200.49,SSP3-7.0
2050-07-30,21.8359,25.985,92.491,12.59,150.85,SSP3-7.0
2050-07-31,21.1285,26.095,92.938,11.592,185.69,SSP3-7.0
2050-08-01,21.9523,26.307,92.938,12.793,176.89,SSP3-7.0
2050-08-02,6.1874,26.353,91.861,12.603,182.11,SSP3-7.0
2050-08-03,7.5953,27.059,88.504,13.375,235.72,SSP3-7.0
2050-08-04,0.7747,26.671,88.371,17.238,205.57,SSP3-7.0
2050-08-05,0.7332,26.529,88.331,17.706,182.75,SSP3-7.0
2050-08-06,1.1058,27.065,83.325,17.688,238.4,SSP3-7.0
2050-08-07,2.3574,26.382,88.524,18.385,196.27,SSP3-7.0
2050-08-08,0.2957,26.286,89.516,13.81,200.18,SSP3-7.0
2050-08-09,0.0949,26.813,87.09,14.245,230.07,SSP3-7.0
2050-08-10,4.0248,26.141,92.488,10.895,177.39,SSP3-7.0
2050-08-11,11.1695,27.084,88.363,11.843,226.54,SSP3-7.0
2050-08-12,0.0067,26.964,86.442,13.283,243.77,SSP3-7.0
2050-08-13,0.0,27.139,83.656,12.036,243.49,SSP3-7.0
2050-08-14,0.0,27.219,83.185,11.153,247.51,SSP3-7.0
2050-08-15,0.0,27.336,83.66,10.366,247.17,SSP3-7.0
2050-08-16,0.4936,26.826,86.116,12.078,239.38,SSP3-7.0
2050-08-17,3.442,26.403,89.564,12.897,214.19,SSP3-7.0
2050-08-18,1.6001,26.181,89.664,13.172,203.56,SSP3-7.0
2050-08-19,0.0,26.828,86.705,12.39,229.52,SSP3-7.0
2050-08-20,17.6354,26.564,90.28,11.914,213.49,SSP3-7.0
2050-08-21,18.6138,26.273,91.2,11.696,209.32,SSP3-7.0
2050-08-22,1.4154,26.044,91.608,12.185,176.31,SSP3-7.0
2050-08-23,0.2101,26.69,86.376,13.081,228.38,SSP3-7.0
2050-08-24,0.3009,26.405,91.353,12.344,188.99,SSP3-7.0
2050-08-25,2.2113,26.657,89.987,13.204,217.62,SSP3-7.0
2050-08-26,27.5259,26.312,93.456,13.744,177.83,SSP3-7.0
2050-08-27,0.4845,26.748,90.613,9.155,227.31,SSP3-7.0
2050-08-28,0.0037,27.597,83.308,8.829,272.48,SSP3-7.0
2050-08-29,1.4354,27.19,89.011,8.868,230.19,SSP3-7.0
2050-08-30,0.4351,27.382,87.763,8.321,236.82,SSP3-7.0
2050-08-31,14.7547,27.144,89.562,7.282,234.43,SSP3-7.0
2050-09-01,11.0116,25.652,92.419,5.644,209.12,SSP3-7.0
2050-09-02,4.0008,26.049,90.796,4.982,232.67,SSP3-7.0
2050-09-03,5.5511,26.145,90.527,3.685,239.91,SSP3-7.0
2050-09-04,0.0,26.65,84.617,4.385,251.89,SSP3-7.0
2050-09-05,1.7273,26.277,89.384,5.568,243.21,SSP3-7.0
2050-09-06,0.8134,26.573,86.945,6.96,243.99,SSP3-7.0
2050-09-07,0.003,26.47,86.827,8.944,240.52,SSP3-7.0
2050-09-08,0.0264,27.128,81.88,8.793,252.02,SSP3-7.0
2050-09-09,0.0,26.509,82.749,9.725,228.4,SSP3-7.0
2050-09-10,11.0127,26.32,87.277,8.105,221.56,SSP3-7.0
2050-09-11,3.8009,25.961,93.03,6.867,189.44,SSP3-7.0
2050-09-12,0.7432,26.24,89.789,6.096,220.35,SSP3-7.0
2050-09-13,0.8331,26.35,88.835,7.458,225.87,SSP3-7.0
2050-09-14,14.621,26.19,90.839,5.584,222.63,SSP3-7.0
2050-09-15,42.6092,25.817,93.69,7.577,206.28,SSP3-7.0
2050-09-16,28.8258,25.801,94.23,8.02,191.54,SSP3-7.0
2050-09-17,18.6606,25.774,93.613,7.116,192.4,SSP3-7.0
2050-09-18,18.7588,25.646,93.661,5.016,205.93,SSP3-7.0
2050-09-19,17.8832,25.699,93.328,5.261,209.29,SSP3-7.0
2050-09-20,23.1963,25.846,92.16,3.93,217.92,SSP3-7.0
2050-09-21,29.4254,25.577,93.751,3.658,200.74,SSP3-7.0
2050-09-22,25.642,25.468,93.351,3.12,208.08,SSP3-7.0
2050-09-23,17.5559,25.547,91.908,2.57,213.82,SSP3-7.0
2050-09-24,17.4937,25.637,91.072,4.43,227.01,SSP3-7.0
2050-09-25,37.997,25.394,93.988,6.448,203.29,SSP3-7.0
2050-09-26,33.4956,25.391,94.153,8.893,189.23,SSP3-7.0
2050-09-27,7.8419,25.443,93.66,7.749,175.74,SSP3-7.0
2050-09-28,8.3137,25.291,93.233,3.665,196.66,SSP3-7.0
2050-09-29,12.0525,25.693,91.061,5.276,218.76,SSP3-7.0
2050-09-30,17.0958,25.87,89.883,5.657,220.59,SSP3-7.0
2050-10-01,18.9376,25.608,90.726,4.353,218.53,SSP3-7.0
2050-10-02,21.2451,25.277,91.645,4.911,207.67,SSP3-7.0
2050-10-03,23.9139,25.024,92.869,3.406,199.94,SSP3-7.0
2050-10-04,4.5879,25.165,90.797,3.272,209.98,SSP3-7.0
2050-10-05,0.0484,25.672,82.481,6.203,267.94,SSP3-7.0
2050-10-06,0.0,26.13,78.65,5.14,260.53,SSP3-7.0
2050-10-07,0.121,27.152,78.729,3.168,244.2,SSP3-7.0
2050-10-08,0.0141,27.141,79.134,3.592,236.88,SSP3-7.0
2050-10-09,1.7773,27.226,82.296,4.155,231.18,SSP3-7.0
2050-10-10,0.1025,26.218,85.838,4.579,226.25,SSP3-7.0
2050-10-11,0.0295,26.372,86.228,5.438,223.04,SSP3-7.0
2050-10-12,2.4477,25.638,86.641,5.542,220.99,SSP3-7.0
2050-10-13,0.1918,25.995,82.931,6.526,233.34,SSP3-7.0
2050-10-14,0.0554,25.678,83.227,6.698,234.93,SSP3-7.0
2050-10-15,0.0158,25.886,82.401,7.545,236.51,SSP3-7.0
2050-10-16,0.0,24.929,87.727,5.863,202.18,SSP3-7.0
2050-10-17,0.2788,25.883,83.361,4.703,231.51,SSP3-7.0
2050-10-18,0.0761,25.724,82.59,4.902,228.72,SSP3-7.0
2050-10-19,0.0,25.425,85.276,4.067,212.99,SSP3-7.0
2050-10-20,0.0,26.697,83.397,4.311,214.49,SSP3-7.0
2050-10-21,13.3547,24.681,88.515,5.508,190.11,SSP3-7.0
2050-10-22,9.6413,24.492,89.358,4.832,193.71,SSP3-7.0
2050-10-23,0.0,25.375,85.653,4.835,210.35,SSP3-7.0
2050-10-24,0.0,25.959,82.107,4.921,230.67,SSP3-7.0
2050-10-25,0.0,26.88,77.132,7.029,238.46,SSP3-7.0
2050-10-26,2.9094,25.35,85.934,6.262,207.29,SSP3-7.0
2050-10-27,0.0,25.05,84.425,5.354,207.3,SSP3-7.0
2050-10-28,0.0,25.743,73.375,3.212,231.29,SSP3-7.0
2050-10-29,0.0,25.63,67.579,4.138,246.5,SSP3-7.0
2050-10-30,0.0,25.689,70.503,5.753,235.84,SSP3-7.0
2050-10-31,0.0,25.743,74.545,6.266,221.91,SSP3-7.0
2050-11-01,0.0,26.006,68.125,5.909,242.46,SSP3-7.0
2050-11-02,0.0,25.876,65.154,5.202,244.87,SSP3-7.0
2050-11-03,0.0,25.608,70.238,6.87,230.9,SSP3-7.0
2050-11-04,0.0,25.413,73.803,6.829,236.11,SSP3-7.0
2050-11-05,0.0,25.382,70.109,7.499,230.41,SSP3-7.0
2050-11-06,0.0,24.477,69.825,6.999,221.05,SSP3-7.0
2050-11-07,0.0,24.312,63.756,6.68,239.84,SSP3-7.0
2050-11-08,0.0291,24.897,63.694,7.688,242.6,SSP3-7.0
2050-11-09,0.1491,25.128,80.459,7.223,217.06,SSP3-7.0
2050-11-10,0.4879,25.247,80.671,6.663,201.42,SSP3-7.0
2050-11-11,4.9619,25.098,83.599,6.756,176.08,SSP3-7.0
2050-11-12,0.0412,25.461,79.489,6.363,211.28,SSP3-7.0
2050-11-13,0.0,25.51,71.051,5.503,219.95,SSP3-7.0
2050-11-14,0.0,25.084,66.2,4.966,219.63,SSP3-7.0
2050-11-15,0.0,24.695,66.656,7.028,219.57,SSP3-7.0
2050-11-16,0.0,24.055,61.196,9.309,224.11,SSP3-7.0
2050-11-17,0.0,23.531,55.528,9.907,236.65,SSP3-7.0
2050-11-18,0.0225,23.356,56.089,8.991,234.18,SSP3-7.0
2050-11-19,0.0,24.605,57.194,10.489,227.11,SSP3-7.0
2050-11-20,0.0369,23.663,75.812,10.755,199.86,SSP3-7.0
2050-11-21,0.2517,22.977,82.576,12.252,146.19,SSP3-7.0
2050-11-22,0.4284,22.591,78.54,10.248,156.02,SSP3-7.0
2050-11-23,0.0183,22.786,72.693,9.358,182.19,SSP3-7.0
2050-11-24,0.0,24.428,67.417,8.86,227.34,SSP3-7.0
2050-11-25,0.0,24.815,62.706,8.688,227.3,SSP3-7.0
2050-11-26,0.0,25.407,59.566,10.032,217.55,SSP3-7.0
2050-11-27,0.0,24.184,57.78,10.935,193.95,SSP3-7.0
2050-11-28,0.0,23.917,56.282,10.052,208.89,SSP3-7.0
2050-11-29,0.0,23.24,50.547,11.316,224.0,SSP3-7.0
2050-11-30,0.0,22.51,47.936,11.318,224.17,SSP3-7.0
2050-12-01,0.0,22.475,37.905,12.309,238.33,SSP3-7.0
2050-12-02,0.0,21.934,37.831,9.284,241.38,SSP3-7.0
2050-12-03,0.0,21.64,42.085,8.458,227.35,SSP3-7.0
2050-12-04,0.0,21.667,41.12,8.291,237.53,SSP3-7.0
2050-12-05,0.0,21.402,43.046,8.296,234.55,SSP3-7.0
2050-12-06,0.0,21.578,43.219,7.195,231.42,SSP3-7.0
2050-12-07,0.0,21.229,45.229,4.22,223.57,SSP3-7.0
2050-12-08,0.0,21.349,45.626,3.507,226.17,SSP3-7.0
2050-12-09,0.0,21.65,45.992,3.665,224.2,SSP3-7.0
2050-12-10,0.0,21.948,43.099,8.923,228.92,SSP3-7.0
2050-12-11,0.0,21.703,40.982,10.095,234.08,SSP3-7.0
2050-12-12,0.0,21.142,39.056,11.146,231.9,SSP3-7.0
2050-12-13,0.0,20.701,36.218,9.407,239.52,SSP3-7.0
2050-12-14,0.0,20.633,42.149,8.548,241.69,SSP3-7.0
2050-12-15,0.0,21.821,48.845,9.806,238.64,SSP3-7.0
2050-12-16,0.0,21.519,70.01,10.63,155.36,SSP3-7.0
2050-12-17,0.0,22.026,82.793,8.652,146.62,SSP3-7.0
2050-12-18,0.0,21.993,82.297,7.593,158.11,SSP3-7.0
2050-12-19,0.0,21.89,80.581,8.873,161.8,SSP3-7.0
2050-12-20,0.0,22.609,72.62,11.717,181.58,SSP3-7.0
2050-12-21,0.0,22.796,68.974,13.111,199.19,SSP3-7.0
2050-12-22,0.0,23.594,66.171,11.516,210.36,SSP3-7.0
2050-12-23,0.0,22.817,69.599,10.909,197.46,SSP3-7.0
2050-12-24,0.0,22.875,68.533,10.617,199.64,SSP3-7.0
2050-12-25,0.0,21.923,73.973,7.179,172.0,SSP3-7.0
2050-12-26,0.0,21.992,71.317,6.965,169.85,SSP3-7.0
2050-12-27,0.0,22.909,62.056,8.517,209.28,SSP3-7.0
2050-12-28,0.0,23.128,53.473,8.619,230.05,SSP3-7.0
2050-12-29,0.0,23.352,55.079,7.482,209.87,SSP3-7.0
2050-12-30,0.0,22.918,58.002,7.951,216.49,SSP3-7.0
2050-12-31,0.0,23.038,57.698,8.237,211.67,SSP3-7.0
