date,rainfall_mm,temp_C,humidity_pct,wind_kmh,solar_Wm2,scenario
2025-01-01,0.0,20.558,45.833,8.701,235.58,SSP5-8.5
2025-01-02,0.0,20.829,43.337,9.733,239.5,SSP5-8.5
2025-01-03,0.0,21.018,48.326,7.985,228.6,SSP5-8.5
2025-01-04,0.0,21.434,47.237,8.027,245.33,SSP5-8.5
2025-01-05,0.0,22.305,50.077,9.026,237.32,SSP5-8.5
2025-01-06,0.0,22.149,52.035,8.906,217.31,SSP5-8.5
2025-01-07,0.0,22.379,51.142,8.424,243.34,SSP5-8.5
2025-01-08,0.0,22.815,51.168,9.176,244.62,SSP5-8.5
2025-01-09,0.0,23.057,53.515,11.488,216.31,SSP5-8.5
2025-01-10,0.0,22.534,58.442,11.586,199.29,SSP5-8.5
2025-01-11,0.0,20.988,72.183,11.052,163.92,SSP5-8.5
2025-01-12,0.0,17.172,77.84,12.379,124.5,SSP5-8.5
2025-01-13,0.0,21.294,45.919,11.16,244.52,SSP5-8.5
2025-01-14,0.0,20.58,39.03,10.493,252.24,SSP5-8.5
2025-01-15,0.0,20.426,40.023,8.481,252.32,SSP5-8.5
2025-01-16,0.0,20.842,41.553,4.841,251.6,SSP5-8.5
2025-01-17,0.0,21.653,46.086,6.352,234.4,SSP5-8.5
2025-01-18,0.0,23.518,48.265,7.541,216.12,SSP5-8.5
2025-01-19,0.0,23.485,52.163,7.73,208.26,SSP5-8.5
2025-01-20,0.0,23.303,51.431,7.865,212.75,SSP5-8.5
2025-01-21,0.0,23.118,43.313,11.633,249.91,SSP5-8.5
2025-01-22,0.0,22.36,33.776,10.893,263.32,SSP5-8.5
2025-01-23,0.0,21.85,36.335,10.538,262.6,SSP5-8.5
2025-01-24,0.0,22.386,35.734,13.098,260.62,SSP5-8.5
2025-01-25,0.0,21.905,31.563,10.588,269.6,SSP5-8.5
2025-01-26,0.0,21.645,41.407,6.843,264.88,SSP5-8.5
2025-01-27,0.0,23.049,41.463,5.313,263.84,SSP5-8.5
2025-01-28,0.0,23.013,44.758,7.176,261.54,SSP5-8.5
2025-01-29,0.0,23.62,45.825,9.815,257.67,SSP5-8.5
2025-01-30,0.0,23.657,40.767,8.967,262.55,SSP5-8.5
2025-01-31,0.0,23.451,44.339,7.539,263.63,SSP5-8.5
2025-02-01,0.0,24.054,47.817,7.238,257.71,SSP5-8.5
2025-02-02,0.0,24.252,45.334,4.677,256.52,SSP5-8.5
2025-02-03,0.0,24.302,42.327,4.907,264.79,SSP5-8.5
2025-02-04,0.0,24.035,41.93,8.348,233.97,SSP5-8.5
2025-02-05,0.0,24.422,37.632,11.127,239.84,SSP5-8.5
2025-02-06,0.0,23.261,41.308,10.363,211.19,SSP5-8.5
2025-02-07,0.0,23.084,43.521,9.445,218.29,SSP5-8.5
2025-02-08,0.0,23.175,39.429,10.362,215.6,SSP5-8.5
2025-02-09,0.0,23.53,45.11,8.945,230.05,SSP5-8.5
2025-02-10,0.0,23.663,47.731,8.662,215.27,SSP5-8.5
2025-02-11,0.0,23.251,46.003,9.85,224.0,SSP5-8.5
2025-02-12,0.0,23.672,40.867,8.367,279.27,SSP5-8.5
2025-02-13,0.0,25.091,42.717,5.547,271.27,SSP5-8.5
2025-02-14,0.0,25.73,40.61,7.642,273.97,SSP5-8.5
2025-02-15,0.0,25.739,44.103,11.064,241.8,SSP5-8.5
2025-02-16,0.0,26.497,37.461,12.85,273.91,SSP5-8.5
2025-02-17,0.0,26.02,37.644,10.224,267.12,SSP5-8.5
2025-02-18,0.0,26.674,39.841,8.734,275.13,SSP5-8.5
2025-02-19,0.0,26.911,41.581,8.585,255.22,SSP5-8.5
2025-02-20,0.0,26.618,44.938,7.966,257.32,SSP5-8.5
2025-02-21,0.0,26.948,45.374,9.528,257.32,SSP5-8.5
2025-02-22,0.0,26.911,46.449,8.477,259.42,SSP5-8.5
2025-02-23,0.0,27.673,44.276,9.624,265.89,SSP5-8.5
2025-02-24,0.0,26.196,49.369,6.833,245.53,SSP5-8.5
2025-02-25,0.0,25.894,33.284,10.79,284.47,SSP5-8.5
2025-02-26,0.0,25.067,27.445,9.576,317.04,SSP5-8.5
2025-02-27,0.0,24.815,34.783,8.484,305.71,SSP5-8.5
2025-02-28,0.0,26.602,36.724,9.795,291.66,SSP5-8.5
2025-03-01,0.0,27.267,37.106,8.664,261.3,SSP5-8.5
2025-03-02,0.0,27.623,34.701,8.836,247.22,SSP5-8.5
2025-03-03,0.0,27.872,30.874,10.787,277.5,SSP5-8.5
2025-03-04,0.0,27.824,33.623,10.661,247.51,SSP5-8.5
2025-03-05,0.0,28.196,34.472,8.017,257.91,SSP5-8.5
2025-03-06,0.0,27.791,32.759,5.167,300.39,SSP5-8.5
2025-03-07,0.0,28.321,33.633,10.603,285.16,SSP5-8.5
2025-03-08,0.0,28.442,32.592,11.63,278.0,SSP5-8.5
2025-03-09,0.0,27.817,27.753,9.838,308.48,SSP5-8.5
2025-03-10,0.0,27.594,30.812,8.885,296.01,SSP5-8.5
2025-03-11,0.0082,28.983,35.771,7.109,285.8,SSP5-8.5
2025-03-12,0.0406,25.962,50.155,6.851,190.02,SSP5-8.5
2025-03-13,0.0,27.121,40.86,10.363,233.19,SSP5-8.5
2025-03-14,0.0,26.502,24.458,12.559,319.17,SSP5-8.5
2025-03-15,0.0,26.254,20.355,11.506,348.33,SSP5-8.5
2025-03-16,0.0,26.247,20.241,11.422,337.49,SSP5-8.5
2025-03-17,0.0,27.033,28.984,11.225,321.01,SSP5-8.5
2025-03-18,0.3848,27.192,50.086,12.172,252.96,SSP5-8.5
2025-03-19,7.2459,26.037,61.111,7.613,227.84,SSP5-8.5
2025-03-20,0.06,27.465,48.322,7.978,254.02,SSP5-8.5
2025-03-21,0.1153,26.499,48.56,9.573,209.05,SSP5-8.5
2025-03-22,0.1547,24.441,66.268,9.986,200.66,SSP5-8.5
2025-03-23,0.0,28.347,43.651,5.372,292.61,SSP5-8.5
2025-03-24,0.0,28.504,36.08,5.291,324.43,SSP5-8.5
2025-03-25,0.0,28.266,30.811,5.141,327.86,SSP5-8.5
2025-03-26,0.0,28.241,29.195,4.362,324.88,SSP5-8.5
2025-03-27,0.0,28.76,29.713,4.246,324.26,SSP5-8.5
2025-03-28,0.0,29.088,30.852,4.896,320.75,SSP5-8.5
2025-03-29,0.0,29.446,28.998,4.262,320.12,SSP5-8.5
2025-03-30,0.0,28.827,26.076,5.663,332.74,SSP5-8.5
2025-03-31,0.0,28.376,25.131,4.484,333.9,SSP5-8.5
2025-04-01,0.0,29.308,25.257,4.66,321.26,SSP5-8.5
2025-04-02,0.0,30.078,25.672,7.009,298.43,SSP5-8.5
2025-04-03,0.0,30.684,23.843,12.921,294.53,SSP5-8.5
2025-04-04,0.0,30.407,24.72,8.877,322.87,SSP5-8.5
2025-04-05,0.0,30.645,26.409,4.082,303.82,SSP5-8.5
2025-04-06,0.0,30.095,25.175,4.283,302.9,SSP5-8.5
2025-04-07,0.0,30.539,25.629,4.874,280.9,SSP5-8.5
2025-04-08,0.0,30.683,25.301,3.976,290.94,SSP5-8.5
2025-04-09,0.0,30.577,25.091,6.482,310.21,SSP5-8.5
2025-04-10,0.0,31.35,25.216,7.018,279.43,SSP5-8.5
2025-04-11,0.0,31.219,23.771,5.336,315.19,SSP5-8.5
2025-04-12,0.0,30.945,24.397,5.74,306.82,SSP5-8.5
2025-04-13,0.0,30.971,25.165,7.587,317.18,SSP5-8.5
2025-04-14,0.0,31.114,28.512,8.711,240.5,SSP5-8.5
2025-04-15,0.0,30.749,29.086,6.106,247.06,SSP5-8.5
2025-04-16,0.0,30.787,25.646,6.192,326.1,SSP5-8.5
2025-04-17,0.0,31.436,26.155,6.227,314.55,SSP5-8.5
2025-04-18,0.0,31.929,27.349,7.465,317.75,SSP5-8.5
2025-04-19,0.0,31.803,24.624,5.954,316.3,SSP5-8.5
2025-04-20,0.0,31.688,23.036,6.476,330.48,SSP5-8.5
2025-04-21,0.0,31.521,23.409,6.828,338.57,SSP5-8.5
2025-04-22,0.0,31.879,24.534,9.267,334.71,SSP5-8.5
2025-04-23,0.0,32.391,26.19,11.689,325.77,SSP5-8.5
2025-04-24,0.0,32.412,25.872,10.121,327.08,SSP5-8.5
2025-04-25,0.0,32.397,25.6,8.418,290.95,SSP5-8.5
2025-04-26,0.0,32.735,23.117,7.427,306.89,SSP5-8.5
2025-04-27,0.0,32.628,20.174,10.608,334.51,SSP5-8.5
2025-04-28,0.0,33.42,21.101,11.285,293.89,SSP5-8.5
2025-04-29,0.0,32.558,21.996,10.382,263.23,SSP5-8.5
2025-04-30,0.0,32.201,21.059,6.876,332.26,SSP5-8.5
2025-05-01,0.0034,33.53,25.771,7.744,295.43,SSP5-8.5
2025-05-02,0.0,33.397,26.888,9.807,303.28,SSP5-8.5
2025-05-03,0.0017,33.028,24.587,8.721,314.95,SSP5-8.5
2025-05-04,0.0003,33.921,22.686,8.193,314.18,SSP5-8.5
2025-05-05,0.1235,33.387,27.373,11.972,299.51,SSP5-8.5
2025-05-06,0.0,33.324,25.564,11.131,333.71,SSP5-8.5
2025-05-07,0.0,33.814,23.651,9.621,336.64,SSP5-8.5
2025-05-08,0.0073,33.842,24.266,8.873,330.55,SSP5-8.5
2025-05-09,0.0803,33.881,23.816,9.473,307.56,SSP5-8.5
2025-05-10,0.0343,33.94,25.006,8.744,308.99,SSP5-8.5
2025-05-11,0.0,33.746,26.921,7.274,244.36,SSP5-8.5
2025-05-12,0.0,33.181,21.682,7.086,329.62,SSP5-8.5
2025-05-13,0.0,32.925,20.994,9.192,343.23,SSP5-8.5
2025-05-14,0.0,33.907,21.007,7.598,327.42,SSP5-8.5
2025-05-15,0.1871,33.954,23.79,8.231,310.56,SSP5-8.5
2025-05-16,0.0,34.128,23.265,7.513,333.49,SSP5-8.5
2025-05-17,0.0,33.54,19.689,6.56,338.42,SSP5-8.5
2025-05-18,0.0057,34.574,20.179,7.289,320.68,SSP5-8.5
2025-05-19,0.0041,33.421,25.53,7.425,229.79,SSP5-8.5
2025-05-20,0.0,34.386,24.365,6.896,281.35,SSP5-8.5
2025-05-21,0.0024,34.588,21.955,8.148,296.67,SSP5-8.5
2025-05-22,0.0114,34.474,23.449,8.297,305.11,SSP5-8.5
2025-05-23,0.0012,33.839,28.31,7.044,251.05,SSP5-8.5
2025-05-24,0.0,34.323,26.402,7.346,284.67,SSP5-8.5
2025-05-25,0.1398,34.366,27.394,7.128,282.73,SSP5-8.5
2025-05-26,0.067,31.821,37.987,7.911,239.9,SSP5-8.5
2025-05-27,0.0,33.796,29.164,8.183,309.13,SSP5-8.5
2025-05-28,0.3159,34.415,29.774,8.371,299.21,SSP5-8.5
2025-05-29,0.0,34.493,27.505,11.361,300.88,SSP5-8.5
2025-05-30,0.0265,34.822,26.811,10.06,316.5,SSP5-8.5
2025-05-31,0.2082,34.276,30.462,8.291,302.42,SSP5-8.5
2025-06-01,0.0142,30.253,59.95,10.616,222.42,SSP5-8.5
2025-06-02,1.0983,34.085,37.522,10.656,301.43,SSP5-8.5
2025-06-03,0.0042,30.716,53.837,13.804,233.85,SSP5-8.5
2025-06-04,0.0,30.133,54.704,12.324,205.25,SSP5-8.5
2025-06-05,1.8103,33.892,46.296,14.389,282.42,SSP5-8.5
2025-06-06,0.0,32.193,50.04,15.166,287.56,SSP5-8.5
2025-06-07,0.0,33.978,37.472,11.79,312.21,SSP5-8.5
2025-06-08,0.0521,34.893,40.517,10.73,297.96,SSP5-8.5
2025-06-09,0.0,34.613,37.754,10.575,300.43,SSP5-8.5
2025-06-10,0.0,35.754,27.188,15.567,317.56,SSP5-8.5
2025-06-11,0.0,36.192,26.039,16.626,316.59,SSP5-8.5
2025-06-12,0.0,36.078,24.947,15.524,324.96,SSP5-8.5
2025-06-13,0.0,36.596,27.172,12.617,290.96,SSP5-8.5
2025-06-14,1.7832,35.776,35.429,13.172,292.18,SSP5-8.5
2025-06-15,0.7822,30.763,48.827,11.582,229.18,SSP5-8.5
2025-06-16,5.1024,30.216,58.399,9.374,218.42,SSP5-8.5
2025-06-17,18.2013,32.68,56.241,12.54,292.14,SSP5-8.5
2025-06-18,18.7587,27.161,87.729,10.665,185.43,SSP5-8.5
2025-06-19,9.6786,26.895,86.109,9.419,181.47,SSP5-8.5
2025-06-20,0.0757,29.463,65.09,13.988,298.57,SSP5-8.5
2025-06-21,0.0,29.791,63.292,15.064,283.58,SSP5-8.5
2025-06-22,0.0,30.223,60.702,14.807,302.64,SSP5-8.5
2025-06-23,0.0,30.813,59.296,16.03,295.93,SSP5-8.5
2025-06-24,1.4205,30.442,62.423,17.074,275.74,SSP5-8.5
2025-06-25,21.2769,27.181,87.017,13.251,172.8,SSP5-8.5
2025-06-26,4.5158,27.695,82.567,15.173,220.64,SSP5-8.5
2025-06-27,0.4691,27.861,80.317,15.832,230.62,SSP5-8.5
2025-06-28,0.2939,28.109,79.693,12.011,227.67,SSP5-8.5
2025-06-29,0.0845,28.724,74.995,12.66,266.92,SSP5-8.5
2025-06-30,3.8714,28.267,81.807,9.677,248.59,SSP5-8.5
2025-07-01,23.7761,26.863,87.462,7.339,231.53,SSP5-8.5
2025-07-02,28.0559,26.545,89.25,10.505,229.25,SSP5-8.5
2025-07-03,27.2473,26.147,93.008,10.38,178.67,SSP5-8.5
2025-07-04,27.7544,26.055,92.356,9.878,179.59,SSP5-8.5
2025-07-05,22.7515,26.022,93.322,10.867,164.09,SSP5-8.5
2025-07-06,10.9345,26.115,90.096,14.25,200.02,SSP5-8.5
2025-07-07,0.163,27.046,84.548,14.962,229.21,SSP5-8.5
2025-07-08,0.3447,26.876,82.906,16.172,230.97,SSP5-8.5
2025-07-09,16.0867,26.343,87.835,13.988,214.65,SSP5-8.5
2025-07-10,4.9515,26.063,89.072,12.88,211.64,SSP5-8.5
2025-07-11,16.094,26.295,88.583,13.174,227.29,SSP5-8.5
2025-07-12,9.9081,25.741,92.715,10.689,187.71,SSP5-8.5
2025-07-13,4.7486,27.645,85.575,10.85,258.53,SSP5-8.5
2025-07-14,24.1345,26.68,88.392,13.263,245.17,SSP5-8.5
2025-07-15,39.5361,25.812,94.589,16.11,146.12,SSP5-8.5
2025-07-16,4.0784,26.165,91.156,13.084,209.85,SSP5-8.5
2025-07-17,21.7472,26.708,89.902,12.399,227.41,SSP5-8.5
2025-07-18,7.4394,26.162,91.169,9.41,200.6,SSP5-8.5
2025-07-19,9.5274,25.915,91.795,8.744,201.12,SSP5-8.5
2025-07-20,0.4536,26.52,88.343,10.716,229.03,SSP5-8.5
2025-07-21,9.3603,25.627,91.881,12.379,186.25,SSP5-8.5
2025-07-22,14.6204,25.583,92.534,11.185,180.76,SSP5-8.5
2025-07-23,14.7457,25.597,93.689,8.689,184.19,SSP5-8.5
2025-07-24,0.1947,26.11,91.822,7.602,216.77,SSP5-8.5
2025-07-25,14.0734,26.271,92.223,6.291,215.14,SSP5-8.5
2025-07-26,5.114,26.761,90.121,6.273,252.09,SSP5-8.5
2025-07-27,24.5742,26.258,92.039,7.885,222.46,SSP5-8.5
2025-07-28,21.116,25.994,92.002,8.276,218.23,SSP5-8.5
2025-07-29,25.7806,26.086,92.057,9.211,217.6,SSP5-8.5
2025-07-30,24.6828,25.991,92.077,11.166,216.35,SSP5-8.5
2025-07-31,10.4691,25.807,93.216,8.538,204.93,SSP5-8.5
2025-08-01,9.5965,26.081,92.283,7.079,217.13,SSP5-8.5
2025-08-02,2.3626,26.648,89.66,9.686,239.73,SSP5-8.5
2025-08-03,22.6957,26.278,90.321,11.797,220.3,SSP5-8.5
2025-08-04,0.0151,26.385,86.212,14.797,231.86,SSP5-8.5
2025-08-05,0.304,26.65,84.542,14.917,251.67,SSP5-8.5
2025-08-06,15.6324,25.805,91.754,11.407,197.2,SSP5-8.5
2025-08-07,0.1025,25.892,90.565,11.715,209.82,SSP5-8.5
2025-08-08,2.178,26.353,89.176,12.441,222.41,SSP5-8.5
2025-08-09,29.6871,25.901,91.473,13.636,211.01,SSP5-8.5
2025-08-10,36.6214,25.301,95.44,13.553,125.28,SSP5-8.5
2025-08-11,0.0,25.826,91.083,12.494,209.02,SSP5-8.5
2025-08-12,0.242,26.418,88.845,12.741,233.79,SSP5-8.5
2025-08-13,9.3201,25.603,92.104,14.142,184.46,SSP5-8.5
2025-08-14,2.0081,25.946,89.642,14.014,213.51,SSP5-8.5
2025-08-15,3.94,25.89,91.443,11.463,203.56,SSP5-8.5
2025-08-16,6.7903,25.64,91.135,15.185,195.48,SSP5-8.5
2025-08-17,0.702,25.623,92.723,10.18,195.35,SSP5-8.5
2025-08-18,0.0,26.115,89.936,10.106,223.22,SSP5-8.5
2025-08-19,0.8946,26.004,91.687,9.798,205.98,SSP5-8.5
2025-08-20,25.7138,26.074,91.689,10.404,220.5,SSP5-8.5
2025-08-21,25.2352,25.554,94.242,8.216,161.1,SSP5-8.5
2025-08-22,0.3515,25.792,91.838,11.066,213.64,SSP5-8.5
2025-08-23,0.0,25.713,91.71,11.487,209.24,SSP5-8.5
2025-08-24,0.0,26.012,89.604,11.964,220.55,SSP5-8.5
2025-08-25,0.8587,25.765,90.356,11.774,212.16,SSP5-8.5
2025-08-26,0.0,26.132,88.871,12.936,226.54,SSP5-8.5
2025-08-27,27.575,25.469,92.633,12.876,194.14,SSP5-8.5
2025-08-28,0.0063,25.849,90.348,13.554,215.21,SSP5-8.5
2025-08-29,5.853,25.735,90.58,13.94,216.16,SSP5-8.5
2025-08-30,0.0,25.594,90.16,15.124,203.62,SSP5-8.5
2025-08-31,0.0,25.995,86.941,16.547,224.06,SSP5-8.5
2025-09-01,21.365,25.494,92.486,14.163,180.93,SSP5-8.5
2025-09-02,0.0913,26.022,88.643,11.892,224.85,SSP5-8.5
2025-09-03,0.331,26.027,88.654,13.429,224.53,SSP5-8.5
2025-09-04,0.0,26.186,88.522,12.066,229.51,SSP5-8.5
2025-09-05,0.0,26.337,85.711,10.303,244.8,SSP5-8.5
2025-09-06,0.0,26.353,86.225,11.034,235.52,SSP5-8.5
2025-09-07,0.0,26.79,82.049,10.446,269.89,SSP5-8.5
2025-09-08,0.0,26.67,82.632,10.17,250.29,SSP5-8.5
2025-09-09,0.0,26.695,81.794,11.544,251.55,SSP5-8.5
2025-09-10,0.0,26.732,81.364,12.1,263.16,SSP5-8.5
2025-09-11,9.3583,25.757,90.814,12.492,198.82,SSP5-8.5
2025-09-12,34.4942,25.303,92.961,14.043,176.97,SSP5-8.5
2025-09-13,15.1258,25.473,94.648,7.071,177.05,SSP5-8.5
2025-09-14,0.0165,25.676,94.024,5.323,205.16,SSP5-8.5
2025-09-15,5.2359,26.16,90.883,5.191,224.8,SSP5-8.5
2025-09-16,7.2688,26.522,89.438,5.368,237.13,SSP5-8.5
2025-09-17,0.0,26.534,86.387,6.427,261.3,SSP5-8.5
2025-09-18,0.0,26.807,84.971,4.199,261.34,SSP5-8.5
2025-09-19,0.0,26.82,87.113,4.15,242.76,SSP5-8.5
2025-09-20,16.0795,26.468,91.054,4.113,219.89,SSP5-8.5
2025-09-21,15.055,26.221,92.183,4.151,222.45,SSP5-8.5
2025-09-22,7.545,26.469,90.9,3.336,228.8,SSP5-8.5
2025-09-23,0.0,26.962,87.152,3.726,248.18,SSP5-8.5
2025-09-24,0.0,27.591,81.841,5.518,270.69,SSP5-8.5
2025-09-25,0.0,27.406,82.05,4.843,238.65,SSP5-8.5
2025-09-26,0.0,27.572,80.311,4.867,250.01,SSP5-8.5
2025-09-27,0.0,27.38,79.306,5.152,256.96,SSP5-8.5
2025-09-28,0.0,27.312,76.882,6.513,265.08,SSP5-8.5
2025-09-29,0.0,26.941,76.025,8.672,258.22,SSP5-8.5
2025-09-30,0.0,26.612,76.213,8.586,257.5,SSP5-8.5
2025-10-01,0.0,26.468,68.14,9.122,286.4,SSP5-8.5
2025-10-02,0.0,25.959,73.358,11.128,284.4,SSP5-8.5
2025-10-03,0.0,25.897,72.982,9.482,279.53,SSP5-8.5
2025-10-04,0.0,25.447,73.928,7.664,292.92,SSP5-8.5
2025-10-05,0.0,25.421,68.675,6.361,287.13,SSP5-8.5
2025-10-06,0.0,24.815,71.753,5.251,237.1,SSP5-8.5
2025-10-07,0.0,25.066,66.459,4.309,286.84,SSP5-8.5
2025-10-08,0.0,25.568,64.625,4.156,285.13,SSP5-8.5
2025-10-09,0.0,25.392,69.862,5.601,248.46,SSP5-8.5
2025-10-10,0.0,26.464,68.161,6.35,256.73,SSP5-8.5
2025-10-11,0.0,25.394,80.992,6.007,218.3,SSP5-8.5
2025-10-12,0.0,26.131,66.551,4.418,274.02,SSP5-8.5
2025-10-13,0.0,26.146,81.169,4.089,247.67,SSP5-8.5
2025-10-14,0.0082,25.668,84.433,5.446,213.78,SSP5-8.5
2025-10-15,0.0,25.687,82.529,5.35,249.06,SSP5-8.5
2025-10-16,0.0082,25.9,76.877,4.765,260.81,SSP5-8.5
2025-10-17,0.0,25.674,76.155,5.639,254.56,SSP5-8.5
2025-10-18,0.0,25.043,81.899,5.7,215.91,SSP5-8.5
2025-10-19,0.0,25.114,76.319,6.032,255.85,SSP5-8.5
2025-10-20,0.0,25.128,76.919,6.827,259.21,SSP5-8.5
2025-10-21,0.0,25.294,72.984,7.13,263.71,SSP5-8.5
2025-10-22,0.0,25.22,79.109,7.712,251.91,SSP5-8.5
2025-10-23,0.0,25.181,72.615,5.762,253.85,SSP5-8.5
2025-10-24,0.0,25.205,73.226,5.15,245.03,SSP5-8.5
2025-10-25,0.0,25.177,76.871,4.431,226.38,SSP5-8.5
2025-10-26,0.0,25.191,73.429,4.492,229.27,SSP5-8.5
2025-10-27,0.0,25.266,68.882,4.269,216.86,SSP5-8.5
2025-10-28,0.0,25.309,63.398,4.717,233.73,SSP5-8.5
2025-10-29,0.0,25.036,67.492,3.235,214.34,SSP5-8.5
2025-10-30,0.0,25.712,67.613,6.678,232.0,SSP5-8.5
2025-10-31,0.0,25.176,67.798,8.512,231.48,SSP5-8.5
2025-11-01,0.0,23.949,63.763,6.618,258.05,SSP5-8.5
2025-11-02,0.0,23.805,65.216,7.127,259.16,SSP5-8.5
2025-11-03,0.0,23.808,66.008,7.328,243.99,SSP5-8.5
2025-11-04,0.0,24.311,75.318,7.883,224.39,SSP5-8.5
2025-11-05,0.0,24.313,73.74,8.36,240.28,SSP5-8.5
2025-11-06,0.0,24.181,75.452,7.193,228.34,SSP5-8.5
2025-11-07,0.0,24.12,78.774,6.209,210.97,SSP5-8.5
2025-11-08,0.0,24.328,75.611,5.482,206.63,SSP5-8.5
2025-11-09,0.0,23.956,68.481,6.315,211.17,SSP5-8.5
2025-11-10,0.0,23.625,76.34,5.291,199.08,SSP5-8.5
2025-11-11,0.0,23.902,78.207,5.461,199.91,SSP5-8.5
2025-11-12,0.0,24.166,64.817,5.115,235.67,SSP5-8.5
2025-11-13,0.0,24.161,63.228,5.464,238.4,SSP5-8.5
2025-11-14,0.0,24.168,65.702,6.22,230.38,SSP5-8.5
2025-11-15,0.0,24.873,62.986,6.761,220.24,SSP5-8.5
2025-11-16,0.0,24.805,61.792,8.222,215.08,SSP5-8.5
2025-11-17,0.0259,23.006,81.289,8.1,155.44,SSP5-8.5
2025-11-18,0.0032,24.452,67.661,6.76,201.04,SSP5-8.5
2025-11-19,0.0,23.963,72.779,7.391,204.19,SSP5-8.5
2025-11-20,0.0,23.569,60.346,5.41,232.67,SSP5-8.5
2025-11-21,0.0,22.848,51.782,8.035,244.88,SSP5-8.5
2025-11-22,0.0,22.621,52.407,7.673,241.85,SSP5-8.5
2025-11-23,0.0,22.406,48.547,9.015,246.61,SSP5-8.5
2025-11-24,0.0,21.9,46.541,8.992,249.55,SSP5-8.5
2025-11-25,0.0,21.538,51.965,7.706,240.45,SSP5-8.5
2025-11-26,0.0,21.71,50.019,8.859,240.33,SSP5-8.5
2025-11-27,0.0,21.841,48.816,9.415,220.57,SSP5-8.5
2025-11-28,0.0,21.483,45.499,8.904,210.25,SSP5-8.5
2025-11-29,0.0,21.449,45.895,9.491,220.11,SSP5-8.5
2025-11-30,0.0,21.29,41.604,10.554,238.57,SSP5-8.5
2025-12-01,0.0,20.757,44.707,8.269,218.12,SSP5-8.5
2025-12-02,0.0,20.455,42.077,8.87,240.53,SSP5-8.5
2025-12-03,0.0,20.478,39.979,9.27,249.37,SSP5-8.5
2025-12-04,0.0,21.259,55.072,10.926,197.12,SSP5-8.5
2025-12-05,0.0,22.391,48.792,9.61,232.14,SSP5-8.5
2025-12-06,0.0,21.708,42.373,9.014,244.38,SSP5-8.5
2025-12-07,0.0,21.243,50.174,8.1,245.29,SSP5-8.5
2025-12-08,0.0,22.617,61.585,8.178,217.21,SSP5-8.5
2025-12-09,0.0,22.228,63.721,11.047,193.85,SSP5-8.5
2025-12-10,0.0,22.693,51.611,11.704,211.2,SSP5-8.5
2025-12-11,0.0,22.084,43.096,13.78,186.06,SSP5-8.5
2025-12-12,0.0,21.95,62.201,11.88,179.72,SSP5-8.5
2025-12-13,0.0,22.117,67.088,12.081,188.34,SSP5-8.5
2025-12-14,0.0,21.96,58.184,10.572,210.83,SSP5-8.5
2025-12-15,0.0,21.16,45.847,9.884,167.98,SSP5-8.5
2025-12-16,0.0,21.926,42.318,7.799,203.88,SSP5-8.5
2025-12-17,0.0,21.363,48.303,7.364,153.94,SSP5-8.5
2025-12-18,0.0,21.371,33.872,9.614,237.69,SSP5-8.5
2025-12-19,0.0,20.98,36.315,9.942,247.39,SSP5-8.5
2025-12-20,0.0,20.342,39.425,7.992,244.84,SSP5-8.5
2025-12-21,0.0,20.306,41.106,6.696,241.42,SSP5-8.5
2025-12-22,0.0,20.561,41.271,6.778,240.23,SSP5-8.5
2025-12-23,0.0,20.949,46.527,6.789,238.55,SSP5-8.5
2025-12-24,0.0,21.755,49.999,6.092,226.31,SSP5-8.5
2025-12-25,0.0,22.247,50.704,8.406,209.42,SSP5-8.5
2025-12-26,0.0,22.51,50.949,7.029,230.68,SSP5-8.5
2025-12-27,0.0,23.319,59.806,7.871,216.54,SSP5-8.5
2025-12-28,0.0,23.854,61.766,8.476,203.21,SSP5-8.5
2025-12-29,0.0,23.705,60.837,6.12,207.37,SSP5-8.5
2025-12-30,0.0,23.504,62.022,8.767,213.71,SSP5-8.5
2025-12-31,0.0,23.624,56.662,10.595,222.44,SSP5-8.5
2026-01-01,0.0,22.953,55.701,10.664,237.87,SSP5-8.5
2026-01-02,0.0,23.023,52.388,10.01,237.53,SSP5-8.5
2026-01-03,0.0,21.552,68.315,7.038,180.39,SSP5-8.5
2026-01-04,0.0,22.601,55.26,8.435,210.59,SSP5-8.5
2026-01-05,0.0,22.827,54.281,9.705,226.53,SSP5-8.5
2026-01-06,0.0,22.747,59.697,8.343,188.95,SSP5-8.5
2026-01-07,0.0,21.585,58.53,9.509,181.42,SSP5-8.5
2026-01-08,0.0,22.673,48.85,11.795,237.19,SSP5-8.5
2026-01-09,0.0,21.873,41.254,10.677,249.04,SSP5-8.5
2026-01-10,0.0,21.532,40.595,8.326,254.67,SSP5-8.5
2026-01-11,0.0,21.809,45.083,5.897,250.3,SSP5-8.5
2026-01-12,0.0,22.398,45.61,4.359,248.04,SSP5-8.5
2026-01-13,0.0,22.877,45.248,6.044,249.13,SSP5-8.5
2026-01-14,0.0,23.157,43.825,6.194,249.41,SSP5-8.5
2026-01-15,0.0,23.096,44.479,4.412,241.19,SSP5-8.5
2026-01-16,0.0,23.371,45.208,6.71,247.86,SSP5-8.5
2026-01-17,0.0,23.885,47.261,6.865,244.32,SSP5-8.5
2026-01-18,0.0,24.017,45.15,8.986,236.05,SSP5-8.5
2026-01-19,0.0,24.106,43.358,10.683,237.94,SSP5-8.5
2026-01-20,0.0,23.875,47.652,10.81,234.51,SSP5-8.5
2026-01-21,0.0,24.151,48.921,9.878,246.54,SSP5-8.5
2026-01-22,0.0,23.608,53.516,8.472,234.26,SSP5-8.5
2026-01-23,0.0,24.586,53.512,10.108,210.79,SSP5-8.5
2026-01-24,0.0,24.311,48.44,6.311,248.75,SSP5-8.5
2026-01-25,0.0,24.088,45.623,8.274,248.95,SSP5-8.5
2026-01-26,0.0,24.122,43.423,11.321,249.7,SSP5-8.5
2026-01-27,0.0,23.68,41.074,10.232,257.52,SSP5-8.5
2026-01-28,0.0,23.091,39.838,11.122,254.71,SSP5-8.5
2026-01-29,0.0,22.677,35.87,10.026,268.86,SSP5-8.5
2026-01-30,0.0,22.908,35.134,9.006,258.52,SSP5-8.5
2026-01-31,0.0,22.888,40.928,6.764,251.89,SSP5-8.5
2026-02-01,0.0,23.48,45.807,6.851,258.94,SSP5-8.5
2026-02-02,0.0,23.91,49.355,7.978,250.51,SSP5-8.5
2026-02-03,0.0,24.445,46.539,8.463,253.32,SSP5-8.5
2026-02-04,0.0,24.856,43.499,6.114,258.81,SSP5-8.5
2026-02-05,0.0,24.923,41.05,8.598,265.46,SSP5-8.5
2026-02-06,0.0,24.883,39.823,4.702,269.37,SSP5-8.5
2026-02-07,0.0,25.404,42.408,8.907,268.69,SSP5-8.5
2026-02-08,0.0,25.484,41.211,4.906,267.53,SSP5-8.5
2026-02-09,0.0,25.648,40.254,4.374,264.57,SSP5-8.5
2026-02-10,0.0,26.283,44.218,5.879,265.53,SSP5-8.5
2026-02-11,0.0,26.317,42.099,9.412,237.86,SSP5-8.5
2026-02-12,0.0,26.294,42.316,7.732,248.7,SSP5-8.5
2026-02-13,0.0,26.244,46.308,8.906,265.15,SSP5-8.5
2026-02-14,0.0,26.137,38.941,8.981,264.73,SSP5-8.5
2026-02-15,0.0,25.882,36.726,11.339,271.31,SSP5-8.5
2026-02-16,0.0,25.911,36.196,15.519,268.78,SSP5-8.5
2026-02-17,0.0,25.648,44.256,12.965,261.41,SSP5-8.5
2026-02-18,0.0093,25.152,58.498,10.074,221.19,SSP5-8.5
2026-02-19,0.0002,25.681,58.361,7.059,218.62,SSP5-8.5
2026-02-20,0.0,25.83,59.302,10.694,215.34,SSP5-8.5
2026-02-21,0.0,25.345,58.394,8.724,205.64,SSP5-8.5
2026-02-22,0.0002,26.741,50.714,8.084,266.13,SSP5-8.5
2026-02-23,0.0094,25.254,57.188,7.96,233.3,SSP5-8.5
2026-02-24,0.0071,25.605,61.143,6.366,230.4,SSP5-8.5
2026-02-25,0.0,23.903,63.864,10.48,185.73,SSP5-8.5
2026-02-26,0.0,26.05,44.752,8.214,282.01,SSP5-8.5
2026-02-27,0.0,26.946,41.638,13.25,267.87,SSP5-8.5
2026-02-28,0.0,27.221,36.811,14.161,267.36,SSP5-8.5
2026-03-01,0.0,25.519,43.137,11.138,211.95,SSP5-8.5
2026-03-02,0.0,27.011,40.07,9.711,259.99,SSP5-8.5
2026-03-03,0.0,27.845,35.19,8.688,294.17,SSP5-8.5
2026-03-04,0.0,27.733,38.273,6.74,274.38,SSP5-8.5
2026-03-05,0.0107,27.268,51.26,10.093,242.27,SSP5-8.5
2026-03-06,0.1178,23.843,68.749,9.376,179.12,SSP5-8.5
2026-03-07,0.2939,26.038,60.931,6.981,236.31,SSP5-8.5
2026-03-08,0.0006,27.076,50.916,4.984,243.19,SSP5-8.5
2026-03-09,0.0,27.958,39.98,5.366,302.36,SSP5-8.5
2026-03-10,0.0,27.903,35.437,4.778,305.44,SSP5-8.5
2026-03-11,0.0,28.088,32.921,6.217,300.51,SSP5-8.5
2026-03-12,0.0,28.465,30.429,5.763,306.92,SSP5-8.5
2026-03-13,0.0,28.465,28.545,5.224,311.87,SSP5-8.5
2026-03-14,0.0,28.344,28.386,5.267,310.21,SSP5-8.5
2026-03-15,0.0,28.275,28.671,4.728,310.83,SSP5-8.5
2026-03-16,0.0,28.777,29.847,5.171,305.88,SSP5-8.5
2026-03-17,0.0,29.094,29.065,5.219,307.16,SSP5-8.5
2026-03-18,0.0,28.694,26.889,5.109,325.74,SSP5-8.5
2026-03-19,0.0,28.55,26.567,4.959,324.22,SSP5-8.5
2026-03-20,0.0,28.995,29.343,6.171,317.36,SSP5-8.5
2026-03-21,0.0,29.65,30.424,9.762,299.51,SSP5-8.5
2026-03-22,0.0,29.628,32.267,7.925,303.15,SSP5-8.5
2026-03-23,0.0,29.854,31.783,6.77,284.26,SSP5-8.5
2026-03-24,0.0,30.105,32.112,10.011,300.61,SSP5-8.5
2026-03-25,0.0,29.594,34.168,9.072,247.55,SSP5-8.5
2026-03-26,0.0,30.592,30.866,9.941,291.85,SSP5-8.5
2026-03-27,0.0,30.717,28.133,8.354,305.58,SSP5-8.5
2026-03-28,0.0,30.452,29.491,8.057,302.06,SSP5-8.5
2026-03-29,0.0,30.825,30.641,10.254,306.54,SSP5-8.5
2026-03-30,0.0036,30.824,31.037,10.051,292.39,SSP5-8.5
2026-03-31,0.0,30.933,30.722,7.207,294.55,SSP5-8.5
2026-04-01,0.0,31.037,32.707,5.627,272.31,SSP5-8.5
2026-04-02,0.0473,30.554,34.367,7.847,230.43,SSP5-8.5
2026-04-03,0.5661,31.079,35.26,10.178,277.27,SSP5-8.5
2026-04-04,0.0755,31.753,31.876,8.247,284.44,SSP5-8.5
2026-04-05,0.0,31.608,29.56,6.04,330.65,SSP5-8.5
2026-04-06,0.0,31.352,28.344,4.87,324.87,SSP5-8.5
2026-04-07,0.0,30.876,27.273,5.75,336.81,SSP5-8.5
2026-04-08,0.0,31.27,30.977,10.132,325.18,SSP5-8.5
2026-04-09,0.0,31.703,29.847,9.753,318.96,SSP5-8.5
2026-04-10,0.0044,32.02,27.525,8.614,308.07,SSP5-8.5
2026-04-11,0.0,32.326,27.91,7.985,299.83,SSP5-8.5
2026-04-12,0.0,31.586,28.755,6.946,282.47,SSP5-8.5
2026-04-13,0.0,31.144,26.404,7.864,330.13,SSP5-8.5
2026-04-14,0.0,31.602,27.148,7.225,330.15,SSP5-8.5
2026-04-15,0.0,31.846,26.75,8.242,319.4,SSP5-8.5
2026-04-16,0.0,32.655,25.678,9.849,314.47,SSP5-8.5
2026-04-17,0.0854,33.184,26.715,9.458,298.5,SSP5-8.5
2026-04-18,0.1202,30.975,31.462,6.704,232.6,SSP5-8.5
2026-04-19,0.0152,32.282,27.768,5.446,306.37,SSP5-8.5
2026-04-20,0.0177,32.731,27.732,5.41,298.7,SSP5-8.5
2026-04-21,0.0489,30.711,34.514,5.897,236.5,SSP5-8.5
2026-04-22,0.0015,30.62,39.984,5.247,232.3,SSP5-8.5
2026-04-23,0.0328,31.44,33.008,6.867,262.91,SSP5-8.5
2026-04-24,0.102,32.579,28.534,8.207,299.31,SSP5-8.5
2026-04-25,0.2115,32.504,27.229,8.434,319.43,SSP5-8.5
2026-04-26,0.4121,32.266,31.359,7.031,300.85,SSP5-8.5
2026-04-27,4.2253,31.891,40.183,7.496,263.98,SSP5-8.5
2026-04-28,0.0327,31.383,37.76,7.239,272.7,SSP5-8.5
2026-04-29,0.0035,32.636,30.19,7.524,286.21,SSP5-8.5
2026-04-30,0.0196,32.614,28.929,8.996,318.79,SSP5-8.5
2026-05-01,0.2139,33.647,30.403,8.502,309.36,SSP5-8.5
2026-05-02,0.1115,34.029,29.821,6.775,289.11,SSP5-8.5
2026-05-03,0.0,33.546,31.012,6.574,262.82,SSP5-8.5
2026-05-04,0.0485,33.806,27.658,7.908,315.44,SSP5-8.5
2026-05-05,0.0413,34.398,27.799,7.23,275.75,SSP5-8.5
2026-05-06,0.4558,33.308,33.447,6.141,262.6,SSP5-8.5
2026-05-07,0.4066,33.805,30.776,5.435,302.28,SSP5-8.5
2026-05-08,0.9904,33.483,34.649,8.08,289.05,SSP5-8.5
2026-05-09,0.0028,33.983,27.784,11.464,324.12,SSP5-8.5
2026-05-10,0.0,34.559,23.486,11.383,340.75,SSP5-8.5
2026-05-11,0.0009,34.62,22.793,9.643,323.59,SSP5-8.5
2026-05-12,0.0249,34.901,22.26,10.335,317.46,SSP5-8.5
2026-05-13,0.0727,34.716,21.529,10.893,321.36,SSP5-8.5
2026-05-14,0.4603,34.95,24.404,8.985,325.11,SSP5-8.5
2026-05-15,0.0909,34.298,28.067,10.053,253.97,SSP5-8.5
2026-05-16,0.2749,30.52,44.459,6.427,205.11,SSP5-8.5
2026-05-17,0.0039,32.2,45.138,4.371,228.66,SSP5-8.5
2026-05-18,0.0992,34.065,30.549,6.802,313.53,SSP5-8.5
2026-05-19,1.1851,30.244,53.558,7.55,198.65,SSP5-8.5
2026-05-20,0.0,33.788,36.375,7.046,275.44,SSP5-8.5
2026-05-21,1.071,34.188,37.885,7.493,292.68,SSP5-8.5
2026-05-22,9.5136,31.223,56.674,7.38,254.79,SSP5-8.5
2026-05-23,0.2254,32.684,45.471,10.532,287.07,SSP5-8.5
2026-05-24,0.0,32.825,41.879,14.658,321.91,SSP5-8.5
2026-05-25,0.0,33.102,39.549,9.987,305.86,SSP5-8.5
2026-05-26,0.0,33.559,39.224,8.432,286.93,SSP5-8.5
2026-05-27,0.0,34.109,36.72,6.043,287.1,SSP5-8.5
2026-05-28,0.0,34.765,28.106,8.557,316.09,SSP5-8.5
2026-05-29,0.0,34.917,27.525,11.173,303.4,SSP5-8.5
2026-05-30,0.0,34.866,26.179,12.387,357.68,SSP5-8.5
2026-05-31,0.0,35.262,25.016,13.652,345.69,SSP5-8.5
2026-06-01,0.0,35.347,23.331,11.562,352.26,SSP5-8.5
2026-06-02,0.0,35.386,23.453,12.599,326.11,SSP5-8.5
2026-06-03,0.0,35.859,23.071,12.691,309.31,SSP5-8.5
2026-06-04,0.6056,33.359,28.642,12.18,271.15,SSP5-8.5
2026-06-05,0.2603,30.174,44.572,10.426,218.06,SSP5-8.5
2026-06-06,0.0,32.374,34.053,11.378,277.28,SSP5-8.5
2026-06-07,0.0,34.36,29.084,10.769,307.91,SSP5-8.5
2026-06-08,9.1622,31.592,52.89,9.119,243.79,SSP5-8.5
2026-06-09,0.0,30.622,58.17,13.541,250.63,SSP5-8.5
2026-06-10,0.0,33.296,38.639,8.088,309.04,SSP5-8.5
2026-06-11,0.0,34.116,35.622,7.134,244.54,SSP5-8.5
2026-06-12,0.0,31.596,39.484,8.223,233.99,SSP5-8.5
2026-06-13,0.0,34.562,34.926,8.852,248.33,SSP5-8.5
2026-06-14,0.1989,35.716,37.888,6.792,288.39,SSP5-8.5
2026-06-15,0.0212,34.628,44.149,9.065,266.45,SSP5-8.5
2026-06-16,4.0638,31.541,59.716,13.846,272.35,SSP5-8.5
2026-06-17,6.7752,28.377,73.874,15.547,239.51,SSP5-8.5
2026-06-18,0.058,27.761,77.211,14.359,229.33,SSP5-8.5
2026-06-19,0.0,29.207,69.83,14.089,265.59,SSP5-8.5
2026-06-20,0.0,30.194,59.388,13.603,298.02,SSP5-8.5
2026-06-21,4.09,30.328,63.034,12.938,271.37,SSP5-8.5
2026-06-22,0.2751,29.981,61.328,13.906,292.76,SSP5-8.5
2026-06-23,0.0697,28.166,71.221,12.919,219.6,SSP5-8.5
2026-06-24,0.0,29.795,61.721,14.657,282.51,SSP5-8.5
2026-06-25,0.0,31.066,55.366,15.896,310.71,SSP5-8.5
2026-06-26,0.0,31.152,55.312,16.563,304.06,SSP5-8.5
2026-06-27,0.0,31.058,52.716,16.373,308.37,SSP5-8.5
2026-06-28,0.0,31.105,52.844,16.507,301.3,SSP5-8.5
2026-06-29,0.0,31.225,54.051,16.979,304.87,SSP5-8.5
2026-06-30,0.0,30.259,58.035,16.178,269.06,SSP5-8.5
2026-07-01,0.0,29.969,52.15,17.263,317.23,SSP5-8.5
2026-07-02,0.0,30.289,51.863,17.676,325.32,SSP5-8.5
2026-07-03,0.0,29.709,55.022,17.544,298.97,SSP5-8.5
2026-07-04,0.0,29.379,57.529,17.024,295.03,SSP5-8.5
2026-07-05,0.0,29.693,56.005,17.724,286.49,SSP5-8.5
2026-07-06,0.0751,29.312,57.56,14.769,261.51,SSP5-8.5
2026-07-07,0.3359,28.6,63.91,12.213,258.65,SSP5-8.5
2026-07-08,0.0,29.093,61.925,12.415,261.42,SSP5-8.5
2026-07-09,0.0,29.685,59.943,14.572,255.89,SSP5-8.5
2026-07-10,0.031,30.916,58.107,15.839,296.58,SSP5-8.5
2026-07-11,0.1162,30.181,59.106,16.466,270.8,SSP5-8.5
2026-07-12,0.0,31.82,51.173,16.93,299.97,SSP5-8.5
2026-07-13,0.0,31.534,52.437,16.878,286.71,SSP5-8.5
2026-07-14,0.0,30.727,51.393,16.618,298.31,SSP5-8.5
2026-07-15,12.2144,28.613,68.933,16.205,228.19,SSP5-8.5
2026-07-16,0.8494,26.203,86.019,16.645,196.18,SSP5-8.5
2026-07-17,0.7603,26.357,83.728,15.432,210.67,SSP5-8.5
2026-07-18,0.2132,27.99,76.312,14.778,236.43,SSP5-8.5
2026-07-19,0.0085,28.499,71.589,11.803,247.92,SSP5-8.5
2026-07-20,0.0,28.89,69.027,13.359,251.24,SSP5-8.5
2026-07-21,0.0,28.886,67.536,14.042,262.91,SSP5-8.5
2026-07-22,13.8013,28.038,74.452,15.164,235.56,SSP5-8.5
2026-07-23,5.9858,25.968,85.722,12.97,209.86,SSP5-8.5
2026-07-24,5.7795,27.672,76.669,15.054,239.08,SSP5-8.5
2026-07-25,21.0604,25.799,90.449,11.851,186.86,SSP5-8.5
2026-07-26,23.4742,26.303,89.204,11.907,209.04,SSP5-8.5
2026-07-27,23.8089,25.636,92.248,12.6,187.03,SSP5-8.5
2026-07-28,8.9836,25.575,91.37,12.848,179.46,SSP5-8.5
2026-07-29,15.7443,25.645,91.577,8.03,198.79,SSP5-8.5
2026-07-30,3.6062,25.617,92.873,7.196,195.31,SSP5-8.5
2026-07-31,0.511,27.275,84.687,9.181,283.81,SSP5-8.5
2026-08-01,17.0009,27.124,87.831,12.076,227.64,SSP5-8.5
2026-08-02,0.9885,26.902,87.314,12.963,233.09,SSP5-8.5
2026-08-03,12.0144,26.184,90.333,13.442,203.06,SSP5-8.5
2026-08-04,1.0452,26.219,90.647,11.918,200.07,SSP5-8.5
2026-08-05,0.0,27.016,85.373,14.856,235.99,SSP5-8.5
2026-08-06,0.0,26.96,83.294,13.981,232.13,SSP5-8.5
2026-08-07,0.5786,26.699,87.823,10.473,218.7,SSP5-8.5
2026-08-08,0.0,26.385,89.057,9.857,212.96,SSP5-8.5
2026-08-09,0.0,27.559,83.313,9.696,255.15,SSP5-8.5
2026-08-10,0.3819,27.011,85.819,11.883,240.91,SSP5-8.5
2026-08-11,9.6191,27.118,86.02,12.51,251.31,SSP5-8.5
2026-08-12,0.3754,27.036,85.69,11.075,243.08,SSP5-8.5
2026-08-13,0.0358,26.887,86.695,8.638,221.39,SSP5-8.5
2026-08-14,0.4448,27.231,84.615,9.638,250.41,SSP5-8.5
2026-08-15,0.1949,27.375,85.194,10.188,244.78,SSP5-8.5
2026-08-16,1.7839,25.978,91.427,11.861,185.57,SSP5-8.5
2026-08-17,0.0,26.522,83.978,13.989,234.08,SSP5-8.5
2026-08-18,0.0,27.442,76.604,14.711,291.91,SSP5-8.5
2026-08-19,0.0,27.896,73.531,15.161,290.33,SSP5-8.5
2026-08-20,0.0,26.78,81.912,12.187,224.26,SSP5-8.5
2026-08-21,0.0,26.999,81.636,13.467,240.06,SSP5-8.5
2026-08-22,0.0,27.562,76.404,13.347,264.73,SSP5-8.5
2026-08-23,0.0,27.916,75.068,13.764,256.79,SSP5-8.5
2026-08-24,0.0,27.957,71.961,13.631,265.72,SSP5-8.5
2026-08-25,0.0,27.945,71.217,12.654,260.16,SSP5-8.5
2026-08-26,0.0,28.021,71.466,13.246,249.86,SSP5-8.5
2026-08-27,0.0,27.669,76.278,13.799,243.85,SSP5-8.5
2026-08-28,0.0,28.34,73.328,8.604,252.15,SSP5-8.5
2026-08-29,0.0306,28.342,78.738,7.364,260.33,SSP5-8.5
2026-08-30,2.0465,27.552,84.333,5.565,237.89,SSP5-8.5
2026-08-31,0.0,27.966,81.023,5.047,254.6,SSP5-8.5
2026-09-01,0.0,28.149,76.871,8.82,268.57,SSP5-8.5
2026-09-02,4.1932,26.777,84.204,10.126,243.82,SSP5-8.5
2026-09-03,4.1887,26.185,88.394,8.99,224.44,SSP5-8.5
2026-09-04,0.0,26.464,85.288,8.041,237.88,SSP5-8.5
2026-09-05,1.5038,26.985,83.87,7.17,240.26,SSP5-8.5
2026-09-06,11.7477,26.518,87.993,7.35,231.51,SSP5-8.5
2026-09-07,6.6956,26.349,89.592,5.49,222.12,SSP5-8.5
2026-09-08,3.3448,26.365,88.589,5.597,233.39,SSP5-8.5
2026-09-09,24.366,26.261,89.964,5.919,227.55,SSP5-8.5
2026-09-10,29.3036,26.178,90.596,5.061,220.19,SSP5-8.5
2026-09-11,14.8229,25.972,91.04,5.61,220.23,SSP5-8.5
2026-09-12,0.0,26.52,86.116,5.874,237.55,SSP5-8.5
2026-09-13,0.0513,27.165,82.588,5.815,259.7,SSP5-8.5
2026-09-14,0.4141,27.07,83.216,6.223,243.43,SSP5-8.5
2026-09-15,0.4994,27.105,83.097,5.76,247.0,SSP5-8.5
2026-09-16,0.0091,26.738,84.705,6.593,227.02,SSP5-8.5
2026-09-17,20.3964,26.102,91.364,7.43,219.64,SSP5-8.5
2026-09-18,30.3807,26.023,93.313,10.082,198.5,SSP5-8.5
2026-09-19,0.0344,26.207,89.474,9.924,217.95,SSP5-8.5
2026-09-20,0.0,26.496,84.232,9.768,237.21,SSP5-8.5
2026-09-21,0.0,26.897,80.746,8.579,241.28,SSP5-8.5
2026-09-22,40.9761,26.006,91.103,5.422,211.14,SSP5-8.5
2026-09-23,29.284,25.823,92.393,10.081,197.47,SSP5-8.5
2026-09-24,8.2329,25.835,90.831,10.174,168.88,SSP5-8.5
2026-09-25,0.0,26.239,85.047,10.939,231.59,SSP5-8.5
2026-09-26,0.4419,26.557,79.456,13.065,240.37,SSP5-8.5
2026-09-27,0.7413,25.864,86.175,12.206,205.52,SSP5-8.5
2026-09-28,1.7387,25.505,92.04,7.134,181.1,SSP5-8.5
2026-09-29,20.1915,25.683,91.67,5.923,203.13,SSP5-8.5
2026-09-30,18.0698,25.668,92.153,3.669,202.57,SSP5-8.5
2026-10-01,20.6555,25.168,92.774,4.442,207.0,SSP5-8.5
2026-10-02,16.5432,24.973,93.108,4.513,201.41,SSP5-8.5
2026-10-03,1.9209,25.538,89.265,2.835,223.72,SSP5-8.5
2026-10-04,0.1602,26.058,85.501,2.233,233.14,SSP5-8.5
2026-10-05,0.0,27.097,79.51,4.173,250.42,SSP5-8.5
2026-10-06,0.0028,27.43,79.382,5.194,243.7,SSP5-8.5
2026-10-07,2.9051,25.976,87.168,4.608,225.64,SSP5-8.5
2026-10-08,3.6898,26.129,84.641,7.114,230.47,SSP5-8.5
2026-10-09,1.5737,27.045,78.676,7.028,244.39,SSP5-8.5
2026-10-10,7.7011,27.006,83.513,4.912,220.75,SSP5-8.5
2026-10-11,0.2562,26.276,83.771,4.667,216.37,SSP5-8.5
2026-10-12,0.0,27.175,72.857,5.801,253.92,SSP5-8.5
2026-10-13,0.0,26.85,71.306,3.814,245.18,SSP5-8.5
2026-10-14,0.0,26.742,74.177,6.13,234.37,SSP5-8.5
2026-10-15,0.0,25.906,80.087,4.149,222.34,SSP5-8.5
2026-10-16,0.0,26.96,72.124,4.713,239.38,SSP5-8.5
2026-10-17,0.0,27.365,65.216,5.898,233.67,SSP5-8.5
2026-10-18,0.0,26.448,52.178,6.35,257.55,SSP5-8.5
2026-10-19,0.0,25.162,48.815,5.359,241.77,SSP5-8.5
2026-10-20,0.0,24.709,46.082,4.916,231.59,SSP5-8.5
2026-10-21,0.0,24.712,62.684,6.221,237.2,SSP5-8.5
2026-10-22,0.0,25.963,65.749,6.186,237.24,SSP5-8.5
2026-10-23,0.0088,25.548,68.23,8.148,216.39,SSP5-8.5
2026-10-24,19.0939,23.691,89.209,8.623,177.36,SSP5-8.5
2026-10-25,23.479,23.436,91.123,7.948,170.18,SSP5-8.5
2026-10-26,0.9522,23.51,89.272,5.422,172.79,SSP5-8.5
2026-10-27,0.0245,23.948,85.093,4.294,180.89,SSP5-8.5
2026-10-28,0.133,25.37,77.756,5.021,223.26,SSP5-8.5
2026-10-29,0.0,25.651,67.128,5.897,257.55,SSP5-8.5
2026-10-30,0.0,25.577,60.469,5.653,253.48,SSP5-8.5
2026-10-31,0.0,25.421,53.542,4.32,249.06,SSP5-8.5
2026-11-01,0.0,25.842,53.327,5.971,246.79,SSP5-8.5
2026-11-02,0.0,25.402,63.039,8.483,210.1,SSP5-8.5
2026-11-03,0.0,25.253,52.814,9.37,246.9,SSP5-8.5
2026-11-04,0.0,26.844,57.506,11.321,212.25,SSP5-8.5
2026-11-05,0.0,25.04,51.582,12.923,187.13,SSP5-8.5
2026-11-06,0.0,24.682,43.604,15.158,180.87,SSP5-8.5
2026-11-07,0.0,24.994,37.782,15.084,206.68,SSP5-8.5
2026-11-08,0.0,23.901,39.042,8.849,246.6,SSP5-8.5
2026-11-09,0.0,23.283,35.571,6.146,252.8,SSP5-8.5
2026-11-10,0.0,24.045,55.851,6.26,200.07,SSP5-8.5
2026-11-11,0.0,25.369,52.519,6.347,221.71,SSP5-8.5
2026-11-12,0.0,25.637,47.926,6.881,228.34,SSP5-8.5
2026-11-13,0.0,25.617,49.859,7.501,221.55,SSP5-8.5
2026-11-14,0.0,26.37,48.413,13.881,200.67,SSP5-8.5
2026-11-15,0.0,26.055,48.169,15.574,211.33,SSP5-8.5
2026-11-16,4.9869,23.41,75.341,15.787,171.35,SSP5-8.5
2026-11-17,0.2089,22.922,79.045,9.271,171.51,SSP5-8.5
2026-11-18,0.0,24.626,50.021,11.503,244.64,SSP5-8.5
2026-11-19,0.0,24.807,45.395,10.867,246.43,SSP5-8.5
2026-11-20,11.3093,24.423,72.028,13.085,199.3,SSP5-8.5
2026-11-21,0.0301,23.774,75.108,9.452,173.33,SSP5-8.5
2026-11-22,0.025,25.008,60.2,9.494,221.6,SSP5-8.5
2026-11-23,0.0,25.361,55.475,9.482,212.49,SSP5-8.5
2026-11-24,0.0,25.857,53.59,8.671,225.57,SSP5-8.5
2026-11-25,0.0,26.384,49.054,6.754,227.48,SSP5-8.5
2026-11-26,0.0,26.493,46.95,6.607,226.75,SSP5-8.5
2026-11-27,0.0,26.012,48.554,8.034,216.24,SSP5-8.5
2026-11-28,0.0,25.548,46.761,7.545,216.09,SSP5-8.5
2026-11-29,0.0,24.509,51.21,8.515,211.35,SSP5-8.5
2026-11-30,0.0,24.694,46.629,7.354,215.73,SSP5-8.5
2026-12-01,0.0,25.017,46.23,8.447,209.72,SSP5-8.5
2026-12-02,0.0,23.798,39.383,9.012,213.14,SSP5-8.5
2026-12-03,0.0,23.077,30.113,9.362,238.58,SSP5-8.5
2026-12-04,0.0,22.704,30.264,8.738,245.08,SSP5-8.5
2026-12-05,0.0,23.537,32.656,9.234,238.2,SSP5-8.5
2026-12-06,0.0,23.34,35.38,10.223,226.48,SSP5-8.5
2026-12-07,0.0,23.126,32.22,10.604,237.09,SSP5-8.5
2026-12-08,0.0,23.127,36.303,10.404,209.98,SSP5-8.5
2026-12-09,0.0,23.11,33.773,8.378,233.52,SSP5-8.5
2026-12-10,0.0,23.126,45.269,5.309,194.45,SSP5-8.5
2026-12-11,0.0,22.938,49.248,10.686,196.56,SSP5-8.5
2026-12-12,0.0,21.682,52.961,11.445,163.89,SSP5-8.5
2026-12-13,0.0,23.405,48.819,8.285,219.83,SSP5-8.5
2026-12-14,0.0,23.339,46.281,4.718,212.68,SSP5-8.5
2026-12-15,0.0,24.074,40.633,8.149,191.26,SSP5-8.5
2026-12-16,0.0,23.935,34.985,8.635,217.93,SSP5-8.5
2026-12-17,0.0,24.404,32.931,12.085,229.38,SSP5-8.5
2026-12-18,0.0,24.157,36.248,10.324,222.96,SSP5-8.5
2026-12-19,0.0,24.316,38.608,11.67,227.33,SSP5-8.5
2026-12-20,0.0,24.955,35.571,11.219,231.33,SSP5-8.5
2026-12-21,0.0,24.975,34.988,9.348,230.68,SSP5-8.5
2026-12-22,0.0,23.704,32.979,9.421,238.39,SSP5-8.5
2026-12-23,0.0,22.731,29.151,8.94,243.81,SSP5-8.5
2026-12-24,0.0,22.669,35.406,8.89,240.56,SSP5-8.5
2026-12-25,0.0,23.483,33.874,6.132,230.57,SSP5-8.5
2026-12-26,0.0,23.853,33.778,5.918,238.64,SSP5-8.5
2026-12-27,0.0,24.276,32.589,6.249,238.27,SSP5-8.5
2026-12-28,0.0,24.556,31.773,7.271,238.12,SSP5-8.5
2026-12-29,0.0,24.773,33.532,8.732,227.05,SSP5-8.5
2026-12-30,0.0,24.894,29.945,10.178,238.32,SSP5-8.5
2026-12-31,0.0,24.626,28.06,10.411,239.42,SSP5-8.5
2027-01-01,0.0,23.243,33.123,10.549,240.86,SSP5-8.5
2027-01-02,0.0,23.309,31.84,9.032,243.42,SSP5-8.5
2027-01-03,0.0,23.877,29.032,10.281,241.34,SSP5-8.5
2027-01-04,0.0,23.178,27.934,14.743,245.98,SSP5-8.5
2027-01-05,0.0,22.705,28.511,14.598,244.09,SSP5-8.5
2027-01-06,0.0,22.032,26.055,12.702,247.51,SSP5-8.5
2027-01-07,0.0,20.701,20.58,12.535,252.27,SSP5-8.5
2027-01-08,0.0,20.167,19.459,11.485,259.4,SSP5-8.5
2027-01-09,0.0,20.427,25.244,9.253,243.42,SSP5-8.5
2027-01-10,0.0,21.581,25.068,10.501,253.16,SSP5-8.5
2027-01-11,0.0,22.146,26.678,10.968,249.2,SSP5-8.5
2027-01-12,0.0,22.238,29.099,10.637,248.86,SSP5-8.5
2027-01-13,0.0,22.281,30.084,9.517,251.97,SSP5-8.5
2027-01-14,0.0,22.513,35.905,8.716,250.28,SSP5-8.5
2027-01-15,0.0,23.62,36.578,9.455,250.4,SSP5-8.5
2027-01-16,0.0,24.289,34.522,8.192,246.48,SSP5-8.5
2027-01-17,0.0,24.506,34.185,8.058,217.32,SSP5-8.5
2027-01-18,0.0,24.679,33.718,7.703,231.31,SSP5-8.5
2027-01-19,0.0,24.959,31.162,12.111,237.1,SSP5-8.5
2027-01-20,0.0,24.65,33.19,9.393,204.04,SSP5-8.5
2027-01-21,0.0,24.549,31.769,9.926,228.48,SSP5-8.5
2027-01-22,0.0,24.612,30.139,13.782,248.6,SSP5-8.5
2027-01-23,0.0,24.487,28.105,15.599,252.01,SSP5-8.5
2027-01-24,0.0,25.732,29.111,13.717,229.02,SSP5-8.5
2027-01-25,0.0,23.62,41.886,11.664,182.22,SSP5-8.5
2027-01-26,0.0,24.693,39.961,16.649,203.82,SSP5-8.5
2027-01-27,0.0,24.942,39.308,17.511,254.86,SSP5-8.5
2027-01-28,0.0,25.122,40.723,15.265,247.69,SSP5-8.5
2027-01-29,0.0,25.102,42.745,12.077,205.22,SSP5-8.5
2027-01-30,0.0,24.952,35.753,12.393,232.9,SSP5-8.5
2027-01-31,0.0,24.56,31.679,12.396,251.22,SSP5-8.5
2027-02-01,0.0,24.271,32.558,10.32,253.77,SSP5-8.5
2027-02-02,0.0,24.969,34.207,10.424,244.9,SSP5-8.5
2027-02-03,0.0,25.81,33.057,13.247,237.45,SSP5-8.5
2027-02-04,0.0,26.019,34.993,11.812,224.66,SSP5-8.5
2027-02-05,0.0,25.513,35.839,11.757,238.51,SSP5-8.5
2027-02-06,0.0,25.753,36.403,13.8,202.46,SSP5-8.5
2027-02-07,0.0,25.632,39.2,9.339,197.83,SSP5-8.5
2027-02-08,0.0,23.625,50.141,9.278,185.91,SSP5-8.5
2027-02-09,0.0,25.414,49.835,10.444,216.71,SSP5-8.5
2027-02-10,0.0,25.209,49.617,9.738,207.39,SSP5-8.5
2027-02-11,0.0,22.755,43.303,15.027,185.92,SSP5-8.5
2027-02-12,0.0,22.489,21.299,12.593,294.06,SSP5-8.5
2027-02-13,0.0,21.909,18.557,10.49,305.49,SSP5-8.5
2027-02-14,0.0,22.96,25.38,9.134,291.58,SSP5-8.5
2027-02-15,0.0,24.435,26.806,10.872,286.22,SSP5-8.5
2027-02-16,0.0,24.267,22.184,11.717,292.34,SSP5-8.5
2027-02-17,0.0,24.702,24.176,11.24,287.99,SSP5-8.5
2027-02-18,0.0,24.429,22.97,9.856,288.18,SSP5-8.5
2027-02-19,0.0,24.922,24.257,7.706,289.5,SSP5-8.5
2027-02-20,0.0,26.09,26.59,9.939,279.85,SSP5-8.5
2027-02-21,0.0,26.985,26.752,8.996,256.8,SSP5-8.5
2027-02-22,0.0,26.427,23.586,9.179,214.66,SSP5-8.5
2027-02-23,0.0,25.107,18.402,8.045,298.38,SSP5-8.5
2027-02-24,0.0,24.805,18.016,8.036,305.86,SSP5-8.5
2027-02-25,0.0,25.832,19.419,8.817,303.27,SSP5-8.5
2027-02-26,0.0,26.274,19.79,8.54,303.06,SSP5-8.5
2027-02-27,0.0,25.954,16.753,7.485,298.48,SSP5-8.5
2027-02-28,0.0,26.12,14.792,6.308,286.99,SSP5-8.5
2027-03-01,0.0,26.347,14.081,7.009,270.7,SSP5-8.5
2027-03-02,0.0,26.727,15.95,9.249,285.39,SSP5-8.5
2027-03-03,0.0,27.481,22.458,12.676,300.9,SSP5-8.5
2027-03-04,0.0,28.759,22.578,13.553,308.22,SSP5-8.5
2027-03-05,0.0,28.368,22.593,12.844,303.16,SSP5-8.5
2027-03-06,0.0,28.264,22.335,12.194,302.28,SSP5-8.5
2027-03-07,0.0,28.659,22.813,12.487,298.86,SSP5-8.5
2027-03-08,0.0,29.227,22.939,10.149,293.25,SSP5-8.5
2027-03-09,0.0,29.977,24.012,10.216,262.9,SSP5-8.5
2027-03-10,0.0,29.562,25.048,10.18,296.75,SSP5-8.5
2027-03-11,0.0,28.469,22.575,11.13,307.16,SSP5-8.5
2027-03-12,0.0,29.216,20.551,13.945,312.09,SSP5-8.5
2027-03-13,0.0,29.564,18.079,12.94,296.03,SSP5-8.5
2027-03-14,0.0,29.987,17.017,13.101,309.37,SSP5-8.5
2027-03-15,0.0,29.577,19.259,13.056,306.38,SSP5-8.5
2027-03-16,0.0,29.929,19.149,13.967,300.91,SSP5-8.5
2027-03-17,0.0,29.53,19.056,13.671,304.72,SSP5-8.5
2027-03-18,0.0,29.117,18.017,13.248,322.95,SSP5-8.5
2027-03-19,0.0,29.189,19.215,9.385,320.51,SSP5-8.5
2027-03-20,0.0,29.695,19.452,11.77,324.23,SSP5-8.5
2027-03-21,0.0,29.595,17.546,11.459,329.52,SSP5-8.5
2027-03-22,0.0,29.101,14.394,10.2,305.86,SSP5-8.5
2027-03-23,0.0,30.116,13.796,9.338,295.02,SSP5-8.5
2027-03-24,0.0,30.643,20.8,11.859,219.22,SSP5-8.5
2027-03-25,0.0106,30.957,23.452,10.166,243.44,SSP5-8.5
2027-03-26,0.0,30.668,21.938,5.927,255.6,SSP5-8.5
2027-03-27,0.0,30.338,20.475,8.358,269.01,SSP5-8.5
2027-03-28,0.0,30.123,19.276,13.486,301.02,SSP5-8.5
2027-03-29,0.0,30.156,20.643,12.446,339.99,SSP5-8.5
2027-03-30,0.0,30.538,22.735,12.333,323.3,SSP5-8.5
2027-03-31,0.0,31.03,21.697,13.094,323.73,SSP5-8.5
2027-04-01,0.0,31.241,21.647,13.227,319.28,SSP5-8.5
2027-04-02,0.0,31.164,21.466,11.661,305.82,SSP5-8.5
2027-04-03,0.0,31.572,20.411,11.532,290.52,SSP5-8.5
2027-04-04,0.0,31.681,19.976,9.802,294.7,SSP5-8.5
2027-04-05,0.0,32.219,18.316,6.715,292.34,SSP5-8.5
2027-04-06,0.0,33.518,16.505,5.186,291.91,SSP5-8.5
2027-04-07,0.0,32.95,13.458,6.463,302.53,SSP5-8.5
2027-04-08,0.0189,33.062,19.857,8.833,301.69,SSP5-8.5
2027-04-09,1.3383,33.164,25.997,9.932,277.27,SSP5-8.5
2027-04-10,0.1503,32.431,26.397,9.242,253.54,SSP5-8.5
2027-04-11,0.0948,32.252,22.789,10.424,274.39,SSP5-8.5
2027-04-12,0.0,31.899,20.119,8.09,275.66,SSP5-8.5
2027-04-13,0.0,30.817,17.07,6.099,347.06,SSP5-8.5
2027-04-14,0.0,31.374,20.54,8.567,332.6,SSP5-8.5
2027-04-15,0.0637,32.457,26.027,12.118,294.52,SSP5-8.5
2027-04-16,0.0324,32.363,26.517,11.157,288.51,SSP5-8.5
2027-04-17,0.1228,32.332,24.177,8.913,307.19,SSP5-8.5
2027-04-18,0.0838,32.415,24.926,9.663,291.09,SSP5-8.5
2027-04-19,0.0223,32.595,24.332,10.584,273.96,SSP5-8.5
2027-04-20,0.042,33.158,21.214,10.943,301.73,SSP5-8.5
2027-04-21,0.0,33.041,22.493,10.206,260.03,SSP5-8.5
2027-04-22,0.0608,32.508,23.868,10.841,277.27,SSP5-8.5
2027-04-23,0.0,32.329,22.658,12.972,329.61,SSP5-8.5
2027-04-24,0.0,32.127,23.158,13.055,333.42,SSP5-8.5
2027-04-25,0.1662,32.744,22.634,10.557,310.45,SSP5-8.5
2027-04-26,0.0029,31.45,27.528,10.338,250.84,SSP5-8.5
2027-04-27,0.0175,32.059,25.867,10.601,320.06,SSP5-8.5
2027-04-28,0.0,31.807,23.563,11.417,331.81,SSP5-8.5
2027-04-29,0.0,32.719,21.35,7.375,318.07,SSP5-8.5
2027-04-30,0.7409,33.669,21.503,10.023,308.31,SSP5-8.5
2027-05-01,0.0431,34.014,26.394,9.978,270.82,SSP5-8.5
2027-05-02,1.0231,33.559,27.256,4.652,275.35,SSP5-8.5
2027-05-03,1.0969,33.147,31.927,6.375,272.13,SSP5-8.5
2027-05-04,3.2201,33.343,32.564,8.329,289.27,SSP5-8.5
2027-05-05,0.0113,33.026,27.812,9.215,318.41,SSP5-8.5
2027-05-06,0.0,32.926,20.672,9.106,365.4,SSP5-8.5
2027-05-07,0.0,32.499,19.572,8.69,354.84,SSP5-8.5
2027-05-08,0.0,33.294,20.058,9.551,342.94,SSP5-8.5
2027-05-09,1.1535,33.663,26.498,11.197,292.67,SSP5-8.5
2027-05-10,0.7011,33.383,32.367,11.495,298.89,SSP5-8.5
2027-05-11,22.9511,29.933,46.241,6.275,230.02,SSP5-8.5
2027-05-12,4.7021,30.202,46.024,6.578,251.03,SSP5-8.5
2027-05-13,1.9641,30.6,46.758,5.74,248.58,SSP5-8.5
2027-05-14,1.4174,31.348,45.675,4.981,256.67,SSP5-8.5
2027-05-15,0.1473,31.753,43.967,5.767,256.05,SSP5-8.5
2027-05-16,0.0,33.184,33.103,5.932,302.22,SSP5-8.5
2027-05-17,0.7013,33.916,33.053,6.328,298.05,SSP5-8.5
2027-05-18,0.3327,33.47,35.536,5.576,280.56,SSP5-8.5
2027-05-19,0.228,33.563,35.283,4.957,292.02,SSP5-8.5
2027-05-20,2.4398,33.404,38.709,5.144,283.9,SSP5-8.5
2027-05-21,1.3949,32.658,43.205,3.928,269.65,SSP5-8.5
2027-05-22,1.0933,32.699,44.445,5.076,277.44,SSP5-8.5
2027-05-23,5.2256,30.367,55.965,5.759,245.85,SSP5-8.5
2027-05-24,0.025,31.999,45.258,6.392,286.69,SSP5-8.5
2027-05-25,0.0023,33.044,39.378,6.253,290.58,SSP5-8.5
2027-05-26,0.0,33.527,34.379,7.474,300.19,SSP5-8.5
2027-05-27,0.0,33.758,30.84,10.094,318.08,SSP5-8.5
2027-05-28,0.0,34.172,27.601,8.577,334.11,SSP5-8.5
2027-05-29,0.0,34.404,27.506,10.799,320.45,SSP5-8.5
2027-05-30,0.0,34.312,28.436,13.86,298.55,SSP5-8.5
2027-05-31,0.0,34.228,29.201,14.322,325.94,SSP5-8.5
2027-06-01,0.0,34.286,27.253,14.598,344.67,SSP5-8.5
2027-06-02,0.0,35.058,25.606,15.026,311.99,SSP5-8.5
2027-06-03,2.7568,35.134,27.68,16.315,288.03,SSP5-8.5
2027-06-04,0.4649,32.998,34.19,16.911,246.54,SSP5-8.5
2027-06-05,1.7379,32.142,40.611,15.742,261.33,SSP5-8.5
2027-06-06,15.0929,26.845,76.851,9.971,178.88,SSP5-8.5
2027-06-07,0.0,29.739,56.693,16.786,278.3,SSP5-8.5
2027-06-08,0.0,30.607,51.375,16.094,277.87,SSP5-8.5
2027-06-09,0.0,31.998,47.873,15.613,301.91,SSP5-8.5
2027-06-10,0.0,31.93,45.261,16.628,290.33,SSP5-8.5
2027-06-11,0.0,30.783,44.863,17.081,271.19,SSP5-8.5
2027-06-12,0.0,31.782,45.291,18.497,291.83,SSP5-8.5
2027-06-13,0.8737,27.008,71.839,18.199,197.94,SSP5-8.5
2027-06-14,2.0781,27.364,73.13,16.278,206.43,SSP5-8.5
2027-06-15,25.5704,27.25,79.13,15.624,221.29,SSP5-8.5
2027-06-16,5.7675,25.932,85.663,15.354,186.73,SSP5-8.5
2027-06-17,0.946,27.261,76.565,15.642,220.47,SSP5-8.5
2027-06-18,0.0,27.255,74.754,16.747,229.99,SSP5-8.5
2027-06-19,1.2796,28.076,71.644,15.15,252.24,SSP5-8.5
2027-06-20,0.0,27.766,72.9,13.713,237.75,SSP5-8.5
2027-06-21,0.0,28.26,66.805,14.425,254.07,SSP5-8.5
2027-06-22,0.0705,28.317,68.606,14.521,239.98,SSP5-8.5
2027-06-23,0.2573,28.093,71.38,15.611,241.17,SSP5-8.5
2027-06-24,0.004,28.365,69.767,15.764,255.25,SSP5-8.5
2027-06-25,0.0,28.593,67.927,15.245,253.72,SSP5-8.5
2027-06-26,0.0565,28.765,65.851,15.357,262.56,SSP5-8.5
2027-06-27,28.641,26.136,90.317,10.009,158.13,SSP5-8.5
2027-06-28,19.6978,24.521,92.471,11.161,147.93,SSP5-8.5
2027-06-29,0.0289,27.679,81.329,12.508,233.65,SSP5-8.5
2027-06-30,3.6971,28.281,79.429,10.978,281.19,SSP5-8.5
2027-07-01,0.9333,26.932,81.659,10.051,240.87,SSP5-8.5
2027-07-02,5.0035,27.312,79.814,12.713,260.54,SSP5-8.5
2027-07-03,0.0571,26.3,82.939,12.008,225.08,SSP5-8.5
2027-07-04,16.3176,27.068,83.177,11.69,239.78,SSP5-8.5
2027-07-05,19.3341,25.476,93.163,9.128,181.8,SSP5-8.5
2027-07-06,0.3251,25.794,91.49,5.159,203.53,SSP5-8.5
2027-07-07,11.1322,26.201,89.905,3.934,233.38,SSP5-8.5
2027-07-08,4.0548,27.179,85.184,6.449,245.95,SSP5-8.5
2027-07-09,5.0357,26.964,86.91,7.156,239.19,SSP5-8.5
2027-07-10,0.0,26.975,81.755,10.301,239.23,SSP5-8.5
2027-07-11,0.2007,27.258,80.604,9.388,241.04,SSP5-8.5
2027-07-12,13.5848,26.202,90.438,7.844,202.32,SSP5-8.5
2027-07-13,2.0451,26.196,90.357,8.075,213.71,SSP5-8.5
2027-07-14,0.8224,26.796,88.599,7.723,240.02,SSP5-8.5
2027-07-15,2.6854,26.902,88.941,5.671,242.5,SSP5-8.5
2027-07-16,12.5032,26.767,90.135,4.727,226.14,SSP5-8.5
2027-07-17,0.5786,27.428,86.342,9.09,248.33,SSP5-8.5
2027-07-18,0.3754,26.488,88.448,7.473,218.33,SSP5-8.5
2027-07-19,2.6546,26.815,87.78,9.178,227.99,SSP5-8.5
2027-07-20,0.067,27.193,83.938,12.136,249.42,SSP5-8.5
2027-07-21,0.0,27.552,82.087,12.066,241.97,SSP5-8.5
2027-07-22,0.209,26.823,83.94,14.572,226.97,SSP5-8.5
2027-07-23,27.8738,25.837,91.584,14.915,188.09,SSP5-8.5
2027-07-24,18.379,25.772,90.013,17.031,204.91,SSP5-8.5
2027-07-25,1.2041,25.969,88.45,20.334,216.84,SSP5-8.5
2027-07-26,37.6072,25.6,92.049,18.711,191.68,SSP5-8.5
2027-07-27,42.5688,25.057,93.953,19.931,134.06,SSP5-8.5
2027-07-28,27.834,25.395,91.811,19.814,187.37,SSP5-8.5
2027-07-29,0.5182,26.128,87.006,18.532,231.79,SSP5-8.5
2027-07-30,0.0506,26.37,84.607,14.848,251.43,SSP5-8.5
2027-07-31,0.0,26.393,85.154,15.297,240.49,SSP5-8.5
2027-08-01,4.0218,26.276,89.124,15.285,217.52,SSP5-8.5
2027-08-02,22.7907,25.812,92.81,15.485,177.04,SSP5-8.5
2027-08-03,25.8882,25.732,93.994,13.588,178.68,SSP5-8.5
2027-08-04,4.5653,25.815,92.432,14.67,185.04,SSP5-8.5
2027-08-05,0.049,26.192,89.181,13.747,226.09,SSP5-8.5
2027-08-06,0.0,26.477,88.013,13.09,243.89,SSP5-8.5
2027-08-07,0.0,26.815,86.46,13.37,244.16,SSP5-8.5
2027-08-08,0.0061,26.883,85.243,13.61,250.77,SSP5-8.5
2027-08-09,3.6739,26.636,86.419,15.353,231.67,SSP5-8.5
2027-08-10,28.2016,25.504,93.014,15.24,175.08,SSP5-8.5
2027-08-11,0.0987,25.956,91.59,14.035,201.74,SSP5-8.5
2027-08-12,0.0,26.253,88.959,13.427,217.61,SSP5-8.5
2027-08-13,0.2308,26.851,85.651,13.458,243.51,SSP5-8.5
2027-08-14,0.3457,26.296,87.868,12.994,225.56,SSP5-8.5
2027-08-15,11.1397,26.431,86.728,13.777,233.31,SSP5-8.5
2027-08-16,19.6906,25.42,93.141,12.491,151.87,SSP5-8.5
2027-08-17,0.3959,26.432,88.332,11.02,243.89,SSP5-8.5
2027-08-18,0.0604,26.108,90.261,10.009,197.36,SSP5-8.5
2027-08-19,0.0654,26.388,87.637,10.973,226.83,SSP5-8.5
2027-08-20,0.0751,26.227,90.216,10.174,210.33,SSP5-8.5
2027-08-21,5.2652,26.445,90.074,9.096,226.04,SSP5-8.5
2027-08-22,1.4136,26.62,89.892,5.538,231.86,SSP5-8.5
2027-08-23,12.5218,26.972,88.52,4.893,250.87,SSP5-8.5
2027-08-24,21.1072,26.424,91.249,7.199,230.38,SSP5-8.5
2027-08-25,0.5228,26.589,89.68,5.637,232.73,SSP5-8.5
2027-08-26,8.1874,26.795,89.235,4.607,240.75,SSP5-8.5
2027-08-27,6.6624,27.0,88.289,5.632,245.01,SSP5-8.5
2027-08-28,18.3454,26.614,91.109,7.793,233.77,SSP5-8.5
2027-08-29,19.1991,26.434,91.076,8.869,232.27,SSP5-8.5
2027-08-30,1.7285,26.449,89.622,8.717,230.3,SSP5-8.5
2027-08-31,0.0,27.102,80.15,11.48,269.91,SSP5-8.5
2027-09-01,0.0,26.666,81.827,9.43,263.29,SSP5-8.5
2027-09-02,0.0,26.841,84.599,9.294,257.42,SSP5-8.5
2027-09-03,72.7018,25.985,94.664,11.421,185.92,SSP5-8.5
2027-09-04,11.8128,25.721,92.247,12.059,203.38,SSP5-8.5
2027-09-05,1.4496,25.711,90.722,8.655,210.6,SSP5-8.5
2027-09-06,0.6205,25.778,91.977,8.574,212.49,SSP5-8.5
2027-09-07,12.1184,26.045,89.725,7.022,238.66,SSP5-8.5
2027-09-08,5.1807,25.757,92.371,3.393,218.32,SSP5-8.5
2027-09-09,0.4151,26.136,88.723,3.506,243.7,SSP5-8.5
2027-09-10,34.06,25.653,93.963,3.141,218.01,SSP5-8.5
2027-09-11,15.5034,25.932,91.876,7.648,223.62,SSP5-8.5
2027-09-12,0.0681,25.945,91.181,3.885,224.18,SSP5-8.5
2027-09-13,0.0113,26.521,86.128,5.261,257.33,SSP5-8.5
2027-09-14,0.0,26.566,86.393,5.343,245.02,SSP5-8.5
2027-09-15,0.0,26.81,83.136,6.022,247.25,SSP5-8.5
2027-09-16,0.0,27.431,80.714,6.532,246.24,SSP5-8.5
2027-09-17,0.016,27.092,82.741,5.638,256.82,SSP5-8.5
2027-09-18,7.1437,25.915,90.044,6.723,207.18,SSP5-8.5
2027-09-19,0.0,26.519,83.416,5.854,266.38,SSP5-8.5
2027-09-20,0.0,27.415,81.458,3.668,261.58,SSP5-8.5
2027-09-21,15.9772,26.578,87.783,6.782,235.39,SSP5-8.5
2027-09-22,0.0088,26.595,86.369,10.266,234.07,SSP5-8.5
2027-09-23,98.6272,25.542,91.102,18.681,202.96,SSP5-8.5
2027-09-24,19.3007,25.325,95.685,8.543,174.09,SSP5-8.5
2027-09-25,0.0214,25.905,90.782,5.598,221.92,SSP5-8.5
2027-09-26,0.7731,26.223,88.875,2.21,235.32,SSP5-8.5
2027-09-27,0.032,26.721,83.39,4.761,257.25,SSP5-8.5
2027-09-28,0.0226,26.736,86.591,6.014,231.03,SSP5-8.5
2027-09-29,0.0115,26.82,86.798,6.555,235.18,SSP5-8.5
2027-09-30,0.2839,27.387,84.574,7.678,230.86,SSP5-8.5
2027-10-01,0.0,27.076,84.921,6.843,227.07,SSP5-8.5
2027-10-02,0.0,27.321,80.667,6.15,236.72,SSP5-8.5
2027-10-03,0.0,26.874,82.682,6.211,226.57,SSP5-8.5
2027-10-04,0.0,28.294,79.041,6.055,270.35,SSP5-8.5
2027-10-05,0.0,26.958,81.935,4.638,223.77,SSP5-8.5
2027-10-06,0.0,27.97,74.023,6.403,263.02,SSP5-8.5
2027-10-07,0.0,28.129,68.929,7.086,264.94,SSP5-8.5
2027-10-08,0.0,27.719,63.595,6.57,280.57,SSP5-8.5
2027-10-09,0.0,26.519,66.645,3.999,265.69,SSP5-8.5
2027-10-10,0.0,26.101,71.774,3.764,258.25,SSP5-8.5
2027-10-11,0.0,25.564,80.265,4.378,228.58,SSP5-8.5
2027-10-12,0.9414,25.133,86.529,5.278,205.14,SSP5-8.5
2027-10-13,18.6258,24.891,91.459,3.431,197.53,SSP5-8.5
2027-10-14,3.54,25.261,88.043,4.121,213.02,SSP5-8.5
2027-10-15,24.3195,24.841,92.294,4.226,190.38,SSP5-8.5
2027-10-16,2.2132,25.011,88.816,5.061,216.92,SSP5-8.5
2027-10-17,0.2701,25.44,86.809,5.495,227.25,SSP5-8.5
2027-10-18,0.0126,25.516,85.797,5.411,224.24,SSP5-8.5
2027-10-19,0.0,26.28,82.065,4.651,255.38,SSP5-8.5
2027-10-20,0.0,26.416,80.959,4.556,238.43,SSP5-8.5
2027-10-21,0.0,26.444,80.863,6.619,232.93,SSP5-8.5
2027-10-22,0.0,26.199,80.614,6.983,246.6,SSP5-8.5
2027-10-23,0.0,26.181,79.803,6.944,252.03,SSP5-8.5
2027-10-24,0.0,25.848,80.394,6.675,241.12,SSP5-8.5
2027-10-25,0.0,25.908,71.308,4.904,253.38,SSP5-8.5
2027-10-26,0.0,25.869,67.181,4.649,246.34,SSP5-8.5
2027-10-27,0.0,25.622,68.8,6.242,225.57,SSP5-8.5
2027-10-28,0.0,25.206,64.307,6.856,229.34,SSP5-8.5
2027-10-29,6.9649,24.84,60.971,9.983,251.55,SSP5-8.5
2027-10-30,0.0618,24.826,65.667,9.378,199.33,SSP5-8.5
2027-10-31,0.0,24.97,55.043,9.633,263.46,SSP5-8.5
2027-11-01,5.902,25.57,81.331,8.986,216.8,SSP5-8.5
2027-11-02,31.7377,23.23,92.296,7.577,162.45,SSP5-8.5
2027-11-03,3.0221,23.803,88.736,7.956,176.71,SSP5-8.5
2027-11-04,0.0506,24.494,85.409,6.442,195.97,SSP5-8.5
2027-11-05,0.0586,25.145,83.649,4.462,209.75,SSP5-8.5
2027-11-06,0.031,25.622,81.124,6.314,222.82,SSP5-8.5
2027-11-07,0.0,25.863,72.574,6.986,230.73,SSP5-8.5
2027-11-08,0.0,25.736,69.108,5.339,226.28,SSP5-8.5
2027-11-09,0.0,25.581,63.329,6.036,228.57,SSP5-8.5
2027-11-10,0.0,25.276,63.464,6.426,230.7,SSP5-8.5
2027-11-11,0.0,24.922,68.83,7.149,228.62,SSP5-8.5
2027-11-12,0.0,24.448,77.952,9.068,210.48,SSP5-8.5
2027-11-13,0.0,23.852,59.871,10.503,240.1,SSP5-8.5
2027-11-14,0.0,23.616,54.045,8.622,244.74,SSP5-8.5
2027-11-15,6.1102,22.951,83.651,6.383,173.36,SSP5-8.5
2027-11-16,0.0476,23.75,77.446,7.129,167.49,SSP5-8.5
2027-11-17,0.0052,24.611,70.149,8.773,223.2,SSP5-8.5
2027-11-18,0.0,23.632,60.415,9.865,239.63,SSP5-8.5
2027-11-19,0.0,23.31,53.608,9.873,244.98,SSP5-8.5
2027-11-20,0.0,23.339,55.045,7.626,241.23,SSP5-8.5
2027-11-21,0.006,23.58,60.06,5.564,236.99,SSP5-8.5
2027-11-22,0.0,23.998,57.6,4.876,233.97,SSP5-8.5
2027-11-23,0.0,23.155,45.832,7.844,242.49,SSP5-8.5
2027-11-24,0.0,22.867,44.792,6.119,244.98,SSP5-8.5
2027-11-25,0.0,23.003,60.953,6.025,230.48,SSP5-8.5
2027-11-26,0.0,23.719,61.865,7.046,224.96,SSP5-8.5
2027-11-27,0.0,23.669,57.717,5.223,230.42,SSP5-8.5
2027-11-28,0.0,23.543,55.176,7.756,232.44,SSP5-8.5
2027-11-29,0.0,23.258,51.99,5.796,234.32,SSP5-8.5
2027-11-30,0.0,23.134,47.568,6.403,239.82,SSP5-8.5
2027-12-01,0.0,23.416,49.41,6.912,233.27,SSP5-8.5
2027-12-02,0.0,23.284,48.262,8.584,237.47,SSP5-8.5
2027-12-03,0.0,23.075,49.59,9.151,219.74,SSP5-8.5
2027-12-04,0.0,23.2,48.372,10.248,227.94,SSP5-8.5
2027-12-05,0.0,23.199,47.846,11.48,238.23,SSP5-8.5
2027-12-06,0.0,22.72,54.741,10.453,204.22,SSP5-8.5
2027-12-07,0.0,22.944,55.838,8.577,234.52,SSP5-8.5
2027-12-08,0.0,23.051,49.436,5.008,225.44,SSP5-8.5
2027-12-09,0.0,23.43,54.869,6.039,214.27,SSP5-8.5
2027-12-10,0.0,23.523,60.69,7.551,191.07,SSP5-8.5
2027-12-11,0.0,23.428,59.726,9.95,212.33,SSP5-8.5
2027-12-12,0.0,23.258,60.446,7.699,212.36,SSP5-8.5
2027-12-13,0.0,21.829,65.693,8.849,188.04,SSP5-8.5
2027-12-14,0.0,21.736,47.213,10.645,227.21,SSP5-8.5
2027-12-15,0.0,20.346,43.667,9.774,209.97,SSP5-8.5
2027-12-16,0.0,20.346,53.381,8.451,187.7,SSP5-8.5
2027-12-17,0.0,20.651,52.856,9.522,201.02,SSP5-8.5
2027-12-18,0.0,21.512,54.576,9.493,194.85,SSP5-8.5
2027-12-19,0.0,21.363,57.284,10.378,188.16,SSP5-8.5
2027-12-20,0.0,21.417,54.222,9.971,225.6,SSP5-8.5
2027-12-21,0.0,21.393,49.602,9.437,228.73,SSP5-8.5
2027-12-22,0.0,21.259,41.323,8.761,238.05,SSP5-8.5
2027-12-23,0.0,20.405,37.72,9.335,243.32,SSP5-8.5
2027-12-24,0.0,19.953,34.023,8.914,249.08,SSP5-8.5
2027-12-25,0.0,20.012,40.075,7.399,231.68,SSP5-8.5
2027-12-26,0.0,20.408,47.13,8.185,224.24,SSP5-8.5
2027-12-27,0.0,20.597,46.762,6.558,227.21,SSP5-8.5
2027-12-28,0.0,20.629,52.563,7.609,200.72,SSP5-8.5
2027-12-29,0.0,20.815,62.308,9.705,154.07,SSP5-8.5
2027-12-30,0.0,21.03,60.687,13.073,183.2,SSP5-8.5
2027-12-31,0.0,21.632,70.618,9.971,157.41,SSP5-8.5
2028-01-01,0.0,22.4,65.624,9.708,198.39,SSP5-8.5
2028-01-02,0.0,20.846,84.154,8.433,134.4,SSP5-8.5
2028-01-03,0.0,19.966,86.041,7.892,109.98,SSP5-8.5
2028-01-04,0.0,22.8,66.018,14.618,184.0,SSP5-8.5
2028-01-05,0.0,21.068,72.229,9.731,160.28,SSP5-8.5
2028-01-06,0.0,20.567,75.18,11.774,159.99,SSP5-8.5
2028-01-07,0.0,21.857,51.566,12.724,217.14,SSP5-8.5
2028-01-08,0.0,20.828,55.054,9.288,191.88,SSP5-8.5
2028-01-09,0.0,20.379,52.822,11.396,194.56,SSP5-8.5
2028-01-10,0.0,20.725,44.192,11.689,239.32,SSP5-8.5
2028-01-11,0.0,20.659,38.471,10.885,251.93,SSP5-8.5
2028-01-12,0.0,20.331,38.645,11.357,251.49,SSP5-8.5
2028-01-13,0.0,20.096,39.258,10.132,257.38,SSP5-8.5
2028-01-14,0.0,20.105,42.983,5.381,255.32,SSP5-8.5
2028-01-15,0.0,21.157,46.685,4.855,251.58,SSP5-8.5
2028-01-16,0.0,21.942,48.24,5.461,248.22,SSP5-8.5
2028-01-17,0.0,23.254,49.489,7.718,214.86,SSP5-8.5
2028-01-18,0.0,23.46,49.989,7.47,209.64,SSP5-8.5
2028-01-19,0.0,23.115,54.899,9.003,197.37,SSP5-8.5
2028-01-20,0.0,21.466,68.233,12.257,171.56,SSP5-8.5
2028-01-21,0.0,21.649,56.4,10.324,188.92,SSP5-8.5
2028-01-22,0.0,23.182,51.381,10.722,228.67,SSP5-8.5
2028-01-23,0.0,22.583,43.715,10.768,235.53,SSP5-8.5
2028-01-24,0.0,22.19,35.993,12.073,253.0,SSP5-8.5
2028-01-25,0.0,21.62,31.936,13.332,258.23,SSP5-8.5
2028-01-26,0.0,21.256,30.778,12.822,275.68,SSP5-8.5
2028-01-27,0.0,20.66,32.013,10.82,279.44,SSP5-8.5
2028-01-28,0.0,21.047,32.676,10.953,277.87,SSP5-8.5
2028-01-29,0.0,21.393,35.111,10.618,276.2,SSP5-8.5
2028-01-30,0.0,21.14,39.514,9.64,274.59,SSP5-8.5
2028-01-31,0.0,22.749,45.593,11.543,258.19,SSP5-8.5
2028-02-01,0.0,22.949,46.566,10.632,208.13,SSP5-8.5
2028-02-02,0.0,23.346,46.509,9.684,230.64,SSP5-8.5
2028-02-03,0.0,23.532,46.139,12.065,243.89,SSP5-8.5
2028-02-04,0.0,23.392,45.825,10.098,263.77,SSP5-8.5
2028-02-05,0.0,23.699,45.366,8.745,259.8,SSP5-8.5
2028-02-06,0.0,23.806,45.168,8.163,266.1,SSP5-8.5
2028-02-07,0.0,24.233,43.582,8.668,266.53,SSP5-8.5
2028-02-08,0.0,24.4,45.089,7.97,264.05,SSP5-8.5
2028-02-09,0.0,24.353,42.31,6.366,272.87,SSP5-8.5
2028-02-10,0.0,24.361,40.22,5.463,273.56,SSP5-8.5
2028-02-11,0.0,24.127,38.556,3.67,277.63,SSP5-8.5
2028-02-12,0.0,24.581,38.383,6.011,281.07,SSP5-8.5
2028-02-13,0.0,25.443,38.36,11.294,282.34,SSP5-8.5
2028-02-14,0.0,25.374,39.712,10.805,278.43,SSP5-8.5
2028-02-15,0.0,25.048,37.657,8.009,281.59,SSP5-8.5
2028-02-16,0.0,24.698,34.402,11.279,290.91,SSP5-8.5
2028-02-17,0.0,24.156,30.291,8.047,301.62,SSP5-8.5
2028-02-18,0.0,23.758,32.513,6.535,296.23,SSP5-8.5
2028-02-19,0.0,25.351,36.78,5.979,269.48,SSP5-8.5
2028-02-20,0.0,25.676,38.084,8.138,281.07,SSP5-8.5
2028-02-21,0.0,25.827,35.923,8.472,281.31,SSP5-8.5
2028-02-22,0.0,24.475,26.651,13.895,293.48,SSP5-8.5
2028-02-23,0.0,23.979,25.787,11.454,318.33,SSP5-8.5
2028-02-24,0.0,23.626,28.503,9.413,317.2,SSP5-8.5
2028-02-25,0.0,25.153,39.915,10.414,293.37,SSP5-8.5
2028-02-26,0.0,26.212,39.787,9.037,286.79,SSP5-8.5
2028-02-27,0.0,26.199,39.108,8.646,287.25,SSP5-8.5
2028-02-28,0.0,26.461,33.504,8.739,285.0,SSP5-8.5
2028-02-29,0.0,26.237,31.386,7.816,289.76,SSP5-8.5
2028-03-01,0.0,26.853,31.13,7.727,294.68,SSP5-8.5
2028-03-02,0.0,26.966,29.137,8.196,297.93,SSP5-8.5
2028-03-03,0.0,27.397,30.833,10.141,293.82,SSP5-8.5
2028-03-04,0.0,27.335,33.509,8.143,298.7,SSP5-8.5
2028-03-05,0.0,26.962,31.435,5.793,312.46,SSP5-8.5
2028-03-06,0.0,27.074,32.333,5.654,312.1,SSP5-8.5
2028-03-07,0.0,27.652,32.169,8.203,285.65,SSP5-8.5
2028-03-08,0.0,28.262,30.828,11.05,297.34,SSP5-8.5
2028-03-09,0.0,27.962,28.252,11.501,294.88,SSP5-8.5
2028-03-10,0.0,27.717,30.86,10.891,282.85,SSP5-8.5
2028-03-11,0.0,27.065,33.373,10.45,276.52,SSP5-8.5
2028-03-12,0.0,27.164,36.541,10.552,279.28,SSP5-8.5
2028-03-13,0.0,27.934,35.586,9.561,312.02,SSP5-8.5
2028-03-14,0.0,28.327,34.747,7.662,299.11,SSP5-8.5
2028-03-15,0.0,28.686,31.887,7.933,275.68,SSP5-8.5
2028-03-16,0.0,28.678,30.09,10.292,280.81,SSP5-8.5
2028-03-17,0.0,28.426,26.234,11.469,279.14,SSP5-8.5
2028-03-18,0.0,28.14,27.377,10.728,310.97,SSP5-8.5
2028-03-19,0.0,28.494,27.857,8.858,304.69,SSP5-8.5
2028-03-20,0.0,28.59,27.693,7.672,294.55,SSP5-8.5
2028-03-21,0.0,28.605,31.34,6.791,256.69,SSP5-8.5
2028-03-22,0.0,29.179,29.844,6.249,272.53,SSP5-8.5
2028-03-23,0.0002,29.371,29.524,5.731,277.72,SSP5-8.5
2028-03-24,0.0359,28.614,36.834,6.74,227.02,SSP5-8.5
2028-03-25,0.1559,29.385,35.947,11.917,283.68,SSP5-8.5
2028-03-26,0.0137,29.447,35.707,8.569,282.73,SSP5-8.5
2028-03-27,0.0024,29.389,35.668,6.221,261.84,SSP5-8.5
2028-03-28,0.0,30.027,32.739,6.903,299.96,SSP5-8.5
2028-03-29,0.0001,30.415,30.672,5.501,289.31,SSP5-8.5
2028-03-30,0.0,30.905,29.896,4.439,271.4,SSP5-8.5
2028-03-31,0.0733,29.748,33.545,8.317,237.72,SSP5-8.5
2028-04-01,0.1935,24.165,49.474,5.112,186.31,SSP5-8.5
2028-04-02,0.0,27.69,30.355,6.556,310.27,SSP5-8.5
2028-04-03,0.0,29.223,28.272,5.212,322.92,SSP5-8.5
2028-04-04,0.0,30.503,32.349,7.045,296.37,SSP5-8.5
2028-04-05,0.0,29.789,39.426,7.335,296.66,SSP5-8.5
2028-04-06,0.0,29.697,38.681,4.918,256.57,SSP5-8.5
2028-04-07,0.0,30.361,30.813,5.547,304.75,SSP5-8.5
2028-04-08,0.0,30.902,29.149,6.002,317.05,SSP5-8.5
2028-04-09,0.0065,31.579,27.422,9.373,313.6,SSP5-8.5
2028-04-10,0.5807,26.6,47.589,7.38,200.76,SSP5-8.5
2028-04-11,0.0,30.353,28.738,8.757,331.23,SSP5-8.5
2028-04-12,0.0,29.716,23.484,7.553,353.36,SSP5-8.5
2028-04-13,0.0,29.746,25.396,4.472,333.11,SSP5-8.5
2028-04-14,0.0,30.344,28.739,8.647,305.38,SSP5-8.5
2028-04-15,0.0436,30.882,30.026,9.374,262.05,SSP5-8.5
2028-04-16,0.0,31.408,27.567,8.143,310.52,SSP5-8.5
2028-04-17,0.0,30.118,22.972,7.85,308.96,SSP5-8.5
2028-04-18,0.0,30.036,22.633,5.913,299.15,SSP5-8.5
2028-04-19,0.0,30.382,28.865,8.617,277.51,SSP5-8.5
2028-04-20,0.0,30.786,26.838,10.411,343.39,SSP5-8.5
2028-04-21,0.0,30.627,23.724,10.011,347.32,SSP5-8.5
2028-04-22,0.0,30.961,23.427,9.444,304.44,SSP5-8.5
2028-04-23,0.0,30.749,24.02,9.28,335.62,SSP5-8.5
2028-04-24,0.0,31.177,25.215,10.27,332.06,SSP5-8.5
2028-04-25,0.0,31.358,26.11,12.307,328.47,SSP5-8.5
2028-04-26,0.0,31.272,25.055,10.967,323.61,SSP5-8.5
2028-04-27,0.0,30.615,23.966,9.957,338.88,SSP5-8.5
2028-04-28,0.0,32.011,24.049,8.841,326.08,SSP5-8.5
2028-04-29,0.0,32.064,23.783,7.92,308.61,SSP5-8.5
2028-04-30,0.0,32.488,23.842,10.952,307.96,SSP5-8.5
2028-05-01,0.0,33.166,24.441,7.603,317.12,SSP5-8.5
2028-05-02,0.0,33.077,25.628,6.066,269.87,SSP5-8.5
2028-05-03,0.0,32.991,25.192,5.35,299.63,SSP5-8.5
2028-05-04,0.0,33.122,27.371,5.408,250.59,SSP5-8.5
2028-05-05,0.0,32.903,25.098,6.726,309.48,SSP5-8.5
2028-05-06,0.0,33.608,24.609,7.001,278.17,SSP5-8.5
2028-05-07,0.0,33.577,22.351,6.639,309.36,SSP5-8.5
2028-05-08,0.0,33.972,20.884,9.823,323.0,SSP5-8.5
2028-05-09,0.0,33.908,21.266,9.36,335.79,SSP5-8.5
2028-05-10,0.0,33.75,19.972,8.629,341.54,SSP5-8.5
2028-05-11,0.0,33.595,18.856,8.962,328.47,SSP5-8.5
2028-05-12,0.0,33.971,21.088,8.669,304.98,SSP5-8.5
2028-05-13,0.0241,34.161,23.025,7.761,322.74,SSP5-8.5
2028-05-14,0.0116,33.758,26.313,10.61,294.9,SSP5-8.5
2028-05-15,0.0,33.701,24.981,9.003,335.2,SSP5-8.5
2028-05-16,0.0,34.021,25.338,8.513,309.94,SSP5-8.5
2028-05-17,0.0077,33.82,27.777,9.586,278.97,SSP5-8.5
2028-05-18,0.0,33.825,25.113,7.652,319.35,SSP5-8.5
2028-05-19,0.0,34.265,22.462,6.67,326.68,SSP5-8.5
2028-05-20,0.0095,34.705,22.38,7.79,302.27,SSP5-8.5
2028-05-21,0.2057,33.995,27.389,7.818,296.12,SSP5-8.5
2028-05-22,0.0215,32.55,32.64,7.796,239.27,SSP5-8.5
2028-05-23,0.0,32.656,35.33,7.403,243.41,SSP5-8.5
2028-05-24,0.3296,33.325,36.563,7.45,309.72,SSP5-8.5
2028-05-25,0.0502,33.575,31.876,6.35,323.67,SSP5-8.5
2028-05-26,0.2245,33.955,32.867,6.569,309.03,SSP5-8.5
2028-05-27,0.0,33.966,31.566,5.99,319.84,SSP5-8.5
2028-05-28,2.1081,33.792,39.444,7.678,279.46,SSP5-8.5
2028-05-29,12.9517,31.796,58.039,6.014,263.27,SSP5-8.5
2028-05-30,0.7123,32.035,51.689,11.392,284.85,SSP5-8.5
2028-05-31,1.3906,29.706,62.968,11.871,239.1,SSP5-8.5
2028-06-01,0.0,32.331,45.199,8.812,300.49,SSP5-8.5
2028-06-02,0.2441,32.468,43.206,10.701,302.05,SSP5-8.5
2028-06-03,0.0741,27.422,63.885,11.989,203.68,SSP5-8.5
2028-06-04,0.0,29.555,53.382,13.163,263.3,SSP5-8.5
2028-06-05,0.0,30.925,43.986,10.44,288.66,SSP5-8.5
2028-06-06,0.0,31.829,40.5,14.905,287.88,SSP5-8.5
2028-06-07,0.0,31.237,45.234,15.578,281.67,SSP5-8.5
2028-06-08,0.1287,30.797,52.116,17.985,288.16,SSP5-8.5
2028-06-09,23.7224,28.411,71.158,16.763,244.29,SSP5-8.5
2028-06-10,2.0676,26.786,78.757,10.797,212.07,SSP5-8.5
2028-06-11,0.4811,28.861,65.44,14.79,262.33,SSP5-8.5
2028-06-12,15.6413,26.52,83.738,11.123,189.53,SSP5-8.5
2028-06-13,0.032,26.801,77.876,12.614,231.95,SSP5-8.5
2028-06-14,0.5438,28.618,69.718,11.921,287.2,SSP5-8.5
2028-06-15,19.7414,26.982,80.685,12.801,226.76,SSP5-8.5
2028-06-16,16.2758,27.615,79.335,11.162,253.19,SSP5-8.5
2028-06-17,9.1894,27.414,80.716,10.725,260.58,SSP5-8.5
2028-06-18,0.0007,28.159,72.275,12.723,288.11,SSP5-8.5
2028-06-19,0.0,28.742,65.087,14.819,306.23,SSP5-8.5
2028-06-20,0.0,28.982,63.425,15.577,298.74,SSP5-8.5
2028-06-21,0.0,28.582,64.693,16.099,277.75,SSP5-8.5
2028-06-22,0.0,28.882,62.446,16.051,294.09,SSP5-8.5
2028-06-23,0.4028,28.78,66.249,16.356,252.63,SSP5-8.5
2028-06-24,0.0,28.063,72.541,17.465,257.41,SSP5-8.5
2028-06-25,2.0091,27.314,75.546,17.843,224.67,SSP5-8.5
2028-06-26,35.7546,25.792,90.377,19.232,151.3,SSP5-8.5
2028-06-27,36.1763,24.131,92.049,19.601,129.38,SSP5-8.5
2028-06-28,0.0414,25.835,87.085,14.139,207.16,SSP5-8.5
2028-06-29,1.2414,26.823,83.664,13.89,252.84,SSP5-8.5
2028-06-30,0.0,27.209,80.247,14.473,274.27,SSP5-8.5
2028-07-01,2.6175,26.653,82.156,15.286,234.01,SSP5-8.5
2028-07-02,26.9633,25.723,89.013,15.98,198.62,SSP5-8.5
2028-07-03,37.5964,24.262,93.73,14.685,140.89,SSP5-8.5
2028-07-04,18.5939,24.64,91.54,12.737,181.9,SSP5-8.5
2028-07-05,30.9211,24.067,93.734,14.255,155.89,SSP5-8.5
2028-07-06,28.2166,24.311,93.305,12.861,141.55,SSP5-8.5
2028-07-07,48.3241,24.645,94.561,11.496,174.39,SSP5-8.5
2028-07-08,21.1397,24.095,93.148,15.299,158.94,SSP5-8.5
2028-07-09,11.131,25.883,88.578,13.273,224.46,SSP5-8.5
2028-07-10,30.5941,24.142,93.417,14.68,167.91,SSP5-8.5
2028-07-11,38.2839,23.818,94.548,15.525,125.03,SSP5-8.5
2028-07-12,14.4498,24.917,92.042,13.523,167.72,SSP5-8.5
2028-07-13,0.1694,25.472,90.351,12.953,209.07,SSP5-8.5
2028-07-14,11.6903,26.445,88.771,13.058,238.39,SSP5-8.5
2028-07-15,3.4535,25.809,90.824,11.822,215.94,SSP5-8.5
2028-07-16,0.4075,26.239,87.282,12.247,247.51,SSP5-8.5
2028-07-17,0.0,26.379,85.242,12.469,256.58,SSP5-8.5
2028-07-18,0.0082,26.094,87.14,14.314,232.4,SSP5-8.5
2028-07-19,0.1262,25.8,88.991,12.275,210.45,SSP5-8.5
2028-07-20,0.0133,26.024,87.952,11.18,230.23,SSP5-8.5
2028-07-21,0.0,26.555,83.778,13.214,283.41,SSP5-8.5
2028-07-22,1.301,26.279,88.335,11.363,235.76,SSP5-8.5
2028-07-23,0.0768,25.792,90.312,8.949,219.85,SSP5-8.5
2028-07-24,0.0115,26.085,88.079,4.671,265.81,SSP5-8.5
2028-07-25,1.6025,26.993,89.108,5.562,244.0,SSP5-8.5
2028-07-26,2.4056,26.811,89.46,5.603,248.19,SSP5-8.5
2028-07-27,0.17,26.961,89.082,3.596,250.51,SSP5-8.5
2028-07-28,0.2081,27.328,88.542,5.248,254.29,SSP5-8.5
2028-07-29,1.464,27.01,88.877,7.521,230.95,SSP5-8.5
2028-07-30,27.7856,25.631,92.239,10.873,197.21,SSP5-8.5
2028-07-31,16.2745,25.02,92.435,12.514,174.31,SSP5-8.5
2028-08-01,9.874,25.948,91.952,11.697,190.2,SSP5-8.5
2028-08-02,19.4511,25.994,93.444,12.831,180.04,SSP5-8.5
2028-08-03,9.9959,26.125,94.021,10.684,188.94,SSP5-8.5
2028-08-04,9.585,26.842,91.611,9.111,227.94,SSP5-8.5
2028-08-05,0.4293,27.292,88.092,11.764,258.2,SSP5-8.5
2028-08-06,0.6337,27.167,87.075,15.541,247.75,SSP5-8.5
2028-08-07,0.1178,26.812,89.519,12.005,213.49,SSP5-8.5
2028-08-08,2.1441,26.636,91.571,11.975,200.33,SSP5-8.5
2028-08-09,18.0477,26.52,91.939,14.115,191.59,SSP5-8.5
2028-08-10,0.5764,26.547,90.73,15.513,207.34,SSP5-8.5
2028-08-11,0.0,26.804,87.762,15.448,224.27,SSP5-8.5
2028-08-12,0.0,26.63,90.155,13.974,213.86,SSP5-8.5
2028-08-13,26.2716,26.525,91.909,11.141,209.7,SSP5-8.5
2028-08-14,18.7626,25.547,95.465,11.167,160.68,SSP5-8.5
2028-08-15,2.1603,26.04,93.989,11.587,203.11,SSP5-8.5
2028-08-16,0.0137,26.418,92.406,10.765,216.28,SSP5-8.5
2028-08-17,0.0,26.894,89.739,11.619,232.54,SSP5-8.5
2028-08-18,0.0,26.978,88.496,10.531,238.7,SSP5-8.5
2028-08-19,0.0,26.891,87.735,11.771,243.76,SSP5-8.5
2028-08-20,0.094,26.874,87.924,10.832,251.61,SSP5-8.5
2028-08-21,0.4026,26.488,90.827,11.481,215.55,SSP5-8.5
2028-08-22,0.0,26.566,90.407,9.337,216.92,SSP5-8.5
2028-08-23,2.3631,26.968,88.94,10.083,244.96,SSP5-8.5
2028-08-24,16.2927,25.827,94.637,8.153,181.88,SSP5-8.5
2028-08-25,18.3897,26.828,93.431,7.415,231.0,SSP5-8.5
2028-08-26,19.2076,26.916,93.908,5.271,233.6,SSP5-8.5
2028-08-27,21.772,26.809,93.714,9.12,230.53,SSP5-8.5
2028-08-28,0.0,26.591,93.255,9.401,210.71,SSP5-8.5
2028-08-29,0.0162,26.183,93.829,10.366,207.4,SSP5-8.5
2028-08-30,0.0,26.645,92.606,9.688,213.14,SSP5-8.5
2028-08-31,1.4724,26.934,90.966,10.413,220.04,SSP5-8.5
2028-09-01,11.8099,26.296,90.411,10.431,232.19,SSP5-8.5
2028-09-02,0.1009,26.044,91.158,10.498,227.46,SSP5-8.5
2028-09-03,4.8843,25.667,93.205,10.113,191.65,SSP5-8.5
2028-09-04,0.0,26.028,87.282,12.833,234.95,SSP5-8.5
2028-09-05,0.0,26.069,89.604,12.045,216.8,SSP5-8.5
2028-09-06,0.0,26.425,86.385,14.503,253.69,SSP5-8.5
2028-09-07,15.7719,26.154,90.048,12.407,223.92,SSP5-8.5
2028-09-08,18.7572,25.937,94.885,9.675,209.9,SSP5-8.5
2028-09-09,10.3321,25.954,95.096,7.714,205.52,SSP5-8.5
2028-09-10,11.0546,26.057,93.959,4.689,213.03,SSP5-8.5
2028-09-11,32.2931,25.952,95.415,3.656,218.0,SSP5-8.5
2028-09-12,6.6302,26.041,94.719,3.36,219.97,SSP5-8.5
2028-09-13,2.1463,26.321,91.191,4.727,231.59,SSP5-8.5
2028-09-14,13.0753,26.302,92.181,8.769,227.22,SSP5-8.5
2028-09-15,0.0,26.092,89.91,11.657,232.53,SSP5-8.5
2028-09-16,0.0,26.298,86.289,12.707,255.98,SSP5-8.5
2028-09-17,0.0,26.257,83.826,12.921,248.13,SSP5-8.5
2028-09-18,0.0,26.177,82.157,13.531,250.25,SSP5-8.5
2028-09-19,0.0,26.335,80.134,14.072,262.83,SSP5-8.5
2028-09-20,0.0,26.472,79.986,14.028,269.38,SSP5-8.5
2028-09-21,0.0,26.507,81.192,14.983,256.57,SSP5-8.5
2028-09-22,0.0,26.622,80.276,13.913,272.81,SSP5-8.5
2028-09-23,0.0,26.688,78.476,13.054,276.59,SSP5-8.5
2028-09-24,0.0,26.584,76.543,11.09,287.41,SSP5-8.5
2028-09-25,0.0,26.277,77.763,10.036,293.24,SSP5-8.5
2028-09-26,0.0,26.182,79.387,8.356,289.29,SSP5-8.5
2028-09-27,0.0,26.244,80.247,7.185,300.19,SSP5-8.5
2028-09-28,0.0,26.279,78.994,6.868,296.42,SSP5-8.5
2028-09-29,0.0,26.274,78.963,7.004,277.82,SSP5-8.5
2028-09-30,0.0,26.093,84.024,6.311,228.09,SSP5-8.5
2028-10-01,0.0,25.646,81.505,6.015,239.83,SSP5-8.5
2028-10-02,0.0035,24.964,90.609,4.821,191.85,SSP5-8.5
2028-10-03,0.0,25.297,88.212,2.813,196.09,SSP5-8.5
2028-10-04,0.0,25.775,82.676,4.537,226.83,SSP5-8.5
2028-10-05,0.0,26.196,78.759,4.371,245.25,SSP5-8.5
2028-10-06,0.0,25.871,83.491,3.966,225.16,SSP5-8.5
2028-10-07,0.0,26.25,82.332,3.259,242.04,SSP5-8.5
2028-10-08,0.0,26.524,80.996,3.852,250.96,SSP5-8.5
2028-10-09,0.0,26.657,80.143,4.767,259.53,SSP5-8.5
2028-10-10,0.0,26.196,84.843,5.927,236.19,SSP5-8.5
2028-10-11,0.0,25.945,82.554,5.89,254.81,SSP5-8.5
2028-10-12,0.0,26.351,76.69,5.75,273.42,SSP5-8.5
2028-10-13,0.0,26.328,78.34,6.003,260.92,SSP5-8.5
2028-10-14,0.0,26.285,78.074,6.494,256.9,SSP5-8.5
2028-10-15,0.0,26.279,77.192,6.768,264.78,SSP5-8.5
2028-10-16,0.0,25.878,73.321,7.781,274.13,SSP5-8.5
2028-10-17,0.0,25.599,71.906,8.172,270.51,SSP5-8.5
2028-10-18,0.0,25.217,80.834,8.48,245.08,SSP5-8.5
2028-10-19,0.0,25.117,80.236,8.062,244.91,SSP5-8.5
2028-10-20,0.0,25.201,80.287,7.97,249.66,SSP5-8.5
2028-10-21,0.0083,25.341,76.963,8.213,246.29,SSP5-8.5
2028-10-22,0.0,25.19,77.235,7.095,248.9,SSP5-8.5
2028-10-23,0.0,25.4,76.592,6.079,244.51,SSP5-8.5
2028-10-24,0.0,25.048,78.217,6.936,237.94,SSP5-8.5
2028-10-25,0.0,25.248,79.694,7.357,239.41,SSP5-8.5
2028-10-26,0.6386,25.2,80.708,8.105,224.21,SSP5-8.5
2028-10-27,0.3236,24.109,82.758,6.76,213.79,SSP5-8.5
2028-10-28,0.9464,24.54,80.982,8.582,213.16,SSP5-8.5
2028-10-29,5.2396,23.62,85.105,9.462,198.02,SSP5-8.5
2028-10-30,0.5158,24.437,80.902,10.04,223.87,SSP5-8.5
2028-10-31,0.0105,24.799,79.471,8.917,239.05,SSP5-8.5
2028-11-01,0.0,24.833,79.253,7.133,221.65,SSP5-8.5
2028-11-02,0.0,24.834,78.103,6.108,240.3,SSP5-8.5
2028-11-03,0.0,25.237,76.586,7.017,240.35,SSP5-8.5
2028-11-04,0.0,25.058,75.282,6.551,240.86,SSP5-8.5
2028-11-05,0.0,24.652,78.617,5.918,218.81,SSP5-8.5
2028-11-06,0.0,25.141,77.159,7.209,229.39,SSP5-8.5
2028-11-07,0.0,24.759,79.782,7.204,230.39,SSP5-8.5
2028-11-08,0.0,24.954,77.582,7.226,235.1,SSP5-8.5
2028-11-09,0.0,24.695,78.421,5.598,204.71,SSP5-8.5
2028-11-10,0.0,24.569,73.641,6.11,209.29,SSP5-8.5
2028-11-11,0.0,23.871,79.614,5.22,193.41,SSP5-8.5
2028-11-12,0.0,23.28,83.21,6.052,185.32,SSP5-8.5
2028-11-13,0.0,24.733,67.104,5.303,226.59,SSP5-8.5
2028-11-14,0.0027,23.412,78.073,5.97,194.49,SSP5-8.5
2028-11-15,0.0,23.777,74.463,4.331,196.74,SSP5-8.5
2028-11-16,0.0,23.673,77.965,5.978,183.01,SSP5-8.5
2028-11-17,0.0,23.609,72.346,5.578,193.39,SSP5-8.5
2028-11-18,0.0,23.638,64.082,6.492,207.88,SSP5-8.5
2028-11-19,0.0,23.552,69.029,4.57,225.01,SSP5-8.5
2028-11-20,0.0,23.628,67.371,7.596,211.76,SSP5-8.5
2028-11-21,0.0,22.968,59.894,8.216,224.66,SSP5-8.5
2028-11-22,0.0,22.426,54.403,8.268,239.09,SSP5-8.5
2028-11-23,0.0,21.989,57.595,6.17,213.73,SSP5-8.5
2028-11-24,0.0,22.875,60.363,6.019,204.26,SSP5-8.5
2028-11-25,0.0,21.907,82.254,6.026,149.66,SSP5-8.5
2028-11-26,0.0,23.182,69.212,6.389,201.83,SSP5-8.5
2028-11-27,0.0,22.703,70.954,8.224,167.54,SSP5-8.5
2028-11-28,0.0071,22.532,74.742,7.002,158.34,SSP5-8.5
2028-11-29,0.0047,23.59,60.481,8.389,189.09,SSP5-8.5
2028-11-30,0.0,21.637,33.067,12.981,241.4,SSP5-8.5
2028-12-01,0.0,20.667,28.821,11.815,252.75,SSP5-8.5
2028-12-02,0.0,20.61,30.975,9.709,247.03,SSP5-8.5
2028-12-03,0.0,21.404,35.959,9.888,240.74,SSP5-8.5
2028-12-04,0.0,21.094,33.86,11.337,243.46,SSP5-8.5
2028-12-05,0.0,20.641,35.834,8.151,249.77,SSP5-8.5
2028-12-06,0.0,20.466,40.107,7.298,245.97,SSP5-8.5
2028-12-07,0.0,21.202,43.448,6.804,243.35,SSP5-8.5
2028-12-08,0.0,21.288,44.545,7.929,241.69,SSP5-8.5
2028-12-09,0.0,20.426,47.315,7.651,211.27,SSP5-8.5
2028-12-10,0.0,20.26,47.421,9.392,206.32,SSP5-8.5
2028-12-11,0.0,20.805,47.31,11.413,242.87,SSP5-8.5
2028-12-12,0.0,20.787,50.865,9.599,212.14,SSP5-8.5
2028-12-13,0.0,21.607,48.923,10.335,240.63,SSP5-8.5
2028-12-14,0.0,21.816,43.752,10.129,243.08,SSP5-8.5
2028-12-15,0.0,21.506,44.05,10.131,242.02,SSP5-8.5
2028-12-16,0.0,21.725,44.44,9.835,239.21,SSP5-8.5
2028-12-17,0.0,22.178,51.708,7.761,223.38,SSP5-8.5
2028-12-18,0.0,22.364,49.494,6.869,212.94,SSP5-8.5
2028-12-19,0.0,21.656,56.984,4.932,201.97,SSP5-8.5
2028-12-20,0.0,22.188,57.415,6.184,215.53,SSP5-8.5
2028-12-21,0.0,22.624,51.027,7.201,227.65,SSP5-8.5
2028-12-22,0.0,22.211,52.413,6.727,228.55,SSP5-8.5
2028-12-23,0.0,21.841,48.856,6.944,233.43,SSP5-8.5
2028-12-24,0.0,21.63,50.87,7.15,232.08,SSP5-8.5
2028-12-25,0.0,21.175,50.431,10.425,218.27,SSP5-8.5
2028-12-26,0.0,20.812,37.719,11.322,242.41,SSP5-8.5
2028-12-27,0.0,19.888,34.169,11.152,252.21,SSP5-8.5
2028-12-28,0.0,19.54,35.53,8.5,252.36,SSP5-8.5
2028-12-29,0.0,19.685,37.416,9.629,245.55,SSP5-8.5
2028-12-30,0.0,19.735,38.689,5.021,244.15,SSP5-8.5
2028-12-31,0.0,20.483,42.944,4.261,237.21,SSP5-8.5
2029-01-01,0.0,20.902,45.09,5.381,233.55,SSP5-8.5
2029-01-02,0.0,22.127,47.776,7.03,222.98,SSP5-8.5
2029-01-03,0.0,22.632,50.918,7.554,202.12,SSP5-8.5
2029-01-04,0.0,21.019,54.877,7.233,171.95,SSP5-8.5
2029-01-05,0.0,21.469,56.76,6.622,231.65,SSP5-8.5
2029-01-06,0.0,22.264,52.507,8.707,235.39,SSP5-8.5
2029-01-07,0.0,22.491,48.181,9.583,228.9,SSP5-8.5
2029-01-08,0.0,20.831,41.34,10.915,206.14,SSP5-8.5
2029-01-09,0.0,21.068,37.92,10.502,241.38,SSP5-8.5
2029-01-10,0.0,20.735,38.343,8.57,238.28,SSP5-8.5
2029-01-11,0.0,20.494,43.125,7.061,205.9,SSP5-8.5
2029-01-12,0.0,20.966,43.193,6.156,247.57,SSP5-8.5
2029-01-13,0.0,21.576,47.77,5.88,218.6,SSP5-8.5
2029-01-14,0.0,22.302,45.812,5.722,237.76,SSP5-8.5
2029-01-15,0.0,22.416,44.983,5.238,248.94,SSP5-8.5
2029-01-16,0.0,23.061,44.982,4.919,248.1,SSP5-8.5
2029-01-17,0.0,23.429,48.255,7.808,237.63,SSP5-8.5
2029-01-18,0.0,23.325,50.09,7.39,218.39,SSP5-8.5
2029-01-19,0.0,23.402,50.645,8.383,241.88,SSP5-8.5
2029-01-20,0.0,23.753,52.23,7.85,237.59,SSP5-8.5
2029-01-21,0.0,23.723,46.541,6.716,240.27,SSP5-8.5
2029-01-22,0.0,23.04,41.239,8.303,225.61,SSP5-8.5
2029-01-23,0.0,22.908,39.088,5.439,250.74,SSP5-8.5
2029-01-24,0.0,23.613,43.336,7.406,235.97,SSP5-8.5
2029-01-25,0.0,19.351,69.097,6.257,155.78,SSP5-8.5
2029-01-26,0.0,20.042,77.186,8.273,140.5,SSP5-8.5
2029-01-27,0.0,23.009,60.387,10.82,206.99,SSP5-8.5
2029-01-28,0.0,21.529,78.133,13.161,186.42,SSP5-8.5
2029-01-29,0.0,21.336,81.887,10.799,192.6,SSP5-8.5
2029-01-30,0.0,21.971,71.245,8.345,196.72,SSP5-8.5
2029-01-31,0.0,23.846,57.261,8.377,228.91,SSP5-8.5
2029-02-01,0.0,23.258,55.711,8.11,211.81,SSP5-8.5
2029-02-02,0.0,22.946,45.484,9.009,241.46,SSP5-8.5
2029-02-03,0.0,22.579,42.687,6.671,238.58,SSP5-8.5
2029-02-04,0.0,22.315,38.591,7.956,232.56,SSP5-8.5
2029-02-05,0.0,22.145,40.56,8.127,261.63,SSP5-8.5
2029-02-06,0.0,22.325,41.055,8.49,282.51,SSP5-8.5
2029-02-07,0.0,23.033,40.417,8.072,279.24,SSP5-8.5
2029-02-08,0.0,23.061,42.696,7.181,276.03,SSP5-8.5
2029-02-09,0.0,23.639,42.57,6.812,273.06,SSP5-8.5
2029-02-10,0.0,24.142,41.492,7.441,271.06,SSP5-8.5
2029-02-11,0.0,24.472,41.193,10.048,271.17,SSP5-8.5
2029-02-12,0.0,24.777,47.878,9.64,253.86,SSP5-8.5
2029-02-13,0.0,24.333,54.563,10.102,228.16,SSP5-8.5
2029-02-14,0.0,24.865,51.699,8.253,258.16,SSP5-8.5
2029-02-15,0.0,25.199,50.71,7.505,245.38,SSP5-8.5
2029-02-16,0.0,25.266,46.61,7.455,250.99,SSP5-8.5
2029-02-17,0.0,25.449,39.416,4.522,277.08,SSP5-8.5
2029-02-18,0.0,25.594,37.306,6.855,275.59,SSP5-8.5
2029-02-19,0.0,26.181,37.298,8.468,252.84,SSP5-8.5
2029-02-20,0.0,26.038,39.313,6.968,252.43,SSP5-8.5
2029-02-21,0.001,23.873,57.064,10.709,173.44,SSP5-8.5
2029-02-22,0.0,22.557,71.884,10.651,159.57,SSP5-8.5
2029-02-23,0.0,21.547,84.719,6.491,170.69,SSP5-8.5
2029-02-24,0.0,24.208,49.764,7.065,281.34,SSP5-8.5
2029-02-25,0.0,24.931,38.589,7.005,287.53,SSP5-8.5
2029-02-26,0.0,25.27,34.855,4.757,288.16,SSP5-8.5
2029-02-27,0.0,25.322,32.718,5.348,304.62,SSP5-8.5
2029-02-28,0.0,25.154,31.029,4.497,310.23,SSP5-8.5
2029-03-01,0.0,26.006,31.088,6.464,293.54,SSP5-8.5
2029-03-02,0.0,26.631,30.283,8.197,297.16,SSP5-8.5
2029-03-03,0.0,26.677,32.864,7.655,279.07,SSP5-8.5
2029-03-04,0.0,27.087,32.738,8.087,283.55,SSP5-8.5
2029-03-05,0.0,27.651,32.136,10.376,290.13,SSP5-8.5
2029-03-06,0.0,27.733,30.801,10.651,301.07,SSP5-8.5
2029-03-07,0.0,28.382,31.567,8.613,286.48,SSP5-8.5
2029-03-08,0.0,28.316,28.338,9.394,246.6,SSP5-8.5
2029-03-09,0.0,28.072,36.913,7.283,259.63,SSP5-8.5
2029-03-10,1.5736,24.431,69.107,8.838,191.42,SSP5-8.5
2029-03-11,0.0161,27.697,52.83,7.388,246.83,SSP5-8.5
2029-03-12,0.9176,25.943,59.684,8.866,216.45,SSP5-8.5
2029-03-13,0.0098,27.021,52.595,8.681,234.45,SSP5-8.5
2029-03-14,0.0535,26.784,52.319,7.936,231.26,SSP5-8.5
2029-03-15,0.0,27.165,48.468,4.749,237.92,SSP5-8.5
2029-03-16,0.0,28.582,37.338,6.033,298.1,SSP5-8.5
2029-03-17,0.0008,26.41,57.503,7.33,195.24,SSP5-8.5
2029-03-18,0.0874,29.326,42.634,7.968,260.45,SSP5-8.5
2029-03-19,0.0,29.045,35.726,6.655,270.78,SSP5-8.5
2029-03-20,0.0,28.161,27.105,8.997,328.41,SSP5-8.5
2029-03-21,0.0044,27.995,32.718,7.814,313.39,SSP5-8.5
2029-03-22,4.6308,28.187,50.175,8.719,259.45,SSP5-8.5
2029-03-23,0.0,28.996,43.486,6.149,289.5,SSP5-8.5
2029-03-24,0.0,28.881,40.206,5.887,253.78,SSP5-8.5
2029-03-25,0.0005,29.345,37.702,4.023,281.02,SSP5-8.5
2029-03-26,0.0,30.012,31.979,5.465,314.67,SSP5-8.5
2029-03-27,0.0,30.123,30.551,4.735,296.21,SSP5-8.5
2029-03-28,0.0,29.867,29.281,5.126,291.51,SSP5-8.5
2029-03-29,0.0,30.027,31.242,5.04,257.3,SSP5-8.5
2029-03-30,0.0,29.768,29.78,4.476,298.03,SSP5-8.5
2029-03-31,0.0,30.144,29.695,7.391,296.59,SSP5-8.5
2029-04-01,0.0,30.287,29.9,8.105,311.07,SSP5-8.5
2029-04-02,0.0,30.769,28.537,8.026,305.25,SSP5-8.5
2029-04-03,0.0,30.841,28.709,6.738,298.66,SSP5-8.5
2029-04-04,0.0,30.956,29.475,6.249,296.84,SSP5-8.5
2029-04-05,0.0,30.967,29.69,6.445,297.22,SSP5-8.5
2029-04-06,0.0,31.489,29.011,5.116,288.99,SSP5-8.5
2029-04-07,0.0,31.23,30.699,4.621,246.54,SSP5-8.5
2029-04-08,0.0,30.679,29.089,4.729,247.56,SSP5-8.5
2029-04-09,0.3241,30.968,31.483,6.64,289.99,SSP5-8.5
2029-04-10,0.2942,29.751,38.675,9.147,263.25,SSP5-8.5
2029-04-11,0.0,30.464,32.88,5.538,318.93,SSP5-8.5
2029-04-12,0.0,31.22,30.607,6.146,314.9,SSP5-8.5
2029-04-13,0.0,31.442,29.188,6.099,321.03,SSP5-8.5
2029-04-14,0.0,31.913,30.355,5.141,302.66,SSP5-8.5
2029-04-15,0.1112,32.185,30.427,5.275,286.93,SSP5-8.5
2029-04-16,0.0,29.63,37.115,4.79,238.55,SSP5-8.5
2029-04-17,0.0,31.234,28.215,5.095,331.67,SSP5-8.5
2029-04-18,0.0,32.005,25.16,6.119,328.56,SSP5-8.5
2029-04-19,0.0,31.85,25.701,5.364,307.06,SSP5-8.5
2029-04-20,0.0326,31.601,31.771,10.418,290.63,SSP5-8.5
2029-04-21,0.0,31.805,30.115,7.995,287.94,SSP5-8.5
2029-04-22,0.0,31.735,27.448,7.038,320.4,SSP5-8.5
2029-04-23,0.0,32.04,27.671,5.549,281.53,SSP5-8.5
2029-04-24,0.0203,32.294,28.857,6.042,310.55,SSP5-8.5
2029-04-25,0.0,32.376,27.583,7.858,324.13,SSP5-8.5
2029-04-26,0.0,32.681,23.259,8.071,346.78,SSP5-8.5
2029-04-27,0.0,32.971,23.553,7.327,334.98,SSP5-8.5
2029-04-28,0.0,33.362,25.088,7.647,327.44,SSP5-8.5
2029-04-29,0.0,33.548,27.742,9.495,298.51,SSP5-8.5
2029-04-30,0.0162,33.358,28.711,8.442,296.43,SSP5-8.5
2029-05-01,0.0,33.253,26.628,7.242,317.69,SSP5-8.5
2029-05-02,0.0068,33.558,25.077,9.136,306.63,SSP5-8.5
2029-05-03,0.0071,33.83,24.124,8.839,305.87,SSP5-8.5
2029-05-04,0.0,33.708,23.053,9.17,305.26,SSP5-8.5
2029-05-05,0.0,33.726,23.117,11.176,302.22,SSP5-8.5
2029-05-06,0.0,33.975,23.157,11.163,279.09,SSP5-8.5
2029-05-07,0.0,33.702,21.484,12.451,318.21,SSP5-8.5
2029-05-08,0.0,33.607,21.506,10.35,340.14,SSP5-8.5
2029-05-09,0.0,33.537,19.996,9.647,353.22,SSP5-8.5
2029-05-10,0.0,33.91,21.344,9.289,331.27,SSP5-8.5
2029-05-11,0.0289,33.896,26.225,8.178,299.83,SSP5-8.5
2029-05-12,0.6411,33.475,28.365,6.817,294.64,SSP5-8.5
2029-05-13,0.0,33.438,26.595,6.356,322.95,SSP5-8.5
2029-05-14,0.0026,34.03,26.615,5.932,294.08,SSP5-8.5
2029-05-15,0.0472,33.985,26.403,8.685,297.6,SSP5-8.5
2029-05-16,0.0375,33.779,27.365,11.502,296.51,SSP5-8.5
2029-05-17,0.0,33.872,25.551,8.447,285.53,SSP5-8.5
2029-05-18,0.0,34.01,22.892,7.336,328.78,SSP5-8.5
2029-05-19,0.0,34.244,22.609,6.762,332.68,SSP5-8.5
2029-05-20,0.0018,34.637,23.944,6.326,304.9,SSP5-8.5
2029-05-21,0.0,34.663,22.702,7.212,318.19,SSP5-8.5
2029-05-22,0.0,34.893,23.386,7.951,287.56,SSP5-8.5
2029-05-23,0.0,34.691,19.482,10.692,335.79,SSP5-8.5
2029-05-24,0.0,35.382,17.794,12.241,351.8,SSP5-8.5
2029-05-25,0.0,35.413,17.695,12.54,355.88,SSP5-8.5
2029-05-26,0.0,35.166,18.228,13.071,356.08,SSP5-8.5
2029-05-27,0.0,35.056,19.386,14.765,354.69,SSP5-8.5
2029-05-28,0.0,35.512,20.88,14.635,325.2,SSP5-8.5
2029-05-29,0.0,35.254,21.119,15.343,356.65,SSP5-8.5
2029-05-30,0.0,35.454,20.988,13.599,350.45,SSP5-8.5
2029-05-31,0.0007,35.636,21.583,13.225,326.36,SSP5-8.5
2029-06-01,0.0,35.075,23.07,12.979,335.0,SSP5-8.5
2029-06-02,0.0,35.266,23.636,10.76,306.72,SSP5-8.5
2029-06-03,2.3954,35.062,25.143,7.401,311.51,SSP5-8.5
2029-06-04,0.0,33.333,38.833,9.974,258.35,SSP5-8.5
2029-06-05,1.3515,34.642,30.789,10.848,302.07,SSP5-8.5
2029-06-06,2.8956,33.565,42.212,9.137,270.58,SSP5-8.5
2029-06-07,1.1834,34.458,36.446,8.798,300.82,SSP5-8.5
2029-06-08,0.0,34.729,33.158,11.626,295.59,SSP5-8.5
2029-06-09,0.0,34.895,28.884,12.79,299.42,SSP5-8.5
2029-06-10,0.0,34.979,27.675,14.966,315.04,SSP5-8.5
2029-06-11,0.0,33.072,38.727,14.759,267.38,SSP5-8.5
2029-06-12,0.0,33.755,41.073,15.393,278.46,SSP5-8.5
2029-06-13,0.0,31.824,48.062,15.521,267.12,SSP5-8.5
2029-06-14,0.0,33.453,46.646,16.886,287.19,SSP5-8.5
2029-06-15,0.0,33.051,47.208,17.621,289.11,SSP5-8.5
2029-06-16,0.0,30.75,51.498,17.432,267.45,SSP5-8.5
2029-06-17,0.0,30.88,54.779,17.38,270.71,SSP5-8.5
2029-06-18,0.0,29.992,58.668,15.481,261.03,SSP5-8.5
2029-06-19,0.9335,29.553,61.468,15.036,249.55,SSP5-8.5
2029-06-20,3.0519,30.109,61.296,12.989,269.67,SSP5-8.5
2029-06-21,0.0,29.993,59.963,9.998,262.69,SSP5-8.5
2029-06-22,0.0,31.977,51.463,13.243,289.08,SSP5-8.5
2029-06-23,0.0,32.193,48.864,14.488,325.71,SSP5-8.5
2029-06-24,0.0,31.309,53.192,15.734,290.08,SSP5-8.5
2029-06-25,0.0411,31.949,53.211,13.35,293.95,SSP5-8.5
2029-06-26,4.0921,31.672,56.548,14.287,293.34,SSP5-8.5
2029-06-27,0.0861,29.057,63.102,14.1,254.78,SSP5-8.5
2029-06-28,0.0445,27.054,75.868,13.613,209.67,SSP5-8.5
2029-06-29,1.0655,28.955,63.894,16.722,274.55,SSP5-8.5
2029-06-30,0.0,29.145,59.997,17.067,277.9,SSP5-8.5
2029-07-01,0.0299,29.24,61.33,13.275,234.29,SSP5-8.5
2029-07-02,3.6958,27.539,75.21,11.982,222.92,SSP5-8.5
2029-07-03,0.0353,27.55,77.848,14.3,239.07,SSP5-8.5
2029-07-04,0.0,28.434,68.766,14.254,243.56,SSP5-8.5
2029-07-05,1.605,29.285,67.269,15.895,281.76,SSP5-8.5
2029-07-06,20.4432,27.105,82.201,14.67,213.28,SSP5-8.5
2029-07-07,27.9803,26.07,92.985,12.707,128.35,SSP5-8.5
2029-07-08,0.0709,26.509,87.032,14.29,213.5,SSP5-8.5
2029-07-09,0.0,26.374,85.372,16.717,209.33,SSP5-8.5
2029-07-10,41.0927,26.722,88.255,15.03,226.59,SSP5-8.5
2029-07-11,18.5937,26.176,92.139,4.881,214.81,SSP5-8.5
2029-07-12,2.0758,27.07,87.529,11.455,245.47,SSP5-8.5
2029-07-13,3.9473,27.33,84.444,13.131,235.87,SSP5-8.5
2029-07-14,37.461,26.086,91.336,15.223,201.55,SSP5-8.5
2029-07-15,44.7219,25.518,93.947,18.0,138.99,SSP5-8.5
2029-07-16,4.264,26.042,89.294,16.861,204.31,SSP5-8.5
2029-07-17,0.5361,26.115,86.516,15.352,213.95,SSP5-8.5
2029-07-18,0.2755,26.142,88.164,12.533,212.0,SSP5-8.5
2029-07-19,0.0,27.339,83.154,12.825,257.22,SSP5-8.5
2029-07-20,2.4385,27.602,82.989,13.793,259.23,SSP5-8.5
2029-07-21,0.0,26.986,83.461,14.163,248.69,SSP5-8.5
2029-07-22,0.1213,26.807,83.638,15.852,231.57,SSP5-8.5
2029-07-23,0.4354,26.416,87.114,15.176,225.29,SSP5-8.5
2029-07-24,0.2822,26.517,86.976,12.947,226.62,SSP5-8.5
2029-07-25,0.0,27.372,83.364,11.89,264.15,SSP5-8.5
2029-07-26,0.0,27.341,83.689,10.615,250.66,SSP5-8.5
2029-07-27,0.0,26.974,85.03,10.52,243.32,SSP5-8.5
2029-07-28,0.0,27.976,79.338,11.839,288.94,SSP5-8.5
2029-07-29,0.0,27.3,80.995,12.202,250.86,SSP5-8.5
2029-07-30,0.0,26.928,83.544,10.375,222.31,SSP5-8.5
2029-07-31,14.9566,26.464,88.667,9.459,219.5,SSP5-8.5
2029-08-01,15.1977,26.559,92.663,9.123,190.65,SSP5-8.5
2029-08-02,0.061,27.177,88.104,9.122,219.69,SSP5-8.5
2029-08-03,0.0,27.736,79.619,11.555,271.37,SSP5-8.5
2029-08-04,0.0,28.13,79.77,12.37,267.63,SSP5-8.5
2029-08-05,0.1001,27.369,86.152,8.537,217.91,SSP5-8.5
2029-08-06,14.8205,27.463,89.654,6.538,220.0,SSP5-8.5
2029-08-07,19.4931,27.159,91.888,5.332,217.31,SSP5-8.5
2029-08-08,0.2004,27.698,87.31,6.237,237.26,SSP5-8.5
2029-08-09,0.0,28.061,83.411,7.572,258.99,SSP5-8.5
2029-08-10,0.0,28.758,81.959,6.149,275.27,SSP5-8.5
2029-08-11,1.1575,28.029,87.74,4.595,232.7,SSP5-8.5
2029-08-12,0.788,27.996,87.148,3.399,226.17,SSP5-8.5
2029-08-13,0.0,28.119,86.357,5.522,252.03,SSP5-8.5
2029-08-14,0.3694,28.242,86.043,5.35,253.71,SSP5-8.5
2029-08-15,0.0092,28.332,85.467,6.77,243.51,SSP5-8.5
2029-08-16,0.0,28.706,78.853,8.572,285.29,SSP5-8.5
2029-08-17,0.156,28.14,82.243,10.092,235.87,SSP5-8.5
2029-08-18,0.0,27.764,83.022,12.241,241.18,SSP5-8.5
2029-08-19,0.0,28.019,79.088,14.734,245.23,SSP5-8.5
2029-08-20,0.0,27.294,88.979,12.258,202.76,SSP5-8.5
2029-08-21,0.0112,27.432,86.332,14.001,220.85,SSP5-8.5
2029-08-22,0.0184,27.083,89.782,13.858,201.3,SSP5-8.5
2029-08-23,38.559,26.841,90.231,15.01,203.69,SSP5-8.5
2029-08-24,30.8933,26.449,92.868,14.426,179.56,SSP5-8.5
2029-08-25,5.3,26.495,92.534,12.659,186.9,SSP5-8.5
2029-08-26,1.1307,26.527,91.684,12.551,188.74,SSP5-8.5
2029-08-27,0.0,26.916,90.932,11.438,209.38,SSP5-8.5
2029-08-28,0.6865,27.398,89.317,11.885,233.27,SSP5-8.5
2029-08-29,8.1768,27.121,90.466,12.503,206.63,SSP5-8.5
2029-08-30,0.0,28.041,80.223,13.857,257.04,SSP5-8.5
2029-08-31,0.0207,27.871,81.551,11.188,252.62,SSP5-8.5
2029-09-01,0.6764,27.394,82.938,10.434,259.77,SSP5-8.5
2029-09-02,15.8366,26.283,90.718,11.29,201.99,SSP5-8.5
2029-09-03,2.4009,26.149,88.72,11.498,210.08,SSP5-8.5
2029-09-04,0.4831,26.196,90.566,12.354,203.84,SSP5-8.5
2029-09-05,0.0,26.188,89.842,10.827,201.17,SSP5-8.5
2029-09-06,0.0,27.157,78.357,15.256,253.24,SSP5-8.5
2029-09-07,0.1133,26.609,86.761,9.77,215.74,SSP5-8.5
2029-09-08,0.0,27.113,78.445,13.141,245.39,SSP5-8.5
2029-09-09,0.0,26.628,85.612,10.413,216.78,SSP5-8.5
2029-09-10,0.0,26.701,85.34,10.161,222.84,SSP5-8.5
2029-09-11,0.0,26.887,84.069,10.019,221.8,SSP5-8.5
2029-09-12,0.0,28.003,72.48,13.411,267.07,SSP5-8.5
2029-09-13,0.0,27.886,73.714,13.485,275.03,SSP5-8.5
2029-09-14,0.0,28.539,71.058,12.89,279.0,SSP5-8.5
2029-09-15,0.0,28.451,71.52,12.411,278.11,SSP5-8.5
2029-09-16,0.0,28.629,72.563,11.185,263.52,SSP5-8.5
2029-09-17,0.0,28.975,70.461,10.78,274.2,SSP5-8.5
2029-09-18,0.0,29.249,67.971,11.635,277.45,SSP5-8.5
2029-09-19,0.0,28.615,66.053,11.425,260.23,SSP5-8.5
2029-09-20,0.0,28.841,65.471,12.256,262.66,SSP5-8.5
2029-09-21,0.0,29.682,62.973,13.436,279.37,SSP5-8.5
2029-09-22,0.0,29.709,61.516,13.816,278.07,SSP5-8.5
2029-09-23,0.0,27.553,70.52,14.936,230.31,SSP5-8.5
2029-09-24,0.0,27.912,67.582,13.63,240.87,SSP5-8.5
2029-09-25,0.0,28.517,63.558,12.042,265.0,SSP5-8.5
2029-09-26,0.0,28.218,62.448,10.748,267.69,SSP5-8.5
2029-09-27,0.0,28.235,66.46,7.189,270.54,SSP5-8.5
2029-09-28,0.0,28.798,64.984,6.325,276.68,SSP5-8.5
2029-09-29,0.0,30.015,61.803,5.11,276.53,SSP5-8.5
2029-09-30,0.0,30.367,59.608,6.744,274.05,SSP5-8.5
2029-10-01,0.063,28.465,66.889,5.489,261.2,SSP5-8.5
2029-10-02,7.4502,29.164,68.199,6.511,256.44,SSP5-8.5
2029-10-03,0.4568,28.043,69.425,6.254,247.84,SSP5-8.5
2029-10-04,6.0947,29.145,67.912,5.729,242.5,SSP5-8.5
2029-10-05,0.0421,26.653,77.143,5.423,217.49,SSP5-8.5
2029-10-06,0.0282,26.472,76.485,5.139,214.39,SSP5-8.5
2029-10-07,0.3988,27.622,74.384,4.763,242.21,SSP5-8.5
2029-10-08,6.0809,25.258,86.963,5.236,216.46,SSP5-8.5
2029-10-09,0.1164,24.57,87.485,3.777,205.53,SSP5-8.5
2029-10-10,0.0,25.707,76.347,6.189,230.66,SSP5-8.5
2029-10-11,0.0,25.376,80.031,6.029,224.5,SSP5-8.5
2029-10-12,0.0,26.525,72.273,4.925,237.88,SSP5-8.5
2029-10-13,5.1829,24.91,84.419,4.913,207.09,SSP5-8.5
2029-10-14,2.9882,24.565,85.485,4.833,205.47,SSP5-8.5
2029-10-15,0.4721,24.739,83.347,6.305,204.52,SSP5-8.5
2029-10-16,0.0,26.146,74.487,6.155,232.34,SSP5-8.5
2029-10-17,0.0,27.021,67.263,6.657,250.03,SSP5-8.5
2029-10-18,0.0304,26.714,68.429,6.29,222.6,SSP5-8.5
2029-10-19,1.2615,26.393,72.398,7.557,222.68,SSP5-8.5
2029-10-20,0.0204,27.225,69.93,7.427,226.78,SSP5-8.5
2029-10-21,0.0,27.206,60.8,7.221,253.26,SSP5-8.5
2029-10-22,0.0,26.811,61.896,8.071,244.39,SSP5-8.5
2029-10-23,0.0,25.472,68.006,6.305,212.03,SSP5-8.5
2029-10-24,0.0,24.108,79.379,4.582,188.61,SSP5-8.5
2029-10-25,0.0222,24.858,74.073,3.788,190.56,SSP5-8.5
2029-10-26,0.0,26.507,61.044,6.216,233.45,SSP5-8.5
2029-10-27,0.0,26.45,63.235,8.189,236.47,SSP5-8.5
2029-10-28,0.0,25.691,59.198,9.307,242.78,SSP5-8.5
2029-10-29,0.0065,25.405,57.287,8.912,243.64,SSP5-8.5
2029-10-30,0.4987,24.659,77.314,8.371,211.37,SSP5-8.5
2029-10-31,1.5794,23.318,84.697,5.701,187.13,SSP5-8.5
2029-11-01,0.0827,25.724,76.077,4.802,220.45,SSP5-8.5
2029-11-02,0.0,27.267,59.634,6.763,249.01,SSP5-8.5
2029-11-03,0.0,27.372,57.68,7.872,246.66,SSP5-8.5
2029-11-04,0.0,27.64,55.411,7.719,243.33,SSP5-8.5
2029-11-05,0.0,26.202,61.838,5.999,191.56,SSP5-8.5
2029-11-06,0.0,24.756,71.455,6.532,187.49,SSP5-8.5
2029-11-07,0.0,25.007,52.936,8.728,239.99,SSP5-8.5
2029-11-08,0.0,24.714,48.171,8.143,246.18,SSP5-8.5
2029-11-09,0.0,24.695,52.667,7.782,242.62,SSP5-8.5
2029-11-10,0.0,26.89,51.082,9.143,240.31,SSP5-8.5
2029-11-11,0.0,27.061,58.225,7.897,215.9,SSP5-8.5
2029-11-12,0.0,27.084,55.853,7.958,224.1,SSP5-8.5
2029-11-13,0.01,25.728,67.098,8.168,192.43,SSP5-8.5
2029-11-14,0.0,25.451,67.759,7.845,195.76,SSP5-8.5
2029-11-15,0.0,24.816,53.708,8.629,232.51,SSP5-8.5
2029-11-16,0.0,24.368,39.407,8.044,239.3,SSP5-8.5
2029-11-17,0.0,24.028,40.806,5.276,234.95,SSP5-8.5
2029-11-18,0.0,24.502,39.295,6.473,235.01,SSP5-8.5
2029-11-19,0.0,24.39,43.915,6.396,234.62,SSP5-8.5
2029-11-20,0.0,25.009,47.926,8.45,229.35,SSP5-8.5
2029-11-21,0.0,24.705,46.895,6.956,233.78,SSP5-8.5
2029-11-22,0.0,24.416,43.675,4.952,225.98,SSP5-8.5
2029-11-23,0.0,24.858,35.861,5.372,225.34,SSP5-8.5
2029-11-24,0.0,24.319,31.917,5.536,233.45,SSP5-8.5
2029-11-25,0.0,24.035,27.892,6.643,241.79,SSP5-8.5
2029-11-26,0.0,23.288,27.095,7.306,246.53,SSP5-8.5
2029-11-27,0.0,22.47,27.845,6.147,252.33,SSP5-8.5
2029-11-28,0.0,23.115,39.336,9.678,248.44,SSP5-8.5
2029-11-29,0.0,23.599,35.526,9.579,240.63,SSP5-8.5
2029-11-30,0.0,23.399,40.666,7.657,244.06,SSP5-8.5
2029-12-01,0.0,23.876,44.814,7.699,239.35,SSP5-8.5
2029-12-02,0.0,23.648,43.563,8.472,228.6,SSP5-8.5
2029-12-03,0.0,23.927,45.733,8.903,218.41,SSP5-8.5
2029-12-04,0.0,23.844,40.521,6.826,224.43,SSP5-8.5
2029-12-05,0.0,23.805,35.191,4.543,237.21,SSP5-8.5
2029-12-06,0.0,23.412,37.396,5.153,231.31,SSP5-8.5
2029-12-07,0.0,23.924,33.659,4.994,235.07,SSP5-8.5
2029-12-08,0.0,24.145,37.619,8.52,218.39,SSP5-8.5
2029-12-09,0.0,24.011,39.004,8.909,216.07,SSP5-8.5
2029-12-10,0.0,23.857,39.958,7.892,233.44,SSP5-8.5
2029-12-11,0.0,23.443,36.458,9.449,234.33,SSP5-8.5
2029-12-12,0.0,23.465,34.819,7.013,237.04,SSP5-8.5
2029-12-13,0.0,23.078,37.925,6.081,221.69,SSP5-8.5
2029-12-14,0.0,23.071,33.513,7.428,235.8,SSP5-8.5
2029-12-15,0.0,23.209,32.377,7.692,232.42,SSP5-8.5
2029-12-16,0.0,23.138,38.635,7.847,231.82,SSP5-8.5
2029-12-17,0.0,23.766,39.487,8.207,230.35,SSP5-8.5
2029-12-18,0.0,23.38,38.12,8.327,229.97,SSP5-8.5
2029-12-19,0.0,22.814,32.013,7.109,235.23,SSP5-8.5
2029-12-20,0.0,21.889,26.003,9.7,240.7,SSP5-8.5
2029-12-21,0.0,21.495,26.032,8.302,248.15,SSP5-8.5
2029-12-22,0.0,21.794,29.827,4.204,241.15,SSP5-8.5
2029-12-23,0.0,22.337,34.632,7.108,231.56,SSP5-8.5
2029-12-24,0.0,22.968,33.9,6.546,230.21,SSP5-8.5
2029-12-25,0.0,24.721,37.766,7.531,229.54,SSP5-8.5
2029-12-26,0.0,24.49,43.009,9.552,219.2,SSP5-8.5
2029-12-27,0.0,24.251,42.294,8.36,208.34,SSP5-8.5
2029-12-28,0.0,24.213,40.911,8.339,229.89,SSP5-8.5
2029-12-29,0.0,24.078,42.494,8.2,234.12,SSP5-8.5
2029-12-30,0.0,23.723,42.687,7.893,237.18,SSP5-8.5
2029-12-31,0.0,23.466,38.99,7.238,244.94,SSP5-8.5
2030-01-01,0.0,23.834,38.491,5.742,238.05,SSP5-8.5
2030-01-02,0.0,24.061,39.845,7.267,235.89,SSP5-8.5
2030-01-03,0.0,23.051,31.96,10.333,239.36,SSP5-8.5
2030-01-04,0.0,22.702,33.19,7.619,241.14,SSP5-8.5
2030-01-05,0.0,23.535,42.129,7.98,226.89,SSP5-8.5
2030-01-06,0.0,23.919,41.952,8.076,234.87,SSP5-8.5
2030-01-07,0.0,24.248,39.743,8.29,240.39,SSP5-8.5
2030-01-08,0.0,23.77,38.6,9.982,241.65,SSP5-8.5
2030-01-09,0.0,23.426,35.846,9.636,248.58,SSP5-8.5
2030-01-10,0.0,22.931,37.83,8.371,249.19,SSP5-8.5
2030-01-11,0.0,23.557,41.983,9.222,239.41,SSP5-8.5
2030-01-12,0.0,24.05,40.779,11.086,229.98,SSP5-8.5
2030-01-13,0.0,24.105,38.095,10.321,244.73,SSP5-8.5
2030-01-14,0.0,23.747,37.734,11.809,249.34,SSP5-8.5
2030-01-15,0.0,24.781,40.27,12.253,211.69,SSP5-8.5
2030-01-16,0.0,24.936,44.168,11.502,201.95,SSP5-8.5
2030-01-17,0.0,22.511,55.812,9.969,159.63,SSP5-8.5
2030-01-18,0.0,24.893,49.796,7.339,220.7,SSP5-8.5
2030-01-19,0.0,25.625,42.804,9.924,241.33,SSP5-8.5
2030-01-20,0.0,25.085,34.765,11.604,237.39,SSP5-8.5
2030-01-21,0.0,23.648,46.726,8.536,200.02,SSP5-8.5
2030-01-22,0.0,23.708,41.291,6.593,209.33,SSP5-8.5
2030-01-23,0.0,23.724,33.792,7.407,209.5,SSP5-8.5
2030-01-24,0.0,23.773,34.718,8.669,224.75,SSP5-8.5
2030-01-25,0.0,23.774,41.049,7.493,201.6,SSP5-8.5
2030-01-26,0.0,24.429,40.145,9.25,209.01,SSP5-8.5
2030-01-27,0.0,24.645,36.21,8.251,220.9,SSP5-8.5
2030-01-28,0.0,24.279,37.495,5.711,213.36,SSP5-8.5
2030-01-29,0.0,23.808,41.146,5.388,201.29,SSP5-8.5
2030-01-30,0.0,24.231,36.811,7.78,255.0,SSP5-8.5
2030-01-31,0.0,25.195,37.36,9.535,231.9,SSP5-8.5
2030-02-01,0.0,25.679,36.47,9.287,238.34,SSP5-8.5
2030-02-02,0.0,25.971,34.52,10.654,245.09,SSP5-8.5
2030-02-03,0.0,26.678,34.552,10.494,225.34,SSP5-8.5
2030-02-04,0.0,26.396,37.945,9.568,221.75,SSP5-8.5
2030-02-05,0.0,25.028,42.836,9.114,187.7,SSP5-8.5
2030-02-06,0.0,25.991,35.904,5.43,212.3,SSP5-8.5
2030-02-07,0.0,25.299,26.242,8.597,274.11,SSP5-8.5
2030-02-08,0.0,24.991,24.966,5.518,278.78,SSP5-8.5
2030-02-09,0.0,25.489,29.825,8.511,275.42,SSP5-8.5
2030-02-10,0.0,26.15,31.28,11.208,274.87,SSP5-8.5
2030-02-11,0.0,26.467,29.79,11.557,275.31,SSP5-8.5
2030-02-12,0.0,26.672,30.831,10.706,270.58,SSP5-8.5
2030-02-13,0.0,27.048,29.505,9.648,241.53,SSP5-8.5
2030-02-14,0.0,24.132,41.761,9.809,164.62,SSP5-8.5
2030-02-15,0.0,24.045,50.058,6.039,180.68,SSP5-8.5
2030-02-16,0.0,23.299,51.344,9.591,174.19,SSP5-8.5
2030-02-17,0.0,24.869,38.389,9.494,205.01,SSP5-8.5
2030-02-18,0.0,25.61,29.941,8.237,261.48,SSP5-8.5
2030-02-19,0.0,26.967,27.076,9.674,230.89,SSP5-8.5
2030-02-20,0.0,27.018,28.611,13.236,218.67,SSP5-8.5
2030-02-21,0.0,25.005,35.475,9.455,203.91,SSP5-8.5
2030-02-22,0.0,27.368,32.657,8.52,230.0,SSP5-8.5
2030-02-23,0.0,27.924,31.209,7.425,222.57,SSP5-8.5
2030-02-24,0.0,28.063,26.803,14.98,241.1,SSP5-8.5
2030-02-25,0.0145,28.485,27.533,15.085,257.46,SSP5-8.5
2030-02-26,0.003,23.748,58.833,4.632,159.71,SSP5-8.5
2030-02-27,0.0,27.05,33.899,10.539,250.58,SSP5-8.5
2030-02-28,0.0,26.922,27.644,8.062,237.29,SSP5-8.5
2030-03-01,0.0,26.055,22.852,7.983,295.01,SSP5-8.5
2030-03-02,0.0,27.351,25.134,9.587,280.83,SSP5-8.5
2030-03-03,0.0,29.004,30.255,10.512,231.03,SSP5-8.5
2030-03-04,0.0,29.531,28.055,8.628,261.42,SSP5-8.5
2030-03-05,0.0,29.274,25.808,8.655,275.49,SSP5-8.5
2030-03-06,0.0,29.196,23.346,8.722,291.85,SSP5-8.5
2030-03-07,0.0,28.715,23.143,10.167,305.57,SSP5-8.5
2030-03-08,0.0,28.552,23.465,11.968,314.73,SSP5-8.5
2030-03-09,0.0,29.085,22.555,11.915,314.75,SSP5-8.5
2030-03-10,0.0,28.714,21.615,11.413,308.94,SSP5-8.5
2030-03-11,0.0,28.453,20.067,9.993,313.59,SSP5-8.5
2030-03-12,0.0,29.344,22.441,12.064,306.31,SSP5-8.5
2030-03-13,0.0,29.636,23.063,14.307,302.93,SSP5-8.5
2030-03-14,0.0,29.488,23.544,14.511,306.85,SSP5-8.5
2030-03-15,0.0,29.266,23.963,13.894,318.51,SSP5-8.5
2030-03-16,0.0,29.517,25.461,14.024,313.58,SSP5-8.5
2030-03-17,0.0,29.718,24.48,13.709,294.01,SSP5-8.5
2030-03-18,0.0062,30.103,24.476,12.531,277.78,SSP5-8.5
2030-03-19,0.0061,30.029,23.957,10.81,283.66,SSP5-8.5
2030-03-20,0.0,29.679,23.649,7.914,299.75,SSP5-8.5
2030-03-21,0.0,30.293,22.34,7.66,285.95,SSP5-8.5
2030-03-22,0.0,30.459,21.346,8.834,278.83,SSP5-8.5
2030-03-23,0.0,31.245,20.816,8.291,279.06,SSP5-8.5
2030-03-24,0.0,30.854,19.512,7.941,294.08,SSP5-8.5
2030-03-25,0.0,31.782,19.602,6.653,273.37,SSP5-8.5
2030-03-26,0.0,31.663,20.721,6.928,293.63,SSP5-8.5
2030-03-27,0.5599,31.506,31.32,13.096,266.7,SSP5-8.5
2030-03-28,3.1638,30.682,38.535,12.832,265.0,SSP5-8.5
2030-03-29,5.2938,30.528,42.824,8.425,262.15,SSP5-8.5
2030-03-30,0.509,30.641,37.597,7.738,275.34,SSP5-8.5
2030-03-31,0.1404,30.851,32.103,5.973,282.85,SSP5-8.5
2030-04-01,0.0,30.878,28.779,6.72,274.26,SSP5-8.5
2030-04-02,3.0937,30.726,35.523,8.689,247.54,SSP5-8.5
2030-04-03,5.0415,30.196,43.491,6.092,268.81,SSP5-8.5
2030-04-04,0.1208,30.847,36.276,6.155,274.25,SSP5-8.5
2030-04-05,2.442,30.73,39.866,8.577,254.28,SSP5-8.5
2030-04-06,0.0,31.538,27.999,10.177,276.58,SSP5-8.5
2030-04-07,0.0,31.533,23.524,7.727,333.56,SSP5-8.5
2030-04-08,0.0022,31.41,23.398,6.645,301.49,SSP5-8.5
2030-04-09,0.1584,31.888,26.005,6.476,303.13,SSP5-8.5
2030-04-10,0.2303,31.934,28.134,9.35,305.62,SSP5-8.5
2030-04-11,0.1956,32.158,28.582,10.775,304.14,SSP5-8.5
2030-04-12,0.0,32.328,25.322,9.829,313.15,SSP5-8.5
2030-04-13,0.0,32.108,23.69,10.005,316.78,SSP5-8.5
2030-04-14,0.5728,32.367,29.628,10.077,251.93,SSP5-8.5
2030-04-15,2.9002,30.944,36.118,11.369,271.97,SSP5-8.5
2030-04-16,0.0,31.573,26.101,9.422,340.67,SSP5-8.5
2030-04-17,0.0,31.084,23.149,7.975,337.54,SSP5-8.5
2030-04-18,0.0,32.113,21.109,8.442,339.04,SSP5-8.5
2030-04-19,0.0,32.261,21.012,6.065,337.82,SSP5-8.5
2030-04-20,0.0,32.155,21.949,7.005,317.16,SSP5-8.5
2030-04-21,0.0,31.874,22.412,8.14,345.44,SSP5-8.5
2030-04-22,0.0,32.429,22.289,10.89,301.08,SSP5-8.5
2030-04-23,0.2346,33.951,22.359,9.808,299.23,SSP5-8.5
2030-04-24,0.0,32.443,26.017,6.255,218.13,SSP5-8.5
2030-04-25,0.0,33.211,22.788,5.239,287.93,SSP5-8.5
2030-04-26,0.019,33.412,21.79,6.124,281.31,SSP5-8.5
2030-04-27,0.0,33.0,19.284,6.693,343.13,SSP5-8.5
2030-04-28,0.0,33.099,18.047,6.398,349.88,SSP5-8.5
2030-04-29,0.0,33.413,21.238,10.518,326.06,SSP5-8.5
2030-04-30,0.0325,33.825,22.745,12.921,321.55,SSP5-8.5
2030-05-01,0.0,32.556,23.158,9.649,265.85,SSP5-8.5
2030-05-02,0.0,32.07,19.734,10.468,312.74,SSP5-8.5
2030-05-03,0.0,33.037,20.425,10.104,294.23,SSP5-8.5
2030-05-04,0.0,33.648,21.713,6.55,301.07,SSP5-8.5
2030-05-05,0.0,33.092,24.013,7.932,258.21,SSP5-8.5
2030-05-06,0.0036,32.794,25.798,9.489,311.39,SSP5-8.5
2030-05-07,0.0395,32.844,25.425,10.642,318.72,SSP5-8.5
2030-05-08,0.0,32.695,25.833,10.474,264.72,SSP5-8.5
2030-05-09,0.0,32.617,24.519,10.256,301.02,SSP5-8.5
2030-05-10,0.0,32.655,23.814,10.922,311.42,SSP5-8.5
2030-05-11,0.1251,32.273,22.362,9.754,321.03,SSP5-8.5
2030-05-12,0.0,32.024,26.371,6.804,205.51,SSP5-8.5
2030-05-13,0.0,32.424,19.976,6.972,336.35,SSP5-8.5
2030-05-14,0.0351,33.536,22.519,11.179,288.81,SSP5-8.5
2030-05-15,0.3163,31.291,30.382,8.901,197.22,SSP5-8.5
2030-05-16,0.0,31.84,23.567,9.612,333.75,SSP5-8.5
2030-05-17,0.0,32.624,22.164,9.594,343.3,SSP5-8.5
2030-05-18,0.0,34.039,21.13,9.172,314.71,SSP5-8.5
2030-05-19,0.0075,33.914,20.385,6.712,289.52,SSP5-8.5
2030-05-20,0.1216,33.559,25.296,6.576,279.16,SSP5-8.5
2030-05-21,0.1913,33.27,27.284,6.044,272.07,SSP5-8.5
2030-05-22,0.1072,33.008,29.771,6.937,262.5,SSP5-8.5
2030-05-23,0.0,33.358,23.272,10.476,319.77,SSP5-8.5
2030-05-24,0.0,34.85,18.916,12.172,314.29,SSP5-8.5
2030-05-25,0.0,34.929,17.707,10.165,351.43,SSP5-8.5
2030-05-26,0.0,33.273,17.406,7.233,346.73,SSP5-8.5
2030-05-27,0.0,35.48,19.522,6.267,262.46,SSP5-8.5
2030-05-28,0.0,35.143,21.47,6.668,283.66,SSP5-8.5
2030-05-29,0.5802,34.127,20.273,6.937,323.69,SSP5-8.5
2030-05-30,0.0003,33.263,26.844,7.719,223.77,SSP5-8.5
2030-05-31,0.0,34.6,23.22,7.665,301.83,SSP5-8.5
2030-06-01,0.0121,35.236,25.885,8.711,276.69,SSP5-8.5
2030-06-02,0.09,35.218,27.196,10.284,300.82,SSP5-8.5
2030-06-03,0.0,34.803,25.897,9.908,313.58,SSP5-8.5
2030-06-04,0.0,35.504,23.608,9.532,306.18,SSP5-8.5
2030-06-05,2.3864,35.164,28.05,9.672,302.95,SSP5-8.5
2030-06-06,4.4157,34.495,44.004,9.842,290.86,SSP5-8.5
2030-06-07,19.6287,33.205,56.092,14.739,292.22,SSP5-8.5
2030-06-08,16.2049,27.033,80.066,11.175,189.37,SSP5-8.5
2030-06-09,0.1451,29.332,59.182,15.21,258.58,SSP5-8.5
2030-06-10,0.1649,32.43,49.595,13.722,298.68,SSP5-8.5
2030-06-11,0.0,32.9,42.011,14.018,320.36,SSP5-8.5
2030-06-12,0.0,32.81,44.705,15.416,294.39,SSP5-8.5
2030-06-13,0.0,29.805,53.769,15.206,243.2,SSP5-8.5
2030-06-14,0.0,32.628,47.266,16.922,298.33,SSP5-8.5
2030-06-15,0.0706,32.533,51.748,18.019,283.5,SSP5-8.5
2030-06-16,0.0,31.941,52.321,18.71,260.04,SSP5-8.5
2030-06-17,0.0,32.251,50.296,17.573,279.8,SSP5-8.5
2030-06-18,0.2666,31.144,53.792,18.187,266.73,SSP5-8.5
2030-06-19,3.6193,28.659,68.078,15.15,239.28,SSP5-8.5
2030-06-20,0.0877,29.383,64.027,13.897,261.53,SSP5-8.5
2030-06-21,2.3618,29.039,67.228,13.461,250.4,SSP5-8.5
2030-06-22,28.7553,26.896,80.188,12.831,218.42,SSP5-8.5
2030-06-23,30.0107,26.297,91.08,14.38,147.53,SSP5-8.5
2030-06-24,17.8707,25.812,88.984,15.541,173.5,SSP5-8.5
2030-06-25,3.6205,26.059,86.724,15.587,195.11,SSP5-8.5
2030-06-26,14.2246,26.288,84.016,16.523,180.43,SSP5-8.5
2030-06-27,23.7363,26.695,82.802,19.772,225.97,SSP5-8.5
2030-06-28,30.4439,25.566,90.819,15.078,177.05,SSP5-8.5
2030-06-29,23.3387,25.591,91.623,14.397,138.62,SSP5-8.5
2030-06-30,8.987,26.171,87.535,12.792,194.87,SSP5-8.5
2030-07-01,41.7666,25.51,93.276,17.135,157.59,SSP5-8.5
2030-07-02,30.071,25.366,92.774,16.301,169.78,SSP5-8.5
2030-07-03,18.7274,24.785,93.288,10.299,160.72,SSP5-8.5
2030-07-04,2.8716,26.043,89.555,12.224,207.41,SSP5-8.5
2030-07-05,0.1152,27.593,79.188,15.391,298.47,SSP5-8.5
2030-07-06,19.2145,26.146,92.712,8.728,170.74,SSP5-8.5
2030-07-07,14.1659,26.876,91.651,6.366,223.48,SSP5-8.5
2030-07-08,2.7358,27.319,89.381,6.876,229.86,SSP5-8.5
2030-07-09,1.7869,27.759,87.219,4.809,255.23,SSP5-8.5
2030-07-10,1.6994,27.846,85.364,3.861,265.74,SSP5-8.5
2030-07-11,11.241,27.631,88.914,4.614,227.37,SSP5-8.5
2030-07-12,0.499,27.768,87.539,6.712,239.41,SSP5-8.5
2030-07-13,10.6645,27.401,87.316,8.833,228.54,SSP5-8.5
2030-07-14,9.8558,26.349,91.16,9.685,204.14,SSP5-8.5
2030-07-15,15.7528,26.03,92.814,9.683,187.05,SSP5-8.5
2030-07-16,19.6581,26.115,93.12,10.577,199.51,SSP5-8.5
2030-07-17,19.1672,25.912,93.773,9.709,170.6,SSP5-8.5
2030-07-18,5.9065,26.211,91.645,11.472,204.76,SSP5-8.5
2030-07-19,27.3391,25.796,94.222,11.321,161.13,SSP5-8.5
2030-07-20,21.8745,26.01,93.712,10.92,194.86,SSP5-8.5
2030-07-21,20.938,25.954,93.805,12.759,154.25,SSP5-8.5
2030-07-22,2.7796,26.157,91.845,13.035,204.46,SSP5-8.5
2030-07-23,23.1444,25.845,92.224,16.944,172.96,SSP5-8.5
2030-07-24,22.0309,25.741,92.185,19.379,163.93,SSP5-8.5
2030-07-25,10.1725,25.923,91.926,14.486,189.85,SSP5-8.5
2030-07-26,2.3573,26.24,88.807,17.014,221.48,SSP5-8.5
2030-07-27,22.2984,25.343,92.072,16.109,176.42,SSP5-8.5
2030-07-28,0.0766,26.078,90.112,12.038,209.31,SSP5-8.5
2030-07-29,0.0,26.962,83.187,13.636,291.21,SSP5-8.5
2030-07-30,0.0,27.078,83.748,12.892,227.99,SSP5-8.5
2030-07-31,0.0,26.8,81.402,15.571,245.01,SSP5-8.5
2030-08-01,0.2985,27.687,83.388,13.57,239.85,SSP5-8.5
2030-08-02,0.0,27.849,84.44,12.777,244.53,SSP5-8.5
2030-08-03,0.0,28.173,82.025,14.692,288.65,SSP5-8.5
2030-08-04,0.0,27.732,85.769,13.173,221.05,SSP5-8.5
2030-08-05,0.0215,28.217,82.206,13.729,253.92,SSP5-8.5
2030-08-06,0.0,28.061,83.279,12.344,272.88,SSP5-8.5
2030-08-07,0.0,28.36,80.658,13.237,266.62,SSP5-8.5
2030-08-08,0.7178,28.144,83.527,13.591,261.9,SSP5-8.5
2030-08-09,11.4085,27.28,90.105,10.544,204.4,SSP5-8.5
2030-08-10,0.8574,27.372,89.783,8.388,220.35,SSP5-8.5
2030-08-11,0.0649,27.772,86.842,6.232,250.98,SSP5-8.5
2030-08-12,8.3964,27.52,91.506,4.992,226.79,SSP5-8.5
2030-08-13,0.3038,27.951,87.315,4.778,256.47,SSP5-8.5
2030-08-14,0.0,28.363,85.385,5.151,254.75,SSP5-8.5
2030-08-15,0.0,28.531,86.631,4.787,251.68,SSP5-8.5
2030-08-16,1.1111,27.723,90.836,4.828,228.63,SSP5-8.5
2030-08-17,1.0156,27.845,88.979,6.643,248.02,SSP5-8.5
2030-08-18,0.0,28.101,85.708,6.553,247.79,SSP5-8.5
2030-08-19,0.0267,28.076,85.529,5.97,245.83,SSP5-8.5
2030-08-20,0.0,28.373,80.153,7.856,294.47,SSP5-8.5
2030-08-21,0.0033,27.915,82.479,9.587,238.37,SSP5-8.5
2030-08-22,0.0,28.414,80.109,10.918,272.65,SSP5-8.5
2030-08-23,0.0,28.486,80.12,10.091,286.16,SSP5-8.5
2030-08-24,0.0,28.688,81.353,9.25,276.53,SSP5-8.5
2030-08-25,16.4644,27.982,89.419,6.7,232.94,SSP5-8.5
2030-08-26,33.2289,27.192,92.934,10.957,189.07,SSP5-8.5
2030-08-27,82.0222,25.902,96.763,13.067,140.08,SSP5-8.5
2030-08-28,6.0021,27.288,92.072,10.439,215.2,SSP5-8.5
2030-08-29,2.6015,27.79,88.0,10.244,250.71,SSP5-8.5
2030-08-30,34.5527,27.066,93.676,12.395,217.52,SSP5-8.5
2030-08-31,29.7481,26.721,95.26,11.437,208.97,SSP5-8.5
2030-09-01,35.0116,25.995,94.94,7.933,226.4,SSP5-8.5
2030-09-02,12.7132,26.081,93.609,5.908,230.73,SSP5-8.5
2030-09-03,23.3207,25.922,95.461,3.338,224.07,SSP5-8.5
2030-09-04,10.9297,26.01,94.337,2.616,224.55,SSP5-8.5
2030-09-05,0.1434,26.377,90.831,3.134,240.36,SSP5-8.5
2030-09-06,0.0,26.669,89.874,3.017,242.55,SSP5-8.5
2030-09-07,0.0,26.704,89.685,3.786,248.91,SSP5-8.5
2030-09-08,0.0,26.891,87.192,5.09,257.49,SSP5-8.5
2030-09-09,0.0,27.215,85.022,8.02,267.71,SSP5-8.5
2030-09-10,0.0,26.573,88.717,8.935,249.46,SSP5-8.5
2030-09-11,0.0,26.683,87.931,6.878,248.54,SSP5-8.5
2030-09-12,0.0,27.1,87.384,4.16,241.7,SSP5-8.5
2030-09-13,0.0,27.299,83.921,6.519,263.5,SSP5-8.5
2030-09-14,1.3042,27.443,83.824,10.156,269.03,SSP5-8.5
2030-09-15,24.3663,26.515,90.303,9.224,230.23,SSP5-8.5
2030-09-16,16.1181,26.477,90.728,7.616,219.24,SSP5-8.5
2030-09-17,43.6572,26.052,95.509,13.139,191.98,SSP5-8.5
2030-09-18,31.9013,26.045,93.713,17.655,170.18,SSP5-8.5
2030-09-19,24.408,26.094,92.873,9.882,208.7,SSP5-8.5
2030-09-20,13.4932,25.938,93.303,5.615,206.73,SSP5-8.5
2030-09-21,22.5182,26.104,93.468,3.326,220.46,SSP5-8.5
2030-09-22,7.9309,26.247,92.541,4.332,226.33,SSP5-8.5
2030-09-23,15.7591,26.496,90.617,3.883,236.55,SSP5-8.5
2030-09-24,20.4912,26.058,94.165,2.11,216.9,SSP5-8.5
2030-09-25,8.9601,26.104,92.527,3.151,227.62,SSP5-8.5
2030-09-26,19.4649,25.944,93.965,2.707,211.94,SSP5-8.5
2030-09-27,3.4635,26.019,92.259,2.079,220.9,SSP5-8.5
2030-09-28,5.8572,25.892,92.799,2.975,214.47,SSP5-8.5
2030-09-29,4.9669,25.922,92.417,2.912,215.06,SSP5-8.5
2030-09-30,19.5685,25.7,93.516,4.215,216.51,SSP5-8.5
2030-10-01,11.8922,24.196,93.598,4.069,212.58,SSP5-8.5
2030-10-02,17.7057,24.166,95.396,5.392,209.76,SSP5-8.5
2030-10-03,5.3638,24.255,94.692,2.707,196.86,SSP5-8.5
2030-10-04,2.7935,24.63,91.414,2.21,219.17,SSP5-8.5
2030-10-05,3.1183,24.669,91.459,2.753,219.06,SSP5-8.5
2030-10-06,0.0137,24.934,90.081,2.784,223.94,SSP5-8.5
2030-10-07,0.5402,24.856,90.259,3.047,224.99,SSP5-8.5
2030-10-08,25.6803,24.224,95.283,3.288,186.69,SSP5-8.5
2030-10-09,20.7269,24.143,93.398,5.558,200.52,SSP5-8.5
2030-10-10,19.4048,24.167,94.66,6.598,189.44,SSP5-8.5
2030-10-11,4.2711,24.073,93.347,6.337,205.92,SSP5-8.5
2030-10-12,0.1426,24.425,90.519,5.251,221.03,SSP5-8.5
2030-10-13,0.0,25.241,87.979,2.714,234.59,SSP5-8.5
2030-10-14,0.0,25.517,87.382,3.05,242.17,SSP5-8.5
2030-10-15,0.5464,24.82,89.732,3.909,209.25,SSP5-8.5
2030-10-16,0.0338,24.623,89.653,5.367,205.64,SSP5-8.5
2030-10-17,7.7863,24.041,90.477,7.237,203.17,SSP5-8.5
2030-10-18,4.4423,23.864,90.963,6.838,198.75,SSP5-8.5
2030-10-19,15.7756,23.789,90.956,5.929,202.09,SSP5-8.5
2030-10-20,19.7567,23.467,93.317,5.769,179.6,SSP5-8.5
2030-10-21,3.8326,23.834,90.543,5.878,204.07,SSP5-8.5
2030-10-22,0.4551,24.348,89.114,5.236,214.42,SSP5-8.5
2030-10-23,0.0244,24.593,88.43,6.195,203.03,SSP5-8.5
2030-10-24,1.3936,23.682,89.741,7.654,197.1,SSP5-8.5
2030-10-25,14.4632,23.281,90.678,8.242,189.5,SSP5-8.5
2030-10-26,20.4873,22.991,90.352,9.316,175.29,SSP5-8.5
2030-10-27,0.0,22.99,87.622,9.8,183.11,SSP5-8.5
2030-10-28,0.0,24.073,86.264,8.615,209.11,SSP5-8.5
2030-10-29,0.0,24.539,82.713,9.532,249.2,SSP5-8.5
2030-10-30,0.0,23.919,80.28,8.487,208.4,SSP5-8.5
2030-10-31,0.6469,23.737,84.306,7.287,220.87,SSP5-8.5
2030-11-01,5.5307,24.605,89.306,8.513,189.98,SSP5-8.5
2030-11-02,3.9859,24.23,89.933,7.094,182.09,SSP5-8.5
2030-11-03,15.1769,23.819,90.982,5.281,177.8,SSP5-8.5
2030-11-04,3.4538,23.92,90.159,7.989,176.43,SSP5-8.5
2030-11-05,0.8931,23.981,88.696,6.935,181.13,SSP5-8.5
2030-11-06,0.3719,23.923,88.675,8.456,177.01,SSP5-8.5
2030-11-07,7.5508,23.906,86.206,11.509,177.72,SSP5-8.5
2030-11-08,14.1159,22.884,90.799,13.563,144.42,SSP5-8.5
2030-11-09,13.8848,23.371,90.785,11.533,158.33,SSP5-8.5
2030-11-10,5.7374,23.603,89.699,8.687,169.76,SSP5-8.5
2030-11-11,0.1329,24.006,86.894,10.916,180.71,SSP5-8.5
2030-11-12,0.296,23.487,84.919,14.013,178.13,SSP5-8.5
2030-11-13,2.8856,23.15,88.634,15.786,155.03,SSP5-8.5
2030-11-14,0.5164,23.68,80.226,16.257,196.47,SSP5-8.5
2030-11-15,6.5963,23.037,88.355,14.766,146.29,SSP5-8.5
2030-11-16,36.6334,23.295,92.063,11.566,150.53,SSP5-8.5
2030-11-17,24.9362,22.889,92.632,7.307,141.72,SSP5-8.5
2030-11-18,15.9659,22.779,92.641,8.032,138.27,SSP5-8.5
2030-11-19,1.2052,23.144,88.81,10.505,166.47,SSP5-8.5
2030-11-20,0.7162,23.221,86.965,8.377,171.88,SSP5-8.5
2030-11-21,1.6723,23.505,85.595,5.556,200.27,SSP5-8.5
2030-11-22,2.0428,23.941,84.329,4.296,193.49,SSP5-8.5
2030-11-23,0.0,24.613,76.553,7.066,216.79,SSP5-8.5
2030-11-24,0.0,23.917,79.461,7.448,198.13,SSP5-8.5
2030-11-25,0.0,22.654,79.032,8.769,177.9,SSP5-8.5
2030-11-26,0.0,22.036,52.96,11.164,241.68,SSP5-8.5
2030-11-27,0.0,21.545,48.759,10.885,250.84,SSP5-8.5
2030-11-28,0.0,21.319,65.053,9.891,218.71,SSP5-8.5
2030-11-29,0.0,22.221,58.243,11.762,224.87,SSP5-8.5
2030-11-30,0.0,23.557,71.212,11.558,213.5,SSP5-8.5
2030-12-01,0.0,24.242,72.744,12.625,218.04,SSP5-8.5
2030-12-02,0.0,24.472,69.492,12.189,218.21,SSP5-8.5
2030-12-03,0.0,23.788,73.885,13.733,205.65,SSP5-8.5
2030-12-04,0.0,23.739,58.289,15.615,231.72,SSP5-8.5
2030-12-05,0.0009,22.111,74.376,12.612,136.94,SSP5-8.5
2030-12-06,0.0502,21.925,75.317,18.952,148.84,SSP5-8.5
2030-12-07,0.0,21.927,91.054,15.734,119.33,SSP5-8.5
2030-12-08,0.0,22.718,90.645,12.269,129.01,SSP5-8.5
2030-12-09,0.0,22.665,84.302,9.236,142.35,SSP5-8.5
2030-12-10,0.0,22.447,75.649,6.657,184.29,SSP5-8.5
2030-12-11,0.0,22.457,79.612,4.248,166.45,SSP5-8.5
2030-12-12,0.0,22.317,78.77,7.816,178.52,SSP5-8.5
2030-12-13,0.0,22.15,74.798,9.903,181.99,SSP5-8.5
2030-12-14,0.0,22.146,76.932,10.025,163.14,SSP5-8.5
2030-12-15,0.0,22.474,71.376,8.679,208.88,SSP5-8.5
2030-12-16,0.0,22.19,75.385,8.135,169.14,SSP5-8.5
2030-12-17,0.0,22.431,71.202,7.476,215.35,SSP5-8.5
2030-12-18,0.0,21.489,74.999,8.2,184.24,SSP5-8.5
2030-12-19,0.0,21.441,74.212,7.73,200.58,SSP5-8.5
2030-12-20,0.0,21.276,65.283,9.846,228.51,SSP5-8.5
2030-12-21,0.0,20.504,54.813,11.396,239.23,SSP5-8.5
2030-12-22,0.0,20.009,49.795,8.763,244.31,SSP5-8.5
2030-12-23,0.0,20.013,50.779,8.687,228.85,SSP5-8.5
2030-12-24,0.0,19.884,47.837,9.768,242.53,SSP5-8.5
2030-12-25,0.0,19.925,45.589,11.723,247.63,SSP5-8.5
2030-12-26,0.0,19.089,40.591,11.6,255.13,SSP5-8.5
2030-12-27,0.0,18.956,40.992,11.2,255.52,SSP5-8.5
2030-12-28,0.0,18.874,41.613,10.33,248.37,SSP5-8.5
2030-12-29,0.0,18.799,44.175,10.143,255.7,SSP5-8.5
2030-12-30,0.0,18.917,48.403,8.641,246.88,SSP5-8.5
2030-12-31,0.0,19.461,49.816,8.228,247.5,SSP5-8.5
2031-01-01,0.0,19.673,54.918,9.8,242.34,SSP5-8.5
2031-01-02,0.0,20.266,59.784,8.172,244.74,SSP5-8.5
2031-01-03,0.0,21.404,63.523,8.664,246.85,SSP5-8.5
2031-01-04,0.0,21.472,64.033,7.148,240.55,SSP5-8.5
2031-01-05,0.0,21.646,66.569,6.523,234.49,SSP5-8.5
2031-01-06,0.0,21.839,66.399,6.424,223.99,SSP5-8.5
2031-01-07,0.0,22.18,62.367,5.65,236.49,SSP5-8.5
2031-01-08,0.0,22.306,59.853,4.801,234.42,SSP5-8.5
2031-01-09,0.0,22.322,61.117,4.856,229.95,SSP5-8.5
2031-01-10,0.0,21.968,60.42,7.663,231.13,SSP5-8.5
2031-01-11,0.0,22.096,63.105,9.536,223.44,SSP5-8.5
2031-01-12,0.0,21.676,73.589,5.817,173.96,SSP5-8.5
2031-01-13,0.0,21.219,65.677,13.554,216.15,SSP5-8.5
2031-01-14,0.0,20.746,50.779,13.6,229.62,SSP5-8.5
2031-01-15,0.0,20.05,43.228,11.935,254.94,SSP5-8.5
2031-01-16,0.0,19.852,44.955,9.831,256.65,SSP5-8.5
2031-01-17,0.0,20.166,43.805,10.319,253.65,SSP5-8.5
2031-01-18,0.0,20.386,46.82,7.961,255.28,SSP5-8.5
2031-01-19,0.0,21.418,55.181,8.392,242.68,SSP5-8.5
2031-01-20,0.0,20.897,57.216,8.039,182.36,SSP5-8.5
2031-01-21,0.0,22.086,55.18,8.966,239.66,SSP5-8.5
2031-01-22,0.0,23.4,52.48,10.595,255.95,SSP5-8.5
2031-01-23,0.0,23.421,52.603,7.821,240.49,SSP5-8.5
2031-01-24,0.0,23.351,62.703,6.914,219.05,SSP5-8.5
2031-01-25,0.0,23.391,56.364,8.83,220.54,SSP5-8.5
2031-01-26,0.0,22.943,52.554,7.794,221.34,SSP5-8.5
2031-01-27,0.0,23.528,57.456,4.006,252.49,SSP5-8.5
2031-01-28,0.0,23.949,57.288,5.351,248.64,SSP5-8.5
2031-01-29,0.0,24.019,56.73,8.085,249.31,SSP5-8.5
2031-01-30,0.0,24.191,56.71,4.497,248.98,SSP5-8.5
2031-01-31,0.0,24.26,56.988,5.856,251.73,SSP5-8.5
2031-02-01,0.0,24.412,53.97,5.272,259.74,SSP5-8.5
2031-02-02,0.0,24.457,50.753,5.627,260.62,SSP5-8.5
2031-02-03,0.0,23.864,44.743,9.146,271.13,SSP5-8.5
2031-02-04,0.0,23.618,43.544,9.941,270.85,SSP5-8.5
2031-02-05,0.0,23.539,40.481,13.286,275.36,SSP5-8.5
2031-02-06,0.0,22.854,37.044,12.238,280.34,SSP5-8.5
2031-02-07,0.0,22.591,37.788,11.332,289.32,SSP5-8.5
2031-02-08,0.0,22.658,43.439,7.157,284.06,SSP5-8.5
2031-02-09,0.0,23.366,48.752,6.208,279.76,SSP5-8.5
2031-02-10,0.0,24.059,48.99,9.134,283.52,SSP5-8.5
2031-02-11,0.0,24.628,51.345,13.515,277.5,SSP5-8.5
2031-02-12,0.0,24.619,48.179,9.801,279.94,SSP5-8.5
2031-02-13,0.0,24.29,52.715,6.214,271.2,SSP5-8.5
2031-02-14,0.0,25.187,49.476,10.824,274.82,SSP5-8.5
2031-02-15,0.0,24.303,40.83,10.431,279.06,SSP5-8.5
2031-02-16,0.0,24.004,40.352,5.794,292.21,SSP5-8.5
2031-02-17,0.0,24.049,38.22,6.482,296.24,SSP5-8.5
2031-02-18,0.0,24.118,34.472,9.35,306.69,SSP5-8.5
2031-02-19,0.0,23.764,34.422,8.09,303.78,SSP5-8.5
2031-02-20,0.0,23.906,33.865,9.189,304.75,SSP5-8.5
2031-02-21,0.0,24.109,35.275,8.321,303.17,SSP5-8.5
2031-02-22,0.0,24.409,35.334,9.649,301.22,SSP5-8.5
2031-02-23,0.0,24.575,33.84,9.384,310.99,SSP5-8.5
2031-02-24,0.0,24.493,33.626,6.369,290.35,SSP5-8.5
2031-02-25,0.0,24.698,37.592,6.194,268.13,SSP5-8.5
2031-02-26,0.0,24.626,33.111,10.681,290.62,SSP5-8.5
2031-02-27,0.0,24.397,30.796,11.648,323.23,SSP5-8.5
2031-02-28,0.0,24.313,35.089,7.232,320.45,SSP5-8.5
2031-03-01,0.0,25.339,40.568,7.703,297.62,SSP5-8.5
2031-03-02,0.0,25.987,38.189,7.968,285.76,SSP5-8.5
2031-03-03,0.0,26.658,41.495,7.774,295.08,SSP5-8.5
2031-03-04,0.0,27.483,46.931,4.434,298.0,SSP5-8.5
2031-03-05,0.0,27.398,44.447,3.967,279.83,SSP5-8.5
2031-03-06,0.0,27.749,42.28,4.2,290.42,SSP5-8.5
2031-03-07,0.0,27.58,36.722,5.173,301.8,SSP5-8.5
2031-03-08,0.0,27.385,34.522,3.986,313.15,SSP5-8.5
2031-03-09,0.0,27.291,40.172,5.557,316.82,SSP5-8.5
2031-03-10,0.0,27.665,41.773,5.258,306.58,SSP5-8.5
2031-03-11,0.0,27.414,33.887,4.579,318.74,SSP5-8.5
2031-03-12,0.0,27.249,32.456,5.449,323.9,SSP5-8.5
2031-03-13,0.0,27.722,33.448,7.329,320.75,SSP5-8.5
2031-03-14,0.0,27.848,33.291,8.647,316.66,SSP5-8.5
2031-03-15,0.0,27.614,33.523,8.949,316.79,SSP5-8.5
2031-03-16,0.0,27.66,32.835,7.336,317.22,SSP5-8.5
2031-03-17,0.0,28.025,36.629,6.071,314.41,SSP5-8.5
2031-03-18,0.0,28.684,39.024,4.34,294.31,SSP5-8.5
2031-03-19,0.0,28.711,39.061,7.267,294.23,SSP5-8.5
2031-03-20,0.0,29.29,35.292,8.737,302.07,SSP5-8.5
2031-03-21,0.0,28.962,32.016,9.544,324.55,SSP5-8.5
2031-03-22,0.0,28.769,32.932,4.191,328.71,SSP5-8.5
2031-03-23,0.0,29.413,35.867,6.129,314.86,SSP5-8.5
2031-03-24,0.0,30.032,34.4,6.872,308.92,SSP5-8.5
2031-03-25,0.0,30.214,35.418,8.277,302.44,SSP5-8.5
2031-03-26,0.0,29.981,37.287,8.369,293.02,SSP5-8.5
2031-03-27,0.0,30.004,33.829,6.252,305.44,SSP5-8.5
2031-03-28,0.0003,30.008,33.22,5.716,286.43,SSP5-8.5
2031-03-29,0.0,29.465,37.733,6.569,252.15,SSP5-8.5
2031-03-30,0.0,29.465,41.063,7.272,242.68,SSP5-8.5
2031-03-31,0.0,30.277,40.494,8.151,292.09,SSP5-8.5
2031-04-01,0.0,30.465,38.933,6.646,291.52,SSP5-8.5
2031-04-02,0.283,30.466,41.282,6.476,284.77,SSP5-8.5
2031-04-03,0.0,29.045,49.492,5.918,219.92,SSP5-8.5
2031-04-04,0.0,30.185,40.974,6.537,290.04,SSP5-8.5
2031-04-05,0.0181,30.452,37.798,8.109,306.73,SSP5-8.5
2031-04-06,0.0,30.505,39.323,8.909,309.94,SSP5-8.5
2031-04-07,0.2298,29.598,48.833,9.466,283.91,SSP5-8.5
2031-04-08,0.3984,29.312,50.971,8.446,277.65,SSP5-8.5
2031-04-09,0.0464,30.014,44.64,7.283,289.88,SSP5-8.5
2031-04-10,0.0032,30.479,41.897,7.974,302.44,SSP5-8.5
2031-04-11,0.0714,30.461,42.701,7.095,292.98,SSP5-8.5
2031-04-12,0.0,30.319,38.607,6.66,256.17,SSP5-8.5
2031-04-13,0.0,30.726,35.722,4.384,323.45,SSP5-8.5
2031-04-14,0.0,30.937,39.477,5.601,314.1,SSP5-8.5
2031-04-15,0.0,31.162,37.045,6.794,307.7,SSP5-8.5
2031-04-16,0.0,30.797,37.288,8.422,274.98,SSP5-8.5
2031-04-17,0.0,31.243,37.63,9.965,304.51,SSP5-8.5
2031-04-18,0.0007,31.489,37.445,10.2,297.43,SSP5-8.5
2031-04-19,0.0,31.268,37.067,8.925,299.72,SSP5-8.5
2031-04-20,0.0004,31.815,34.264,9.23,320.04,SSP5-8.5
2031-04-21,0.0,32.181,34.748,7.839,297.86,SSP5-8.5
2031-04-22,0.0,32.287,30.64,6.919,321.11,SSP5-8.5
2031-04-23,0.0,32.028,34.971,7.497,309.21,SSP5-8.5
2031-04-24,0.0,31.117,38.749,8.308,271.82,SSP5-8.5
2031-04-25,0.0,31.656,36.318,7.897,309.88,SSP5-8.5
2031-04-26,0.0,31.167,38.609,6.647,269.32,SSP5-8.5
2031-04-27,0.0205,31.109,39.376,7.229,262.11,SSP5-8.5
2031-04-28,0.0005,30.438,40.71,8.711,244.01,SSP5-8.5
2031-04-29,0.0908,29.889,45.955,10.638,242.22,SSP5-8.5
2031-04-30,0.7656,29.59,46.457,10.082,247.12,SSP5-8.5
2031-05-01,1.5051,31.06,39.185,12.437,280.1,SSP5-8.5
2031-05-02,3.9686,30.892,36.421,11.981,263.58,SSP5-8.5
2031-05-03,1.3868,29.793,42.584,12.903,270.62,SSP5-8.5
2031-05-04,0.0,30.475,42.805,8.99,267.61,SSP5-8.5
2031-05-05,0.0,32.006,38.017,10.157,307.48,SSP5-8.5
2031-05-06,0.0,32.306,37.186,9.521,303.66,SSP5-8.5
2031-05-07,0.0321,32.417,33.611,10.798,319.41,SSP5-8.5
2031-05-08,0.0,32.415,29.048,12.48,318.06,SSP5-8.5
2031-05-09,0.0,32.393,27.622,13.469,349.6,SSP5-8.5
2031-05-10,0.0,32.29,28.176,13.969,347.1,SSP5-8.5
2031-05-11,0.0,32.392,28.043,14.902,347.99,SSP5-8.5
2031-05-12,0.0,32.547,28.647,15.442,344.07,SSP5-8.5
2031-05-13,0.0,32.63,29.096,13.121,351.58,SSP5-8.5
2031-05-14,0.019,32.92,31.266,11.897,329.34,SSP5-8.5
2031-05-15,0.1667,31.512,39.242,15.028,246.13,SSP5-8.5
2031-05-16,0.0,31.862,29.937,13.187,332.18,SSP5-8.5
2031-05-17,0.0,31.847,27.782,11.024,355.98,SSP5-8.5
2031-05-18,0.0,32.06,26.756,12.286,334.13,SSP5-8.5
2031-05-19,0.0,32.597,25.776,13.927,357.36,SSP5-8.5
2031-05-20,0.0,32.782,26.363,13.823,350.39,SSP5-8.5
2031-05-21,0.0,32.845,27.4,12.77,335.74,SSP5-8.5
2031-05-22,0.0,33.041,26.446,13.027,323.79,SSP5-8.5
2031-05-23,0.0,32.951,26.868,13.471,312.6,SSP5-8.5
2031-05-24,0.0,32.23,28.236,11.313,286.85,SSP5-8.5
2031-05-25,0.0,32.973,24.812,13.739,345.95,SSP5-8.5
2031-05-26,0.0,33.477,25.442,16.647,334.22,SSP5-8.5
2031-05-27,0.0,32.615,31.425,16.003,266.13,SSP5-8.5
2031-05-28,0.0,33.059,30.417,15.743,342.03,SSP5-8.5
2031-05-29,0.0,33.284,31.088,16.276,338.08,SSP5-8.5
2031-05-30,0.0,33.062,33.107,13.237,315.51,SSP5-8.5
2031-05-31,0.0,32.995,32.44,10.467,350.53,SSP5-8.5
2031-06-01,0.0,33.29,33.134,9.53,314.79,SSP5-8.5
2031-06-02,0.0,33.567,32.86,9.913,314.44,SSP5-8.5
2031-06-03,0.004,33.679,32.628,11.126,323.6,SSP5-8.5
2031-06-04,8.0245,33.076,44.156,8.973,299.29,SSP5-8.5
2031-06-05,0.3217,31.644,56.01,9.508,290.72,SSP5-8.5
2031-06-06,0.2172,31.535,55.424,9.872,267.0,SSP5-8.5
2031-06-07,0.0,31.285,49.504,13.262,293.5,SSP5-8.5
2031-06-08,0.0,32.318,40.006,16.578,327.15,SSP5-8.5
2031-06-09,0.0,31.24,41.392,15.821,314.45,SSP5-8.5
2031-06-10,0.0,30.011,49.21,14.913,261.32,SSP5-8.5
2031-06-11,0.0,32.318,42.15,16.247,325.01,SSP5-8.5
2031-06-12,0.0,32.144,44.686,16.531,319.03,SSP5-8.5
2031-06-13,0.0,31.116,48.432,16.463,313.42,SSP5-8.5
2031-06-14,0.0,30.94,49.195,15.886,310.51,SSP5-8.5
2031-06-15,0.0,29.116,53.968,15.692,273.92,SSP5-8.5
2031-06-16,0.0,28.8,57.075,14.518,284.38,SSP5-8.5
2031-06-17,0.9482,29.864,58.281,15.656,284.1,SSP5-8.5
2031-06-18,0.0,28.9,57.506,16.883,278.95,SSP5-8.5
2031-06-19,0.0,28.995,55.34,17.12,279.47,SSP5-8.5
2031-06-20,0.0,29.057,56.022,18.148,263.4,SSP5-8.5
2031-06-21,0.0164,27.068,65.901,18.488,227.35,SSP5-8.5
2031-06-22,0.0,28.411,59.539,18.452,256.65,SSP5-8.5
2031-06-23,1.1203,28.838,60.4,17.28,283.9,SSP5-8.5
2031-06-24,0.0,28.282,63.849,18.371,256.16,SSP5-8.5
2031-06-25,16.3514,27.144,74.238,15.824,236.61,SSP5-8.5
2031-06-26,1.5984,26.574,77.315,16.758,225.65,SSP5-8.5
2031-06-27,2.0151,26.556,78.104,15.491,228.41,SSP5-8.5
2031-06-28,0.46,26.86,76.758,14.722,236.39,SSP5-8.5
2031-06-29,0.0,27.297,72.824,12.836,249.71,SSP5-8.5
2031-06-30,0.0,27.563,69.677,13.873,268.29,SSP5-8.5
2031-07-01,0.0024,27.077,73.593,11.729,239.95,SSP5-8.5
2031-07-02,0.124,26.897,75.623,10.153,248.7,SSP5-8.5
2031-07-03,0.0,27.465,69.97,11.697,266.0,SSP5-8.5
2031-07-04,0.0,27.472,71.486,9.74,250.21,SSP5-8.5
2031-07-05,2.4678,26.813,80.704,5.476,237.06,SSP5-8.5
2031-07-06,6.1227,26.551,85.672,3.746,227.04,SSP5-8.5
2031-07-07,0.0,27.716,76.269,6.756,270.6,SSP5-8.5
2031-07-08,0.0,27.614,75.047,8.024,263.43,SSP5-8.5
2031-07-09,0.0,27.462,75.955,6.137,257.54,SSP5-8.5
2031-07-10,2.0039,28.123,76.399,4.127,273.02,SSP5-8.5
2031-07-11,13.5416,25.892,89.262,7.32,196.55,SSP5-8.5
2031-07-12,0.4459,26.435,84.046,7.871,229.36,SSP5-8.5
2031-07-13,0.0446,27.057,78.906,10.793,248.96,SSP5-8.5
2031-07-14,2.7685,26.916,82.092,10.266,231.49,SSP5-8.5
2031-07-15,0.0,27.249,76.435,11.352,246.64,SSP5-8.5
2031-07-16,0.0395,27.889,73.525,14.045,267.18,SSP5-8.5
2031-07-17,1.2049,27.946,76.363,14.31,261.35,SSP5-8.5
2031-07-18,0.0089,26.831,80.048,14.59,237.97,SSP5-8.5
2031-07-19,2.1196,26.504,85.086,10.29,224.4,SSP5-8.5
2031-07-20,10.3508,25.828,87.327,9.498,220.75,SSP5-8.5
2031-07-21,14.9939,25.947,87.95,10.762,224.99,SSP5-8.5
2031-07-22,30.5221,25.4,94.675,9.483,179.31,SSP5-8.5
2031-07-23,23.5046,25.454,93.666,9.301,189.98,SSP5-8.5
2031-07-24,0.0119,26.502,85.136,10.469,240.89,SSP5-8.5
2031-07-25,0.008,27.445,83.641,8.949,266.09,SSP5-8.5
2031-07-26,3.0487,26.385,89.505,5.279,223.4,SSP5-8.5
2031-07-27,18.2939,26.009,91.047,4.616,225.2,SSP5-8.5
2031-07-28,17.5434,26.451,89.434,7.34,250.59,SSP5-8.5
2031-07-29,7.2032,26.242,88.14,10.932,237.93,SSP5-8.5
2031-07-30,0.1147,26.161,85.976,13.211,242.21,SSP5-8.5
2031-07-31,31.8136,24.903,92.429,12.722,177.29,SSP5-8.5
2031-08-01,29.3091,25.431,92.53,19.549,167.44,SSP5-8.5
2031-08-02,4.3688,25.717,91.567,15.216,188.11,SSP5-8.5
2031-08-03,0.0,26.997,84.353,13.843,256.99,SSP5-8.5
2031-08-04,5.8421,27.355,86.796,13.221,245.16,SSP5-8.5
2031-08-05,11.6084,27.234,87.519,14.534,236.22,SSP5-8.5
2031-08-06,2.4256,27.035,88.218,14.743,227.87,SSP5-8.5
2031-08-07,0.2979,26.964,87.527,15.484,225.5,SSP5-8.5
2031-08-08,0.0,27.19,84.18,15.464,247.72,SSP5-8.5
2031-08-09,0.0,27.35,85.221,14.22,243.72,SSP5-8.5
2031-08-10,0.0,27.311,83.111,12.473,259.01,SSP5-8.5
2031-08-11,0.2537,27.141,84.163,12.59,233.37,SSP5-8.5
2031-08-12,0.0,26.807,87.106,12.102,216.36,SSP5-8.5
2031-08-13,0.0462,26.879,88.422,9.11,224.9,SSP5-8.5
2031-08-14,0.0,27.188,84.92,9.649,248.75,SSP5-8.5
2031-08-15,0.0,27.678,82.74,10.529,255.65,SSP5-8.5
2031-08-16,0.0,27.606,77.937,11.497,302.0,SSP5-8.5
2031-08-17,0.0,27.753,79.502,12.717,256.05,SSP5-8.5
2031-08-18,0.0934,27.044,85.863,10.149,230.31,SSP5-8.5
2031-08-19,0.0,27.257,82.057,12.235,238.94,SSP5-8.5
2031-08-20,0.0,27.038,84.491,10.568,228.38,SSP5-8.5
2031-08-21,0.7942,27.474,84.433,8.805,244.03,SSP5-8.5
2031-08-22,0.0185,27.723,82.672,10.052,258.4,SSP5-8.5
2031-08-23,0.1798,27.566,84.314,8.373,251.26,SSP5-8.5
2031-08-24,0.3305,27.635,83.711,8.44,245.08,SSP5-8.5
2031-08-25,0.6974,26.776,89.068,8.279,222.73,SSP5-8.5
2031-08-26,0.8438,27.036,86.865,6.608,239.61,SSP5-8.5
2031-08-27,0.0,27.255,84.384,7.856,256.82,SSP5-8.5
2031-08-28,11.9905,27.591,84.601,7.298,263.07,SSP5-8.5
2031-08-29,37.0997,26.548,92.842,8.11,196.87,SSP5-8.5
2031-08-30,32.963,26.024,94.189,10.083,193.01,SSP5-8.5
2031-08-31,0.0129,26.965,87.428,8.822,242.19,SSP5-8.5
2031-09-01,0.0,26.574,85.134,7.93,260.86,SSP5-8.5
2031-09-02,0.0,26.662,85.07,7.377,258.68,SSP5-8.5
2031-09-03,1.0775,26.64,84.693,8.408,260.97,SSP5-8.5
2031-09-04,3.812,26.162,88.988,9.144,233.99,SSP5-8.5
2031-09-05,0.0,26.594,84.535,7.384,255.78,SSP5-8.5
2031-09-06,0.9912,26.94,86.999,7.465,242.16,SSP5-8.5
2031-09-07,0.6921,27.331,84.13,5.276,255.95,SSP5-8.5
2031-09-08,0.0,27.326,82.695,3.423,254.44,SSP5-8.5
2031-09-09,36.3338,26.473,90.819,5.213,227.04,SSP5-8.5
2031-09-10,28.3166,25.971,93.501,3.61,208.67,SSP5-8.5
2031-09-11,26.5197,25.974,92.872,7.772,216.15,SSP5-8.5
2031-09-12,0.1084,25.934,89.218,11.762,212.96,SSP5-8.5
2031-09-13,8.0253,26.269,87.335,8.146,232.74,SSP5-8.5
2031-09-14,10.303,26.405,89.005,4.333,220.62,SSP5-8.5
2031-09-15,12.8513,26.049,91.094,3.322,227.63,SSP5-8.5
2031-09-16,0.3881,26.426,86.739,3.2,235.05,SSP5-8.5
2031-09-17,21.3581,26.378,89.931,6.249,228.85,SSP5-8.5
2031-09-18,21.9599,26.073,91.562,4.086,213.88,SSP5-8.5
2031-09-19,22.9841,25.977,92.693,3.862,214.59,SSP5-8.5
2031-09-20,29.4606,25.694,93.353,6.406,204.76,SSP5-8.5
2031-09-21,32.3284,25.678,93.067,9.09,198.28,SSP5-8.5
2031-09-22,22.6575,25.759,92.865,11.583,170.39,SSP5-8.5
2031-09-23,1.5688,25.834,88.755,10.076,213.6,SSP5-8.5
2031-09-24,0.0,26.216,81.935,9.033,243.13,SSP5-8.5
2031-09-25,0.0,26.379,78.225,6.322,263.58,SSP5-8.5
2031-09-26,0.0,26.432,76.885,6.411,268.59,SSP5-8.5
2031-09-27,0.0,27.109,73.408,6.732,267.69,SSP5-8.5
2031-09-28,0.0,26.626,78.01,10.533,228.66,SSP5-8.5
2031-09-29,1.7782,25.73,82.988,15.278,215.5,SSP5-8.5
2031-09-30,0.0,25.892,76.352,14.178,225.77,SSP5-8.5
2031-10-01,2.004,24.626,84.345,9.064,220.04,SSP5-8.5
2031-10-02,0.1924,24.703,83.8,7.212,225.22,SSP5-8.5
2031-10-03,0.0267,24.964,83.417,7.841,227.99,SSP5-8.5
2031-10-04,5.7028,24.407,88.686,7.28,219.4,SSP5-8.5
2031-10-05,2.2673,24.954,86.064,6.879,217.56,SSP5-8.5
2031-10-06,0.274,26.242,73.474,6.723,247.83,SSP5-8.5
2031-10-07,0.1157,25.384,71.294,5.417,228.65,SSP5-8.5
2031-10-08,0.0,25.787,65.983,5.264,235.11,SSP5-8.5
2031-10-09,0.0,25.719,62.173,7.549,254.65,SSP5-8.5
2031-10-10,0.0,26.021,59.757,7.417,279.57,SSP5-8.5
2031-10-11,0.0,25.579,59.053,7.653,269.3,SSP5-8.5
2031-10-12,0.0,25.501,55.186,7.056,275.56,SSP5-8.5
2031-10-13,0.0,24.898,55.143,6.413,248.81,SSP5-8.5
2031-10-14,0.0,24.432,46.617,4.124,287.91,SSP5-8.5
2031-10-15,0.0,23.976,56.543,3.691,281.62,SSP5-8.5
2031-10-16,0.0,24.568,63.402,4.336,252.64,SSP5-8.5
2031-10-17,0.0,25.188,77.896,6.695,240.89,SSP5-8.5
2031-10-18,3.2558,23.767,87.289,5.47,189.94,SSP5-8.5
2031-10-19,0.0,25.091,77.262,7.527,221.69,SSP5-8.5
2031-10-20,0.124,25.727,76.88,5.88,222.97,SSP5-8.5
2031-10-21,0.1855,23.867,86.217,2.203,181.31,SSP5-8.5
2031-10-22,0.0249,26.212,72.995,5.136,233.39,SSP5-8.5
2031-10-23,0.2028,26.075,76.504,5.835,239.05,SSP5-8.5
2031-10-24,1.6102,24.735,85.064,6.191,192.04,SSP5-8.5
2031-10-25,0.0626,25.082,80.8,7.252,219.14,SSP5-8.5
2031-10-26,0.0633,25.784,70.331,10.196,220.6,SSP5-8.5
2031-10-27,0.0,24.196,70.37,14.305,191.45,SSP5-8.5
2031-10-28,13.3496,23.05,80.905,14.457,168.31,SSP5-8.5
2031-10-29,0.0,25.602,65.82,12.045,218.88,SSP5-8.5
2031-10-30,0.0,25.901,57.835,7.145,243.87,SSP5-8.5
2031-10-31,0.0,23.882,75.622,4.783,185.24,SSP5-8.5
2031-11-01,0.0,23.717,66.282,6.747,190.14,SSP5-8.5
2031-11-02,0.0,23.819,57.345,6.626,242.08,SSP5-8.5
2031-11-03,0.1975,24.091,79.474,7.215,192.28,SSP5-8.5
2031-11-04,0.5446,24.749,79.54,8.852,208.47,SSP5-8.5
2031-11-05,0.2899,24.763,78.099,6.882,209.89,SSP5-8.5
2031-11-06,0.0,24.156,55.464,8.496,229.08,SSP5-8.5
2031-11-07,0.0,22.862,50.766,8.0,207.21,SSP5-8.5
2031-11-08,0.0,22.615,51.04,8.754,213.94,SSP5-8.5
2031-11-09,0.0,23.878,58.893,12.509,199.87,SSP5-8.5
2031-11-10,0.0,25.074,69.929,8.837,230.05,SSP5-8.5
2031-11-11,0.0,25.686,63.595,4.084,236.56,SSP5-8.5
2031-11-12,0.0,26.372,73.503,5.291,193.8,SSP5-8.5
2031-11-13,0.0,26.263,62.707,7.805,233.33,SSP5-8.5
2031-11-14,0.0,25.925,57.945,8.804,223.37,SSP5-8.5
2031-11-15,0.0,26.022,55.113,14.291,223.92,SSP5-8.5
2031-11-16,0.0,25.463,58.406,13.294,199.17,SSP5-8.5
2031-11-17,0.0,24.522,49.887,13.537,249.42,SSP5-8.5
2031-11-18,0.0,22.559,39.854,12.185,209.18,SSP5-8.5
2031-11-19,0.0,22.301,30.411,10.479,222.97,SSP5-8.5
2031-11-20,0.1387,22.229,49.794,8.987,217.81,SSP5-8.5
2031-11-21,0.0036,24.179,69.956,8.434,195.33,SSP5-8.5
2031-11-22,0.0,23.677,47.487,11.986,207.3,SSP5-8.5
2031-11-23,0.0,22.313,38.905,13.713,180.63,SSP5-8.5
2031-11-24,0.0,22.736,38.143,13.047,200.46,SSP5-8.5
2031-11-25,0.0198,22.249,61.71,11.134,179.22,SSP5-8.5
2031-11-26,0.0,23.494,53.188,9.473,221.33,SSP5-8.5
2031-11-27,0.0,23.595,56.268,6.901,223.58,SSP5-8.5
2031-11-28,0.0,22.959,41.16,8.314,231.49,SSP5-8.5
2031-11-29,0.0,22.616,47.278,6.66,236.74,SSP5-8.5
2031-11-30,0.0,22.552,56.81,7.251,217.85,SSP5-8.5
2031-12-01,0.0,22.751,50.729,7.406,233.35,SSP5-8.5
2031-12-02,0.0,23.259,51.559,6.349,214.44,SSP5-8.5
2031-12-03,0.0,23.951,53.732,8.123,211.66,SSP5-8.5
2031-12-04,0.0,23.701,51.443,5.99,219.64,SSP5-8.5
2031-12-05,0.0,23.123,53.39,8.336,208.74,SSP5-8.5
2031-12-06,0.0,23.155,46.242,11.135,222.57,SSP5-8.5
2031-12-07,0.0,22.261,47.363,9.629,212.98,SSP5-8.5
2031-12-08,0.0,21.634,44.419,10.146,205.98,SSP5-8.5
2031-12-09,0.0,21.315,48.071,9.753,218.97,SSP5-8.5
2031-12-10,0.0,21.398,41.037,9.268,233.97,SSP5-8.5
2031-12-11,0.0,20.969,30.116,8.646,248.36,SSP5-8.5
2031-12-12,0.0,20.432,28.522,9.04,250.98,SSP5-8.5
2031-12-13,0.0,20.195,26.835,10.626,254.16,SSP5-8.5
2031-12-14,0.0,20.163,27.656,10.045,252.09,SSP5-8.5
2031-12-15,0.0,20.117,31.633,10.173,233.78,SSP5-8.5
2031-12-16,0.0,20.069,29.842,11.299,246.94,SSP5-8.5
2031-12-17,0.0,20.034,31.222,10.861,240.11,SSP5-8.5
2031-12-18,0.0,20.388,33.149,10.892,238.82,SSP5-8.5
2031-12-19,0.0,21.045,35.777,10.253,233.61,SSP5-8.5
2031-12-20,0.0,21.934,34.746,10.892,205.06,SSP5-8.5
2031-12-21,0.0,20.828,29.2,12.512,225.52,SSP5-8.5
2031-12-22,0.0,20.03,26.399,13.518,245.79,SSP5-8.5
2031-12-23,0.0,19.45,26.978,13.192,252.72,SSP5-8.5
2031-12-24,0.0,19.785,34.891,12.378,250.65,SSP5-8.5
2031-12-25,0.0,19.789,40.173,10.57,250.7,SSP5-8.5
2031-12-26,0.0,20.287,34.937,11.798,252.12,SSP5-8.5
2031-12-27,0.0,19.728,34.531,10.898,252.57,SSP5-8.5
2031-12-28,0.0,19.566,34.381,9.156,251.75,SSP5-8.5
2031-12-29,0.0,19.582,34.67,8.42,246.26,SSP5-8.5
2031-12-30,0.0,19.864,38.725,6.155,226.47,SSP5-8.5
2031-12-31,0.0,19.996,45.34,5.031,204.94,SSP5-8.5
2032-01-01,0.0,20.351,41.364,8.104,225.81,SSP5-8.5
2032-01-02,0.0,20.247,41.196,7.911,217.53,SSP5-8.5
2032-01-03,0.0,20.785,43.61,7.144,222.28,SSP5-8.5
2032-01-04,0.0,22.06,46.536,6.971,219.24,SSP5-8.5
2032-01-05,0.0,22.253,43.736,8.889,242.0,SSP5-8.5
2032-01-06,0.0,22.004,44.76,6.719,241.73,SSP5-8.5
2032-01-07,0.0,22.401,48.73,8.16,235.51,SSP5-8.5
2032-01-08,0.0,23.105,51.481,6.314,208.27,SSP5-8.5
2032-01-09,0.0,23.217,47.887,6.756,227.48,SSP5-8.5
2032-01-10,0.0,23.047,47.398,5.755,229.89,SSP5-8.5
2032-01-11,0.0,23.047,44.969,8.275,226.16,SSP5-8.5
2032-01-12,0.0,22.576,39.538,8.877,232.5,SSP5-8.5
2032-01-13,0.0,21.778,33.202,11.1,247.7,SSP5-8.5
2032-01-14,0.0,21.293,28.986,10.917,252.63,SSP5-8.5
2032-01-15,0.0,21.274,28.039,11.055,237.69,SSP5-8.5
2032-01-16,0.0,21.175,29.456,10.857,248.82,SSP5-8.5
2032-01-17,0.0,21.86,31.825,12.017,251.74,SSP5-8.5
2032-01-18,0.0,21.595,36.34,11.046,251.96,SSP5-8.5
2032-01-19,0.0,20.711,26.763,13.051,265.93,SSP5-8.5
2032-01-20,0.0,20.074,26.876,9.56,275.11,SSP5-8.5
2032-01-21,0.0,20.558,33.977,5.038,259.94,SSP5-8.5
2032-01-22,0.0,21.889,41.458,6.769,255.61,SSP5-8.5
2032-01-23,0.0,22.335,42.607,7.448,257.14,SSP5-8.5
2032-01-24,0.0,22.715,41.262,6.909,257.6,SSP5-8.5
2032-01-25,0.0,23.087,43.183,7.603,249.93,SSP5-8.5
2032-01-26,0.0,23.156,55.632,8.022,194.65,SSP5-8.5
2032-01-27,0.0,19.962,83.736,9.087,122.92,SSP5-8.5
2032-01-28,0.0,20.939,76.222,4.496,189.26,SSP5-8.5
2032-01-29,0.0,23.585,55.695,7.076,231.51,SSP5-8.5
2032-01-30,0.0,23.813,46.72,3.97,226.04,SSP5-8.5
2032-01-31,0.0,23.68,43.269,6.604,253.82,SSP5-8.5
2032-02-01,0.0,23.376,46.131,5.361,230.07,SSP5-8.5
2032-02-02,0.0,23.358,43.361,5.517,247.64,SSP5-8.5
2032-02-03,0.0,23.316,39.639,5.245,260.17,SSP5-8.5
2032-02-04,0.0,23.482,46.455,6.21,260.05,SSP5-8.5
2032-02-05,0.0,23.782,42.087,7.57,241.05,SSP5-8.5
2032-02-06,0.0,23.273,33.494,8.683,277.68,SSP5-8.5
2032-02-07,0.0,23.412,33.007,8.297,278.09,SSP5-8.5
2032-02-08,0.0,23.862,29.419,12.765,278.33,SSP5-8.5
2032-02-09,0.0,22.861,25.53,13.714,289.85,SSP5-8.5
2032-02-10,0.0,22.556,26.371,9.461,294.93,SSP5-8.5
2032-02-11,0.0,22.652,27.367,9.023,290.46,SSP5-8.5
2032-02-12,0.0,23.156,35.059,9.767,257.86,SSP5-8.5
2032-02-13,0.0,24.356,37.171,9.94,279.7,SSP5-8.5
2032-02-14,0.0,24.101,35.941,6.851,288.16,SSP5-8.5
2032-02-15,0.0,24.581,36.015,6.625,282.07,SSP5-8.5
2032-02-16,0.0,25.092,35.163,7.138,280.97,SSP5-8.5
2032-02-17,0.0,25.091,34.115,7.795,284.51,SSP5-8.5
2032-02-18,0.0,25.695,33.131,6.284,284.72,SSP5-8.5
2032-02-19,0.0,25.679,33.657,8.09,280.75,SSP5-8.5
2032-02-20,0.0,25.553,32.604,6.341,282.4,SSP5-8.5
2032-02-21,0.0,25.389,30.978,7.483,286.48,SSP5-8.5
2032-02-22,0.0,25.027,28.069,6.573,292.04,SSP5-8.5
2032-02-23,0.0,25.013,26.024,4.911,300.75,SSP5-8.5
2032-02-24,0.0,24.908,25.929,4.227,302.88,SSP5-8.5
2032-02-25,0.0,25.883,28.41,10.232,297.23,SSP5-8.5
2032-02-26,0.0,26.556,28.709,13.199,294.8,SSP5-8.5
2032-02-27,0.0,26.459,34.085,11.494,293.23,SSP5-8.5
2032-02-28,0.0,27.178,36.285,10.923,287.2,SSP5-8.5
2032-02-29,0.0,27.078,34.144,9.236,283.64,SSP5-8.5
2032-03-01,0.0,27.357,30.429,6.933,290.72,SSP5-8.5
2032-03-02,0.0,27.273,28.837,7.968,294.95,SSP5-8.5
2032-03-03,0.0,27.787,29.305,8.465,289.41,SSP5-8.5
2032-03-04,0.0,27.985,30.025,8.367,293.82,SSP5-8.5
2032-03-05,0.0,28.221,28.902,7.621,287.36,SSP5-8.5
2032-03-06,0.0,28.821,28.681,6.805,263.85,SSP5-8.5
2032-03-07,0.0,28.798,29.861,5.181,230.14,SSP5-8.5
2032-03-08,0.0,28.66,28.756,5.732,261.27,SSP5-8.5
2032-03-09,0.008,27.927,36.974,8.011,234.46,SSP5-8.5
2032-03-10,0.0,28.484,30.923,7.589,305.14,SSP5-8.5
2032-03-11,0.0,28.767,29.323,10.635,308.8,SSP5-8.5
2032-03-12,0.0,28.854,28.696,9.48,314.9,SSP5-8.5
2032-03-13,0.0,28.542,27.302,8.133,314.78,SSP5-8.5
2032-03-14,0.0,28.489,27.396,7.105,311.26,SSP5-8.5
2032-03-15,0.0,29.66,27.129,7.587,285.17,SSP5-8.5
2032-03-16,0.0,30.306,29.5,6.541,261.85,SSP5-8.5
2032-03-17,0.0,29.769,27.591,5.211,312.28,SSP5-8.5
2032-03-18,0.0,29.248,24.206,5.274,324.84,SSP5-8.5
2032-03-19,0.0,28.541,21.073,5.917,333.33,SSP5-8.5
2032-03-20,0.0,28.243,21.727,6.514,331.37,SSP5-8.5
2032-03-21,0.0,28.301,24.733,6.979,326.15,SSP5-8.5
2032-03-22,0.0,29.039,25.015,7.953,322.02,SSP5-8.5
2032-03-23,0.0,29.376,24.202,7.772,321.35,SSP5-8.5
2032-03-24,0.0,29.596,24.218,7.228,301.07,SSP5-8.5
2032-03-25,0.0,30.278,23.666,6.859,281.32,SSP5-8.5
2032-03-26,0.0,30.712,24.24,7.131,276.59,SSP5-8.5
2032-03-27,0.0,30.159,23.441,7.208,310.14,SSP5-8.5
2032-03-28,0.0,30.691,23.598,7.763,298.23,SSP5-8.5
2032-03-29,0.0,30.539,23.929,6.543,283.8,SSP5-8.5
2032-03-30,0.0,30.656,22.585,7.697,296.44,SSP5-8.5
2032-03-31,0.0138,30.429,28.161,9.379,247.76,SSP5-8.5
2032-04-01,0.2218,29.704,32.196,5.529,258.96,SSP5-8.5
2032-04-02,0.0,28.812,33.951,10.317,228.02,SSP5-8.5
2032-04-03,0.0,29.337,26.575,7.021,315.35,SSP5-8.5
2032-04-04,0.002,30.302,24.826,9.333,319.51,SSP5-8.5
2032-04-05,0.0,31.129,24.752,8.707,310.95,SSP5-8.5
2032-04-06,0.0,30.968,26.306,11.344,286.55,SSP5-8.5
2032-04-07,0.0546,31.008,27.975,11.962,301.1,SSP5-8.5
2032-04-08,4.8483,30.587,28.295,11.707,292.43,SSP5-8.5
2032-04-09,0.4786,28.108,42.846,9.371,233.0,SSP5-8.5
2032-04-10,0.5693,27.384,44.981,10.735,257.82,SSP5-8.5
2032-04-11,0.0206,29.42,35.558,9.419,306.04,SSP5-8.5
2032-04-12,0.9949,29.168,41.499,6.299,279.26,SSP5-8.5
2032-04-13,0.2744,29.99,37.261,5.796,281.58,SSP5-8.5
2032-04-14,0.0125,30.568,31.173,8.356,305.19,SSP5-8.5
2032-04-15,5.7193,31.341,33.613,7.018,272.63,SSP5-8.5
2032-04-16,16.8948,26.526,62.51,8.36,227.99,SSP5-8.5
2032-04-17,0.2432,28.685,51.627,4.471,271.46,SSP5-8.5
2032-04-18,0.055,30.57,37.71,8.845,291.55,SSP5-8.5
2032-04-19,0.2156,31.273,35.888,5.657,289.99,SSP5-8.5
2032-04-20,0.0792,31.762,30.996,10.968,291.37,SSP5-8.5
2032-04-21,0.0963,31.769,32.899,13.257,286.68,SSP5-8.5
2032-04-22,0.0,31.974,28.729,12.185,299.77,SSP5-8.5
2032-04-23,0.0,32.044,26.342,10.884,336.48,SSP5-8.5
2032-04-24,0.0517,32.469,26.521,11.057,280.4,SSP5-8.5
2032-04-25,0.4436,32.363,28.361,8.829,292.43,SSP5-8.5
2032-04-26,0.0,32.469,27.25,9.896,283.01,SSP5-8.5
2032-04-27,0.0056,32.247,26.53,10.138,319.01,SSP5-8.5
2032-04-28,0.0,32.221,25.423,6.453,308.42,SSP5-8.5
2032-04-29,0.5941,32.492,26.328,8.483,321.18,SSP5-8.5
2032-04-30,0.0057,32.515,26.659,7.512,315.75,SSP5-8.5
2032-05-01,0.0,33.087,25.118,7.883,307.71,SSP5-8.5
2032-05-02,0.0,33.223,22.998,7.564,329.4,SSP5-8.5
2032-05-03,0.0,33.542,23.37,7.355,309.59,SSP5-8.5
2032-05-04,0.431,32.755,24.905,6.743,305.65,SSP5-8.5
2032-05-05,0.2331,29.815,37.676,6.491,211.9,SSP5-8.5
2032-05-06,1.6247,32.055,35.064,4.766,283.32,SSP5-8.5
2032-05-07,0.5903,30.852,39.615,4.414,253.13,SSP5-8.5
2032-05-08,2.356,31.777,37.923,5.275,261.19,SSP5-8.5
2032-05-09,2.7351,28.518,50.759,8.724,210.58,SSP5-8.5
2032-05-10,0.0,31.711,34.394,6.387,295.85,SSP5-8.5
2032-05-11,0.0,32.666,28.185,7.504,320.34,SSP5-8.5
2032-05-12,0.0198,33.358,27.693,9.373,313.16,SSP5-8.5
2032-05-13,0.1945,33.228,31.101,8.681,267.55,SSP5-8.5
2032-05-14,1.1871,32.56,36.336,7.354,280.37,SSP5-8.5
2032-05-15,0.0484,32.488,34.174,6.73,301.59,SSP5-8.5
2032-05-16,1.1425,32.689,33.712,7.072,284.81,SSP5-8.5
2032-05-17,2.283,31.776,41.12,7.316,276.75,SSP5-8.5
2032-05-18,0.2692,32.345,35.354,6.727,308.81,SSP5-8.5
2032-05-19,1.5323,29.254,48.163,5.554,218.82,SSP5-8.5
2032-05-20,16.9102,26.969,73.474,6.176,187.21,SSP5-8.5
2032-05-21,0.4873,31.114,47.416,9.158,282.65,SSP5-8.5
2032-05-22,2.5943,30.638,52.207,8.823,259.49,SSP5-8.5
2032-05-23,0.1604,31.118,49.801,6.208,273.03,SSP5-8.5
2032-05-24,0.1975,32.088,44.302,5.74,275.83,SSP5-8.5
2032-05-25,0.1719,32.286,46.941,5.626,282.84,SSP5-8.5
2032-05-26,0.0,30.856,53.164,5.909,253.74,SSP5-8.5
2032-05-27,0.0,30.856,51.175,6.241,263.8,SSP5-8.5
2032-05-28,0.0694,32.46,37.344,10.669,305.89,SSP5-8.5
2032-05-29,0.0,32.652,31.629,14.556,333.24,SSP5-8.5
2032-05-30,0.0,31.164,37.488,14.122,275.0,SSP5-8.5
2032-05-31,0.0,32.467,35.79,16.832,314.03,SSP5-8.5
2032-06-01,0.0,30.892,41.957,17.333,249.53,SSP5-8.5
2032-06-02,0.0,32.762,37.341,16.258,299.78,SSP5-8.5
2032-06-03,0.0,32.927,37.562,15.423,302.8,SSP5-8.5
2032-06-04,0.0,33.209,38.191,14.854,294.74,SSP5-8.5
2032-06-05,0.0,32.852,39.127,15.091,283.93,SSP5-8.5
2032-06-06,0.0009,31.637,43.974,15.818,281.62,SSP5-8.5
2032-06-07,0.0,30.068,56.121,15.071,254.44,SSP5-8.5
2032-06-08,0.0,30.063,54.33,16.933,254.44,SSP5-8.5
2032-06-09,3.0096,29.519,58.339,18.567,279.35,SSP5-8.5
2032-06-10,0.0,29.462,54.049,19.892,262.24,SSP5-8.5
2032-06-11,3.2527,28.679,60.613,19.747,243.17,SSP5-8.5
2032-06-12,1.3597,26.645,73.45,17.415,220.31,SSP5-8.5
2032-06-13,0.0,27.975,62.338,18.06,245.05,SSP5-8.5
2032-06-14,13.0837,28.002,67.314,17.57,252.47,SSP5-8.5
2032-06-15,5.0757,26.663,73.916,15.579,220.9,SSP5-8.5
2032-06-16,2.6302,26.125,81.869,13.737,206.77,SSP5-8.5
2032-06-17,4.0126,27.162,71.946,17.65,258.84,SSP5-8.5
2032-06-18,1.1454,26.257,76.675,16.176,209.17,SSP5-8.5
2032-06-19,0.82,27.697,64.951,15.508,280.81,SSP5-8.5
2032-06-20,28.0299,25.8,85.028,14.418,177.68,SSP5-8.5
2032-06-21,2.2547,26.179,83.755,14.471,206.56,SSP5-8.5
2032-06-22,1.9485,26.595,80.491,15.261,219.63,SSP5-8.5
2032-06-23,0.0,27.26,72.326,16.657,248.65,SSP5-8.5
2032-06-24,0.2779,27.477,70.214,16.447,254.52,SSP5-8.5
2032-06-25,15.2673,26.692,82.421,13.541,218.68,SSP5-8.5
2032-06-26,12.7475,25.94,88.306,13.869,195.62,SSP5-8.5
2032-06-27,17.4094,26.279,88.035,14.267,202.3,SSP5-8.5
2032-06-28,1.8975,26.669,86.204,12.127,221.11,SSP5-8.5
2032-06-29,5.3552,26.762,85.371,11.692,224.33,SSP5-8.5
2032-06-30,20.5603,26.589,87.947,12.213,215.75,SSP5-8.5
2032-07-01,2.9073,25.694,87.134,14.697,206.07,SSP5-8.5
2032-07-02,5.1217,25.516,88.788,12.33,198.56,SSP5-8.5
2032-07-03,0.0734,26.452,81.726,13.538,244.61,SSP5-8.5
2032-07-04,0.0735,26.667,79.279,13.424,251.04,SSP5-8.5
2032-07-05,3.0667,26.675,83.312,10.527,232.55,SSP5-8.5
2032-07-06,0.0347,26.89,79.328,12.429,244.02,SSP5-8.5
2032-07-07,0.0684,26.252,81.558,14.42,227.87,SSP5-8.5
2032-07-08,0.2645,26.632,78.946,13.69,242.07,SSP5-8.5
2032-07-09,0.6511,26.614,84.503,10.804,231.2,SSP5-8.5
2032-07-10,0.0529,26.142,84.252,12.5,224.0,SSP5-8.5
2032-07-11,7.0531,26.07,87.63,12.323,215.61,SSP5-8.5
2032-07-12,4.6674,26.124,88.357,11.463,216.38,SSP5-8.5
2032-07-13,0.5684,26.79,82.016,9.784,253.66,SSP5-8.5
2032-07-14,1.9499,26.484,85.019,9.34,225.44,SSP5-8.5
2032-07-15,14.6157,26.919,85.614,11.595,243.06,SSP5-8.5
2032-07-16,14.1,26.388,88.012,10.972,220.36,SSP5-8.5
2032-07-17,1.1758,26.546,86.005,11.73,220.68,SSP5-8.5
2032-07-18,4.4044,27.059,82.692,14.247,245.94,SSP5-8.5
2032-07-19,0.5556,26.475,83.847,12.547,229.99,SSP5-8.5
2032-07-20,6.4807,27.413,82.298,11.421,256.63,SSP5-8.5
2032-07-21,0.0,27.466,82.301,7.818,244.84,SSP5-8.5
2032-07-22,0.0,27.145,83.734,6.578,239.53,SSP5-8.5
2032-07-23,0.0,27.608,82.146,7.548,241.05,SSP5-8.5
2032-07-24,0.0372,27.893,77.679,11.387,276.91,SSP5-8.5
2032-07-25,0.0,26.102,85.457,10.481,218.7,SSP5-8.5
2032-07-26,0.2485,26.098,85.859,10.183,225.73,SSP5-8.5
2032-07-27,2.5379,25.718,90.633,7.18,193.39,SSP5-8.5
2032-07-28,0.7648,26.277,89.116,6.504,222.69,SSP5-8.5
2032-07-29,0.0,26.956,84.947,9.784,233.38,SSP5-8.5
2032-07-30,0.0,27.04,82.94,9.473,245.7,SSP5-8.5
2032-07-31,0.0,27.615,80.547,8.824,246.6,SSP5-8.5
2032-08-01,0.0,28.594,78.342,10.341,257.35,SSP5-8.5
2032-08-02,0.0,28.301,77.12,13.976,239.18,SSP5-8.5
2032-08-03,0.0,27.899,79.127,15.578,240.67,SSP5-8.5
2032-08-04,0.0025,27.475,81.233,16.389,233.72,SSP5-8.5
2032-08-05,0.0106,27.559,82.44,13.514,233.72,SSP5-8.5
2032-08-06,0.1312,27.904,79.253,12.947,262.98,SSP5-8.5
2032-08-07,0.0,27.662,82.785,9.879,245.46,SSP5-8.5
2032-08-08,0.0524,27.569,79.23,11.256,244.56,SSP5-8.5
2032-08-09,0.4648,27.224,81.386,10.728,234.67,SSP5-8.5
2032-08-10,0.0,28.403,73.921,11.927,282.4,SSP5-8.5
2032-08-11,0.0,27.971,76.932,7.66,261.92,SSP5-8.5
2032-08-12,7.6053,27.599,86.804,6.027,228.69,SSP5-8.5
2032-08-13,1.2968,27.498,86.751,5.125,232.36,SSP5-8.5
2032-08-14,0.0,27.865,83.361,7.269,235.44,SSP5-8.5
2032-08-15,0.0,28.468,79.01,7.102,258.92,SSP5-8.5
2032-08-16,0.0,28.357,80.428,4.551,238.08,SSP5-8.5
2032-08-17,0.0,28.728,78.576,6.865,256.91,SSP5-8.5
2032-08-18,0.0,28.731,76.806,8.3,272.19,SSP5-8.5
2032-08-19,0.0,28.688,73.139,11.709,301.34,SSP5-8.5
2032-08-20,0.0,29.113,71.691,12.865,298.89,SSP5-8.5
2032-08-21,0.0,28.48,71.882,15.323,311.92,SSP5-8.5
2032-08-22,0.0,28.447,75.399,12.005,258.41,SSP5-8.5
2032-08-23,0.0,28.772,76.012,7.81,250.79,SSP5-8.5
2032-08-24,0.0,28.831,76.409,7.149,244.91,SSP5-8.5
2032-08-25,0.1753,28.425,78.32,8.645,244.56,SSP5-8.5
2032-08-26,0.1012,27.529,82.004,10.477,221.06,SSP5-8.5
2032-08-27,0.0,27.69,77.615,11.434,234.24,SSP5-8.5
2032-08-28,0.0372,27.746,78.152,11.362,241.68,SSP5-8.5
2032-08-29,6.5755,27.577,80.007,8.389,241.96,SSP5-8.5
2032-08-30,25.2426,26.856,89.707,6.496,220.31,SSP5-8.5
2032-08-31,23.9225,26.845,90.703,3.962,223.7,SSP5-8.5
2032-09-01,35.3688,26.384,92.684,7.474,217.72,SSP5-8.5
2032-09-02,40.1436,26.131,94.35,7.713,201.07,SSP5-8.5
2032-09-03,0.0892,26.373,89.702,7.969,221.9,SSP5-8.5
2032-09-04,0.0724,27.094,81.073,8.422,270.25,SSP5-8.5
2032-09-05,0.0,27.289,84.76,7.191,246.87,SSP5-8.5
2032-09-06,0.0,27.704,81.577,4.65,249.8,SSP5-8.5
2032-09-07,0.0,28.106,75.415,10.182,280.71,SSP5-8.5
2032-09-08,0.0,27.263,78.538,11.697,238.85,SSP5-8.5
2032-09-09,28.4973,26.787,81.062,14.29,241.64,SSP5-8.5
2032-09-10,37.6488,25.588,92.046,15.821,165.63,SSP5-8.5
2032-09-11,8.6788,25.89,93.053,10.072,188.28,SSP5-8.5
2032-09-12,0.7197,26.326,89.651,8.93,197.54,SSP5-8.5
2032-09-13,0.0,26.989,80.592,10.68,241.49,SSP5-8.5
2032-09-14,0.0,27.296,79.357,10.235,245.64,SSP5-8.5
2032-09-15,0.0,27.522,78.437,7.822,269.68,SSP5-8.5
2032-09-16,15.0412,27.61,79.544,6.662,269.18,SSP5-8.5
2032-09-17,15.7166,26.342,90.943,11.335,196.55,SSP5-8.5
2032-09-18,0.8632,26.675,84.601,9.867,232.32,SSP5-8.5
2032-09-19,0.0,26.997,79.329,9.866,241.75,SSP5-8.5
2032-09-20,0.0,26.259,86.495,7.767,202.37,SSP5-8.5
2032-09-21,0.7061,26.96,80.424,7.33,256.54,SSP5-8.5
2032-09-22,15.3626,26.202,90.666,4.115,211.3,SSP5-8.5
2032-09-23,1.537,26.301,89.757,4.254,224.13,SSP5-8.5
2032-09-24,2.5028,26.561,88.12,4.473,220.7,SSP5-8.5
2032-09-25,32.5872,26.225,91.308,4.751,207.19,SSP5-8.5
2032-09-26,20.4304,25.872,92.976,6.8,195.92,SSP5-8.5
2032-09-27,21.8599,26.029,92.681,4.413,198.64,SSP5-8.5
2032-09-28,17.837,26.37,90.275,5.333,220.97,SSP5-8.5
2032-09-29,20.1303,26.293,91.19,3.95,203.4,SSP5-8.5
2032-09-30,1.0637,26.634,88.666,3.176,226.75,SSP5-8.5
2032-10-01,24.9557,24.313,93.306,2.628,199.89,SSP5-8.5
2032-10-02,25.8371,24.246,92.132,2.441,206.29,SSP5-8.5
2032-10-03,35.1835,24.119,92.962,2.502,203.44,SSP5-8.5
2032-10-04,18.5389,24.163,92.256,4.705,198.62,SSP5-8.5
2032-10-05,28.2646,24.141,94.275,5.983,187.47,SSP5-8.5
2032-10-06,29.151,23.936,92.947,4.865,198.04,SSP5-8.5
2032-10-07,28.8354,23.923,93.268,3.762,197.25,SSP5-8.5
2032-10-08,17.5891,23.999,91.769,4.387,206.79,SSP5-8.5
2032-10-09,12.2814,24.117,90.367,3.043,211.78,SSP5-8.5
2032-10-10,0.8861,25.481,84.865,2.89,232.77,SSP5-8.5
2032-10-11,0.1006,25.68,85.683,4.363,228.36,SSP5-8.5
2032-10-12,25.7141,24.685,88.206,7.383,210.0,SSP5-8.5
2032-10-13,56.2044,24.099,94.199,9.056,174.12,SSP5-8.5
2032-10-14,37.2133,24.005,96.108,9.993,152.93,SSP5-8.5
2032-10-15,21.8034,23.802,93.009,9.292,176.28,SSP5-8.5
2032-10-16,15.8555,23.804,90.996,7.634,189.65,SSP5-8.5
2032-10-17,21.2247,23.656,91.236,7.986,184.58,SSP5-8.5
2032-10-18,18.9552,23.652,90.304,7.24,195.05,SSP5-8.5
2032-10-19,28.9026,23.923,90.005,7.712,191.8,SSP5-8.5
2032-10-20,23.1171,23.215,92.272,7.374,170.68,SSP5-8.5
2032-10-21,24.2035,23.666,90.043,6.738,194.74,SSP5-8.5
2032-10-22,26.8984,23.882,89.954,7.205,184.52,SSP5-8.5
2032-10-23,46.6682,23.023,92.158,6.065,174.62,SSP5-8.5
2032-10-24,25.8658,22.532,92.577,4.044,174.9,SSP5-8.5
2032-10-25,0.435,24.128,85.882,6.978,215.9,SSP5-8.5
2032-10-26,0.0431,23.983,77.666,6.894,252.48,SSP5-8.5
2032-10-27,0.0,23.611,60.682,7.443,263.63,SSP5-8.5
2032-10-28,0.0,23.407,58.887,8.014,220.89,SSP5-8.5
2032-10-29,0.0,22.1,47.958,9.669,259.11,SSP5-8.5
2032-10-30,0.0,21.873,41.671,10.808,275.04,SSP5-8.5
2032-10-31,0.0,21.832,45.37,10.098,276.37,SSP5-8.5
2032-11-01,0.0,21.889,43.087,10.01,273.91,SSP5-8.5
2032-11-02,0.0,21.595,40.757,8.159,275.73,SSP5-8.5
2032-11-03,0.0,21.388,58.485,6.435,261.38,SSP5-8.5
2032-11-04,0.0,23.538,71.092,5.986,233.92,SSP5-8.5
2032-11-05,0.0,23.898,61.386,6.792,253.37,SSP5-8.5
2032-11-06,0.0,23.769,62.245,7.237,242.56,SSP5-8.5
2032-11-07,0.0,23.829,57.518,7.498,252.14,SSP5-8.5
2032-11-08,0.0,23.629,60.692,5.698,248.97,SSP5-8.5
2032-11-09,0.0,23.421,58.699,8.17,253.44,SSP5-8.5
2032-11-10,0.0,23.193,59.916,8.479,236.25,SSP5-8.5
2032-11-11,0.0,23.965,61.861,9.368,235.65,SSP5-8.5
2032-11-12,0.509,23.989,73.158,10.937,212.83,SSP5-8.5
2032-11-13,18.517,22.959,90.034,14.482,157.43,SSP5-8.5
2032-11-14,3.6649,22.94,89.129,10.829,159.57,SSP5-8.5
2032-11-15,0.0012,24.482,74.017,9.343,237.5,SSP5-8.5
2032-11-16,0.0,24.436,66.345,8.941,225.38,SSP5-8.5
2032-11-17,0.0,24.529,65.722,9.629,223.57,SSP5-8.5
2032-11-18,0.0,23.393,64.75,8.827,198.57,SSP5-8.5
2032-11-19,0.0,22.711,52.628,8.17,244.63,SSP5-8.5
2032-11-20,0.0,22.529,52.787,8.104,239.77,SSP5-8.5
2032-11-21,0.0,22.372,52.828,7.196,242.98,SSP5-8.5
2032-11-22,0.0,22.156,53.096,7.376,210.19,SSP5-8.5
2032-11-23,0.0,22.458,58.421,8.013,210.78,SSP5-8.5
2032-11-24,0.0,22.611,61.502,9.489,213.04,SSP5-8.5
2032-11-25,0.0,22.425,54.433,8.798,226.66,SSP5-8.5
2032-11-26,0.0,22.21,51.245,8.042,235.47,SSP5-8.5
2032-11-27,0.0,21.98,49.388,8.343,238.28,SSP5-8.5
2032-11-28,0.0,21.791,48.587,7.938,239.24,SSP5-8.5
2032-11-29,0.0,21.401,49.688,6.856,234.17,SSP5-8.5
2032-11-30,0.0,20.836,51.75,7.425,217.62,SSP5-8.5
2032-12-01,0.0,21.142,49.782,6.485,233.24,SSP5-8.5
2032-12-02,0.0,21.866,48.044,9.158,234.84,SSP5-8.5
2032-12-03,0.0,21.247,42.453,8.678,241.05,SSP5-8.5
2032-12-04,0.0,20.968,42.241,6.856,242.77,SSP5-8.5
2032-12-05,0.0,21.063,47.262,6.009,240.56,SSP5-8.5
2032-12-06,0.0,21.001,45.718,7.934,239.32,SSP5-8.5
2032-12-07,0.0,21.015,45.065,8.892,238.28,SSP5-8.5
2032-12-08,0.0,20.711,42.843,9.11,234.41,SSP5-8.5
2032-12-09,0.0,20.26,41.536,9.583,243.09,SSP5-8.5
2032-12-10,0.0,20.437,42.536,9.349,230.72,SSP5-8.5
2032-12-11,0.0,21.438,49.293,10.404,236.43,SSP5-8.5
2032-12-12,0.0,22.592,54.784,8.415,212.5,SSP5-8.5
2032-12-13,0.0,22.568,51.444,7.933,238.66,SSP5-8.5
2032-12-14,0.0,22.485,49.59,9.06,237.8,SSP5-8.5
2032-12-15,0.0,23.624,56.505,10.715,217.82,SSP5-8.5
2032-12-16,0.0,23.839,55.191,10.632,222.34,SSP5-8.5
2032-12-17,0.0,23.609,54.315,9.972,197.32,SSP5-8.5
2032-12-18,0.0,23.326,53.847,9.882,200.08,SSP5-8.5
2032-12-19,0.0,22.624,54.189,9.847,212.49,SSP5-8.5
2032-12-20,0.0,22.74,52.572,9.124,232.09,SSP5-8.5
2032-12-21,0.0,22.331,46.412,10.331,240.6,SSP5-8.5
2032-12-22,0.0,21.274,42.557,11.371,239.27,SSP5-8.5
2032-12-23,0.0,20.721,37.719,11.245,232.98,SSP5-8.5
2032-12-24,0.0,20.683,39.831,10.104,233.08,SSP5-8.5
2032-12-25,0.0,20.591,43.737,10.429,235.16,SSP5-8.5
2032-12-26,0.0,20.431,42.45,9.172,241.26,SSP5-8.5
2032-12-27,0.0,20.512,39.83,10.324,240.5,SSP5-8.5
2032-12-28,0.0,20.222,38.252,9.287,238.21,SSP5-8.5
2032-12-29,0.0,20.038,33.99,11.491,246.13,SSP5-8.5
2032-12-30,0.0,19.796,34.575,9.978,210.18,SSP5-8.5
2032-12-31,0.0,19.175,32.004,9.949,249.45,SSP5-8.5
2033-01-01,0.0,19.26,31.075,12.343,251.66,SSP5-8.5
2033-01-02,0.0,19.305,30.542,12.72,255.49,SSP5-8.5
2033-01-03,0.0,18.416,29.317,11.669,258.55,SSP5-8.5
2033-01-04,0.0,18.101,31.056,8.558,261.61,SSP5-8.5
2033-01-05,0.0,18.971,35.651,7.588,255.15,SSP5-8.5
2033-01-06,0.0,19.86,40.861,4.697,249.58,SSP5-8.5
2033-01-07,0.0,21.226,49.36,6.054,243.29,SSP5-8.5
2033-01-08,0.0,22.214,50.205,7.53,241.26,SSP5-8.5
2033-01-09,0.0,22.877,52.239,8.514,238.96,SSP5-8.5
2033-01-10,0.0,23.321,50.379,9.24,239.71,SSP5-8.5
2033-01-11,0.0,23.599,51.158,8.762,212.11,SSP5-8.5
2033-01-12,0.0,24.173,51.104,6.576,232.05,SSP5-8.5
2033-01-13,0.0,24.111,52.715,7.243,233.79,SSP5-8.5
2033-01-14,0.0,24.296,50.4,7.928,235.28,SSP5-8.5
2033-01-15,0.0,24.198,46.501,9.017,238.12,SSP5-8.5
2033-01-16,0.0,23.392,37.98,11.574,245.82,SSP5-8.5
2033-01-17,0.0,21.593,32.115,11.821,225.35,SSP5-8.5
2033-01-18,0.0,21.173,30.913,10.095,252.02,SSP5-8.5
2033-01-19,0.0,22.783,40.289,11.719,219.99,SSP5-8.5
2033-01-20,0.0,24.26,50.239,10.458,234.31,SSP5-8.5
2033-01-21,0.0,25.197,50.609,9.137,230.45,SSP5-8.5
2033-01-22,0.0,25.133,48.564,9.263,241.58,SSP5-8.5
2033-01-23,0.0,23.709,47.635,9.312,228.52,SSP5-8.5
2033-01-24,0.0,23.349,44.938,7.78,247.0,SSP5-8.5
2033-01-25,0.0,23.417,49.946,6.649,213.1,SSP5-8.5
2033-01-26,0.0,23.985,47.042,6.668,240.8,SSP5-8.5
2033-01-27,0.0,23.911,46.855,5.127,252.88,SSP5-8.5
2033-01-28,0.0,24.248,44.01,5.405,255.69,SSP5-8.5
2033-01-29,0.0,24.221,43.503,5.715,259.31,SSP5-8.5
2033-01-30,0.0,24.086,45.259,8.218,244.78,SSP5-8.5
2033-01-31,0.0,24.844,44.646,8.148,248.88,SSP5-8.5
2033-02-01,0.0,24.898,47.053,8.645,236.42,SSP5-8.5
2033-02-02,0.0,25.082,45.433,8.446,238.65,SSP5-8.5
2033-02-03,0.0,24.666,44.174,7.073,231.89,SSP5-8.5
2033-02-04,0.0,24.962,41.523,10.575,242.41,SSP5-8.5
2033-02-05,0.0,24.28,41.842,13.664,240.31,SSP5-8.5
2033-02-06,0.0,24.371,39.65,15.583,266.19,SSP5-8.5
2033-02-07,0.0,24.368,46.516,10.688,264.92,SSP5-8.5
2033-02-08,0.0,25.247,49.594,9.599,246.49,SSP5-8.5
2033-02-09,0.0,25.574,47.249,10.311,267.03,SSP5-8.5
2033-02-10,0.0,23.525,48.32,11.413,192.68,SSP5-8.5
2033-02-11,0.0,24.618,48.882,12.872,276.62,SSP5-8.5
2033-02-12,0.0001,24.449,58.18,17.147,240.92,SSP5-8.5
2033-02-13,0.0668,23.534,67.951,12.53,219.57,SSP5-8.5
2033-02-14,0.0136,22.13,86.679,7.935,174.97,SSP5-8.5
2033-02-15,0.0001,23.55,66.611,7.581,229.44,SSP5-8.5
2033-02-16,0.0,23.822,66.982,7.503,222.13,SSP5-8.5
2033-02-17,0.0,25.256,58.831,5.295,250.68,SSP5-8.5
2033-02-18,0.0,25.721,55.679,8.556,242.31,SSP5-8.5
2033-02-19,0.0,25.707,54.21,7.181,256.25,SSP5-8.5
2033-02-20,0.0,24.887,36.13,10.501,293.6,SSP5-8.5
2033-02-21,0.0,24.612,33.374,9.066,300.55,SSP5-8.5
2033-02-22,0.0,24.477,37.818,6.935,294.21,SSP5-8.5
2033-02-23,0.0,25.154,37.149,9.557,287.94,SSP5-8.5
2033-02-24,0.0,26.121,35.617,8.551,279.62,SSP5-8.5
2033-02-25,0.0,26.125,35.011,4.493,283.07,SSP5-8.5
2033-02-26,0.0,26.097,35.204,4.946,287.6,SSP5-8.5
2033-02-27,0.0,26.667,35.166,5.395,276.37,SSP5-8.5
2033-02-28,0.0,26.919,36.539,6.23,279.45,SSP5-8.5
2033-03-01,0.0,27.41,36.467,6.118,281.6,SSP5-8.5
2033-03-02,0.0,27.492,33.054,7.146,288.55,SSP5-8.5
2033-03-03,0.0,27.603,31.856,5.574,294.66,SSP5-8.5
2033-03-04,0.0,27.347,29.776,7.235,303.77,SSP5-8.5
2033-03-05,0.0,27.457,28.942,3.897,303.67,SSP5-8.5
2033-03-06,0.0,27.848,29.734,4.878,295.79,SSP5-8.5
2033-03-07,0.0,28.551,29.535,8.599,288.75,SSP5-8.5
2033-03-08,0.0,26.442,33.66,6.745,207.66,SSP5-8.5
2033-03-09,0.0,27.645,32.252,5.627,281.05,SSP5-8.5
2033-03-10,0.0,28.754,32.039,5.401,281.45,SSP5-8.5
2033-03-11,0.0,29.197,33.613,7.02,273.68,SSP5-8.5
2033-03-12,0.0,29.299,32.614,8.535,276.57,SSP5-8.5
2033-03-13,0.0003,29.585,31.957,7.909,259.45,SSP5-8.5
2033-03-14,0.0,29.527,30.857,6.104,265.24,SSP5-8.5
2033-03-15,0.0,29.447,29.47,6.642,307.94,SSP5-8.5
2033-03-16,0.0,29.595,28.87,11.099,302.48,SSP5-8.5
2033-03-17,0.0,27.64,33.529,7.855,204.98,SSP5-8.5
2033-03-18,0.0,28.699,28.793,9.924,313.0,SSP5-8.5
2033-03-19,0.0,28.775,31.081,12.169,316.75,SSP5-8.5
2033-03-20,0.0,29.416,32.735,12.36,321.48,SSP5-8.5
2033-03-21,0.0,29.686,31.551,12.709,315.78,SSP5-8.5
2033-03-22,0.0196,30.052,32.021,12.831,307.75,SSP5-8.5
2033-03-23,0.1828,27.362,43.239,8.906,203.36,SSP5-8.5
2033-03-24,0.5698,25.952,49.468,10.934,172.41,SSP5-8.5
2033-03-25,0.0,28.605,40.915,7.832,239.77,SSP5-8.5
2033-03-26,0.0,29.201,31.306,10.003,329.02,SSP5-8.5
2033-03-27,0.0,29.399,29.599,6.647,322.24,SSP5-8.5
2033-03-28,0.7735,30.174,36.378,10.531,257.46,SSP5-8.5
2033-03-29,0.8757,28.421,49.966,11.205,214.47,SSP5-8.5
2033-03-30,0.7974,29.507,46.882,8.262,253.72,SSP5-8.5
2033-03-31,0.1495,30.28,43.544,5.203,252.72,SSP5-8.5
2033-04-01,0.0556,29.855,41.027,6.525,250.71,SSP5-8.5
2033-04-02,0.0,30.912,32.607,6.943,309.46,SSP5-8.5
2033-04-03,0.0,31.598,31.677,7.98,281.6,SSP5-8.5
2033-04-04,0.0,31.438,27.462,7.722,316.81,SSP5-8.5
2033-04-05,0.0003,31.344,27.192,8.702,304.8,SSP5-8.5
2033-04-06,0.0017,30.398,31.24,7.127,256.38,SSP5-8.5
2033-04-07,0.0,30.458,29.715,6.69,331.65,SSP5-8.5
2033-04-08,0.0,30.064,28.731,5.809,328.23,SSP5-8.5
2033-04-09,0.0,29.969,27.079,5.504,327.21,SSP5-8.5
2033-04-10,0.0,30.752,25.824,5.628,327.07,SSP5-8.5
2033-04-11,0.0,31.221,25.816,6.747,308.79,SSP5-8.5
2033-04-12,0.0,30.789,25.477,4.686,322.72,SSP5-8.5
2033-04-13,0.0,32.257,27.19,5.612,293.85,SSP5-8.5
2033-04-14,0.2648,30.995,35.06,7.629,249.25,SSP5-8.5
2033-04-15,0.1696,29.797,40.73,8.408,256.87,SSP5-8.5
2033-04-16,0.0,31.178,27.511,5.325,336.19,SSP5-8.5
2033-04-17,0.0,31.069,28.232,8.316,335.6,SSP5-8.5
2033-04-18,0.0,31.746,28.885,10.037,319.98,SSP5-8.5
2033-04-19,0.0,31.958,27.976,11.304,326.31,SSP5-8.5
2033-04-20,0.0,32.162,25.675,10.088,320.24,SSP5-8.5
2033-04-21,0.0,32.207,26.437,7.81,275.64,SSP5-8.5
2033-04-22,0.0,31.857,25.096,7.553,323.92,SSP5-8.5
2033-04-23,0.0,32.849,25.703,8.06,299.49,SSP5-8.5
2033-04-24,0.2822,32.517,28.58,5.955,275.49,SSP5-8.5
2033-04-25,0.0498,32.755,26.717,5.4,303.67,SSP5-8.5
2033-04-26,1.1753,33.029,27.434,6.054,292.57,SSP5-8.5
2033-04-27,1.0569,32.57,29.588,8.56,284.15,SSP5-8.5
2033-04-28,0.8338,32.602,27.616,9.196,316.78,SSP5-8.5
2033-04-29,0.1312,32.449,27.297,6.492,321.14,SSP5-8.5
2033-04-30,0.6973,30.393,30.72,6.165,235.04,SSP5-8.5
2033-05-01,6.8817,31.434,35.572,4.562,281.56,SSP5-8.5
2033-05-02,6.4393,28.53,46.092,3.089,251.39,SSP5-8.5
2033-05-03,11.3358,30.721,41.883,6.071,278.15,SSP5-8.5
2033-05-04,1.32,29.922,41.197,7.587,259.14,SSP5-8.5
2033-05-05,0.3914,30.544,39.569,10.482,301.83,SSP5-8.5
2033-05-06,0.7709,29.953,39.608,11.219,283.01,SSP5-8.5
2033-05-07,0.0207,31.55,32.138,9.964,311.16,SSP5-8.5
2033-05-08,0.0,32.012,28.403,7.439,330.1,SSP5-8.5
2033-05-09,0.0,32.168,27.93,7.042,297.95,SSP5-8.5
2033-05-10,0.0,32.461,25.338,12.047,346.29,SSP5-8.5
2033-05-11,0.0,32.26,24.975,9.538,336.02,SSP5-8.5
2033-05-12,0.0,32.059,24.505,6.905,343.66,SSP5-8.5
2033-05-13,0.0,32.537,26.432,7.385,311.62,SSP5-8.5
2033-05-14,0.0164,32.535,29.655,10.736,302.76,SSP5-8.5
2033-05-15,0.0,32.457,29.45,8.627,301.24,SSP5-8.5
2033-05-16,0.0039,31.812,31.8,5.545,277.94,SSP5-8.5
2033-05-17,0.7844,32.225,31.099,7.086,292.81,SSP5-8.5
2033-05-18,0.0,32.528,34.387,7.851,279.84,SSP5-8.5
2033-05-19,17.5626,30.404,51.225,6.536,222.62,SSP5-8.5
2033-05-20,0.1799,30.983,48.279,4.478,252.5,SSP5-8.5
2033-05-21,0.0009,31.394,46.495,6.769,273.61,SSP5-8.5
2033-05-22,21.5527,26.973,70.593,6.13,218.81,SSP5-8.5
2033-05-23,30.0021,29.295,60.973,12.55,247.66,SSP5-8.5
2033-05-24,30.6573,26.077,68.632,16.643,191.1,SSP5-8.5
2033-05-25,0.5902,29.084,60.621,14.819,212.93,SSP5-8.5
2033-05-26,0.0,30.685,52.776,8.134,284.13,SSP5-8.5
2033-05-27,0.0,31.788,49.859,7.086,318.61,SSP5-8.5
2033-05-28,0.0,32.229,48.18,7.552,304.7,SSP5-8.5
2033-05-29,0.0,32.14,49.645,7.404,292.85,SSP5-8.5
2033-05-30,0.0341,32.254,47.851,8.666,308.98,SSP5-8.5
2033-05-31,0.0,31.849,40.244,11.062,303.79,SSP5-8.5
2033-06-01,0.0,32.547,36.54,10.041,352.15,SSP5-8.5
2033-06-02,0.0,32.799,33.573,13.353,348.95,SSP5-8.5
2033-06-03,0.0,31.371,40.727,14.194,337.07,SSP5-8.5
2033-06-04,0.0,28.38,58.054,11.313,260.94,SSP5-8.5
2033-06-05,0.0611,30.533,53.53,13.037,324.67,SSP5-8.5
2033-06-06,5.8826,28.843,60.963,13.254,270.26,SSP5-8.5
2033-06-07,0.0,30.026,54.976,15.703,284.25,SSP5-8.5
2033-06-08,0.1048,27.571,61.402,17.595,234.61,SSP5-8.5
2033-06-09,1.0945,27.018,68.865,19.827,222.63,SSP5-8.5
2033-06-10,4.3067,26.059,73.764,14.979,193.9,SSP5-8.5
2033-06-11,0.004,29.073,57.959,16.28,307.25,SSP5-8.5
2033-06-12,0.0,27.902,61.93,16.154,254.17,SSP5-8.5
2033-06-13,0.0,29.046,59.268,15.09,280.12,SSP5-8.5
2033-06-14,0.0,28.528,61.253,14.299,266.86,SSP5-8.5
2033-06-15,0.0,28.564,61.045,13.209,268.94,SSP5-8.5
2033-06-16,0.0088,28.871,62.078,8.797,272.08,SSP5-8.5
2033-06-17,1.8266,27.248,75.156,6.881,240.93,SSP5-8.5
2033-06-18,5.153,27.808,73.529,7.701,255.28,SSP5-8.5
2033-06-19,0.0,28.784,63.754,13.067,305.34,SSP5-8.5
2033-06-20,0.0,28.339,63.989,16.816,265.09,SSP5-8.5
2033-06-21,0.0,28.226,64.1,16.724,258.09,SSP5-8.5
2033-06-22,0.0,28.595,61.699,16.16,297.38,SSP5-8.5
2033-06-23,0.0,27.446,68.46,15.992,242.45,SSP5-8.5
2033-06-24,1.0817,27.689,71.191,17.472,253.26,SSP5-8.5
2033-06-25,0.0,27.223,73.829,16.232,239.44,SSP5-8.5
2033-06-26,0.0051,27.484,70.689,17.748,229.63,SSP5-8.5
2033-06-27,6.8987,27.293,77.896,14.958,229.12,SSP5-8.5
2033-06-28,0.5063,27.562,74.822,14.917,241.54,SSP5-8.5
2033-06-29,2.4146,27.374,76.096,13.045,237.91,SSP5-8.5
2033-06-30,2.7617,27.205,78.233,13.53,250.31,SSP5-8.5
2033-07-01,0.2994,26.112,80.321,14.695,210.9,SSP5-8.5
2033-07-02,1.6076,27.151,74.119,15.643,253.1,SSP5-8.5
2033-07-03,0.0,27.621,70.519,16.563,252.32,SSP5-8.5
2033-07-04,14.5651,27.686,76.257,15.713,249.43,SSP5-8.5
2033-07-05,14.6199,26.136,83.014,14.702,211.44,SSP5-8.5
2033-07-06,24.6041,25.496,90.311,16.516,179.05,SSP5-8.5
2033-07-07,28.4649,25.498,91.293,14.64,172.92,SSP5-8.5
2033-07-08,19.6489,25.437,91.913,14.112,178.6,SSP5-8.5
2033-07-09,6.5058,25.514,91.395,13.032,193.63,SSP5-8.5
2033-07-10,3.39,25.734,90.769,14.792,205.02,SSP5-8.5
2033-07-11,0.046,25.607,90.852,12.64,193.49,SSP5-8.5
2033-07-12,0.1968,26.369,84.5,14.584,237.38,SSP5-8.5
2033-07-13,6.737,25.838,88.42,11.276,208.63,SSP5-8.5
2033-07-14,0.003,26.128,86.192,12.054,217.43,SSP5-8.5
2033-07-15,0.0463,26.169,86.293,11.684,222.72,SSP5-8.5
2033-07-16,0.3122,26.092,87.015,11.287,212.09,SSP5-8.5
2033-07-17,0.0053,26.752,82.502,13.277,251.83,SSP5-8.5
2033-07-18,0.0,26.747,82.105,12.479,250.97,SSP5-8.5
2033-07-19,5.0735,26.66,85.559,10.47,228.86,SSP5-8.5
2033-07-20,0.4731,25.797,90.294,10.559,211.1,SSP5-8.5
2033-07-21,0.0,25.69,89.836,8.435,212.38,SSP5-8.5
2033-07-22,0.0,26.317,83.465,9.987,257.13,SSP5-8.5
2033-07-23,0.0,27.07,79.761,9.974,286.87,SSP5-8.5
2033-07-24,0.0,27.528,78.952,9.951,279.89,SSP5-8.5
2033-07-25,0.0,27.293,76.536,11.722,253.03,SSP5-8.5
2033-07-26,0.0,28.043,73.303,11.533,301.7,SSP5-8.5
2033-07-27,0.0,27.414,79.842,9.848,239.74,SSP5-8.5
2033-07-28,0.4002,27.359,80.986,9.306,256.23,SSP5-8.5
2033-07-29,2.9536,27.771,82.926,8.381,247.69,SSP5-8.5
2033-07-30,9.2505,26.001,90.475,6.772,213.26,SSP5-8.5
2033-07-31,1.4093,27.067,87.093,8.555,258.0,SSP5-8.5
2033-08-01,15.3052,27.682,89.797,8.728,224.4,SSP5-8.5
2033-08-02,21.487,27.183,92.154,8.979,214.19,SSP5-8.5
2033-08-03,33.2143,27.083,92.242,11.673,216.48,SSP5-8.5
2033-08-04,28.2622,26.992,92.03,13.77,206.21,SSP5-8.5
2033-08-05,22.7988,26.649,93.393,7.401,211.61,SSP5-8.5
2033-08-06,19.1039,26.873,92.481,4.284,222.18,SSP5-8.5
2033-08-07,0.5152,27.33,88.426,5.079,267.45,SSP5-8.5
2033-08-08,3.409,27.887,88.496,6.155,241.36,SSP5-8.5
2033-08-09,19.0559,27.426,91.513,4.575,226.04,SSP5-8.5
2033-08-10,19.0026,27.131,91.497,5.076,222.9,SSP5-8.5
2033-08-11,0.0255,27.55,86.791,8.009,247.61,SSP5-8.5
2033-08-12,8.8776,27.131,89.11,12.503,232.5,SSP5-8.5
2033-08-13,5.923,27.093,89.973,13.315,225.3,SSP5-8.5
2033-08-14,32.604,26.301,92.313,14.873,193.18,SSP5-8.5
2033-08-15,0.6518,26.289,91.627,14.349,193.11,SSP5-8.5
2033-08-16,0.7696,27.015,89.011,16.747,217.72,SSP5-8.5
2033-08-17,6.3141,27.159,87.442,15.667,227.43,SSP5-8.5
2033-08-18,28.4428,26.142,92.157,14.445,171.91,SSP5-8.5
2033-08-19,8.169,26.094,90.615,16.645,171.33,SSP5-8.5
2033-08-20,30.969,25.983,91.02,17.512,193.03,SSP5-8.5
2033-08-21,35.8673,25.6,94.28,9.588,136.85,SSP5-8.5
2033-08-22,28.3033,26.481,94.231,11.341,181.88,SSP5-8.5
2033-08-23,1.2407,26.41,90.662,12.885,195.13,SSP5-8.5
2033-08-24,0.0,27.31,82.578,15.152,267.26,SSP5-8.5
2033-08-25,7.1294,27.321,84.191,14.208,255.82,SSP5-8.5
2033-08-26,0.0,27.447,85.322,10.314,243.52,SSP5-8.5
2033-08-27,0.0,27.556,81.763,9.747,261.11,SSP5-8.5
2033-08-28,0.0,27.848,78.358,10.375,281.69,SSP5-8.5
2033-08-29,0.0,27.84,80.328,8.825,267.92,SSP5-8.5
2033-08-30,4.8054,27.983,85.691,4.286,251.87,SSP5-8.5
2033-08-31,16.9691,27.054,92.454,2.537,221.03,SSP5-8.5
2033-09-01,0.0945,26.789,88.01,5.891,241.09,SSP5-8.5
2033-09-02,0.0811,27.216,82.877,8.963,257.03,SSP5-8.5
2033-09-03,0.0,27.218,80.558,9.81,262.15,SSP5-8.5
2033-09-04,0.0,27.311,78.017,9.559,302.89,SSP5-8.5
2033-09-05,0.0,27.379,76.609,8.789,294.92,SSP5-8.5
2033-09-06,0.0,27.836,76.122,5.995,298.09,SSP5-8.5
2033-09-07,0.0,28.023,76.406,10.646,270.32,SSP5-8.5
2033-09-08,0.0,27.424,78.914,11.117,243.58,SSP5-8.5
2033-09-09,0.0,27.83,75.506,12.512,254.67,SSP5-8.5
2033-09-10,0.5604,27.322,78.427,10.232,262.69,SSP5-8.5
2033-09-11,0.0,26.79,85.695,7.605,214.86,SSP5-8.5
2033-09-12,0.4513,27.418,83.082,7.667,252.16,SSP5-8.5
2033-09-13,0.0109,27.267,83.007,9.352,231.74,SSP5-8.5
2033-09-14,0.3403,27.19,83.157,10.139,236.87,SSP5-8.5
2033-09-15,37.6135,26.455,87.702,12.917,218.48,SSP5-8.5
2033-09-16,21.9713,25.953,92.736,11.815,192.92,SSP5-8.5
2033-09-17,6.0973,26.525,89.464,7.524,224.9,SSP5-8.5
2033-09-18,0.5746,26.488,86.961,5.929,220.4,SSP5-8.5
2033-09-19,1.3465,26.295,89.793,5.805,213.49,SSP5-8.5
2033-09-20,1.9687,25.941,90.962,7.29,197.39,SSP5-8.5
2033-09-21,0.0298,26.663,83.771,8.003,245.91,SSP5-8.5
2033-09-22,0.0,26.98,79.292,9.594,259.77,SSP5-8.5
2033-09-23,0.0,26.576,85.063,9.515,227.11,SSP5-8.5
2033-09-24,0.0,26.618,82.054,10.302,231.65,SSP5-8.5
2033-09-25,3.638,26.326,87.534,11.132,220.83,SSP5-8.5
2033-09-26,3.6693,26.37,89.644,8.591,209.5,SSP5-8.5
2033-09-27,9.5088,26.272,90.797,5.255,214.72,SSP5-8.5
2033-09-28,3.5749,26.51,88.586,6.366,222.77,SSP5-8.5
2033-09-29,6.0572,26.632,84.719,9.095,228.89,SSP5-8.5
2033-09-30,0.0,26.412,85.996,8.966,223.19,SSP5-8.5
2033-10-01,0.0302,24.723,86.366,8.134,218.92,SSP5-8.5
2033-10-02,0.0771,24.868,85.698,9.492,229.7,SSP5-8.5
2033-10-03,0.8317,24.25,89.759,7.698,195.8,SSP5-8.5
2033-10-04,0.0,24.82,84.882,6.681,214.27,SSP5-8.5
2033-10-05,0.0,25.057,85.432,5.924,228.94,SSP5-8.5
2033-10-06,4.6882,24.145,90.93,5.029,203.69,SSP5-8.5
2033-10-07,0.1341,24.552,87.199,6.574,221.37,SSP5-8.5
2033-10-08,0.0,25.303,83.099,7.488,240.88,SSP5-8.5
2033-10-09,0.0932,25.541,80.882,4.689,257.93,SSP5-8.5
2033-10-10,0.0,25.574,83.385,3.487,235.95,SSP5-8.5
2033-10-11,0.1373,26.132,82.958,6.325,234.18,SSP5-8.5
2033-10-12,2.6336,24.183,88.477,6.326,205.84,SSP5-8.5
2033-10-13,29.4799,23.939,89.871,9.807,194.57,SSP5-8.5
2033-10-14,42.1337,24.026,95.32,11.375,161.92,SSP5-8.5
2033-10-15,21.9789,23.907,94.733,9.981,169.18,SSP5-8.5
2033-10-16,54.6733,23.784,95.719,7.61,148.25,SSP5-8.5
2033-10-17,23.1687,23.59,94.062,6.871,154.69,SSP5-8.5
2033-10-18,0.7448,23.949,87.977,7.547,201.03,SSP5-8.5
2033-10-19,0.0,25.106,80.821,7.473,243.73,SSP5-8.5
2033-10-20,0.1011,25.179,80.435,6.959,245.53,SSP5-8.5
2033-10-21,0.0,24.042,85.811,7.65,198.91,SSP5-8.5
2033-10-22,1.0466,25.429,82.192,9.191,216.01,SSP5-8.5
2033-10-23,0.2509,24.635,84.502,11.438,213.17,SSP5-8.5
2033-10-24,0.0,25.942,77.005,11.778,229.44,SSP5-8.5
2033-10-25,0.0,23.48,85.3,11.989,187.43,SSP5-8.5
2033-10-26,0.0,25.18,72.285,13.508,229.52,SSP5-8.5
2033-10-27,13.862,25.976,80.401,9.068,216.23,SSP5-8.5
2033-10-28,18.1464,22.8,91.237,5.186,172.4,SSP5-8.5
2033-10-29,14.5755,22.667,91.204,2.718,178.58,SSP5-8.5
2033-10-30,21.5249,22.437,92.44,3.787,171.49,SSP5-8.5
2033-10-31,1.4029,23.712,88.486,3.982,190.94,SSP5-8.5
2033-11-01,0.1623,25.616,81.741,4.259,212.47,SSP5-8.5
2033-11-02,0.0,24.26,65.926,5.086,246.9,SSP5-8.5
2033-11-03,0.0,23.828,65.082,5.766,255.41,SSP5-8.5
2033-11-04,0.0,24.199,72.92,6.799,240.91,SSP5-8.5
2033-11-05,0.0,24.324,70.783,5.269,229.49,SSP5-8.5
2033-11-06,0.0551,24.177,81.341,8.785,211.07,SSP5-8.5
2033-11-07,0.0,24.523,74.727,7.557,248.15,SSP5-8.5
2033-11-08,0.0,24.379,67.369,7.291,237.24,SSP5-8.5
2033-11-09,0.0,23.821,67.417,6.114,208.11,SSP5-8.5
2033-11-10,0.0,23.457,61.43,6.252,229.48,SSP5-8.5
2033-11-11,0.0,22.932,58.973,6.509,231.4,SSP5-8.5
2033-11-12,0.0,22.422,52.335,8.627,249.2,SSP5-8.5
2033-11-13,0.0,21.743,44.084,10.715,253.35,SSP5-8.5
2033-11-14,0.0,21.445,44.524,8.29,255.62,SSP5-8.5
2033-11-15,0.0,21.469,57.655,7.364,249.45,SSP5-8.5
2033-11-16,0.0,22.247,60.619,8.472,248.15,SSP5-8.5
2033-11-17,0.0,23.311,60.201,8.846,238.72,SSP5-8.5
2033-11-18,0.0,23.277,60.611,8.816,247.3,SSP5-8.5
2033-11-19,0.0,23.203,63.741,8.736,218.1,SSP5-8.5
2033-11-20,0.0,22.906,55.745,8.659,244.25,SSP5-8.5
2033-11-21,0.0,23.274,52.971,8.576,246.59,SSP5-8.5
2033-11-22,0.0,23.158,52.503,9.458,244.18,SSP5-8.5
2033-11-23,0.0,22.504,47.269,7.725,239.94,SSP5-8.5
2033-11-24,0.0,22.243,43.221,7.485,243.2,SSP5-8.5
2033-11-25,0.0,22.172,43.837,9.006,244.93,SSP5-8.5
2033-11-26,0.0,21.768,38.844,10.355,249.91,SSP5-8.5
2033-11-27,0.0,21.464,34.106,10.719,253.87,SSP5-8.5
2033-11-28,0.0,21.163,36.824,10.454,249.51,SSP5-8.5
2033-11-29,0.0,21.365,36.61,10.831,249.13,SSP5-8.5
2033-11-30,0.0,21.076,34.017,11.412,251.95,SSP5-8.5
2033-12-01,0.0,20.601,33.816,10.393,249.62,SSP5-8.5
2033-12-02,0.0,20.199,33.263,10.342,254.78,SSP5-8.5
2033-12-03,0.0,20.103,52.148,9.341,240.7,SSP5-8.5
2033-12-04,0.0,23.297,64.037,10.372,190.83,SSP5-8.5
2033-12-05,0.0,22.04,67.991,11.685,164.42,SSP5-8.5
2033-12-06,0.0,23.584,53.265,10.179,223.36,SSP5-8.5
2033-12-07,0.0,22.905,55.512,11.848,203.94,SSP5-8.5
2033-12-08,0.0,23.466,53.033,12.139,236.86,SSP5-8.5
2033-12-09,0.0,24.367,54.629,12.775,224.21,SSP5-8.5
2033-12-10,0.0,22.998,64.394,10.954,186.85,SSP5-8.5
2033-12-11,0.0,23.518,57.341,10.798,222.24,SSP5-8.5
2033-12-12,0.0,23.724,53.311,10.823,227.25,SSP5-8.5
2033-12-13,0.0,23.544,53.961,9.319,221.89,SSP5-8.5
2033-12-14,0.0,22.968,55.651,10.07,217.17,SSP5-8.5
2033-12-15,0.0,23.062,53.772,10.424,212.45,SSP5-8.5
2033-12-16,0.0,23.825,51.596,14.043,216.98,SSP5-8.5
2033-12-17,0.0,22.275,80.422,11.535,140.32,SSP5-8.5
2033-12-18,0.0,22.062,71.567,14.428,160.64,SSP5-8.5
2033-12-19,0.0,23.771,57.992,15.703,220.91,SSP5-8.5
2033-12-20,0.0,23.562,56.134,14.259,214.58,SSP5-8.5
2033-12-21,0.0,22.732,56.215,11.208,236.29,SSP5-8.5
2033-12-22,0.0,22.992,53.59,8.897,236.04,SSP5-8.5
2033-12-23,0.0,23.454,53.826,7.987,235.68,SSP5-8.5
2033-12-24,0.0,23.326,55.093,7.128,224.99,SSP5-8.5
2033-12-25,0.0,23.535,54.546,9.104,225.35,SSP5-8.5
2033-12-26,0.0,23.046,56.594,7.228,215.5,SSP5-8.5
2033-12-27,0.0,21.926,60.634,7.826,205.71,SSP5-8.5
2033-12-28,0.0,22.899,56.927,8.017,230.27,SSP5-8.5
2033-12-29,0.0,22.975,53.72,8.239,210.46,SSP5-8.5
2033-12-30,0.0,22.468,52.764,10.042,197.7,SSP5-8.5
2033-12-31,0.0,22.389,45.639,10.738,224.59,SSP5-8.5
2034-01-01,0.0,22.385,48.247,11.308,235.8,SSP5-8.5
2034-01-02,0.0,21.391,72.535,8.678,177.75,SSP5-8.5
2034-01-03,0.0,21.467,56.27,10.25,194.67,SSP5-8.5
2034-01-04,0.0,22.098,47.136,10.633,234.45,SSP5-8.5
2034-01-05,0.0,22.057,48.203,9.694,231.13,SSP5-8.5
2034-01-06,0.0,22.256,54.998,7.978,223.04,SSP5-8.5
2034-01-07,0.0,22.113,62.851,7.303,185.36,SSP5-8.5
2034-01-08,0.0,22.908,58.768,7.55,193.66,SSP5-8.5
2034-01-09,0.0,22.749,58.07,9.192,194.11,SSP5-8.5
2034-01-10,0.0,23.08,52.487,10.047,206.11,SSP5-8.5
2034-01-11,0.0,22.862,50.962,9.324,231.23,SSP5-8.5
2034-01-12,0.0,22.214,46.641,10.641,235.91,SSP5-8.5
2034-01-13,0.0,21.589,43.172,11.045,234.94,SSP5-8.5
2034-01-14,0.0,21.156,36.922,11.871,242.85,SSP5-8.5
2034-01-15,0.0,21.036,42.031,10.365,250.42,SSP5-8.5
2034-01-16,0.0,21.965,45.745,10.066,234.81,SSP5-8.5
2034-01-17,0.0,22.067,37.231,13.812,251.24,SSP5-8.5
2034-01-18,0.0,20.723,29.558,13.831,263.68,SSP5-8.5
2034-01-19,0.0,20.01,30.955,12.216,272.47,SSP5-8.5
2034-01-20,0.0,19.597,30.611,10.453,276.87,SSP5-8.5
2034-01-21,0.0,19.772,34.782,8.251,272.19,SSP5-8.5
2034-01-22,0.0,20.535,39.605,6.074,265.43,SSP5-8.5
2034-01-23,0.0,21.571,43.643,6.563,263.22,SSP5-8.5
2034-01-24,0.0,22.679,46.738,7.805,258.89,SSP5-8.5
2034-01-25,0.0,22.921,47.626,9.754,261.14,SSP5-8.5
2034-01-26,0.0,23.237,44.706,12.762,259.37,SSP5-8.5
2034-01-27,0.0,23.244,46.842,7.439,257.43,SSP5-8.5
2034-01-28,0.0,23.845,50.099,6.477,226.49,SSP5-8.5
2034-01-29,0.0,23.884,43.207,10.612,258.36,SSP5-8.5
2034-01-30,0.0,23.354,47.15,9.338,227.43,SSP5-8.5
2034-01-31,0.0,23.355,50.599,9.549,248.49,SSP5-8.5
2034-02-01,0.0,23.634,47.812,7.116,244.77,SSP5-8.5
2034-02-02,0.0,24.109,48.688,6.252,249.1,SSP5-8.5
2034-02-03,0.0,21.996,73.672,7.014,178.57,SSP5-8.5
2034-02-04,0.0,22.718,60.302,8.825,212.76,SSP5-8.5
2034-02-05,0.0,23.579,54.147,7.505,235.62,SSP5-8.5
2034-02-06,0.0,24.017,52.439,6.694,233.38,SSP5-8.5
2034-02-07,0.0,24.334,50.458,7.54,236.56,SSP5-8.5
2034-02-08,0.0,24.498,51.598,9.691,260.3,SSP5-8.5
2034-02-09,0.0,23.961,54.348,10.571,238.37,SSP5-8.5
2034-02-10,0.0,25.058,48.845,10.367,256.53,SSP5-8.5
2034-02-11,0.0,25.16,47.625,7.902,262.72,SSP5-8.5
2034-02-12,0.0,25.215,46.194,7.871,265.56,SSP5-8.5
2034-02-13,0.0,25.266,46.33,7.118,260.22,SSP5-8.5
2034-02-14,0.0,25.269,43.244,6.384,274.7,SSP5-8.5
2034-02-15,0.0,25.173,41.826,6.759,275.6,SSP5-8.5
2034-02-16,0.0,25.54,39.898,9.891,276.17,SSP5-8.5
2034-02-17,0.0,25.783,39.846,8.094,265.45,SSP5-8.5
2034-02-18,0.0,24.099,59.078,7.478,205.15,SSP5-8.5
2034-02-19,0.0,25.791,48.568,4.197,248.26,SSP5-8.5
2034-02-20,0.0,27.04,42.011,5.216,231.27,SSP5-8.5
2034-02-21,0.0,24.983,48.854,7.264,227.69,SSP5-8.5
2034-02-22,0.0006,25.634,48.857,4.425,250.09,SSP5-8.5
2034-02-23,0.0019,26.498,38.245,11.557,273.59,SSP5-8.5
2034-02-24,0.0,26.76,34.745,14.412,283.73,SSP5-8.5
2034-02-25,0.0,25.715,40.683,8.54,279.34,SSP5-8.5
2034-02-26,0.0,25.792,40.066,9.28,289.82,SSP5-8.5
2034-02-27,0.0009,26.553,38.742,11.727,294.18,SSP5-8.5
2034-02-28,0.0081,26.574,40.392,12.269,285.47,SSP5-8.5
2034-03-01,0.0177,25.888,49.172,11.962,251.07,SSP5-8.5
2034-03-02,1.3408,24.871,57.657,8.114,224.62,SSP5-8.5
2034-03-03,0.0,26.11,43.201,5.546,277.56,SSP5-8.5
2034-03-04,0.0,26.466,37.637,8.082,287.21,SSP5-8.5
2034-03-05,0.0,27.185,36.815,10.739,298.34,SSP5-8.5
2034-03-06,0.0,27.529,34.459,10.956,307.13,SSP5-8.5
2034-03-07,0.0,27.698,35.973,10.424,285.02,SSP5-8.5
2034-03-08,0.0,28.492,37.648,9.772,243.73,SSP5-8.5
2034-03-09,0.0,27.744,29.296,12.715,319.53,SSP5-8.5
2034-03-10,0.0,26.445,21.239,14.161,330.35,SSP5-8.5
2034-03-11,0.0,25.958,20.232,14.675,329.78,SSP5-8.5
2034-03-12,0.0,25.719,21.046,12.691,329.5,SSP5-8.5
2034-03-13,0.0,25.68,21.129,13.863,328.71,SSP5-8.5
2034-03-14,0.0,25.496,23.09,11.457,342.23,SSP5-8.5
2034-03-15,0.0,25.323,24.826,9.041,317.8,SSP5-8.5
2034-03-16,0.0,25.746,27.622,7.553,313.62,SSP5-8.5
2034-03-17,0.0,26.929,28.51,5.297,309.58,SSP5-8.5
2034-03-18,0.0,27.575,27.453,6.623,288.67,SSP5-8.5
2034-03-19,0.0,28.016,28.594,5.608,291.0,SSP5-8.5
2034-03-20,0.0,28.849,31.121,5.865,315.22,SSP5-8.5
2034-03-21,0.0,29.058,27.557,6.909,320.71,SSP5-8.5
2034-03-22,0.0,29.251,27.084,9.948,315.41,SSP5-8.5
2034-03-23,0.0,29.391,23.785,12.156,316.94,SSP5-8.5
2034-03-24,0.0,29.106,23.428,10.388,328.85,SSP5-8.5
2034-03-25,0.0,29.108,23.818,11.086,326.61,SSP5-8.5
2034-03-26,0.0,28.538,22.614,10.695,327.17,SSP5-8.5
2034-03-27,0.0,27.737,21.873,6.733,354.06,SSP5-8.5
2034-03-28,0.0,28.117,25.071,3.728,343.08,SSP5-8.5
2034-03-29,0.0,28.342,24.237,5.299,344.27,SSP5-8.5
2034-03-30,0.0,28.396,24.231,4.828,343.35,SSP5-8.5
2034-03-31,0.0,29.269,25.269,5.055,330.76,SSP5-8.5
2034-04-01,0.0,29.578,29.166,3.957,260.66,SSP5-8.5
2034-04-02,0.0,29.849,27.846,4.238,275.59,SSP5-8.5
2034-04-03,0.0,29.996,29.046,5.499,272.37,SSP5-8.5
2034-04-04,0.0,30.05,28.772,8.132,301.6,SSP5-8.5
2034-04-05,0.0,30.212,30.035,7.642,276.51,SSP5-8.5
2034-04-06,0.0,30.294,28.342,6.975,280.36,SSP5-8.5
2034-04-07,0.0,30.114,29.515,7.594,267.13,SSP5-8.5
2034-04-08,0.126,29.853,34.14,7.844,261.11,SSP5-8.5
2034-04-09,0.094,30.151,32.313,5.883,264.8,SSP5-8.5
2034-04-10,0.1211,30.604,29.6,7.1,283.75,SSP5-8.5
2034-04-11,0.1797,30.419,32.409,7.069,267.81,SSP5-8.5
2034-04-12,0.0,30.076,32.503,7.712,260.12,SSP5-8.5
2034-04-13,0.0,29.523,34.197,5.836,249.96,SSP5-8.5
2034-04-14,0.0004,30.173,30.947,6.518,274.1,SSP5-8.5
2034-04-15,0.0107,30.625,28.146,6.43,313.44,SSP5-8.5
2034-04-16,0.0,30.971,27.23,5.957,316.37,SSP5-8.5
2034-04-17,0.0,31.505,26.203,5.187,314.86,SSP5-8.5
2034-04-18,0.0,31.454,25.085,6.645,290.19,SSP5-8.5
2034-04-19,0.0,31.209,23.989,5.199,337.07,SSP5-8.5
2034-04-20,0.0,31.488,26.682,6.916,329.08,SSP5-8.5
2034-04-21,0.3069,32.285,27.812,6.793,291.79,SSP5-8.5
2034-04-22,0.0,32.519,26.373,5.892,305.73,SSP5-8.5
2034-04-23,0.0,32.582,24.3,6.584,304.16,SSP5-8.5
2034-04-24,0.0,32.202,23.38,7.266,300.46,SSP5-8.5
2034-04-25,0.0,32.189,23.78,5.626,286.11,SSP5-8.5
2034-04-26,0.0,32.348,23.408,5.026,327.15,SSP5-8.5
2034-04-27,0.0,32.909,22.387,6.422,321.81,SSP5-8.5
2034-04-28,0.0,33.425,21.582,10.003,316.55,SSP5-8.5
2034-04-29,0.0,33.406,21.0,8.897,331.01,SSP5-8.5
2034-04-30,0.0,32.944,22.846,6.277,306.85,SSP5-8.5
2034-05-01,0.0,31.89,24.663,7.354,319.96,SSP5-8.5
2034-05-02,0.0,31.458,23.913,6.383,339.75,SSP5-8.5
2034-05-03,0.0,32.067,22.737,5.371,331.88,SSP5-8.5
2034-05-04,0.0,31.749,22.74,4.996,260.95,SSP5-8.5
2034-05-05,0.0,31.449,20.894,4.889,302.31,SSP5-8.5
2034-05-06,0.0,31.922,25.837,9.107,315.13,SSP5-8.5
2034-05-07,0.0,31.875,26.168,9.618,312.43,SSP5-8.5
2034-05-08,0.0002,32.18,26.851,12.076,294.46,SSP5-8.5
2034-05-09,35.7789,28.103,38.264,15.404,205.73,SSP5-8.5
2034-05-10,49.8027,27.558,70.453,21.432,170.94,SSP5-8.5
2034-05-11,45.1474,27.327,63.064,18.663,230.99,SSP5-8.5
2034-05-12,12.3522,28.514,54.031,19.819,232.9,SSP5-8.5
2034-05-13,6.9293,26.827,49.995,15.7,204.2,SSP5-8.5
2034-05-14,5.5664,27.842,52.671,13.846,228.73,SSP5-8.5
2034-05-15,1.2267,26.892,52.966,13.398,209.67,SSP5-8.5
2034-05-16,1.0557,27.739,51.935,15.186,234.39,SSP5-8.5
2034-05-17,0.0,29.217,47.177,12.792,245.29,SSP5-8.5
2034-05-18,0.0054,30.25,40.347,13.907,283.19,SSP5-8.5
2034-05-19,0.2061,29.792,45.899,13.688,274.07,SSP5-8.5
2034-05-20,0.0562,26.682,56.941,11.236,211.86,SSP5-8.5
2034-05-21,0.0,30.164,46.447,11.337,274.14,SSP5-8.5
2034-05-22,0.0,30.591,39.746,13.476,287.02,SSP5-8.5
2034-05-23,0.0,31.069,33.426,14.447,346.44,SSP5-8.5
2034-05-24,0.0,31.08,31.986,14.388,336.35,SSP5-8.5
2034-05-25,0.0,31.429,32.784,14.734,350.75,SSP5-8.5
2034-05-26,0.0,31.095,36.671,13.724,359.53,SSP5-8.5
2034-05-27,0.0,31.425,37.935,9.511,353.56,SSP5-8.5
2034-05-28,0.0,31.677,38.14,10.308,335.34,SSP5-8.5
2034-05-29,0.0107,26.923,62.786,7.572,216.27,SSP5-8.5
2034-05-30,0.0787,30.907,45.365,8.346,322.45,SSP5-8.5
2034-05-31,0.0,31.472,41.282,8.726,338.35,SSP5-8.5
2034-06-01,0.0,32.471,37.322,9.674,340.9,SSP5-8.5
2034-06-02,0.0,32.85,34.637,10.733,329.59,SSP5-8.5
2034-06-03,0.0,33.231,33.979,11.464,340.75,SSP5-8.5
2034-06-04,0.0,33.291,32.231,12.005,330.16,SSP5-8.5
2034-06-05,0.0,32.925,29.937,12.465,346.87,SSP5-8.5
2034-06-06,0.0,32.634,29.226,13.406,355.39,SSP5-8.5
2034-06-07,0.0,32.433,28.767,13.741,355.91,SSP5-8.5
2034-06-08,0.0,32.052,31.076,13.313,346.51,SSP5-8.5
2034-06-09,0.0,31.963,33.86,12.37,358.96,SSP5-8.5
2034-06-10,0.0,32.038,35.285,12.446,354.42,SSP5-8.5
2034-06-11,0.0,31.954,36.511,11.332,353.33,SSP5-8.5
2034-06-12,0.0,31.807,36.67,11.009,297.65,SSP5-8.5
2034-06-13,0.0,32.856,36.925,12.392,302.1,SSP5-8.5
2034-06-14,0.0,30.69,42.191,10.125,293.04,SSP5-8.5
2034-06-15,0.0,29.695,49.273,13.562,265.38,SSP5-8.5
2034-06-16,0.0,31.89,44.164,14.169,318.27,SSP5-8.5
2034-06-17,0.0,31.945,42.042,15.293,337.93,SSP5-8.5
2034-06-18,0.0729,30.831,46.213,14.535,314.78,SSP5-8.5
2034-06-19,0.3516,31.662,49.032,14.409,297.64,SSP5-8.5
2034-06-20,0.0,29.897,54.244,15.519,273.96,SSP5-8.5
2034-06-21,3.3032,27.459,66.344,14.765,225.33,SSP5-8.5
2034-06-22,0.0169,26.282,76.32,14.323,210.68,SSP5-8.5
2034-06-23,2.9633,27.475,67.528,14.876,235.94,SSP5-8.5
2034-06-24,0.1134,28.433,64.038,14.394,278.52,SSP5-8.5
2034-06-25,0.0,28.213,62.706,14.544,267.23,SSP5-8.5
2034-06-26,0.0,28.765,61.323,17.063,292.82,SSP5-8.5
2034-06-27,0.0,28.472,62.38,16.893,284.21,SSP5-8.5
2034-06-28,0.0,27.804,66.923,16.673,251.2,SSP5-8.5
2034-06-29,0.0,27.229,70.569,16.691,238.54,SSP5-8.5
2034-06-30,0.0,27.328,71.375,16.969,241.36,SSP5-8.5
2034-07-01,0.0276,26.953,71.853,16.424,232.25,SSP5-8.5
2034-07-02,0.0,27.069,73.73,14.222,225.06,SSP5-8.5
2034-07-03,0.0377,28.061,69.418,16.466,251.52,SSP5-8.5
2034-07-04,13.0045,27.573,74.802,17.773,253.66,SSP5-8.5
2034-07-05,13.1434,25.741,84.605,14.583,203.1,SSP5-8.5
2034-07-06,4.7157,26.052,82.766,15.71,214.94,SSP5-8.5
2034-07-07,14.8068,25.854,87.459,14.497,208.67,SSP5-8.5
2034-07-08,0.2988,25.871,84.879,14.789,212.22,SSP5-8.5
2034-07-09,13.0046,25.854,88.893,12.491,189.24,SSP5-8.5
2034-07-10,3.1838,26.676,81.958,16.432,237.93,SSP5-8.5
2034-07-11,0.0,25.947,85.813,14.28,211.4,SSP5-8.5
2034-07-12,0.0,26.49,80.729,15.26,224.24,SSP5-8.5
2034-07-13,0.559,26.884,79.794,17.066,230.95,SSP5-8.5
2034-07-14,0.3023,26.994,79.693,16.49,238.29,SSP5-8.5
2034-07-15,0.0,27.123,79.931,14.949,224.58,SSP5-8.5
2034-07-16,0.6876,26.154,85.138,13.529,210.2,SSP5-8.5
2034-07-17,0.0,26.52,83.392,12.925,217.9,SSP5-8.5
2034-07-18,0.0,27.075,77.441,13.947,251.41,SSP5-8.5
2034-07-19,0.0533,27.245,77.621,13.865,241.95,SSP5-8.5
2034-07-20,3.669,26.376,83.334,13.929,224.67,SSP5-8.5
2034-07-21,0.0,26.58,80.921,15.065,237.74,SSP5-8.5
2034-07-22,6.2573,25.612,90.103,11.062,193.72,SSP5-8.5
2034-07-23,0.0,26.869,79.174,15.423,263.37,SSP5-8.5
2034-07-24,0.0,26.163,82.547,13.778,208.81,SSP5-8.5
2034-07-25,0.0285,26.42,83.483,11.237,227.04,SSP5-8.5
2034-07-26,0.0,27.091,77.795,12.021,238.36,SSP5-8.5
2034-07-27,0.0,27.571,76.277,11.304,261.36,SSP5-8.5
2034-07-28,0.0,28.246,76.257,10.796,272.09,SSP5-8.5
2034-07-29,0.0,28.358,70.759,12.473,272.38,SSP5-8.5
2034-07-30,0.0,28.355,69.163,9.584,291.39,SSP5-8.5
2034-07-31,0.0,28.455,68.846,6.086,291.4,SSP5-8.5
2034-08-01,0.0238,28.815,76.644,6.017,229.22,SSP5-8.5
2034-08-02,0.0,28.377,76.47,8.675,235.3,SSP5-8.5
2034-08-03,2.2938,28.327,81.693,5.887,249.79,SSP5-8.5
2034-08-04,8.1018,27.281,89.973,5.011,221.21,SSP5-8.5
2034-08-05,0.0,28.061,78.775,6.404,269.49,SSP5-8.5
2034-08-06,0.0,29.047,77.78,4.795,246.28,SSP5-8.5
2034-08-07,0.3926,28.757,82.924,5.443,238.83,SSP5-8.5
2034-08-08,1.7375,27.628,87.278,6.639,216.0,SSP5-8.5
2034-08-09,0.0,28.169,79.468,10.314,230.05,SSP5-8.5
2034-08-10,1.2345,27.649,83.494,11.205,230.06,SSP5-8.5
2034-08-11,0.2969,27.211,88.364,8.371,211.17,SSP5-8.5
2034-08-12,10.73,27.058,89.72,10.922,192.49,SSP5-8.5
2034-08-13,0.5532,27.134,87.412,11.908,212.33,SSP5-8.5
2034-08-14,0.0,27.671,84.393,11.469,231.82,SSP5-8.5
2034-08-15,0.0092,27.751,82.174,11.207,245.52,SSP5-8.5
2034-08-16,0.0,27.651,82.724,10.982,239.86,SSP5-8.5
2034-08-17,0.4888,27.992,81.782,11.282,258.22,SSP5-8.5
2034-08-18,0.0361,27.749,81.577,11.118,243.24,SSP5-8.5
2034-08-19,3.859,27.287,88.116,8.913,223.9,SSP5-8.5
2034-08-20,6.0729,27.382,87.342,10.772,230.49,SSP5-8.5
2034-08-21,23.9266,27.08,92.003,12.682,201.78,SSP5-8.5
2034-08-22,40.8534,27.243,92.735,12.778,213.84,SSP5-8.5
2034-08-23,35.051,27.136,93.012,12.685,218.25,SSP5-8.5
2034-08-24,14.8098,27.08,91.406,14.347,218.52,SSP5-8.5
2034-08-25,11.3735,27.023,92.29,12.047,207.67,SSP5-8.5
2034-08-26,0.2035,27.292,86.98,13.929,233.08,SSP5-8.5
2034-08-27,22.1934,26.796,90.095,12.42,197.99,SSP5-8.5
2034-08-28,3.0967,25.537,92.064,12.439,181.67,SSP5-8.5
2034-08-29,17.5537,25.844,91.23,13.85,190.58,SSP5-8.5
2034-08-30,0.9286,26.158,91.806,10.118,193.75,SSP5-8.5
2034-08-31,2.9952,25.942,92.497,10.241,190.59,SSP5-8.5
2034-09-01,1.1584,25.622,91.652,10.208,202.41,SSP5-8.5
2034-09-02,0.0,26.002,88.08,11.209,221.13,SSP5-8.5
2034-09-03,2.1949,25.802,90.563,10.584,204.84,SSP5-8.5
2034-09-04,7.4064,25.554,93.496,8.919,192.59,SSP5-8.5
2034-09-05,19.1584,26.083,90.389,7.786,231.55,SSP5-8.5
2034-09-06,0.0,26.321,88.845,8.848,229.24,SSP5-8.5
2034-09-07,0.0,26.252,87.383,10.078,234.04,SSP5-8.5
2034-09-08,0.0,25.814,89.918,9.95,201.88,SSP5-8.5
2034-09-09,0.0,26.207,83.622,11.456,231.5,SSP5-8.5
2034-09-10,0.0,26.732,78.402,11.486,260.31,SSP5-8.5
2034-09-11,0.0,26.935,76.708,10.917,273.11,SSP5-8.5
2034-09-12,0.0649,26.76,80.848,10.29,251.71,SSP5-8.5
2034-09-13,2.3978,25.815,87.92,11.152,211.26,SSP5-8.5
2034-09-14,0.0,25.99,84.124,12.124,219.99,SSP5-8.5
2034-09-15,0.0,26.291,78.212,12.221,255.23,SSP5-8.5
2034-09-16,0.0,26.448,80.263,9.086,258.98,SSP5-8.5
2034-09-17,0.1219,26.324,84.292,6.721,223.56,SSP5-8.5
2034-09-18,0.2513,26.729,82.532,6.713,255.01,SSP5-8.5
2034-09-19,0.0596,26.367,86.079,4.768,235.65,SSP5-8.5
2034-09-20,3.9952,26.917,83.11,5.486,249.8,SSP5-8.5
2034-09-21,20.4231,25.865,92.783,4.152,206.43,SSP5-8.5
2034-09-22,18.096,25.818,91.44,4.869,216.62,SSP5-8.5
2034-09-23,4.2633,26.108,87.938,8.062,233.75,SSP5-8.5
2034-09-24,0.1938,25.866,88.713,7.477,223.65,SSP5-8.5
2034-09-25,0.0,26.409,84.5,5.529,247.35,SSP5-8.5
2034-09-26,0.0,27.412,79.111,5.985,259.82,SSP5-8.5
2034-09-27,2.724,27.319,83.642,4.298,231.09,SSP5-8.5
2034-09-28,7.4489,26.333,88.323,3.144,227.79,SSP5-8.5
2034-09-29,0.0,26.564,84.712,3.036,230.14,SSP5-8.5
2034-09-30,1.8514,26.663,83.525,2.659,241.38,SSP5-8.5
2034-10-01,4.7529,25.73,84.924,2.384,233.21,SSP5-8.5
2034-10-02,1.2141,26.268,84.004,3.935,236.69,SSP5-8.5
2034-10-03,0.1531,26.913,82.009,5.25,235.57,SSP5-8.5
2034-10-04,0.0,26.953,79.53,4.489,238.92,SSP5-8.5
2034-10-05,0.0,26.942,74.584,5.169,235.63,SSP5-8.5
2034-10-06,0.0,25.357,77.959,6.267,216.91,SSP5-8.5
2034-10-07,0.0,25.699,76.65,5.591,220.43,SSP5-8.5
2034-10-08,0.105,27.227,71.462,3.571,234.38,SSP5-8.5
2034-10-09,0.0,25.703,82.244,6.951,210.51,SSP5-8.5
2034-10-10,0.0,26.188,77.267,7.73,235.33,SSP5-8.5
2034-10-11,0.0,26.584,70.936,6.375,243.07,SSP5-8.5
2034-10-12,0.0437,26.775,74.492,5.773,236.13,SSP5-8.5
2034-10-13,19.7242,24.036,88.089,6.912,201.42,SSP5-8.5
2034-10-14,8.7218,23.867,88.765,5.819,190.91,SSP5-8.5
2034-10-15,0.0218,24.721,82.477,6.564,213.41,SSP5-8.5
2034-10-16,0.102,25.438,77.596,7.065,233.49,SSP5-8.5
2034-10-17,0.0,26.232,71.658,5.224,243.02,SSP5-8.5
2034-10-18,0.0,26.037,72.361,6.95,229.77,SSP5-8.5
2034-10-19,0.0,26.886,66.569,6.787,254.61,SSP5-8.5
2034-10-20,0.0102,27.071,65.222,7.265,228.69,SSP5-8.5
2034-10-21,1.8098,26.404,70.06,8.128,219.79,SSP5-8.5
2034-10-22,5.6636,23.688,85.55,8.085,191.14,SSP5-8.5
2034-10-23,0.2943,23.927,79.821,8.813,211.53,SSP5-8.5
2034-10-24,0.1481,24.726,73.55,8.563,212.46,SSP5-8.5
2034-10-25,0.0,25.527,63.568,7.504,248.69,SSP5-8.5
2034-10-26,0.0,25.904,59.267,4.831,264.44,SSP5-8.5
2034-10-27,0.0,26.421,56.344,4.978,233.01,SSP5-8.5
2034-10-28,0.0,26.727,59.937,8.366,216.93,SSP5-8.5
2034-10-29,0.0,26.648,53.983,7.532,262.97,SSP5-8.5
2034-10-30,0.0,24.733,69.198,7.146,194.36,SSP5-8.5
2034-10-31,0.0,23.966,78.158,6.313,190.18,SSP5-8.5
2034-11-01,0.0,24.875,74.581,6.46,194.26,SSP5-8.5
2034-11-02,0.0,26.174,57.812,6.491,230.67,SSP5-8.5
2034-11-03,0.0,26.48,55.898,7.815,240.4,SSP5-8.5
2034-11-04,0.0,26.265,59.808,10.291,237.54,SSP5-8.5
2034-11-05,0.0,25.609,60.853,9.089,222.38,SSP5-8.5
2034-11-06,0.0,25.53,53.762,8.415,233.13,SSP5-8.5
2034-11-07,0.0,25.345,47.445,10.395,228.89,SSP5-8.5
2034-11-08,0.0,25.113,39.499,10.375,241.2,SSP5-8.5
2034-11-09,0.0,24.431,42.898,10.024,191.07,SSP5-8.5
2034-11-10,0.0,24.608,38.238,13.868,184.08,SSP5-8.5
2034-11-11,0.0478,26.017,32.607,15.812,208.06,SSP5-8.5
2034-11-12,0.004,27.082,56.271,10.538,208.1,SSP5-8.5
2034-11-13,0.1532,24.808,76.637,9.1,178.79,SSP5-8.5
2034-11-14,0.2084,26.671,64.029,8.023,190.96,SSP5-8.5
2034-11-15,0.0,26.685,61.414,8.984,202.49,SSP5-8.5
2034-11-16,0.0,26.75,55.491,7.025,214.48,SSP5-8.5
2034-11-17,0.0,25.675,44.05,7.533,223.58,SSP5-8.5
2034-11-18,0.0,24.243,33.632,6.928,235.82,SSP5-8.5
2034-11-19,0.0,24.006,38.222,6.741,239.27,SSP5-8.5
2034-11-20,0.0,24.329,45.646,6.786,234.83,SSP5-8.5
2034-11-21,0.0,25.83,50.884,6.472,211.85,SSP5-8.5
2034-11-22,0.0,26.109,46.659,7.457,209.91,SSP5-8.5
2034-11-23,0.0,25.963,40.312,8.654,220.53,SSP5-8.5
2034-11-24,0.0,25.213,41.16,7.961,224.44,SSP5-8.5
2034-11-25,0.0,24.43,37.305,7.42,223.67,SSP5-8.5
2034-11-26,0.0,23.901,32.54,6.755,215.72,SSP5-8.5
2034-11-27,0.0,23.833,31.595,7.019,224.22,SSP5-8.5
2034-11-28,0.0,22.336,26.833,8.472,210.66,SSP5-8.5
2034-11-29,0.0,21.832,20.948,12.188,229.37,SSP5-8.5
2034-11-30,0.0,21.742,21.171,11.789,243.71,SSP5-8.5
2034-12-01,0.0,21.149,21.113,10.496,247.54,SSP5-8.5
2034-12-02,0.0,19.427,24.239,5.89,244.65,SSP5-8.5
2034-12-03,0.0,21.891,30.273,6.699,236.64,SSP5-8.5
2034-12-04,0.0,23.131,32.281,5.297,209.78,SSP5-8.5
2034-12-05,0.0,22.922,31.96,4.921,225.95,SSP5-8.5
2034-12-06,0.0,23.28,33.041,4.495,233.77,SSP5-8.5
2034-12-07,0.0,23.726,36.612,5.86,226.91,SSP5-8.5
2034-12-08,0.0,23.814,38.602,6.12,230.32,SSP5-8.5
2034-12-09,0.0,24.217,34.885,4.49,236.24,SSP5-8.5
2034-12-10,0.0,23.929,31.673,5.639,229.0,SSP5-8.5
2034-12-11,0.0,23.721,32.2,6.237,234.83,SSP5-8.5
2034-12-12,0.0,23.876,38.497,6.483,228.46,SSP5-8.5
2034-12-13,0.0,23.371,32.57,8.985,225.4,SSP5-8.5
2034-12-14,0.0,23.675,32.546,6.819,237.47,SSP5-8.5
2034-12-15,0.0,24.477,30.726,8.772,239.18,SSP5-8.5
2034-12-16,0.0,24.104,34.175,6.893,235.78,SSP5-8.5
2034-12-17,0.0,24.487,36.585,9.238,233.28,SSP5-8.5
2034-12-18,0.0,23.803,38.139,7.941,236.2,SSP5-8.5
2034-12-19,0.0,24.343,35.201,8.286,240.88,SSP5-8.5
2034-12-20,0.0,23.295,36.863,8.059,221.23,SSP5-8.5
2034-12-21,0.0,22.978,44.644,9.174,204.34,SSP5-8.5
2034-12-22,0.0,23.557,43.175,9.619,226.43,SSP5-8.5
2034-12-23,0.0,23.675,41.196,10.155,227.02,SSP5-8.5
2034-12-24,0.0,23.682,42.258,10.639,242.09,SSP5-8.5
2034-12-25,0.0,24.233,46.555,17.499,221.95,SSP5-8.5
2034-12-26,0.0,24.617,43.367,12.837,208.01,SSP5-8.5
2034-12-27,0.0,25.668,42.519,10.146,225.56,SSP5-8.5
2034-12-28,0.0,24.73,41.491,6.829,228.72,SSP5-8.5
2034-12-29,0.0,24.092,44.766,10.086,193.52,SSP5-8.5
2034-12-30,0.0,24.376,41.938,9.895,218.77,SSP5-8.5
2034-12-31,0.0,23.342,35.732,9.346,236.15,SSP5-8.5
2035-01-01,0.0,22.156,29.401,10.328,250.08,SSP5-8.5
2035-01-02,0.0,21.578,30.515,9.439,253.25,SSP5-8.5
2035-01-03,0.0,22.572,36.053,10.331,251.14,SSP5-8.5
2035-01-04,0.0,23.429,39.108,10.154,242.19,SSP5-8.5
2035-01-05,0.0,23.758,40.075,9.349,239.8,SSP5-8.5
2035-01-06,0.0,23.533,42.037,9.036,234.81,SSP5-8.5
2035-01-07,0.0,23.418,37.756,7.796,242.88,SSP5-8.5
2035-01-08,0.0,23.471,38.382,8.122,231.05,SSP5-8.5
2035-01-09,0.0,23.38,35.822,8.967,242.57,SSP5-8.5
2035-01-10,0.0,22.984,35.994,9.628,214.61,SSP5-8.5
2035-01-11,0.0,22.876,33.34,10.873,196.34,SSP5-8.5
2035-01-12,0.0,22.966,32.748,10.02,242.99,SSP5-8.5
2035-01-13,0.0,23.984,39.82,10.901,221.98,SSP5-8.5
2035-01-14,0.0,24.619,40.169,12.316,245.86,SSP5-8.5
2035-01-15,0.0,25.75,39.744,14.286,242.94,SSP5-8.5
2035-01-16,0.0,25.684,39.519,10.531,246.2,SSP5-8.5
2035-01-17,0.0,25.277,44.486,10.563,227.82,SSP5-8.5
2035-01-18,0.0,24.725,41.834,11.339,218.23,SSP5-8.5
2035-01-19,0.0,24.195,30.572,9.924,228.54,SSP5-8.5
2035-01-20,0.0,22.854,19.493,10.458,260.65,SSP5-8.5
2035-01-21,0.0,22.256,19.406,10.745,270.22,SSP5-8.5
2035-01-22,0.0,22.753,30.965,9.577,245.4,SSP5-8.5
2035-01-23,0.0,23.477,29.259,10.68,254.48,SSP5-8.5
2035-01-24,0.0,24.165,30.934,12.401,244.98,SSP5-8.5
2035-01-25,0.0,23.939,34.716,13.457,237.1,SSP5-8.5
2035-01-26,0.0,23.931,36.752,10.878,258.2,SSP5-8.5
2035-01-27,0.0,25.093,37.083,13.412,250.0,SSP5-8.5
2035-01-28,0.0,24.287,55.134,8.045,171.75,SSP5-8.5
2035-01-29,0.0,24.29,57.797,9.461,201.44,SSP5-8.5
2035-01-30,0.0,24.716,52.005,9.644,222.99,SSP5-8.5
2035-01-31,0.0,25.183,45.369,8.937,248.23,SSP5-8.5
2035-02-01,0.0,25.234,42.932,9.803,258.71,SSP5-8.5
2035-02-02,0.0,25.754,38.76,11.238,256.98,SSP5-8.5
2035-02-03,0.0,26.29,36.149,11.229,234.38,SSP5-8.5
2035-02-04,0.0,26.476,35.82,8.28,235.81,SSP5-8.5
2035-02-05,0.0,26.519,35.841,7.536,244.17,SSP5-8.5
2035-02-06,0.0,23.284,56.378,10.431,166.48,SSP5-8.5
2035-02-07,0.0,22.608,62.574,11.515,182.26,SSP5-8.5
2035-02-08,0.0,22.194,72.19,13.456,159.97,SSP5-8.5
2035-02-09,0.0,24.383,64.384,12.777,203.28,SSP5-8.5
2035-02-10,0.0,22.974,83.306,11.058,158.14,SSP5-8.5
2035-02-11,0.0002,23.36,74.249,6.445,186.03,SSP5-8.5
2035-02-12,0.0,25.528,44.692,5.65,238.06,SSP5-8.5
2035-02-13,0.0,25.422,37.968,9.01,277.27,SSP5-8.5
2035-02-14,0.0,25.596,37.696,8.284,270.49,SSP5-8.5
2035-02-15,0.0,26.033,37.695,7.688,268.17,SSP5-8.5
2035-02-16,0.0,26.253,36.252,6.768,268.48,SSP5-8.5
2035-02-17,0.0,26.397,33.393,8.748,266.3,SSP5-8.5
2035-02-18,0.0,26.936,32.993,11.981,257.6,SSP5-8.5
2035-02-19,0.0,26.202,33.685,11.566,259.92,SSP5-8.5
2035-02-20,0.0,26.03,31.549,8.637,266.7,SSP5-8.5
2035-02-21,0.0,26.851,34.092,4.316,221.5,SSP5-8.5
2035-02-22,0.0,27.035,30.822,6.639,241.2,SSP5-8.5
2035-02-23,0.0,27.906,29.695,8.987,230.72,SSP5-8.5
2035-02-24,0.0,28.12,28.643,4.927,249.28,SSP5-8.5
2035-02-25,0.0,27.4,26.839,4.192,245.79,SSP5-8.5
2035-02-26,0.0,28.093,25.466,8.187,239.06,SSP5-8.5
2035-02-27,0.0,29.083,24.067,9.419,242.72,SSP5-8.5
2035-02-28,0.0,27.393,30.16,9.27,188.95,SSP5-8.5
2035-03-01,0.0,27.962,25.441,7.446,253.81,SSP5-8.5
2035-03-02,0.0,28.727,25.164,8.894,235.32,SSP5-8.5
2035-03-03,0.0,27.285,22.958,5.769,277.49,SSP5-8.5
2035-03-04,0.0,28.251,23.678,8.216,288.83,SSP5-8.5
2035-03-05,0.0,28.315,20.041,7.501,282.13,SSP5-8.5
2035-03-06,0.0,28.266,24.903,9.073,195.53,SSP5-8.5
2035-03-07,0.0,28.747,27.649,9.065,221.76,SSP5-8.5
2035-03-08,0.0,29.46,26.666,8.362,285.06,SSP5-8.5
2035-03-09,0.0,29.588,25.927,9.127,299.76,SSP5-8.5
2035-03-10,0.0,29.03,23.086,7.782,308.48,SSP5-8.5
2035-03-11,0.0,29.56,23.181,11.393,304.5,SSP5-8.5
2035-03-12,0.0,30.242,22.303,10.838,294.81,SSP5-8.5
2035-03-13,0.0,29.611,24.693,10.366,197.96,SSP5-8.5
2035-03-14,0.0,30.787,23.33,7.057,264.1,SSP5-8.5
2035-03-15,0.0001,31.089,25.739,7.83,230.05,SSP5-8.5
2035-03-16,0.0055,30.494,26.399,7.829,237.19,SSP5-8.5
2035-03-17,0.0204,29.789,28.839,7.797,256.79,SSP5-8.5
2035-03-18,0.0008,30.319,26.103,6.037,275.16,SSP5-8.5
2035-03-19,0.0,31.036,24.077,5.827,254.14,SSP5-8.5
2035-03-20,0.0022,31.0,24.204,8.167,257.32,SSP5-8.5
2035-03-21,0.0,29.329,28.764,8.018,212.97,SSP5-8.5
2035-03-22,0.0003,30.72,25.38,10.37,263.36,SSP5-8.5
2035-03-23,0.0,29.758,18.27,11.758,333.95,SSP5-8.5
2035-03-24,0.0,29.226,16.825,9.434,338.39,SSP5-8.5
2035-03-25,0.0,30.329,18.029,10.171,329.27,SSP5-8.5
2035-03-26,0.0,30.798,21.3,10.157,328.3,SSP5-8.5
2035-03-27,0.0,31.24,25.679,10.48,265.61,SSP5-8.5
2035-03-28,0.2471,31.2,30.269,11.251,265.08,SSP5-8.5
2035-03-29,7.6862,29.891,34.897,10.833,270.09,SSP5-8.5
2035-03-30,0.0,30.421,25.12,9.376,326.83,SSP5-8.5
2035-03-31,0.0,29.702,19.72,7.054,342.69,SSP5-8.5
2035-04-01,0.0,29.224,22.74,7.914,335.86,SSP5-8.5
2035-04-02,0.793,30.801,28.843,12.713,307.03,SSP5-8.5
2035-04-03,0.0455,30.448,30.942,11.112,288.31,SSP5-8.5
2035-04-04,0.0095,30.577,26.206,9.87,315.03,SSP5-8.5
2035-04-05,0.1277,30.996,26.644,8.317,301.29,SSP5-8.5
2035-04-06,0.0169,31.057,25.162,7.404,304.23,SSP5-8.5
2035-04-07,0.1585,31.713,24.57,9.179,285.81,SSP5-8.5
2035-04-08,0.0,31.621,21.56,9.859,310.44,SSP5-8.5
2035-04-09,0.0,32.81,20.626,9.575,292.05,SSP5-8.5
2035-04-10,0.0,32.292,19.17,8.908,298.85,SSP5-8.5
2035-04-11,0.0,31.654,18.712,8.662,327.09,SSP5-8.5
2035-04-12,0.0,31.531,18.243,6.416,313.48,SSP5-8.5
2035-04-13,0.0,33.17,20.978,6.701,299.41,SSP5-8.5
2035-04-14,0.0,33.184,21.075,8.75,289.33,SSP5-8.5
2035-04-15,0.0949,33.464,23.321,8.979,277.24,SSP5-8.5
2035-04-16,7.2176,32.697,28.281,8.823,280.55,SSP5-8.5
2035-04-17,0.0265,32.524,28.13,9.775,291.84,SSP5-8.5
2035-04-18,0.4035,32.254,27.908,7.35,286.76,SSP5-8.5
2035-04-19,0.0117,31.95,27.034,6.678,252.35,SSP5-8.5
2035-04-20,0.3328,32.532,23.932,8.085,291.72,SSP5-8.5
2035-04-21,0.2995,33.244,25.579,11.879,286.3,SSP5-8.5
2035-04-22,0.0,32.1,26.539,11.558,250.65,SSP5-8.5
2035-04-23,0.0,32.885,24.857,7.453,269.83,SSP5-8.5
2035-04-24,0.0,33.173,23.526,6.982,268.61,SSP5-8.5
2035-04-25,0.0,33.182,22.999,8.866,286.72,SSP5-8.5
2035-04-26,0.0,33.479,23.111,9.809,270.16,SSP5-8.5
2035-04-27,0.0277,33.394,23.261,8.407,286.12,SSP5-8.5
2035-04-28,0.0,33.231,22.14,7.909,299.19,SSP5-8.5
2035-04-29,0.001,33.897,21.78,9.148,269.53,SSP5-8.5
2035-04-30,0.1265,34.1,22.524,9.81,306.96,SSP5-8.5
2035-05-01,0.0,32.946,21.814,8.621,313.69,SSP5-8.5
2035-05-02,0.0,33.122,18.816,7.094,314.19,SSP5-8.5
2035-05-03,0.0,32.809,17.633,7.358,323.99,SSP5-8.5
2035-05-04,0.0,33.687,17.401,7.574,333.63,SSP5-8.5
2035-05-05,0.0,33.381,17.63,8.406,336.95,SSP5-8.5
2035-05-06,0.0,34.005,18.274,8.68,336.84,SSP5-8.5
2035-05-07,0.2661,33.124,21.679,9.133,278.86,SSP5-8.5
2035-05-08,0.0,31.249,27.613,7.83,208.83,SSP5-8.5
2035-05-09,0.0,32.26,24.819,8.184,266.93,SSP5-8.5
2035-05-10,0.0,32.512,23.349,9.278,279.56,SSP5-8.5
2035-05-11,0.0,32.106,22.365,12.354,315.77,SSP5-8.5
2035-05-12,0.0,32.368,22.782,12.502,300.51,SSP5-8.5
2035-05-13,0.0,31.918,22.225,13.398,324.02,SSP5-8.5
2035-05-14,0.0,32.57,21.969,11.791,292.18,SSP5-8.5
2035-05-15,0.0,33.187,21.642,11.174,279.76,SSP5-8.5
2035-05-16,0.0091,33.123,21.36,6.309,280.69,SSP5-8.5
2035-05-17,0.0,33.493,22.272,7.05,262.94,SSP5-8.5
2035-05-18,0.0,34.283,19.016,9.322,316.92,SSP5-8.5
2035-05-19,0.0,32.702,17.996,10.183,342.78,SSP5-8.5
2035-05-20,0.0,35.067,18.062,10.481,295.95,SSP5-8.5
2035-05-21,0.0,33.609,22.092,18.74,268.64,SSP5-8.5
2035-05-22,0.0,33.532,24.35,18.029,293.72,SSP5-8.5
2035-05-23,0.0,33.774,21.493,15.997,340.6,SSP5-8.5
2035-05-24,0.0,35.069,20.561,14.939,328.32,SSP5-8.5
2035-05-25,11.5969,33.437,27.323,9.04,286.25,SSP5-8.5
2035-05-26,0.0928,30.627,40.778,7.814,220.01,SSP5-8.5
2035-05-27,0.0363,32.726,31.418,10.911,297.77,SSP5-8.5
2035-05-28,0.0,33.179,25.588,14.26,331.51,SSP5-8.5
2035-05-29,0.0,33.263,24.217,15.404,340.28,SSP5-8.5
2035-05-30,0.0247,33.663,24.07,13.666,347.76,SSP5-8.5
2035-05-31,0.0323,33.545,25.253,7.546,314.7,SSP5-8.5
2035-06-01,0.0463,34.469,29.435,7.962,284.4,SSP5-8.5
2035-06-02,7.1501,34.465,30.997,9.444,301.58,SSP5-8.5
2035-06-03,0.9521,34.236,34.265,12.673,305.37,SSP5-8.5
2035-06-04,0.0038,33.724,34.55,15.119,303.29,SSP5-8.5
2035-06-05,0.0,33.021,37.375,16.08,270.95,SSP5-8.5
2035-06-06,0.0097,32.207,43.111,16.817,277.45,SSP5-8.5
2035-06-07,0.0,32.624,39.133,18.238,287.05,SSP5-8.5
2035-06-08,0.0,33.217,34.194,18.736,310.45,SSP5-8.5
2035-06-09,0.0,33.445,33.494,18.462,321.44,SSP5-8.5
2035-06-10,0.0,33.786,38.182,17.853,293.18,SSP5-8.5
2035-06-11,0.0,33.368,39.585,18.482,293.33,SSP5-8.5
2035-06-12,0.0,32.467,41.483,19.779,283.32,SSP5-8.5
2035-06-13,2.6945,27.633,59.255,16.717,200.25,SSP5-8.5
2035-06-14,0.0,28.833,59.044,16.198,234.13,SSP5-8.5
2035-06-15,0.0,33.054,43.218,15.819,295.6,SSP5-8.5
2035-06-16,0.4628,34.49,34.466,12.858,308.51,SSP5-8.5
2035-06-17,1.1737,34.293,40.775,13.939,276.48,SSP5-8.5
2035-06-18,16.4409,33.031,56.752,14.204,251.29,SSP5-8.5
2035-06-19,11.3987,26.528,80.068,14.602,197.58,SSP5-8.5
2035-06-20,0.0213,27.83,69.798,15.501,234.33,SSP5-8.5
2035-06-21,0.0,26.41,77.449,13.981,207.25,SSP5-8.5
2035-06-22,0.0,28.95,58.887,14.612,245.25,SSP5-8.5
2035-06-23,0.0,29.329,56.43,14.162,264.67,SSP5-8.5
2035-06-24,0.0043,30.937,53.269,14.778,291.12,SSP5-8.5
2035-06-25,2.8235,31.225,56.157,14.128,290.16,SSP5-8.5
2035-06-26,0.0,30.454,54.259,13.783,296.39,SSP5-8.5
2035-06-27,0.0,31.308,47.187,15.057,311.59,SSP5-8.5
2035-06-28,0.0,31.326,47.096,15.661,292.27,SSP5-8.5
2035-06-29,0.2555,27.174,67.671,12.89,197.19,SSP5-8.5
2035-06-30,0.1453,30.462,49.685,15.46,297.92,SSP5-8.5
2035-07-01,2.4509,30.672,54.628,11.576,284.39,SSP5-8.5
2035-07-02,0.5434,29.945,60.304,11.326,256.18,SSP5-8.5
2035-07-03,22.7861,28.951,75.191,10.362,249.86,SSP5-8.5
2035-07-04,19.3847,26.615,91.33,7.727,192.21,SSP5-8.5
2035-07-05,0.0,28.239,75.917,7.504,272.08,SSP5-8.5
2035-07-06,1.3432,28.441,75.646,7.925,251.63,SSP5-8.5
2035-07-07,13.94,27.654,83.232,6.852,238.89,SSP5-8.5
2035-07-08,5.1595,27.678,82.612,8.894,234.21,SSP5-8.5
2035-07-09,6.067,27.874,80.221,13.035,237.54,SSP5-8.5
2035-07-10,3.6323,27.436,81.414,14.725,230.21,SSP5-8.5
2035-07-11,0.0063,27.04,81.701,15.451,224.36,SSP5-8.5
2035-07-12,0.0,27.584,79.7,17.594,230.51,SSP5-8.5
2035-07-13,21.7053,27.07,86.977,16.71,218.52,SSP5-8.5
2035-07-14,0.6917,27.308,83.155,17.765,231.24,SSP5-8.5
2035-07-15,12.0155,26.438,90.816,16.006,199.5,SSP5-8.5
2035-07-16,25.0767,26.485,92.188,16.921,152.84,SSP5-8.5
2035-07-17,27.0861,26.237,91.402,19.236,184.87,SSP5-8.5
2035-07-18,33.2977,25.873,92.577,18.754,183.62,SSP5-8.5
2035-07-19,13.8263,26.01,91.563,17.987,178.02,SSP5-8.5
2035-07-20,2.2017,26.171,90.889,15.755,201.29,SSP5-8.5
2035-07-21,1.7388,26.415,90.666,17.12,205.46,SSP5-8.5
2035-07-22,24.9916,26.033,91.897,14.43,187.09,SSP5-8.5
2035-07-23,27.9622,25.655,92.117,18.461,183.69,SSP5-8.5
2035-07-24,27.927,25.441,92.789,17.464,178.33,SSP5-8.5
2035-07-25,17.5811,25.852,92.038,15.111,174.96,SSP5-8.5
2035-07-26,3.7989,26.126,90.979,14.573,201.92,SSP5-8.5
2035-07-27,11.3569,26.01,91.694,15.338,192.97,SSP5-8.5
2035-07-28,20.7411,25.956,92.242,14.188,197.06,SSP5-8.5
2035-07-29,7.4456,25.423,91.892,14.109,183.05,SSP5-8.5
2035-07-30,0.1016,26.218,88.916,14.616,222.47,SSP5-8.5
2035-07-31,0.0,26.59,87.718,11.033,227.18,SSP5-8.5
2035-08-01,0.0,27.827,86.8,8.89,254.78,SSP5-8.5
2035-08-02,0.2582,28.226,87.526,7.138,241.41,SSP5-8.5
2035-08-03,0.0,28.729,85.345,6.914,273.52,SSP5-8.5
2035-08-04,0.0,27.886,87.913,6.133,230.97,SSP5-8.5
2035-08-05,1.709,28.142,86.698,7.066,247.44,SSP5-8.5
2035-08-06,0.0389,27.966,81.398,13.273,255.49,SSP5-8.5
2035-08-07,29.172,26.997,89.914,13.17,214.86,SSP5-8.5
2035-08-08,25.0772,26.028,93.974,10.693,157.25,SSP5-8.5
2035-08-09,4.3724,26.372,93.011,9.93,193.63,SSP5-8.5
2035-08-10,2.4739,27.062,90.837,9.913,218.13,SSP5-8.5
2035-08-11,0.0,27.002,91.123,9.932,205.53,SSP5-8.5
2035-08-12,8.6393,27.694,88.316,11.021,239.57,SSP5-8.5
2035-08-13,1.5124,26.865,92.519,9.71,194.02,SSP5-8.5
2035-08-14,0.0,27.099,91.36,8.934,211.96,SSP5-8.5
2035-08-15,5.2479,27.384,89.124,9.813,240.49,SSP5-8.5
2035-08-16,0.1746,27.279,89.354,10.166,228.4,SSP5-8.5
2035-08-17,16.1247,27.373,89.533,10.886,228.18,SSP5-8.5
2035-08-18,1.2141,27.505,88.108,10.554,240.92,SSP5-8.5
2035-08-19,0.0,26.957,90.288,11.283,208.72,SSP5-8.5
2035-08-20,0.0771,26.851,91.817,11.132,199.74,SSP5-8.5
2035-08-21,2.4578,27.189,89.87,10.545,219.79,SSP5-8.5
2035-08-22,10.039,26.361,90.686,14.239,192.59,SSP5-8.5
2035-08-23,16.7001,26.147,95.053,9.908,151.21,SSP5-8.5
2035-08-24,1.2081,26.485,91.952,12.707,202.82,SSP5-8.5
2035-08-25,9.3031,26.066,92.17,12.613,190.66,SSP5-8.5
2035-08-26,3.2056,25.993,92.728,13.149,186.94,SSP5-8.5
2035-08-27,1.0115,26.771,91.024,13.247,205.42,SSP5-8.5
2035-08-28,5.5865,26.399,92.78,12.16,193.07,SSP5-8.5
2035-08-29,1.074,26.644,92.603,8.52,203.02,SSP5-8.5
2035-08-30,24.3617,27.269,90.281,8.187,244.43,SSP5-8.5
2035-08-31,6.6607,27.23,89.331,13.091,232.27,SSP5-8.5
2035-09-01,12.3083,26.127,92.026,13.863,184.59,SSP5-8.5
2035-09-02,20.2047,26.092,93.226,13.15,160.21,SSP5-8.5
2035-09-03,9.0229,26.5,90.745,13.544,222.54,SSP5-8.5
2035-09-04,1.1268,26.442,89.686,14.258,215.45,SSP5-8.5
2035-09-05,1.2467,26.345,91.267,14.24,186.74,SSP5-8.5
2035-09-06,10.9524,26.199,91.148,10.902,209.94,SSP5-8.5
2035-09-07,1.347,26.309,92.21,7.872,208.57,SSP5-8.5
2035-09-08,13.7781,26.398,93.534,5.773,213.22,SSP5-8.5
2035-09-09,1.9119,26.498,91.522,8.084,219.8,SSP5-8.5
2035-09-10,1.4733,26.837,89.924,10.517,222.19,SSP5-8.5
2035-09-11,0.0418,26.442,90.946,9.85,206.55,SSP5-8.5
2035-09-12,0.0,26.651,88.152,11.763,215.11,SSP5-8.5
2035-09-13,0.0,26.459,89.78,10.782,196.33,SSP5-8.5
2035-09-14,0.0,26.316,90.921,9.328,196.72,SSP5-8.5
2035-09-15,0.0,26.816,84.781,12.151,236.79,SSP5-8.5
2035-09-16,0.0,27.177,80.527,11.321,251.16,SSP5-8.5
2035-09-17,20.7419,26.48,89.915,10.233,204.83,SSP5-8.5
2035-09-18,33.1828,26.141,94.573,7.48,194.0,SSP5-8.5
2035-09-19,4.1194,25.808,93.335,9.999,179.34,SSP5-8.5
2035-09-20,15.1488,26.5,89.653,5.937,233.72,SSP5-8.5
2035-09-21,7.2579,26.623,90.386,3.118,228.96,SSP5-8.5
2035-09-22,5.8135,26.943,88.578,3.674,236.39,SSP5-8.5
2035-09-23,5.3743,26.785,89.629,4.404,228.23,SSP5-8.5
2035-09-24,30.8242,26.138,92.853,8.018,203.95,SSP5-8.5
2035-09-25,6.5365,26.201,91.751,6.762,208.24,SSP5-8.5
2035-09-26,0.0161,26.926,88.202,4.217,228.67,SSP5-8.5
2035-09-27,0.921,26.834,88.558,4.918,230.8,SSP5-8.5
2035-09-28,0.2829,27.007,85.821,4.06,237.99,SSP5-8.5
2035-09-29,0.0,27.577,82.426,6.05,244.74,SSP5-8.5
2035-09-30,0.0,27.988,79.028,8.791,261.62,SSP5-8.5
2035-10-01,0.0,26.844,80.944,10.426,235.94,SSP5-8.5
2035-10-02,0.043,26.164,80.376,11.035,229.84,SSP5-8.5
2035-10-03,0.0,25.286,86.365,9.772,210.3,SSP5-8.5
2035-10-04,0.0,25.842,83.571,7.243,240.99,SSP5-8.5
2035-10-05,0.008,26.677,83.857,4.555,241.81,SSP5-8.5
2035-10-06,3.0451,26.27,87.887,3.907,222.73,SSP5-8.5
2035-10-07,5.2259,26.581,85.669,3.518,229.0,SSP5-8.5
2035-10-08,0.5806,26.579,82.623,4.094,242.54,SSP5-8.5
2035-10-09,0.0036,26.524,81.739,5.925,237.23,SSP5-8.5
2035-10-10,0.0,26.953,76.962,5.979,252.01,SSP5-8.5
2035-10-11,0.0,26.784,74.193,6.021,237.23,SSP5-8.5
2035-10-12,0.0,26.699,74.401,6.259,254.04,SSP5-8.5
2035-10-13,0.0,26.546,71.115,5.672,256.67,SSP5-8.5
2035-10-14,0.0,26.411,71.792,6.191,250.75,SSP5-8.5
2035-10-15,0.0,25.028,86.343,4.24,201.15,SSP5-8.5
2035-10-16,0.0,25.486,82.547,8.172,215.36,SSP5-8.5
2035-10-17,4.4856,25.02,77.166,10.274,203.91,SSP5-8.5
2035-10-18,33.6382,24.228,92.844,10.728,145.9,SSP5-8.5
2035-10-19,21.1843,24.018,94.346,8.344,156.95,SSP5-8.5
2035-10-20,34.5632,23.715,93.487,8.272,153.32,SSP5-8.5
2035-10-21,4.6564,24.197,89.019,8.117,185.13,SSP5-8.5
2035-10-22,0.9954,24.965,86.135,5.644,221.52,SSP5-8.5
2035-10-23,1.7401,25.043,85.551,3.735,208.01,SSP5-8.5
2035-10-24,4.6024,24.214,88.209,2.915,191.44,SSP5-8.5
2035-10-25,14.6895,23.249,91.094,4.699,179.35,SSP5-8.5
2035-10-26,0.8552,24.37,84.98,5.276,204.65,SSP5-8.5
2035-10-27,0.1042,24.672,80.364,6.575,232.55,SSP5-8.5
2035-10-28,0.0,25.393,79.439,4.126,238.03,SSP5-8.5
2035-10-29,0.0,25.648,72.911,4.774,233.03,SSP5-8.5
2035-10-30,0.9392,25.67,72.198,6.333,229.08,SSP5-8.5
2035-10-31,0.3134,26.217,74.223,7.269,219.94,SSP5-8.5
2035-11-01,0.0,25.709,81.632,5.713,206.42,SSP5-8.5
2035-11-02,0.0,26.139,77.183,6.763,226.51,SSP5-8.5
2035-11-03,0.0,25.719,73.284,6.114,245.69,SSP5-8.5
2035-11-04,0.0,25.607,70.087,5.759,241.59,SSP5-8.5
2035-11-05,0.0,25.603,77.542,3.736,214.48,SSP5-8.5
2035-11-06,0.0,25.31,81.921,5.198,191.41,SSP5-8.5
2035-11-07,0.0,24.999,82.182,5.295,188.65,SSP5-8.5
2035-11-08,0.0,24.736,81.227,5.144,193.84,SSP5-8.5
2035-11-09,0.0,24.078,69.541,7.297,234.01,SSP5-8.5
2035-11-10,0.0,23.938,61.714,7.759,247.25,SSP5-8.5
2035-11-11,0.0,23.739,64.042,7.283,223.6,SSP5-8.5
2035-11-12,0.0,24.177,59.893,7.241,233.97,SSP5-8.5
2035-11-13,0.0,23.767,56.155,8.85,208.6,SSP5-8.5
2035-11-14,0.0,23.267,49.158,13.406,236.04,SSP5-8.5
2035-11-15,0.0,23.098,46.095,13.768,240.24,SSP5-8.5
2035-11-16,0.0,22.83,58.012,12.571,247.35,SSP5-8.5
2035-11-17,0.029,24.887,63.098,12.985,220.59,SSP5-8.5
2035-11-18,0.007,25.247,58.98,11.852,245.38,SSP5-8.5
2035-11-19,0.0059,24.561,57.137,8.463,233.91,SSP5-8.5
2035-11-20,0.0026,23.785,54.884,5.207,240.35,SSP5-8.5
2035-11-21,0.0,23.384,45.977,5.363,251.7,SSP5-8.5
2035-11-22,0.0,23.517,65.233,3.825,234.8,SSP5-8.5
2035-11-23,0.0,23.605,73.371,4.104,182.08,SSP5-8.5
2035-11-24,0.0,24.134,57.002,5.227,231.06,SSP5-8.5
2035-11-25,0.0,23.523,54.175,5.651,235.03,SSP5-8.5
2035-11-26,0.0,23.202,55.496,6.414,232.92,SSP5-8.5
2035-11-27,0.0,22.815,52.476,6.598,232.27,SSP5-8.5
2035-11-28,0.0,22.247,46.85,6.317,236.11,SSP5-8.5
2035-11-29,0.0,22.018,43.845,5.535,242.75,SSP5-8.5
2035-11-30,0.0,21.94,48.274,4.739,236.51,SSP5-8.5
2035-12-01,0.0,21.772,47.012,4.852,239.71,SSP5-8.5
2035-12-02,0.0,21.988,46.438,6.139,239.32,SSP5-8.5
2035-12-03,0.0,22.042,47.814,4.702,238.14,SSP5-8.5
2035-12-04,0.0,21.978,56.16,6.698,215.89,SSP5-8.5
2035-12-05,0.0,22.211,51.129,7.229,231.26,SSP5-8.5
2035-12-06,0.0,21.608,50.919,5.401,199.67,SSP5-8.5
2035-12-07,0.0,21.496,55.136,5.092,202.28,SSP5-8.5
2035-12-08,0.0,21.801,58.27,7.314,204.85,SSP5-8.5
2035-12-09,0.0,22.089,55.702,7.756,230.08,SSP5-8.5
2035-12-10,0.0,21.825,58.362,6.754,211.09,SSP5-8.5
2035-12-11,0.0,21.592,55.55,6.175,213.33,SSP5-8.5
2035-12-12,0.0,21.375,59.079,5.797,179.67,SSP5-8.5
2035-12-13,0.0,21.268,56.479,6.159,187.89,SSP5-8.5
2035-12-14,0.0,21.219,60.725,6.286,179.09,SSP5-8.5
2035-12-15,0.0,21.266,53.928,6.709,204.52,SSP5-8.5
2035-12-16,0.0,21.211,52.32,6.222,204.28,SSP5-8.5
2035-12-17,0.0,21.507,46.958,6.322,212.91,SSP5-8.5
2035-12-18,0.0,22.058,39.752,5.173,245.38,SSP5-8.5
2035-12-19,0.0,22.009,41.224,4.367,244.55,SSP5-8.5
2035-12-20,0.0,21.814,47.842,4.936,242.09,SSP5-8.5
2035-12-21,0.0,22.092,48.419,6.393,240.41,SSP5-8.5
2035-12-22,0.0,22.189,47.916,7.657,242.85,SSP5-8.5
2035-12-23,0.0,22.202,48.119,7.13,233.09,SSP5-8.5
2035-12-24,0.0,22.106,47.094,7.634,223.75,SSP5-8.5
2035-12-25,0.0,21.877,42.257,7.947,203.69,SSP5-8.5
2035-12-26,0.0,21.975,53.209,8.886,189.33,SSP5-8.5
2035-12-27,0.0,21.719,73.577,6.695,149.31,SSP5-8.5
2035-12-28,0.0,22.164,71.834,5.338,183.99,SSP5-8.5
2035-12-29,0.0,22.708,59.596,4.801,216.76,SSP5-8.5
2035-12-30,0.0,23.353,54.752,6.27,229.25,SSP5-8.5
2035-12-31,0.0,23.193,54.389,6.055,225.31,SSP5-8.5
2036-01-01,0.0,22.887,50.133,8.414,218.98,SSP5-8.5
2036-01-02,0.0,21.966,47.443,8.28,223.81,SSP5-8.5
2036-01-03,0.0,21.828,45.289,7.817,230.99,SSP5-8.5
2036-01-04,0.0,21.577,46.083,7.583,217.85,SSP5-8.5
2036-01-05,0.0,21.285,46.608,5.555,207.23,SSP5-8.5
2036-01-06,0.0,21.232,46.254,5.538,226.22,SSP5-8.5
2036-01-07,0.0,21.681,49.457,6.683,219.77,SSP5-8.5
2036-01-08,0.0,22.181,48.969,8.733,239.12,SSP5-8.5
2036-01-09,0.0,22.807,46.144,9.183,252.02,SSP5-8.5
2036-01-10,0.0,22.736,48.358,10.015,242.68,SSP5-8.5
2036-01-11,0.0,23.146,49.12,7.887,248.26,SSP5-8.5
2036-01-12,0.0,23.359,47.228,6.004,248.55,SSP5-8.5
2036-01-13,0.0,23.146,47.062,6.364,238.4,SSP5-8.5
2036-01-14,0.0,23.573,46.254,6.561,230.5,SSP5-8.5
2036-01-15,0.0,24.009,50.319,7.412,243.44,SSP5-8.5
2036-01-16,0.0,22.4,75.658,8.557,168.94,SSP5-8.5
2036-01-17,0.0,24.149,64.338,5.888,199.54,SSP5-8.5
2036-01-18,0.0,24.787,59.183,6.138,201.94,SSP5-8.5
2036-01-19,0.0,24.246,60.397,12.008,191.69,SSP5-8.5
2036-01-20,0.0,23.353,64.481,11.192,195.95,SSP5-8.5
2036-01-21,0.0,24.982,55.769,12.393,231.74,SSP5-8.5
2036-01-22,0.0,25.419,54.278,11.454,229.38,SSP5-8.5
2036-01-23,0.0,26.13,54.847,11.283,219.19,SSP5-8.5
2036-01-24,0.0,25.788,55.857,7.081,210.88,SSP5-8.5
2036-01-25,0.0,26.19,53.281,4.911,238.29,SSP5-8.5
2036-01-26,0.0,26.029,53.479,7.696,231.12,SSP5-8.5
2036-01-27,0.0,25.548,54.183,10.01,229.28,SSP5-8.5
2036-01-28,0.0,25.296,56.205,11.927,229.77,SSP5-8.5
2036-01-29,0.0,25.64,54.609,12.314,241.74,SSP5-8.5
2036-01-30,0.0,23.286,61.585,11.056,172.49,SSP5-8.5
2036-01-31,0.0,24.242,60.146,13.415,208.93,SSP5-8.5
2036-02-01,0.0,22.449,77.801,10.238,172.36,SSP5-8.5
2036-02-02,0.0,24.705,58.291,7.977,224.15,SSP5-8.5
2036-02-03,0.0,23.714,63.634,11.472,208.56,SSP5-8.5
2036-02-04,0.0,24.318,60.584,12.624,227.7,SSP5-8.5
2036-02-05,0.0,24.926,54.725,12.341,236.94,SSP5-8.5
2036-02-06,0.0,25.477,51.355,9.655,247.83,SSP5-8.5
2036-02-07,0.0,25.309,47.58,10.57,257.58,SSP5-8.5
2036-02-08,0.0,24.91,44.008,9.084,261.06,SSP5-8.5
2036-02-09,0.0,23.977,41.02,7.46,234.14,SSP5-8.5
2036-02-10,0.0,24.101,37.297,6.161,266.68,SSP5-8.5
2036-02-11,0.0,23.912,38.955,7.958,263.73,SSP5-8.5
2036-02-12,0.0,24.514,42.053,9.906,271.69,SSP5-8.5
2036-02-13,0.0,24.812,41.094,8.465,272.73,SSP5-8.5
2036-02-14,0.0,24.948,43.087,8.401,245.81,SSP5-8.5
2036-02-15,0.0,24.863,39.55,8.532,226.08,SSP5-8.5
2036-02-16,0.0,24.649,37.989,10.165,236.77,SSP5-8.5
2036-02-17,0.0,24.645,35.671,10.803,295.1,SSP5-8.5
2036-02-18,0.0,25.62,40.889,11.332,289.17,SSP5-8.5
2036-02-19,0.0,25.365,41.513,8.277,288.52,SSP5-8.5
2036-02-20,0.0,25.885,37.854,8.582,285.71,SSP5-8.5
2036-02-21,0.0,26.301,37.101,6.533,282.94,SSP5-8.5
2036-02-22,0.0,26.811,37.399,7.66,281.68,SSP5-8.5
2036-02-23,0.0,27.304,38.57,6.441,277.3,SSP5-8.5
2036-02-24,0.0,27.896,38.177,4.244,275.08,SSP5-8.5
2036-02-25,0.0,27.852,38.282,5.681,280.13,SSP5-8.5
2036-02-26,0.0,28.308,37.27,6.666,275.79,SSP5-8.5
2036-02-27,0.0,28.616,36.652,7.248,279.53,SSP5-8.5
2036-02-28,0.0,28.919,34.704,7.201,280.49,SSP5-8.5
2036-02-29,0.0,28.932,34.449,5.884,280.39,SSP5-8.5
2036-03-01,0.0,28.64,33.264,5.277,288.35,SSP5-8.5
2036-03-02,0.0,28.422,32.324,6.301,288.86,SSP5-8.5
2036-03-03,0.0,28.69,31.668,9.111,300.97,SSP5-8.5
2036-03-04,0.0,28.795,31.599,14.457,305.69,SSP5-8.5
2036-03-05,0.0,28.641,34.935,12.268,300.56,SSP5-8.5
2036-03-06,0.0,29.221,37.487,11.848,243.98,SSP5-8.5
2036-03-07,0.0,29.11,33.402,7.428,273.44,SSP5-8.5
2036-03-08,0.0,28.78,30.016,5.636,309.9,SSP5-8.5
2036-03-09,0.0,28.615,28.152,5.815,304.0,SSP5-8.5
2036-03-10,0.0,28.666,29.737,5.794,283.7,SSP5-8.5
2036-03-11,0.0,29.624,32.967,9.548,282.96,SSP5-8.5
2036-03-12,0.0,30.019,33.551,7.427,289.81,SSP5-8.5
2036-03-13,0.0,30.515,32.577,7.734,272.25,SSP5-8.5
2036-03-14,0.0,28.107,40.555,7.032,207.88,SSP5-8.5
2036-03-15,0.1172,29.905,38.734,4.828,256.17,SSP5-8.5
2036-03-16,0.0046,28.136,45.339,5.775,221.19,SSP5-8.5
2036-03-17,0.0,29.728,35.371,10.523,305.94,SSP5-8.5
2036-03-18,0.0,30.055,31.819,7.845,288.36,SSP5-8.5
2036-03-19,0.0,29.809,29.896,6.837,300.94,SSP5-8.5
2036-03-20,0.0,30.249,29.596,4.74,306.64,SSP5-8.5
2036-03-21,0.0,29.917,30.095,5.405,253.53,SSP5-8.5
2036-03-22,0.0,29.364,27.43,5.134,316.86,SSP5-8.5
2036-03-23,0.0,30.289,27.641,6.127,252.9,SSP5-8.5
2036-03-24,0.0,30.014,30.365,5.406,244.29,SSP5-8.5
2036-03-25,0.0,30.671,31.608,6.711,266.9,SSP5-8.5
2036-03-26,0.0,31.015,31.184,8.361,279.77,SSP5-8.5
2036-03-27,0.0013,31.297,28.875,8.33,298.86,SSP5-8.5
2036-03-28,0.0001,31.057,28.758,7.355,287.77,SSP5-8.5
2036-03-29,0.0,30.922,27.659,6.692,312.1,SSP5-8.5
2036-03-30,0.0,31.082,26.158,5.855,294.79,SSP5-8.5
2036-03-31,0.0,31.261,25.835,7.351,309.8,SSP5-8.5
2036-04-01,0.0,31.123,25.739,6.787,295.6,SSP5-8.5
2036-04-02,0.0069,32.045,26.791,8.492,261.77,SSP5-8.5
2036-04-03,0.0,31.685,30.266,5.096,285.96,SSP5-8.5
2036-04-04,0.2927,31.554,29.336,6.997,294.04,SSP5-8.5
2036-04-05,10.5281,25.597,61.124,9.752,156.03,SSP5-8.5
2036-04-06,0.0504,25.592,65.115,5.462,205.79,SSP5-8.5
2036-04-07,0.0,29.551,35.11,4.983,332.66,SSP5-8.5
2036-04-08,0.0,30.439,29.007,5.549,332.14,SSP5-8.5
2036-04-09,0.0,30.512,27.601,6.017,315.47,SSP5-8.5
2036-04-10,0.0,31.072,25.813,8.822,322.92,SSP5-8.5
2036-04-11,0.0,31.395,27.041,8.881,320.41,SSP5-8.5
2036-04-12,0.0,31.891,27.297,5.985,317.44,SSP5-8.5
2036-04-13,0.0,32.07,26.016,5.209,321.69,SSP5-8.5
2036-04-14,0.0,32.536,24.676,7.446,326.07,SSP5-8.5
2036-04-15,0.0265,32.133,25.958,6.882,278.44,SSP5-8.5
2036-04-16,0.0,29.949,30.38,6.185,258.96,SSP5-8.5
2036-04-17,0.0,30.579,24.314,8.519,360.07,SSP5-8.5
2036-04-18,0.0,31.395,23.21,6.378,339.09,SSP5-8.5
2036-04-19,0.0,31.591,23.72,6.35,345.3,SSP5-8.5
2036-04-20,0.0,32.03,25.29,7.962,316.01,SSP5-8.5
2036-04-21,0.0,31.787,23.706,7.785,337.24,SSP5-8.5
2036-04-22,0.0,32.368,23.552,6.762,330.52,SSP5-8.5
2036-04-23,0.0,32.556,24.228,7.884,330.23,SSP5-8.5
2036-04-24,0.0,33.125,25.085,8.839,302.03,SSP5-8.5
2036-04-25,0.027,32.188,27.438,10.476,246.75,SSP5-8.5
2036-04-26,0.0857,32.91,26.977,7.904,289.17,SSP5-8.5
2036-04-27,0.5948,33.158,27.301,6.445,306.18,SSP5-8.5
2036-04-28,0.0299,32.975,28.113,5.838,289.36,SSP5-8.5
2036-04-29,0.0,30.325,39.938,7.874,224.28,SSP5-8.5
2036-04-30,2.3946,32.265,37.98,7.767,277.84,SSP5-8.5
2036-05-01,0.236,31.939,30.386,7.359,310.46,SSP5-8.5
2036-05-02,0.0051,32.228,25.957,10.323,332.91,SSP5-8.5
2036-05-03,0.0011,32.806,25.712,10.408,298.18,SSP5-8.5
2036-05-04,0.0,32.837,26.037,8.143,309.03,SSP5-8.5
2036-05-05,0.0036,33.129,27.628,5.778,264.8,SSP5-8.5
2036-05-06,0.1597,33.211,27.842,6.139,291.45,SSP5-8.5
2036-05-07,8.2412,32.274,32.955,9.07,299.55,SSP5-8.5
2036-05-08,6.6712,31.738,41.741,6.627,279.76,SSP5-8.5
2036-05-09,0.4867,32.262,36.157,7.511,295.49,SSP5-8.5
2036-05-10,0.0306,32.509,32.166,8.481,298.31,SSP5-8.5
2036-05-11,0.0,32.754,34.124,9.883,253.04,SSP5-8.5
2036-05-12,0.3667,32.939,31.944,8.306,302.23,SSP5-8.5
2036-05-13,1.3596,32.594,38.159,8.522,298.32,SSP5-8.5
2036-05-14,0.0,30.945,44.414,6.223,218.68,SSP5-8.5
2036-05-15,0.1032,32.619,37.764,5.092,276.64,SSP5-8.5
2036-05-16,0.9732,32.493,40.181,6.513,285.73,SSP5-8.5
2036-05-17,0.0042,32.812,34.91,6.901,298.06,SSP5-8.5
2036-05-18,0.0,32.964,32.314,6.153,284.66,SSP5-8.5
2036-05-19,0.0121,33.003,33.252,6.036,283.82,SSP5-8.5
2036-05-20,0.0584,32.85,36.12,5.294,273.96,SSP5-8.5
2036-05-21,0.0372,32.776,36.834,5.719,289.66,SSP5-8.5
2036-05-22,0.1098,33.006,36.304,5.406,297.68,SSP5-8.5
2036-05-23,0.1381,33.276,35.086,6.036,304.54,SSP5-8.5
2036-05-24,0.0,33.288,33.269,7.892,317.83,SSP5-8.5
2036-05-25,0.0,33.689,30.2,9.024,327.95,SSP5-8.5
2036-05-26,0.0,34.16,30.366,8.93,309.75,SSP5-8.5
2036-05-27,0.3146,33.618,37.037,10.351,284.41,SSP5-8.5
2036-05-28,0.1588,33.677,35.867,10.477,301.1,SSP5-8.5
2036-05-29,0.0,33.697,31.159,13.557,305.3,SSP5-8.5
2036-05-30,0.7801,33.986,33.345,12.812,274.13,SSP5-8.5
2036-05-31,0.094,33.216,40.56,14.041,301.56,SSP5-8.5
2036-06-01,0.0379,33.582,41.207,14.583,310.22,SSP5-8.5
2036-06-02,0.0,33.412,36.736,15.241,315.82,SSP5-8.5
2036-06-03,0.0008,29.092,53.55,11.498,233.22,SSP5-8.5
2036-06-04,0.0,31.7,40.707,14.567,280.21,SSP5-8.5
2036-06-05,0.1936,30.029,48.917,19.124,249.04,SSP5-8.5
2036-06-06,0.7075,27.916,66.183,14.358,228.22,SSP5-8.5
2036-06-07,14.3548,28.133,73.926,7.234,246.05,SSP5-8.5
2036-06-08,10.7059,28.095,74.872,8.477,234.89,SSP5-8.5
2036-06-09,0.0883,29.594,67.35,9.609,262.3,SSP5-8.5
2036-06-10,0.0,32.783,55.854,10.879,291.94,SSP5-8.5
2036-06-11,0.0,32.711,52.822,12.485,292.06,SSP5-8.5
2036-06-12,0.0,32.372,47.191,15.102,308.21,SSP5-8.5
2036-06-13,0.0,32.0,46.961,16.336,308.37,SSP5-8.5
2036-06-14,0.0,29.66,55.47,16.298,263.55,SSP5-8.5
2036-06-15,0.0,31.306,49.775,16.318,299.12,SSP5-8.5
2036-06-16,0.0,31.613,46.359,15.956,310.79,SSP5-8.5
2036-06-17,0.0,32.473,43.556,15.822,327.71,SSP5-8.5
2036-06-18,0.0,31.982,44.771,12.576,317.72,SSP5-8.5
2036-06-19,0.0664,32.591,44.586,11.932,302.57,SSP5-8.5
2036-06-20,0.0,30.467,54.416,13.247,236.76,SSP5-8.5
2036-06-21,1.0376,28.534,66.558,11.312,203.52,SSP5-8.5
2036-06-22,0.0,28.905,61.81,14.987,226.25,SSP5-8.5
2036-06-23,0.0,31.015,53.514,16.484,266.39,SSP5-8.5
2036-06-24,0.0,30.518,54.406,17.308,258.29,SSP5-8.5
2036-06-25,0.0,31.487,51.856,15.673,296.67,SSP5-8.5
2036-06-26,0.0,31.328,51.665,15.754,296.72,SSP5-8.5
2036-06-27,0.0,30.47,55.148,17.706,272.84,SSP5-8.5
2036-06-28,0.0,31.177,50.203,17.698,293.2,SSP5-8.5
2036-06-29,0.0,30.696,48.115,15.44,295.4,SSP5-8.5
2036-06-30,0.0,31.361,48.482,13.869,299.16,SSP5-8.5
2036-07-01,0.0,30.541,53.819,14.776,268.13,SSP5-8.5
2036-07-02,0.0,30.064,55.379,15.335,269.8,SSP5-8.5
2036-07-03,0.0,29.851,57.684,16.409,268.88,SSP5-8.5
2036-07-04,0.0,29.985,55.712,16.437,286.15,SSP5-8.5
2036-07-05,0.0,30.095,53.992,15.19,274.0,SSP5-8.5
2036-07-06,0.2575,30.642,56.133,13.135,288.04,SSP5-8.5
2036-07-07,3.6727,29.418,66.355,10.955,235.05,SSP5-8.5
2036-07-08,7.3235,29.824,66.981,11.738,272.56,SSP5-8.5
2036-07-09,18.2784,28.537,82.243,10.574,232.6,SSP5-8.5
2036-07-10,4.4057,26.758,89.311,8.885,203.55,SSP5-8.5
2036-07-11,6.5735,26.43,91.624,7.469,192.02,SSP5-8.5
2036-07-12,42.9524,26.539,92.607,8.891,215.46,SSP5-8.5
2036-07-13,38.4995,26.455,94.885,7.134,171.97,SSP5-8.5
2036-07-14,17.6343,26.416,92.971,11.147,172.72,SSP5-8.5
2036-07-15,5.8487,26.737,90.235,11.436,220.27,SSP5-8.5
2036-07-16,2.9737,27.848,85.281,13.154,251.85,SSP5-8.5
2036-07-17,0.8514,27.009,86.707,13.437,227.44,SSP5-8.5
2036-07-18,0.4518,26.664,88.023,15.449,219.16,SSP5-8.5
2036-07-19,0.1217,26.75,87.445,17.482,216.93,SSP5-8.5
2036-07-20,2.8211,27.522,83.447,18.941,239.32,SSP5-8.5
2036-07-21,61.2859,26.01,92.226,20.68,171.88,SSP5-8.5
2036-07-22,23.8368,26.008,92.836,15.294,193.44,SSP5-8.5
2036-07-23,0.8778,26.75,88.546,15.202,228.51,SSP5-8.5
2036-07-24,20.1722,26.108,92.478,11.728,175.81,SSP5-8.5
2036-07-25,0.0,26.951,87.01,13.996,241.18,SSP5-8.5
2036-07-26,0.1866,27.26,85.732,14.63,249.36,SSP5-8.5
2036-07-27,16.1853,26.07,90.869,16.366,197.19,SSP5-8.5
2036-07-28,0.3776,26.158,90.153,13.152,202.6,SSP5-8.5
2036-07-29,0.3892,26.791,89.003,11.492,222.19,SSP5-8.5
2036-07-30,0.7681,26.101,91.492,10.297,191.01,SSP5-8.5
2036-07-31,3.2448,26.111,90.896,12.048,208.78,SSP5-8.5
2036-08-01,1.4914,26.671,92.337,12.056,196.53,SSP5-8.5
2036-08-02,0.0,27.513,86.778,13.484,233.6,SSP5-8.5
2036-08-03,0.2132,27.569,86.347,13.582,232.72,SSP5-8.5
2036-08-04,8.3765,26.814,91.728,12.075,198.26,SSP5-8.5
2036-08-05,4.6295,26.522,91.876,12.752,179.53,SSP5-8.5
2036-08-06,0.4116,26.964,89.114,12.597,213.19,SSP5-8.5
2036-08-07,0.2422,27.371,87.187,12.811,249.26,SSP5-8.5
2036-08-08,22.1209,27.148,89.504,14.19,221.27,SSP5-8.5
2036-08-09,26.8767,25.988,93.018,14.945,126.66,SSP5-8.5
2036-08-10,18.4939,25.859,92.181,14.725,167.56,SSP5-8.5
2036-08-11,0.0,26.735,90.658,11.88,195.59,SSP5-8.5
2036-08-12,1.9618,27.139,90.296,11.668,214.89,SSP5-8.5
2036-08-13,2.7124,26.733,92.228,9.758,200.77,SSP5-8.5
2036-08-14,1.238,27.508,88.989,9.174,248.17,SSP5-8.5
2036-08-15,11.8067,27.633,90.157,8.239,240.4,SSP5-8.5
2036-08-16,1.503,27.796,88.559,9.552,237.05,SSP5-8.5
2036-08-17,2.223,27.406,88.142,12.985,224.27,SSP5-8.5
2036-08-18,19.1937,26.324,91.85,13.598,194.02,SSP5-8.5
2036-08-19,1.8,26.506,92.751,11.382,182.99,SSP5-8.5
2036-08-20,0.0,26.903,90.088,13.297,209.59,SSP5-8.5
2036-08-21,14.2939,27.159,89.482,12.632,218.1,SSP5-8.5
2036-08-22,14.9323,26.4,92.417,11.543,178.76,SSP5-8.5
2036-08-23,0.0,26.706,89.678,12.876,204.67,SSP5-8.5
2036-08-24,0.2696,27.64,84.778,13.316,253.68,SSP5-8.5
2036-08-25,16.3457,25.795,92.62,12.09,160.01,SSP5-8.5
2036-08-26,7.2055,26.963,90.152,13.182,218.06,SSP5-8.5
2036-08-27,16.2553,26.168,94.163,9.839,177.69,SSP5-8.5
2036-08-28,0.1935,26.882,92.889,6.792,207.78,SSP5-8.5
2036-08-29,0.4722,27.38,89.188,7.626,245.59,SSP5-8.5
2036-08-30,0.008,27.281,89.073,9.048,209.76,SSP5-8.5
2036-08-31,0.4031,27.186,88.547,9.525,229.74,SSP5-8.5
2036-09-01,0.5552,26.895,88.369,8.864,236.91,SSP5-8.5
2036-09-02,0.0,27.046,87.565,7.827,240.14,SSP5-8.5
2036-09-03,0.0,27.453,81.406,5.958,283.89,SSP5-8.5
2036-09-04,0.0,27.878,77.227,6.559,289.77,SSP5-8.5
2036-09-05,0.0,28.403,76.758,5.84,278.47,SSP5-8.5
2036-09-06,0.0,28.151,81.042,4.786,246.94,SSP5-8.5
2036-09-07,0.8552,27.933,83.203,3.698,254.54,SSP5-8.5
2036-09-08,0.0,28.454,77.089,5.983,281.87,SSP5-8.5
2036-09-09,0.0,28.741,76.06,6.058,284.35,SSP5-8.5
2036-09-10,0.01,28.847,76.346,4.957,278.55,SSP5-8.5
2036-09-11,0.0,29.305,75.682,6.345,280.1,SSP5-8.5
2036-09-12,0.0,29.354,76.539,4.978,271.21,SSP5-8.5
2036-09-13,0.0,29.308,76.535,4.185,266.91,SSP5-8.5
2036-09-14,1.6447,29.053,79.192,8.293,254.99,SSP5-8.5
2036-09-15,0.3467,29.081,76.269,10.173,258.8,SSP5-8.5
2036-09-16,0.0,29.293,74.896,7.859,253.06,SSP5-8.5
2036-09-17,0.1385,28.968,77.427,7.035,249.83,SSP5-8.5
2036-09-18,0.0087,27.65,81.8,8.868,244.73,SSP5-8.5
2036-09-19,0.0,27.393,81.508,8.548,247.12,SSP5-8.5
2036-09-20,0.7159,27.573,79.74,8.922,264.49,SSP5-8.5
2036-09-21,0.9789,27.692,81.282,7.48,255.39,SSP5-8.5
2036-09-22,3.1107,27.157,87.2,7.051,224.3,SSP5-8.5
2036-09-23,18.5328,27.301,86.918,5.369,231.48,SSP5-8.5
2036-09-24,25.4256,26.645,91.65,7.066,204.59,SSP5-8.5
2036-09-25,18.6228,26.503,91.691,9.483,182.86,SSP5-8.5
2036-09-26,11.1383,26.298,92.54,7.824,176.18,SSP5-8.5
2036-09-27,24.9653,26.047,95.379,6.119,180.14,SSP5-8.5
2036-09-28,6.7716,26.458,91.388,5.497,211.54,SSP5-8.5
2036-09-29,17.0339,26.568,91.874,2.957,207.85,SSP5-8.5
2036-09-30,5.5721,27.086,88.457,7.153,218.58,SSP5-8.5
2036-10-01,35.7788,26.942,87.906,7.144,244.98,SSP5-8.5
2036-10-02,33.8891,25.626,93.131,4.859,183.07,SSP5-8.5
2036-10-03,7.7872,25.613,91.103,9.771,197.92,SSP5-8.5
2036-10-04,20.2478,25.664,89.649,10.949,212.57,SSP5-8.5
2036-10-05,48.9761,25.3,94.787,5.162,184.62,SSP5-8.5
2036-10-06,5.7287,25.277,92.679,5.81,190.05,SSP5-8.5
2036-10-07,2.847,25.687,88.106,6.878,221.97,SSP5-8.5
2036-10-08,3.0855,25.841,85.837,8.472,240.98,SSP5-8.5
2036-10-09,0.2712,26.438,81.471,10.226,237.92,SSP5-8.5
2036-10-10,0.0161,25.81,83.905,11.232,218.17,SSP5-8.5
2036-10-11,0.0,26.607,78.87,10.982,249.32,SSP5-8.5
2036-10-12,1.4148,27.475,80.286,9.207,231.37,SSP5-8.5
2036-10-13,0.0062,28.328,73.346,7.301,245.34,SSP5-8.5
2036-10-14,0.0,28.905,67.181,5.684,262.15,SSP5-8.5
2036-10-15,1.6869,29.02,71.329,7.957,249.86,SSP5-8.5
2036-10-16,0.3134,28.418,70.354,9.786,250.5,SSP5-8.5
2036-10-17,0.0,25.809,57.222,9.177,279.4,SSP5-8.5
2036-10-18,0.0,24.408,48.452,8.033,285.0,SSP5-8.5
2036-10-19,0.0,23.962,49.874,5.272,287.81,SSP5-8.5
2036-10-20,0.0,24.855,67.078,5.702,273.85,SSP5-8.5
2036-10-21,0.0,25.692,75.625,8.067,244.32,SSP5-8.5
2036-10-22,0.0,25.145,82.123,8.081,218.37,SSP5-8.5
2036-10-23,5.7968,25.043,85.518,6.24,215.51,SSP5-8.5
2036-10-24,0.5714,24.725,85.34,4.908,202.35,SSP5-8.5
2036-10-25,0.0384,25.933,80.16,4.334,221.52,SSP5-8.5
2036-10-26,0.0053,26.043,68.426,5.949,238.39,SSP5-8.5
2036-10-27,0.0,25.897,64.525,4.713,244.99,SSP5-8.5
2036-10-28,0.0,25.636,71.117,7.096,238.8,SSP5-8.5
2036-10-29,0.018,25.847,75.347,7.433,225.51,SSP5-8.5
2036-10-30,0.0096,26.147,70.808,4.781,247.13,SSP5-8.5
2036-10-31,0.0,26.006,67.997,4.438,251.05,SSP5-8.5
2036-11-01,0.0,26.443,65.649,4.722,246.06,SSP5-8.5
2036-11-02,0.0,26.36,61.087,6.259,246.34,SSP5-8.5
2036-11-03,0.0,26.219,58.88,8.039,242.78,SSP5-8.5
2036-11-04,0.0,25.655,57.604,7.66,243.39,SSP5-8.5
2036-11-05,0.0,25.462,60.716,6.299,250.1,SSP5-8.5
2036-11-06,0.0,25.437,58.531,6.75,245.71,SSP5-8.5
2036-11-07,0.0,25.054,56.199,5.183,238.43,SSP5-8.5
2036-11-08,0.0,25.111,54.52,5.218,237.0,SSP5-8.5
2036-11-09,0.0,25.593,65.404,7.219,222.54,SSP5-8.5
2036-11-10,0.0,25.706,71.659,7.615,214.21,SSP5-8.5
2036-11-11,0.0,24.494,74.27,6.705,194.16,SSP5-8.5
2036-11-12,0.0,23.599,59.11,7.571,238.0,SSP5-8.5
2036-11-13,0.0,23.139,49.632,7.294,243.31,SSP5-8.5
2036-11-14,0.0,22.826,43.622,8.645,254.16,SSP5-8.5
2036-11-15,0.0,22.554,47.167,9.421,249.19,SSP5-8.5
2036-11-16,0.0,22.325,42.907,10.026,251.52,SSP5-8.5
2036-11-17,0.0,21.8,41.837,10.935,238.69,SSP5-8.5
2036-11-18,0.0,21.662,45.705,9.379,203.44,SSP5-8.5
2036-11-19,0.0,22.198,54.246,12.277,222.06,SSP5-8.5
2036-11-20,0.1211,23.758,78.544,11.1,174.02,SSP5-8.5
2036-11-21,0.107,23.928,85.061,5.488,159.06,SSP5-8.5
2036-11-22,0.0078,24.619,75.257,7.335,184.55,SSP5-8.5
2036-11-23,0.0,25.613,70.135,9.644,185.84,SSP5-8.5
2036-11-24,0.0,25.04,69.116,6.657,183.54,SSP5-8.5
2036-11-25,0.0,25.088,57.998,6.005,229.0,SSP5-8.5
2036-11-26,0.0,23.824,43.959,9.167,239.48,SSP5-8.5
2036-11-27,0.0,23.363,47.384,11.277,238.09,SSP5-8.5
2036-11-28,0.0,23.046,40.394,12.583,238.88,SSP5-8.5
2036-11-29,0.0,23.284,37.416,14.096,237.09,SSP5-8.5
2036-11-30,0.0,23.512,43.695,14.088,198.13,SSP5-8.5
2036-12-01,0.0,23.535,48.0,11.429,212.76,SSP5-8.5
2036-12-02,0.0,24.083,59.967,9.928,205.84,SSP5-8.5
2036-12-03,0.0026,24.131,74.611,9.642,179.38,SSP5-8.5
2036-12-04,0.0,24.585,68.786,8.956,203.99,SSP5-8.5
2036-12-05,0.0,25.141,66.969,6.789,204.14,SSP5-8.5
2036-12-06,0.0,25.471,63.474,6.355,207.56,SSP5-8.5
2036-12-07,0.0,24.544,51.909,7.48,226.62,SSP5-8.5
2036-12-08,0.0,23.952,54.329,5.982,236.08,SSP5-8.5
2036-12-09,0.0,23.242,57.009,5.101,204.36,SSP5-8.5
2036-12-10,0.0,23.053,44.551,10.24,230.49,SSP5-8.5
2036-12-11,0.0,22.123,34.156,12.431,248.3,SSP5-8.5
2036-12-12,0.0,22.287,45.681,10.775,240.27,SSP5-8.5
2036-12-13,0.0,25.091,53.863,13.083,207.61,SSP5-8.5
2036-12-14,0.0,23.442,52.305,13.498,226.4,SSP5-8.5
2036-12-15,0.0,22.246,51.004,10.682,229.1,SSP5-8.5
2036-12-16,0.0,23.628,44.277,8.009,232.14,SSP5-8.5
2036-12-17,0.0,23.574,50.823,5.349,235.46,SSP5-8.5
2036-12-18,0.0,23.831,47.778,7.718,234.2,SSP5-8.5
2036-12-19,0.0,23.596,46.694,6.269,240.5,SSP5-8.5
2036-12-20,0.0,23.582,49.615,6.324,232.61,SSP5-8.5
2036-12-21,0.0,23.596,49.371,5.923,234.19,SSP5-8.5
2036-12-22,0.0,23.983,51.26,4.595,222.24,SSP5-8.5
2036-12-23,0.0,23.499,51.905,6.481,210.4,SSP5-8.5
2036-12-24,0.0,22.862,44.471,7.055,234.5,SSP5-8.5
2036-12-25,0.0,22.577,43.863,6.858,236.48,SSP5-8.5
2036-12-26,0.0,22.803,46.428,5.721,239.05,SSP5-8.5
2036-12-27,0.0,23.155,47.146,7.505,240.97,SSP5-8.5
2036-12-28,0.0,23.04,40.34,6.445,245.28,SSP5-8.5
2036-12-29,0.0,23.039,37.9,8.532,246.83,SSP5-8.5
2036-12-30,0.0,22.166,38.159,7.947,243.47,SSP5-8.5
2036-12-31,0.0,21.627,29.727,10.014,256.3,SSP5-8.5
2037-01-01,0.0,21.186,31.364,7.437,257.6,SSP5-8.5
2037-01-02,0.0,21.326,35.276,7.778,253.02,SSP5-8.5
2037-01-03,0.0,21.888,40.102,9.52,246.83,SSP5-8.5
2037-01-04,0.0,21.808,34.799,9.621,252.15,SSP5-8.5
2037-01-05,0.0,21.505,31.733,10.15,259.71,SSP5-8.5
2037-01-06,0.0,21.521,33.346,9.583,258.03,SSP5-8.5
2037-01-07,0.0,21.704,32.584,7.853,260.87,SSP5-8.5
2037-01-08,0.0,22.249,35.663,5.698,257.04,SSP5-8.5
2037-01-09,0.0,22.901,41.178,6.013,252.97,SSP5-8.5
2037-01-10,0.0,23.393,45.789,7.493,250.57,SSP5-8.5
2037-01-11,0.0,23.707,48.347,9.191,242.63,SSP5-8.5
2037-01-12,0.0,23.409,46.609,9.306,226.14,SSP5-8.5
2037-01-13,0.0,23.351,44.975,9.042,248.19,SSP5-8.5
2037-01-14,0.0,23.588,47.072,8.764,240.39,SSP5-8.5
2037-01-15,0.0,23.415,48.232,9.023,234.84,SSP5-8.5
2037-01-16,0.0,23.874,45.308,11.598,241.25,SSP5-8.5
2037-01-17,0.0,23.366,45.618,12.353,243.71,SSP5-8.5
2037-01-18,0.0,23.47,44.684,12.439,247.65,SSP5-8.5
2037-01-19,0.0,23.656,44.631,8.902,254.35,SSP5-8.5
2037-01-20,0.0,23.887,44.778,8.76,255.67,SSP5-8.5
2037-01-21,0.0,24.257,44.32,13.153,254.13,SSP5-8.5
2037-01-22,0.0,24.365,44.493,12.583,239.46,SSP5-8.5
2037-01-23,0.0,24.182,49.06,7.897,208.94,SSP5-8.5
2037-01-24,0.0,25.085,48.736,9.274,227.38,SSP5-8.5
2037-01-25,0.0,25.535,44.186,10.35,239.6,SSP5-8.5
2037-01-26,0.0,25.208,46.226,11.787,241.32,SSP5-8.5
2037-01-27,0.0,25.175,45.83,9.465,253.24,SSP5-8.5
2037-01-28,0.0,25.279,46.284,5.477,254.77,SSP5-8.5
2037-01-29,0.0,25.561,45.888,7.946,251.33,SSP5-8.5
2037-01-30,0.0,25.349,42.424,10.24,253.25,SSP5-8.5
2037-01-31,0.0,24.959,36.832,7.543,267.53,SSP5-8.5
2037-02-01,0.0,24.627,36.389,6.513,268.61,SSP5-8.5
2037-02-02,0.0,25.238,37.381,6.202,266.23,SSP5-8.5
2037-02-03,0.0,25.782,37.9,7.47,263.96,SSP5-8.5
2037-02-04,0.0,25.927,35.68,10.448,265.88,SSP5-8.5
2037-02-05,0.0,25.804,34.282,10.67,248.94,SSP5-8.5
2037-02-06,0.0,25.452,37.424,10.64,273.13,SSP5-8.5
2037-02-07,0.0,25.002,37.326,9.169,278.75,SSP5-8.5
2037-02-08,0.0,24.599,33.981,9.817,276.27,SSP5-8.5
2037-02-09,0.0,24.79,31.808,8.636,281.83,SSP5-8.5
2037-02-10,0.0,25.259,29.629,6.448,279.54,SSP5-8.5
2037-02-11,0.0,25.3,31.313,7.03,277.51,SSP5-8.5
2037-02-12,0.0,25.556,34.153,9.253,279.33,SSP5-8.5
2037-02-13,0.0,25.657,34.686,5.249,278.35,SSP5-8.5
2037-02-14,0.0,26.038,35.884,5.952,277.01,SSP5-8.5
2037-02-15,0.0,26.285,33.575,7.101,281.64,SSP5-8.5
2037-02-16,0.0,26.241,32.679,5.41,286.71,SSP5-8.5
2037-02-17,0.0,26.573,33.077,5.243,287.09,SSP5-8.5
2037-02-18,0.0,27.069,34.899,7.224,286.97,SSP5-8.5
2037-02-19,0.0,27.611,35.321,7.421,284.04,SSP5-8.5
2037-02-20,0.0,27.87,34.166,9.295,281.95,SSP5-8.5
2037-02-21,0.0,28.298,31.467,9.772,280.95,SSP5-8.5
2037-02-22,0.0,28.137,32.453,8.783,279.9,SSP5-8.5
2037-02-23,0.0,28.116,35.583,6.09,230.71,SSP5-8.5
2037-02-24,0.0,27.823,32.838,5.986,271.83,SSP5-8.5
2037-02-25,0.0,28.665,31.231,9.269,246.34,SSP5-8.5
2037-02-26,0.0,28.43,28.284,12.461,285.12,SSP5-8.5
2037-02-27,0.0,27.186,29.111,10.315,285.74,SSP5-8.5
2037-02-28,0.0,26.869,26.817,8.66,304.33,SSP5-8.5
2037-03-01,0.0,26.642,24.961,6.953,314.59,SSP5-8.5
2037-03-02,0.0,26.738,24.915,7.531,307.07,SSP5-8.5
2037-03-03,0.0,27.581,26.767,8.091,269.96,SSP5-8.5
2037-03-04,0.0,28.162,27.144,9.697,260.64,SSP5-8.5
2037-03-05,0.0,27.742,26.527,10.809,289.42,SSP5-8.5
2037-03-06,0.0,27.739,26.56,7.908,284.94,SSP5-8.5
2037-03-07,0.0,27.741,26.014,8.027,293.61,SSP5-8.5
2037-03-08,0.0,27.824,25.001,7.937,275.5,SSP5-8.5
2037-03-09,0.0,28.317,24.338,6.732,288.37,SSP5-8.5
2037-03-10,0.0,28.945,24.455,6.085,253.55,SSP5-8.5
2037-03-11,0.0,28.847,25.149,10.027,295.71,SSP5-8.5
2037-03-12,0.0,28.96,26.019,11.548,299.47,SSP5-8.5
2037-03-13,0.0,28.705,26.474,7.321,302.27,SSP5-8.5
2037-03-14,0.0,29.381,27.919,4.137,284.94,SSP5-8.5
2037-03-15,0.0,29.567,26.275,6.426,291.05,SSP5-8.5
2037-03-16,0.0,29.681,25.67,8.167,288.22,SSP5-8.5
2037-03-17,0.0,29.731,25.754,6.469,293.64,SSP5-8.5
2037-03-18,0.0,29.582,25.793,5.578,310.68,SSP5-8.5
2037-03-19,0.0,30.193,25.235,4.403,260.07,SSP5-8.5
2037-03-20,0.0,29.942,25.564,5.918,249.08,SSP5-8.5
2037-03-21,0.0,29.827,27.836,8.007,320.76,SSP5-8.5
2037-03-22,0.3655,29.77,35.176,10.814,295.02,SSP5-8.5
2037-03-23,0.1943,30.683,36.676,9.047,256.8,SSP5-8.5
2037-03-24,0.0,29.092,41.145,8.764,238.73,SSP5-8.5
2037-03-25,0.0,30.577,32.726,9.831,307.7,SSP5-8.5
2037-03-26,0.0,30.859,30.549,9.41,302.49,SSP5-8.5
2037-03-27,0.0109,30.899,27.912,7.912,287.54,SSP5-8.5
2037-03-28,0.0,30.95,26.602,6.467,300.69,SSP5-8.5
2037-03-29,0.0,30.366,26.325,5.793,318.6,SSP5-8.5
2037-03-30,0.0,30.191,25.637,6.85,314.88,SSP5-8.5
2037-03-31,0.0,30.906,25.442,8.463,313.64,SSP5-8.5
2037-04-01,0.0,32.698,25.135,9.658,286.17,SSP5-8.5
2037-04-02,0.1032,33.335,26.765,11.41,291.45,SSP5-8.5
2037-04-03,0.0703,33.049,28.3,8.879,288.77,SSP5-8.5
2037-04-04,0.4316,32.695,25.944,10.149,277.67,SSP5-8.5
2037-04-05,0.0,31.855,24.027,5.382,336.99,SSP5-8.5
2037-04-06,0.013,31.335,27.852,7.466,329.1,SSP5-8.5
2037-04-07,0.0,32.591,28.353,9.613,291.65,SSP5-8.5
2037-04-08,0.0,32.813,25.245,9.113,325.79,SSP5-8.5
2037-04-09,0.0,32.731,22.11,9.011,335.8,SSP5-8.5
2037-04-10,0.0,32.23,21.176,5.304,347.29,SSP5-8.5
2037-04-11,0.0,32.724,25.598,8.834,291.39,SSP5-8.5
2037-04-12,0.0,33.04,25.834,10.28,323.98,SSP5-8.5
2037-04-13,0.0,33.668,24.512,9.997,318.79,SSP5-8.5
2037-04-14,0.2288,33.965,23.665,9.738,284.66,SSP5-8.5
2037-04-15,0.0008,32.898,26.241,9.801,258.81,SSP5-8.5
2037-04-16,0.0,33.019,25.463,9.129,257.09,SSP5-8.5
2037-04-17,0.0012,33.116,24.128,8.595,312.56,SSP5-8.5
2037-04-18,0.0282,33.624,23.255,8.216,315.24,SSP5-8.5
2037-04-19,0.1311,34.031,24.468,6.323,291.96,SSP5-8.5
2037-04-20,0.0054,34.004,24.023,5.235,291.21,SSP5-8.5
2037-04-21,0.0,34.071,24.8,5.881,251.3,SSP5-8.5
2037-04-22,0.0,33.525,21.547,4.622,329.31,SSP5-8.5
2037-04-23,0.0,33.937,21.832,8.141,327.36,SSP5-8.5
2037-04-24,0.0,34.106,22.743,10.712,293.09,SSP5-8.5
2037-04-25,0.0,33.767,24.968,9.896,277.22,SSP5-8.5
2037-04-26,0.0,33.827,24.958,11.078,294.16,SSP5-8.5
2037-04-27,0.0,33.679,28.386,12.789,274.56,SSP5-8.5
2037-04-28,0.0,33.679,28.814,15.201,306.11,SSP5-8.5
2037-04-29,0.0,32.993,29.902,13.513,273.1,SSP5-8.5
2037-04-30,0.0,33.505,27.148,10.65,277.14,SSP5-8.5
2037-05-01,0.0,32.848,24.687,7.052,282.69,SSP5-8.5
2037-05-02,0.0,32.714,21.228,7.948,330.07,SSP5-8.5
2037-05-03,0.0008,33.076,20.822,8.884,315.89,SSP5-8.5
2037-05-04,0.0,34.044,21.521,6.139,299.05,SSP5-8.5
2037-05-05,0.2447,33.715,27.186,7.826,256.58,SSP5-8.5
2037-05-06,0.0,31.502,35.137,9.149,219.8,SSP5-8.5
2037-05-07,0.0366,33.547,27.66,9.093,262.86,SSP5-8.5
2037-05-08,0.0817,33.6,24.819,9.261,317.78,SSP5-8.5
2037-05-09,0.9554,34.095,25.85,9.951,295.85,SSP5-8.5
2037-05-10,0.9904,33.309,31.206,9.471,276.62,SSP5-8.5
2037-05-11,0.4996,33.165,33.938,7.371,263.67,SSP5-8.5
2037-05-12,0.1442,33.546,29.529,7.701,314.06,SSP5-8.5
2037-05-13,0.8001,33.236,32.817,7.285,281.55,SSP5-8.5
2037-05-14,0.0216,33.574,29.424,9.066,303.0,SSP5-8.5
2037-05-15,0.4502,33.666,29.876,7.478,274.55,SSP5-8.5
2037-05-16,1.2596,31.001,41.151,7.054,213.71,SSP5-8.5
2037-05-17,1.5037,31.102,48.228,8.965,240.96,SSP5-8.5
2037-05-18,0.2494,32.666,39.198,6.82,284.3,SSP5-8.5
2037-05-19,1.6313,32.958,39.116,5.748,290.25,SSP5-8.5
2037-05-20,0.0,33.264,33.605,5.222,303.51,SSP5-8.5
2037-05-21,10.6782,32.942,41.751,6.068,275.06,SSP5-8.5
2037-05-22,3.6727,31.833,49.272,9.92,279.39,SSP5-8.5
2037-05-23,0.0,33.069,35.302,11.555,315.83,SSP5-8.5
2037-05-24,0.0,33.467,32.004,8.668,337.2,SSP5-8.5
2037-05-25,0.0,33.586,29.342,8.398,311.75,SSP5-8.5
2037-05-26,0.0,33.833,28.488,8.168,286.91,SSP5-8.5
2037-05-27,0.0,34.073,27.208,9.679,301.63,SSP5-8.5
2037-05-28,0.0,34.321,27.383,9.132,300.7,SSP5-8.5
2037-05-29,23.0258,32.457,51.73,8.295,256.96,SSP5-8.5
2037-05-30,1.1067,29.442,62.057,8.678,238.93,SSP5-8.5
2037-05-31,5.689,30.989,59.247,11.035,269.88,SSP5-8.5
2037-06-01,34.1028,25.491,86.407,12.925,169.89,SSP5-8.5
2037-06-02,1.8517,26.073,81.714,10.756,196.19,SSP5-8.5
2037-06-03,6.9416,28.836,70.505,11.758,252.78,SSP5-8.5
2037-06-04,0.5732,29.421,68.046,10.932,260.98,SSP5-8.5
2037-06-05,0.0157,29.338,64.551,12.958,264.46,SSP5-8.5
2037-06-06,0.0411,29.111,63.919,12.564,278.36,SSP5-8.5
2037-06-07,0.2875,29.582,60.473,15.02,278.12,SSP5-8.5
2037-06-08,5.1763,27.284,75.616,14.323,212.18,SSP5-8.5
2037-06-09,20.2185,26.552,86.176,12.266,201.96,SSP5-8.5
2037-06-10,25.4944,26.786,86.838,10.551,218.44,SSP5-8.5
2037-06-11,18.9728,26.079,89.206,8.7,177.51,SSP5-8.5
2037-06-12,5.8451,26.879,82.314,11.052,222.23,SSP5-8.5
2037-06-13,15.7346,27.112,80.812,13.024,231.06,SSP5-8.5
2037-06-14,4.9753,26.945,80.266,13.758,217.58,SSP5-8.5
2037-06-15,0.0,27.48,76.17,12.613,239.0,SSP5-8.5
2037-06-16,0.0,28.076,70.229,12.507,296.91,SSP5-8.5
2037-06-17,0.0,28.79,68.143,13.546,296.65,SSP5-8.5
2037-06-18,3.2885,27.761,77.481,14.374,250.17,SSP5-8.5
2037-06-19,0.9783,27.418,79.316,13.62,228.33,SSP5-8.5
2037-06-20,2.343,28.319,72.961,15.292,276.98,SSP5-8.5
2037-06-21,26.1275,27.179,80.666,16.989,228.92,SSP5-8.5
2037-06-22,37.5212,26.101,92.988,14.673,156.88,SSP5-8.5
2037-06-23,29.0748,26.321,93.565,12.864,145.23,SSP5-8.5
2037-06-24,17.0376,25.469,90.86,12.847,180.45,SSP5-8.5
2037-06-25,23.182,25.977,91.825,11.403,174.3,SSP5-8.5
2037-06-26,14.9907,26.822,88.91,14.487,214.18,SSP5-8.5
2037-06-27,5.2776,26.839,87.287,16.455,208.03,SSP5-8.5
2037-06-28,16.0239,26.761,87.598,16.593,213.68,SSP5-8.5
2037-06-29,22.922,26.36,89.606,19.741,201.98,SSP5-8.5
2037-06-30,41.2898,26.748,88.852,19.957,223.19,SSP5-8.5
2037-07-01,44.3421,24.78,93.371,19.699,179.92,SSP5-8.5
2037-07-02,2.3122,26.151,88.424,16.462,180.94,SSP5-8.5
2037-07-03,0.015,27.047,82.847,16.81,248.43,SSP5-8.5
2037-07-04,19.9765,26.989,84.097,17.208,240.37,SSP5-8.5
2037-07-05,15.5374,26.262,89.71,14.954,210.72,SSP5-8.5
2037-07-06,0.9545,26.525,87.161,15.582,227.12,SSP5-8.5
2037-07-07,0.7335,26.429,86.58,16.309,212.47,SSP5-8.5
2037-07-08,0.2051,26.871,85.66,16.264,223.33,SSP5-8.5
2037-07-09,0.0077,26.976,84.797,15.748,242.12,SSP5-8.5
2037-07-10,13.0278,26.414,90.004,10.855,211.52,SSP5-8.5
2037-07-11,27.5002,25.88,93.191,11.767,194.98,SSP5-8.5
2037-07-12,9.1393,26.123,91.133,12.286,179.21,SSP5-8.5
2037-07-13,1.7346,26.969,87.789,10.739,237.86,SSP5-8.5
2037-07-14,7.3516,26.438,90.604,9.076,214.96,SSP5-8.5
2037-07-15,8.6483,26.078,93.019,7.699,190.76,SSP5-8.5
2037-07-16,2.0498,26.215,93.055,6.785,193.11,SSP5-8.5
2037-07-17,0.058,26.983,88.573,11.42,243.48,SSP5-8.5
2037-07-18,0.3123,27.023,88.052,10.913,242.51,SSP5-8.5
2037-07-19,6.4803,26.614,91.112,8.769,222.26,SSP5-8.5
2037-07-20,19.7464,26.537,92.389,9.191,210.77,SSP5-8.5
2037-07-21,34.8723,26.257,94.596,9.367,200.87,SSP5-8.5
2037-07-22,32.2452,26.048,94.232,9.258,208.98,SSP5-8.5
2037-07-23,14.3321,26.298,93.092,6.047,220.42,SSP5-8.5
2037-07-24,18.6534,26.372,93.067,6.118,216.86,SSP5-8.5
2037-07-25,20.1694,26.234,93.981,6.713,210.82,SSP5-8.5
2037-07-26,14.0756,26.552,90.195,10.775,217.79,SSP5-8.5
2037-07-27,6.4317,26.597,87.834,12.932,224.25,SSP5-8.5
2037-07-28,12.5539,26.772,87.723,13.469,242.4,SSP5-8.5
2037-07-29,0.232,26.661,88.63,11.929,236.99,SSP5-8.5
2037-07-30,0.0072,26.82,87.799,10.904,250.53,SSP5-8.5
2037-07-31,0.0284,26.941,87.962,9.992,280.3,SSP5-8.5
2037-08-01,0.0,27.493,88.784,9.032,256.66,SSP5-8.5
2037-08-02,0.0,27.32,88.723,8.176,254.77,SSP5-8.5
2037-08-03,0.0,27.236,89.993,7.414,246.81,SSP5-8.5
2037-08-04,0.0,27.257,89.637,6.895,228.88,SSP5-8.5
2037-08-05,0.0713,27.518,88.046,8.42,255.14,SSP5-8.5
2037-08-06,0.6269,26.787,89.262,10.582,235.74,SSP5-8.5
2037-08-07,0.2167,26.694,90.111,9.334,225.88,SSP5-8.5
2037-08-08,0.0136,27.065,89.726,7.678,249.77,SSP5-8.5
2037-08-09,0.0224,27.188,89.455,4.78,248.19,SSP5-8.5
2037-08-10,0.1882,27.682,88.669,6.622,247.02,SSP5-8.5
2037-08-11,0.3781,27.632,88.819,8.699,238.4,SSP5-8.5
2037-08-12,12.3781,27.02,89.977,10.796,233.79,SSP5-8.5
2037-08-13,2.9386,26.712,90.728,9.704,210.15,SSP5-8.5
2037-08-14,0.1273,26.963,87.745,11.056,242.89,SSP5-8.5
2037-08-15,0.916,27.3,87.211,10.501,249.94,SSP5-8.5
2037-08-16,0.7641,26.966,89.022,10.426,232.04,SSP5-8.5
2037-08-17,8.1125,26.749,92.083,5.952,224.93,SSP5-8.5
2037-08-18,0.3858,26.784,91.662,7.241,226.25,SSP5-8.5
2037-08-19,22.0489,26.852,91.658,5.873,236.21,SSP5-8.5
2037-08-20,38.3338,26.541,95.495,6.05,219.38,SSP5-8.5
2037-08-21,33.5074,26.152,94.066,8.092,210.89,SSP5-8.5
2037-08-22,15.6955,26.677,92.535,8.442,227.86,SSP5-8.5
2037-08-23,0.0,26.926,89.142,9.075,260.55,SSP5-8.5
2037-08-24,0.0,27.043,84.8,10.365,304.85,SSP5-8.5
2037-08-25,0.0,27.345,83.029,10.246,301.87,SSP5-8.5
2037-08-26,0.0,27.558,84.687,8.808,266.39,SSP5-8.5
2037-08-27,0.0,27.566,89.354,3.973,239.75,SSP5-8.5
2037-08-28,0.3718,27.643,89.665,3.793,238.57,SSP5-8.5
2037-08-29,6.027,27.087,90.891,6.346,238.38,SSP5-8.5
2037-08-30,12.5923,27.191,90.027,9.283,253.66,SSP5-8.5
2037-08-31,19.1739,26.668,94.296,12.821,193.85,SSP5-8.5
2037-09-01,3.6742,26.565,91.15,12.121,211.91,SSP5-8.5
2037-09-02,0.0,27.199,86.216,8.796,282.26,SSP5-8.5
2037-09-03,0.0,27.476,85.956,7.747,266.68,SSP5-8.5
2037-09-04,0.084,27.44,87.469,8.03,261.11,SSP5-8.5
2037-09-05,0.0,27.485,86.577,10.195,258.75,SSP5-8.5
2037-09-06,0.4989,26.756,88.655,12.341,230.84,SSP5-8.5
2037-09-07,20.4563,26.05,94.101,11.364,172.25,SSP5-8.5
2037-09-08,0.0,26.746,88.627,12.372,232.53,SSP5-8.5
2037-09-09,0.0,27.076,84.702,13.124,269.78,SSP5-8.5
2037-09-10,0.0,27.207,82.756,11.921,268.96,SSP5-8.5
2037-09-11,0.0,27.195,82.942,10.703,259.45,SSP5-8.5
2037-09-12,0.0,27.149,81.741,12.018,265.9,SSP5-8.5
2037-09-13,0.0,27.222,80.597,11.71,272.74,SSP5-8.5
2037-09-14,0.0,27.216,82.036,9.754,269.88,SSP5-8.5
2037-09-15,0.0,27.358,81.918,7.49,257.7,SSP5-8.5
2037-09-16,0.0654,27.348,86.68,6.447,253.51,SSP5-8.5
2037-09-17,14.9475,26.886,91.818,5.332,212.0,SSP5-8.5
2037-09-18,2.4436,27.003,89.53,3.315,235.5,SSP5-8.5
2037-09-19,0.041,27.303,85.915,3.477,252.5,SSP5-8.5
2037-09-20,0.0,27.349,87.005,3.222,248.22,SSP5-8.5
2037-09-21,0.1211,27.572,86.992,4.98,242.26,SSP5-8.5
2037-09-22,0.0,28.029,84.774,6.452,253.92,SSP5-8.5
2037-09-23,0.0,28.628,81.979,4.564,261.85,SSP5-8.5
2037-09-24,2.6234,28.317,84.829,5.894,255.54,SSP5-8.5
2037-09-25,7.876,27.188,87.979,7.452,219.48,SSP5-8.5
2037-09-26,42.1782,26.498,90.373,12.343,205.73,SSP5-8.5
2037-09-27,95.2161,25.788,95.967,10.43,147.48,SSP5-8.5
2037-09-28,16.8174,25.73,95.831,6.571,162.84,SSP5-8.5
2037-09-29,11.938,26.399,92.745,3.859,218.74,SSP5-8.5
2037-09-30,4.8515,26.717,90.812,2.362,220.78,SSP5-8.5
2037-10-01,0.0,26.74,85.756,8.215,256.0,SSP5-8.5
2037-10-02,0.0,26.433,86.286,9.362,236.47,SSP5-8.5
2037-10-03,10.5984,26.424,88.058,11.688,235.78,SSP5-8.5
2037-10-04,0.0472,26.695,84.82,14.488,252.57,SSP5-8.5
2037-10-05,0.3883,26.543,85.064,14.657,228.97,SSP5-8.5
2037-10-06,7.5546,26.316,88.303,11.903,213.84,SSP5-8.5
2037-10-07,0.4139,26.526,84.42,12.85,235.55,SSP5-8.5
2037-10-08,11.5015,25.895,89.921,10.844,202.51,SSP5-8.5
2037-10-09,30.1235,25.621,93.19,12.568,142.0,SSP5-8.5
2037-10-10,12.8758,25.892,92.029,9.865,178.92,SSP5-8.5
2037-10-11,0.0,25.964,83.815,13.425,218.88,SSP5-8.5
2037-10-12,0.0,25.856,81.031,13.612,239.26,SSP5-8.5
2037-10-13,0.0,25.766,82.557,11.876,239.92,SSP5-8.5
2037-10-14,0.0,25.758,80.461,11.434,276.91,SSP5-8.5
2037-10-15,0.0,25.745,83.183,9.507,237.55,SSP5-8.5
2037-10-16,0.0,25.894,76.344,7.449,284.21,SSP5-8.5
2037-10-17,0.0,25.448,74.47,7.524,277.45,SSP5-8.5
2037-10-18,0.0,25.066,70.31,8.164,271.14,SSP5-8.5
2037-10-19,0.0,24.209,66.02,8.926,275.6,SSP5-8.5
2037-10-20,0.0,23.943,65.16,7.994,274.07,SSP5-8.5
2037-10-21,0.0,23.793,63.259,5.94,268.17,SSP5-8.5
2037-10-22,0.0,23.962,62.929,4.586,266.78,SSP5-8.5
2037-10-23,0.0,23.881,72.191,3.659,261.08,SSP5-8.5
2037-10-24,0.0,24.653,77.399,3.49,250.41,SSP5-8.5
2037-10-25,0.0,25.096,75.695,4.687,251.08,SSP5-8.5
2037-10-26,0.0,25.269,80.174,4.388,247.05,SSP5-8.5
2037-10-27,0.0,25.202,81.282,4.637,243.9,SSP5-8.5
2037-10-28,0.0,25.693,82.524,5.978,235.18,SSP5-8.5
2037-10-29,0.0,25.824,80.515,7.537,246.41,SSP5-8.5
2037-10-30,0.0,24.958,82.081,7.348,243.46,SSP5-8.5
2037-10-31,0.0,24.751,82.485,8.726,250.46,SSP5-8.5
2037-11-01,0.0,25.167,83.04,6.403,238.69,SSP5-8.5
2037-11-02,0.0,25.087,82.683,6.376,234.61,SSP5-8.5
2037-11-03,0.0,25.122,82.567,4.636,229.84,SSP5-8.5
2037-11-04,0.0098,25.198,82.438,5.731,221.09,SSP5-8.5
2037-11-05,0.0,25.147,82.816,6.218,224.29,SSP5-8.5
2037-11-06,0.0,25.17,79.412,5.705,236.32,SSP5-8.5
2037-11-07,0.0,23.79,63.32,7.446,247.75,SSP5-8.5
2037-11-08,0.0,23.517,62.192,7.872,252.66,SSP5-8.5
2037-11-09,0.0,23.555,75.808,8.18,245.01,SSP5-8.5
2037-11-10,0.0,23.661,67.523,8.191,247.82,SSP5-8.5
2037-11-11,0.1768,23.731,80.019,7.678,196.95,SSP5-8.5
2037-11-12,0.0441,24.774,78.466,6.955,235.57,SSP5-8.5
2037-11-13,0.0,24.863,77.357,6.214,229.29,SSP5-8.5
2037-11-14,0.0,24.452,76.693,5.267,241.23,SSP5-8.5
2037-11-15,0.0,24.284,76.048,6.655,244.15,SSP5-8.5
2037-11-16,0.0,24.177,70.776,6.893,243.59,SSP5-8.5
2037-11-17,0.0,24.051,66.627,4.307,242.67,SSP5-8.5
2037-11-18,0.0,24.117,62.659,4.723,239.95,SSP5-8.5
2037-11-19,0.0,24.303,68.427,4.453,231.6,SSP5-8.5
2037-11-20,0.0,24.433,61.885,4.518,234.39,SSP5-8.5
2037-11-21,0.0,24.056,55.721,3.016,236.99,SSP5-8.5
2037-11-22,0.0,23.681,57.069,5.048,235.52,SSP5-8.5
2037-11-23,0.0,23.359,56.386,3.941,239.06,SSP5-8.5
2037-11-24,0.0,22.93,53.253,6.009,239.17,SSP5-8.5
2037-11-25,0.0,22.396,52.152,4.763,227.73,SSP5-8.5
2037-11-26,0.0,22.564,60.195,6.647,241.42,SSP5-8.5
2037-11-27,0.0,22.504,61.991,7.777,231.61,SSP5-8.5
2037-11-28,0.0,21.98,53.567,9.722,202.39,SSP5-8.5
2037-11-29,0.0,21.445,46.591,10.516,238.74,SSP5-8.5
2037-11-30,0.0,21.289,49.483,9.711,223.38,SSP5-8.5
2037-12-01,0.0,21.514,57.019,8.81,208.11,SSP5-8.5
2037-12-02,0.0,22.185,60.734,8.976,220.11,SSP5-8.5
2037-12-03,0.0,22.796,60.837,9.422,235.18,SSP5-8.5
2037-12-04,0.0,23.275,67.702,9.455,195.8,SSP5-8.5
2037-12-05,0.0009,23.632,65.92,8.563,194.5,SSP5-8.5
2037-12-06,0.0,22.923,55.386,7.134,218.15,SSP5-8.5
2037-12-07,0.0,21.628,44.266,7.987,234.54,SSP5-8.5
2037-12-08,0.0,21.011,38.145,8.36,247.48,SSP5-8.5
2037-12-09,0.0,20.642,40.484,8.039,217.72,SSP5-8.5
2037-12-10,0.0,20.268,39.742,8.811,246.12,SSP5-8.5
2037-12-11,0.0,20.513,42.925,8.932,226.14,SSP5-8.5
2037-12-12,0.0,21.807,56.929,10.118,218.68,SSP5-8.5
2037-12-13,0.0,23.719,63.776,9.396,221.08,SSP5-8.5
2037-12-14,0.0,23.344,75.176,7.973,168.5,SSP5-8.5
2037-12-15,0.0,23.399,76.882,7.564,169.45,SSP5-8.5
2037-12-16,0.0,23.773,72.215,7.636,184.25,SSP5-8.5
2037-12-17,0.0,23.616,72.802,6.071,176.09,SSP5-8.5
2037-12-18,0.0,24.161,63.425,5.497,207.94,SSP5-8.5
2037-12-19,0.0,24.409,58.814,4.983,229.18,SSP5-8.5
2037-12-20,0.0,24.308,56.639,5.039,228.87,SSP5-8.5
2037-12-21,0.0,24.265,53.883,5.972,231.37,SSP5-8.5
2037-12-22,0.0,23.247,63.193,10.145,210.85,SSP5-8.5
2037-12-23,0.0,22.987,58.058,9.441,193.53,SSP5-8.5
2037-12-24,0.0,22.507,75.016,9.964,160.99,SSP5-8.5
2037-12-25,0.0,22.506,53.914,9.976,225.32,SSP5-8.5
2037-12-26,0.0,22.501,49.003,9.357,220.05,SSP5-8.5
2037-12-27,0.0,22.632,51.008,10.312,223.04,SSP5-8.5
2037-12-28,0.0,22.295,47.453,9.122,238.23,SSP5-8.5
2037-12-29,0.0,22.46,50.115,8.548,208.25,SSP5-8.5
2037-12-30,0.0,22.17,52.407,9.098,199.08,SSP5-8.5
2037-12-31,0.0,22.088,50.789,7.774,235.2,SSP5-8.5
2038-01-01,0.0,21.951,52.428,5.752,224.08,SSP5-8.5
2038-01-02,0.0,21.85,50.877,4.401,236.37,SSP5-8.5
2038-01-03,0.0,21.819,49.527,5.389,229.95,SSP5-8.5
2038-01-04,0.0,21.991,49.081,6.095,231.08,SSP5-8.5
2038-01-05,0.0,21.827,49.225,8.549,237.71,SSP5-8.5
2038-01-06,0.0,21.901,49.239,8.373,246.28,SSP5-8.5
2038-01-07,0.0,22.386,60.071,9.501,191.02,SSP5-8.5
2038-01-08,0.0,22.7,55.588,8.673,220.1,SSP5-8.5
2038-01-09,0.0,23.47,43.747,10.72,244.85,SSP5-8.5
2038-01-10,0.0,22.35,53.895,8.127,228.91,SSP5-8.5
2038-01-11,0.0,22.5,55.409,7.344,197.29,SSP5-8.5
2038-01-12,0.0,22.007,46.402,8.19,228.9,SSP5-8.5
2038-01-13,0.0,21.895,44.075,8.316,249.49,SSP5-8.5
2038-01-14,0.0,22.011,45.512,8.173,250.37,SSP5-8.5
2038-01-15,0.0,21.876,48.136,7.129,234.03,SSP5-8.5
2038-01-16,0.0,22.005,51.869,6.706,226.09,SSP5-8.5
2038-01-17,0.0,22.446,48.481,6.286,231.98,SSP5-8.5
2038-01-18,0.0,22.708,47.479,6.664,249.43,SSP5-8.5
2038-01-19,0.0,22.32,40.97,8.448,254.35,SSP5-8.5
2038-01-20,0.0,22.081,39.317,7.344,261.08,SSP5-8.5
2038-01-21,0.0,22.169,47.108,7.287,250.02,SSP5-8.5
2038-01-22,0.0,22.798,50.667,9.76,230.76,SSP5-8.5
2038-01-23,0.0,23.024,48.614,7.097,250.8,SSP5-8.5
2038-01-24,0.0,22.902,47.588,5.946,259.37,SSP5-8.5
2038-01-25,0.0,23.225,47.566,5.199,258.44,SSP5-8.5
2038-01-26,0.0,23.85,46.286,4.495,259.78,SSP5-8.5
2038-01-27,0.0,24.252,45.692,6.179,262.74,SSP5-8.5
2038-01-28,0.0,24.583,46.268,9.736,265.42,SSP5-8.5
2038-01-29,0.0,24.254,48.539,8.959,263.37,SSP5-8.5
2038-01-30,0.0,23.964,47.483,8.826,272.64,SSP5-8.5
2038-01-31,0.0,24.537,46.031,7.633,266.38,SSP5-8.5
2038-02-01,0.0,23.999,48.352,6.862,228.77,SSP5-8.5
2038-02-02,0.0,24.146,46.68,7.356,251.1,SSP5-8.5
2038-02-03,0.0,24.428,47.397,6.963,247.24,SSP5-8.5
2038-02-04,0.0,25.023,50.056,6.385,250.74,SSP5-8.5
2038-02-05,0.0,25.476,49.876,8.72,254.47,SSP5-8.5
2038-02-06,0.0,25.491,48.689,5.796,263.13,SSP5-8.5
2038-02-07,0.0,25.615,47.745,5.934,268.46,SSP5-8.5
2038-02-08,0.0,25.759,46.156,7.236,253.85,SSP5-8.5
2038-02-09,0.0,25.876,46.225,6.7,250.76,SSP5-8.5
2038-02-10,0.0,25.728,42.205,4.937,272.55,SSP5-8.5
2038-02-11,0.0,25.537,40.887,6.49,276.47,SSP5-8.5
2038-02-12,0.0,25.637,41.503,9.728,277.64,SSP5-8.5
2038-02-13,0.0,24.676,37.342,10.227,286.93,SSP5-8.5
2038-02-14,0.0,24.431,39.479,8.659,293.38,SSP5-8.5
2038-02-15,0.0,25.436,41.436,5.989,284.24,SSP5-8.5
2038-02-16,0.0,24.913,47.067,7.539,262.42,SSP5-8.5
2038-02-17,0.0,25.037,36.425,4.926,284.33,SSP5-8.5
2038-02-18,0.0,24.833,37.632,5.36,281.78,SSP5-8.5
2038-02-19,0.0027,24.355,61.149,7.225,174.21,SSP5-8.5
2038-02-20,0.0123,23.893,75.249,8.213,183.55,SSP5-8.5
2038-02-21,0.0,25.484,46.211,5.734,285.71,SSP5-8.5
2038-02-22,0.0,25.336,35.54,4.733,296.71,SSP5-8.5
2038-02-23,0.0,26.327,36.685,11.333,291.09,SSP5-8.5
2038-02-24,0.0,26.418,36.744,14.474,286.82,SSP5-8.5
2038-02-25,0.0,26.207,39.921,12.77,297.83,SSP5-8.5
2038-02-26,0.0,26.286,38.288,9.781,310.71,SSP5-8.5
2038-02-27,0.0,26.524,39.364,7.271,300.91,SSP5-8.5
2038-02-28,0.0,26.689,38.379,6.178,272.73,SSP5-8.5
2038-03-01,0.0,27.083,37.756,5.064,274.96,SSP5-8.5
2038-03-02,0.0,27.516,37.236,4.328,286.6,SSP5-8.5
2038-03-03,0.0,27.546,32.838,4.988,306.49,SSP5-8.5
2038-03-04,0.0,27.344,33.616,4.959,313.45,SSP5-8.5
2038-03-05,0.0,27.68,35.321,7.946,316.67,SSP5-8.5
2038-03-06,0.0,28.286,35.317,9.234,314.36,SSP5-8.5
2038-03-07,0.0,28.235,34.52,6.303,309.78,SSP5-8.5
2038-03-08,0.0,28.392,30.446,9.883,308.47,SSP5-8.5
2038-03-09,0.0,28.884,29.775,11.598,302.49,SSP5-8.5
2038-03-10,0.0,25.906,41.462,7.179,199.41,SSP5-8.5
2038-03-11,0.0,27.533,37.471,6.409,300.44,SSP5-8.5
2038-03-12,0.0,26.537,25.342,11.102,333.01,SSP5-8.5
2038-03-13,0.0,26.146,23.151,10.317,351.58,SSP5-8.5
2038-03-14,0.0,25.903,24.598,7.079,348.28,SSP5-8.5
2038-03-15,0.0,26.28,25.162,6.737,338.41,SSP5-8.5
2038-03-16,0.0,26.726,27.113,5.828,332.15,SSP5-8.5
2038-03-17,0.0,27.928,29.2,6.585,326.42,SSP5-8.5
2038-03-18,0.0,29.079,31.689,8.383,321.98,SSP5-8.5
2038-03-19,0.0,29.551,34.362,9.331,319.31,SSP5-8.5
2038-03-20,0.0,29.64,34.375,10.065,314.38,SSP5-8.5
2038-03-21,0.0,29.572,32.766,10.199,316.16,SSP5-8.5
2038-03-22,0.0,29.544,32.296,11.615,320.33,SSP5-8.5
2038-03-23,0.0,29.646,30.901,11.363,321.72,SSP5-8.5
2038-03-24,0.0,29.711,30.372,8.464,319.74,SSP5-8.5
2038-03-25,0.0,29.957,29.686,6.923,309.62,SSP5-8.5
2038-03-26,0.0,29.992,28.008,6.867,321.03,SSP5-8.5
2038-03-27,0.0,29.743,27.589,6.834,326.84,SSP5-8.5
2038-03-28,0.0,29.837,27.738,6.365,326.48,SSP5-8.5
2038-03-29,0.0,30.189,32.227,7.77,325.34,SSP5-8.5
2038-03-30,0.0,30.765,33.984,9.866,314.19,SSP5-8.5
2038-03-31,0.0005,31.031,34.354,10.291,308.53,SSP5-8.5
2038-04-01,0.0024,28.722,48.409,7.139,226.56,SSP5-8.5
2038-04-02,0.0003,31.257,33.271,10.056,314.28,SSP5-8.5
2038-04-03,0.0,31.259,30.938,7.112,314.44,SSP5-8.5
2038-04-04,0.0,31.08,28.417,8.573,320.55,SSP5-8.5
2038-04-05,0.0002,31.438,29.353,6.11,308.37,SSP5-8.5
2038-04-06,0.0,31.521,30.869,4.798,273.56,SSP5-8.5
2038-04-07,0.0,31.333,28.222,6.402,321.04,SSP5-8.5
2038-04-08,0.0,31.956,26.603,4.793,327.74,SSP5-8.5
2038-04-09,0.0,31.772,28.584,5.748,328.37,SSP5-8.5
2038-04-10,0.0,32.161,30.717,9.574,323.48,SSP5-8.5
2038-04-11,0.0008,32.34,31.058,11.998,281.66,SSP5-8.5
2038-04-12,0.0031,30.236,37.513,6.487,259.97,SSP5-8.5
2038-04-13,0.0,31.464,30.478,6.261,313.02,SSP5-8.5
2038-04-14,0.0,32.355,27.679,6.214,324.99,SSP5-8.5
2038-04-15,0.0,32.432,26.555,5.929,325.87,SSP5-8.5
2038-04-16,0.0,32.025,25.641,6.266,344.34,SSP5-8.5
2038-04-17,0.0,32.107,28.763,7.633,332.36,SSP5-8.5
2038-04-18,0.0,32.95,28.776,8.109,324.58,SSP5-8.5
2038-04-19,0.0,33.333,26.91,7.498,327.0,SSP5-8.5
2038-04-20,0.0,33.658,25.082,7.309,339.23,SSP5-8.5
2038-04-21,0.0,33.873,25.869,6.927,337.78,SSP5-8.5
2038-04-22,0.0,33.397,33.496,10.97,302.95,SSP5-8.5
2038-04-23,0.0,33.207,32.836,10.667,279.93,SSP5-8.5
2038-04-24,0.0,32.878,30.102,8.409,277.0,SSP5-8.5
2038-04-25,0.0,33.268,29.81,8.336,275.59,SSP5-8.5
2038-04-26,0.0,33.522,29.001,6.534,267.63,SSP5-8.5
2038-04-27,0.0,33.472,24.359,12.706,266.22,SSP5-8.5
2038-04-28,0.0,33.827,24.14,16.135,252.34,SSP5-8.5
2038-04-29,0.0,33.866,24.794,15.574,250.78,SSP5-8.5
2038-04-30,0.0,34.55,25.408,14.259,278.44,SSP5-8.5
2038-05-01,0.0,34.252,23.34,15.785,323.62,SSP5-8.5
2038-05-02,0.0,34.789,22.631,15.275,301.84,SSP5-8.5
2038-05-03,0.0,34.428,22.297,16.364,267.67,SSP5-8.5
2038-05-04,0.0,34.692,21.452,16.607,291.76,SSP5-8.5
2038-05-05,0.0,34.619,21.346,18.77,304.52,SSP5-8.5
2038-05-06,0.0435,32.894,29.135,13.966,215.68,SSP5-8.5
2038-05-07,0.0,33.337,28.003,16.512,251.28,SSP5-8.5
2038-05-08,0.0,34.023,25.305,16.085,255.67,SSP5-8.5
2038-05-09,0.0,34.754,23.118,16.095,335.62,SSP5-8.5
2038-05-10,0.0,34.798,22.106,13.625,339.36,SSP5-8.5
2038-05-11,0.0,34.714,22.189,10.847,332.43,SSP5-8.5
2038-05-12,0.0,34.56,23.556,12.119,322.28,SSP5-8.5
2038-05-13,0.0,34.568,24.267,8.304,325.11,SSP5-8.5
2038-05-14,0.3283,34.659,24.974,9.411,313.86,SSP5-8.5
2038-05-15,0.079,34.193,29.255,9.924,273.75,SSP5-8.5
2038-05-16,0.001,34.243,28.342,11.144,286.97,SSP5-8.5
2038-05-17,0.0,34.289,28.187,10.213,292.29,SSP5-8.5
2038-05-18,0.0464,34.451,27.399,7.913,311.75,SSP5-8.5
2038-05-19,0.0027,34.454,26.422,7.791,323.35,SSP5-8.5
2038-05-20,0.0,34.884,26.826,7.407,283.38,SSP5-8.5
2038-05-21,0.0843,34.833,28.494,7.694,283.14,SSP5-8.5
2038-05-22,0.9635,34.044,34.035,10.582,286.93,SSP5-8.5
2038-05-23,0.0028,33.907,34.191,11.424,287.3,SSP5-8.5
2038-05-24,0.0029,34.211,32.314,14.402,298.56,SSP5-8.5
2038-05-25,0.1623,33.796,33.164,15.463,275.59,SSP5-8.5
2038-05-26,0.0972,33.359,36.114,14.667,262.36,SSP5-8.5
2038-05-27,0.0768,32.615,46.24,15.081,241.61,SSP5-8.5
2038-05-28,0.2214,33.756,40.79,12.952,291.55,SSP5-8.5
2038-05-29,0.0159,33.771,38.578,13.639,292.86,SSP5-8.5
2038-05-30,6.9607,33.594,41.424,15.141,294.54,SSP5-8.5
2038-05-31,0.0022,31.558,43.087,11.255,274.17,SSP5-8.5
2038-06-01,0.0921,32.101,47.539,9.834,275.97,SSP5-8.5
2038-06-02,0.0,32.45,41.229,11.358,317.17,SSP5-8.5
2038-06-03,0.0,33.211,35.763,15.074,345.32,SSP5-8.5
2038-06-04,0.0,33.532,34.012,16.152,350.34,SSP5-8.5
2038-06-05,0.0,33.631,33.675,16.941,346.5,SSP5-8.5
2038-06-06,0.0,33.662,35.071,17.38,332.87,SSP5-8.5
2038-06-07,0.0,33.358,38.398,16.126,300.19,SSP5-8.5
2038-06-08,0.0,32.808,40.899,14.641,307.97,SSP5-8.5
2038-06-09,0.0,33.103,40.365,12.631,301.41,SSP5-8.5
2038-06-10,0.0,32.415,40.845,11.738,278.55,SSP5-8.5
2038-06-11,0.0152,34.04,38.369,11.171,297.07,SSP5-8.5
2038-06-12,0.0,34.032,36.237,11.034,295.93,SSP5-8.5
2038-06-13,0.0,32.966,38.514,13.462,282.1,SSP5-8.5
2038-06-14,11.5911,28.29,69.602,8.492,209.95,SSP5-8.5
2038-06-15,0.0,30.809,57.484,9.462,295.63,SSP5-8.5
2038-06-16,0.0,33.49,45.084,8.642,302.29,SSP5-8.5
2038-06-17,0.0841,34.11,43.468,11.145,286.28,SSP5-8.5
2038-06-18,0.0,32.665,45.472,14.726,287.64,SSP5-8.5
2038-06-19,0.0,30.299,51.957,15.171,261.78,SSP5-8.5
2038-06-20,0.2459,32.974,47.194,16.192,310.9,SSP5-8.5
2038-06-21,15.9729,29.031,65.301,12.576,247.08,SSP5-8.5
2038-06-22,1.2387,27.153,79.627,13.009,209.93,SSP5-8.5
2038-06-23,0.0,28.111,71.903,13.449,238.21,SSP5-8.5
2038-06-24,0.0,29.843,60.234,12.529,297.31,SSP5-8.5
2038-06-25,0.0,30.925,55.257,14.757,306.63,SSP5-8.5
2038-06-26,2.2929,27.772,73.039,13.918,209.89,SSP5-8.5
2038-06-27,0.5305,27.075,84.293,13.407,194.18,SSP5-8.5
2038-06-28,0.5501,27.708,77.854,14.332,224.83,SSP5-8.5
2038-06-29,0.6068,27.705,76.416,14.125,232.94,SSP5-8.5
2038-06-30,2.1885,28.513,74.579,14.542,273.59,SSP5-8.5
2038-07-01,0.035,28.235,73.076,14.518,256.9,SSP5-8.5
2038-07-02,0.4438,27.768,74.847,14.503,235.27,SSP5-8.5
2038-07-03,0.2616,27.099,78.001,14.117,219.38,SSP5-8.5
2038-07-04,0.0771,27.749,72.895,14.637,239.39,SSP5-8.5
2038-07-05,0.2328,28.466,70.864,14.722,280.23,SSP5-8.5
2038-07-06,0.0,27.968,71.018,13.758,239.39,SSP5-8.5
2038-07-07,1.494,28.046,74.278,13.151,237.89,SSP5-8.5
2038-07-08,2.7667,27.67,77.967,12.247,245.25,SSP5-8.5
2038-07-09,3.3562,26.434,87.565,10.46,201.03,SSP5-8.5
2038-07-10,19.502,26.024,90.704,11.296,191.68,SSP5-8.5
2038-07-11,16.0264,26.233,86.974,15.126,207.56,SSP5-8.5
2038-07-12,0.4253,26.659,82.919,15.925,219.45,SSP5-8.5
2038-07-13,0.1556,27.095,80.565,12.464,228.1,SSP5-8.5
2038-07-14,5.6828,26.446,87.05,12.163,206.72,SSP5-8.5
2038-07-15,0.7571,26.212,89.56,10.563,188.32,SSP5-8.5
2038-07-16,0.0349,27.267,81.525,11.357,241.9,SSP5-8.5
2038-07-17,0.7852,27.198,86.139,10.572,228.35,SSP5-8.5
2038-07-18,1.5906,27.196,87.484,8.68,223.79,SSP5-8.5
2038-07-19,15.2604,26.834,89.805,6.961,223.71,SSP5-8.5
2038-07-20,2.6637,27.37,87.41,5.063,253.05,SSP5-8.5
2038-07-21,0.0,27.304,88.033,4.934,224.27,SSP5-8.5
2038-07-22,0.0,27.816,84.157,7.751,252.93,SSP5-8.5
2038-07-23,0.0076,28.501,78.952,10.309,291.06,SSP5-8.5
2038-07-24,0.1064,27.779,83.857,6.747,236.44,SSP5-8.5
2038-07-25,12.9885,26.897,89.662,6.473,221.23,SSP5-8.5
2038-07-26,1.9886,27.988,85.147,5.904,246.53,SSP5-8.5
2038-07-27,14.8079,27.053,89.843,5.665,219.32,SSP5-8.5
2038-07-28,17.741,26.645,91.529,6.479,216.05,SSP5-8.5
2038-07-29,0.1651,27.994,82.223,8.662,272.36,SSP5-8.5
2038-07-30,10.5436,27.266,87.028,9.959,228.23,SSP5-8.5
2038-07-31,21.7642,26.003,91.418,11.502,188.85,SSP5-8.5
2038-08-01,8.9647,26.014,91.827,12.236,184.82,SSP5-8.5
2038-08-02,1.9446,25.921,92.01,12.692,194.38,SSP5-8.5
2038-08-03,3.6007,26.631,90.85,12.021,209.74,SSP5-8.5
2038-08-04,4.535,26.783,90.318,13.112,218.83,SSP5-8.5
2038-08-05,0.8573,26.87,88.793,13.828,221.02,SSP5-8.5
2038-08-06,0.0621,26.837,89.826,12.793,210.98,SSP5-8.5
2038-08-07,0.0176,27.384,86.05,14.154,241.33,SSP5-8.5
2038-08-08,3.1061,27.507,83.251,14.804,250.3,SSP5-8.5
2038-08-09,31.4885,25.996,93.182,13.61,174.34,SSP5-8.5
2038-08-10,2.9222,26.287,91.424,10.729,187.95,SSP5-8.5
2038-08-11,0.0,27.113,85.739,13.352,236.04,SSP5-8.5
2038-08-12,0.0,27.13,84.022,11.217,235.2,SSP5-8.5
2038-08-13,1.6211,27.322,84.181,11.393,240.21,SSP5-8.5
2038-08-14,0.0,26.569,88.884,11.827,214.6,SSP5-8.5
2038-08-15,0.0,27.086,83.536,10.755,253.34,SSP5-8.5
2038-08-16,0.0,27.626,83.615,10.131,237.22,SSP5-8.5
2038-08-17,0.0,27.707,82.288,8.829,257.04,SSP5-8.5
2038-08-18,0.0,27.273,88.183,7.533,222.07,SSP5-8.5
2038-08-19,0.0,27.806,81.177,9.22,278.41,SSP5-8.5
2038-08-20,0.0,28.088,80.542,10.209,252.5,SSP5-8.5
2038-08-21,0.0,27.705,80.581,9.978,239.59,SSP5-8.5
2038-08-22,0.0,27.85,77.953,11.368,264.53,SSP5-8.5
2038-08-23,0.0,28.215,74.667,12.853,282.81,SSP5-8.5
2038-08-24,0.0,28.46,72.154,13.189,288.18,SSP5-8.5
2038-08-25,0.0,28.094,75.013,12.358,274.06,SSP5-8.5
2038-08-26,0.0,28.573,72.257,11.19,274.85,SSP5-8.5
2038-08-27,0.0,28.631,75.225,9.89,276.99,SSP5-8.5
2038-08-28,0.0,28.632,77.968,7.998,247.94,SSP5-8.5
2038-08-29,0.7026,28.935,79.988,5.187,257.83,SSP5-8.5
2038-08-30,15.92,28.105,86.765,6.15,239.2,SSP5-8.5
2038-08-31,5.3234,27.891,84.718,8.674,243.11,SSP5-8.5
2038-09-01,0.0,27.772,81.701,9.588,255.9,SSP5-8.5
2038-09-02,38.5035,26.465,91.508,7.282,208.99,SSP5-8.5
2038-09-03,0.0864,26.836,90.25,5.26,231.39,SSP5-8.5
2038-09-04,15.6048,26.814,89.66,7.297,236.01,SSP5-8.5
2038-09-05,14.6208,26.79,90.079,7.494,230.77,SSP5-8.5
2038-09-06,6.6918,26.698,90.601,6.134,232.54,SSP5-8.5
2038-09-07,0.0512,27.458,83.081,10.048,266.39,SSP5-8.5
2038-09-08,1.0337,26.247,88.188,14.769,213.4,SSP5-8.5
2038-09-09,30.5351,25.086,92.702,12.594,154.4,SSP5-8.5
2038-09-10,0.7556,25.766,89.522,12.555,189.61,SSP5-8.5
2038-09-11,3.6039,25.437,89.794,13.869,189.12,SSP5-8.5
2038-09-12,7.078,25.51,93.165,10.943,182.24,SSP5-8.5
2038-09-13,0.5371,26.157,92.292,8.992,205.23,SSP5-8.5
2038-09-14,4.2892,26.716,90.105,9.842,228.82,SSP5-8.5
2038-09-15,0.0685,26.972,87.391,10.148,237.32,SSP5-8.5
2038-09-16,0.0,27.326,81.688,10.434,232.71,SSP5-8.5
2038-09-17,0.0,27.818,76.187,10.913,267.44,SSP5-8.5
2038-09-18,0.0,27.684,77.797,9.005,255.32,SSP5-8.5
2038-09-19,0.0,27.457,77.485,9.758,252.54,SSP5-8.5
2038-09-20,0.0,27.045,82.026,7.122,237.02,SSP5-8.5
2038-09-21,0.0,27.569,72.088,9.827,266.23,SSP5-8.5
2038-09-22,2.7517,27.596,75.709,7.578,241.07,SSP5-8.5
2038-09-23,20.2475,26.436,91.51,6.019,204.11,SSP5-8.5
2038-09-24,32.619,26.346,93.993,8.207,179.58,SSP5-8.5
2038-09-25,25.9514,26.21,92.14,11.826,202.34,SSP5-8.5
2038-09-26,16.7989,26.314,91.041,8.425,218.16,SSP5-8.5
2038-09-27,6.7682,26.518,88.881,7.322,225.57,SSP5-8.5
2038-09-28,4.9396,26.254,90.969,4.6,221.52,SSP5-8.5
2038-09-29,2.6964,26.332,89.133,3.86,229.55,SSP5-8.5
2038-09-30,3.1952,26.665,86.596,3.013,232.45,SSP5-8.5
2038-10-01,7.142,26.358,89.474,3.411,221.26,SSP5-8.5
2038-10-02,3.7396,26.29,89.662,3.809,222.24,SSP5-8.5
2038-10-03,0.0405,26.292,87.069,6.161,224.84,SSP5-8.5
2038-10-04,0.0508,26.373,84.095,6.82,237.43,SSP5-8.5
2038-10-05,0.0,26.795,78.751,5.798,253.73,SSP5-8.5
2038-10-06,1.4736,26.823,80.204,6.028,241.63,SSP5-8.5
2038-10-07,0.0734,27.019,81.956,6.297,236.34,SSP5-8.5
2038-10-08,0.0,27.012,77.771,6.937,262.72,SSP5-8.5
2038-10-09,0.0,26.525,83.085,6.868,234.58,SSP5-8.5
2038-10-10,0.0,26.332,83.474,5.479,217.75,SSP5-8.5
2038-10-11,0.0,26.637,79.199,4.759,239.67,SSP5-8.5
2038-10-12,0.0,27.172,74.922,4.05,224.95,SSP5-8.5
2038-10-13,2.8571,26.722,82.907,4.865,217.23,SSP5-8.5
2038-10-14,0.1062,27.126,76.529,5.276,227.54,SSP5-8.5
2038-10-15,0.0,27.215,74.084,4.369,221.79,SSP5-8.5
2038-10-16,0.0,27.705,60.899,7.599,220.76,SSP5-8.5
2038-10-17,7.8664,25.972,82.619,8.762,193.54,SSP5-8.5
2038-10-18,15.5729,26.015,85.049,8.245,192.05,SSP5-8.5
2038-10-19,0.304,26.24,81.846,7.161,196.09,SSP5-8.5
2038-10-20,0.0,27.144,61.967,10.115,224.04,SSP5-8.5
2038-10-21,0.0,26.674,59.843,9.991,232.49,SSP5-8.5
2038-10-22,0.0,26.108,65.902,9.254,210.24,SSP5-8.5
2038-10-23,0.0,26.135,55.247,8.27,254.27,SSP5-8.5
2038-10-24,0.0,25.552,55.125,5.384,223.56,SSP5-8.5
2038-10-25,0.0,25.731,60.477,5.063,216.81,SSP5-8.5
2038-10-26,0.0,26.241,65.69,4.998,232.37,SSP5-8.5
2038-10-27,0.1673,25.488,81.382,6.207,204.55,SSP5-8.5
2038-10-28,0.3518,25.741,80.712,5.97,196.85,SSP5-8.5
2038-10-29,0.0,27.029,70.641,4.405,222.5,SSP5-8.5
2038-10-30,0.0047,27.349,60.564,7.697,232.06,SSP5-8.5
2038-10-31,0.0,26.142,46.323,10.995,230.96,SSP5-8.5
2038-11-01,0.0,25.734,40.884,10.707,229.57,SSP5-8.5
2038-11-02,0.0,24.808,38.799,7.107,253.86,SSP5-8.5
2038-11-03,0.0,24.356,35.054,8.11,257.29,SSP5-8.5
2038-11-04,0.0,23.692,31.783,8.88,269.0,SSP5-8.5
2038-11-05,0.0,22.984,31.082,8.859,269.19,SSP5-8.5
2038-11-06,0.0,22.892,31.878,6.08,265.83,SSP5-8.5
2038-11-07,0.0,23.494,42.254,5.96,257.59,SSP5-8.5
2038-11-08,0.0,23.792,36.714,5.743,262.65,SSP5-8.5
2038-11-09,0.0,23.51,33.498,7.595,260.66,SSP5-8.5
2038-11-10,0.0,23.222,33.355,4.928,256.69,SSP5-8.5
2038-11-11,0.0,23.517,32.554,5.568,251.25,SSP5-8.5
2038-11-12,0.0,24.509,42.452,7.556,245.19,SSP5-8.5
2038-11-13,0.0,25.448,50.916,8.852,236.48,SSP5-8.5
2038-11-14,0.0,24.771,48.932,9.299,237.67,SSP5-8.5
2038-11-15,0.0,24.355,49.724,9.599,229.72,SSP5-8.5
2038-11-16,0.0,24.327,49.756,7.467,244.75,SSP5-8.5
2038-11-17,0.0,24.581,47.287,3.86,218.9,SSP5-8.5
2038-11-18,0.0,25.81,48.045,5.23,210.34,SSP5-8.5
2038-11-19,0.0,26.111,51.604,6.337,190.81,SSP5-8.5
2038-11-20,0.0,24.611,49.092,8.469,219.59,SSP5-8.5
2038-11-21,0.0,23.958,46.873,8.669,238.83,SSP5-8.5
2038-11-22,0.0,23.314,39.362,8.545,240.9,SSP5-8.5
2038-11-23,0.0,23.003,37.179,7.358,240.7,SSP5-8.5
2038-11-24,0.0,23.2,38.991,7.842,238.79,SSP5-8.5
2038-11-25,0.0,23.227,45.584,5.888,196.38,SSP5-8.5
2038-11-26,0.0,22.911,52.031,6.087,193.06,SSP5-8.5
2038-11-27,0.0,23.49,49.553,7.976,215.81,SSP5-8.5
2038-11-28,0.0,23.887,46.346,8.853,221.75,SSP5-8.5
2038-11-29,0.0,23.612,46.358,8.154,204.27,SSP5-8.5
2038-11-30,0.0,23.81,44.281,7.569,237.74,SSP5-8.5
2038-12-01,0.0,23.258,49.332,7.11,193.58,SSP5-8.5
2038-12-02,0.0,22.846,52.817,7.168,187.77,SSP5-8.5
2038-12-03,0.0,23.328,50.375,7.105,202.73,SSP5-8.5
2038-12-04,0.0,23.719,39.654,8.675,228.71,SSP5-8.5
2038-12-05,0.0,22.282,47.558,7.955,180.35,SSP5-8.5
2038-12-06,0.0,21.91,36.647,11.362,196.21,SSP5-8.5
2038-12-07,0.0,21.421,32.44,10.815,180.86,SSP5-8.5
2038-12-08,0.0,21.238,32.207,11.044,187.95,SSP5-8.5
2038-12-09,0.0,21.286,38.081,9.786,176.62,SSP5-8.5
2038-12-10,0.0,21.332,37.916,9.332,196.24,SSP5-8.5
2038-12-11,0.0,21.788,52.016,8.428,189.63,SSP5-8.5
2038-12-12,0.0,22.457,60.827,9.306,185.89,SSP5-8.5
2038-12-13,0.0,24.077,50.565,11.051,190.62,SSP5-8.5
2038-12-14,0.0,24.439,46.259,11.008,217.48,SSP5-8.5
2038-12-15,0.0,24.804,43.584,10.313,215.73,SSP5-8.5
2038-12-16,0.0,24.092,46.19,7.82,211.37,SSP5-8.5
2038-12-17,0.0,24.024,43.982,4.754,234.33,SSP5-8.5
2038-12-18,0.0,24.132,40.331,4.927,234.89,SSP5-8.5
2038-12-19,0.0,24.268,44.766,8.989,220.52,SSP5-8.5
2038-12-20,0.0,24.474,40.205,9.587,227.55,SSP5-8.5
2038-12-21,0.0,24.24,38.008,9.409,234.79,SSP5-8.5
2038-12-22,0.0,24.19,37.33,10.808,237.43,SSP5-8.5
2038-12-23,0.0,22.331,29.08,13.591,241.45,SSP5-8.5
2038-12-24,0.0,20.693,23.974,11.265,238.42,SSP5-8.5
2038-12-25,0.0,20.529,24.036,10.755,255.51,SSP5-8.5
2038-12-26,0.0,20.83,24.901,10.749,248.48,SSP5-8.5
2038-12-27,0.0,20.92,25.108,10.758,247.0,SSP5-8.5
2038-12-28,0.0,21.059,24.205,11.082,250.67,SSP5-8.5
2038-12-29,0.0,20.592,25.177,9.068,252.52,SSP5-8.5
2038-12-30,0.0,20.724,35.476,7.069,244.13,SSP5-8.5
2038-12-31,0.0,21.82,37.123,7.559,241.3,SSP5-8.5
2039-01-01,0.0,21.837,35.367,7.621,247.73,SSP5-8.5
2039-01-02,0.0,21.801,35.859,8.579,246.81,SSP5-8.5
2039-01-03,0.0,21.599,33.701,9.534,237.22,SSP5-8.5
2039-01-04,0.0,21.734,37.157,7.552,251.0,SSP5-8.5
2039-01-05,0.0,22.136,35.36,7.084,252.52,SSP5-8.5
2039-01-06,0.0,22.404,30.964,9.18,250.23,SSP5-8.5
2039-01-07,0.0,22.576,33.683,8.337,250.46,SSP5-8.5
2039-01-08,0.0,23.048,40.147,11.028,241.38,SSP5-8.5
2039-01-09,0.0,24.261,40.925,8.934,237.02,SSP5-8.5
2039-01-10,0.0,24.534,40.607,8.645,237.28,SSP5-8.5
2039-01-11,0.0,25.496,42.485,12.648,206.03,SSP5-8.5
2039-01-12,0.0,24.588,40.208,11.583,226.51,SSP5-8.5
2039-01-13,0.0,24.209,40.82,8.182,248.75,SSP5-8.5
2039-01-14,0.0,24.406,39.077,9.626,248.27,SSP5-8.5
2039-01-15,0.0,24.908,37.946,12.772,249.19,SSP5-8.5
2039-01-16,0.0,25.359,39.232,11.01,240.8,SSP5-8.5
2039-01-17,0.0,25.084,40.478,9.521,247.18,SSP5-8.5
2039-01-18,0.0,24.811,39.049,11.277,245.89,SSP5-8.5
2039-01-19,0.0,24.624,38.695,12.144,245.73,SSP5-8.5
2039-01-20,0.0,24.785,37.786,10.876,254.68,SSP5-8.5
2039-01-21,0.0,24.89,36.456,9.705,254.57,SSP5-8.5
2039-01-22,0.0,26.123,36.864,12.329,248.98,SSP5-8.5
2039-01-23,0.0,25.796,40.788,15.278,220.35,SSP5-8.5
2039-01-24,0.0,25.946,37.883,15.423,244.38,SSP5-8.5
2039-01-25,0.0,25.682,34.955,14.959,255.25,SSP5-8.5
2039-01-26,0.0,25.91,37.116,12.151,260.47,SSP5-8.5
2039-01-27,0.0,25.941,38.693,11.125,261.49,SSP5-8.5
2039-01-28,0.0,25.945,38.476,10.309,260.04,SSP5-8.5
2039-01-29,0.0,25.646,36.907,10.385,260.23,SSP5-8.5
2039-01-30,0.0,25.774,38.2,13.201,254.2,SSP5-8.5
2039-01-31,0.0,26.731,36.909,11.553,261.59,SSP5-8.5
2039-02-01,0.0,26.431,33.353,9.803,258.49,SSP5-8.5
2039-02-02,0.0,27.35,31.573,8.354,248.86,SSP5-8.5
2039-02-03,0.0,27.004,24.894,10.967,266.57,SSP5-8.5
2039-02-04,0.0,24.569,16.183,15.659,273.07,SSP5-8.5
2039-02-05,0.0,23.211,12.978,14.84,301.27,SSP5-8.5
2039-02-06,0.0,22.622,16.221,11.787,289.18,SSP5-8.5
2039-02-07,0.0,23.339,20.61,9.743,290.61,SSP5-8.5
2039-02-08,0.0,24.925,28.25,8.585,278.33,SSP5-8.5
2039-02-09,0.0,25.446,27.66,9.743,282.38,SSP5-8.5
2039-02-10,0.0,25.571,27.988,8.829,280.1,SSP5-8.5
2039-02-11,0.0,25.946,24.452,8.267,282.33,SSP5-8.5
2039-02-12,0.0,26.027,22.941,8.841,288.2,SSP5-8.5
2039-02-13,0.0,26.232,24.588,10.325,286.27,SSP5-8.5
2039-02-14,0.0,26.45,23.509,8.677,287.16,SSP5-8.5
2039-02-15,0.0,26.401,24.156,8.332,289.49,SSP5-8.5
2039-02-16,0.0,26.578,25.047,9.384,290.72,SSP5-8.5
2039-02-17,0.0,27.683,25.518,11.614,291.67,SSP5-8.5
2039-02-18,0.0,27.772,23.755,12.903,283.6,SSP5-8.5
2039-02-19,0.0,27.705,22.478,14.104,295.15,SSP5-8.5
2039-02-20,0.0,27.503,23.982,12.321,294.55,SSP5-8.5
2039-02-21,0.0,27.307,25.79,10.505,291.79,SSP5-8.5
2039-02-22,0.0,27.431,25.118,10.941,293.51,SSP5-8.5
2039-02-23,0.0,27.735,25.649,10.416,289.39,SSP5-8.5
2039-02-24,0.0,28.106,23.386,9.086,282.76,SSP5-8.5
2039-02-25,0.0,27.804,24.072,9.099,290.28,SSP5-8.5
2039-02-26,0.0,28.328,18.967,11.37,293.56,SSP5-8.5
2039-02-27,0.0,28.457,19.426,9.879,278.78,SSP5-8.5
2039-02-28,0.0,28.189,20.506,7.084,301.96,SSP5-8.5
2039-03-01,0.0,27.344,19.377,5.976,308.25,SSP5-8.5
2039-03-02,0.0,27.304,19.294,7.912,309.93,SSP5-8.5
2039-03-03,0.0,28.774,19.121,11.973,310.05,SSP5-8.5
2039-03-04,0.0,28.899,19.518,10.794,308.77,SSP5-8.5
2039-03-05,0.0,28.133,21.705,9.701,307.83,SSP5-8.5
2039-03-06,0.0,29.361,23.69,11.853,300.52,SSP5-8.5
2039-03-07,0.0,29.822,24.193,12.71,301.63,SSP5-8.5
2039-03-08,0.0,29.729,25.788,14.287,302.39,SSP5-8.5
2039-03-09,0.0,30.599,27.528,13.686,287.55,SSP5-8.5
2039-03-10,0.024,31.003,29.367,13.791,255.57,SSP5-8.5
2039-03-11,0.1031,28.443,33.702,12.919,203.54,SSP5-8.5
2039-03-12,0.0169,29.017,33.889,9.218,289.12,SSP5-8.5
2039-03-13,0.1253,30.039,33.421,6.628,249.51,SSP5-8.5
2039-03-14,0.3434,25.296,57.3,7.286,167.78,SSP5-8.5
2039-03-15,0.0119,28.779,32.142,6.524,303.47,SSP5-8.5
2039-03-16,0.1853,29.821,36.471,7.589,263.95,SSP5-8.5
2039-03-17,0.6663,29.926,42.15,5.659,259.58,SSP5-8.5
2039-03-18,0.0,29.86,37.311,4.817,247.15,SSP5-8.5
2039-03-19,0.0,29.389,36.639,4.047,224.4,SSP5-8.5
2039-03-20,0.0,30.14,27.127,6.288,284.55,SSP5-8.5
2039-03-21,0.0,30.705,24.101,6.904,314.1,SSP5-8.5
2039-03-22,0.0,29.997,22.399,5.987,302.46,SSP5-8.5
2039-03-23,0.0,30.485,20.378,7.482,245.06,SSP5-8.5
2039-03-24,0.0,29.238,13.501,8.515,335.24,SSP5-8.5
2039-03-25,0.0,28.784,16.328,5.43,336.99,SSP5-8.5
2039-03-26,0.0,29.139,19.184,7.215,331.76,SSP5-8.5
2039-03-27,0.0,30.282,21.835,10.412,312.74,SSP5-8.5
2039-03-28,0.0,31.846,21.242,10.397,295.67,SSP5-8.5
2039-03-29,0.0,32.13,22.123,8.446,278.49,SSP5-8.5
2039-03-30,0.0,31.381,22.313,9.386,308.01,SSP5-8.5
2039-03-31,0.0,32.011,21.482,8.396,312.15,SSP5-8.5
2039-04-01,0.0,33.466,21.805,7.302,268.66,SSP5-8.5
2039-04-02,0.0,32.743,22.075,9.5,311.23,SSP5-8.5
2039-04-03,0.0013,32.614,24.224,13.16,244.18,SSP5-8.5
2039-04-04,0.0,32.774,24.946,14.062,313.08,SSP5-8.5
2039-04-05,0.0014,33.134,23.834,12.926,301.64,SSP5-8.5
2039-04-06,0.0033,33.121,25.705,13.033,249.02,SSP5-8.5
2039-04-07,0.0042,33.585,27.125,11.702,255.1,SSP5-8.5
2039-04-08,0.0241,33.434,25.851,14.406,317.67,SSP5-8.5
2039-04-09,0.0,33.192,23.265,11.491,316.71,SSP5-8.5
2039-04-10,0.0,33.566,20.342,10.641,314.02,SSP5-8.5
2039-04-11,0.0,34.03,20.517,11.484,312.86,SSP5-8.5
2039-04-12,0.0,33.542,23.059,12.468,270.04,SSP5-8.5
2039-04-13,0.0058,33.032,23.787,11.521,272.12,SSP5-8.5
2039-04-14,0.0,33.165,24.207,7.273,269.06,SSP5-8.5
2039-04-15,0.0,33.507,22.855,6.128,268.07,SSP5-8.5
2039-04-16,0.0,33.888,21.603,7.439,274.12,SSP5-8.5
2039-04-17,0.1791,29.077,27.907,9.144,199.15,SSP5-8.5
2039-04-18,0.0,32.348,25.656,7.814,239.58,SSP5-8.5
2039-04-19,0.0,33.347,21.134,5.837,324.54,SSP5-8.5
2039-04-20,0.0,33.411,20.035,7.766,334.85,SSP5-8.5
2039-04-21,0.0,34.209,19.405,6.877,333.35,SSP5-8.5
2039-04-22,0.0,34.871,20.634,8.303,331.51,SSP5-8.5
2039-04-23,0.0,35.338,22.363,10.888,321.02,SSP5-8.5
2039-04-24,0.0,35.71,22.0,11.409,296.52,SSP5-8.5
2039-04-25,0.0,35.493,18.79,8.674,338.06,SSP5-8.5
2039-04-26,0.0,35.484,16.843,6.93,349.43,SSP5-8.5
2039-04-27,0.0,35.317,14.452,9.141,364.98,SSP5-8.5
2039-04-28,0.0,35.103,14.652,7.543,362.85,SSP5-8.5
2039-04-29,0.0,35.227,16.89,7.558,357.77,SSP5-8.5
2039-04-30,0.0,35.059,24.726,11.588,257.97,SSP5-8.5
2039-05-01,0.0283,34.836,23.608,12.105,296.43,SSP5-8.5
2039-05-02,0.0187,34.41,25.049,8.078,257.75,SSP5-8.5
2039-05-03,0.0,34.701,23.897,8.507,278.99,SSP5-8.5
2039-05-04,0.0,34.35,22.517,11.815,331.5,SSP5-8.5
2039-05-05,0.0,34.683,23.203,12.813,334.15,SSP5-8.5
2039-05-06,0.0,34.797,22.863,12.211,330.97,SSP5-8.5
2039-05-07,0.0,34.622,21.655,10.483,324.4,SSP5-8.5
2039-05-08,0.0,35.308,24.086,10.234,276.11,SSP5-8.5
2039-05-09,0.0,35.233,25.193,9.898,261.32,SSP5-8.5
2039-05-10,0.0014,35.129,24.773,7.587,275.76,SSP5-8.5
2039-05-11,0.4944,34.757,27.667,8.737,290.73,SSP5-8.5
2039-05-12,0.0351,34.382,29.88,8.478,281.35,SSP5-8.5
2039-05-13,0.0252,34.345,29.597,6.034,260.02,SSP5-8.5
2039-05-14,0.0002,34.524,28.409,6.416,262.93,SSP5-8.5
2039-05-15,0.2836,35.029,27.45,7.466,280.34,SSP5-8.5
2039-05-16,0.0276,34.917,25.059,5.833,296.13,SSP5-8.5
2039-05-17,0.4215,34.981,24.8,4.665,292.32,SSP5-8.5
2039-05-18,4.0967,34.407,30.997,7.55,285.2,SSP5-8.5
2039-05-19,0.3285,33.663,37.621,6.727,263.82,SSP5-8.5
2039-05-20,0.0608,33.958,34.881,6.271,265.36,SSP5-8.5
2039-05-21,0.0827,33.564,35.898,11.186,263.13,SSP5-8.5
2039-05-22,0.0,34.048,30.114,14.018,305.67,SSP5-8.5
2039-05-23,0.0,34.68,25.035,12.066,312.07,SSP5-8.5
2039-05-24,0.0,35.538,22.781,13.654,330.94,SSP5-8.5
2039-05-25,0.0,35.82,23.576,12.329,325.5,SSP5-8.5
2039-05-26,0.0877,33.462,30.191,11.249,227.3,SSP5-8.5
2039-05-27,0.0539,33.278,33.659,12.181,236.72,SSP5-8.5
2039-05-28,0.1314,35.094,29.008,13.673,318.23,SSP5-8.5
2039-05-29,0.0,35.368,24.715,13.209,326.28,SSP5-8.5
2039-05-30,0.0,35.377,23.934,16.518,351.9,SSP5-8.5
2039-05-31,0.0,35.19,24.605,16.127,332.9,SSP5-8.5
2039-06-01,0.0,34.527,24.006,16.022,334.44,SSP5-8.5
2039-06-02,0.0,35.022,24.056,15.689,336.76,SSP5-8.5
2039-06-03,0.0,35.034,24.538,17.433,317.97,SSP5-8.5
2039-06-04,0.0,34.719,24.911,18.701,309.95,SSP5-8.5
2039-06-05,0.0,34.544,25.09,18.959,334.88,SSP5-8.5
2039-06-06,0.0,34.174,28.224,18.86,299.29,SSP5-8.5
2039-06-07,0.0,33.313,33.142,18.933,290.94,SSP5-8.5
2039-06-08,0.0,33.118,34.443,18.681,286.15,SSP5-8.5
2039-06-09,1.2418,32.587,42.593,17.266,260.86,SSP5-8.5
2039-06-10,9.6264,30.487,54.45,17.404,256.77,SSP5-8.5
2039-06-11,22.111,26.429,75.68,11.798,208.06,SSP5-8.5
2039-06-12,1.319,27.779,64.802,16.63,232.93,SSP5-8.5
2039-06-13,16.8967,26.127,82.191,11.924,184.43,SSP5-8.5
2039-06-14,0.0,27.507,70.03,14.061,233.47,SSP5-8.5
2039-06-15,0.0,28.804,58.887,15.094,278.21,SSP5-8.5
2039-06-16,0.0,29.393,54.325,15.448,276.95,SSP5-8.5
2039-06-17,0.0,29.577,54.765,14.928,285.34,SSP5-8.5
2039-06-18,0.0,30.295,51.003,14.894,291.19,SSP5-8.5
2039-06-19,0.0,29.988,52.209,16.579,281.2,SSP5-8.5
2039-06-20,0.6222,28.493,59.341,14.117,243.24,SSP5-8.5
2039-06-21,2.8584,26.847,79.647,7.713,196.58,SSP5-8.5
2039-06-22,20.0861,27.437,81.363,7.894,242.49,SSP5-8.5
2039-06-23,12.7452,27.218,81.013,11.029,240.39,SSP5-8.5
2039-06-24,5.2672,26.544,86.047,12.175,196.2,SSP5-8.5
2039-06-25,23.9622,26.009,89.974,12.364,173.68,SSP5-8.5
2039-06-26,9.4725,26.609,85.583,13.744,197.2,SSP5-8.5
2039-06-27,4.6093,26.55,85.094,13.946,208.96,SSP5-8.5
2039-06-28,5.2,26.438,86.609,13.486,205.74,SSP5-8.5
2039-06-29,6.8825,26.581,87.182,11.83,214.48,SSP5-8.5
2039-06-30,2.8961,27.48,80.813,12.254,251.06,SSP5-8.5
2039-07-01,0.0385,27.558,77.403,13.017,258.22,SSP5-8.5
2039-07-02,13.9853,27.349,80.525,10.941,244.79,SSP5-8.5
2039-07-03,0.0375,26.39,85.066,12.268,226.14,SSP5-8.5
2039-07-04,0.0,27.161,78.31,12.838,254.46,SSP5-8.5
2039-07-05,0.0,27.407,76.552,13.073,247.71,SSP5-8.5
2039-07-06,0.5982,27.904,76.481,11.87,241.97,SSP5-8.5
2039-07-07,7.006,27.503,81.242,9.624,236.2,SSP5-8.5
2039-07-08,14.7875,26.135,88.908,8.11,208.0,SSP5-8.5
2039-07-09,0.0801,26.905,83.744,9.851,230.9,SSP5-8.5
2039-07-10,0.1697,27.788,76.275,12.732,283.7,SSP5-8.5
2039-07-11,6.151,26.725,83.393,11.505,226.04,SSP5-8.5
2039-07-12,5.182,26.199,88.804,9.933,206.71,SSP5-8.5
2039-07-13,0.0,27.963,76.287,14.414,282.59,SSP5-8.5
2039-07-14,0.2267,26.842,82.677,13.102,226.69,SSP5-8.5
2039-07-15,1.2607,26.682,84.198,12.489,223.87,SSP5-8.5
2039-07-16,0.5319,26.846,83.838,12.624,236.38,SSP5-8.5
2039-07-17,0.6944,27.014,82.103,12.588,246.44,SSP5-8.5
2039-07-18,0.0,27.936,75.522,14.9,273.07,SSP5-8.5
2039-07-19,16.2234,26.822,82.974,11.761,233.37,SSP5-8.5
2039-07-20,13.5259,25.848,90.425,10.9,207.91,SSP5-8.5
2039-07-21,0.0,26.555,82.785,10.841,249.05,SSP5-8.5
2039-07-22,0.0,27.512,74.806,12.012,310.41,SSP5-8.5
2039-07-23,0.0,27.696,77.015,11.199,259.96,SSP5-8.5
2039-07-24,0.0,27.903,76.258,12.059,263.8,SSP5-8.5
2039-07-25,0.0,27.827,74.047,12.88,279.79,SSP5-8.5
2039-07-26,0.0,28.383,71.961,13.297,282.43,SSP5-8.5
2039-07-27,0.0673,27.251,79.599,13.06,235.07,SSP5-8.5
2039-07-28,0.5881,26.449,87.824,11.707,216.34,SSP5-8.5
2039-07-29,0.0978,26.599,85.629,10.996,230.61,SSP5-8.5
2039-07-30,0.0,28.114,80.872,9.651,251.46,SSP5-8.5
2039-07-31,0.7756,27.965,83.848,6.668,237.09,SSP5-8.5
2039-08-01,2.0562,27.86,86.92,6.115,224.2,SSP5-8.5
2039-08-02,0.0,27.707,82.801,8.556,225.52,SSP5-8.5
2039-08-03,0.0,28.046,77.759,12.276,239.32,SSP5-8.5
2039-08-04,0.0,27.402,81.62,14.073,245.64,SSP5-8.5
2039-08-05,0.0067,27.694,80.383,11.699,238.45,SSP5-8.5
2039-08-06,25.1663,27.113,88.202,10.582,219.53,SSP5-8.5
2039-08-07,31.2843,26.38,92.575,9.83,198.09,SSP5-8.5
2039-08-08,1.3783,26.331,91.687,11.321,198.89,SSP5-8.5
2039-08-09,3.4495,26.859,89.369,11.33,220.06,SSP5-8.5
2039-08-10,2.3106,27.025,87.806,12.183,224.66,SSP5-8.5
2039-08-11,1.8823,26.658,90.778,9.333,202.09,SSP5-8.5
2039-08-12,0.0117,26.747,88.057,12.184,206.4,SSP5-8.5
2039-08-13,0.0,26.946,84.317,13.123,229.84,SSP5-8.5
2039-08-14,0.164,26.786,85.973,12.544,223.59,SSP5-8.5
2039-08-15,0.9733,26.874,85.749,11.345,239.11,SSP5-8.5
2039-08-16,0.7305,26.46,89.701,10.784,203.26,SSP5-8.5
2039-08-17,0.0,27.225,81.999,10.506,251.32,SSP5-8.5
2039-08-18,0.0,27.994,78.388,10.777,278.13,SSP5-8.5
2039-08-19,0.0,28.093,78.368,11.217,259.47,SSP5-8.5
2039-08-20,0.0,28.285,75.238,12.333,287.06,SSP5-8.5
2039-08-21,0.0,28.299,73.059,15.194,269.86,SSP5-8.5
2039-08-22,13.5695,27.364,81.675,12.451,244.22,SSP5-8.5
2039-08-23,0.0,26.79,85.259,12.427,208.36,SSP5-8.5
2039-08-24,19.8395,26.15,90.476,13.679,192.18,SSP5-8.5
2039-08-25,19.8076,25.969,91.633,14.886,176.16,SSP5-8.5
2039-08-26,18.2088,26.11,94.454,9.456,163.89,SSP5-8.5
2039-08-27,0.0,26.632,92.037,8.643,214.96,SSP5-8.5
2039-08-28,2.6109,27.003,90.151,5.972,236.57,SSP5-8.5
2039-08-29,27.4683,26.767,92.658,4.071,220.89,SSP5-8.5
2039-08-30,1.9419,26.952,90.605,5.668,232.69,SSP5-8.5
2039-08-31,1.3081,27.325,85.841,4.883,259.56,SSP5-8.5
2039-09-01,25.7367,26.931,90.245,8.186,235.65,SSP5-8.5
2039-09-02,1.3857,26.476,90.446,9.369,215.07,SSP5-8.5
2039-09-03,0.1077,26.988,87.909,7.127,245.86,SSP5-8.5
2039-09-04,0.0167,27.235,88.708,8.125,237.62,SSP5-8.5
2039-09-05,0.0,26.83,88.679,10.909,228.69,SSP5-8.5
2039-09-06,0.0,27.469,80.176,10.57,253.84,SSP5-8.5
2039-09-07,0.0,28.161,73.231,15.182,295.48,SSP5-8.5
2039-09-08,0.0,28.044,71.907,14.094,290.15,SSP5-8.5
2039-09-09,0.0,27.406,77.176,13.676,237.92,SSP5-8.5
2039-09-10,0.0114,26.782,81.463,14.094,215.54,SSP5-8.5
2039-09-11,0.0,26.683,84.397,12.316,216.13,SSP5-8.5
2039-09-12,0.0,26.877,84.08,10.746,217.38,SSP5-8.5
2039-09-13,0.0,27.195,82.878,9.672,238.96,SSP5-8.5
2039-09-14,6.1295,27.111,88.004,7.862,216.66,SSP5-8.5
2039-09-15,11.6668,26.814,89.086,8.335,227.68,SSP5-8.5
2039-09-16,4.4344,26.719,89.711,4.666,221.16,SSP5-8.5
2039-09-17,1.252,27.032,87.636,2.467,241.07,SSP5-8.5
2039-09-18,0.0,27.399,83.403,3.798,243.5,SSP5-8.5
2039-09-19,0.9457,27.811,83.346,6.443,248.82,SSP5-8.5
2039-09-20,5.0985,27.54,82.711,9.741,232.75,SSP5-8.5
2039-09-21,0.0,27.444,80.912,10.023,225.75,SSP5-8.5
2039-09-22,0.3249,28.31,77.277,8.324,253.55,SSP5-8.5
2039-09-23,0.0,28.71,74.1,8.874,254.46,SSP5-8.5
2039-09-24,0.0,28.589,74.603,7.085,262.02,SSP5-8.5
2039-09-25,0.0,29.033,70.229,7.429,265.71,SSP5-8.5
2039-09-26,0.0,29.079,67.072,8.012,279.27,SSP5-8.5
2039-09-27,0.0,28.99,62.47,10.361,283.68,SSP5-8.5
2039-09-28,0.0,28.797,60.538,9.521,288.93,SSP5-8.5
2039-09-29,0.0,28.838,60.229,7.557,294.85,SSP5-8.5
2039-09-30,0.0,28.622,56.28,9.156,294.34,SSP5-8.5
2039-10-01,0.0,28.359,54.048,8.925,288.52,SSP5-8.5
2039-10-02,0.0,28.222,53.916,9.002,257.46,SSP5-8.5
2039-10-03,0.0,28.375,61.119,6.417,264.83,SSP5-8.5
2039-10-04,0.0,29.481,59.773,5.303,262.0,SSP5-8.5
2039-10-05,0.1065,29.715,58.229,6.861,248.41,SSP5-8.5
2039-10-06,0.0105,30.925,56.672,7.718,262.87,SSP5-8.5
2039-10-07,0.0272,31.035,56.148,7.66,265.09,SSP5-8.5
2039-10-08,0.5513,30.733,58.49,5.495,260.82,SSP5-8.5
2039-10-09,0.7961,29.184,63.646,5.816,217.5,SSP5-8.5
2039-10-10,0.8017,28.71,62.765,6.24,218.65,SSP5-8.5
2039-10-11,0.0496,30.169,57.657,5.963,247.61,SSP5-8.5
2039-10-12,0.0,29.166,56.181,6.807,253.9,SSP5-8.5
2039-10-13,0.0,28.913,58.857,6.981,245.73,SSP5-8.5
2039-10-14,0.5973,28.982,59.054,6.981,239.64,SSP5-8.5
2039-10-15,0.9093,29.098,55.522,5.822,244.76,SSP5-8.5
2039-10-16,0.5845,28.695,52.987,3.929,246.28,SSP5-8.5
2039-10-17,2.1786,28.752,54.651,5.99,233.32,SSP5-8.5
2039-10-18,0.2766,29.029,53.311,6.751,247.03,SSP5-8.5
2039-10-19,0.0,29.207,47.287,6.78,244.04,SSP5-8.5
2039-10-20,0.0,28.906,42.747,7.913,250.5,SSP5-8.5
2039-10-21,0.0,28.535,41.219,8.519,261.84,SSP5-8.5
2039-10-22,1.0597,28.872,48.971,7.611,259.2,SSP5-8.5
2039-10-23,0.5042,28.371,62.976,9.242,229.44,SSP5-8.5
2039-10-24,0.0254,28.368,56.543,8.86,214.06,SSP5-8.5
2039-10-25,0.5239,28.21,53.568,9.403,217.46,SSP5-8.5
2039-10-26,0.0,28.95,48.371,10.411,230.26,SSP5-8.5
2039-10-27,0.0,28.506,47.172,10.573,245.58,SSP5-8.5
2039-10-28,0.0099,27.803,47.403,11.628,231.98,SSP5-8.5
2039-10-29,0.0838,27.675,45.343,10.001,233.98,SSP5-8.5
2039-10-30,0.0,27.638,42.986,11.04,236.35,SSP5-8.5
2039-10-31,0.0,27.196,36.599,11.75,254.78,SSP5-8.5
2039-11-01,0.0,26.826,36.201,10.675,263.19,SSP5-8.5
2039-11-02,0.0,26.964,39.662,11.761,232.51,SSP5-8.5
2039-11-03,0.0,26.69,35.056,9.845,220.85,SSP5-8.5
2039-11-04,0.0,26.6,37.359,9.456,239.62,SSP5-8.5
2039-11-05,0.0,26.474,39.584,9.711,225.72,SSP5-8.5
2039-11-06,0.0,27.015,39.439,11.02,215.86,SSP5-8.5
2039-11-07,0.0,26.658,35.885,11.09,226.74,SSP5-8.5
2039-11-08,0.0,25.645,44.924,11.652,191.01,SSP5-8.5
2039-11-09,0.0376,25.707,39.426,9.298,209.71,SSP5-8.5
2039-11-10,0.045,25.914,40.141,7.98,201.86,SSP5-8.5
2039-11-11,0.0,26.212,35.37,8.843,213.31,SSP5-8.5
2039-11-12,0.0,25.558,39.451,9.066,194.8,SSP5-8.5
2039-11-13,0.0,26.517,37.357,8.282,193.07,SSP5-8.5
2039-11-14,0.0,26.527,34.978,8.524,198.31,SSP5-8.5
2039-11-15,0.0,26.307,35.493,10.211,193.78,SSP5-8.5
2039-11-16,0.0113,25.645,35.591,8.677,189.8,SSP5-8.5
2039-11-17,0.0279,25.938,35.066,7.662,225.51,SSP5-8.5
2039-11-18,0.0,26.028,31.777,7.753,239.64,SSP5-8.5
2039-11-19,0.0,25.895,31.498,7.714,243.45,SSP5-8.5
2039-11-20,0.0,25.825,28.759,8.825,245.83,SSP5-8.5
2039-11-21,0.0,25.778,28.761,8.942,216.87,SSP5-8.5
2039-11-22,0.0,25.162,27.166,8.472,245.23,SSP5-8.5
2039-11-23,0.0,24.369,24.824,8.158,242.05,SSP5-8.5
2039-11-24,0.0,24.936,24.923,8.78,235.5,SSP5-8.5
2039-11-25,0.0,25.676,22.606,10.14,246.61,SSP5-8.5
2039-11-26,0.0,25.409,18.146,10.602,242.19,SSP5-8.5
2039-11-27,0.0,24.007,17.403,10.014,247.53,SSP5-8.5
2039-11-28,0.0,25.775,16.779,9.922,250.7,SSP5-8.5
2039-11-29,0.0,25.326,16.765,10.4,252.59,SSP5-8.5
2039-11-30,0.0,24.825,16.897,8.868,253.37,SSP5-8.5
2039-12-01,0.0,22.361,19.695,6.145,248.7,SSP5-8.5
2039-12-02,0.0,22.89,20.314,3.893,247.67,SSP5-8.5
2039-12-03,0.0,24.472,21.576,5.284,245.79,SSP5-8.5
2039-12-04,0.0,24.925,23.237,7.386,218.63,SSP5-8.5
2039-12-05,0.0,25.162,29.087,8.843,210.62,SSP5-8.5
2039-12-06,0.0,26.332,26.877,7.062,233.19,SSP5-8.5
2039-12-07,0.0,26.537,25.352,9.06,231.67,SSP5-8.5
2039-12-08,0.0,26.215,25.902,10.617,230.29,SSP5-8.5
2039-12-09,0.0,25.47,25.422,11.244,235.53,SSP5-8.5
2039-12-10,0.0,25.135,25.47,10.301,230.32,SSP5-8.5
2039-12-11,0.0,25.087,25.729,10.623,218.45,SSP5-8.5
2039-12-12,0.0,23.729,27.791,9.792,182.29,SSP5-8.5
2039-12-13,0.0,23.504,28.621,8.585,193.37,SSP5-8.5
2039-12-14,0.0,23.111,28.685,7.506,197.52,SSP5-8.5
2039-12-15,0.0,23.046,24.43,8.007,236.66,SSP5-8.5
2039-12-16,0.0,23.835,23.937,8.064,239.26,SSP5-8.5
2039-12-17,0.0,24.905,27.387,8.313,230.63,SSP5-8.5
2039-12-18,0.0,24.579,29.779,8.012,227.54,SSP5-8.5
2039-12-19,0.0,26.169,29.653,8.738,225.74,SSP5-8.5
2039-12-20,0.0,25.743,30.554,10.324,224.95,SSP5-8.5
2039-12-21,0.0,26.893,28.327,13.721,221.91,SSP5-8.5
2039-12-22,0.0,26.71,27.398,11.038,224.59,SSP5-8.5
2039-12-23,0.0,27.41,34.016,10.661,194.6,SSP5-8.5
2039-12-24,0.0,26.317,36.389,12.806,204.78,SSP5-8.5
2039-12-25,0.0,25.261,37.421,10.215,183.92,SSP5-8.5
2039-12-26,0.0,26.249,33.559,7.189,216.03,SSP5-8.5
2039-12-27,0.0,25.987,33.151,9.665,217.53,SSP5-8.5
2039-12-28,0.0,26.204,33.951,12.635,210.65,SSP5-8.5
2039-12-29,0.0,25.699,33.07,15.038,215.02,SSP5-8.5
2039-12-30,0.0,25.974,31.014,11.726,233.81,SSP5-8.5
2039-12-31,0.0,26.457,30.288,13.226,228.32,SSP5-8.5
2040-01-01,0.0,25.989,29.713,14.947,233.09,SSP5-8.5
2040-01-02,0.0,26.414,29.977,11.944,231.96,SSP5-8.5
2040-01-03,0.0,25.854,31.469,9.118,226.98,SSP5-8.5
2040-01-04,0.0,24.742,39.412,8.238,169.55,SSP5-8.5
2040-01-05,0.0,25.643,33.715,11.087,235.89,SSP5-8.5
2040-01-06,0.0,25.878,37.999,11.45,206.64,SSP5-8.5
2040-01-07,0.0,26.588,36.035,10.275,204.73,SSP5-8.5
2040-01-08,0.0,26.846,34.822,10.572,220.78,SSP5-8.5
2040-01-09,0.0,26.599,36.912,15.126,238.29,SSP5-8.5
2040-01-10,0.0,24.778,33.711,12.572,235.09,SSP5-8.5
2040-01-11,0.0,24.349,29.761,8.277,229.51,SSP5-8.5
2040-01-12,0.0,24.115,24.21,7.109,238.14,SSP5-8.5
2040-01-13,0.0,24.146,22.212,10.507,250.15,SSP5-8.5
2040-01-14,0.0,26.181,22.606,12.259,233.67,SSP5-8.5
2040-01-15,0.0,26.393,24.655,10.936,238.94,SSP5-8.5
2040-01-16,0.0,26.932,26.862,9.46,233.0,SSP5-8.5
2040-01-17,0.0,26.05,20.427,9.848,242.68,SSP5-8.5
2040-01-18,0.0,26.235,20.77,9.111,247.09,SSP5-8.5
2040-01-19,0.0,27.427,28.771,12.279,233.37,SSP5-8.5
2040-01-20,0.0,27.871,35.114,15.431,214.69,SSP5-8.5
2040-01-21,0.0,27.223,38.465,17.821,196.8,SSP5-8.5
2040-01-22,0.0,27.486,36.78,17.116,220.3,SSP5-8.5
2040-01-23,0.0,24.919,40.016,10.915,147.58,SSP5-8.5
2040-01-24,0.0,27.237,37.743,11.139,200.94,SSP5-8.5
2040-01-25,0.0,27.339,33.993,14.385,214.2,SSP5-8.5
2040-01-26,0.0,26.483,27.985,9.301,237.68,SSP5-8.5
2040-01-27,0.0,25.878,21.053,10.309,243.12,SSP5-8.5
2040-01-28,0.0,26.026,27.887,9.273,257.04,SSP5-8.5
2040-01-29,0.0,27.833,33.59,13.042,230.67,SSP5-8.5
2040-01-30,0.0,28.892,31.715,11.274,238.42,SSP5-8.5
2040-01-31,0.0,29.01,29.265,11.348,233.25,SSP5-8.5
2040-02-01,0.0,27.189,22.79,11.942,222.27,SSP5-8.5
2040-02-02,0.0,26.277,14.511,10.551,267.72,SSP5-8.5
2040-02-03,0.0,26.144,20.108,9.501,256.24,SSP5-8.5
2040-02-04,0.0,26.46,22.368,11.164,268.71,SSP5-8.5
2040-02-05,0.0,27.781,24.341,13.098,257.43,SSP5-8.5
2040-02-06,0.0,27.617,22.767,11.518,246.3,SSP5-8.5
2040-02-07,0.0,27.444,21.996,8.731,259.56,SSP5-8.5
2040-02-08,0.0,28.111,21.991,10.153,257.42,SSP5-8.5
2040-02-09,0.0,28.201,23.309,14.099,249.62,SSP5-8.5
2040-02-10,0.0,26.428,15.333,13.193,264.49,SSP5-8.5
2040-02-11,0.0,25.908,12.131,9.202,284.14,SSP5-8.5
2040-02-12,0.0,26.435,19.322,8.417,275.26,SSP5-8.5
2040-02-13,0.0,28.218,22.245,10.19,233.5,SSP5-8.5
2040-02-14,0.0,28.84,20.084,9.504,263.87,SSP5-8.5
2040-02-15,0.0,29.285,26.297,12.332,261.04,SSP5-8.5
2040-02-16,0.0,26.838,50.068,15.824,205.83,SSP5-8.5
2040-02-17,0.0,26.039,53.951,9.731,208.97,SSP5-8.5
2040-02-18,0.0,27.805,32.377,10.413,268.13,SSP5-8.5
2040-02-19,0.0,27.52,24.566,9.488,276.22,SSP5-8.5
2040-02-20,0.0,28.341,26.394,8.637,218.01,SSP5-8.5
2040-02-21,0.0,28.971,23.583,7.104,251.39,SSP5-8.5
2040-02-22,0.0,29.588,21.351,11.864,242.74,SSP5-8.5
2040-02-23,0.0,29.119,20.144,16.458,223.2,SSP5-8.5
2040-02-24,0.0,28.509,18.788,14.939,285.76,SSP5-8.5
2040-02-25,0.0,27.758,18.328,12.903,291.63,SSP5-8.5
2040-02-26,0.0,29.132,18.852,10.847,234.07,SSP5-8.5
2040-02-27,0.0,29.264,22.593,9.76,230.44,SSP5-8.5
2040-02-28,0.0,29.776,20.554,9.387,245.16,SSP5-8.5
2040-02-29,0.0,29.051,9.52,8.279,300.74,SSP5-8.5
2040-03-01,0.0434,28.094,25.6,13.514,287.35,SSP5-8.5
2040-03-02,2.649,27.853,40.974,12.9,187.19,SSP5-8.5
2040-03-03,0.0,28.997,35.326,13.822,239.14,SSP5-8.5
2040-03-04,0.0,28.509,23.686,10.233,304.3,SSP5-8.5
2040-03-05,0.0,28.921,22.507,12.722,252.85,SSP5-8.5
2040-03-06,0.0,29.575,26.879,13.742,279.76,SSP5-8.5
2040-03-07,0.0,29.541,28.782,12.818,266.77,SSP5-8.5
2040-03-08,0.0,29.192,28.09,12.948,298.55,SSP5-8.5
2040-03-09,0.0484,30.403,31.637,13.171,262.65,SSP5-8.5
2040-03-10,0.0,30.171,32.725,10.118,240.81,SSP5-8.5
2040-03-11,0.0,29.88,31.743,11.5,228.33,SSP5-8.5
2040-03-12,0.6905,24.168,59.077,10.861,161.88,SSP5-8.5
2040-03-13,0.0,27.769,38.234,9.616,235.7,SSP5-8.5
2040-03-14,0.0,29.24,29.744,6.574,265.57,SSP5-8.5
2040-03-15,0.0,28.013,23.916,5.953,311.15,SSP5-8.5
2040-03-16,0.0,28.816,23.003,9.935,295.62,SSP5-8.5
2040-03-17,0.0046,31.275,23.709,13.424,280.35,SSP5-8.5
2040-03-18,0.0134,30.629,29.758,14.176,232.72,SSP5-8.5
2040-03-19,18.4357,28.678,45.857,13.896,239.68,SSP5-8.5
2040-03-20,0.0,28.809,41.043,10.683,245.18,SSP5-8.5
2040-03-21,0.0,29.882,32.592,8.368,293.01,SSP5-8.5
2040-03-22,0.0248,30.99,28.839,11.187,304.58,SSP5-8.5
2040-03-23,0.55,29.861,35.694,10.6,228.3,SSP5-8.5
2040-03-24,0.0516,30.112,33.182,9.522,240.33,SSP5-8.5
2040-03-25,0.4268,31.075,30.61,9.217,275.8,SSP5-8.5
2040-03-26,0.3678,31.666,28.973,8.468,275.27,SSP5-8.5
2040-03-27,0.0,31.425,23.174,7.264,314.37,SSP5-8.5
2040-03-28,0.0,30.758,18.311,10.004,334.55,SSP5-8.5
2040-03-29,0.0,31.283,15.53,12.584,321.39,SSP5-8.5
2040-03-30,0.0,32.741,19.35,18.334,307.28,SSP5-8.5
2040-03-31,0.0,32.19,17.5,12.11,321.17,SSP5-8.5
2040-04-01,0.0,31.724,15.525,8.584,326.8,SSP5-8.5
2040-04-02,0.0,33.41,21.22,9.59,287.56,SSP5-8.5
2040-04-03,0.0,34.042,23.217,8.698,277.7,SSP5-8.5
2040-04-04,0.1982,33.542,24.975,9.806,281.9,SSP5-8.5
2040-04-05,0.0419,33.719,28.047,11.449,272.08,SSP5-8.5
2040-04-06,0.1026,33.645,29.403,11.508,287.6,SSP5-8.5
2040-04-07,1.1827,31.802,37.504,10.56,221.48,SSP5-8.5
2040-04-08,0.6905,32.34,34.195,9.789,235.45,SSP5-8.5
2040-04-09,0.2029,33.49,28.726,11.371,269.11,SSP5-8.5
2040-04-10,0.2426,32.182,34.074,12.828,251.56,SSP5-8.5
2040-04-11,0.0,33.514,28.436,12.107,303.12,SSP5-8.5
2040-04-12,0.2902,33.686,28.856,11.423,279.03,SSP5-8.5
2040-04-13,1.4244,33.366,30.316,8.176,275.44,SSP5-8.5
2040-04-14,1.4001,32.629,32.208,6.685,253.37,SSP5-8.5
2040-04-15,0.3404,33.518,28.57,7.709,292.87,SSP5-8.5
2040-04-16,0.0,33.511,24.343,8.916,322.33,SSP5-8.5
2040-04-17,0.0,33.492,22.499,10.513,316.88,SSP5-8.5
2040-04-18,0.3444,34.801,24.796,12.153,297.12,SSP5-8.5
2040-04-19,2.6441,33.721,29.415,6.489,273.53,SSP5-8.5
2040-04-20,0.2043,33.935,26.683,6.818,310.84,SSP5-8.5
2040-04-21,0.0701,34.085,24.638,8.347,315.97,SSP5-8.5
2040-04-22,0.2049,33.904,26.713,6.453,268.8,SSP5-8.5
2040-04-23,3.9637,33.717,30.224,6.859,275.37,SSP5-8.5
2040-04-24,19.7878,32.004,47.292,5.16,240.45,SSP5-8.5
2040-04-25,0.8736,32.184,40.928,7.539,283.26,SSP5-8.5
2040-04-26,0.0,33.312,30.169,8.162,315.3,SSP5-8.5
2040-04-27,0.0,34.56,25.252,9.554,291.68,SSP5-8.5
2040-04-28,0.0,35.205,22.513,13.332,277.39,SSP5-8.5
2040-04-29,0.0,35.137,20.718,13.189,314.23,SSP5-8.5
2040-04-30,0.0,34.938,18.563,13.308,336.54,SSP5-8.5
2040-05-01,0.0,34.086,15.478,13.036,365.55,SSP5-8.5
2040-05-02,0.0,34.001,15.224,11.869,357.54,SSP5-8.5
2040-05-03,0.0,33.699,15.208,9.484,361.97,SSP5-8.5
2040-05-04,0.0,33.997,15.14,10.443,357.02,SSP5-8.5
2040-05-05,0.0,34.331,16.196,8.222,357.99,SSP5-8.5
2040-05-06,0.0,34.935,16.706,7.001,346.69,SSP5-8.5
2040-05-07,0.0,35.454,16.137,6.444,342.91,SSP5-8.5
2040-05-08,0.0,35.2,14.38,6.77,358.59,SSP5-8.5
2040-05-09,0.0,35.044,16.29,6.304,336.61,SSP5-8.5
2040-05-10,0.0,35.76,16.603,6.604,339.77,SSP5-8.5
2040-05-11,0.0,35.667,17.23,8.903,342.39,SSP5-8.5
2040-05-12,0.0,35.15,17.623,8.923,343.22,SSP5-8.5
2040-05-13,0.028,34.886,21.247,11.164,345.2,SSP5-8.5
2040-05-14,0.3831,34.264,25.309,12.223,330.11,SSP5-8.5
2040-05-15,0.0819,34.749,26.356,10.345,317.93,SSP5-8.5
2040-05-16,0.1058,34.771,26.458,7.782,299.0,SSP5-8.5
2040-05-17,0.0077,34.843,25.665,7.203,307.41,SSP5-8.5
2040-05-18,0.0,34.102,22.079,7.978,332.15,SSP5-8.5
2040-05-19,0.067,35.226,20.404,6.875,327.39,SSP5-8.5
2040-05-20,0.0365,35.679,24.344,6.458,269.83,SSP5-8.5
2040-05-21,0.0,35.638,23.593,6.606,278.22,SSP5-8.5
2040-05-22,0.0,35.621,20.244,9.814,307.63,SSP5-8.5
2040-05-23,0.0,36.602,21.378,8.358,307.19,SSP5-8.5
2040-05-24,0.0,36.596,22.962,7.899,299.45,SSP5-8.5
2040-05-25,0.0,36.46,24.065,10.031,299.83,SSP5-8.5
2040-05-26,0.0,36.438,25.652,9.813,298.61,SSP5-8.5
2040-05-27,0.0989,35.967,27.744,11.117,290.89,SSP5-8.5
2040-05-28,0.0,35.879,26.538,9.172,297.29,SSP5-8.5
2040-05-29,0.0,35.944,23.456,7.602,303.5,SSP5-8.5
2040-05-30,0.2106,35.912,29.218,6.984,288.6,SSP5-8.5
2040-05-31,13.8209,33.441,49.932,7.88,254.82,SSP5-8.5
2040-06-01,1.5432,33.233,42.691,13.11,280.95,SSP5-8.5
2040-06-02,0.0183,33.555,41.127,15.383,300.03,SSP5-8.5
2040-06-03,0.0,33.887,33.706,15.479,330.57,SSP5-8.5
2040-06-04,0.0,34.491,28.946,17.43,322.82,SSP5-8.5
2040-06-05,0.0,34.779,27.755,18.732,332.72,SSP5-8.5
2040-06-06,0.0,34.745,28.587,19.696,326.42,SSP5-8.5
2040-06-07,0.0027,34.316,34.581,19.752,311.27,SSP5-8.5
2040-06-08,0.0,34.22,32.007,19.418,298.1,SSP5-8.5
2040-06-09,0.0,34.617,28.898,18.984,322.58,SSP5-8.5
2040-06-10,0.0,34.907,27.232,18.999,329.98,SSP5-8.5
2040-06-11,0.0,35.252,25.877,18.033,313.05,SSP5-8.5
2040-06-12,0.0,35.335,26.319,18.373,308.48,SSP5-8.5
2040-06-13,0.0,35.926,26.287,17.204,303.74,SSP5-8.5
2040-06-14,0.0,34.717,29.523,14.443,260.69,SSP5-8.5
2040-06-15,0.0086,35.677,28.828,12.806,296.29,SSP5-8.5
2040-06-16,1.785,35.373,29.386,11.751,305.54,SSP5-8.5
2040-06-17,0.5906,28.221,60.138,12.582,204.21,SSP5-8.5
2040-06-18,8.6146,31.754,52.139,12.148,256.76,SSP5-8.5
2040-06-19,0.5053,30.592,50.465,13.176,249.29,SSP5-8.5
2040-06-20,0.096,33.613,38.506,13.957,311.1,SSP5-8.5
2040-06-21,0.0,34.817,33.96,15.019,316.93,SSP5-8.5
2040-06-22,0.0,33.928,35.231,14.041,267.3,SSP5-8.5
2040-06-23,0.0,36.242,30.39,14.783,327.31,SSP5-8.5
2040-06-24,0.9203,34.085,34.967,14.523,320.21,SSP5-8.5
2040-06-25,0.0,31.76,37.887,14.546,244.17,SSP5-8.5
2040-06-26,0.0,32.93,39.777,16.483,278.49,SSP5-8.5
2040-06-27,0.0,32.704,40.18,15.84,291.91,SSP5-8.5
2040-06-28,0.0,33.992,37.843,15.447,304.53,SSP5-8.5
2040-06-29,0.0,33.104,37.545,15.772,304.21,SSP5-8.5
2040-06-30,0.0,35.543,36.943,16.876,310.84,SSP5-8.5
2040-07-01,7.5116,30.857,49.832,14.802,253.52,SSP5-8.5
2040-07-02,3.8534,27.271,73.557,10.891,187.09,SSP5-8.5
2040-07-03,0.2041,29.476,61.191,11.92,271.83,SSP5-8.5
2040-07-04,14.6336,29.438,67.873,9.342,261.04,SSP5-8.5
2040-07-05,0.0404,28.658,73.412,11.359,240.1,SSP5-8.5
2040-07-06,2.1018,29.232,70.804,7.78,265.45,SSP5-8.5
2040-07-07,0.0,30.312,64.13,8.427,275.28,SSP5-8.5
2040-07-08,0.116,29.822,65.144,9.617,250.1,SSP5-8.5
2040-07-09,0.2101,27.452,78.106,8.662,204.34,SSP5-8.5
2040-07-10,0.0,29.588,65.468,10.942,280.48,SSP5-8.5
2040-07-11,8.799,27.689,74.323,7.816,210.12,SSP5-8.5
2040-07-12,21.9119,26.185,90.526,10.196,169.13,SSP5-8.5
2040-07-13,0.0,27.191,78.163,12.168,214.59,SSP5-8.5
2040-07-14,0.0747,29.162,68.197,13.754,270.77,SSP5-8.5
2040-07-15,0.1913,28.648,71.608,15.37,246.43,SSP5-8.5
2040-07-16,11.8188,26.293,89.507,10.275,176.98,SSP5-8.5
2040-07-17,0.0,28.323,75.296,12.316,240.79,SSP5-8.5
2040-07-18,0.0,29.236,72.245,10.281,251.09,SSP5-8.5
2040-07-19,0.3783,28.934,75.157,14.101,237.46,SSP5-8.5
2040-07-20,23.0612,26.192,90.526,11.761,172.94,SSP5-8.5
2040-07-21,14.6561,26.167,90.611,15.254,179.52,SSP5-8.5
2040-07-22,15.4595,26.034,91.514,15.934,182.8,SSP5-8.5
2040-07-23,0.6654,26.417,87.745,15.461,211.73,SSP5-8.5
2040-07-24,20.75,26.053,91.472,16.346,182.02,SSP5-8.5
2040-07-25,27.0043,26.086,92.059,17.558,166.39,SSP5-8.5
2040-07-26,8.8527,26.056,90.129,16.75,187.06,SSP5-8.5
2040-07-27,6.572,25.973,89.407,16.559,194.0,SSP5-8.5
2040-07-28,36.3936,25.415,92.873,14.67,156.06,SSP5-8.5
2040-07-29,23.1114,25.775,92.175,15.458,176.29,SSP5-8.5
2040-07-30,48.9342,25.647,93.117,17.982,161.63,SSP5-8.5
2040-07-31,32.02,25.684,93.795,15.568,184.33,SSP5-8.5
2040-08-01,0.4015,26.824,92.109,10.786,204.76,SSP5-8.5
2040-08-02,0.1334,27.3,89.051,11.433,227.97,SSP5-8.5
2040-08-03,0.9402,27.577,88.155,11.782,240.49,SSP5-8.5
2040-08-04,0.02,27.773,85.526,12.852,237.7,SSP5-8.5
2040-08-05,0.1055,27.792,84.335,13.283,244.36,SSP5-8.5
2040-08-06,2.2809,27.667,87.654,12.441,243.74,SSP5-8.5
2040-08-07,10.8145,26.869,91.22,12.269,199.36,SSP5-8.5
2040-08-08,3.8848,26.584,93.063,9.994,187.08,SSP5-8.5
2040-08-09,13.0616,27.177,91.136,7.8,221.46,SSP5-8.5
2040-08-10,8.3151,27.439,89.893,7.654,233.56,SSP5-8.5
2040-08-11,0.8197,27.018,90.853,9.929,213.17,SSP5-8.5
2040-08-12,0.0443,27.25,89.038,10.265,225.63,SSP5-8.5
2040-08-13,0.0,27.295,87.053,11.543,228.65,SSP5-8.5
2040-08-14,0.0,27.522,86.727,10.518,224.2,SSP5-8.5
2040-08-15,0.0069,27.786,86.363,9.812,245.92,SSP5-8.5
2040-08-16,0.0,28.085,85.907,8.108,248.05,SSP5-8.5
2040-08-17,0.0188,27.741,87.763,5.899,236.41,SSP5-8.5
2040-08-18,9.9411,27.695,87.453,6.582,236.4,SSP5-8.5
2040-08-19,0.0,28.011,84.633,8.375,236.68,SSP5-8.5
2040-08-20,0.0,28.289,80.163,9.761,257.58,SSP5-8.5
2040-08-21,0.0,28.402,77.573,11.174,285.35,SSP5-8.5
2040-08-22,0.0,28.791,75.931,11.026,288.27,SSP5-8.5
2040-08-23,0.0,29.071,73.835,11.111,303.28,SSP5-8.5
2040-08-24,0.0,28.679,75.426,8.885,311.0,SSP5-8.5
2040-08-25,0.0,28.709,75.827,9.185,270.52,SSP5-8.5
2040-08-26,0.0,29.232,67.705,13.004,305.76,SSP5-8.5
2040-08-27,2.1722,28.202,79.502,13.77,235.03,SSP5-8.5
2040-08-28,0.0,27.192,88.431,13.464,194.29,SSP5-8.5
2040-08-29,0.2639,27.072,88.116,12.498,194.97,SSP5-8.5
2040-08-30,62.9665,26.101,93.569,13.671,155.35,SSP5-8.5
2040-08-31,37.2642,26.16,95.612,10.857,141.63,SSP5-8.5
2040-09-01,7.101,26.678,94.123,8.937,180.89,SSP5-8.5
2040-09-02,3.4864,26.485,92.531,10.991,206.39,SSP5-8.5
2040-09-03,8.9998,26.881,90.526,12.46,219.84,SSP5-8.5
2040-09-04,17.5814,26.686,91.566,12.619,206.49,SSP5-8.5
2040-09-05,5.0803,26.61,92.622,13.069,171.43,SSP5-8.5
2040-09-06,11.6262,26.565,93.869,9.103,178.7,SSP5-8.5
2040-09-07,23.5916,26.738,95.476,4.633,191.94,SSP5-8.5
2040-09-08,5.2567,26.974,91.918,8.761,216.18,SSP5-8.5
2040-09-09,4.5266,27.533,87.84,7.852,240.5,SSP5-8.5
2040-09-10,6.6841,27.438,86.085,9.359,244.08,SSP5-8.5
2040-09-11,1.2495,27.517,84.908,9.705,264.42,SSP5-8.5
2040-09-12,0.0027,27.714,86.47,8.636,242.03,SSP5-8.5
2040-09-13,18.25,27.406,90.252,10.376,220.13,SSP5-8.5
2040-09-14,0.0,28.118,82.553,11.843,248.01,SSP5-8.5
2040-09-15,0.0,28.659,77.645,12.299,265.84,SSP5-8.5
2040-09-16,0.0,28.489,79.562,8.098,254.21,SSP5-8.5
2040-09-17,0.0,28.191,81.873,4.657,239.0,SSP5-8.5
2040-09-18,1.941,27.771,86.715,6.107,226.05,SSP5-8.5
2040-09-19,8.6678,27.327,89.882,5.737,225.71,SSP5-8.5
2040-09-20,0.0,28.085,82.346,4.328,251.38,SSP5-8.5
2040-09-21,0.0,28.09,82.609,5.178,243.63,SSP5-8.5
2040-09-22,0.0,28.342,80.873,5.409,247.08,SSP5-8.5
2040-09-23,0.6929,27.868,85.617,3.124,240.82,SSP5-8.5
2040-09-24,0.259,27.817,83.525,3.237,239.63,SSP5-8.5
2040-09-25,0.0,28.496,78.968,3.943,248.17,SSP5-8.5
2040-09-26,0.0,28.595,77.578,5.494,254.18,SSP5-8.5
2040-09-27,1.4455,28.462,77.262,5.438,247.91,SSP5-8.5
2040-09-28,0.0526,27.557,84.834,4.887,205.8,SSP5-8.5
2040-09-29,0.0,29.436,64.869,5.029,285.75,SSP5-8.5
2040-09-30,0.0,29.192,62.655,6.031,260.47,SSP5-8.5
2040-10-01,0.0,29.939,56.481,8.269,280.64,SSP5-8.5
2040-10-02,0.0,29.083,58.88,6.24,284.26,SSP5-8.5
2040-10-03,0.0,28.956,58.909,6.683,252.39,SSP5-8.5
2040-10-04,0.0,28.791,60.325,6.907,244.01,SSP5-8.5
2040-10-05,0.0,29.114,58.003,6.968,243.41,SSP5-8.5
2040-10-06,0.0,29.14,57.436,5.359,250.94,SSP5-8.5
2040-10-07,0.0,29.699,56.295,6.343,274.94,SSP5-8.5
2040-10-08,0.0,30.092,54.179,4.104,252.8,SSP5-8.5
2040-10-09,0.0,27.552,64.173,4.925,212.35,SSP5-8.5
2040-10-10,0.0,29.615,56.087,3.342,273.07,SSP5-8.5
2040-10-11,0.0,29.288,59.582,4.997,261.16,SSP5-8.5
2040-10-12,1.2968,29.725,60.564,3.931,252.52,SSP5-8.5
2040-10-13,0.0,28.419,68.234,2.882,215.12,SSP5-8.5
2040-10-14,0.0,29.244,57.126,6.118,263.84,SSP5-8.5
2040-10-15,0.0,29.077,57.937,7.6,256.51,SSP5-8.5
2040-10-16,0.0,28.384,57.878,6.416,251.99,SSP5-8.5
2040-10-17,0.0,28.509,51.962,6.122,243.77,SSP5-8.5
2040-10-18,0.0,28.757,50.192,6.182,256.71,SSP5-8.5
2040-10-19,0.0,29.004,52.031,6.761,252.38,SSP5-8.5
2040-10-20,0.0,28.567,52.23,7.171,256.68,SSP5-8.5
2040-10-21,0.0,28.102,50.98,7.984,263.84,SSP5-8.5
2040-10-22,0.0,28.487,53.231,8.281,265.18,SSP5-8.5
2040-10-23,0.0,28.552,53.503,8.899,257.91,SSP5-8.5
2040-10-24,0.0,27.583,53.745,8.554,241.86,SSP5-8.5
2040-10-25,0.053,27.13,63.813,9.824,245.63,SSP5-8.5
2040-10-26,0.8637,27.525,68.197,10.199,229.2,SSP5-8.5
2040-10-27,0.0357,26.871,71.027,7.622,211.88,SSP5-8.5
2040-10-28,0.0,27.877,65.805,8.273,206.87,SSP5-8.5
2040-10-29,0.0166,27.853,66.9,9.167,209.48,SSP5-8.5
2040-10-30,0.0,27.433,64.34,8.861,207.74,SSP5-8.5
2040-10-31,0.0,27.266,61.707,9.092,211.04,SSP5-8.5
2040-11-01,0.0,26.791,61.538,6.347,211.83,SSP5-8.5
2040-11-02,0.0,26.842,54.46,3.359,212.47,SSP5-8.5
2040-11-03,0.0,26.847,57.079,5.559,235.67,SSP5-8.5
2040-11-04,0.0,27.761,52.72,6.053,222.17,SSP5-8.5
2040-11-05,0.0,28.039,48.966,7.163,214.86,SSP5-8.5
2040-11-06,0.0,26.901,54.739,7.874,187.81,SSP5-8.5
2040-11-07,0.0666,26.12,60.08,12.324,198.51,SSP5-8.5
2040-11-08,40.4691,24.646,83.944,16.164,168.29,SSP5-8.5
2040-11-09,43.4034,23.311,93.842,13.464,112.99,SSP5-8.5
2040-11-10,31.5993,23.598,94.627,9.129,102.54,SSP5-8.5
2040-11-11,16.0381,23.693,92.002,6.361,150.13,SSP5-8.5
2040-11-12,4.0093,23.691,90.526,5.851,157.93,SSP5-8.5
2040-11-13,5.1749,23.988,88.693,7.924,166.61,SSP5-8.5
2040-11-14,0.0423,24.257,83.637,7.35,190.44,SSP5-8.5
2040-11-15,0.0,25.583,78.789,6.574,200.0,SSP5-8.5
2040-11-16,0.0,25.344,67.616,6.234,242.23,SSP5-8.5
2040-11-17,0.0,25.194,55.984,6.636,248.48,SSP5-8.5
2040-11-18,0.0,24.811,53.179,5.602,247.09,SSP5-8.5
2040-11-19,0.0,24.268,49.221,4.846,244.4,SSP5-8.5
2040-11-20,0.0,24.056,49.899,4.806,241.47,SSP5-8.5
2040-11-21,0.0,24.49,49.658,6.48,233.49,SSP5-8.5
2040-11-22,0.0,24.464,50.348,5.175,231.28,SSP5-8.5
2040-11-23,0.0,24.659,46.026,4.496,240.09,SSP5-8.5
2040-11-24,0.0,24.771,41.404,6.126,241.95,SSP5-8.5
2040-11-25,0.0,24.192,36.825,7.246,246.12,SSP5-8.5
2040-11-26,0.0,23.714,43.226,6.892,243.38,SSP5-8.5
2040-11-27,0.0,24.725,50.832,7.16,233.12,SSP5-8.5
2040-11-28,0.0,24.366,47.813,6.971,237.03,SSP5-8.5
2040-11-29,0.0,24.246,46.158,7.341,240.66,SSP5-8.5
2040-11-30,0.0,24.217,44.444,9.043,222.03,SSP5-8.5
2040-12-01,0.0,24.17,46.503,7.057,224.26,SSP5-8.5
2040-12-02,0.0,23.506,46.51,7.746,206.8,SSP5-8.5
2040-12-03,0.0,22.423,44.183,9.214,194.71,SSP5-8.5
2040-12-04,0.0,23.089,37.287,10.841,246.94,SSP5-8.5
2040-12-05,0.0,23.299,37.023,9.687,244.98,SSP5-8.5
2040-12-06,0.0,22.603,36.304,10.638,233.29,SSP5-8.5
2040-12-07,0.0,22.422,33.825,9.106,247.06,SSP5-8.5
2040-12-08,0.0,23.319,39.545,8.76,214.75,SSP5-8.5
2040-12-09,0.0,24.268,40.789,7.999,238.67,SSP5-8.5
2040-12-10,0.0,24.455,40.949,7.032,238.98,SSP5-8.5
2040-12-11,0.0,24.293,42.251,4.88,237.07,SSP5-8.5
2040-12-12,0.0,24.233,43.412,6.197,231.94,SSP5-8.5
2040-12-13,0.0,24.853,51.847,9.297,220.24,SSP5-8.5
2040-12-14,0.0,22.753,64.431,8.881,165.07,SSP5-8.5
2040-12-15,0.0,24.415,55.198,7.552,208.18,SSP5-8.5
2040-12-16,0.0,24.833,49.749,8.505,223.08,SSP5-8.5
2040-12-17,0.0,24.551,46.808,9.18,222.23,SSP5-8.5
2040-12-18,0.0,24.24,46.006,9.085,228.68,SSP5-8.5
2040-12-19,0.0,24.418,47.259,10.476,226.73,SSP5-8.5
2040-12-20,0.0,23.816,48.162,12.537,229.24,SSP5-8.5
2040-12-21,0.0,24.054,47.848,9.238,228.9,SSP5-8.5
2040-12-22,0.0,23.456,47.217,8.298,212.05,SSP5-8.5
2040-12-23,0.0,23.688,41.97,7.691,239.34,SSP5-8.5
2040-12-24,0.0,24.162,45.848,11.108,231.6,SSP5-8.5
2040-12-25,0.0,24.768,50.67,13.532,182.28,SSP5-8.5
2040-12-26,0.0,23.396,54.238,13.069,174.23,SSP5-8.5
2040-12-27,0.0,23.726,53.0,7.754,187.13,SSP5-8.5
2040-12-28,0.0,24.589,48.034,9.453,219.84,SSP5-8.5
2040-12-29,0.0,24.069,48.437,8.894,209.52,SSP5-8.5
2040-12-30,0.0,24.076,46.248,7.085,241.17,SSP5-8.5
2040-12-31,0.0,24.979,46.558,8.763,239.66,SSP5-8.5
2041-01-01,0.0,25.25,44.996,12.374,229.28,SSP5-8.5
2041-01-02,0.0,24.105,53.028,9.907,187.65,SSP5-8.5
2041-01-03,0.0,26.246,45.932,6.987,221.77,SSP5-8.5
2041-01-04,0.0,26.001,45.517,9.108,225.94,SSP5-8.5
2041-01-05,0.0,25.473,49.593,11.899,221.3,SSP5-8.5
2041-01-06,0.0,25.71,46.206,12.224,237.14,SSP5-8.5
2041-01-07,0.0,25.732,43.891,9.842,227.73,SSP5-8.5
2041-01-08,0.0,24.94,47.673,11.912,207.58,SSP5-8.5
2041-01-09,0.0,25.696,43.375,8.734,234.18,SSP5-8.5
2041-01-10,0.0,25.634,44.38,7.879,230.37,SSP5-8.5
2041-01-11,0.0,25.146,46.083,6.245,210.78,SSP5-8.5
2041-01-12,0.0,25.236,44.501,7.323,223.77,SSP5-8.5
2041-01-13,0.0,25.282,42.057,9.46,242.3,SSP5-8.5
2041-01-14,0.0,25.05,42.895,9.566,215.68,SSP5-8.5
2041-01-15,0.0,25.203,39.475,8.908,234.71,SSP5-8.5
2041-01-16,0.0,24.497,39.605,9.282,238.17,SSP5-8.5
2041-01-17,0.0,24.177,39.244,7.678,248.19,SSP5-8.5
2041-01-18,0.0,24.462,38.961,8.405,247.29,SSP5-8.5
2041-01-19,0.0,24.314,36.226,9.562,229.95,SSP5-8.5
2041-01-20,0.0,23.878,31.88,9.883,254.6,SSP5-8.5
2041-01-21,0.0,23.461,37.272,7.714,256.12,SSP5-8.5
2041-01-22,0.0,23.925,38.484,7.327,254.75,SSP5-8.5
2041-01-23,0.0,24.618,39.311,8.463,255.71,SSP5-8.5
2041-01-24,0.0,25.125,37.187,7.748,260.0,SSP5-8.5
2041-01-25,0.0,25.217,37.983,9.197,259.27,SSP5-8.5
2041-01-26,0.0,26.051,37.599,10.704,256.9,SSP5-8.5
2041-01-27,0.0,26.474,38.03,11.555,247.9,SSP5-8.5
2041-01-28,0.0,26.749,37.486,8.687,249.23,SSP5-8.5
2041-01-29,0.0,27.459,34.906,12.436,248.61,SSP5-8.5
2041-01-30,0.0,27.718,31.821,14.188,237.86,SSP5-8.5
2041-01-31,0.0,27.224,35.436,12.2,230.25,SSP5-8.5
2041-02-01,0.0,27.215,40.311,8.23,222.95,SSP5-8.5
2041-02-02,0.0,27.331,36.641,11.36,256.03,SSP5-8.5
2041-02-03,0.0,26.971,33.811,12.864,270.74,SSP5-8.5
2041-02-04,0.0,26.918,33.295,10.844,269.48,SSP5-8.5
2041-02-05,0.0,27.05,32.329,7.918,263.22,SSP5-8.5
2041-02-06,0.0,27.225,28.82,7.998,274.92,SSP5-8.5
2041-02-07,0.0,27.148,31.851,7.619,269.41,SSP5-8.5
2041-02-08,0.0,27.541,30.782,12.252,273.31,SSP5-8.5
2041-02-09,0.0,27.625,30.203,11.639,276.55,SSP5-8.5
2041-02-10,0.0,27.797,29.394,9.772,273.45,SSP5-8.5
2041-02-11,0.0,27.885,27.547,5.88,272.46,SSP5-8.5
2041-02-12,0.0,27.765,27.334,8.671,270.62,SSP5-8.5
2041-02-13,0.0,28.048,28.563,10.541,239.61,SSP5-8.5
2041-02-14,0.0,27.73,27.98,10.495,269.32,SSP5-8.5
2041-02-15,0.0,27.765,26.621,8.449,275.09,SSP5-8.5
2041-02-16,0.0,28.068,24.808,11.122,283.52,SSP5-8.5
2041-02-17,0.0,28.049,23.647,14.084,286.03,SSP5-8.5
2041-02-18,0.0,27.604,23.221,13.948,286.58,SSP5-8.5
2041-02-19,0.0,27.465,23.511,11.712,286.85,SSP5-8.5
2041-02-20,0.0,27.993,24.296,11.591,283.25,SSP5-8.5
2041-02-21,0.0,28.401,26.855,12.674,262.5,SSP5-8.5
2041-02-22,0.0001,28.92,37.803,11.067,213.26,SSP5-8.5
2041-02-23,0.0036,28.786,39.535,12.32,228.65,SSP5-8.5
2041-02-24,0.0,29.095,35.259,12.713,257.85,SSP5-8.5
2041-02-25,0.0,24.55,53.474,11.011,168.62,SSP5-8.5
2041-02-26,0.0,23.753,66.552,9.033,173.63,SSP5-8.5
2041-02-27,0.0,26.738,36.363,10.02,273.23,SSP5-8.5
2041-02-28,0.0,27.857,30.249,10.737,293.16,SSP5-8.5
2041-03-01,0.0,28.14,28.233,12.456,293.98,SSP5-8.5
2041-03-02,0.0,28.07,25.721,10.929,296.83,SSP5-8.5
2041-03-03,0.0021,28.517,28.331,12.915,261.03,SSP5-8.5
2041-03-04,0.0376,30.194,30.474,10.429,233.61,SSP5-8.5
2041-03-05,0.0596,29.904,32.608,10.487,243.6,SSP5-8.5
2041-03-06,0.0011,28.398,37.029,11.974,247.79,SSP5-8.5
2041-03-07,0.0,28.606,30.125,9.864,309.3,SSP5-8.5
2041-03-08,0.0266,28.976,38.639,11.642,237.53,SSP5-8.5
2041-03-09,0.0065,29.161,34.938,10.555,289.08,SSP5-8.5
2041-03-10,0.0345,29.701,32.36,10.042,276.31,SSP5-8.5
2041-03-11,0.0101,29.294,32.621,8.764,266.85,SSP5-8.5
2041-03-12,0.0,29.406,26.807,8.497,309.97,SSP5-8.5
2041-03-13,0.0,29.267,24.937,8.647,315.41,SSP5-8.5
2041-03-14,0.0,29.663,24.113,11.415,308.68,SSP5-8.5
2041-03-15,0.0,31.057,24.723,11.814,293.16,SSP5-8.5
2041-03-16,0.5112,25.427,51.09,8.79,154.39,SSP5-8.5
2041-03-17,0.2854,26.688,50.84,8.849,197.09,SSP5-8.5
2041-03-18,0.6102,28.806,42.189,11.067,262.46,SSP5-8.5
2041-03-19,0.0,30.118,32.851,10.197,301.19,SSP5-8.5
2041-03-20,0.0,30.453,28.712,8.986,313.83,SSP5-8.5
2041-03-21,0.0,30.481,27.153,9.008,284.72,SSP5-8.5
2041-03-22,0.0986,30.99,32.367,12.519,287.78,SSP5-8.5
2041-03-23,1.1331,27.691,52.004,10.407,197.73,SSP5-8.5
2041-03-24,0.0927,28.657,47.434,5.272,221.88,SSP5-8.5
2041-03-25,0.0008,30.219,34.395,5.443,281.82,SSP5-8.5
2041-03-26,0.0025,31.151,31.132,6.847,282.31,SSP5-8.5
2041-03-27,0.5704,31.284,31.566,6.08,279.47,SSP5-8.5
2041-03-28,0.0,31.159,27.852,5.662,302.19,SSP5-8.5
2041-03-29,0.0,31.326,24.831,7.624,317.23,SSP5-8.5
2041-03-30,0.0,31.072,22.857,8.812,321.43,SSP5-8.5
2041-03-31,0.0,31.322,21.366,10.655,319.12,SSP5-8.5
2041-04-01,0.0,32.244,21.182,9.839,310.45,SSP5-8.5
2041-04-02,0.0,32.287,21.442,10.005,327.18,SSP5-8.5
2041-04-03,0.0,33.314,24.936,12.199,318.95,SSP5-8.5
2041-04-04,0.0,33.6,25.91,11.963,308.56,SSP5-8.5
2041-04-05,0.0138,34.107,26.077,10.89,289.76,SSP5-8.5
2041-04-06,0.0,34.128,24.929,10.287,285.68,SSP5-8.5
2041-04-07,0.0156,33.598,26.842,11.022,262.11,SSP5-8.5
2041-04-08,0.0001,33.868,26.53,10.78,301.0,SSP5-8.5
2041-04-09,0.0098,33.992,25.019,10.291,297.58,SSP5-8.5
2041-04-10,0.0,33.47,25.847,10.765,285.35,SSP5-8.5
2041-04-11,0.0,33.609,23.314,8.791,287.45,SSP5-8.5
2041-04-12,0.0,33.187,21.382,8.516,322.9,SSP5-8.5
2041-04-13,0.0,33.776,23.771,9.915,326.79,SSP5-8.5
2041-04-14,0.0,34.191,25.391,10.41,299.2,SSP5-8.5
2041-04-15,0.0,34.634,23.472,9.934,304.96,SSP5-8.5
2041-04-16,0.0,34.135,22.254,8.279,310.16,SSP5-8.5
2041-04-17,0.0,34.453,20.749,7.183,317.78,SSP5-8.5
2041-04-18,0.0,34.608,18.094,6.58,340.09,SSP5-8.5
2041-04-19,0.0,34.694,15.832,9.717,348.35,SSP5-8.5
2041-04-20,0.0,34.638,16.479,7.912,346.6,SSP5-8.5
2041-04-21,0.0,34.531,17.849,6.591,340.51,SSP5-8.5
2041-04-22,0.0434,35.494,22.51,11.559,321.63,SSP5-8.5
2041-04-23,0.1896,35.638,25.592,10.621,248.81,SSP5-8.5
2041-04-24,0.1922,35.271,25.191,8.237,260.96,SSP5-8.5
2041-04-25,0.0687,34.945,26.219,8.61,272.24,SSP5-8.5
2041-04-26,0.0,35.086,23.395,7.486,308.8,SSP5-8.5
2041-04-27,0.0,35.297,24.768,9.061,263.71,SSP5-8.5
2041-04-28,0.0,35.256,19.807,7.969,328.98,SSP5-8.5
2041-04-29,0.0,35.345,20.561,10.742,327.57,SSP5-8.5
2041-04-30,0.0,35.614,22.264,11.377,314.01,SSP5-8.5
2041-05-01,0.3277,34.419,25.422,13.291,310.02,SSP5-8.5
2041-05-02,0.0,34.515,23.43,12.415,314.38,SSP5-8.5
2041-05-03,0.0,34.618,23.613,11.163,248.49,SSP5-8.5
2041-05-04,3.5593,34.513,25.477,8.284,298.37,SSP5-8.5
2041-05-05,1.1443,34.059,31.634,9.024,268.73,SSP5-8.5
2041-05-06,0.4485,34.442,28.606,7.924,315.75,SSP5-8.5
2041-05-07,0.0146,34.455,25.9,9.097,313.7,SSP5-8.5
2041-05-08,0.0325,34.821,24.487,9.621,301.26,SSP5-8.5
2041-05-09,0.0056,35.118,24.167,8.902,292.37,SSP5-8.5
2041-05-10,0.0,35.409,22.574,8.767,264.27,SSP5-8.5
2041-05-11,0.0,35.516,19.684,10.248,313.51,SSP5-8.5
2041-05-12,0.0,35.587,19.107,10.247,296.27,SSP5-8.5
2041-05-13,0.0,35.835,18.138,16.083,343.0,SSP5-8.5
2041-05-14,0.0,35.652,18.756,15.422,348.6,SSP5-8.5
2041-05-15,0.0,35.784,20.258,10.377,312.36,SSP5-8.5
2041-05-16,0.0131,35.655,20.257,5.865,325.04,SSP5-8.5
2041-05-17,0.0579,35.324,23.187,4.816,285.24,SSP5-8.5
2041-05-18,0.0078,35.128,23.921,6.556,317.68,SSP5-8.5
2041-05-19,5.1268,34.794,28.649,8.861,296.98,SSP5-8.5
2041-05-20,0.0266,34.609,30.873,10.307,290.59,SSP5-8.5
2041-05-21,0.0378,35.188,27.961,8.488,287.26,SSP5-8.5
2041-05-22,0.0265,34.822,30.328,8.168,264.19,SSP5-8.5
2041-05-23,0.0473,35.266,26.038,9.023,286.63,SSP5-8.5
2041-05-24,0.0999,32.514,33.927,12.284,214.5,SSP5-8.5
2041-05-25,0.0,34.93,26.276,14.953,296.09,SSP5-8.5
2041-05-26,0.0,35.429,24.319,12.451,325.27,SSP5-8.5
2041-05-27,0.4486,35.536,24.485,13.452,315.15,SSP5-8.5
2041-05-28,0.4471,35.447,27.974,11.023,309.81,SSP5-8.5
2041-05-29,0.16,34.467,32.999,10.881,268.24,SSP5-8.5
2041-05-30,1.5628,34.438,37.732,9.79,302.22,SSP5-8.5
2041-05-31,0.2522,34.057,39.596,8.773,275.42,SSP5-8.5
2041-06-01,0.0,34.528,31.231,10.672,297.06,SSP5-8.5
2041-06-02,0.0,35.123,28.854,14.543,318.37,SSP5-8.5
2041-06-03,0.0,34.663,26.843,16.604,307.32,SSP5-8.5
2041-06-04,0.0,34.495,29.42,16.594,309.62,SSP5-8.5
2041-06-05,0.0,34.598,25.585,15.502,339.97,SSP5-8.5
2041-06-06,0.0,34.603,25.063,16.164,318.43,SSP5-8.5
2041-06-07,0.0,34.85,27.897,16.442,315.72,SSP5-8.5
2041-06-08,0.2028,35.009,32.711,17.041,311.76,SSP5-8.5
2041-06-09,9.7162,33.518,47.51,14.599,281.71,SSP5-8.5
2041-06-10,0.0,29.936,50.857,17.41,245.34,SSP5-8.5
2041-06-11,0.0,32.703,42.209,17.853,294.63,SSP5-8.5
2041-06-12,0.0,33.96,29.901,16.776,318.85,SSP5-8.5
2041-06-13,0.0,35.538,26.554,13.652,326.47,SSP5-8.5
2041-06-14,0.0166,35.402,27.973,12.275,285.81,SSP5-8.5
2041-06-15,6.8017,35.766,36.963,10.796,296.87,SSP5-8.5
2041-06-16,0.0,29.493,54.973,10.959,219.21,SSP5-8.5
2041-06-17,0.1433,33.471,44.341,12.67,288.92,SSP5-8.5
2041-06-18,0.0,28.427,60.197,13.696,219.31,SSP5-8.5
2041-06-19,0.0,28.191,65.274,14.473,202.84,SSP5-8.5
2041-06-20,0.0,29.263,56.184,17.849,223.93,SSP5-8.5
2041-06-21,9.2168,28.422,64.603,17.211,221.11,SSP5-8.5
2041-06-22,6.3383,27.305,80.567,19.806,194.62,SSP5-8.5
2041-06-23,0.4639,27.502,77.581,16.793,223.63,SSP5-8.5
2041-06-24,0.0096,29.502,64.284,16.387,261.61,SSP5-8.5
2041-06-25,0.0,28.909,65.75,14.414,251.93,SSP5-8.5
2041-06-26,4.101,29.491,65.797,14.512,269.67,SSP5-8.5
2041-06-27,0.0,29.289,64.843,17.509,262.46,SSP5-8.5
2041-06-28,0.0685,28.371,69.604,17.913,239.05,SSP5-8.5
2041-06-29,0.8898,27.586,79.851,16.68,227.47,SSP5-8.5
2041-06-30,0.0,28.491,71.217,19.687,241.71,SSP5-8.5
2041-07-01,0.0,28.027,69.543,20.084,230.44,SSP5-8.5
2041-07-02,43.1916,26.151,90.254,17.816,162.55,SSP5-8.5
2041-07-03,26.04,25.905,90.812,18.642,158.36,SSP5-8.5
2041-07-04,0.1851,26.837,83.954,11.793,227.59,SSP5-8.5
2041-07-05,1.9183,28.118,81.554,10.586,273.71,SSP5-8.5
2041-07-06,4.7262,27.635,84.193,9.41,247.19,SSP5-8.5
2041-07-07,2.7763,27.168,84.118,11.179,250.57,SSP5-8.5
2041-07-08,17.4297,26.637,88.204,12.171,209.95,SSP5-8.5
2041-07-09,21.8687,26.247,91.654,13.394,183.98,SSP5-8.5
2041-07-10,0.1715,26.853,83.832,14.207,228.46,SSP5-8.5
2041-07-11,0.001,27.443,80.954,12.618,258.23,SSP5-8.5
2041-07-12,0.7077,27.717,83.421,11.973,256.14,SSP5-8.5
2041-07-13,0.0,27.18,83.839,12.461,223.62,SSP5-8.5
2041-07-14,0.3801,27.653,81.59,13.495,237.85,SSP5-8.5
2041-07-15,0.332,27.013,86.994,10.158,222.9,SSP5-8.5
2041-07-16,0.0,28.539,79.188,10.221,279.84,SSP5-8.5
2041-07-17,0.0,28.837,78.94,7.105,261.94,SSP5-8.5
2041-07-18,0.0,29.202,78.785,5.238,264.67,SSP5-8.5
2041-07-19,0.0,28.916,81.928,6.642,239.53,SSP5-8.5
2041-07-20,0.0,28.261,83.272,5.597,241.47,SSP5-8.5
2041-07-21,0.0,28.786,77.576,8.362,266.06,SSP5-8.5
2041-07-22,0.0,28.544,79.774,8.744,251.06,SSP5-8.5
2041-07-23,0.0633,28.175,83.426,4.622,242.65,SSP5-8.5
2041-07-24,4.573,27.188,89.267,4.018,227.56,SSP5-8.5
2041-07-25,0.0322,28.035,84.484,3.833,238.3,SSP5-8.5
2041-07-26,1.7685,28.008,86.136,3.956,231.6,SSP5-8.5
2041-07-27,3.2592,27.374,88.486,3.957,224.36,SSP5-8.5
2041-07-28,2.9951,27.344,87.918,5.288,224.54,SSP5-8.5
2041-07-29,0.0,27.804,85.132,5.629,234.63,SSP5-8.5
2041-07-30,0.0,29.173,79.299,8.795,272.4,SSP5-8.5
2041-07-31,0.0,28.484,77.761,10.777,266.91,SSP5-8.5
2041-08-01,0.0113,28.321,83.081,9.217,246.14,SSP5-8.5
2041-08-02,0.0,29.4,80.334,8.503,256.2,SSP5-8.5
2041-08-03,0.2712,30.519,77.577,6.98,283.77,SSP5-8.5
2041-08-04,15.0667,27.827,90.331,7.508,210.97,SSP5-8.5
2041-08-05,30.4428,27.873,90.721,6.811,231.44,SSP5-8.5
2041-08-06,15.8069,27.751,90.584,5.225,219.59,SSP5-8.5
2041-08-07,13.0105,27.821,90.246,5.269,227.2,SSP5-8.5
2041-08-08,28.1418,27.548,93.019,6.497,219.74,SSP5-8.5
2041-08-09,39.913,27.405,93.925,6.874,212.6,SSP5-8.5
2041-08-10,16.6631,27.374,90.67,12.307,209.37,SSP5-8.5
2041-08-11,3.628,27.553,87.709,13.004,214.35,SSP5-8.5
2041-08-12,1.0608,27.757,87.579,11.091,225.58,SSP5-8.5
2041-08-13,8.0533,27.727,89.239,10.495,225.43,SSP5-8.5
2041-08-14,0.0,28.232,85.023,9.284,251.06,SSP5-8.5
2041-08-15,0.9712,28.028,87.229,7.911,240.05,SSP5-8.5
2041-08-16,0.6128,28.156,87.077,5.929,248.04,SSP5-8.5
2041-08-17,0.2328,28.687,85.254,5.624,261.32,SSP5-8.5
2041-08-18,11.9727,28.269,89.008,5.19,240.95,SSP5-8.5
2041-08-19,30.4579,27.446,92.811,5.864,218.91,SSP5-8.5
2041-08-20,11.6744,27.718,90.33,7.671,224.29,SSP5-8.5
2041-08-21,18.7721,27.598,91.511,10.16,223.56,SSP5-8.5
2041-08-22,5.4603,27.691,91.296,9.085,226.52,SSP5-8.5
2041-08-23,0.1754,27.88,87.005,7.753,262.99,SSP5-8.5
2041-08-24,0.2851,28.166,84.626,8.232,256.15,SSP5-8.5
2041-08-25,1.4685,27.968,89.279,5.782,236.18,SSP5-8.5
2041-08-26,0.0,28.416,85.689,6.616,253.76,SSP5-8.5
2041-08-27,1.5623,28.134,86.693,8.513,239.24,SSP5-8.5
2041-08-28,0.0,28.241,83.471,7.45,245.4,SSP5-8.5
2041-08-29,16.5737,28.155,88.511,5.107,238.4,SSP5-8.5
2041-08-30,17.7536,27.561,92.364,3.746,222.01,SSP5-8.5
2041-08-31,0.0,27.802,88.83,5.589,236.44,SSP5-8.5
2041-09-01,0.4284,28.24,86.932,6.427,241.05,SSP5-8.5
2041-09-02,19.114,27.572,90.959,10.116,213.88,SSP5-8.5
2041-09-03,0.0,27.636,89.151,11.227,210.4,SSP5-8.5
2041-09-04,0.624,27.845,88.181,9.828,225.59,SSP5-8.5
2041-09-05,1.3126,28.406,83.57,7.503,249.91,SSP5-8.5
2041-09-06,32.5503,27.332,93.026,5.551,205.46,SSP5-8.5
2041-09-07,10.0718,27.658,90.701,7.075,221.16,SSP5-8.5
2041-09-08,27.6341,27.637,90.467,7.742,236.16,SSP5-8.5
2041-09-09,18.0364,27.311,93.271,5.544,214.85,SSP5-8.5
2041-09-10,1.5426,27.601,90.72,3.962,224.18,SSP5-8.5
2041-09-11,3.5176,27.932,87.38,4.285,244.19,SSP5-8.5
2041-09-12,12.4569,27.959,88.75,4.631,236.81,SSP5-8.5
2041-09-13,16.8816,27.619,91.341,4.736,220.98,SSP5-8.5
2041-09-14,15.3132,27.551,91.558,4.668,217.9,SSP5-8.5
2041-09-15,20.2036,27.393,93.128,4.93,216.05,SSP5-8.5
2041-09-16,15.07,27.347,92.673,6.967,215.58,SSP5-8.5
2041-09-17,0.443,27.779,88.074,8.244,233.37,SSP5-8.5
2041-09-18,0.0,28.46,82.743,3.795,261.34,SSP5-8.5
2041-09-19,0.0,28.625,77.151,6.887,276.46,SSP5-8.5
2041-09-20,0.0,28.243,81.29,8.365,238.75,SSP5-8.5
2041-09-21,0.0,28.623,80.718,8.975,254.72,SSP5-8.5
2041-09-22,0.0,28.591,79.035,9.01,254.97,SSP5-8.5
2041-09-23,0.0,28.891,77.907,10.192,267.59,SSP5-8.5
2041-09-24,3.455,28.314,83.268,8.742,227.72,SSP5-8.5
2041-09-25,16.8354,28.199,86.423,8.583,226.3,SSP5-8.5
2041-09-26,0.0984,27.878,86.965,7.509,200.53,SSP5-8.5
2041-09-27,0.0685,28.171,81.64,9.379,236.62,SSP5-8.5
2041-09-28,0.0,27.374,87.176,8.289,199.55,SSP5-8.5
2041-09-29,7.8204,27.447,89.012,6.626,211.16,SSP5-8.5
2041-09-30,13.8662,27.544,90.399,5.681,207.06,SSP5-8.5
2041-10-01,20.9169,26.832,91.628,4.746,206.3,SSP5-8.5
2041-10-02,11.0395,27.018,88.514,6.07,220.3,SSP5-8.5
2041-10-03,37.8766,26.506,93.573,14.778,172.49,SSP5-8.5
2041-10-04,19.1671,26.334,93.318,9.337,186.6,SSP5-8.5
2041-10-05,29.9595,26.346,94.394,4.508,191.42,SSP5-8.5
2041-10-06,14.6885,26.58,90.619,5.426,209.71,SSP5-8.5
2041-10-07,0.8634,26.604,88.977,7.105,200.37,SSP5-8.5
2041-10-08,0.2823,26.797,81.923,9.063,230.79,SSP5-8.5
2041-10-09,23.0616,26.274,92.216,7.456,174.5,SSP5-8.5
2041-10-10,23.6088,26.56,92.245,6.721,197.81,SSP5-8.5
2041-10-11,0.0,27.169,78.093,11.91,230.97,SSP5-8.5
2041-10-12,0.0,27.229,74.772,11.908,236.34,SSP5-8.5
2041-10-13,0.0,27.233,74.286,10.173,253.9,SSP5-8.5
2041-10-14,2.2599,27.114,81.718,8.745,224.06,SSP5-8.5
2041-10-15,25.748,26.578,90.944,7.095,191.89,SSP5-8.5
2041-10-16,1.9373,27.205,84.726,7.029,219.57,SSP5-8.5
2041-10-17,0.3923,27.66,80.671,6.744,212.79,SSP5-8.5
2041-10-18,0.0,27.702,62.654,6.878,267.69,SSP5-8.5
2041-10-19,0.0,26.687,67.921,4.958,252.47,SSP5-8.5
2041-10-20,0.0,26.412,79.121,6.227,233.43,SSP5-8.5
2041-10-21,0.0,26.705,81.719,5.694,229.11,SSP5-8.5
2041-10-22,0.0,27.354,78.128,5.603,234.71,SSP5-8.5
2041-10-23,0.0,27.903,69.349,4.276,230.03,SSP5-8.5
2041-10-24,0.0,27.595,57.95,7.019,239.88,SSP5-8.5
2041-10-25,0.0,25.31,50.561,9.229,222.83,SSP5-8.5
2041-10-26,0.0,22.28,35.028,9.26,202.62,SSP5-8.5
2041-10-27,0.0,21.282,35.108,8.53,270.07,SSP5-8.5
2041-10-28,0.0,21.672,37.596,6.809,285.85,SSP5-8.5
2041-10-29,0.0,21.979,46.471,5.181,269.71,SSP5-8.5
2041-10-30,0.0,24.431,54.933,6.59,245.47,SSP5-8.5
2041-10-31,0.0,24.775,47.906,9.916,248.37,SSP5-8.5
2041-11-01,0.0,24.303,41.391,10.779,267.38,SSP5-8.5
2041-11-02,0.0,23.588,38.531,13.171,253.87,SSP5-8.5
2041-11-03,0.0,22.56,34.955,9.515,276.35,SSP5-8.5
2041-11-04,0.0,22.317,36.743,5.032,266.49,SSP5-8.5
2041-11-05,0.0,22.983,53.609,4.794,252.89,SSP5-8.5
2041-11-06,0.1637,24.617,85.293,4.376,166.17,SSP5-8.5
2041-11-07,0.0,25.938,60.523,9.549,228.87,SSP5-8.5
2041-11-08,0.0,25.438,42.188,12.832,246.06,SSP5-8.5
2041-11-09,0.0,25.088,44.428,13.69,250.39,SSP5-8.5
2041-11-10,2.4857,26.569,56.119,13.125,241.89,SSP5-8.5
2041-11-11,0.5836,24.971,82.224,11.177,172.79,SSP5-8.5
2041-11-12,0.4498,25.43,81.955,8.254,187.26,SSP5-8.5
2041-11-13,0.0,25.431,61.917,5.602,230.73,SSP5-8.5
2041-11-14,0.0,24.633,43.252,6.922,254.31,SSP5-8.5
2041-11-15,0.0,23.529,37.851,7.094,251.27,SSP5-8.5
2041-11-16,0.0,23.046,49.823,9.124,254.46,SSP5-8.5
2041-11-17,0.0,24.647,60.657,9.779,227.28,SSP5-8.5
2041-11-18,0.0032,24.603,60.7,8.101,224.33,SSP5-8.5
2041-11-19,0.0,25.143,60.109,7.514,208.12,SSP5-8.5
2041-11-20,0.0,25.244,56.761,8.158,234.62,SSP5-8.5
2041-11-21,0.0,24.179,54.916,7.474,212.54,SSP5-8.5
2041-11-22,0.0,23.954,49.12,8.019,245.57,SSP5-8.5
2041-11-23,0.0,24.237,51.597,7.617,240.67,SSP5-8.5
2041-11-24,0.0,24.746,55.264,5.827,223.4,SSP5-8.5
2041-11-25,0.0,24.877,55.109,5.519,226.07,SSP5-8.5
2041-11-26,0.0,24.768,52.204,4.904,228.72,SSP5-8.5
2041-11-27,0.0,24.866,53.459,6.815,227.36,SSP5-8.5
2041-11-28,0.0,24.414,52.731,6.813,229.24,SSP5-8.5
2041-11-29,0.0,23.41,38.947,7.824,240.37,SSP5-8.5
2041-11-30,0.0,22.846,33.617,8.695,248.78,SSP5-8.5
2041-12-01,0.0,22.895,34.553,7.123,249.27,SSP5-8.5
2041-12-02,0.0,23.028,47.834,6.417,236.5,SSP5-8.5
2041-12-03,0.0,23.141,49.909,6.584,229.58,SSP5-8.5
2041-12-04,0.0,22.916,43.27,7.347,229.31,SSP5-8.5
2041-12-05,0.0001,24.423,48.438,6.729,222.28,SSP5-8.5
2041-12-06,0.0,24.696,68.326,8.042,183.89,SSP5-8.5
2041-12-07,0.0,24.926,66.826,6.14,195.91,SSP5-8.5
2041-12-08,0.0,24.951,53.105,6.846,218.92,SSP5-8.5
2041-12-09,0.0,24.23,44.547,9.281,236.68,SSP5-8.5
2041-12-10,0.0,23.766,39.87,9.056,226.99,SSP5-8.5
2041-12-11,0.0,23.891,36.81,9.744,212.25,SSP5-8.5
2041-12-12,0.0,23.558,45.751,13.02,180.0,SSP5-8.5
2041-12-13,0.0,23.484,26.195,13.902,228.58,SSP5-8.5
2041-12-14,0.0,22.144,31.371,11.618,160.12,SSP5-8.5
2041-12-15,0.0,22.547,54.791,11.338,153.51,SSP5-8.5
2041-12-16,0.0,22.566,80.115,11.807,150.16,SSP5-8.5
2041-12-17,0.0,23.113,74.821,9.144,159.5,SSP5-8.5
2041-12-18,0.0,25.282,59.076,7.408,210.94,SSP5-8.5
2041-12-19,0.0,25.155,54.689,9.671,203.66,SSP5-8.5
2041-12-20,0.0,23.119,57.898,10.4,196.44,SSP5-8.5
2041-12-21,0.0,23.07,64.637,19.387,155.67,SSP5-8.5
2041-12-22,0.0,24.366,53.099,11.774,220.58,SSP5-8.5
2041-12-23,0.0,22.232,34.241,12.88,242.74,SSP5-8.5
2041-12-24,0.0,21.72,37.089,8.908,244.63,SSP5-8.5
2041-12-25,0.0,21.743,41.25,6.81,244.9,SSP5-8.5
2041-12-26,0.0,21.843,38.17,6.24,241.2,SSP5-8.5
2041-12-27,0.0,20.856,28.446,10.814,228.37,SSP5-8.5
2041-12-28,0.0,19.849,28.633,8.972,218.75,SSP5-8.5
2041-12-29,0.0,19.381,29.648,8.73,255.03,SSP5-8.5
2041-12-30,0.0,20.082,26.263,11.452,254.82,SSP5-8.5
2041-12-31,0.0,19.467,24.02,13.931,259.45,SSP5-8.5
2042-01-01,0.0,19.831,25.426,12.298,238.24,SSP5-8.5
2042-01-02,0.0,19.16,26.285,11.22,262.31,SSP5-8.5
2042-01-03,0.0,19.965,25.81,11.404,261.39,SSP5-8.5
2042-01-04,0.0,20.685,28.306,12.223,244.27,SSP5-8.5
2042-01-05,0.0,22.412,44.768,11.989,225.45,SSP5-8.5
2042-01-06,0.0,22.527,81.884,10.795,117.24,SSP5-8.5
2042-01-07,0.0,20.786,89.826,9.966,115.14,SSP5-8.5
2042-01-08,0.0,23.313,51.923,11.698,213.99,SSP5-8.5
2042-01-09,0.0,21.904,34.098,11.202,249.95,SSP5-8.5
2042-01-10,0.0,21.35,35.639,8.068,254.42,SSP5-8.5
2042-01-11,0.0,21.627,41.851,4.952,251.74,SSP5-8.5
2042-01-12,0.0,22.441,46.616,9.709,247.67,SSP5-8.5
2042-01-13,0.0,22.789,45.286,8.575,249.59,SSP5-8.5
2042-01-14,0.0,21.963,42.91,6.622,223.4,SSP5-8.5
2042-01-15,0.0,22.062,39.114,7.728,253.24,SSP5-8.5
2042-01-16,0.0,22.238,37.378,7.615,255.23,SSP5-8.5
2042-01-17,0.0,22.457,34.63,9.708,255.81,SSP5-8.5
2042-01-18,0.0,22.207,33.309,9.73,258.5,SSP5-8.5
2042-01-19,0.0,21.718,34.573,8.767,263.11,SSP5-8.5
2042-01-20,0.0,21.849,36.804,9.243,264.08,SSP5-8.5
2042-01-21,0.0,22.539,40.532,9.519,263.7,SSP5-8.5
2042-01-22,0.0,23.067,44.596,7.81,238.59,SSP5-8.5
2042-01-23,0.0,23.975,43.626,6.074,248.89,SSP5-8.5
2042-01-24,0.0,24.203,42.865,6.163,241.19,SSP5-8.5
2042-01-25,0.0,24.179,36.968,4.983,262.81,SSP5-8.5
2042-01-26,0.0,23.942,37.605,7.898,248.22,SSP5-8.5
2042-01-27,0.0,24.874,44.112,8.384,250.12,SSP5-8.5
2042-01-28,0.0,25.458,46.532,10.362,243.77,SSP5-8.5
2042-01-29,0.0,25.498,45.217,7.569,252.72,SSP5-8.5
2042-01-30,0.0,25.499,42.731,7.81,255.9,SSP5-8.5
2042-01-31,0.0,25.275,40.867,7.85,263.49,SSP5-8.5
2042-02-01,0.0,25.546,39.287,10.029,261.79,SSP5-8.5
2042-02-02,0.0,25.517,38.515,12.73,258.65,SSP5-8.5
2042-02-03,0.0,25.574,40.218,12.538,247.15,SSP5-8.5
2042-02-04,0.0,24.61,44.787,9.14,243.42,SSP5-8.5
2042-02-05,0.0,24.103,32.843,12.683,277.09,SSP5-8.5
2042-02-06,0.0,23.884,33.606,9.479,271.6,SSP5-8.5
2042-02-07,0.0,24.883,40.532,9.135,268.07,SSP5-8.5
2042-02-08,0.0,25.319,39.844,10.651,269.55,SSP5-8.5
2042-02-09,0.0,25.92,38.573,9.596,269.2,SSP5-8.5
2042-02-10,0.0,25.836,35.511,9.495,271.91,SSP5-8.5
2042-02-11,0.0,25.944,34.868,10.971,275.5,SSP5-8.5
2042-02-12,0.0,25.998,34.362,11.398,277.19,SSP5-8.5
2042-02-13,0.0,25.955,32.462,10.274,278.32,SSP5-8.5
2042-02-14,0.0,25.848,29.874,9.22,279.71,SSP5-8.5
2042-02-15,0.0,26.218,29.526,7.148,272.35,SSP5-8.5
2042-02-16,0.0,26.543,29.38,5.524,276.24,SSP5-8.5
2042-02-17,0.0,26.685,29.28,4.105,278.24,SSP5-8.5
2042-02-18,0.0,27.378,31.238,9.743,277.43,SSP5-8.5
2042-02-19,0.0,27.896,29.723,16.872,272.89,SSP5-8.5
2042-02-20,0.0,27.477,27.941,18.964,291.91,SSP5-8.5
2042-02-21,0.0,28.116,33.392,12.716,272.1,SSP5-8.5
2042-02-22,0.0,27.866,29.63,9.948,288.19,SSP5-8.5
2042-02-23,0.0,27.334,24.721,9.63,295.19,SSP5-8.5
2042-02-24,0.0,27.049,24.331,7.892,284.35,SSP5-8.5
2042-02-25,0.0,27.795,34.399,8.979,278.47,SSP5-8.5
2042-02-26,0.0,28.469,38.157,10.226,247.62,SSP5-8.5
2042-02-27,0.0,28.686,33.988,9.882,255.59,SSP5-8.5
2042-02-28,0.0,28.343,29.908,8.042,287.33,SSP5-8.5
2042-03-01,0.0,27.726,30.25,10.098,292.0,SSP5-8.5
2042-03-02,0.0,27.954,26.017,12.868,303.54,SSP5-8.5
2042-03-03,0.0,27.886,25.391,11.498,310.28,SSP5-8.5
2042-03-04,0.0,28.094,26.842,9.625,304.74,SSP5-8.5
2042-03-05,0.0,28.164,26.912,7.728,307.14,SSP5-8.5
2042-03-06,0.0,28.556,27.52,8.404,302.41,SSP5-8.5
2042-03-07,0.0,29.014,28.27,8.058,295.47,SSP5-8.5
2042-03-08,0.0055,29.666,26.104,11.636,293.3,SSP5-8.5
2042-03-09,0.0034,29.602,26.905,12.98,262.77,SSP5-8.5
2042-03-10,0.0,28.575,27.312,11.643,245.23,SSP5-8.5
2042-03-11,0.0,28.401,29.238,10.305,310.14,SSP5-8.5
2042-03-12,0.0,29.949,29.439,10.328,298.14,SSP5-8.5
2042-03-13,0.0,30.255,26.649,8.656,301.07,SSP5-8.5
2042-03-14,0.0,29.894,24.695,7.725,316.36,SSP5-8.5
2042-03-15,0.0,29.821,23.449,8.2,319.89,SSP5-8.5
2042-03-16,0.0,29.59,22.931,8.715,320.25,SSP5-8.5
2042-03-17,0.0,29.978,24.229,9.492,307.49,SSP5-8.5
2042-03-18,0.0,30.232,26.011,8.961,308.34,SSP5-8.5
2042-03-19,0.0,30.616,27.143,10.536,309.01,SSP5-8.5
2042-03-20,0.0,30.878,29.534,14.282,293.88,SSP5-8.5
2042-03-21,0.0,30.407,28.787,14.826,301.07,SSP5-8.5
2042-03-22,0.0,30.143,27.023,14.318,320.44,SSP5-8.5
2042-03-23,0.0,30.154,26.904,13.97,323.53,SSP5-8.5
2042-03-24,0.0,30.514,25.166,13.507,316.86,SSP5-8.5
2042-03-25,0.0,29.968,24.252,12.309,320.73,SSP5-8.5
2042-03-26,0.0,30.589,25.5,11.476,318.9,SSP5-8.5
2042-03-27,0.0,30.247,24.867,8.671,290.97,SSP5-8.5
2042-03-28,0.0007,31.071,25.956,8.062,247.23,SSP5-8.5
2042-03-29,0.0,30.807,23.854,5.649,259.24,SSP5-8.5
2042-03-30,0.0,29.929,22.085,5.338,326.74,SSP5-8.5
2042-03-31,0.0,29.74,23.947,9.514,337.28,SSP5-8.5
2042-04-01,0.0,31.723,25.339,12.552,334.13,SSP5-8.5
2042-04-02,0.0,31.713,24.968,12.933,324.45,SSP5-8.5
2042-04-03,0.0142,31.899,26.837,13.121,282.77,SSP5-8.5
2042-04-04,0.0008,31.65,26.69,11.451,294.9,SSP5-8.5
2042-04-05,0.0,32.084,26.388,12.788,322.29,SSP5-8.5
2042-04-06,0.0002,32.107,26.41,12.484,328.09,SSP5-8.5
2042-04-07,0.0,32.419,24.383,11.094,326.59,SSP5-8.5
2042-04-08,0.0,32.656,22.389,10.363,322.34,SSP5-8.5
2042-04-09,0.0,32.823,22.235,11.632,321.0,SSP5-8.5
2042-04-10,0.0,33.133,23.683,10.801,289.82,SSP5-8.5
2042-04-11,0.0,33.646,24.545,9.316,293.63,SSP5-8.5
2042-04-12,0.0,33.004,24.541,9.57,320.97,SSP5-8.5
2042-04-13,0.0,33.285,22.714,10.28,316.78,SSP5-8.5
2042-04-14,0.0,33.566,22.168,11.031,323.75,SSP5-8.5
2042-04-15,0.0,33.648,21.699,9.837,322.94,SSP5-8.5
2042-04-16,0.0,33.494,21.919,11.323,321.89,SSP5-8.5
2042-04-17,0.0087,33.374,22.205,9.562,305.79,SSP5-8.5
2042-04-18,0.0008,33.971,21.768,5.391,323.75,SSP5-8.5
2042-04-19,0.0,28.017,29.896,4.5,207.29,SSP5-8.5
2042-04-20,0.0,31.873,23.32,5.722,344.07,SSP5-8.5
2042-04-21,0.0,32.681,23.078,6.965,334.76,SSP5-8.5
2042-04-22,0.0,33.429,22.238,7.194,336.48,SSP5-8.5
2042-04-23,0.0,33.755,21.476,8.224,327.62,SSP5-8.5
2042-04-24,0.0,34.901,20.451,5.954,330.12,SSP5-8.5
2042-04-25,0.0,34.631,20.879,6.479,328.05,SSP5-8.5
2042-04-26,0.0,35.061,24.956,9.614,308.15,SSP5-8.5
2042-04-27,0.0,35.088,24.639,8.153,269.22,SSP5-8.5
2042-04-28,0.0807,35.33,25.285,9.861,315.33,SSP5-8.5
2042-04-29,0.0,34.999,26.817,10.573,290.92,SSP5-8.5
2042-04-30,0.7026,34.63,29.217,11.173,293.02,SSP5-8.5
2042-05-01,0.0509,34.496,28.876,10.978,307.4,SSP5-8.5
2042-05-02,0.0165,34.68,27.039,9.81,299.96,SSP5-8.5
2042-05-03,0.0706,34.706,27.441,7.684,281.06,SSP5-8.5
2042-05-04,0.0,34.827,25.753,8.305,282.83,SSP5-8.5
2042-05-05,0.0007,35.022,26.076,10.348,284.63,SSP5-8.5
2042-05-06,0.2596,34.929,26.646,8.219,298.9,SSP5-8.5
2042-05-07,0.0036,34.927,25.711,8.167,289.07,SSP5-8.5
2042-05-08,0.0,35.049,22.636,8.29,314.46,SSP5-8.5
2042-05-09,0.2511,35.374,23.644,8.86,296.72,SSP5-8.5
2042-05-10,0.2184,32.063,35.36,8.562,193.45,SSP5-8.5
2042-05-11,0.0,34.624,25.839,9.842,305.74,SSP5-8.5
2042-05-12,0.0,34.94,21.122,11.097,336.38,SSP5-8.5
2042-05-13,0.0038,35.678,20.158,11.167,328.54,SSP5-8.5
2042-05-14,0.0036,35.745,23.672,9.307,275.36,SSP5-8.5
2042-05-15,0.4283,35.43,25.517,6.011,299.19,SSP5-8.5
2042-05-16,0.0005,35.258,25.333,7.104,320.51,SSP5-8.5
2042-05-17,0.0008,35.687,26.39,6.877,302.6,SSP5-8.5
2042-05-18,0.1188,35.693,25.348,7.002,299.06,SSP5-8.5
2042-05-19,0.0429,35.663,25.59,6.671,309.29,SSP5-8.5
2042-05-20,0.0,35.406,23.073,7.479,307.13,SSP5-8.5
2042-05-21,0.0,35.745,23.609,13.772,310.78,SSP5-8.5
2042-05-22,0.0081,35.405,25.157,18.006,315.36,SSP5-8.5
2042-05-23,10.1715,34.249,34.798,15.288,267.35,SSP5-8.5
2042-05-24,12.4822,30.75,51.34,10.911,247.05,SSP5-8.5
2042-05-25,7.4998,30.483,54.722,10.764,245.76,SSP5-8.5
2042-05-26,0.0,33.472,37.939,10.939,297.65,SSP5-8.5
2042-05-27,0.0,34.916,27.032,12.675,341.23,SSP5-8.5
2042-05-28,0.0,35.454,26.703,16.494,332.82,SSP5-8.5
2042-05-29,0.0,34.932,28.865,15.478,295.45,SSP5-8.5
2042-05-30,0.0,35.284,27.855,17.327,312.02,SSP5-8.5
2042-05-31,0.0,33.812,32.486,18.136,272.34,SSP5-8.5
2042-06-01,0.0,35.296,29.502,17.386,300.14,SSP5-8.5
2042-06-02,0.0,35.2,29.668,16.438,303.56,SSP5-8.5
2042-06-03,0.2763,35.526,31.068,14.977,297.26,SSP5-8.5
2042-06-04,0.2644,34.292,37.491,11.714,291.62,SSP5-8.5
2042-06-05,0.4694,31.866,49.659,16.615,262.6,SSP5-8.5
2042-06-06,30.4361,27.794,76.276,16.54,195.82,SSP5-8.5
2042-06-07,11.3813,27.077,76.806,16.574,208.84,SSP5-8.5
2042-06-08,0.0,28.303,69.211,15.827,214.8,SSP5-8.5
2042-06-09,0.0,30.103,59.754,17.502,284.44,SSP5-8.5
2042-06-10,0.1438,30.345,55.979,16.549,281.76,SSP5-8.5
2042-06-11,10.067,29.818,65.819,17.042,275.86,SSP5-8.5
2042-06-12,0.0,29.446,63.282,18.173,276.66,SSP5-8.5
2042-06-13,0.0,29.725,60.159,15.852,263.21,SSP5-8.5
2042-06-14,0.0,30.376,53.446,14.739,313.37,SSP5-8.5
2042-06-15,0.1661,31.409,55.838,13.088,305.53,SSP5-8.5
2042-06-16,0.4085,29.091,62.477,14.175,226.15,SSP5-8.5
2042-06-17,1.8904,29.571,59.93,15.977,255.48,SSP5-8.5
2042-06-18,0.0394,29.984,58.201,17.619,293.47,SSP5-8.5
2042-06-19,0.0,28.569,66.309,16.577,210.52,SSP5-8.5
2042-06-20,14.9332,29.012,71.282,14.82,221.82,SSP5-8.5
2042-06-21,24.905,25.275,87.331,14.797,180.55,SSP5-8.5
2042-06-22,22.724,27.12,88.685,14.647,156.7,SSP5-8.5
2042-06-23,0.0489,27.505,82.649,17.074,217.54,SSP5-8.5
2042-06-24,0.4892,28.255,77.266,17.729,236.04,SSP5-8.5
2042-06-25,0.0,28.673,73.881,17.28,247.85,SSP5-8.5
2042-06-26,0.5416,28.296,74.978,17.624,227.3,SSP5-8.5
2042-06-27,1.4423,28.223,77.947,15.903,235.04,SSP5-8.5
2042-06-28,7.2534,27.123,85.951,14.276,206.19,SSP5-8.5
2042-06-29,1.6601,27.825,84.836,13.713,209.71,SSP5-8.5
2042-06-30,11.7518,25.816,88.655,13.392,184.44,SSP5-8.5
2042-07-01,5.8975,26.386,88.149,12.71,199.31,SSP5-8.5
2042-07-02,2.3064,26.999,82.092,13.495,235.1,SSP5-8.5
2042-07-03,0.0,26.285,87.713,11.501,202.33,SSP5-8.5
2042-07-04,0.0,27.385,79.404,13.185,227.61,SSP5-8.5
2042-07-05,0.0,28.323,71.008,14.479,267.51,SSP5-8.5
2042-07-06,0.0,28.066,72.068,12.943,268.39,SSP5-8.5
2042-07-07,0.0,28.707,69.408,12.78,277.89,SSP5-8.5
2042-07-08,0.0,28.937,68.723,12.938,280.73,SSP5-8.5
2042-07-09,0.0,29.124,69.865,10.416,271.6,SSP5-8.5
2042-07-10,0.0,28.471,72.702,11.003,243.5,SSP5-8.5
2042-07-11,0.0,28.878,69.794,13.217,274.52,SSP5-8.5
2042-07-12,0.5789,27.139,82.483,10.999,217.21,SSP5-8.5
2042-07-13,1.6132,27.084,86.64,10.78,213.4,SSP5-8.5
2042-07-14,0.078,27.373,83.1,12.747,229.14,SSP5-8.5
2042-07-15,6.9691,27.329,86.148,10.802,221.45,SSP5-8.5
2042-07-16,4.7031,27.381,86.435,11.956,219.37,SSP5-8.5
2042-07-17,2.4634,27.591,82.798,13.653,248.59,SSP5-8.5
2042-07-18,8.4097,27.739,83.492,13.291,252.96,SSP5-8.5
2042-07-19,15.0095,27.594,87.136,13.93,230.84,SSP5-8.5
2042-07-20,25.0741,26.585,92.049,12.442,181.74,SSP5-8.5
2042-07-21,25.1745,26.396,92.184,12.423,182.11,SSP5-8.5
2042-07-22,30.091,25.818,93.544,14.76,123.55,SSP5-8.5
2042-07-23,4.2726,26.232,92.028,11.902,183.19,SSP5-8.5
2042-07-24,1.6725,27.204,86.244,14.981,236.43,SSP5-8.5
2042-07-25,24.1653,26.286,90.434,16.674,200.92,SSP5-8.5
2042-07-26,20.3776,25.555,92.009,13.33,188.53,SSP5-8.5
2042-07-27,12.1848,26.339,89.335,17.789,209.91,SSP5-8.5
2042-07-28,12.5208,25.708,91.713,13.603,183.19,SSP5-8.5
2042-07-29,0.2677,26.766,89.036,11.691,223.3,SSP5-8.5
2042-07-30,0.1341,27.106,87.058,13.961,237.5,SSP5-8.5
2042-07-31,4.0611,26.517,90.525,12.277,188.73,SSP5-8.5
2042-08-01,19.4291,27.902,88.643,14.278,233.16,SSP5-8.5
2042-08-02,2.8095,27.932,89.424,12.014,226.89,SSP5-8.5
2042-08-03,0.0,28.184,87.403,11.717,240.45,SSP5-8.5
2042-08-04,0.0,28.333,87.062,11.327,238.26,SSP5-8.5
2042-08-05,0.0,28.39,83.211,13.466,254.04,SSP5-8.5
2042-08-06,0.041,28.071,85.627,11.123,229.36,SSP5-8.5
2042-08-07,6.4301,27.969,84.253,9.009,274.25,SSP5-8.5
2042-08-08,0.9675,28.279,88.912,7.061,230.48,SSP5-8.5
2042-08-09,19.3154,28.131,90.055,6.965,227.31,SSP5-8.5
2042-08-10,15.6181,28.021,90.977,4.544,229.77,SSP5-8.5
2042-08-11,1.6606,28.291,86.985,6.808,257.41,SSP5-8.5
2042-08-12,19.4217,28.213,90.273,4.093,231.23,SSP5-8.5
2042-08-13,23.1959,27.833,92.373,3.08,222.83,SSP5-8.5
2042-08-14,4.6216,27.88,91.039,5.632,227.0,SSP5-8.5
2042-08-15,12.1852,27.934,90.094,7.562,231.06,SSP5-8.5
2042-08-16,0.0,28.015,89.044,7.986,229.75,SSP5-8.5
2042-08-17,0.0109,28.487,85.327,7.8,257.21,SSP5-8.5
2042-08-18,0.6559,28.685,84.852,5.869,260.27,SSP5-8.5
2042-08-19,22.2616,28.072,91.165,5.58,236.26,SSP5-8.5
2042-08-20,27.7142,27.8,91.948,7.48,223.65,SSP5-8.5
2042-08-21,18.1196,27.665,90.702,10.722,222.04,SSP5-8.5
2042-08-22,1.2088,27.239,90.786,12.009,211.01,SSP5-8.5
2042-08-23,0.0,27.593,87.532,10.913,220.9,SSP5-8.5
2042-08-24,0.0921,27.859,86.461,9.749,238.68,SSP5-8.5
2042-08-25,0.0684,28.159,85.594,10.833,250.78,SSP5-8.5
2042-08-26,0.0,28.262,83.255,10.457,261.89,SSP5-8.5
2042-08-27,0.0241,28.394,84.937,10.53,259.77,SSP5-8.5
2042-08-28,34.3758,27.849,91.539,10.961,224.44,SSP5-8.5
2042-08-29,18.1384,27.081,92.522,13.003,186.25,SSP5-8.5
2042-08-30,0.6481,27.132,91.859,10.7,206.98,SSP5-8.5
2042-08-31,11.8504,27.409,92.208,10.112,209.8,SSP5-8.5
2042-09-01,3.2984,26.392,92.801,9.783,186.65,SSP5-8.5
2042-09-02,3.7123,27.213,91.658,8.476,211.99,SSP5-8.5
2042-09-03,2.6445,27.574,90.805,4.768,224.11,SSP5-8.5
2042-09-04,13.8668,27.937,90.098,8.27,235.83,SSP5-8.5
2042-09-05,49.8297,27.472,94.535,12.305,181.33,SSP5-8.5
2042-09-06,30.4697,27.219,94.653,10.826,194.23,SSP5-8.5
2042-09-07,4.0473,27.327,93.804,7.438,210.29,SSP5-8.5
2042-09-08,1.91,27.617,91.898,4.716,224.56,SSP5-8.5
2042-09-09,0.0875,27.998,88.823,3.128,236.85,SSP5-8.5
2042-09-10,0.0,28.522,83.372,2.877,253.86,SSP5-8.5
2042-09-11,8.3278,28.169,87.875,3.476,245.44,SSP5-8.5
2042-09-12,11.0813,27.682,90.133,5.369,234.19,SSP5-8.5
2042-09-13,0.0,28.113,83.618,7.733,257.57,SSP5-8.5
2042-09-14,0.0,28.151,82.233,5.553,259.4,SSP5-8.5
2042-09-15,0.0,28.513,80.312,6.552,274.74,SSP5-8.5
2042-09-16,0.0,28.336,82.462,5.147,254.46,SSP5-8.5
2042-09-17,0.2456,28.349,84.089,3.208,252.31,SSP5-8.5
2042-09-18,23.5361,27.989,90.19,4.34,231.36,SSP5-8.5
2042-09-19,7.6765,27.779,90.606,7.878,229.31,SSP5-8.5
2042-09-20,5.0195,27.825,88.638,10.231,216.04,SSP5-8.5
2042-09-21,16.2246,27.671,89.69,7.686,212.82,SSP5-8.5
2042-09-22,23.3061,27.086,93.34,4.412,209.81,SSP5-8.5
2042-09-23,0.6948,27.45,90.008,3.716,219.96,SSP5-8.5
2042-09-24,45.839,27.217,92.043,9.999,201.68,SSP5-8.5
2042-09-25,20.3847,26.899,90.595,12.753,178.43,SSP5-8.5
2042-09-26,2.1366,27.579,82.141,13.776,227.3,SSP5-8.5
2042-09-27,16.4577,27.513,88.153,7.778,230.79,SSP5-8.5
2042-09-28,5.5248,27.762,84.794,7.952,249.54,SSP5-8.5
2042-09-29,8.0075,27.404,89.218,8.705,224.12,SSP5-8.5
2042-09-30,0.221,27.483,86.637,10.962,234.95,SSP5-8.5
2042-10-01,3.437,26.927,87.205,11.326,214.52,SSP5-8.5
2042-10-02,0.0,27.349,79.311,9.465,254.31,SSP5-8.5
2042-10-03,0.032,26.91,83.244,6.538,241.11,SSP5-8.5
2042-10-04,0.0,27.003,82.48,7.465,240.19,SSP5-8.5
2042-10-05,0.0,27.288,77.716,6.875,251.8,SSP5-8.5
2042-10-06,0.0,27.368,73.421,6.358,264.56,SSP5-8.5
2042-10-07,0.4331,27.206,82.672,5.55,241.04,SSP5-8.5
2042-10-08,20.0403,26.579,91.449,3.645,201.54,SSP5-8.5
2042-10-09,1.4481,26.57,86.878,5.506,216.49,SSP5-8.5
2042-10-10,0.2,26.729,86.437,5.696,218.46,SSP5-8.5
2042-10-11,17.7759,26.602,90.759,5.863,200.01,SSP5-8.5
2042-10-12,43.6465,26.286,93.786,5.635,184.13,SSP5-8.5
2042-10-13,50.544,26.186,94.243,6.589,181.32,SSP5-8.5
2042-10-14,47.3411,26.003,93.985,9.547,171.25,SSP5-8.5
2042-10-15,19.4639,26.084,92.258,9.518,175.02,SSP5-8.5
2042-10-16,0.0,26.415,85.513,9.191,217.13,SSP5-8.5
2042-10-17,0.0,26.365,69.909,9.813,275.75,SSP5-8.5
2042-10-18,0.0,26.407,75.147,9.375,273.31,SSP5-8.5
2042-10-19,0.0,26.527,80.821,9.084,250.35,SSP5-8.5
2042-10-20,0.0,26.102,73.537,7.632,225.29,SSP5-8.5
2042-10-21,0.0,25.493,79.297,6.919,204.89,SSP5-8.5
2042-10-22,0.0,25.689,66.988,6.853,243.27,SSP5-8.5
2042-10-23,0.0733,25.579,73.6,6.184,200.91,SSP5-8.5
2042-10-24,0.0,24.321,58.495,7.817,222.68,SSP5-8.5
2042-10-25,0.0,23.361,49.421,8.662,237.05,SSP5-8.5
2042-10-26,0.0,23.156,49.558,7.37,281.64,SSP5-8.5
2042-10-27,0.0,23.422,53.774,5.692,275.3,SSP5-8.5
2042-10-28,0.0,23.806,59.537,5.77,266.7,SSP5-8.5
2042-10-29,0.0,24.367,63.838,7.332,261.85,SSP5-8.5
2042-10-30,0.0,24.406,59.061,9.326,254.06,SSP5-8.5
2042-10-31,0.0373,24.4,68.398,10.121,227.04,SSP5-8.5
2042-11-01,0.1512,25.619,81.338,10.484,201.86,SSP5-8.5
2042-11-02,9.4722,24.947,85.879,12.695,188.02,SSP5-8.5
2042-11-03,4.2111,24.811,89.189,8.477,174.27,SSP5-8.5
2042-11-04,24.3485,24.358,91.017,8.263,163.53,SSP5-8.5
2042-11-05,40.9696,23.839,92.513,7.551,150.73,SSP5-8.5
2042-11-06,36.6664,23.691,92.534,9.532,160.63,SSP5-8.5
2042-11-07,1.6092,23.899,87.291,10.649,169.93,SSP5-8.5
2042-11-08,0.0,24.332,82.234,8.847,226.86,SSP5-8.5
2042-11-09,0.0312,24.48,81.492,8.36,207.75,SSP5-8.5
2042-11-10,0.0,24.697,75.298,7.628,223.09,SSP5-8.5
2042-11-11,0.0504,24.382,74.443,7.346,217.72,SSP5-8.5
2042-11-12,0.0,23.653,64.15,8.342,242.46,SSP5-8.5
2042-11-13,0.0,23.193,59.795,7.568,248.94,SSP5-8.5
2042-11-14,0.0,23.0,57.394,7.288,252.09,SSP5-8.5
2042-11-15,0.0,23.205,63.402,5.695,216.04,SSP5-8.5
2042-11-16,0.0,22.901,62.003,7.747,246.91,SSP5-8.5
2042-11-17,0.0,23.137,60.701,7.831,233.07,SSP5-8.5
2042-11-18,0.0,22.706,57.24,7.641,238.32,SSP5-8.5
2042-11-19,0.0,22.542,56.722,8.475,239.88,SSP5-8.5
2042-11-20,0.0,23.29,71.311,8.744,178.51,SSP5-8.5
2042-11-21,0.0,23.372,69.555,10.083,173.63,SSP5-8.5
2042-11-22,0.0,23.161,62.543,10.101,197.02,SSP5-8.5
2042-11-23,0.0,23.368,57.748,11.936,214.46,SSP5-8.5
2042-11-24,0.0,23.932,59.052,13.792,217.21,SSP5-8.5
2042-11-25,0.0314,23.628,72.671,11.297,178.75,SSP5-8.5
2042-11-26,0.935,23.699,83.792,12.354,167.49,SSP5-8.5
2042-11-27,1.7548,23.784,83.051,11.774,175.08,SSP5-8.5
2042-11-28,0.0,23.641,79.3,10.54,170.65,SSP5-8.5
2042-11-29,5.8985,23.806,77.861,9.276,191.33,SSP5-8.5
2042-11-30,10.6749,23.305,91.754,7.25,124.61,SSP5-8.5
2042-12-01,0.0,23.518,83.547,8.402,144.25,SSP5-8.5
2042-12-02,0.0,23.403,75.75,8.748,181.85,SSP5-8.5
2042-12-03,0.0,22.363,57.244,8.347,230.02,SSP5-8.5
2042-12-04,0.0,21.639,52.923,7.849,243.22,SSP5-8.5
2042-12-05,0.0,21.25,53.775,6.86,220.1,SSP5-8.5
2042-12-06,0.0,21.081,54.977,7.034,232.01,SSP5-8.5
2042-12-07,0.0,21.901,62.79,4.686,202.37,SSP5-8.5
2042-12-08,0.0,22.024,63.062,6.205,220.26,SSP5-8.5
2042-12-09,0.0,22.126,60.133,6.18,220.89,SSP5-8.5
2042-12-10,0.0,22.025,59.134,5.986,233.24,SSP5-8.5
2042-12-11,0.0,22.122,58.78,5.803,230.95,SSP5-8.5
2042-12-12,0.0,22.371,56.88,5.545,229.51,SSP5-8.5
2042-12-13,0.0,22.305,55.718,6.882,234.8,SSP5-8.5
2042-12-14,0.0,21.797,58.171,5.97,221.02,SSP5-8.5
2042-12-15,0.0,21.715,53.222,7.228,224.13,SSP5-8.5
2042-12-16,0.0,21.554,51.374,7.709,232.46,SSP5-8.5
2042-12-17,0.0,21.466,49.33,6.311,241.83,SSP5-8.5
2042-12-18,0.0,21.717,52.491,7.409,240.51,SSP5-8.5
2042-12-19,0.0,22.013,56.136,6.709,231.42,SSP5-8.5
2042-12-20,0.0,21.854,55.961,8.869,202.02,SSP5-8.5
2042-12-21,0.0,21.142,49.863,8.658,237.17,SSP5-8.5
2042-12-22,0.0,20.941,50.68,7.243,239.68,SSP5-8.5
2042-12-23,0.0,21.154,51.855,7.085,231.72,SSP5-8.5
2042-12-24,0.0,21.445,52.704,5.369,234.12,SSP5-8.5
2042-12-25,0.0,21.452,55.571,5.944,228.28,SSP5-8.5
2042-12-26,0.0,21.72,58.821,7.306,213.46,SSP5-8.5
2042-12-27,0.0,22.067,58.096,5.508,218.51,SSP5-8.5
2042-12-28,0.0,21.884,58.109,5.009,218.59,SSP5-8.5
2042-12-29,0.0,21.932,54.237,6.419,236.55,SSP5-8.5
2042-12-30,0.0,22.552,52.053,7.642,245.29,SSP5-8.5
2042-12-31,0.0,22.291,52.446,8.183,244.58,SSP5-8.5
2043-01-01,0.0,22.074,49.099,7.6,239.07,SSP5-8.5
2043-01-02,0.0,22.136,49.713,4.403,245.84,SSP5-8.5
2043-01-03,0.0,22.394,48.687,4.858,246.89,SSP5-8.5
2043-01-04,0.0,23.645,49.075,5.781,225.6,SSP5-8.5
2043-01-05,0.0,23.905,50.474,7.908,226.99,SSP5-8.5
2043-01-06,0.0,22.914,50.646,9.957,214.93,SSP5-8.5
2043-01-07,0.0,21.703,40.37,10.849,247.18,SSP5-8.5
2043-01-08,0.0,21.352,41.122,8.495,252.71,SSP5-8.5
2043-01-09,0.0,21.685,46.446,5.262,245.78,SSP5-8.5
2043-01-10,0.0,22.111,51.636,6.137,243.07,SSP5-8.5
2043-01-11,0.0,22.429,51.448,8.215,237.81,SSP5-8.5
2043-01-12,0.0,22.323,50.004,8.172,231.41,SSP5-8.5
2043-01-13,0.0,22.158,50.218,9.048,211.57,SSP5-8.5
2043-01-14,0.0,22.475,52.643,11.43,211.62,SSP5-8.5
2043-01-15,0.0,21.948,57.676,9.761,172.71,SSP5-8.5
2043-01-16,0.0,21.816,65.839,9.26,172.24,SSP5-8.5
2043-01-17,0.0,22.818,58.638,10.336,221.18,SSP5-8.5
2043-01-18,0.0,22.848,50.652,11.107,213.11,SSP5-8.5
2043-01-19,0.0,22.318,48.85,10.479,221.48,SSP5-8.5
2043-01-20,0.0,22.527,47.28,10.283,242.69,SSP5-8.5
2043-01-21,0.0,22.738,45.306,10.433,248.99,SSP5-8.5
2043-01-22,0.0,23.049,44.496,9.773,239.88,SSP5-8.5
2043-01-23,0.0,23.375,44.674,9.781,250.09,SSP5-8.5
2043-01-24,0.0,23.076,40.628,9.946,262.79,SSP5-8.5
2043-01-25,0.0,22.892,44.212,8.283,261.07,SSP5-8.5
2043-01-26,0.0,23.056,41.851,7.378,264.04,SSP5-8.5
2043-01-27,0.0,22.952,39.933,5.434,270.1,SSP5-8.5
2043-01-28,0.0,23.414,41.526,6.97,268.99,SSP5-8.5
2043-01-29,0.0,23.687,44.282,9.309,262.94,SSP5-8.5
2043-01-30,0.0,24.77,42.608,10.651,264.79,SSP5-8.5
2043-01-31,0.0,24.722,46.485,7.466,242.59,SSP5-8.5
2043-02-01,0.0,25.484,50.346,6.106,221.73,SSP5-8.5
2043-02-02,0.0,25.377,50.923,5.467,220.53,SSP5-8.5
2043-02-03,0.0,25.72,47.333,4.938,250.8,SSP5-8.5
2043-02-04,0.0,25.616,47.588,7.462,242.64,SSP5-8.5
2043-02-05,0.0,26.126,46.512,7.207,243.55,SSP5-8.5
2043-02-06,0.0,26.397,48.42,7.832,262.1,SSP5-8.5
2043-02-07,0.0,26.228,46.683,11.1,234.99,SSP5-8.5
2043-02-08,0.0,25.72,41.884,10.034,239.68,SSP5-8.5
2043-02-09,0.0,25.583,39.929,6.673,270.65,SSP5-8.5
2043-02-10,0.0,25.925,45.019,4.437,274.24,SSP5-8.5
2043-02-11,0.0,26.692,45.903,3.774,276.44,SSP5-8.5
2043-02-12,0.0,26.77,43.258,6.836,279.82,SSP5-8.5
2043-02-13,0.0,27.09,42.374,6.68,266.94,SSP5-8.5
2043-02-14,0.0,26.988,40.71,6.484,274.0,SSP5-8.5
2043-02-15,0.0,27.273,43.977,6.001,259.6,SSP5-8.5
2043-02-16,0.0,27.013,47.402,8.836,241.08,SSP5-8.5
2043-02-17,0.0,26.665,39.441,9.941,277.69,SSP5-8.5
2043-02-18,0.0,26.467,42.252,6.121,280.89,SSP5-8.5
2043-02-19,0.0,26.82,42.302,8.864,269.67,SSP5-8.5
2043-02-20,0.0,26.849,41.169,10.873,281.6,SSP5-8.5
2043-02-21,0.0,26.706,43.118,10.683,287.08,SSP5-8.5
2043-02-22,0.0,26.564,39.176,10.68,291.85,SSP5-8.5
2043-02-23,0.0,26.919,38.661,8.834,289.05,SSP5-8.5
2043-02-24,0.0,27.157,38.452,5.849,287.68,SSP5-8.5
2043-02-25,0.0,27.855,39.238,9.512,279.86,SSP5-8.5
2043-02-26,0.0,27.437,43.898,10.639,257.64,SSP5-8.5
2043-02-27,0.0,27.933,44.579,10.284,282.55,SSP5-8.5
2043-02-28,0.0,28.399,40.953,7.831,290.98,SSP5-8.5
2043-03-01,0.0,27.335,34.232,7.936,300.78,SSP5-8.5
2043-03-02,0.0,27.095,30.327,6.68,315.77,SSP5-8.5
2043-03-03,0.0,27.144,29.357,5.971,309.53,SSP5-8.5
2043-03-04,0.0,27.807,33.529,5.668,292.21,SSP5-8.5
2043-03-05,0.0,28.46,34.85,7.157,296.3,SSP5-8.5
2043-03-06,0.0,28.227,32.132,4.883,295.86,SSP5-8.5
2043-03-07,0.0,28.017,31.218,6.123,314.54,SSP5-8.5
2043-03-08,0.0,28.352,33.866,9.615,266.99,SSP5-8.5
2043-03-09,0.0,28.064,30.667,9.908,306.39,SSP5-8.5
2043-03-10,0.0,27.81,28.761,8.84,324.61,SSP5-8.5
2043-03-11,0.0,27.742,31.801,8.834,324.15,SSP5-8.5
2043-03-12,0.0,28.53,35.764,8.718,319.45,SSP5-8.5
2043-03-13,0.0008,29.315,36.016,6.937,313.72,SSP5-8.5
2043-03-14,0.0046,30.341,33.537,5.136,279.5,SSP5-8.5
2043-03-15,0.0054,29.276,39.137,4.89,246.69,SSP5-8.5
2043-03-16,0.0,29.939,39.356,7.218,277.89,SSP5-8.5
2043-03-17,0.0,30.274,36.773,6.207,297.27,SSP5-8.5
2043-03-18,0.0,30.292,34.04,7.401,317.53,SSP5-8.5
2043-03-19,0.0,30.085,31.841,6.357,325.19,SSP5-8.5
2043-03-20,0.0,29.899,31.106,7.617,325.75,SSP5-8.5
2043-03-21,0.0,29.972,33.051,6.739,322.12,SSP5-8.5
2043-03-22,0.0,30.507,32.585,6.53,319.54,SSP5-8.5
2043-03-23,0.0,30.458,30.403,8.235,296.03,SSP5-8.5
2043-03-24,0.0,28.931,36.036,6.264,221.65,SSP5-8.5
2043-03-25,0.0015,29.789,29.716,5.405,260.74,SSP5-8.5
2043-03-26,0.0,29.512,33.885,5.057,246.66,SSP5-8.5
2043-03-27,0.0009,29.757,31.586,5.638,298.53,SSP5-8.5
2043-03-28,0.0007,30.124,27.902,6.328,314.97,SSP5-8.5
2043-03-29,0.0,30.654,31.196,4.126,293.51,SSP5-8.5
2043-03-30,0.0,30.504,28.953,4.077,325.17,SSP5-8.5
2043-03-31,0.0,30.873,27.69,4.631,315.58,SSP5-8.5
2043-04-01,0.0,31.994,28.748,4.725,285.32,SSP5-8.5
2043-04-02,0.0,31.532,25.962,7.114,287.17,SSP5-8.5
2043-04-03,0.0,30.983,24.963,7.05,331.77,SSP5-8.5
2043-04-04,0.0,31.276,27.485,7.856,333.39,SSP5-8.5
2043-04-05,0.0,32.088,31.675,7.834,307.81,SSP5-8.5
2043-04-06,0.0,32.748,32.345,8.146,296.26,SSP5-8.5
2043-04-07,0.0,32.748,33.492,7.571,257.78,SSP5-8.5
2043-04-08,0.0048,32.539,34.494,8.433,267.26,SSP5-8.5
2043-04-09,0.0,33.052,30.832,9.102,314.37,SSP5-8.5
2043-04-10,0.0,33.235,29.791,9.056,321.35,SSP5-8.5
2043-04-11,0.0,33.61,28.47,7.404,319.72,SSP5-8.5
2043-04-12,0.0,33.857,27.322,7.112,323.35,SSP5-8.5
2043-04-13,0.0,33.742,27.554,6.466,329.48,SSP5-8.5
2043-04-14,0.0,33.913,27.947,5.642,325.0,SSP5-8.5
2043-04-15,0.0,33.677,30.473,7.859,313.51,SSP5-8.5
2043-04-16,0.0,34.291,28.977,8.444,323.76,SSP5-8.5
2043-04-17,0.1181,33.822,32.578,13.377,303.65,SSP5-8.5
2043-04-18,0.1886,32.524,35.63,9.587,254.08,SSP5-8.5
2043-04-19,0.0,33.246,29.132,6.885,316.56,SSP5-8.5
2043-04-20,0.0004,33.459,27.429,5.585,321.72,SSP5-8.5
2043-04-21,0.0,32.951,25.601,4.289,330.38,SSP5-8.5
2043-04-22,0.0,33.488,28.007,5.942,260.14,SSP5-8.5
2043-04-23,0.0,33.809,26.835,6.95,332.87,SSP5-8.5
2043-04-24,0.0,33.808,26.445,9.285,340.57,SSP5-8.5
2043-04-25,0.0,34.124,26.42,10.636,334.5,SSP5-8.5
2043-04-26,0.0,34.372,26.23,8.355,320.38,SSP5-8.5
2043-04-27,0.0,34.315,25.437,6.1,311.57,SSP5-8.5
2043-04-28,0.0,33.654,29.314,6.583,246.84,SSP5-8.5
2043-04-29,0.0,34.322,26.53,6.896,325.26,SSP5-8.5
2043-04-30,0.0,34.791,24.753,6.646,317.16,SSP5-8.5
2043-05-01,0.0,34.595,25.136,8.996,299.06,SSP5-8.5
2043-05-02,0.0,34.864,26.479,8.283,286.82,SSP5-8.5
2043-05-03,0.2695,34.463,28.455,5.476,278.94,SSP5-8.5
2043-05-04,0.0,34.484,27.192,7.162,320.1,SSP5-8.5
2043-05-05,0.0017,34.867,26.041,8.801,291.6,SSP5-8.5
2043-05-06,0.0,35.049,25.773,12.154,297.54,SSP5-8.5
2043-05-07,0.0004,35.285,24.414,12.125,318.09,SSP5-8.5
2043-05-08,0.0031,35.263,23.9,11.339,290.98,SSP5-8.5
2043-05-09,0.0,35.101,22.18,10.094,310.53,SSP5-8.5
2043-05-10,0.0,35.128,22.69,9.511,332.87,SSP5-8.5
2043-05-11,0.0232,34.976,24.878,7.699,287.47,SSP5-8.5
2043-05-12,0.0,33.498,31.805,8.672,232.27,SSP5-8.5
2043-05-13,0.0,34.495,30.122,9.773,283.7,SSP5-8.5
2043-05-14,0.0,34.359,26.272,8.754,330.01,SSP5-8.5
2043-05-15,0.0,35.183,24.995,7.962,271.82,SSP5-8.5
2043-05-16,0.0,35.094,26.575,10.025,261.43,SSP5-8.5
2043-05-17,0.0,35.119,24.991,8.755,284.53,SSP5-8.5
2043-05-18,0.0,35.103,22.881,13.836,334.04,SSP5-8.5
2043-05-19,0.0,34.963,25.017,16.118,278.25,SSP5-8.5
2043-05-20,0.0084,33.943,28.831,12.159,259.72,SSP5-8.5
2043-05-21,0.0,34.649,26.591,10.198,315.95,SSP5-8.5
2043-05-22,0.0,35.009,26.692,9.923,333.87,SSP5-8.5
2043-05-23,0.0033,35.301,27.867,14.498,302.19,SSP5-8.5
2043-05-24,12.7332,34.11,35.677,16.203,264.93,SSP5-8.5
2043-05-25,1.9348,31.903,46.27,17.334,236.75,SSP5-8.5
2043-05-26,0.482,31.515,45.474,14.253,238.44,SSP5-8.5
2043-05-27,0.6917,33.63,41.763,15.194,299.22,SSP5-8.5
2043-05-28,0.8972,32.831,46.477,15.901,264.28,SSP5-8.5
2043-05-29,2.7608,29.97,63.916,15.94,233.73,SSP5-8.5
2043-05-30,1.431,27.015,67.087,17.521,201.09,SSP5-8.5
2043-05-31,0.0,30.552,54.296,19.889,250.18,SSP5-8.5
2043-06-01,0.0,31.268,51.945,18.383,241.48,SSP5-8.5
2043-06-02,0.0,32.53,46.321,16.736,297.14,SSP5-8.5
2043-06-03,0.0,32.591,44.1,14.658,282.95,SSP5-8.5
2043-06-04,0.0,33.869,38.301,14.123,317.17,SSP5-8.5
2043-06-05,0.0,34.288,37.409,10.931,327.68,SSP5-8.5
2043-06-06,0.0,34.72,36.07,11.006,322.34,SSP5-8.5
2043-06-07,0.0,34.862,35.686,11.648,309.13,SSP5-8.5
2043-06-08,0.0,34.787,35.891,12.892,305.75,SSP5-8.5
2043-06-09,0.0,34.347,35.396,15.734,302.57,SSP5-8.5
2043-06-10,0.0,34.733,36.844,15.96,308.0,SSP5-8.5
2043-06-11,0.0,34.629,34.947,12.848,317.93,SSP5-8.5
2043-06-12,0.81,34.46,40.986,7.472,284.82,SSP5-8.5
2043-06-13,0.0729,33.975,49.038,6.861,285.34,SSP5-8.5
2043-06-14,0.005,34.474,43.469,5.703,305.5,SSP5-8.5
2043-06-15,8.4686,35.523,43.885,10.087,299.04,SSP5-8.5
2043-06-16,0.0,28.957,65.92,11.62,213.64,SSP5-8.5
2043-06-17,4.4554,29.077,71.361,10.222,232.2,SSP5-8.5
2043-06-18,4.7378,29.053,75.058,9.951,228.35,SSP5-8.5
2043-06-19,2.476,29.685,67.826,11.664,269.32,SSP5-8.5
2043-06-20,7.3763,30.249,69.149,9.469,268.65,SSP5-8.5
2043-06-21,0.1664,29.717,67.828,10.683,257.26,SSP5-8.5
2043-06-22,7.0896,29.432,74.91,10.837,236.37,SSP5-8.5
2043-06-23,25.956,28.763,82.655,12.411,225.19,SSP5-8.5
2043-06-24,19.8679,28.082,87.186,13.384,191.19,SSP5-8.5
2043-06-25,25.1113,26.874,90.554,13.935,172.32,SSP5-8.5
2043-06-26,27.3382,25.742,92.06,14.719,166.87,SSP5-8.5
2043-06-27,0.2064,28.325,84.669,11.846,224.73,SSP5-8.5
2043-06-28,0.4976,28.836,78.886,12.206,243.44,SSP5-8.5
2043-06-29,0.1321,29.188,76.433,12.585,295.99,SSP5-8.5
2043-06-30,0.0214,29.465,74.268,12.501,300.07,SSP5-8.5
2043-07-01,0.2706,28.184,76.322,13.29,277.09,SSP5-8.5
2043-07-02,2.146,28.094,77.517,13.669,241.16,SSP5-8.5
2043-07-03,4.6189,27.742,81.15,14.876,229.27,SSP5-8.5
2043-07-04,0.8631,28.208,77.667,15.849,249.43,SSP5-8.5
2043-07-05,4.8352,27.384,84.543,14.514,210.12,SSP5-8.5
2043-07-06,5.5301,26.898,88.234,13.849,201.89,SSP5-8.5
2043-07-07,0.2654,27.782,80.385,16.165,238.06,SSP5-8.5
2043-07-08,0.0197,27.414,83.18,14.846,216.35,SSP5-8.5
2043-07-09,0.0173,28.018,76.286,15.629,286.11,SSP5-8.5
2043-07-10,5.1711,27.756,80.738,14.346,232.94,SSP5-8.5
2043-07-11,27.3445,25.931,93.119,13.241,143.44,SSP5-8.5
2043-07-12,0.1194,27.389,86.491,14.214,236.99,SSP5-8.5
2043-07-13,17.157,27.164,88.564,15.281,217.07,SSP5-8.5
2043-07-14,22.3556,26.067,92.068,15.183,155.39,SSP5-8.5
2043-07-15,22.3308,27.108,89.998,15.88,220.77,SSP5-8.5
2043-07-16,20.0948,26.212,93.104,13.525,144.97,SSP5-8.5
2043-07-17,23.7123,26.429,92.194,16.087,195.37,SSP5-8.5
2043-07-18,36.737,25.647,94.83,14.496,165.23,SSP5-8.5
2043-07-19,19.4275,26.082,92.781,14.049,182.8,SSP5-8.5
2043-07-20,2.0076,26.574,90.395,16.48,200.11,SSP5-8.5
2043-07-21,0.0,27.108,88.057,15.2,215.27,SSP5-8.5
2043-07-22,2.4535,26.889,89.843,15.089,216.95,SSP5-8.5
2043-07-23,6.4463,26.497,91.342,14.007,186.57,SSP5-8.5
2043-07-24,0.0,27.176,88.846,11.615,220.89,SSP5-8.5
2043-07-25,0.0,27.509,86.785,9.261,236.4,SSP5-8.5
2043-07-26,0.6384,27.863,87.518,8.681,236.34,SSP5-8.5
2043-07-27,0.0,27.658,88.03,7.926,229.85,SSP5-8.5
2043-07-28,0.0461,27.708,83.881,10.602,251.72,SSP5-8.5
2043-07-29,0.0,27.575,83.885,10.031,238.97,SSP5-8.5
2043-07-30,4.4958,27.241,88.976,7.819,226.5,SSP5-8.5
2043-07-31,16.4709,27.193,89.643,10.111,226.83,SSP5-8.5
2043-08-01,27.7913,25.94,93.667,12.846,146.19,SSP5-8.5
2043-08-02,12.8025,27.805,88.929,14.728,229.36,SSP5-8.5
2043-08-03,0.0,27.629,89.551,11.919,212.34,SSP5-8.5
2043-08-04,1.9986,28.0,87.567,12.963,233.09,SSP5-8.5
2043-08-05,0.0523,27.701,90.02,11.538,209.4,SSP5-8.5
2043-08-06,0.0619,27.988,85.95,13.988,232.94,SSP5-8.5
2043-08-07,1.2,27.047,90.215,12.883,200.73,SSP5-8.5
2043-08-08,0.0,27.483,89.824,10.87,204.36,SSP5-8.5
2043-08-09,0.1662,27.976,86.777,11.669,230.39,SSP5-8.5
2043-08-10,0.5551,27.809,87.789,11.945,223.03,SSP5-8.5
2043-08-11,6.5679,27.247,91.648,8.349,191.52,SSP5-8.5
2043-08-12,0.0,28.205,85.782,11.05,246.3,SSP5-8.5
2043-08-13,0.0,28.003,87.414,10.076,227.17,SSP5-8.5
2043-08-14,4.4213,28.142,87.501,10.047,249.24,SSP5-8.5
2043-08-15,0.3757,28.175,87.065,9.026,233.36,SSP5-8.5
2043-08-16,3.0373,28.032,88.788,9.474,230.95,SSP5-8.5
2043-08-17,0.1442,28.073,88.825,8.503,232.26,SSP5-8.5
2043-08-18,19.8554,28.057,90.337,6.878,229.39,SSP5-8.5
2043-08-19,34.0954,27.755,92.425,10.016,219.98,SSP5-8.5
2043-08-20,0.0,27.984,87.568,11.827,232.03,SSP5-8.5
2043-08-21,1.4358,28.314,87.158,8.893,248.03,SSP5-8.5
2043-08-22,3.7298,28.037,88.529,9.392,239.59,SSP5-8.5
2043-08-23,2.6649,27.942,89.339,10.199,231.18,SSP5-8.5
2043-08-24,12.4438,27.941,89.481,10.001,225.59,SSP5-8.5
2043-08-25,14.4689,27.746,90.284,9.96,225.31,SSP5-8.5
2043-08-26,0.4319,27.583,89.211,10.41,227.72,SSP5-8.5
2043-08-27,19.7576,27.81,89.854,11.482,230.26,SSP5-8.5
2043-08-28,14.2714,26.846,93.356,11.598,179.18,SSP5-8.5
2043-08-29,0.0,27.744,91.445,10.218,215.09,SSP5-8.5
2043-08-30,13.2555,27.976,91.012,11.049,221.47,SSP5-8.5
2043-08-31,18.5085,27.924,91.927,10.909,217.44,SSP5-8.5
2043-09-01,26.0928,27.666,92.902,9.241,211.3,SSP5-8.5
2043-09-02,24.8997,27.869,91.069,9.16,224.98,SSP5-8.5
2043-09-03,15.8026,27.914,91.154,9.142,227.98,SSP5-8.5
2043-09-04,2.8273,28.117,87.121,9.763,237.11,SSP5-8.5
2043-09-05,0.0071,28.191,83.719,13.367,236.43,SSP5-8.5
2043-09-06,0.0,28.078,84.544,13.679,230.99,SSP5-8.5
2043-09-07,0.0,28.103,85.186,13.497,235.89,SSP5-8.5
2043-09-08,3.753,26.618,91.656,12.183,175.78,SSP5-8.5
2043-09-09,0.0,27.732,85.951,13.674,219.77,SSP5-8.5
2043-09-10,0.0,27.393,88.948,12.201,207.22,SSP5-8.5
2043-09-11,0.0,28.094,80.282,14.965,247.38,SSP5-8.5
2043-09-12,0.0,28.414,80.358,13.421,250.98,SSP5-8.5
2043-09-13,0.0183,28.622,80.476,12.43,260.6,SSP5-8.5
2043-09-14,9.7816,28.305,87.704,8.52,229.22,SSP5-8.5
2043-09-15,33.6644,27.541,93.387,10.002,197.67,SSP5-8.5
2043-09-16,33.3792,27.133,96.398,7.268,168.09,SSP5-8.5
2043-09-17,7.2253,27.613,91.132,11.062,213.87,SSP5-8.5
2043-09-18,0.0,28.189,83.528,7.29,266.01,SSP5-8.5
2043-09-19,0.0,28.122,82.662,5.825,274.38,SSP5-8.5
2043-09-20,0.0,28.357,82.079,2.867,267.09,SSP5-8.5
2043-09-21,0.8309,28.536,83.283,3.563,248.1,SSP5-8.5
2043-09-22,11.4821,28.077,89.262,4.72,224.05,SSP5-8.5
2043-09-23,16.9962,27.792,91.802,3.333,227.98,SSP5-8.5
2043-09-24,3.6873,27.733,91.308,5.338,223.57,SSP5-8.5
2043-09-25,0.0,28.12,86.281,5.656,241.61,SSP5-8.5
2043-09-26,0.0,28.59,83.168,5.686,253.31,SSP5-8.5
2043-09-27,10.3167,28.166,89.181,6.745,228.71,SSP5-8.5
2043-09-28,13.5835,27.602,91.167,4.376,217.65,SSP5-8.5
2043-09-29,0.0495,27.799,86.791,3.756,240.89,SSP5-8.5
2043-09-30,4.609,27.517,90.085,5.405,225.15,SSP5-8.5
2043-10-01,10.9498,26.323,91.136,6.82,208.87,SSP5-8.5
2043-10-02,0.0073,26.667,88.161,6.852,231.18,SSP5-8.5
2043-10-03,0.0,26.726,87.004,6.39,238.82,SSP5-8.5
2043-10-04,0.0,26.914,83.882,4.822,263.45,SSP5-8.5
2043-10-05,0.0063,27.266,79.802,2.595,259.03,SSP5-8.5
2043-10-06,0.0,27.745,80.729,5.218,242.62,SSP5-8.5
2043-10-07,1.3054,28.086,81.234,6.52,240.32,SSP5-8.5
2043-10-08,0.0572,27.202,86.564,6.697,195.81,SSP5-8.5
2043-10-09,0.1326,27.238,84.529,5.835,210.09,SSP5-8.5
2043-10-10,0.0226,27.524,82.336,5.306,228.5,SSP5-8.5
2043-10-11,0.0,27.135,84.085,6.662,209.8,SSP5-8.5
2043-10-12,0.0,27.205,75.196,9.857,215.78,SSP5-8.5
2043-10-13,0.232,27.276,70.86,11.853,237.7,SSP5-8.5
2043-10-14,0.0,27.303,70.631,11.821,224.99,SSP5-8.5
2043-10-15,12.6737,27.105,72.223,12.615,220.3,SSP5-8.5
2043-10-16,2.093,26.637,70.72,13.512,212.24,SSP5-8.5
2043-10-17,2.5577,26.205,85.262,11.379,187.51,SSP5-8.5
2043-10-18,20.1689,26.247,85.849,9.793,201.15,SSP5-8.5
2043-10-19,25.0009,25.777,91.187,8.424,188.19,SSP5-8.5
2043-10-20,19.1295,24.991,92.015,7.426,170.91,SSP5-8.5
2043-10-21,23.1005,24.569,92.626,6.502,170.67,SSP5-8.5
2043-10-22,19.3781,25.345,90.537,5.692,190.31,SSP5-8.5
2043-10-23,9.8449,25.331,89.563,4.94,194.23,SSP5-8.5
2043-10-24,0.0,26.469,83.993,3.6,232.27,SSP5-8.5
2043-10-25,0.003,26.751,80.0,4.062,235.89,SSP5-8.5
2043-10-26,0.0,26.145,73.2,4.16,237.97,SSP5-8.5
2043-10-27,0.0,26.018,67.168,5.255,258.88,SSP5-8.5
2043-10-28,0.0,25.862,66.354,5.076,260.97,SSP5-8.5
2043-10-29,0.0,25.831,69.083,4.592,252.08,SSP5-8.5
2043-10-30,0.0,25.287,64.284,3.6,254.13,SSP5-8.5
2043-10-31,0.0,25.134,62.624,4.274,256.17,SSP5-8.5
2043-11-01,0.0,25.864,65.935,4.757,249.3,SSP5-8.5
2043-11-02,0.0,26.188,64.772,6.271,245.27,SSP5-8.5
2043-11-03,0.0,25.913,67.355,5.32,251.03,SSP5-8.5
2043-11-04,0.0,25.744,69.834,7.723,246.73,SSP5-8.5
2043-11-05,0.0,26.05,78.518,8.714,232.93,SSP5-8.5
2043-11-06,0.0,25.942,79.126,8.339,219.67,SSP5-8.5
2043-11-07,0.0,25.163,79.225,8.173,213.32,SSP5-8.5
2043-11-08,0.0,23.792,60.841,10.469,255.49,SSP5-8.5
2043-11-09,0.0,23.451,55.889,9.58,260.26,SSP5-8.5
2043-11-10,0.0,23.219,57.534,9.261,236.83,SSP5-8.5
2043-11-11,0.0,23.039,58.765,8.871,248.45,SSP5-8.5
2043-11-12,0.0,22.968,59.937,8.023,254.39,SSP5-8.5
2043-11-13,0.0,23.233,62.072,8.017,251.7,SSP5-8.5
2043-11-14,0.0,23.054,61.676,7.26,251.33,SSP5-8.5
2043-11-15,0.0,22.95,61.097,5.483,251.75,SSP5-8.5
2043-11-16,0.0,23.127,61.859,5.553,246.3,SSP5-8.5
2043-11-17,0.0,23.944,65.018,6.525,234.93,SSP5-8.5
2043-11-18,0.0,24.464,65.903,8.077,218.71,SSP5-8.5
2043-11-19,0.0,24.0,63.634,8.533,216.35,SSP5-8.5
2043-11-20,0.0,23.196,57.324,7.936,241.52,SSP5-8.5
2043-11-21,0.0,23.072,56.75,7.667,248.23,SSP5-8.5
2043-11-22,0.0,23.309,55.955,6.622,246.21,SSP5-8.5
2043-11-23,0.0,23.477,53.922,6.097,248.57,SSP5-8.5
2043-11-24,0.0,23.649,51.483,3.487,239.29,SSP5-8.5
2043-11-25,0.0,23.357,52.433,5.424,238.62,SSP5-8.5
2043-11-26,0.0,22.735,80.924,7.476,139.86,SSP5-8.5
2043-11-27,0.002,23.611,67.078,3.976,193.71,SSP5-8.5
2043-11-28,0.0464,22.875,86.429,6.791,130.23,SSP5-8.5
2043-11-29,0.0793,22.114,91.139,5.548,129.96,SSP5-8.5
2043-11-30,0.0,22.304,73.094,6.622,208.29,SSP5-8.5
2043-12-01,0.0,23.536,61.78,9.778,217.54,SSP5-8.5
2043-12-02,0.0,23.289,54.302,11.95,234.84,SSP5-8.5
2043-12-03,0.0,22.804,49.889,12.586,228.92,SSP5-8.5
2043-12-04,0.0,22.607,49.702,10.897,209.51,SSP5-8.5
2043-12-05,0.001,22.394,66.325,10.003,184.51,SSP5-8.5
2043-12-06,0.0002,23.06,79.56,11.12,155.68,SSP5-8.5
2043-12-07,0.0,22.966,84.363,8.355,145.07,SSP5-8.5
2043-12-08,0.0,22.876,75.683,6.991,169.77,SSP5-8.5
2043-12-09,0.0,22.814,72.372,9.751,190.66,SSP5-8.5
2043-12-10,0.0,23.999,63.994,8.757,206.17,SSP5-8.5
2043-12-11,0.0,23.402,60.397,9.53,210.19,SSP5-8.5
2043-12-12,0.0,23.047,54.688,9.654,229.39,SSP5-8.5
2043-12-13,0.0,22.547,48.283,9.377,231.71,SSP5-8.5
2043-12-14,0.0,22.271,47.904,8.381,234.78,SSP5-8.5
2043-12-15,0.0,22.43,47.526,9.203,232.02,SSP5-8.5
2043-12-16,0.0,21.532,65.193,8.097,142.64,SSP5-8.5
2043-12-17,0.0,21.058,66.791,8.429,152.47,SSP5-8.5
2043-12-18,0.0,21.816,50.313,9.505,234.0,SSP5-8.5
2043-12-19,0.0,21.982,50.369,7.375,239.38,SSP5-8.5
2043-12-20,0.0,21.946,51.111,7.546,236.92,SSP5-8.5
2043-12-21,0.0,21.927,47.296,7.93,235.62,SSP5-8.5
2043-12-22,0.0,21.829,42.207,4.559,241.03,SSP5-8.5
2043-12-23,0.0,21.684,43.035,4.288,239.88,SSP5-8.5
2043-12-24,0.0,21.518,48.045,6.143,242.18,SSP5-8.5
2043-12-25,0.0,21.876,47.781,7.372,238.36,SSP5-8.5
2043-12-26,0.0,22.255,49.256,6.417,230.38,SSP5-8.5
2043-12-27,0.0,21.768,50.418,8.412,207.68,SSP5-8.5
2043-12-28,0.0,21.168,38.271,9.228,245.3,SSP5-8.5
2043-12-29,0.0,20.68,35.681,6.928,242.42,SSP5-8.5
2043-12-30,0.0,21.03,53.881,5.43,229.4,SSP5-8.5
2043-12-31,0.0,22.357,53.135,7.493,222.67,SSP5-8.5
2044-01-01,0.0,21.435,41.134,9.648,244.74,SSP5-8.5
2044-01-02,0.0,21.45,42.852,8.074,244.71,SSP5-8.5
2044-01-03,0.0,23.204,43.571,10.775,214.2,SSP5-8.5
2044-01-04,0.0,23.003,55.459,9.427,199.26,SSP5-8.5
2044-01-05,0.0,24.737,59.044,7.256,204.92,SSP5-8.5
2044-01-06,0.0,25.248,54.466,7.313,219.92,SSP5-8.5
2044-01-07,0.0,24.546,54.775,7.454,210.61,SSP5-8.5
2044-01-08,0.0,24.08,53.852,8.056,231.28,SSP5-8.5
2044-01-09,0.0,23.676,54.088,8.755,224.37,SSP5-8.5
2044-01-10,0.0,23.992,49.261,8.191,240.2,SSP5-8.5
2044-01-11,0.0,23.851,49.446,8.233,229.15,SSP5-8.5
2044-01-12,0.0,23.857,51.449,7.028,237.78,SSP5-8.5
2044-01-13,0.0,24.113,51.942,8.568,225.97,SSP5-8.5
2044-01-14,0.0,23.783,48.025,10.38,239.62,SSP5-8.5
2044-01-15,0.0,23.031,42.141,11.088,248.71,SSP5-8.5
2044-01-16,0.0,20.967,32.652,11.95,232.5,SSP5-8.5
2044-01-17,0.0,20.593,33.0,11.538,270.34,SSP5-8.5
2044-01-18,0.0,21.336,37.418,10.753,264.46,SSP5-8.5
2044-01-19,0.0,22.321,36.759,13.057,264.63,SSP5-8.5
2044-01-20,0.0,22.241,28.95,13.492,269.58,SSP5-8.5
2044-01-21,0.0,21.756,33.716,10.86,255.51,SSP5-8.5
2044-01-22,0.0,22.014,38.286,10.941,259.33,SSP5-8.5
2044-01-23,0.0,22.738,36.971,12.792,254.45,SSP5-8.5
2044-01-24,0.0,22.057,36.477,11.973,210.44,SSP5-8.5
2044-01-25,0.0,21.889,35.107,13.564,209.22,SSP5-8.5
2044-01-26,0.0,21.893,32.269,13.64,248.46,SSP5-8.5
2044-01-27,0.0,22.231,32.735,10.875,260.14,SSP5-8.5
2044-01-28,0.0,23.941,50.194,7.709,230.78,SSP5-8.5
2044-01-29,0.0,24.641,64.854,7.98,208.13,SSP5-8.5
2044-01-30,0.0,25.449,61.217,5.534,230.05,SSP5-8.5
2044-01-31,0.0,26.035,47.655,6.472,263.16,SSP5-8.5
2044-02-01,0.0,26.032,46.118,4.392,266.76,SSP5-8.5
2044-02-02,0.0,26.445,47.323,8.677,258.39,SSP5-8.5
2044-02-03,0.0,27.332,47.074,12.664,226.8,SSP5-8.5
2044-02-04,0.0,26.645,46.626,14.426,235.67,SSP5-8.5
2044-02-05,0.0,26.154,45.238,10.598,260.06,SSP5-8.5
2044-02-06,0.0,25.732,44.795,9.384,260.48,SSP5-8.5
2044-02-07,0.0,25.903,43.683,10.437,272.94,SSP5-8.5
2044-02-08,0.0,25.853,46.33,10.807,269.1,SSP5-8.5
2044-02-09,0.0,26.157,47.57,12.628,262.37,SSP5-8.5
2044-02-10,0.0,26.165,45.947,13.973,266.43,SSP5-8.5
2044-02-11,0.0,26.098,46.833,14.534,267.11,SSP5-8.5
2044-02-12,0.0,26.059,47.544,12.361,272.47,SSP5-8.5
2044-02-13,0.0,26.372,47.649,10.753,276.43,SSP5-8.5
2044-02-14,0.0,26.687,48.252,11.171,271.55,SSP5-8.5
2044-02-15,0.0,26.336,48.117,12.887,232.64,SSP5-8.5
2044-02-16,0.0,25.83,53.536,11.99,228.32,SSP5-8.5
2044-02-17,0.0,25.907,52.262,9.292,235.74,SSP5-8.5
2044-02-18,0.0,25.987,47.921,8.91,259.63,SSP5-8.5
2044-02-19,0.0,26.153,46.581,8.457,257.97,SSP5-8.5
2044-02-20,0.0,26.611,45.304,6.852,253.27,SSP5-8.5
2044-02-21,0.0,26.853,47.855,5.059,223.93,SSP5-8.5
2044-02-22,0.0,27.612,44.694,4.976,247.37,SSP5-8.5
2044-02-23,0.0,28.322,41.742,9.179,227.78,SSP5-8.5
2044-02-24,0.0,27.109,50.14,7.17,205.73,SSP5-8.5
2044-02-25,0.0,28.29,46.155,7.259,262.92,SSP5-8.5
2044-02-26,0.0,28.387,43.63,6.932,264.99,SSP5-8.5
2044-02-27,0.0,29.143,37.636,9.719,266.39,SSP5-8.5
2044-02-28,0.0,29.221,37.33,10.47,278.09,SSP5-8.5
2044-02-29,0.0058,27.389,35.596,11.603,224.44,SSP5-8.5
2044-03-01,0.0,27.149,37.574,11.019,247.77,SSP5-8.5
2044-03-02,0.0,26.976,35.77,12.106,265.42,SSP5-8.5
2044-03-03,0.0,27.181,30.725,11.747,275.11,SSP5-8.5
2044-03-04,0.0058,25.957,51.887,6.889,207.15,SSP5-8.5
2044-03-05,0.4241,27.264,54.189,8.19,251.37,SSP5-8.5
2044-03-06,0.0,26.326,55.196,7.887,230.1,SSP5-8.5
2044-03-07,0.0,27.668,38.496,5.759,310.5,SSP5-8.5
2044-03-08,0.0,28.459,40.225,6.445,295.16,SSP5-8.5
2044-03-09,0.0,29.136,35.974,5.833,291.46,SSP5-8.5
2044-03-10,0.0,29.153,35.099,5.427,271.32,SSP5-8.5
2044-03-11,0.0,27.767,43.168,6.809,250.84,SSP5-8.5
2044-03-12,0.0,28.953,35.89,5.036,276.88,SSP5-8.5
2044-03-13,0.0,27.702,39.983,5.025,233.22,SSP5-8.5
2044-03-14,0.0,28.746,34.26,8.423,269.8,SSP5-8.5
2044-03-15,0.0,28.675,32.42,10.438,259.83,SSP5-8.5
2044-03-16,0.0,28.95,34.297,8.355,262.47,SSP5-8.5
2044-03-17,0.0042,28.632,37.548,5.912,240.37,SSP5-8.5
2044-03-18,0.0,29.115,35.132,6.319,254.94,SSP5-8.5
2044-03-19,0.0077,29.655,39.352,6.501,268.47,SSP5-8.5
2044-03-20,1.1154,29.758,44.65,7.193,265.47,SSP5-8.5
2044-03-21,0.001,29.945,40.739,6.338,267.01,SSP5-8.5
2044-03-22,0.0,30.195,31.488,5.238,328.13,SSP5-8.5
2044-03-23,0.0,30.125,32.266,5.61,282.45,SSP5-8.5
2044-03-24,0.0,29.764,38.135,3.981,240.93,SSP5-8.5
2044-03-25,0.0,30.548,33.943,7.185,307.56,SSP5-8.5
2044-03-26,0.0,30.983,33.545,9.663,294.88,SSP5-8.5
2044-03-27,0.0,31.033,33.364,7.763,279.61,SSP5-8.5
2044-03-28,0.0,31.248,30.403,5.519,280.52,SSP5-8.5
2044-03-29,0.0,31.285,28.987,7.523,285.45,SSP5-8.5
2044-03-30,0.0,31.313,29.498,9.041,302.08,SSP5-8.5
2044-03-31,0.0,31.794,30.91,8.491,273.52,SSP5-8.5
2044-04-01,0.0498,32.291,30.635,8.681,301.19,SSP5-8.5
2044-04-02,0.0,31.39,34.524,8.474,241.36,SSP5-8.5
2044-04-03,0.0,31.215,38.839,7.732,239.55,SSP5-8.5
2044-04-04,7.7331,31.953,42.75,9.863,272.66,SSP5-8.5
2044-04-05,0.3398,32.157,38.356,10.482,273.03,SSP5-8.5
2044-04-06,0.0,32.695,31.46,10.719,310.69,SSP5-8.5
2044-04-07,0.0,32.838,29.775,11.063,308.87,SSP5-8.5
2044-04-08,0.0,32.062,29.778,8.512,279.78,SSP5-8.5
2044-04-09,0.0,31.562,34.264,6.106,302.29,SSP5-8.5
2044-04-10,0.0,31.697,36.497,7.532,307.05,SSP5-8.5
2044-04-11,0.5802,32.221,38.021,10.217,292.19,SSP5-8.5
2044-04-12,0.4769,30.699,45.845,9.632,254.76,SSP5-8.5
2044-04-13,5.1498,32.199,42.723,9.5,286.88,SSP5-8.5
2044-04-14,2.0675,31.699,42.528,6.814,281.31,SSP5-8.5
2044-04-15,2.2518,32.315,39.214,9.092,296.49,SSP5-8.5
2044-04-16,0.0,32.756,31.271,7.512,340.62,SSP5-8.5
2044-04-17,0.0,32.789,32.015,9.162,335.93,SSP5-8.5
2044-04-18,5.0644,31.684,45.626,7.872,274.18,SSP5-8.5
2044-04-19,0.4464,28.177,58.135,5.166,239.1,SSP5-8.5
2044-04-20,0.1704,31.631,40.617,5.128,279.18,SSP5-8.5
2044-04-21,0.1101,32.401,33.321,6.893,321.56,SSP5-8.5
2044-04-22,0.0062,32.292,33.303,6.676,275.54,SSP5-8.5
2044-04-23,0.0049,32.766,31.239,5.065,294.73,SSP5-8.5
2044-04-24,0.0975,33.087,30.862,3.549,312.32,SSP5-8.5
2044-04-25,0.0673,33.604,30.581,3.749,278.68,SSP5-8.5
2044-04-26,0.089,33.543,31.924,4.255,273.02,SSP5-8.5
2044-04-27,0.2771,33.892,30.844,5.226,295.52,SSP5-8.5
2044-04-28,0.6222,33.86,31.732,4.595,287.85,SSP5-8.5
2044-04-29,1.0063,33.415,35.297,4.413,267.83,SSP5-8.5
2044-04-30,14.9718,30.46,48.373,4.913,262.42,SSP5-8.5
2044-05-01,0.0351,32.059,40.586,4.302,282.88,SSP5-8.5
2044-05-02,0.9784,31.332,42.263,5.255,258.51,SSP5-8.5
2044-05-03,0.0417,32.647,35.468,4.32,291.81,SSP5-8.5
2044-05-04,0.091,32.945,33.515,4.76,298.61,SSP5-8.5
2044-05-05,5.2216,32.176,41.897,5.075,258.21,SSP5-8.5
2044-05-06,1.5867,29.918,50.172,6.384,236.45,SSP5-8.5
2044-05-07,0.3532,31.477,42.348,4.934,283.22,SSP5-8.5
2044-05-08,0.0091,32.231,36.849,5.989,282.5,SSP5-8.5
2044-05-09,0.0151,33.281,33.42,6.81,304.55,SSP5-8.5
2044-05-10,0.0,33.512,30.666,8.253,313.26,SSP5-8.5
2044-05-11,0.0075,33.078,34.47,9.303,299.92,SSP5-8.5
2044-05-12,0.1541,33.465,33.559,6.026,301.11,SSP5-8.5
2044-05-13,11.2358,32.933,42.444,6.237,257.27,SSP5-8.5
2044-05-14,0.0,33.326,35.782,5.827,326.37,SSP5-8.5
2044-05-15,0.0,34.24,30.583,10.464,308.67,SSP5-8.5
2044-05-16,0.0,33.596,32.105,10.759,257.45,SSP5-8.5
2044-05-17,0.0,34.282,28.434,10.961,341.62,SSP5-8.5
2044-05-18,0.0,34.637,25.284,11.832,347.56,SSP5-8.5
2044-05-19,0.0,34.873,23.349,9.19,328.52,SSP5-8.5
2044-05-20,0.0,34.753,22.815,8.446,349.47,SSP5-8.5
2044-05-21,0.0,35.57,24.24,7.676,327.57,SSP5-8.5
2044-05-22,0.0,35.541,25.334,7.164,308.08,SSP5-8.5
2044-05-23,0.0,35.63,24.633,8.05,305.82,SSP5-8.5
2044-05-24,0.0,35.883,22.721,8.006,323.03,SSP5-8.5
2044-05-25,0.0,35.772,22.817,9.555,311.01,SSP5-8.5
2044-05-26,0.0,35.712,22.894,16.717,317.36,SSP5-8.5
2044-05-27,0.0,35.313,26.838,16.554,287.7,SSP5-8.5
2044-05-28,0.0,35.336,25.372,15.603,333.63,SSP5-8.5
2044-05-29,0.0,35.474,25.183,14.816,304.86,SSP5-8.5
2044-05-30,0.0,34.891,25.615,16.65,330.37,SSP5-8.5
2044-05-31,0.0,35.154,24.111,16.261,348.26,SSP5-8.5
2044-06-01,0.0,35.875,25.658,16.053,309.17,SSP5-8.5
2044-06-02,0.0,34.279,33.602,16.792,283.05,SSP5-8.5
2044-06-03,1.7421,33.157,42.56,18.962,265.03,SSP5-8.5
2044-06-04,29.65,30.312,68.783,14.809,244.22,SSP5-8.5
2044-06-05,11.928,28.224,79.047,8.639,187.77,SSP5-8.5
2044-06-06,8.7803,27.657,86.954,7.036,206.57,SSP5-8.5
2044-06-07,5.2568,30.192,73.033,6.496,279.61,SSP5-8.5
2044-06-08,0.7561,32.036,60.6,10.739,291.51,SSP5-8.5
2044-06-09,0.0,31.721,54.648,14.727,274.54,SSP5-8.5
2044-06-10,0.0,32.095,48.424,15.081,313.68,SSP5-8.5
2044-06-11,0.0,31.312,51.965,13.127,285.8,SSP5-8.5
2044-06-12,0.0,31.456,53.573,9.602,285.37,SSP5-8.5
2044-06-13,0.0,32.214,47.598,9.236,294.52,SSP5-8.5
2044-06-14,0.0,33.444,40.936,12.915,316.4,SSP5-8.5
2044-06-15,0.0,33.936,41.629,13.735,321.77,SSP5-8.5
2044-06-16,0.0,34.033,39.561,11.7,325.35,SSP5-8.5
2044-06-17,0.0,32.124,40.602,12.408,264.17,SSP5-8.5
2044-06-18,0.0,31.292,49.952,14.445,259.54,SSP5-8.5
2044-06-19,0.0,33.046,42.262,15.112,304.14,SSP5-8.5
2044-06-20,0.0,32.908,43.733,16.85,293.78,SSP5-8.5
2044-06-21,0.0,33.492,39.572,16.257,293.63,SSP5-8.5
2044-06-22,0.0,31.795,46.585,15.779,275.38,SSP5-8.5
2044-06-23,0.0,32.077,46.498,13.047,293.98,SSP5-8.5
2044-06-24,0.0,32.88,43.585,12.037,310.16,SSP5-8.5
2044-06-25,2.5815,33.224,50.046,9.691,291.79,SSP5-8.5
2044-06-26,0.1914,32.085,54.265,7.423,268.56,SSP5-8.5
2044-06-27,3.7964,32.407,57.319,8.477,281.28,SSP5-8.5
2044-06-28,5.6181,30.653,65.045,10.398,222.93,SSP5-8.5
2044-06-29,25.137,29.087,74.956,12.759,227.85,SSP5-8.5
2044-06-30,20.3707,25.82,90.524,12.762,183.45,SSP5-8.5
2044-07-01,2.2169,27.327,87.013,9.567,213.37,SSP5-8.5
2044-07-02,8.8427,27.498,86.869,8.351,221.92,SSP5-8.5
2044-07-03,0.1804,27.73,82.559,10.071,231.03,SSP5-8.5
2044-07-04,0.021,29.046,72.946,12.274,294.88,SSP5-8.5
2044-07-05,1.3897,28.994,77.121,12.395,286.7,SSP5-8.5
2044-07-06,5.5555,27.67,84.275,14.185,220.13,SSP5-8.5
2044-07-07,16.1528,27.244,89.091,12.561,205.71,SSP5-8.5
2044-07-08,14.3032,27.241,88.296,12.676,214.5,SSP5-8.5
2044-07-09,0.529,27.609,82.455,14.383,240.17,SSP5-8.5
2044-07-10,15.0748,27.229,85.768,14.721,213.24,SSP5-8.5
2044-07-11,4.268,26.866,88.216,14.967,193.28,SSP5-8.5
2044-07-12,0.0188,27.754,82.477,17.263,235.48,SSP5-8.5
2044-07-13,0.0,27.991,78.853,18.515,241.84,SSP5-8.5
2044-07-14,0.0,27.878,79.834,18.386,238.31,SSP5-8.5
2044-07-15,0.0,28.004,78.036,19.064,247.67,SSP5-8.5
2044-07-16,11.3018,27.111,88.351,18.374,211.29,SSP5-8.5
2044-07-17,20.5771,26.81,92.284,16.106,179.94,SSP5-8.5
2044-07-18,13.8038,26.911,91.932,16.199,194.33,SSP5-8.5
2044-07-19,31.4266,26.866,90.815,21.651,207.8,SSP5-8.5
2044-07-20,22.9401,26.809,90.618,17.213,200.91,SSP5-8.5
2044-07-21,54.6293,25.569,95.079,13.346,155.7,SSP5-8.5
2044-07-22,18.751,25.997,92.766,12.908,179.69,SSP5-8.5
2044-07-23,5.719,27.132,87.998,17.693,231.86,SSP5-8.5
2044-07-24,9.459,26.535,91.366,17.09,194.42,SSP5-8.5
2044-07-25,8.9888,26.505,90.669,17.211,181.74,SSP5-8.5
2044-07-26,25.0562,26.076,92.094,16.89,161.82,SSP5-8.5
2044-07-27,22.6915,26.792,91.798,14.872,209.42,SSP5-8.5
2044-07-28,1.4944,26.434,92.195,12.715,196.42,SSP5-8.5
2044-07-29,0.1279,26.784,91.185,10.54,201.87,SSP5-8.5
2044-07-30,0.0,27.234,89.033,10.776,222.15,SSP5-8.5
2044-07-31,0.0577,27.576,86.753,9.646,248.0,SSP5-8.5
2044-08-01,0.0069,28.562,86.481,9.225,237.31,SSP5-8.5
2044-08-02,7.0251,28.037,90.015,9.758,221.3,SSP5-8.5
2044-08-03,2.131,26.713,92.408,10.679,191.1,SSP5-8.5
2044-08-04,0.2168,27.164,91.38,9.079,199.05,SSP5-8.5
2044-08-05,7.9027,27.877,88.754,10.258,253.94,SSP5-8.5
2044-08-06,0.0,27.797,90.69,10.455,215.52,SSP5-8.5
2044-08-07,0.0,28.032,85.828,12.314,246.28,SSP5-8.5
2044-08-08,0.0,28.081,86.721,13.379,242.94,SSP5-8.5
2044-08-09,0.5361,27.755,88.809,11.785,224.78,SSP5-8.5
2044-08-10,0.122,26.988,91.023,11.254,204.11,SSP5-8.5
2044-08-11,1.3317,27.117,91.83,8.255,203.53,SSP5-8.5
2044-08-12,0.0,27.173,90.287,11.328,207.66,SSP5-8.5
2044-08-13,0.0,27.451,90.058,10.006,214.44,SSP5-8.5
2044-08-14,0.0,27.776,88.233,9.546,237.71,SSP5-8.5
2044-08-15,0.0,28.379,83.695,9.414,266.76,SSP5-8.5
2044-08-16,0.0,29.162,82.469,7.654,275.48,SSP5-8.5
2044-08-17,0.0682,29.382,83.277,5.945,260.62,SSP5-8.5
2044-08-18,0.0761,28.95,85.366,4.517,245.3,SSP5-8.5
2044-08-19,0.0,29.062,80.791,10.2,258.96,SSP5-8.5
2044-08-20,6.9801,27.785,88.346,9.864,207.77,SSP5-8.5
2044-08-21,0.0,27.65,88.715,10.127,204.12,SSP5-8.5
2044-08-22,0.0,27.914,86.742,9.826,233.77,SSP5-8.5
2044-08-23,0.0,28.365,81.503,8.769,274.02,SSP5-8.5
2044-08-24,0.0,28.643,80.864,6.725,281.9,SSP5-8.5
2044-08-25,0.0,28.457,88.266,4.521,237.42,SSP5-8.5
2044-08-26,12.9073,28.311,89.38,6.23,240.32,SSP5-8.5
2044-08-27,29.4577,27.901,93.286,6.269,206.26,SSP5-8.5
2044-08-28,11.0148,28.169,90.097,5.626,231.51,SSP5-8.5
2044-08-29,1.537,28.28,86.805,8.207,253.25,SSP5-8.5
2044-08-30,24.0837,27.897,90.395,10.989,233.02,SSP5-8.5
2044-08-31,11.8993,27.763,91.668,9.535,220.45,SSP5-8.5
2044-09-01,1.7332,27.91,89.402,6.236,242.82,SSP5-8.5
2044-09-02,0.0,28.274,85.577,5.452,256.64,SSP5-8.5
2044-09-03,0.9967,28.665,86.281,8.858,250.84,SSP5-8.5
2044-09-04,28.1006,27.376,89.74,11.688,223.39,SSP5-8.5
2044-09-05,13.5112,27.09,91.683,9.673,190.4,SSP5-8.5
2044-09-06,0.1389,27.289,91.704,9.15,207.74,SSP5-8.5
2044-09-07,0.0,28.027,84.725,12.177,242.53,SSP5-8.5
2044-09-08,0.0,28.36,80.017,14.033,260.02,SSP5-8.5
2044-09-09,0.0,28.455,78.343,13.031,259.51,SSP5-8.5
2044-09-10,0.0,28.368,81.216,8.515,249.46,SSP5-8.5
2044-09-11,0.0,28.578,78.791,9.319,261.97,SSP5-8.5
2044-09-12,0.0,28.329,79.942,7.913,249.94,SSP5-8.5
2044-09-13,6.3952,28.773,82.236,8.082,253.56,SSP5-8.5
2044-09-14,2.449,27.993,88.187,7.825,216.99,SSP5-8.5
2044-09-15,15.6677,26.765,91.807,7.645,173.41,SSP5-8.5
2044-09-16,1.7791,26.622,92.67,6.717,194.54,SSP5-8.5
2044-09-17,3.6765,27.606,88.744,3.738,240.92,SSP5-8.5
2044-09-18,6.4867,27.86,90.694,4.014,226.8,SSP5-8.5
2044-09-19,2.6409,27.9,88.901,6.297,232.35,SSP5-8.5
2044-09-20,2.4704,28.12,87.556,6.971,242.74,SSP5-8.5
2044-09-21,14.3109,27.722,89.844,8.27,229.8,SSP5-8.5
2044-09-22,0.0,28.35,83.439,8.261,231.04,SSP5-8.5
2044-09-23,0.0,28.572,78.565,10.135,262.73,SSP5-8.5
2044-09-24,0.0,28.54,79.588,8.873,242.87,SSP5-8.5
2044-09-25,0.0,28.511,81.912,7.731,235.35,SSP5-8.5
2044-09-26,0.0,29.119,74.736,6.951,267.45,SSP5-8.5
2044-09-27,0.0,28.746,80.185,5.714,244.23,SSP5-8.5
2044-09-28,0.0,29.195,74.973,5.192,256.88,SSP5-8.5
2044-09-29,0.0,28.295,78.212,7.046,264.22,SSP5-8.5
2044-09-30,0.0,28.051,77.311,6.745,251.18,SSP5-8.5
2044-10-01,0.0,27.214,74.892,6.838,261.82,SSP5-8.5
2044-10-02,0.0,27.712,71.224,5.908,269.04,SSP5-8.5
2044-10-03,0.0168,27.847,71.518,4.737,236.98,SSP5-8.5
2044-10-04,0.0,28.119,71.478,3.216,243.25,SSP5-8.5
2044-10-05,0.5177,27.514,79.864,5.515,222.61,SSP5-8.5
2044-10-06,3.3106,28.397,79.009,5.94,242.19,SSP5-8.5
2044-10-07,0.3328,27.558,78.858,7.197,232.07,SSP5-8.5
2044-10-08,0.0,26.506,77.83,5.826,237.81,SSP5-8.5
2044-10-09,0.0,26.917,71.48,4.52,264.52,SSP5-8.5
2044-10-10,0.0,26.883,68.105,4.138,253.53,SSP5-8.5
2044-10-11,0.0,26.58,70.701,4.073,239.6,SSP5-8.5
2044-10-12,0.0,27.016,71.147,3.567,230.08,SSP5-8.5
2044-10-13,0.0,27.617,63.555,4.339,258.08,SSP5-8.5
2044-10-14,0.3924,27.987,68.092,4.139,246.62,SSP5-8.5
2044-10-15,0.3555,26.396,85.17,6.397,190.03,SSP5-8.5
2044-10-16,1.003,27.083,80.283,2.766,212.72,SSP5-8.5
2044-10-17,0.0,27.778,79.463,6.369,231.66,SSP5-8.5
2044-10-18,0.0,27.546,77.822,5.799,227.81,SSP5-8.5
2044-10-19,0.1169,27.642,71.271,5.547,232.91,SSP5-8.5
2044-10-20,8.5797,27.264,82.689,4.14,199.37,SSP5-8.5
2044-10-21,4.8415,25.832,84.104,6.917,201.12,SSP5-8.5
2044-10-22,2.3591,25.545,84.203,8.772,212.41,SSP5-8.5
2044-10-23,1.3921,25.502,83.887,8.156,215.79,SSP5-8.5
2044-10-24,6.0433,25.472,84.583,8.858,213.0,SSP5-8.5
2044-10-25,0.0,26.682,78.293,5.61,245.55,SSP5-8.5
2044-10-26,0.8358,26.874,76.756,7.456,221.09,SSP5-8.5
2044-10-27,3.7022,25.675,83.972,6.673,190.69,SSP5-8.5
2044-10-28,0.2459,26.381,81.449,6.072,223.03,SSP5-8.5
2044-10-29,4.6224,26.628,78.382,5.073,213.87,SSP5-8.5
2044-10-30,7.2901,26.129,81.66,7.153,205.44,SSP5-8.5
2044-10-31,0.3845,26.901,74.926,7.099,202.89,SSP5-8.5
2044-11-01,0.0102,26.909,73.824,6.614,212.9,SSP5-8.5
2044-11-02,0.0364,26.663,77.807,7.966,213.04,SSP5-8.5
2044-11-03,3.5335,25.845,80.639,8.019,205.67,SSP5-8.5
2044-11-04,0.0152,26.118,79.051,7.78,213.38,SSP5-8.5
2044-11-05,0.0,26.499,67.576,8.493,240.74,SSP5-8.5
2044-11-06,0.0,26.627,61.722,6.61,237.97,SSP5-8.5
2044-11-07,0.0,26.232,62.45,6.669,215.23,SSP5-8.5
2044-11-08,0.0574,26.112,70.831,8.456,211.26,SSP5-8.5
2044-11-09,0.0,26.23,69.786,6.673,205.07,SSP5-8.5
2044-11-10,0.0,25.164,77.03,6.725,186.83,SSP5-8.5
2044-11-11,0.0,26.63,69.517,5.75,198.39,SSP5-8.5
2044-11-12,0.0,26.956,68.564,7.236,204.81,SSP5-8.5
2044-11-13,0.0363,26.54,71.869,8.568,206.53,SSP5-8.5
2044-11-14,6.0179,25.96,78.294,9.365,187.1,SSP5-8.5
2044-11-15,0.0121,25.011,72.051,9.929,193.31,SSP5-8.5
2044-11-16,0.0291,24.993,63.275,8.235,217.44,SSP5-8.5
2044-11-17,0.1144,25.356,73.49,7.687,202.21,SSP5-8.5
2044-11-18,2.5431,24.135,80.899,8.124,167.23,SSP5-8.5
2044-11-19,0.0,23.334,85.856,7.494,136.58,SSP5-8.5
2044-11-20,0.0,23.963,69.892,9.895,192.14,SSP5-8.5
2044-11-21,0.0,24.565,51.018,9.862,222.52,SSP5-8.5
2044-11-22,0.0,23.908,55.351,9.716,205.41,SSP5-8.5
2044-11-23,0.0,23.428,48.071,9.468,224.82,SSP5-8.5
2044-11-24,0.0,22.558,37.405,9.677,242.75,SSP5-8.5
2044-11-25,0.0,21.845,34.236,9.774,214.67,SSP5-8.5
2044-11-26,0.0,21.435,41.754,9.681,218.57,SSP5-8.5
2044-11-27,0.0,21.331,46.89,9.379,221.35,SSP5-8.5
2044-11-28,0.0,21.955,47.243,8.976,236.26,SSP5-8.5
2044-11-29,0.0,22.654,51.147,7.611,238.06,SSP5-8.5
2044-11-30,0.0,23.005,59.274,6.867,195.05,SSP5-8.5
2044-12-01,0.0,23.651,55.7,9.37,221.7,SSP5-8.5
2044-12-02,0.0,22.913,52.53,8.788,226.57,SSP5-8.5
2044-12-03,0.0,22.852,45.547,9.129,236.32,SSP5-8.5
2044-12-04,0.0,22.234,42.155,11.821,243.81,SSP5-8.5
2044-12-05,0.0,21.804,40.845,10.107,238.89,SSP5-8.5
2044-12-06,0.0,21.668,39.759,8.206,244.19,SSP5-8.5
2044-12-07,0.0,21.751,37.606,8.045,248.44,SSP5-8.5
2044-12-08,0.0,22.345,39.001,6.878,247.1,SSP5-8.5
2044-12-09,0.0,21.992,48.171,6.497,210.84,SSP5-8.5
2044-12-10,0.0,21.899,59.124,6.687,169.33,SSP5-8.5
2044-12-11,0.0,22.174,55.597,7.047,198.22,SSP5-8.5
2044-12-12,0.0,22.98,50.574,8.223,227.93,SSP5-8.5
2044-12-13,0.0,22.467,52.116,9.946,215.72,SSP5-8.5
2044-12-14,0.0,23.271,46.913,9.605,220.81,SSP5-8.5
2044-12-15,0.0,22.837,50.387,8.172,199.08,SSP5-8.5
2044-12-16,0.0,22.728,47.335,8.362,215.24,SSP5-8.5
2044-12-17,0.0,21.984,45.173,9.309,214.95,SSP5-8.5
2044-12-18,0.0,21.901,40.341,10.303,227.08,SSP5-8.5
2044-12-19,0.0,21.184,35.013,11.288,229.22,SSP5-8.5
2044-12-20,0.0,20.889,34.975,9.632,238.85,SSP5-8.5
2044-12-21,0.0,21.067,35.215,9.526,246.62,SSP5-8.5
2044-12-22,0.0,20.952,33.229,10.276,249.3,SSP5-8.5
2044-12-23,0.0,20.603,31.888,10.274,252.53,SSP5-8.5
2044-12-24,0.0,20.625,44.351,7.506,222.86,SSP5-8.5
2044-12-25,0.0,21.637,42.837,8.014,240.23,SSP5-8.5
2044-12-26,0.0,21.719,48.349,5.888,235.91,SSP5-8.5
2044-12-27,0.0,22.704,47.977,6.515,232.79,SSP5-8.5
2044-12-28,0.0,23.283,46.228,7.397,237.24,SSP5-8.5
2044-12-29,0.0,23.193,46.735,7.067,235.46,SSP5-8.5
2044-12-30,0.0,23.694,48.707,9.591,208.47,SSP5-8.5
2044-12-31,0.0,24.647,48.848,10.029,208.52,SSP5-8.5
2045-01-01,0.0,24.526,49.355,7.076,224.87,SSP5-8.5
2045-01-02,0.0,24.69,45.578,8.997,216.96,SSP5-8.5
2045-01-03,0.0,25.047,45.546,10.978,200.55,SSP5-8.5
2045-01-04,0.0,22.496,50.177,8.838,188.69,SSP5-8.5
2045-01-05,0.0,24.14,45.473,9.604,239.82,SSP5-8.5
2045-01-06,0.0,21.039,38.319,14.756,177.26,SSP5-8.5
2045-01-07,0.0,21.113,35.678,12.349,214.05,SSP5-8.5
2045-01-08,0.0,21.733,47.579,10.244,179.77,SSP5-8.5
2045-01-09,0.0,22.593,66.012,9.598,171.43,SSP5-8.5
2045-01-10,0.0,22.453,69.248,10.809,174.15,SSP5-8.5
2045-01-11,0.0,23.848,57.793,10.746,202.3,SSP5-8.5
2045-01-12,0.0,24.095,55.176,9.657,218.04,SSP5-8.5
2045-01-13,0.0,24.709,57.595,12.304,200.45,SSP5-8.5
2045-01-14,0.0,19.814,77.925,15.378,128.17,SSP5-8.5
2045-01-15,0.0,23.634,60.364,10.871,214.6,SSP5-8.5
2045-01-16,0.0,24.581,55.797,10.412,220.85,SSP5-8.5
2045-01-17,0.0,25.167,51.45,12.548,217.89,SSP5-8.5
2045-01-18,0.0,25.815,48.162,9.189,236.61,SSP5-8.5
2045-01-19,0.0,24.735,51.487,9.366,197.53,SSP5-8.5
2045-01-20,0.0,24.51,53.315,8.982,200.11,SSP5-8.5
2045-01-21,0.0,24.701,53.237,11.208,202.14,SSP5-8.5
2045-01-22,0.0,25.333,46.203,13.529,239.82,SSP5-8.5
2045-01-23,0.0,25.178,41.739,11.716,243.01,SSP5-8.5
2045-01-24,0.0,24.583,42.205,11.191,250.36,SSP5-8.5
2045-01-25,0.0,24.065,35.701,10.368,252.51,SSP5-8.5
2045-01-26,0.0,23.81,37.766,9.083,248.06,SSP5-8.5
2045-01-27,0.0,24.65,44.175,9.602,256.19,SSP5-8.5
2045-01-28,0.0,25.004,44.069,8.136,246.85,SSP5-8.5
2045-01-29,0.0,24.911,43.25,8.385,255.81,SSP5-8.5
2045-01-30,0.0,25.015,43.009,9.09,258.2,SSP5-8.5
2045-01-31,0.0,24.965,42.195,8.962,263.04,SSP5-8.5
2045-02-01,0.0,25.077,40.093,8.584,260.43,SSP5-8.5
2045-02-02,0.0,25.053,37.787,8.853,256.88,SSP5-8.5
2045-02-03,0.0,24.628,40.21,6.711,219.52,SSP5-8.5
2045-02-04,0.0,25.419,39.839,8.481,267.71,SSP5-8.5
2045-02-05,0.0,25.669,40.113,9.333,268.25,SSP5-8.5
2045-02-06,0.0,25.852,38.005,10.274,266.95,SSP5-8.5
2045-02-07,0.0,26.239,37.364,10.291,249.78,SSP5-8.5
2045-02-08,0.0,25.98,41.075,8.725,242.44,SSP5-8.5
2045-02-09,0.0,26.467,39.767,7.244,252.93,SSP5-8.5
2045-02-10,0.0,26.746,36.754,10.752,270.58,SSP5-8.5
2045-02-11,0.0,27.399,36.529,11.497,226.76,SSP5-8.5
2045-02-12,0.0,27.67,34.98,10.862,246.4,SSP5-8.5
2045-02-13,0.0,26.616,32.902,9.436,233.98,SSP5-8.5
2045-02-14,0.0,26.339,37.032,6.612,270.81,SSP5-8.5
2045-02-15,0.0,26.874,42.96,9.303,265.02,SSP5-8.5
2045-02-16,0.0,27.114,41.477,9.646,268.05,SSP5-8.5
2045-02-17,0.0,27.661,40.318,7.731,261.85,SSP5-8.5
2045-02-18,0.0,27.556,38.876,6.974,278.79,SSP5-8.5
2045-02-19,0.0,27.317,36.856,8.767,284.48,SSP5-8.5
2045-02-20,0.0,27.425,33.251,12.387,285.11,SSP5-8.5
2045-02-21,0.0,26.841,29.764,11.922,294.59,SSP5-8.5
2045-02-22,0.0,26.522,28.84,10.38,298.74,SSP5-8.5
2045-02-23,0.0,27.08,26.871,10.18,302.53,SSP5-8.5
2045-02-24,0.0,27.288,28.784,10.824,293.48,SSP5-8.5
2045-02-25,0.0,26.581,39.175,10.484,214.49,SSP5-8.5
2045-02-26,0.0,27.859,47.244,10.047,209.01,SSP5-8.5
2045-02-27,0.0,28.66,41.581,9.764,252.31,SSP5-8.5
2045-02-28,0.0,28.612,33.073,8.87,263.11,SSP5-8.5
2045-03-01,0.0,27.169,24.662,10.589,256.31,SSP5-8.5
2045-03-02,0.0,26.436,22.916,9.554,237.29,SSP5-8.5
2045-03-03,0.0,26.51,24.799,8.26,275.31,SSP5-8.5
2045-03-04,0.0,26.761,25.834,7.691,320.63,SSP5-8.5
2045-03-05,0.0,26.845,24.78,6.29,324.21,SSP5-8.5
2045-03-06,0.0,27.786,26.519,6.853,316.63,SSP5-8.5
2045-03-07,0.0,28.221,26.745,8.797,309.44,SSP5-8.5
2045-03-08,0.0,28.428,24.735,9.064,312.31,SSP5-8.5
2045-03-09,0.0,28.728,23.767,10.184,302.0,SSP5-8.5
2045-03-10,0.0,29.41,25.272,10.319,293.67,SSP5-8.5
2045-03-11,0.0,29.489,28.538,9.706,259.79,SSP5-8.5
2045-03-12,0.0,29.45,28.28,8.638,258.99,SSP5-8.5
2045-03-13,0.0,29.576,27.295,10.62,309.48,SSP5-8.5
2045-03-14,0.0,29.838,25.939,13.18,312.84,SSP5-8.5
2045-03-15,0.0,29.488,27.214,11.993,327.0,SSP5-8.5
2045-03-16,0.0,29.9,25.449,12.398,323.83,SSP5-8.5
2045-03-17,0.0,30.156,24.449,13.76,325.28,SSP5-8.5
2045-03-18,0.0,30.488,26.382,7.722,309.55,SSP5-8.5
2045-03-19,0.0008,29.23,36.73,9.692,207.75,SSP5-8.5
2045-03-20,0.0,28.384,37.071,7.177,207.03,SSP5-8.5
2045-03-21,0.0,30.582,28.039,7.852,287.17,SSP5-8.5
2045-03-22,0.0,31.28,25.235,10.09,300.52,SSP5-8.5
2045-03-23,0.0,31.8,26.255,9.59,280.38,SSP5-8.5
2045-03-24,0.0,31.71,25.269,6.567,299.19,SSP5-8.5
2045-03-25,0.0,31.697,22.724,12.745,318.34,SSP5-8.5
2045-03-26,0.0,32.031,22.429,16.445,323.02,SSP5-8.5
2045-03-27,0.0,31.381,23.684,10.954,329.66,SSP5-8.5
2045-03-28,0.0,30.936,24.182,7.987,328.52,SSP5-8.5
2045-03-29,0.0,31.597,27.365,11.03,319.19,SSP5-8.5
2045-03-30,0.2289,32.583,29.507,9.794,285.66,SSP5-8.5
2045-03-31,0.027,30.692,37.584,9.897,208.34,SSP5-8.5
2045-04-01,0.0,32.008,24.913,8.257,324.44,SSP5-8.5
2045-04-02,0.0,31.234,20.832,7.446,343.39,SSP5-8.5
2045-04-03,0.0,30.833,22.245,8.32,344.25,SSP5-8.5
2045-04-04,0.0,30.732,22.25,6.136,350.28,SSP5-8.5
2045-04-05,0.0,30.947,23.502,7.949,344.94,SSP5-8.5
2045-04-06,0.0,32.452,25.212,11.82,294.83,SSP5-8.5
2045-04-07,0.0,32.587,24.685,12.564,325.2,SSP5-8.5
2045-04-08,0.0,33.053,24.57,9.546,288.95,SSP5-8.5
2045-04-09,0.0007,32.956,24.426,8.169,275.78,SSP5-8.5
2045-04-10,0.0,32.827,25.636,7.447,249.62,SSP5-8.5
2045-04-11,0.0,32.869,26.543,8.506,300.25,SSP5-8.5
2045-04-12,0.1711,32.634,30.419,12.28,287.96,SSP5-8.5
2045-04-13,0.1386,29.545,40.522,10.111,215.26,SSP5-8.5
2045-04-14,0.1261,31.966,31.771,8.187,260.11,SSP5-8.5
2045-04-15,0.0,33.131,28.059,4.68,266.77,SSP5-8.5
2045-04-16,0.0738,34.06,26.077,6.106,293.16,SSP5-8.5
2045-04-17,0.0,33.233,27.987,6.855,246.17,SSP5-8.5
2045-04-18,0.0,33.186,25.446,8.176,251.0,SSP5-8.5
2045-04-19,0.0538,33.636,22.834,8.514,306.3,SSP5-8.5
2045-04-20,0.4214,33.09,27.592,8.299,268.45,SSP5-8.5
2045-04-21,0.2393,33.625,28.096,9.131,283.24,SSP5-8.5
2045-04-22,0.0107,34.081,27.524,11.069,305.63,SSP5-8.5
2045-04-23,0.0,34.175,26.019,6.661,306.93,SSP5-8.5
2045-04-24,0.0,34.127,25.861,6.238,261.73,SSP5-8.5
2045-04-25,0.0019,34.381,24.991,8.428,292.06,SSP5-8.5
2045-04-26,0.0,34.349,22.475,7.048,300.48,SSP5-8.5
2045-04-27,0.0,34.011,20.906,8.484,329.6,SSP5-8.5
2045-04-28,0.1125,34.893,23.261,7.34,275.55,SSP5-8.5
2045-04-29,0.1385,31.513,30.324,6.469,240.23,SSP5-8.5
2045-04-30,0.339,33.269,27.336,8.203,298.41,SSP5-8.5
2045-05-01,4.4439,32.843,33.813,9.193,276.07,SSP5-8.5
2045-05-02,2.415,31.757,39.019,6.113,283.05,SSP5-8.5
2045-05-03,0.4369,32.948,30.919,7.417,319.01,SSP5-8.5
2045-05-04,0.0,33.075,29.05,8.799,276.17,SSP5-8.5
2045-05-05,0.0,32.982,23.308,7.117,332.32,SSP5-8.5
2045-05-06,0.0,32.258,21.497,5.744,357.26,SSP5-8.5
2045-05-07,0.0,32.999,23.646,9.986,317.0,SSP5-8.5
2045-05-08,0.826,33.809,26.467,8.577,280.31,SSP5-8.5
2045-05-09,7.6099,32.871,34.967,5.968,275.48,SSP5-8.5
2045-05-10,24.1198,31.266,48.477,7.099,259.56,SSP5-8.5
2045-05-11,2.0233,30.422,45.578,6.577,256.77,SSP5-8.5
2045-05-12,3.2697,30.424,47.798,6.57,255.33,SSP5-8.5
2045-05-13,0.0,31.841,38.861,5.638,289.54,SSP5-8.5
2045-05-14,0.3166,31.965,40.451,4.499,279.89,SSP5-8.5
2045-05-15,0.4163,32.578,37.541,5.166,302.87,SSP5-8.5
2045-05-16,0.0153,32.624,39.045,4.006,254.81,SSP5-8.5
2045-05-17,0.0025,32.482,38.217,3.703,258.39,SSP5-8.5
2045-05-18,0.0,33.048,34.902,4.984,263.06,SSP5-8.5
2045-05-19,0.0,33.489,28.446,4.805,323.78,SSP5-8.5
2045-05-20,0.0015,34.419,26.586,7.716,318.97,SSP5-8.5
2045-05-21,0.0,34.657,28.883,9.964,292.54,SSP5-8.5
2045-05-22,0.0,34.75,27.072,10.313,290.01,SSP5-8.5
2045-05-23,0.0,35.098,25.183,9.925,315.55,SSP5-8.5
2045-05-24,0.0015,35.175,25.289,13.927,299.95,SSP5-8.5
2045-05-25,0.0,35.007,26.143,16.164,304.35,SSP5-8.5
2045-05-26,0.0,34.815,25.702,15.026,337.1,SSP5-8.5
2045-05-27,0.0,35.117,25.565,9.23,305.44,SSP5-8.5
2045-05-28,0.1165,35.089,25.38,10.225,303.51,SSP5-8.5
2045-05-29,0.1838,34.109,32.939,10.735,248.85,SSP5-8.5
2045-05-30,1.1652,29.934,52.04,9.282,203.44,SSP5-8.5
2045-05-31,0.02,31.634,40.078,11.111,246.76,SSP5-8.5
2045-06-01,0.0,35.162,25.199,12.529,345.55,SSP5-8.5
2045-06-02,0.0,36.077,21.08,11.69,350.83,SSP5-8.5
2045-06-03,0.0,36.535,20.863,12.199,326.96,SSP5-8.5
2045-06-04,0.0,36.709,19.996,14.413,334.17,SSP5-8.5
2045-06-05,0.0,36.899,19.113,15.639,347.51,SSP5-8.5
2045-06-06,0.0,36.842,19.993,14.245,350.76,SSP5-8.5
2045-06-07,0.0,36.934,20.501,8.584,296.7,SSP5-8.5
2045-06-08,0.0127,36.708,23.843,7.411,275.33,SSP5-8.5
2045-06-09,2.5833,33.069,37.388,8.206,226.06,SSP5-8.5
2045-06-10,2.0184,34.705,40.121,12.293,305.1,SSP5-8.5
2045-06-11,0.0,34.907,29.735,14.027,336.26,SSP5-8.5
2045-06-12,0.0,36.273,24.546,14.397,332.76,SSP5-8.5
2045-06-13,0.0,36.84,23.198,15.25,341.12,SSP5-8.5
2045-06-14,0.0,37.027,24.011,15.702,315.37,SSP5-8.5
2045-06-15,0.0,37.274,23.577,14.46,337.79,SSP5-8.5
2045-06-16,0.0,37.95,23.227,14.981,321.19,SSP5-8.5
2045-06-17,0.0,37.55,23.134,13.699,324.27,SSP5-8.5
2045-06-18,0.0006,37.741,25.214,13.104,308.89,SSP5-8.5
2045-06-19,0.0,37.097,24.561,13.855,305.32,SSP5-8.5
2045-06-20,0.0,36.872,27.545,13.332,261.9,SSP5-8.5
2045-06-21,0.0,37.259,25.409,12.438,318.7,SSP5-8.5
2045-06-22,0.0142,37.475,27.075,12.335,327.01,SSP5-8.5
2045-06-23,1.7947,37.138,33.385,12.872,275.15,SSP5-8.5
2045-06-24,1.6916,34.481,37.57,11.115,259.7,SSP5-8.5
2045-06-25,0.0072,36.415,35.698,10.066,314.34,SSP5-8.5
2045-06-26,3.2672,35.62,40.167,10.363,296.08,SSP5-8.5
2045-06-27,0.0176,30.797,58.803,13.505,223.68,SSP5-8.5
2045-06-28,0.0,30.024,60.539,11.988,213.58,SSP5-8.5
2045-06-29,0.0,28.899,67.509,13.535,217.02,SSP5-8.5
2045-06-30,0.0,31.846,45.625,16.37,285.16,SSP5-8.5
2045-07-01,0.0,33.759,39.675,16.409,310.41,SSP5-8.5
2045-07-02,0.0,32.907,42.043,17.571,283.91,SSP5-8.5
2045-07-03,9.6652,31.033,56.86,17.263,248.37,SSP5-8.5
2045-07-04,0.1191,29.509,65.137,16.414,215.3,SSP5-8.5
2045-07-05,0.0,30.813,57.252,14.921,300.08,SSP5-8.5
2045-07-06,0.0014,31.654,53.983,14.613,298.62,SSP5-8.5
2045-07-07,15.6049,30.985,62.926,13.559,278.13,SSP5-8.5
2045-07-08,16.387,27.644,83.868,11.447,205.24,SSP5-8.5
2045-07-09,0.4144,28.353,78.006,14.859,234.02,SSP5-8.5
2045-07-10,14.4525,27.702,84.963,14.644,218.91,SSP5-8.5
2045-07-11,12.4146,27.247,90.014,14.56,174.78,SSP5-8.5
2045-07-12,2.284,28.917,78.645,14.732,280.07,SSP5-8.5
2045-07-13,0.0,28.356,76.984,14.954,228.26,SSP5-8.5
2045-07-14,0.0,29.677,70.678,16.446,247.27,SSP5-8.5
2045-07-15,0.0,30.08,66.386,15.631,250.75,SSP5-8.5
2045-07-16,0.0,30.462,64.993,15.483,273.0,SSP5-8.5
2045-07-17,0.0349,30.727,62.034,12.011,288.52,SSP5-8.5
2045-07-18,0.3111,31.183,62.403,13.456,278.68,SSP5-8.5
2045-07-19,22.6253,27.322,84.781,9.498,201.28,SSP5-8.5
2045-07-20,15.0245,26.704,90.316,11.253,191.93,SSP5-8.5
2045-07-21,20.4379,26.581,91.868,12.653,167.64,SSP5-8.5
2045-07-22,18.6766,26.625,90.047,16.12,168.16,SSP5-8.5
2045-07-23,3.9476,26.993,87.215,13.699,210.24,SSP5-8.5
2045-07-24,0.0,27.023,85.811,13.563,210.83,SSP5-8.5
2045-07-25,0.0,28.535,75.36,17.172,246.6,SSP5-8.5
2045-07-26,0.0335,27.621,78.852,14.432,227.93,SSP5-8.5
2045-07-27,0.8936,27.293,83.729,11.989,219.69,SSP5-8.5
2045-07-28,0.4366,27.293,82.295,11.275,222.1,SSP5-8.5
2045-07-29,6.1563,26.88,88.969,9.605,190.98,SSP5-8.5
2045-07-30,0.3166,27.891,78.926,12.962,243.36,SSP5-8.5
2045-07-31,1.525,27.739,85.624,10.97,219.0,SSP5-8.5
2045-08-01,0.016,28.466,81.404,11.462,243.56,SSP5-8.5
2045-08-02,0.0635,28.869,79.827,12.008,266.59,SSP5-8.5
2045-08-03,4.8009,28.544,78.885,12.343,250.41,SSP5-8.5
2045-08-04,21.3862,27.179,91.938,9.383,194.48,SSP5-8.5
2045-08-05,0.234,27.219,91.633,11.484,196.45,SSP5-8.5
2045-08-06,7.6225,27.468,91.032,7.712,208.84,SSP5-8.5
2045-08-07,0.9073,27.794,89.642,7.472,216.33,SSP5-8.5
2045-08-08,17.8425,27.591,91.348,6.806,222.15,SSP5-8.5
2045-08-09,19.928,27.54,91.916,4.738,232.38,SSP5-8.5
2045-08-10,1.2109,27.733,90.934,6.038,227.0,SSP5-8.5
2045-08-11,0.7271,28.0,89.312,7.33,224.9,SSP5-8.5
2045-08-12,0.0936,27.621,90.771,6.836,204.46,SSP5-8.5
2045-08-13,0.0093,28.421,84.358,9.598,251.6,SSP5-8.5
2045-08-14,0.2919,28.235,86.16,9.158,226.42,SSP5-8.5
2045-08-15,0.0,28.326,80.966,11.879,238.16,SSP5-8.5
2045-08-16,0.0,28.64,78.594,12.271,253.29,SSP5-8.5
2045-08-17,0.0,29.343,77.387,9.849,286.31,SSP5-8.5
2045-08-18,0.0,29.186,78.46,9.458,270.7,SSP5-8.5
2045-08-19,0.0,29.632,75.832,9.82,281.99,SSP5-8.5
2045-08-20,0.0,30.504,71.531,11.541,298.92,SSP5-8.5
2045-08-21,0.0105,29.271,77.792,12.931,266.37,SSP5-8.5
2045-08-22,24.7842,27.314,89.231,12.721,182.63,SSP5-8.5
2045-08-23,7.4287,27.702,87.266,13.839,225.01,SSP5-8.5
2045-08-24,0.0,27.593,85.971,15.673,210.51,SSP5-8.5
2045-08-25,0.0,28.801,76.341,16.931,267.39,SSP5-8.5
2045-08-26,0.0,28.661,77.141,18.107,259.22,SSP5-8.5
2045-08-27,1.2983,27.56,87.039,15.144,191.36,SSP5-8.5
2045-08-28,0.0286,27.646,86.738,15.982,212.04,SSP5-8.5
2045-08-29,0.0,27.859,82.594,15.686,237.98,SSP5-8.5
2045-08-30,0.0,28.519,76.425,16.204,248.32,SSP5-8.5
2045-08-31,0.0,28.689,75.615,14.935,249.32,SSP5-8.5
2045-09-01,0.0,29.1,74.078,12.842,265.94,SSP5-8.5
2045-09-02,0.0,30.11,67.563,10.173,280.68,SSP5-8.5
2045-09-03,0.0,29.658,73.871,9.794,268.58,SSP5-8.5
2045-09-04,0.0,28.868,75.442,10.49,230.67,SSP5-8.5
2045-09-05,1.1392,28.28,80.925,12.389,231.6,SSP5-8.5
2045-09-06,0.0,28.897,73.147,12.612,269.85,SSP5-8.5
2045-09-07,0.0,29.509,72.152,10.3,263.66,SSP5-8.5
2045-09-08,0.0,29.614,71.133,10.119,265.5,SSP5-8.5
2045-09-09,0.0,29.996,58.086,11.786,291.75,SSP5-8.5
2045-09-10,0.0,30.316,60.209,10.792,294.84,SSP5-8.5
2045-09-11,0.0,29.991,57.701,9.834,255.44,SSP5-8.5
2045-09-12,0.0,30.159,63.3,10.658,251.51,SSP5-8.5
2045-09-13,0.0,30.641,59.265,12.65,273.47,SSP5-8.5
2045-09-14,0.0,31.03,58.604,9.711,283.22,SSP5-8.5
2045-09-15,0.0,30.732,60.03,10.451,292.58,SSP5-8.5
2045-09-16,0.0,30.615,59.322,10.136,258.43,SSP5-8.5
2045-09-17,0.0,31.676,54.016,11.908,248.47,SSP5-8.5
2045-09-18,0.0,32.312,56.032,15.59,267.21,SSP5-8.5
2045-09-19,0.0,32.029,55.246,15.229,256.98,SSP5-8.5
2045-09-20,0.0,31.736,54.257,13.699,264.4,SSP5-8.5
2045-09-21,0.0,32.019,52.421,13.729,289.07,SSP5-8.5
2045-09-22,0.0,31.71,52.721,13.368,279.98,SSP5-8.5
2045-09-23,0.0,31.441,53.132,10.886,276.25,SSP5-8.5
2045-09-24,0.0,31.717,51.609,6.901,290.64,SSP5-8.5
2045-09-25,0.0,31.883,50.464,6.229,266.81,SSP5-8.5
2045-09-26,0.0,31.193,47.822,6.054,231.01,SSP5-8.5
2045-09-27,0.0,30.372,55.883,5.361,208.1,SSP5-8.5
2045-09-28,0.0,32.389,56.871,7.247,226.55,SSP5-8.5
2045-09-29,0.1222,30.733,57.425,7.566,243.69,SSP5-8.5
2045-09-30,2.2261,30.918,57.984,5.912,238.64,SSP5-8.5
2045-10-01,2.686,27.338,77.99,6.188,208.65,SSP5-8.5
2045-10-02,1.2646,30.713,59.419,5.12,243.39,SSP5-8.5
2045-10-03,1.3468,29.279,60.715,6.734,239.85,SSP5-8.5
2045-10-04,0.0,28.385,66.906,8.786,220.77,SSP5-8.5
2045-10-05,0.0,29.617,61.892,7.103,220.3,SSP5-8.5
2045-10-06,0.4458,29.821,48.494,5.628,242.67,SSP5-8.5
2045-10-07,0.041,26.569,78.309,5.369,192.38,SSP5-8.5
2045-10-08,2.4101,28.409,66.0,7.004,233.55,SSP5-8.5
2045-10-09,0.0,30.343,50.524,7.274,254.62,SSP5-8.5
2045-10-10,0.0,28.99,45.256,6.822,249.2,SSP5-8.5
2045-10-11,0.0,31.914,43.258,7.597,230.9,SSP5-8.5
2045-10-12,0.0,29.543,37.798,8.871,233.56,SSP5-8.5
2045-10-13,0.0,29.845,39.178,8.597,218.0,SSP5-8.5
2045-10-14,0.0,29.1,50.17,9.883,217.72,SSP5-8.5
2045-10-15,0.0,29.165,50.937,10.304,221.82,SSP5-8.5
2045-10-16,0.0,30.014,42.716,8.899,222.72,SSP5-8.5
2045-10-17,3.0411,31.73,42.553,7.829,221.0,SSP5-8.5
2045-10-18,2.1819,30.531,48.018,8.091,203.43,SSP5-8.5
2045-10-19,0.0,31.027,38.537,10.185,232.98,SSP5-8.5
2045-10-20,0.5711,29.275,35.013,8.631,223.36,SSP5-8.5
2045-10-21,0.0568,29.825,33.531,8.912,226.53,SSP5-8.5
2045-10-22,0.0,31.107,32.014,9.128,225.63,SSP5-8.5
2045-10-23,0.0,29.517,33.94,9.331,248.51,SSP5-8.5
2045-10-24,0.2083,31.833,29.898,9.571,197.25,SSP5-8.5
2045-10-25,7.8998,30.416,33.592,8.1,212.56,SSP5-8.5
2045-10-26,11.2671,30.515,46.205,5.757,195.45,SSP5-8.5
2045-10-27,2.9248,25.392,72.167,3.652,165.21,SSP5-8.5
2045-10-28,3.3423,29.963,50.203,9.086,218.73,SSP5-8.5
2045-10-29,0.0698,27.622,50.223,11.543,185.53,SSP5-8.5
2045-10-30,0.1811,28.957,40.254,10.234,214.68,SSP5-8.5
2045-10-31,0.0526,30.028,33.497,11.236,225.17,SSP5-8.5
2045-11-01,0.6956,29.103,34.447,10.619,235.34,SSP5-8.5
2045-11-02,6.7653,29.4,40.272,8.557,210.53,SSP5-8.5
2045-11-03,3.6312,31.282,37.378,10.023,218.0,SSP5-8.5
2045-11-04,4.7959,29.327,40.097,10.998,209.94,SSP5-8.5
2045-11-05,0.7868,28.802,39.823,9.989,213.04,SSP5-8.5
2045-11-06,0.0,29.404,36.263,11.056,214.23,SSP5-8.5
2045-11-07,0.0,29.318,34.48,12.018,218.07,SSP5-8.5
2045-11-08,0.0386,28.897,31.417,13.896,213.8,SSP5-8.5
2045-11-09,0.0014,28.244,37.127,12.72,193.76,SSP5-8.5
2045-11-10,0.0354,28.421,39.965,12.353,182.62,SSP5-8.5
2045-11-11,0.1406,28.765,40.649,10.715,195.53,SSP5-8.5
2045-11-12,0.0,29.285,35.664,9.959,204.38,SSP5-8.5
2045-11-13,0.0,29.51,33.708,10.141,206.45,SSP5-8.5
2045-11-14,0.0,29.576,28.948,13.825,224.68,SSP5-8.5
2045-11-15,0.0588,29.028,28.001,15.719,222.55,SSP5-8.5
2045-11-16,0.0378,28.965,26.744,13.691,227.38,SSP5-8.5
2045-11-17,0.0,28.331,25.915,13.422,207.03,SSP5-8.5
2045-11-18,0.0,27.93,25.347,14.434,247.7,SSP5-8.5
2045-11-19,0.0,27.167,23.962,13.723,249.39,SSP5-8.5
2045-11-20,0.0,27.655,24.884,11.481,244.58,SSP5-8.5
2045-11-21,0.0,28.673,24.995,11.205,216.7,SSP5-8.5
2045-11-22,0.0,29.159,24.264,12.868,222.09,SSP5-8.5
2045-11-23,0.0036,30.234,25.701,12.679,206.59,SSP5-8.5
2045-11-24,0.0,26.348,17.475,5.736,245.23,SSP5-8.5
2045-11-25,0.0,26.64,23.352,10.953,233.29,SSP5-8.5
2045-11-26,0.0,29.564,30.11,14.354,213.39,SSP5-8.5
2045-11-27,0.0,28.658,34.757,14.23,185.7,SSP5-8.5
2045-11-28,0.0,28.862,35.573,12.932,190.74,SSP5-8.5
2045-11-29,0.0,27.586,37.035,14.357,182.73,SSP5-8.5
2045-11-30,0.0,27.582,31.745,16.148,212.14,SSP5-8.5
2045-12-01,0.0,27.183,27.214,12.511,217.31,SSP5-8.5
2045-12-02,0.0003,28.294,27.975,13.937,204.51,SSP5-8.5
2045-12-03,12.5877,26.472,53.978,9.618,194.31,SSP5-8.5
2045-12-04,0.0543,24.124,59.245,12.019,203.95,SSP5-8.5
2045-12-05,0.0,24.887,49.728,11.144,219.56,SSP5-8.5
2045-12-06,0.0,25.292,53.37,12.045,201.77,SSP5-8.5
2045-12-07,0.0,24.024,57.488,13.685,186.56,SSP5-8.5
2045-12-08,0.0,24.291,57.965,14.519,177.68,SSP5-8.5
2045-12-09,0.0,23.316,67.93,10.434,167.12,SSP5-8.5
2045-12-10,0.0,23.037,70.717,10.764,156.15,SSP5-8.5
2045-12-11,0.0,21.384,87.593,11.154,110.12,SSP5-8.5
2045-12-12,0.0,21.758,48.842,8.612,239.95,SSP5-8.5
2045-12-13,0.0,21.933,37.694,8.671,245.64,SSP5-8.5
2045-12-14,0.0,21.821,35.121,6.247,244.59,SSP5-8.5
2045-12-15,0.0,22.051,35.102,5.818,239.79,SSP5-8.5
2045-12-16,0.0,22.615,38.577,7.967,237.5,SSP5-8.5
2045-12-17,0.0,23.809,39.429,11.147,228.06,SSP5-8.5
2045-12-18,0.0,24.085,36.933,9.53,232.4,SSP5-8.5
2045-12-19,0.0,24.264,40.206,9.02,224.13,SSP5-8.5
2045-12-20,0.0,23.99,40.417,8.167,228.7,SSP5-8.5
2045-12-21,0.0,24.399,41.224,7.415,233.07,SSP5-8.5
2045-12-22,0.0,23.662,46.433,6.492,192.53,SSP5-8.5
2045-12-23,0.0,24.65,40.512,6.836,224.92,SSP5-8.5
2045-12-24,0.0,25.287,39.602,11.579,228.43,SSP5-8.5
2045-12-25,0.0,26.45,38.01,11.844,224.41,SSP5-8.5
2045-12-26,0.0,25.718,38.565,10.12,198.69,SSP5-8.5
2045-12-27,0.0,25.719,33.945,13.418,212.07,SSP5-8.5
2045-12-28,0.0,24.824,33.042,10.113,195.34,SSP5-8.5
2045-12-29,0.0,25.681,39.614,11.802,197.73,SSP5-8.5
2045-12-30,0.0,24.588,23.492,11.333,242.37,SSP5-8.5
2045-12-31,0.0,24.185,18.322,8.84,248.53,SSP5-8.5
2046-01-01,0.0,24.887,38.141,9.557,218.65,SSP5-8.5
2046-01-02,0.0,24.077,61.899,13.275,180.29,SSP5-8.5
2046-01-03,0.0,24.916,55.195,13.89,190.39,SSP5-8.5
2046-01-04,0.0,26.024,46.552,15.293,195.36,SSP5-8.5
2046-01-05,0.0,26.249,41.991,17.15,233.74,SSP5-8.5
2046-01-06,0.0,25.518,37.5,17.496,214.88,SSP5-8.5
2046-01-07,0.0,24.766,53.518,12.388,188.53,SSP5-8.5
2046-01-08,0.0,26.364,47.008,11.237,217.96,SSP5-8.5
2046-01-09,0.0,25.425,50.978,8.932,195.91,SSP5-8.5
2046-01-10,0.0,26.614,43.104,10.957,216.45,SSP5-8.5
2046-01-11,0.0,26.4,42.554,12.874,215.77,SSP5-8.5
2046-01-12,0.0,26.803,38.943,12.618,220.1,SSP5-8.5
2046-01-13,0.0,27.106,37.5,13.3,224.97,SSP5-8.5
2046-01-14,0.0,25.252,38.38,10.347,180.87,SSP5-8.5
2046-01-15,0.0,26.079,40.413,9.011,194.4,SSP5-8.5
2046-01-16,0.0,26.452,38.168,10.59,221.57,SSP5-8.5
2046-01-17,0.0,26.056,43.774,12.839,179.41,SSP5-8.5
2046-01-18,0.0,25.585,46.455,14.178,190.67,SSP5-8.5
2046-01-19,0.0,24.774,46.092,11.796,174.55,SSP5-8.5
2046-01-20,0.0,26.317,37.807,12.945,245.29,SSP5-8.5
2046-01-21,0.0,25.372,42.29,9.555,183.95,SSP5-8.5
2046-01-22,0.0,26.484,40.396,10.358,225.17,SSP5-8.5
2046-01-23,0.0,26.815,37.403,9.536,243.88,SSP5-8.5
2046-01-24,0.0,26.833,35.959,10.802,236.42,SSP5-8.5
2046-01-25,0.0,26.655,34.7,11.225,240.91,SSP5-8.5
2046-01-26,0.0,26.795,34.162,10.952,196.13,SSP5-8.5
2046-01-27,0.0,27.345,31.806,13.912,229.48,SSP5-8.5
2046-01-28,0.0,27.269,30.254,13.477,247.21,SSP5-8.5
2046-01-29,0.0,27.454,28.875,12.572,250.35,SSP5-8.5
2046-01-30,0.0,26.865,24.145,9.401,246.76,SSP5-8.5
2046-01-31,0.0,25.821,11.495,11.744,259.95,SSP5-8.5
2046-02-01,0.0,26.292,11.566,10.36,249.97,SSP5-8.5
2046-02-02,0.0,25.685,13.659,6.994,244.64,SSP5-8.5
2046-02-03,0.0,26.779,24.292,5.981,227.79,SSP5-8.5
2046-02-04,0.0,27.279,30.36,9.313,242.84,SSP5-8.5
2046-02-05,0.0,27.445,29.918,11.271,251.9,SSP5-8.5
2046-02-06,0.0,27.826,28.95,14.1,262.54,SSP5-8.5
2046-02-07,0.0,28.853,27.674,16.354,234.13,SSP5-8.5
2046-02-08,0.0,28.51,30.642,13.685,181.35,SSP5-8.5
2046-02-09,0.0,29.205,27.877,9.534,199.82,SSP5-8.5
2046-02-10,0.0,29.363,26.749,9.175,210.0,SSP5-8.5
2046-02-11,0.0,28.366,26.255,12.883,226.4,SSP5-8.5
2046-02-12,0.0,28.302,34.244,11.577,226.36,SSP5-8.5
2046-02-13,0.0,28.925,31.051,11.843,236.35,SSP5-8.5
2046-02-14,0.0,27.915,20.174,9.374,262.53,SSP5-8.5
2046-02-15,0.0,27.922,23.317,5.005,223.03,SSP5-8.5
2046-02-16,0.0,27.779,22.357,8.805,284.87,SSP5-8.5
2046-02-17,0.0,27.745,19.459,10.781,284.63,SSP5-8.5
2046-02-18,0.0,28.01,12.605,11.16,287.65,SSP5-8.5
2046-02-19,0.0,27.893,9.432,8.889,298.63,SSP5-8.5
2046-02-20,0.0,27.614,22.723,10.681,292.74,SSP5-8.5
2046-02-21,0.0,29.646,31.052,14.91,269.95,SSP5-8.5
2046-02-22,0.0001,30.364,28.84,16.569,263.44,SSP5-8.5
2046-02-23,0.0028,28.55,31.805,12.764,178.68,SSP5-8.5
2046-02-24,0.0,28.891,31.551,8.212,185.05,SSP5-8.5
2046-02-25,0.0,29.833,21.849,8.974,271.12,SSP5-8.5
2046-02-26,0.0,28.447,18.753,9.644,299.26,SSP5-8.5
2046-02-27,0.0,29.682,21.661,19.227,293.21,SSP5-8.5
2046-02-28,0.0,29.471,17.614,15.498,289.59,SSP5-8.5
2046-03-01,0.0,28.534,14.658,12.999,311.34,SSP5-8.5
2046-03-02,0.0,28.009,15.586,13.533,312.68,SSP5-8.5
2046-03-03,0.0,28.356,15.322,13.595,307.46,SSP5-8.5
2046-03-04,0.0,29.659,18.83,15.627,299.78,SSP5-8.5
2046-03-05,0.0,30.988,25.137,9.827,202.31,SSP5-8.5
2046-03-06,0.0,30.385,22.111,11.342,281.45,SSP5-8.5
2046-03-07,0.0,30.394,16.342,11.062,303.02,SSP5-8.5
2046-03-08,0.0,29.874,21.894,10.006,292.66,SSP5-8.5
2046-03-09,0.0,31.209,21.97,10.772,292.99,SSP5-8.5
2046-03-10,0.0,31.238,19.897,12.627,307.49,SSP5-8.5
2046-03-11,0.0,30.915,20.309,14.569,274.43,SSP5-8.5
2046-03-12,0.0,30.645,20.286,13.467,302.82,SSP5-8.5
2046-03-13,0.0102,31.138,21.101,9.614,275.42,SSP5-8.5
2046-03-14,0.0038,30.082,25.47,9.033,221.37,SSP5-8.5
2046-03-15,0.0,29.9,27.392,9.395,234.06,SSP5-8.5
2046-03-16,0.0,30.424,23.678,9.89,300.11,SSP5-8.5
2046-03-17,0.0,31.905,24.848,10.548,247.19,SSP5-8.5
2046-03-18,0.0172,31.636,25.85,7.214,258.57,SSP5-8.5
2046-03-19,0.0,31.544,22.384,8.202,286.93,SSP5-8.5
2046-03-20,0.5357,31.426,29.726,7.856,232.4,SSP5-8.5
2046-03-21,4.5968,30.382,37.976,8.441,256.86,SSP5-8.5
2046-03-22,0.0,31.268,28.938,7.891,287.4,SSP5-8.5
2046-03-23,0.0015,29.26,40.77,12.347,212.9,SSP5-8.5
2046-03-24,0.0,29.978,26.629,8.625,304.58,SSP5-8.5
2046-03-25,0.0,30.896,23.305,10.43,309.18,SSP5-8.5
2046-03-26,0.0,32.139,23.348,12.682,299.17,SSP5-8.5
2046-03-27,0.0,32.653,24.852,11.679,246.43,SSP5-8.5
2046-03-28,4.6421,32.393,29.007,12.183,276.68,SSP5-8.5
2046-03-29,18.3399,30.108,45.221,7.087,231.65,SSP5-8.5
2046-03-30,0.0,31.38,31.744,7.93,280.17,SSP5-8.5
2046-03-31,0.0,30.543,20.783,8.415,344.09,SSP5-8.5
2046-04-01,0.0,28.47,19.068,4.979,344.91,SSP5-8.5
2046-04-02,0.0,30.206,20.961,7.084,316.84,SSP5-8.5
2046-04-03,0.0,32.234,20.758,8.143,305.69,SSP5-8.5
2046-04-04,0.1176,32.98,18.689,11.041,321.14,SSP5-8.5
2046-04-05,0.0,34.28,14.627,10.429,330.53,SSP5-8.5
2046-04-06,0.0,34.108,14.355,11.462,326.02,SSP5-8.5
2046-04-07,0.0,33.376,12.87,12.44,258.84,SSP5-8.5
2046-04-08,0.0,32.022,12.036,9.868,348.36,SSP5-8.5
2046-04-09,0.0,31.958,12.666,6.407,318.06,SSP5-8.5
2046-04-10,0.0,32.81,19.635,9.558,313.89,SSP5-8.5
2046-04-11,3.3594,32.558,31.864,11.793,279.83,SSP5-8.5
2046-04-12,11.7464,31.751,42.417,8.309,251.37,SSP5-8.5
2046-04-13,47.8772,25.375,74.259,5.716,173.58,SSP5-8.5
2046-04-14,26.8531,27.804,63.991,8.97,255.05,SSP5-8.5
2046-04-15,0.509,29.792,47.471,9.707,281.9,SSP5-8.5
2046-04-16,0.0,30.594,41.481,8.517,262.55,SSP5-8.5
2046-04-17,0.3974,31.048,39.598,8.92,274.47,SSP5-8.5
2046-04-18,0.3027,31.478,37.176,8.912,273.77,SSP5-8.5
2046-04-19,0.0,31.73,33.837,10.379,292.21,SSP5-8.5
2046-04-20,0.0,32.73,28.208,8.67,288.93,SSP5-8.5
2046-04-21,0.0,32.426,30.375,11.141,315.44,SSP5-8.5
2046-04-22,0.7946,32.055,38.31,8.89,261.57,SSP5-8.5
2046-04-23,0.0582,32.717,28.167,10.349,305.12,SSP5-8.5
2046-04-24,0.0,32.732,23.085,10.224,347.91,SSP5-8.5
2046-04-25,0.0,32.962,20.93,10.766,355.58,SSP5-8.5
2046-04-26,0.0,33.246,20.161,9.638,344.09,SSP5-8.5
2046-04-27,0.0,34.481,21.627,8.476,299.88,SSP5-8.5
2046-04-28,0.0557,33.803,28.677,12.348,256.18,SSP5-8.5
2046-04-29,0.603,33.766,26.143,8.21,298.3,SSP5-8.5
2046-04-30,0.1514,30.91,32.237,6.912,194.5,SSP5-8.5
2046-05-01,0.0087,29.833,39.918,9.167,210.2,SSP5-8.5
2046-05-02,0.6174,24.359,72.912,7.505,152.66,SSP5-8.5
2046-05-03,0.0,31.826,33.972,6.65,316.18,SSP5-8.5
2046-05-04,0.0,32.273,26.0,9.782,333.01,SSP5-8.5
2046-05-05,0.0332,33.787,23.479,8.975,314.9,SSP5-8.5
2046-05-06,0.03,31.277,37.328,9.742,220.69,SSP5-8.5
2046-05-07,0.0,33.187,26.481,5.791,269.86,SSP5-8.5
2046-05-08,0.0,33.451,23.765,5.85,257.4,SSP5-8.5
2046-05-09,0.0,34.352,23.711,6.123,259.84,SSP5-8.5
2046-05-10,0.0284,34.376,22.496,9.893,322.68,SSP5-8.5
2046-05-11,0.009,34.634,20.929,10.655,334.91,SSP5-8.5
2046-05-12,0.0,34.093,19.659,8.753,348.64,SSP5-8.5
2046-05-13,0.0,35.192,20.768,8.596,295.03,SSP5-8.5
2046-05-14,0.0033,35.132,20.395,8.857,293.99,SSP5-8.5
2046-05-15,0.0818,34.575,22.307,8.802,285.35,SSP5-8.5
2046-05-16,0.004,34.562,22.782,9.39,309.42,SSP5-8.5
2046-05-17,0.0,34.603,21.029,10.667,323.29,SSP5-8.5
2046-05-18,0.0,34.598,18.226,10.126,332.4,SSP5-8.5
2046-05-19,0.0,35.112,17.16,8.305,337.52,SSP5-8.5
2046-05-20,0.0,35.207,16.985,8.767,356.3,SSP5-8.5
2046-05-21,0.0,36.692,17.257,10.293,319.49,SSP5-8.5
2046-05-22,0.0,36.357,18.035,9.729,278.95,SSP5-8.5
2046-05-23,0.0,36.459,18.55,8.555,262.3,SSP5-8.5
2046-05-24,0.7375,34.559,27.159,13.903,305.56,SSP5-8.5
2046-05-25,0.0,34.868,27.294,10.069,299.84,SSP5-8.5
2046-05-26,0.0,35.286,22.756,14.772,332.41,SSP5-8.5
2046-05-27,0.0,35.687,22.726,16.173,338.51,SSP5-8.5
2046-05-28,0.0,35.553,23.104,16.775,339.89,SSP5-8.5
2046-05-29,0.0,35.561,23.003,15.862,335.15,SSP5-8.5
2046-05-30,0.0,36.227,21.886,14.148,303.5,SSP5-8.5
2046-05-31,0.0,36.501,21.992,17.038,319.5,SSP5-8.5
2046-06-01,0.0,36.84,24.94,18.115,298.24,SSP5-8.5
2046-06-02,0.0,36.533,22.621,16.385,314.08,SSP5-8.5
2046-06-03,0.0,37.337,23.42,15.119,299.19,SSP5-8.5
2046-06-04,0.0,34.782,28.2,14.418,244.95,SSP5-8.5
2046-06-05,0.0091,36.028,28.811,16.209,293.77,SSP5-8.5
2046-06-06,0.0,30.944,43.672,15.685,210.61,SSP5-8.5
2046-06-07,0.0,36.173,25.731,16.803,307.7,SSP5-8.5
2046-06-08,0.0,36.619,25.089,18.259,320.7,SSP5-8.5
2046-06-09,0.0,36.771,24.863,17.587,325.27,SSP5-8.5
2046-06-10,0.0,36.23,26.604,17.622,334.36,SSP5-8.5
2046-06-11,0.0,35.736,27.149,17.548,335.08,SSP5-8.5
2046-06-12,0.0028,36.549,27.774,17.842,300.21,SSP5-8.5
2046-06-13,0.0002,36.388,31.786,19.331,300.37,SSP5-8.5
2046-06-14,0.0,36.154,32.296,20.124,300.66,SSP5-8.5
2046-06-15,0.0,36.271,32.169,19.569,296.15,SSP5-8.5
2046-06-16,0.0,36.014,30.652,16.994,299.1,SSP5-8.5
2046-06-17,0.0951,36.323,29.824,14.526,312.19,SSP5-8.5
2046-06-18,2.9408,33.348,44.373,13.166,273.12,SSP5-8.5
2046-06-19,3.1454,28.384,71.594,12.58,192.13,SSP5-8.5
2046-06-20,0.53,29.181,67.814,13.76,210.62,SSP5-8.5
2046-06-21,4.7024,28.579,76.234,14.818,209.25,SSP5-8.5
2046-06-22,4.4905,28.767,75.808,16.631,222.49,SSP5-8.5
2046-06-23,6.7551,28.176,81.25,14.683,202.57,SSP5-8.5
2046-06-24,19.2021,28.238,84.381,15.657,211.25,SSP5-8.5
2046-06-25,3.1479,27.887,86.336,13.205,203.92,SSP5-8.5
2046-06-26,0.7953,28.695,81.08,12.166,243.49,SSP5-8.5
2046-06-27,13.0725,28.528,82.798,11.345,241.05,SSP5-8.5
2046-06-28,1.0687,28.821,79.012,11.957,253.05,SSP5-8.5
2046-06-29,16.4459,28.761,81.051,14.211,245.36,SSP5-8.5
2046-06-30,0.04,28.337,80.148,15.533,223.61,SSP5-8.5
2046-07-01,21.6872,26.75,87.533,13.237,192.39,SSP5-8.5
2046-07-02,10.7354,26.658,89.762,12.898,183.06,SSP5-8.5
2046-07-03,9.963,26.602,88.955,12.8,194.87,SSP5-8.5
2046-07-04,15.9964,26.798,88.49,13.842,218.16,SSP5-8.5
2046-07-05,18.7396,26.123,92.387,12.628,163.69,SSP5-8.5
2046-07-06,13.0011,26.157,91.395,13.855,172.99,SSP5-8.5
2046-07-07,2.1465,27.024,86.117,14.89,224.39,SSP5-8.5
2046-07-08,0.7622,27.141,84.88,14.407,218.85,SSP5-8.5
2046-07-09,0.0,27.692,81.424,15.18,234.71,SSP5-8.5
2046-07-10,20.3099,26.704,88.089,14.252,207.87,SSP5-8.5
2046-07-11,38.0416,25.955,93.614,16.318,152.67,SSP5-8.5
2046-07-12,1.4005,27.165,87.272,13.233,225.75,SSP5-8.5
2046-07-13,4.6906,27.462,86.098,12.608,235.63,SSP5-8.5
2046-07-14,1.1906,27.526,86.038,13.139,232.87,SSP5-8.5
2046-07-15,0.0972,27.308,85.04,13.157,222.68,SSP5-8.5
2046-07-16,0.0,27.931,81.923,14.175,256.16,SSP5-8.5
2046-07-17,0.0,28.094,80.435,13.666,256.07,SSP5-8.5
2046-07-18,0.0292,28.493,79.593,12.365,259.78,SSP5-8.5
2046-07-19,0.0019,28.137,82.511,10.893,243.64,SSP5-8.5
2046-07-20,0.053,29.076,79.875,11.047,271.47,SSP5-8.5
2046-07-21,0.476,27.328,86.881,8.4,220.59,SSP5-8.5
2046-07-22,0.0,28.361,82.484,8.2,239.78,SSP5-8.5
2046-07-23,0.0,29.001,79.87,7.183,256.85,SSP5-8.5
2046-07-24,0.0684,29.009,84.566,4.708,239.78,SSP5-8.5
2046-07-25,0.6016,29.175,84.284,4.495,239.78,SSP5-8.5
2046-07-26,0.4909,28.287,83.416,6.504,246.91,SSP5-8.5
2046-07-27,0.0,29.8,76.895,6.917,278.05,SSP5-8.5
2046-07-28,0.0,28.995,79.99,6.606,243.17,SSP5-8.5
2046-07-29,0.0,29.412,78.624,5.52,255.69,SSP5-8.5
2046-07-30,0.0,28.897,80.594,7.1,237.88,SSP5-8.5
2046-07-31,0.0,29.783,74.33,7.556,283.64,SSP5-8.5
2046-08-01,0.0,30.13,78.399,6.777,268.52,SSP5-8.5
2046-08-02,0.0,29.571,80.684,5.417,252.48,SSP5-8.5
2046-08-03,0.0203,28.736,84.824,5.189,229.68,SSP5-8.5
2046-08-04,0.0,28.994,83.457,7.328,235.87,SSP5-8.5
2046-08-05,0.0158,29.974,79.236,7.249,270.78,SSP5-8.5
2046-08-06,0.3231,28.485,85.96,7.017,220.97,SSP5-8.5
2046-08-07,13.2406,28.095,88.005,6.686,228.92,SSP5-8.5
2046-08-08,15.8454,27.491,90.321,7.011,221.66,SSP5-8.5
2046-08-09,9.304,27.244,91.201,6.126,210.96,SSP5-8.5
2046-08-10,1.4933,26.851,91.678,7.584,197.57,SSP5-8.5
2046-08-11,1.6485,26.905,91.831,5.877,208.34,SSP5-8.5
2046-08-12,0.0,27.445,88.616,6.649,235.08,SSP5-8.5
2046-08-13,0.0,27.871,82.354,8.101,284.74,SSP5-8.5
2046-08-14,0.0,28.825,78.265,9.687,310.54,SSP5-8.5
2046-08-15,0.0,28.817,77.922,9.567,281.64,SSP5-8.5
2046-08-16,20.6907,27.334,90.657,9.257,203.67,SSP5-8.5
2046-08-17,22.7834,27.38,92.207,7.155,217.55,SSP5-8.5
2046-08-18,0.6744,28.18,85.581,8.103,241.89,SSP5-8.5
2046-08-19,1.5297,27.897,86.852,7.537,238.22,SSP5-8.5
2046-08-20,1.127,28.001,86.542,8.23,243.46,SSP5-8.5
2046-08-21,0.0,28.285,85.449,5.076,248.61,SSP5-8.5
2046-08-22,0.0,28.82,81.133,4.299,268.17,SSP5-8.5
2046-08-23,0.0271,28.89,84.711,3.922,250.76,SSP5-8.5
2046-08-24,2.9015,28.509,85.572,7.33,233.76,SSP5-8.5
2046-08-25,0.0,29.888,73.699,10.17,294.34,SSP5-8.5
2046-08-26,0.0,29.733,72.212,10.708,306.0,SSP5-8.5
2046-08-27,0.3128,29.262,76.104,9.14,257.21,SSP5-8.5
2046-08-28,1.1833,27.866,82.865,11.403,221.17,SSP5-8.5
2046-08-29,26.3577,28.118,86.911,9.571,232.26,SSP5-8.5
2046-08-30,13.6718,27.261,92.641,9.355,194.08,SSP5-8.5
2046-08-31,0.0577,27.774,83.77,9.013,246.25,SSP5-8.5
2046-09-01,2.3207,28.043,89.994,8.136,226.8,SSP5-8.5
2046-09-02,1.6502,28.11,89.752,6.956,230.75,SSP5-8.5
2046-09-03,0.094,28.288,86.529,8.258,240.21,SSP5-8.5
2046-09-04,0.7203,28.391,86.025,7.383,242.92,SSP5-8.5
2046-09-05,0.0678,28.92,79.617,5.359,265.63,SSP5-8.5
2046-09-06,1.2587,29.113,82.825,8.788,247.29,SSP5-8.5
2046-09-07,32.6352,27.98,92.251,7.379,221.0,SSP5-8.5
2046-09-08,38.9281,28.283,86.617,12.408,226.89,SSP5-8.5
2046-09-09,24.1667,27.508,91.877,13.341,170.63,SSP5-8.5
2046-09-10,0.7188,28.356,80.674,15.752,228.86,SSP5-8.5
2046-09-11,0.0,28.321,87.217,9.606,224.02,SSP5-8.5
2046-09-12,4.6322,28.725,86.303,5.276,253.05,SSP5-8.5
2046-09-13,46.7291,27.713,94.487,5.168,195.32,SSP5-8.5
2046-09-14,29.9127,26.951,94.402,12.052,195.95,SSP5-8.5
2046-09-15,2.1591,27.865,90.076,10.492,227.76,SSP5-8.5
2046-09-16,29.3436,27.484,93.085,9.162,214.26,SSP5-8.5
2046-09-17,11.8263,27.739,91.121,7.673,219.55,SSP5-8.5
2046-09-18,3.5478,28.22,88.26,5.403,231.87,SSP5-8.5
2046-09-19,0.0,28.961,83.683,3.745,252.62,SSP5-8.5
2046-09-20,0.0099,29.093,83.207,3.297,247.5,SSP5-8.5
2046-09-21,30.675,29.211,85.191,4.997,248.03,SSP5-8.5
2046-09-22,5.7472,28.382,87.818,7.252,236.23,SSP5-8.5
2046-09-23,0.1122,28.491,86.006,3.613,243.69,SSP5-8.5
2046-09-24,11.7371,27.998,92.154,4.134,202.43,SSP5-8.5
2046-09-25,6.5585,28.169,89.653,5.775,217.68,SSP5-8.5
2046-09-26,10.0931,28.319,87.3,12.064,212.23,SSP5-8.5
2046-09-27,9.9413,27.687,90.276,13.25,177.3,SSP5-8.5
2046-09-28,22.4523,27.18,90.953,11.598,187.95,SSP5-8.5
2046-09-29,19.1079,26.993,91.874,11.636,172.53,SSP5-8.5
2046-09-30,25.0461,27.194,91.933,9.543,183.29,SSP5-8.5
2046-10-01,6.9961,26.187,90.095,7.575,184.74,SSP5-8.5
2046-10-02,0.0344,26.318,88.399,7.61,207.59,SSP5-8.5
2046-10-03,4.0846,26.414,86.966,8.546,221.58,SSP5-8.5
2046-10-04,0.0048,26.812,82.703,10.022,221.53,SSP5-8.5
2046-10-05,0.0549,26.514,83.571,9.446,220.01,SSP5-8.5
2046-10-06,13.4873,26.513,85.284,8.188,219.96,SSP5-8.5
2046-10-07,36.5385,26.097,91.449,8.359,188.28,SSP5-8.5
2046-10-08,37.4894,26.141,93.705,9.723,166.24,SSP5-8.5
2046-10-09,3.5272,25.947,89.746,10.889,197.4,SSP5-8.5
2046-10-10,0.0,26.421,79.067,9.234,226.81,SSP5-8.5
2046-10-11,0.0,26.305,82.006,9.012,217.81,SSP5-8.5
2046-10-12,0.0,27.122,74.991,6.206,254.27,SSP5-8.5
2046-10-13,0.4056,26.577,85.718,3.447,211.72,SSP5-8.5
2046-10-14,22.2763,26.029,90.162,5.826,199.89,SSP5-8.5
2046-10-15,2.98,26.081,88.99,7.377,198.95,SSP5-8.5
2046-10-16,52.9576,25.952,92.446,8.787,179.66,SSP5-8.5
2046-10-17,46.1386,25.624,94.479,8.364,169.69,SSP5-8.5
2046-10-18,20.676,25.728,90.877,8.974,183.17,SSP5-8.5
2046-10-19,5.5737,25.921,87.401,8.312,190.38,SSP5-8.5
2046-10-20,1.5276,27.423,74.939,5.969,238.42,SSP5-8.5
2046-10-21,0.2592,26.897,83.239,7.121,227.56,SSP5-8.5
2046-10-22,0.5224,27.237,81.681,3.668,226.85,SSP5-8.5
2046-10-23,13.1754,25.382,89.368,5.807,195.1,SSP5-8.5
2046-10-24,10.1979,25.276,88.893,5.268,196.09,SSP5-8.5
2046-10-25,0.4763,25.584,86.273,6.515,209.8,SSP5-8.5
2046-10-26,0.0774,26.095,84.008,4.554,211.75,SSP5-8.5
2046-10-27,0.0,26.662,75.643,6.702,237.76,SSP5-8.5
2046-10-28,0.0,26.433,73.051,5.431,250.64,SSP5-8.5
2046-10-29,0.0,26.114,70.212,7.15,251.39,SSP5-8.5
2046-10-30,0.0,25.751,67.331,6.491,230.57,SSP5-8.5
2046-10-31,0.0,25.547,66.674,6.021,233.27,SSP5-8.5
2046-11-01,0.0,25.44,71.076,6.157,207.41,SSP5-8.5
2046-11-02,0.0,25.779,63.348,7.782,245.97,SSP5-8.5
2046-11-03,0.0,25.029,79.55,6.574,196.24,SSP5-8.5
2046-11-04,0.0,25.412,66.786,7.783,234.76,SSP5-8.5
2046-11-05,0.0,25.228,62.923,8.037,216.46,SSP5-8.5
2046-11-06,0.0,24.541,61.505,8.855,248.44,SSP5-8.5
2046-11-07,0.0,24.359,59.934,6.64,249.17,SSP5-8.5
2046-11-08,0.0,24.356,58.284,8.332,245.96,SSP5-8.5
2046-11-09,0.0,24.644,56.205,8.787,242.33,SSP5-8.5
2046-11-10,0.0,24.613,58.171,7.128,199.36,SSP5-8.5
2046-11-11,0.0,24.786,56.017,7.422,240.72,SSP5-8.5
2046-11-12,0.0,23.573,54.074,8.045,209.72,SSP5-8.5
2046-11-13,0.0,23.046,46.911,5.826,250.65,SSP5-8.5
2046-11-14,0.0,22.792,46.551,6.987,214.75,SSP5-8.5
2046-11-15,0.0,22.958,45.798,10.117,249.94,SSP5-8.5
2046-11-16,2.6647,24.81,61.626,10.263,217.91,SSP5-8.5
2046-11-17,2.0396,24.49,79.291,7.369,168.44,SSP5-8.5
2046-11-18,0.0,25.197,75.98,7.896,186.28,SSP5-8.5
2046-11-19,0.0,25.609,62.577,10.231,213.11,SSP5-8.5
2046-11-20,0.0,25.266,59.032,12.398,227.18,SSP5-8.5
2046-11-21,0.0,24.197,49.621,11.437,243.26,SSP5-8.5
2046-11-22,0.0,23.855,48.5,9.039,248.46,SSP5-8.5
2046-11-23,0.0,24.837,70.972,8.223,193.05,SSP5-8.5
2046-11-24,0.0,25.882,72.784,7.384,190.75,SSP5-8.5
2046-11-25,0.0,26.768,59.236,7.053,216.92,SSP5-8.5
2046-11-26,0.0,26.766,61.249,6.777,213.0,SSP5-8.5
2046-11-27,0.0,25.309,70.903,7.857,183.08,SSP5-8.5
2046-11-28,0.0,26.145,60.562,7.189,215.74,SSP5-8.5
2046-11-29,0.0,25.51,60.503,8.227,206.57,SSP5-8.5
2046-11-30,0.0,25.067,60.514,6.546,206.82,SSP5-8.5
2046-12-01,0.0,24.876,55.681,7.546,218.52,SSP5-8.5
2046-12-02,0.0,23.593,49.757,9.193,214.56,SSP5-8.5
2046-12-03,0.0,23.106,46.738,8.925,231.57,SSP5-8.5
2046-12-04,0.0,22.798,47.915,9.522,213.11,SSP5-8.5
2046-12-05,0.0,23.14,45.845,12.059,220.07,SSP5-8.5
2046-12-06,0.0,23.385,44.126,12.392,222.62,SSP5-8.5
2046-12-07,0.0,23.294,48.783,12.582,199.11,SSP5-8.5
2046-12-08,0.0,24.232,45.083,12.271,225.57,SSP5-8.5
2046-12-09,0.0,23.932,40.528,11.69,235.45,SSP5-8.5
2046-12-10,0.0,23.159,40.473,9.955,223.0,SSP5-8.5
2046-12-11,0.0,22.05,36.218,9.087,213.1,SSP5-8.5
2046-12-12,0.0,21.816,32.188,8.777,247.39,SSP5-8.5
2046-12-13,0.0,21.903,29.23,8.991,249.93,SSP5-8.5
2046-12-14,0.0,21.683,31.968,8.102,220.76,SSP5-8.5
2046-12-15,0.0,21.541,28.78,12.005,249.6,SSP5-8.5
2046-12-16,0.0,20.958,24.795,13.272,254.18,SSP5-8.5
2046-12-17,0.0,20.457,24.85,9.173,273.46,SSP5-8.5
2046-12-18,0.0,20.017,25.762,6.632,258.88,SSP5-8.5
2046-12-19,0.0,20.965,28.152,8.858,252.73,SSP5-8.5
2046-12-20,0.0,21.617,30.499,9.711,238.92,SSP5-8.5
2046-12-21,0.0,21.783,29.67,11.166,250.63,SSP5-8.5
2046-12-22,0.0,21.911,27.889,12.65,251.28,SSP5-8.5
2046-12-23,0.0,21.878,26.695,13.657,252.45,SSP5-8.5
2046-12-24,0.0,21.193,31.431,9.903,223.07,SSP5-8.5
2046-12-25,0.0,21.225,29.747,10.243,248.99,SSP5-8.5
2046-12-26,0.0,22.254,37.382,8.641,217.42,SSP5-8.5
2046-12-27,0.0,22.659,39.242,7.211,231.75,SSP5-8.5
2046-12-28,0.0,22.589,41.291,6.764,241.19,SSP5-8.5
2046-12-29,0.0,22.632,38.096,8.635,243.74,SSP5-8.5
2046-12-30,0.0,22.212,36.102,9.41,249.15,SSP5-8.5
2046-12-31,0.0,22.114,32.913,8.386,248.19,SSP5-8.5
2047-01-01,0.0,21.922,31.81,8.056,250.54,SSP5-8.5
2047-01-02,0.0,21.944,32.767,8.894,250.1,SSP5-8.5
2047-01-03,0.0,21.944,33.034,10.688,251.27,SSP5-8.5
2047-01-04,0.0,22.438,32.227,12.19,250.93,SSP5-8.5
2047-01-05,0.0,22.184,31.004,11.247,253.08,SSP5-8.5
2047-01-06,0.0,21.634,31.063,8.705,255.77,SSP5-8.5
2047-01-07,0.0,21.985,29.612,7.437,257.12,SSP5-8.5
2047-01-08,0.0,22.27,29.185,9.155,255.71,SSP5-8.5
2047-01-09,0.0,22.237,24.99,11.013,261.45,SSP5-8.5
2047-01-10,0.0,21.847,26.037,8.748,259.02,SSP5-8.5
2047-01-11,0.0,22.144,30.284,9.038,256.35,SSP5-8.5
2047-01-12,0.0,23.389,38.998,11.45,251.75,SSP5-8.5
2047-01-13,0.0,23.946,44.89,10.381,245.41,SSP5-8.5
2047-01-14,0.0,24.665,43.242,11.023,243.58,SSP5-8.5
2047-01-15,0.0,25.653,41.975,10.057,230.53,SSP5-8.5
2047-01-16,0.0,25.677,41.923,8.063,236.16,SSP5-8.5
2047-01-17,0.0,25.507,41.028,9.286,246.47,SSP5-8.5
2047-01-18,0.0,25.19,41.594,9.076,245.72,SSP5-8.5
2047-01-19,0.0,25.118,40.67,8.003,249.88,SSP5-8.5
2047-01-20,0.0,25.036,41.723,8.121,247.04,SSP5-8.5
2047-01-21,0.0,25.227,39.517,8.195,247.97,SSP5-8.5
2047-01-22,0.0,24.8,34.924,7.959,255.14,SSP5-8.5
2047-01-23,0.0,24.725,35.027,10.271,259.97,SSP5-8.5
2047-01-24,0.0,25.252,37.674,10.134,254.98,SSP5-8.5
2047-01-25,0.0,24.835,38.769,7.612,255.97,SSP5-8.5
2047-01-26,0.0,25.235,37.73,5.788,249.09,SSP5-8.5
2047-01-27,0.0,25.254,41.009,9.593,252.35,SSP5-8.5
2047-01-28,0.0,25.59,38.699,12.447,256.93,SSP5-8.5
2047-01-29,0.0,25.424,36.18,11.782,255.07,SSP5-8.5
2047-01-30,0.0,25.914,42.981,9.185,253.83,SSP5-8.5
2047-01-31,0.0,26.852,44.089,10.106,250.84,SSP5-8.5
2047-02-01,0.0,28.067,41.119,7.769,238.93,SSP5-8.5
2047-02-02,0.0,27.982,38.696,6.913,246.81,SSP5-8.5
2047-02-03,0.0,27.936,35.993,9.709,251.86,SSP5-8.5
2047-02-04,0.0,28.02,35.938,10.03,232.57,SSP5-8.5
2047-02-05,0.0,27.744,36.249,10.685,228.7,SSP5-8.5
2047-02-06,0.0,27.14,39.475,10.166,214.24,SSP5-8.5
2047-02-07,0.0,27.34,34.394,13.318,243.66,SSP5-8.5
2047-02-08,0.0,28.429,36.95,12.782,259.61,SSP5-8.5
2047-02-09,0.0,28.122,37.398,8.256,215.71,SSP5-8.5
2047-02-10,0.0,28.263,31.896,9.631,257.05,SSP5-8.5
2047-02-11,0.0,29.162,32.399,8.216,218.0,SSP5-8.5
2047-02-12,0.0,28.691,32.878,9.845,268.24,SSP5-8.5
2047-02-13,0.0,28.296,31.363,9.248,274.02,SSP5-8.5
2047-02-14,0.0,28.329,28.132,11.325,249.75,SSP5-8.5
2047-02-15,0.0,26.823,15.62,15.826,296.22,SSP5-8.5
2047-02-16,0.0,25.238,13.815,14.681,319.29,SSP5-8.5
2047-02-17,0.0,24.616,15.323,12.36,321.3,SSP5-8.5
2047-02-18,0.0,24.332,21.764,9.624,313.49,SSP5-8.5
2047-02-19,0.0,25.559,24.645,9.98,304.41,SSP5-8.5
2047-02-20,0.0,26.035,24.526,10.37,303.94,SSP5-8.5
2047-02-21,0.0,26.666,23.648,9.671,309.13,SSP5-8.5
2047-02-22,0.0,27.044,22.864,9.278,314.37,SSP5-8.5
2047-02-23,0.0,27.005,22.624,5.322,306.59,SSP5-8.5
2047-02-24,0.0,27.739,24.356,7.442,303.11,SSP5-8.5
2047-02-25,0.0,28.285,27.938,11.744,292.9,SSP5-8.5
2047-02-26,0.0,28.807,28.125,12.696,294.85,SSP5-8.5
2047-02-27,0.0,28.404,25.503,12.961,304.77,SSP5-8.5
2047-02-28,0.0,28.008,27.656,12.832,313.16,SSP5-8.5
2047-03-01,0.0,29.023,28.126,13.466,313.66,SSP5-8.5
2047-03-02,0.0,28.885,26.706,14.279,310.66,SSP5-8.5
2047-03-03,0.0,28.751,28.086,14.705,306.11,SSP5-8.5
2047-03-04,0.0,28.939,27.351,12.693,297.49,SSP5-8.5
2047-03-05,0.0,29.676,25.612,12.739,293.37,SSP5-8.5
2047-03-06,0.0,29.461,25.499,13.629,297.99,SSP5-8.5
2047-03-07,0.0,30.025,26.119,13.25,293.7,SSP5-8.5
2047-03-08,5.9731,29.62,33.933,10.868,261.42,SSP5-8.5
2047-03-09,0.1576,27.105,46.655,9.539,221.49,SSP5-8.5
2047-03-10,0.0,28.806,29.919,6.971,306.71,SSP5-8.5
2047-03-11,0.0,29.024,24.742,7.67,314.14,SSP5-8.5
2047-03-12,0.0,28.932,24.115,9.739,318.92,SSP5-8.5
2047-03-13,0.0,29.48,25.457,9.29,317.02,SSP5-8.5
2047-03-14,0.0,29.744,24.67,9.809,314.33,SSP5-8.5
2047-03-15,0.0,30.295,23.366,12.164,310.88,SSP5-8.5
2047-03-16,0.0,30.674,22.633,13.464,312.2,SSP5-8.5
2047-03-17,0.0,30.759,22.141,10.753,305.89,SSP5-8.5
2047-03-18,0.0,30.488,22.843,7.907,313.47,SSP5-8.5
2047-03-19,0.0,30.637,22.668,6.851,308.43,SSP5-8.5
2047-03-20,0.0,30.638,22.219,8.244,323.12,SSP5-8.5
2047-03-21,0.0,30.519,22.24,9.737,325.79,SSP5-8.5
2047-03-22,0.0,31.199,22.527,11.047,318.63,SSP5-8.5
2047-03-23,0.0,31.203,20.698,13.727,318.2,SSP5-8.5
2047-03-24,0.0,31.649,20.061,11.097,300.32,SSP5-8.5
2047-03-25,0.0,32.777,21.439,7.468,259.89,SSP5-8.5
2047-03-26,0.0,31.36,17.921,9.243,323.47,SSP5-8.5
2047-03-27,0.0,31.176,15.158,6.654,342.88,SSP5-8.5
2047-03-28,0.0,30.863,18.559,7.219,338.71,SSP5-8.5
2047-03-29,0.0,30.951,17.229,6.257,344.82,SSP5-8.5
2047-03-30,0.0,30.314,18.166,6.588,341.55,SSP5-8.5
2047-03-31,0.0,30.185,20.674,7.472,333.98,SSP5-8.5
2047-04-01,0.0505,31.84,23.577,10.642,297.56,SSP5-8.5
2047-04-02,0.0,32.234,23.084,11.838,276.49,SSP5-8.5
2047-04-03,0.0,32.625,20.101,9.897,292.15,SSP5-8.5
2047-04-04,0.0,32.426,19.457,11.008,276.35,SSP5-8.5
2047-04-05,0.0,31.766,20.779,10.819,323.9,SSP5-8.5
2047-04-06,0.0016,32.486,20.416,12.119,317.67,SSP5-8.5
2047-04-07,0.0035,32.201,20.28,10.292,296.61,SSP5-8.5
2047-04-08,0.0007,32.93,19.934,8.254,258.74,SSP5-8.5
2047-04-09,0.0,32.345,18.873,7.392,286.97,SSP5-8.5
2047-04-10,0.0,33.117,19.12,7.943,283.36,SSP5-8.5
2047-04-11,0.0,32.006,22.61,7.705,222.45,SSP5-8.5
2047-04-12,0.0,32.014,20.344,7.43,302.73,SSP5-8.5
2047-04-13,0.0,32.934,20.03,7.764,301.81,SSP5-8.5
2047-04-14,0.0113,33.106,21.367,7.941,260.7,SSP5-8.5
2047-04-15,0.363,33.038,22.816,7.706,292.39,SSP5-8.5
2047-04-16,0.3613,31.685,27.103,7.754,264.29,SSP5-8.5
2047-04-17,0.0106,32.277,23.169,8.036,317.98,SSP5-8.5
2047-04-18,0.0,33.08,22.081,8.642,306.1,SSP5-8.5
2047-04-19,0.0,33.769,21.421,7.844,265.82,SSP5-8.5
2047-04-20,0.0,33.944,20.291,8.045,300.01,SSP5-8.5
2047-04-21,0.0,34.138,17.25,7.586,312.29,SSP5-8.5
2047-04-22,0.0,33.95,16.906,6.69,338.19,SSP5-8.5
2047-04-23,0.0,34.295,17.283,7.432,335.67,SSP5-8.5
2047-04-24,0.0,34.788,16.943,6.835,333.04,SSP5-8.5
2047-04-25,0.0,34.91,18.354,8.367,329.48,SSP5-8.5
2047-04-26,0.0,34.69,21.713,12.645,317.23,SSP5-8.5
2047-04-27,0.0,33.74,24.401,14.777,328.66,SSP5-8.5
2047-04-28,0.0,33.49,25.132,15.179,332.7,SSP5-8.5
2047-04-29,0.0,33.37,23.065,13.311,332.19,SSP5-8.5
2047-04-30,0.0,33.145,21.532,11.801,305.71,SSP5-8.5
2047-05-01,0.0,33.843,19.947,12.016,316.13,SSP5-8.5
2047-05-02,0.0,34.287,19.428,11.807,304.45,SSP5-8.5
2047-05-03,0.0,34.686,18.572,10.708,276.82,SSP5-8.5
2047-05-04,0.0,34.41,18.72,12.017,301.51,SSP5-8.5
2047-05-05,0.0,34.425,18.924,10.386,314.93,SSP5-8.5
2047-05-06,0.0,34.892,18.953,10.339,319.22,SSP5-8.5
2047-05-07,1.0606,34.132,23.954,5.014,242.68,SSP5-8.5
2047-05-08,0.6556,32.069,35.076,5.294,199.05,SSP5-8.5
2047-05-09,0.7164,32.496,37.913,7.934,236.14,SSP5-8.5
2047-05-10,25.2984,31.615,28.106,18.572,223.23,SSP5-8.5
2047-05-11,39.4244,26.717,41.837,18.489,164.32,SSP5-8.5
2047-05-12,30.5163,29.594,60.38,11.156,149.62,SSP5-8.5
2047-05-13,3.9764,23.037,55.485,6.566,168.02,SSP5-8.5
2047-05-14,0.6687,31.397,45.33,7.594,292.61,SSP5-8.5
2047-05-15,0.0267,32.599,39.801,7.625,304.67,SSP5-8.5
2047-05-16,0.0,33.279,35.847,6.873,331.45,SSP5-8.5
2047-05-17,0.0,33.541,29.998,7.509,338.89,SSP5-8.5
2047-05-18,0.0,33.656,25.546,11.888,352.53,SSP5-8.5
2047-05-19,0.0,33.892,25.257,11.882,305.32,SSP5-8.5
2047-05-20,0.0,34.472,22.578,12.834,334.58,SSP5-8.5
2047-05-21,0.0,34.658,21.717,13.602,353.7,SSP5-8.5
2047-05-22,0.0,34.361,21.923,11.561,350.35,SSP5-8.5
2047-05-23,0.0,34.36,21.197,11.16,342.6,SSP5-8.5
2047-05-24,0.0,34.649,22.414,8.124,339.29,SSP5-8.5
2047-05-25,0.0,34.441,21.581,6.122,341.25,SSP5-8.5
2047-05-26,0.0,34.783,23.076,5.558,308.7,SSP5-8.5
2047-05-27,0.0,34.486,24.346,8.554,337.07,SSP5-8.5
2047-05-28,0.0,34.934,23.66,8.296,341.66,SSP5-8.5
2047-05-29,0.0,35.147,21.413,7.605,338.6,SSP5-8.5
2047-05-30,0.0,35.647,20.316,8.357,325.05,SSP5-8.5
2047-05-31,0.0,35.676,19.718,7.655,331.5,SSP5-8.5
2047-06-01,0.0,36.839,19.769,6.832,326.08,SSP5-8.5
2047-06-02,0.0,36.747,19.683,8.118,335.62,SSP5-8.5
2047-06-03,0.0,37.217,19.015,13.757,330.49,SSP5-8.5
2047-06-04,0.0,37.294,20.068,12.98,324.86,SSP5-8.5
2047-06-05,0.0,37.267,22.433,13.553,298.74,SSP5-8.5
2047-06-06,4.8397,35.871,31.597,10.561,284.0,SSP5-8.5
2047-06-07,0.0,31.108,47.538,10.776,220.17,SSP5-8.5
2047-06-08,0.0214,35.029,36.644,15.119,299.76,SSP5-8.5
2047-06-09,0.0,34.46,34.067,16.745,272.95,SSP5-8.5
2047-06-10,0.0,35.522,32.077,17.247,297.82,SSP5-8.5
2047-06-11,0.0,36.575,27.629,16.587,304.79,SSP5-8.5
2047-06-12,0.0,36.066,27.734,17.04,290.01,SSP5-8.5
2047-06-13,12.0652,29.418,64.849,11.303,196.52,SSP5-8.5
2047-06-14,0.0,29.778,61.909,11.127,227.47,SSP5-8.5
2047-06-15,6.9212,32.333,51.657,11.137,285.61,SSP5-8.5
2047-06-16,0.1775,31.527,50.435,14.204,277.51,SSP5-8.5
2047-06-17,0.0,34.037,41.417,17.249,320.51,SSP5-8.5
2047-06-18,0.0,33.453,42.821,18.75,276.43,SSP5-8.5
2047-06-19,0.0,32.736,44.534,16.549,290.52,SSP5-8.5
2047-06-20,0.0,34.042,36.622,15.942,333.66,SSP5-8.5
2047-06-21,0.0,33.63,43.234,17.314,289.47,SSP5-8.5
2047-06-22,0.7323,31.1,57.142,16.587,254.08,SSP5-8.5
2047-06-23,0.0,31.312,55.135,18.291,277.38,SSP5-8.5
2047-06-24,0.0,29.941,59.878,17.51,244.9,SSP5-8.5
2047-06-25,0.0,29.795,62.193,16.872,227.23,SSP5-8.5
2047-06-26,1.1834,30.741,58.155,17.178,255.83,SSP5-8.5
2047-06-27,12.8272,29.489,67.926,16.128,236.75,SSP5-8.5
2047-06-28,10.7184,28.246,82.169,16.594,202.9,SSP5-8.5
2047-06-29,11.8809,28.154,81.857,18.071,217.29,SSP5-8.5
2047-06-30,2.8054,27.876,80.248,16.648,214.73,SSP5-8.5
2047-07-01,0.0,28.396,71.371,16.908,246.39,SSP5-8.5
2047-07-02,0.0706,28.421,71.608,15.568,264.05,SSP5-8.5
2047-07-03,16.1219,27.512,81.039,15.87,234.63,SSP5-8.5
2047-07-04,22.7843,26.612,89.392,13.756,182.38,SSP5-8.5
2047-07-05,0.0457,27.479,77.788,16.343,230.75,SSP5-8.5
2047-07-06,0.0182,27.757,74.213,16.356,245.74,SSP5-8.5
2047-07-07,0.0,28.654,70.952,14.196,273.64,SSP5-8.5
2047-07-08,0.0,28.657,71.742,12.708,263.15,SSP5-8.5
2047-07-09,0.0,29.0,71.073,13.057,251.28,SSP5-8.5
2047-07-10,0.0,29.116,67.939,14.54,273.29,SSP5-8.5
2047-07-11,0.0,28.815,68.24,14.203,248.43,SSP5-8.5
2047-07-12,0.0,29.193,72.997,11.864,242.99,SSP5-8.5
2047-07-13,0.0,29.461,69.762,11.376,263.54,SSP5-8.5
2047-07-14,0.0,29.595,67.527,9.502,260.42,SSP5-8.5
2047-07-15,0.0,29.631,70.68,5.49,243.44,SSP5-8.5
2047-07-16,8.4681,28.841,81.367,5.325,230.2,SSP5-8.5
2047-07-17,0.3725,28.692,82.446,5.221,230.76,SSP5-8.5
2047-07-18,0.71,29.203,77.379,6.352,254.07,SSP5-8.5
2047-07-19,0.1542,29.535,71.312,6.932,261.9,SSP5-8.5
2047-07-20,0.7782,28.343,78.54,6.211,224.32,SSP5-8.5
2047-07-21,0.0,29.571,70.143,10.344,262.84,SSP5-8.5
2047-07-22,0.0085,29.157,75.236,13.128,277.18,SSP5-8.5
2047-07-23,2.2064,28.809,78.81,8.366,254.17,SSP5-8.5
2047-07-24,10.7547,27.901,85.717,6.193,229.97,SSP5-8.5
2047-07-25,6.4861,27.377,88.367,7.115,222.3,SSP5-8.5
2047-07-26,28.1116,27.164,90.157,6.045,217.93,SSP5-8.5
2047-07-27,25.2313,26.761,92.063,6.649,211.22,SSP5-8.5
2047-07-28,25.2339,26.777,91.818,6.747,215.61,SSP5-8.5
2047-07-29,9.2007,27.273,88.914,8.755,233.74,SSP5-8.5
2047-07-30,4.2307,27.479,84.473,12.636,250.17,SSP5-8.5
2047-07-31,2.9701,27.376,86.77,14.153,234.92,SSP5-8.5
2047-08-01,7.3374,27.668,88.365,13.728,228.47,SSP5-8.5
2047-08-02,3.5402,27.301,88.907,16.57,215.9,SSP5-8.5
2047-08-03,9.4797,27.267,88.568,12.643,210.3,SSP5-8.5
2047-08-04,2.9023,27.85,86.322,10.205,254.83,SSP5-8.5
2047-08-05,0.241,27.871,86.517,9.866,240.87,SSP5-8.5
2047-08-06,9.4737,27.876,88.066,8.792,234.76,SSP5-8.5
2047-08-07,0.0,27.719,88.436,7.85,224.25,SSP5-8.5
2047-08-08,16.1502,27.403,90.716,5.031,224.12,SSP5-8.5
2047-08-09,0.3983,27.954,83.261,5.167,277.15,SSP5-8.5
2047-08-10,0.0,28.205,84.518,6.286,250.5,SSP5-8.5
2047-08-11,2.9247,28.04,85.644,11.63,240.15,SSP5-8.5
2047-08-12,22.1121,27.328,91.11,15.048,213.03,SSP5-8.5
2047-08-13,31.2293,26.641,94.546,13.797,199.64,SSP5-8.5
2047-08-14,7.7022,27.455,89.091,13.253,227.16,SSP5-8.5
2047-08-15,2.0228,27.942,86.797,11.156,249.61,SSP5-8.5
2047-08-16,0.0,27.956,85.804,7.923,264.2,SSP5-8.5
2047-08-17,0.0,28.393,81.365,5.247,291.03,SSP5-8.5
2047-08-18,0.0,29.475,79.463,5.514,289.52,SSP5-8.5
2047-08-19,0.0,28.265,84.754,7.816,235.11,SSP5-8.5
2047-08-20,0.0,28.271,79.825,9.602,254.59,SSP5-8.5
2047-08-21,0.0,28.284,78.246,10.017,260.91,SSP5-8.5
2047-08-22,0.0,28.512,76.367,10.216,263.44,SSP5-8.5
2047-08-23,0.0,28.416,77.807,11.217,257.13,SSP5-8.5
2047-08-24,0.0,28.161,79.926,11.218,248.56,SSP5-8.5
2047-08-25,8.3149,28.346,82.106,9.967,251.23,SSP5-8.5
2047-08-26,7.1674,27.564,87.098,11.877,206.41,SSP5-8.5
2047-08-27,8.1064,27.456,88.893,8.297,215.96,SSP5-8.5
2047-08-28,24.8949,27.928,88.035,7.421,247.85,SSP5-8.5
2047-08-29,4.5468,27.685,87.775,6.477,249.25,SSP5-8.5
2047-08-30,15.3188,27.636,90.651,4.982,226.17,SSP5-8.5
2047-08-31,26.3289,27.742,90.109,7.41,229.16,SSP5-8.5
2047-09-01,18.5433,28.183,91.559,6.43,223.08,SSP5-8.5
2047-09-02,17.913,28.15,90.021,8.972,232.93,SSP5-8.5
2047-09-03,8.903,28.164,89.232,8.653,240.5,SSP5-8.5
2047-09-04,7.739,28.466,86.285,5.951,247.23,SSP5-8.5
2047-09-05,0.0066,28.436,86.352,6.479,239.84,SSP5-8.5
2047-09-06,0.2234,28.508,84.917,8.819,246.71,SSP5-8.5
2047-09-07,0.6717,28.525,83.938,8.481,253.33,SSP5-8.5
2047-09-08,2.2168,28.513,86.956,10.113,237.16,SSP5-8.5
2047-09-09,19.8374,27.946,90.789,11.762,215.81,SSP5-8.5
2047-09-10,3.127,27.61,92.147,11.447,208.65,SSP5-8.5
2047-09-11,2.843,27.701,90.872,12.179,209.53,SSP5-8.5
2047-09-12,1.1987,28.484,82.938,13.935,253.86,SSP5-8.5
2047-09-13,0.0441,28.278,86.625,10.737,224.04,SSP5-8.5
2047-09-14,0.1377,28.378,86.503,8.694,226.39,SSP5-8.5
2047-09-15,0.0,28.816,80.31,11.148,256.97,SSP5-8.5
2047-09-16,0.3453,28.674,82.704,9.007,235.12,SSP5-8.5
2047-09-17,4.589,28.464,85.668,6.65,230.4,SSP5-8.5
2047-09-18,19.4782,27.871,91.603,3.356,221.41,SSP5-8.5
2047-09-19,0.86,28.205,87.823,2.974,233.15,SSP5-8.5
2047-09-20,0.0,28.699,79.796,5.102,265.63,SSP5-8.5
2047-09-21,0.0,28.715,77.516,3.576,270.61,SSP5-8.5
2047-09-22,0.0,28.681,76.412,4.371,262.28,SSP5-8.5
2047-09-23,0.0,29.353,80.802,3.976,235.06,SSP5-8.5
2047-09-24,0.0,29.383,75.607,5.157,250.59,SSP5-8.5
2047-09-25,0.0,29.157,71.04,6.675,295.05,SSP5-8.5
2047-09-26,0.0,28.862,71.38,5.687,284.37,SSP5-8.5
2047-09-27,0.0,29.023,67.9,5.292,273.4,SSP5-8.5
2047-09-28,0.0785,29.286,70.005,4.948,254.47,SSP5-8.5
2047-09-29,0.226,29.792,71.356,5.293,255.96,SSP5-8.5
2047-09-30,17.3744,28.273,87.027,6.271,214.88,SSP5-8.5
2047-10-01,0.0181,26.838,83.879,6.322,232.06,SSP5-8.5
2047-10-02,0.5076,26.773,82.198,5.112,227.51,SSP5-8.5
2047-10-03,20.2704,26.644,88.29,3.88,214.88,SSP5-8.5
2047-10-04,7.5947,26.483,86.917,4.179,211.63,SSP5-8.5
2047-10-05,15.2513,26.14,90.828,2.92,200.59,SSP5-8.5
2047-10-06,4.5681,26.218,89.162,5.639,210.98,SSP5-8.5
2047-10-07,0.0,26.886,77.542,6.568,218.91,SSP5-8.5
2047-10-08,0.0,27.406,61.681,11.277,240.39,SSP5-8.5
2047-10-09,0.0,27.667,63.636,11.109,249.85,SSP5-8.5
2047-10-10,2.3223,26.601,82.812,7.379,195.92,SSP5-8.5
2047-10-11,19.3753,26.362,87.025,7.865,204.62,SSP5-8.5
2047-10-12,31.9825,25.85,91.944,5.009,192.88,SSP5-8.5
2047-10-13,5.8957,25.964,88.919,3.993,209.33,SSP5-8.5
2047-10-14,3.7694,26.003,88.522,3.751,206.28,SSP5-8.5
2047-10-15,1.7293,26.113,87.606,3.182,200.33,SSP5-8.5
2047-10-16,0.0647,27.069,81.06,5.915,231.98,SSP5-8.5
2047-10-17,0.0,26.231,84.575,5.024,208.92,SSP5-8.5
2047-10-18,0.0448,26.682,81.603,4.833,223.71,SSP5-8.5
2047-10-19,0.0697,26.168,83.836,5.775,202.34,SSP5-8.5
2047-10-20,0.1132,25.647,84.456,7.919,192.09,SSP5-8.5
2047-10-21,0.0632,25.372,81.11,9.563,186.98,SSP5-8.5
2047-10-22,0.0176,25.574,77.448,11.209,200.7,SSP5-8.5
2047-10-23,0.167,25.277,84.387,9.674,193.77,SSP5-8.5
2047-10-24,0.0,25.305,69.151,10.052,211.27,SSP5-8.5
2047-10-25,0.0,25.574,59.078,10.589,231.95,SSP5-8.5
2047-10-26,0.0,24.297,67.316,9.365,193.69,SSP5-8.5
2047-10-27,0.0,24.465,61.886,7.164,212.45,SSP5-8.5
2047-10-28,0.0,26.125,55.06,9.596,244.76,SSP5-8.5
2047-10-29,0.0,23.784,39.196,9.265,271.86,SSP5-8.5
2047-10-30,0.0,23.565,34.637,8.636,277.44,SSP5-8.5
2047-10-31,0.0,22.792,33.334,7.663,266.47,SSP5-8.5
2047-11-01,0.0,22.979,36.861,8.416,266.92,SSP5-8.5
2047-11-02,0.0,24.361,41.102,4.925,245.1,SSP5-8.5
2047-11-03,0.0,25.139,50.973,6.596,251.59,SSP5-8.5
2047-11-04,0.0,25.887,50.881,7.525,247.44,SSP5-8.5
2047-11-05,0.0,25.917,51.162,7.789,246.37,SSP5-8.5
2047-11-06,0.0,25.891,52.318,8.961,244.23,SSP5-8.5
2047-11-07,0.0,25.855,56.708,7.545,236.89,SSP5-8.5
2047-11-08,0.0,25.829,53.928,7.512,231.47,SSP5-8.5
2047-11-09,0.0,25.8,54.379,8.377,217.68,SSP5-8.5
2047-11-10,0.0,24.967,49.691,9.144,236.64,SSP5-8.5
2047-11-11,0.0,24.659,47.737,9.395,251.7,SSP5-8.5
2047-11-12,0.0,25.361,48.451,9.708,244.26,SSP5-8.5
2047-11-13,0.0,25.667,60.786,9.298,187.16,SSP5-8.5
2047-11-14,0.0,25.143,58.574,8.941,180.84,SSP5-8.5
2047-11-15,0.0,24.279,57.681,9.719,178.23,SSP5-8.5
2047-11-16,0.0,24.163,53.468,8.72,200.81,SSP5-8.5
2047-11-17,0.0,24.004,38.367,8.755,243.02,SSP5-8.5
2047-11-18,0.0,23.888,46.563,9.083,212.25,SSP5-8.5
2047-11-19,0.0,24.335,41.745,10.673,213.63,SSP5-8.5
2047-11-20,0.0,24.102,37.432,10.259,241.49,SSP5-8.5
2047-11-21,0.0,24.107,42.103,9.62,227.75,SSP5-8.5
2047-11-22,0.0,24.454,42.333,10.869,208.95,SSP5-8.5
2047-11-23,0.0007,24.745,39.532,13.451,239.4,SSP5-8.5
2047-11-24,18.2409,24.17,60.73,12.569,173.5,SSP5-8.5
2047-11-25,14.6144,22.21,86.637,14.184,120.27,SSP5-8.5
2047-11-26,0.0196,22.588,82.197,12.623,147.21,SSP5-8.5
2047-11-27,0.0,22.995,69.88,11.659,189.83,SSP5-8.5
2047-11-28,0.0461,23.685,54.895,10.71,209.83,SSP5-8.5
2047-11-29,0.0474,23.724,49.605,10.96,179.49,SSP5-8.5
2047-11-30,0.0,21.66,35.858,11.322,173.06,SSP5-8.5
2047-12-01,0.0,21.16,26.283,11.078,254.95,SSP5-8.5
2047-12-02,0.0,20.78,26.015,11.131,251.38,SSP5-8.5
2047-12-03,0.0,20.682,25.432,11.188,254.42,SSP5-8.5
2047-12-04,0.0,20.464,27.091,9.566,250.84,SSP5-8.5
2047-12-05,0.0,20.751,28.545,10.254,248.3,SSP5-8.5
2047-12-06,0.0,21.758,30.842,10.071,237.32,SSP5-8.5
2047-12-07,0.0,23.967,38.47,11.365,216.84,SSP5-8.5
2047-12-08,0.0,24.5,36.862,13.412,225.65,SSP5-8.5
2047-12-09,0.0,22.64,35.246,14.482,203.74,SSP5-8.5
2047-12-10,0.0,22.125,26.304,14.946,215.53,SSP5-8.5
2047-12-11,0.0,22.147,25.181,13.21,239.93,SSP5-8.5
2047-12-12,0.0,21.829,25.803,11.383,177.98,SSP5-8.5
2047-12-13,0.0,21.456,34.758,10.971,158.19,SSP5-8.5
2047-12-14,0.0,21.272,49.427,12.652,167.44,SSP5-8.5
2047-12-15,0.0,20.793,63.352,19.74,137.85,SSP5-8.5
2047-12-16,0.0,21.184,84.171,20.739,100.37,SSP5-8.5
2047-12-17,0.0,22.314,86.868,11.821,115.42,SSP5-8.5
2047-12-18,0.0,22.945,76.736,9.38,175.27,SSP5-8.5
2047-12-19,0.0,22.827,76.001,6.449,157.11,SSP5-8.5
2047-12-20,0.0,23.684,61.452,8.525,200.1,SSP5-8.5
2047-12-21,0.0,23.408,53.377,8.033,231.64,SSP5-8.5
2047-12-22,0.0,23.047,53.602,5.913,228.07,SSP5-8.5
2047-12-23,0.0,23.411,53.277,8.141,236.91,SSP5-8.5
2047-12-24,0.0,23.134,53.622,8.41,237.48,SSP5-8.5
2047-12-25,0.0,23.184,49.129,7.811,239.52,SSP5-8.5
2047-12-26,0.0,23.12,45.163,10.039,220.53,SSP5-8.5
2047-12-27,0.0,22.449,37.178,8.015,233.56,SSP5-8.5
2047-12-28,0.0,22.053,35.991,8.901,230.82,SSP5-8.5
2047-12-29,0.0,21.813,30.549,10.516,245.06,SSP5-8.5
2047-12-30,0.0,22.114,43.45,14.273,230.92,SSP5-8.5
2047-12-31,0.0,22.983,37.069,13.915,237.74,SSP5-8.5
2048-01-01,0.0,21.994,33.093,13.407,247.79,SSP5-8.5
2048-01-02,0.0,20.723,29.203,10.687,218.05,SSP5-8.5
2048-01-03,0.0,20.873,28.237,10.271,246.42,SSP5-8.5
2048-01-04,0.0,20.969,27.537,11.708,256.52,SSP5-8.5
2048-01-05,0.0,20.952,27.093,9.429,254.43,SSP5-8.5
2048-01-06,0.0,21.3,27.886,10.2,214.97,SSP5-8.5
2048-01-07,0.0,21.45,34.722,7.181,224.51,SSP5-8.5
2048-01-08,0.0,21.665,36.285,5.031,252.16,SSP5-8.5
2048-01-09,0.0,22.035,38.018,4.129,251.89,SSP5-8.5
2048-01-10,0.0,22.434,39.037,5.686,253.62,SSP5-8.5
2048-01-11,0.0,23.375,43.19,6.527,246.39,SSP5-8.5
2048-01-12,0.0,23.937,43.089,6.989,233.9,SSP5-8.5
2048-01-13,0.0,23.753,39.69,8.582,239.13,SSP5-8.5
2048-01-14,0.0,23.341,37.898,10.684,250.19,SSP5-8.5
2048-01-15,0.0,22.901,37.766,11.149,251.5,SSP5-8.5
2048-01-16,0.0,22.541,33.355,10.421,258.19,SSP5-8.5
2048-01-17,0.0,22.72,38.845,10.426,254.61,SSP5-8.5
2048-01-18,0.0,23.016,38.801,9.988,256.85,SSP5-8.5
2048-01-19,0.0,23.238,40.115,8.403,256.96,SSP5-8.5
2048-01-20,0.0,23.557,41.19,7.714,252.18,SSP5-8.5
2048-01-21,0.0,23.623,35.789,9.362,257.91,SSP5-8.5
2048-01-22,0.0,23.384,32.612,9.306,260.77,SSP5-8.5
2048-01-23,0.0,23.356,37.766,9.521,255.36,SSP5-8.5
2048-01-24,0.0,23.061,32.578,8.848,261.58,SSP5-8.5
2048-01-25,0.0,23.147,36.426,7.939,260.17,SSP5-8.5
2048-01-26,0.0,23.774,33.8,7.518,261.41,SSP5-8.5
2048-01-27,0.0,24.217,31.569,7.01,261.05,SSP5-8.5
2048-01-28,0.0,24.202,33.129,6.796,257.17,SSP5-8.5
2048-01-29,0.0,24.941,36.564,9.627,255.45,SSP5-8.5
2048-01-30,0.0,25.473,34.801,12.885,265.91,SSP5-8.5
2048-01-31,0.0,25.234,33.395,12.137,270.2,SSP5-8.5
2048-02-01,0.0,25.373,34.978,8.89,270.64,SSP5-8.5
2048-02-02,0.0,25.352,32.306,7.433,256.85,SSP5-8.5
2048-02-03,0.0,25.279,32.213,7.013,269.15,SSP5-8.5
2048-02-04,0.0,26.064,30.999,8.146,265.85,SSP5-8.5
2048-02-05,0.0,25.825,25.868,10.548,273.04,SSP5-8.5
2048-02-06,0.0,25.271,18.753,9.499,281.68,SSP5-8.5
2048-02-07,0.0,24.728,16.959,9.815,292.85,SSP5-8.5
2048-02-08,0.0,24.895,18.587,8.495,263.5,SSP5-8.5
2048-02-09,0.0,25.272,21.709,7.763,285.45,SSP5-8.5
2048-02-10,0.0,25.865,28.456,10.671,281.05,SSP5-8.5
2048-02-11,0.0,26.334,26.34,9.424,283.88,SSP5-8.5
2048-02-12,0.0,26.143,28.911,7.78,239.99,SSP5-8.5
2048-02-13,0.0,26.264,28.282,9.827,273.31,SSP5-8.5
2048-02-14,0.0,26.49,28.796,9.31,251.66,SSP5-8.5
2048-02-15,0.0,26.877,29.821,10.767,273.72,SSP5-8.5
2048-02-16,0.0,27.267,30.85,10.435,244.41,SSP5-8.5
2048-02-17,0.0,27.326,28.656,11.439,280.34,SSP5-8.5
2048-02-18,0.0,27.307,28.641,9.648,262.37,SSP5-8.5
2048-02-19,0.0,27.027,26.502,10.171,283.18,SSP5-8.5
2048-02-20,0.0,27.613,27.694,13.173,284.39,SSP5-8.5
2048-02-21,0.0,27.823,29.167,14.982,288.81,SSP5-8.5
2048-02-22,0.0,27.864,29.642,13.001,297.58,SSP5-8.5
2048-02-23,0.0,27.733,27.223,13.207,304.28,SSP5-8.5
2048-02-24,0.0,27.732,26.124,11.283,302.18,SSP5-8.5
2048-02-25,0.0,27.41,23.125,11.778,300.35,SSP5-8.5
2048-02-26,0.0,27.97,22.776,12.837,302.2,SSP5-8.5
2048-02-27,0.0,28.522,24.547,13.524,300.18,SSP5-8.5
2048-02-28,0.0,28.594,27.355,15.148,302.4,SSP5-8.5
2048-02-29,0.0,28.8,28.767,13.357,309.03,SSP5-8.5
2048-03-01,0.0,28.863,28.784,14.282,288.26,SSP5-8.5
2048-03-02,0.0,28.726,27.881,14.067,240.37,SSP5-8.5
2048-03-03,0.0,28.521,28.69,12.702,257.98,SSP5-8.5
2048-03-04,0.0,28.205,25.082,12.741,308.06,SSP5-8.5
2048-03-05,0.0,29.273,24.89,10.17,253.36,SSP5-8.5
2048-03-06,0.0155,26.455,37.708,6.805,185.01,SSP5-8.5
2048-03-07,0.0008,28.877,29.451,10.046,279.19,SSP5-8.5
2048-03-08,0.0,29.672,25.314,9.042,296.09,SSP5-8.5
2048-03-09,0.0,30.118,23.999,9.513,286.24,SSP5-8.5
2048-03-10,0.0,31.287,24.681,7.089,235.91,SSP5-8.5
2048-03-11,0.0,30.481,22.643,7.674,290.4,SSP5-8.5
2048-03-12,0.0,30.356,25.734,8.689,303.86,SSP5-8.5
2048-03-13,0.0,31.232,26.542,8.3,289.03,SSP5-8.5
2048-03-14,0.0,30.879,25.079,8.471,279.76,SSP5-8.5
2048-03-15,4.7565,31.728,31.724,10.001,274.33,SSP5-8.5
2048-03-16,12.1597,25.689,65.578,7.662,168.11,SSP5-8.5
2048-03-17,0.0,29.305,46.39,8.932,243.02,SSP5-8.5
2048-03-18,0.0,30.185,33.839,9.763,324.18,SSP5-8.5
2048-03-19,0.0,30.568,30.443,10.401,302.13,SSP5-8.5
2048-03-20,0.0,31.035,26.12,12.576,302.39,SSP5-8.5
2048-03-21,0.0,30.752,24.556,10.432,316.76,SSP5-8.5
2048-03-22,0.0,30.571,23.41,7.466,299.1,SSP5-8.5
2048-03-23,0.0007,30.89,22.842,7.83,312.29,SSP5-8.5
2048-03-24,0.0037,31.95,22.642,7.34,283.18,SSP5-8.5
2048-03-25,0.0,31.725,24.691,5.557,240.6,SSP5-8.5
2048-03-26,0.0,30.775,23.159,8.331,320.02,SSP5-8.5
2048-03-27,0.0,31.531,22.421,11.096,322.46,SSP5-8.5
2048-03-28,0.0,31.715,21.132,13.696,315.06,SSP5-8.5
2048-03-29,0.0,31.538,20.136,12.656,337.0,SSP5-8.5
2048-03-30,0.0,31.248,18.774,10.832,323.4,SSP5-8.5
2048-03-31,0.0,31.682,19.376,11.89,326.42,SSP5-8.5
2048-04-01,0.0,31.11,20.621,11.28,323.29,SSP5-8.5
2048-04-02,0.0,31.541,21.126,11.992,318.29,SSP5-8.5
2048-04-03,0.0103,31.77,23.118,10.256,273.39,SSP5-8.5
2048-04-04,1.0508,31.397,28.946,9.836,289.04,SSP5-8.5
2048-04-05,0.038,28.841,37.461,5.554,206.61,SSP5-8.5
2048-04-06,0.0,30.151,25.158,7.028,322.05,SSP5-8.5
2048-04-07,0.0,31.343,24.549,10.592,324.49,SSP5-8.5
2048-04-08,0.0,31.555,23.52,10.351,322.93,SSP5-8.5
2048-04-09,0.0,32.186,22.848,10.168,312.91,SSP5-8.5
2048-04-10,0.0,32.246,21.563,9.4,311.81,SSP5-8.5
2048-04-11,0.0,32.253,21.163,9.091,295.72,SSP5-8.5
2048-04-12,0.0,33.374,22.36,9.131,295.33,SSP5-8.5
2048-04-13,0.0842,33.032,25.347,9.583,249.96,SSP5-8.5
2048-04-14,0.2167,31.951,28.753,10.718,234.7,SSP5-8.5
2048-04-15,5.0498,32.263,26.582,10.633,299.6,SSP5-8.5
2048-04-16,1.9133,29.65,38.817,10.147,220.53,SSP5-8.5
2048-04-17,7.2167,29.93,43.042,8.293,247.52,SSP5-8.5
2048-04-18,0.0822,31.797,32.363,6.934,300.22,SSP5-8.5
2048-04-19,0.5748,31.462,34.403,6.033,242.93,SSP5-8.5
2048-04-20,0.3863,32.012,32.906,6.767,279.41,SSP5-8.5
2048-04-21,0.7149,31.873,33.815,5.457,272.5,SSP5-8.5
2048-04-22,11.161,31.597,37.871,5.151,277.23,SSP5-8.5
2048-04-23,1.0966,31.46,33.884,5.937,281.92,SSP5-8.5
2048-04-24,0.0545,32.044,29.573,7.154,305.51,SSP5-8.5
2048-04-25,0.0748,31.746,31.105,7.085,262.13,SSP5-8.5
2048-04-26,1.5151,32.069,33.479,6.22,282.81,SSP5-8.5
2048-04-27,5.3433,31.884,37.975,5.067,274.19,SSP5-8.5
2048-04-28,18.4811,31.61,43.573,4.955,282.23,SSP5-8.5
2048-04-29,2.0918,30.088,46.406,4.536,282.24,SSP5-8.5
2048-04-30,0.8605,31.883,39.346,5.674,278.68,SSP5-8.5
2048-05-01,4.7981,32.244,41.441,6.105,282.85,SSP5-8.5
2048-05-02,14.4147,31.238,46.084,6.487,280.41,SSP5-8.5
2048-05-03,16.2652,29.701,49.61,7.206,251.48,SSP5-8.5
2048-05-04,6.7862,29.502,53.662,7.027,273.17,SSP5-8.5
2048-05-05,4.7155,26.211,57.24,6.906,237.24,SSP5-8.5
2048-05-06,1.8248,29.243,49.587,6.589,265.06,SSP5-8.5
2048-05-07,0.0,31.994,41.263,5.408,295.36,SSP5-8.5
2048-05-08,0.0,33.084,35.205,6.26,291.72,SSP5-8.5
2048-05-09,0.0,33.569,29.666,8.801,319.6,SSP5-8.5
2048-05-10,0.0,33.813,28.751,9.033,304.76,SSP5-8.5
2048-05-11,0.0,34.181,28.113,8.971,295.77,SSP5-8.5
2048-05-12,0.0573,34.038,27.355,11.422,298.28,SSP5-8.5
2048-05-13,6.8403,30.828,43.178,7.736,189.35,SSP5-8.5
2048-05-14,3.1632,27.808,61.442,8.173,178.43,SSP5-8.5
2048-05-15,1.3638,31.98,44.729,8.784,261.64,SSP5-8.5
2048-05-16,0.0018,32.324,40.066,6.415,269.17,SSP5-8.5
2048-05-17,0.0878,33.039,35.642,7.081,270.31,SSP5-8.5
2048-05-18,1.0658,32.782,39.794,7.982,253.34,SSP5-8.5
2048-05-19,0.0503,33.494,35.03,7.43,295.73,SSP5-8.5
2048-05-20,0.8139,34.391,34.933,13.649,300.99,SSP5-8.5
2048-05-21,0.2203,33.492,39.535,12.678,263.72,SSP5-8.5
2048-05-22,0.001,34.026,34.494,12.858,320.89,SSP5-8.5
2048-05-23,0.0,33.716,31.769,13.027,298.12,SSP5-8.5
2048-05-24,0.0,34.308,30.562,12.166,316.91,SSP5-8.5
2048-05-25,0.0,34.478,31.202,14.165,293.7,SSP5-8.5
2048-05-26,0.6197,31.871,43.777,13.14,226.08,SSP5-8.5
2048-05-27,39.6484,30.648,59.76,10.179,225.88,SSP5-8.5
2048-05-28,15.7363,28.609,67.183,13.851,192.46,SSP5-8.5
2048-05-29,0.0063,31.291,52.024,16.89,254.45,SSP5-8.5
2048-05-30,2.022,29.889,60.923,18.136,231.4,SSP5-8.5
2048-05-31,23.3791,27.176,77.789,18.53,201.75,SSP5-8.5
2048-06-01,6.3473,29.366,68.437,16.715,242.39,SSP5-8.5
2048-06-02,0.0564,29.478,66.897,14.388,235.23,SSP5-8.5
2048-06-03,0.0,31.066,56.683,15.921,303.1,SSP5-8.5
2048-06-04,0.0,31.267,55.087,15.369,300.02,SSP5-8.5
2048-06-05,0.0,30.643,57.622,14.555,285.04,SSP5-8.5
2048-06-06,0.0,31.351,52.719,14.892,323.13,SSP5-8.5
2048-06-07,0.0,31.478,53.418,10.47,321.98,SSP5-8.5
2048-06-08,0.0,32.08,53.281,9.235,319.59,SSP5-8.5
2048-06-09,0.0,32.052,50.516,9.579,306.38,SSP5-8.5
2048-06-10,0.0,32.939,45.322,10.681,321.31,SSP5-8.5
2048-06-11,0.0,33.416,43.468,11.71,320.59,SSP5-8.5
2048-06-12,0.0,33.299,41.264,12.225,324.79,SSP5-8.5
2048-06-13,0.0,33.454,42.37,12.547,324.42,SSP5-8.5
2048-06-14,0.0,33.131,43.723,11.262,303.1,SSP5-8.5
2048-06-15,0.0,33.491,43.084,12.066,319.93,SSP5-8.5
2048-06-16,0.0,33.91,41.288,12.233,320.12,SSP5-8.5
2048-06-17,0.0,34.058,40.492,13.451,320.7,SSP5-8.5
2048-06-18,0.0,34.07,36.824,15.374,329.66,SSP5-8.5
2048-06-19,0.0536,31.191,45.784,15.973,241.34,SSP5-8.5
2048-06-20,0.1018,30.586,53.364,15.657,236.71,SSP5-8.5
2048-06-21,2.5754,29.038,69.986,15.807,229.59,SSP5-8.5
2048-06-22,1.8264,28.233,77.866,11.743,207.1,SSP5-8.5
2048-06-23,0.4869,28.801,73.337,13.17,238.54,SSP5-8.5
2048-06-24,0.5224,28.456,74.375,14.64,221.01,SSP5-8.5
2048-06-25,0.026,28.835,68.286,16.368,240.84,SSP5-8.5
2048-06-26,3.5633,28.605,73.288,16.272,227.81,SSP5-8.5
2048-06-27,5.3216,27.726,83.406,12.133,206.17,SSP5-8.5
2048-06-28,0.1898,28.25,79.805,13.646,218.37,SSP5-8.5
2048-06-29,0.0741,28.774,71.789,16.034,232.05,SSP5-8.5
2048-06-30,6.4129,29.229,73.936,17.351,258.72,SSP5-8.5
2048-07-01,10.8817,28.023,75.901,17.233,251.06,SSP5-8.5
2048-07-02,0.5023,27.888,76.77,18.53,236.24,SSP5-8.5
2048-07-03,7.3778,27.161,81.564,17.923,220.68,SSP5-8.5
2048-07-04,9.8169,27.303,83.161,17.253,219.28,SSP5-8.5
2048-07-05,0.3456,27.094,85.332,16.411,217.56,SSP5-8.5
2048-07-06,0.5634,27.084,84.433,16.685,209.36,SSP5-8.5
2048-07-07,4.6139,26.934,85.948,16.736,209.89,SSP5-8.5
2048-07-08,19.2372,26.577,88.662,14.792,219.76,SSP5-8.5
2048-07-09,33.2844,25.457,93.237,13.908,174.8,SSP5-8.5
2048-07-10,24.3036,24.691,92.295,12.536,173.4,SSP5-8.5
2048-07-11,1.7047,26.984,88.391,10.247,223.12,SSP5-8.5
2048-07-12,0.0,27.802,80.123,10.856,302.21,SSP5-8.5
2048-07-13,0.0,28.655,76.271,11.003,313.36,SSP5-8.5
2048-07-14,0.0,28.011,79.627,11.17,264.21,SSP5-8.5
2048-07-15,0.0,27.964,76.794,11.9,260.54,SSP5-8.5
2048-07-16,0.2248,28.032,81.349,11.888,234.7,SSP5-8.5
2048-07-17,1.6264,28.187,82.333,11.423,240.71,SSP5-8.5
2048-07-18,0.0,27.877,85.109,9.733,236.18,SSP5-8.5
2048-07-19,0.0,27.879,83.555,10.61,241.41,SSP5-8.5
2048-07-20,0.0,28.232,77.45,11.179,268.73,SSP5-8.5
2048-07-21,0.0,28.45,76.564,11.538,265.84,SSP5-8.5
2048-07-22,0.0,28.654,78.242,8.121,257.99,SSP5-8.5
2048-07-23,0.0,29.116,77.14,7.709,259.44,SSP5-8.5
2048-07-24,0.6032,29.063,81.084,5.842,247.46,SSP5-8.5
2048-07-25,1.7718,28.51,85.153,4.54,240.95,SSP5-8.5
2048-07-26,0.0,28.667,76.043,10.366,256.36,SSP5-8.5
2048-07-27,0.0,28.917,70.138,12.336,262.59,SSP5-8.5
2048-07-28,0.0,28.037,83.315,9.952,236.07,SSP5-8.5
2048-07-29,0.0,28.553,81.534,10.163,248.56,SSP5-8.5
2048-07-30,0.0,28.706,78.938,10.106,267.46,SSP5-8.5
2048-07-31,2.5122,28.343,83.973,9.144,234.89,SSP5-8.5
2048-08-01,13.1397,28.001,87.585,9.475,222.44,SSP5-8.5
2048-08-02,0.3224,28.394,83.166,12.234,234.02,SSP5-8.5
2048-08-03,0.0083,28.479,79.484,15.013,271.99,SSP5-8.5
2048-08-04,7.3825,28.483,82.597,13.855,254.99,SSP5-8.5
2048-08-05,4.1738,28.539,83.067,14.028,249.96,SSP5-8.5
2048-08-06,6.3331,27.995,85.293,15.783,224.28,SSP5-8.5
2048-08-07,0.0,27.698,87.125,15.717,212.7,SSP5-8.5
2048-08-08,20.459,27.915,86.407,18.859,228.15,SSP5-8.5
2048-08-09,28.1436,26.507,92.137,16.91,173.67,SSP5-8.5
2048-08-10,32.6319,25.494,93.088,16.821,146.44,SSP5-8.5
2048-08-11,20.0704,26.749,91.752,18.491,175.79,SSP5-8.5
2048-08-12,6.1602,26.554,90.639,16.013,194.61,SSP5-8.5
2048-08-13,5.6455,26.464,91.586,14.201,193.59,SSP5-8.5
2048-08-14,0.0,27.5,87.731,15.078,223.84,SSP5-8.5
2048-08-15,0.0,27.69,84.624,13.378,236.87,SSP5-8.5
2048-08-16,0.2957,28.003,81.403,15.25,265.59,SSP5-8.5
2048-08-17,12.4882,26.849,90.514,12.908,175.19,SSP5-8.5
2048-08-18,4.011,27.844,85.223,15.016,246.21,SSP5-8.5
2048-08-19,0.2179,27.259,89.254,11.301,199.83,SSP5-8.5
2048-08-20,0.9796,27.667,85.176,14.001,227.87,SSP5-8.5
2048-08-21,16.1659,27.33,89.795,11.358,212.33,SSP5-8.5
2048-08-22,3.2684,27.137,90.682,11.017,204.29,SSP5-8.5
2048-08-23,0.0,27.059,91.306,8.972,216.96,SSP5-8.5
2048-08-24,0.0,27.348,91.815,5.463,210.86,SSP5-8.5
2048-08-25,0.401,27.771,89.172,5.358,233.89,SSP5-8.5
2048-08-26,1.1928,28.016,88.242,3.813,242.08,SSP5-8.5
2048-08-27,2.7074,27.971,89.693,5.194,238.82,SSP5-8.5
2048-08-28,0.0,27.978,86.812,6.821,241.6,SSP5-8.5
2048-08-29,0.4855,28.205,83.981,5.332,256.71,SSP5-8.5
2048-08-30,15.6111,27.601,92.174,4.654,205.2,SSP5-8.5
2048-08-31,0.0944,28.236,84.575,7.536,251.69,SSP5-8.5
2048-09-01,5.5867,28.584,84.858,8.236,254.82,SSP5-8.5
2048-09-02,34.0464,27.266,93.989,6.844,215.91,SSP5-8.5
2048-09-03,0.0,28.272,85.194,10.173,252.7,SSP5-8.5
2048-09-04,0.0,28.445,78.612,10.682,265.65,SSP5-8.5
2048-09-05,0.0,28.812,80.566,10.52,283.83,SSP5-8.5
2048-09-06,0.0,29.026,80.307,10.23,266.12,SSP5-8.5
2048-09-07,25.5307,28.438,85.449,15.142,245.03,SSP5-8.5
2048-09-08,40.852,27.197,92.087,15.629,188.95,SSP5-8.5
2048-09-09,6.7414,26.885,93.857,7.136,195.03,SSP5-8.5
2048-09-10,26.4729,27.816,91.421,6.127,230.02,SSP5-8.5
2048-09-11,14.2734,27.435,92.989,8.576,204.7,SSP5-8.5
2048-09-12,6.3157,27.648,91.648,8.862,209.48,SSP5-8.5
2048-09-13,3.9522,26.919,92.516,9.901,199.37,SSP5-8.5
2048-09-14,0.3464,27.705,89.558,10.263,212.85,SSP5-8.5
2048-09-15,1.8333,27.966,88.004,9.741,222.01,SSP5-8.5
2048-09-16,0.554,27.757,88.582,9.094,212.63,SSP5-8.5
2048-09-17,0.0158,28.108,82.609,10.395,241.74,SSP5-8.5
2048-09-18,0.0771,27.207,91.248,7.201,193.87,SSP5-8.5
2048-09-19,10.5865,27.966,90.344,6.344,218.92,SSP5-8.5
2048-09-20,13.5897,28.113,90.835,4.51,224.72,SSP5-8.5
2048-09-21,0.3711,28.242,88.111,6.386,241.2,SSP5-8.5
2048-09-22,0.5279,27.984,89.025,6.785,231.1,SSP5-8.5
2048-09-23,0.0,28.139,87.744,5.774,234.39,SSP5-8.5
2048-09-24,0.0215,28.51,84.984,5.109,249.02,SSP5-8.5
2048-09-25,0.4267,28.597,82.769,4.842,235.96,SSP5-8.5
2048-09-26,1.0766,28.712,85.052,6.941,233.45,SSP5-8.5
2048-09-27,3.8584,28.79,83.325,6.199,245.46,SSP5-8.5
2048-09-28,0.8494,28.874,78.996,9.58,245.81,SSP5-8.5
2048-09-29,0.0338,28.858,78.705,8.649,234.06,SSP5-8.5
2048-09-30,0.0,28.862,70.019,10.108,261.9,SSP5-8.5
2048-10-01,0.0,26.903,73.383,10.57,230.98,SSP5-8.5
2048-10-02,0.0,27.333,70.156,10.04,241.11,SSP5-8.5
2048-10-03,4.0194,28.054,74.395,7.86,244.38,SSP5-8.5
2048-10-04,32.1302,25.958,90.97,7.155,196.11,SSP5-8.5
2048-10-05,24.5724,25.746,91.814,7.726,197.38,SSP5-8.5
2048-10-06,10.9554,25.888,89.165,6.255,213.54,SSP5-8.5
2048-10-07,6.6407,26.004,87.973,5.305,218.08,SSP5-8.5
2048-10-08,0.0401,26.111,75.922,5.344,274.89,SSP5-8.5
2048-10-09,0.0,26.538,69.503,3.825,286.73,SSP5-8.5
2048-10-10,0.0,27.215,73.47,4.946,246.27,SSP5-8.5
2048-10-11,0.0,27.822,68.179,4.474,270.72,SSP5-8.5
2048-10-12,0.0,27.773,61.785,3.92,279.51,SSP5-8.5
2048-10-13,0.0,27.609,63.407,4.158,276.19,SSP5-8.5
2048-10-14,0.0,28.117,68.169,6.248,272.87,SSP5-8.5
2048-10-15,0.0,28.099,71.048,6.345,264.49,SSP5-8.5
2048-10-16,0.0,26.939,76.849,6.197,205.31,SSP5-8.5
2048-10-17,0.0,26.978,75.492,7.814,236.88,SSP5-8.5
2048-10-18,0.0,26.67,72.133,7.5,240.0,SSP5-8.5
2048-10-19,0.0,26.6,71.06,7.721,246.32,SSP5-8.5
2048-10-20,9.3743,25.354,82.17,7.402,219.46,SSP5-8.5
2048-10-21,0.0,25.988,69.904,6.467,247.24,SSP5-8.5
2048-10-22,0.0,26.064,65.663,5.468,248.78,SSP5-8.5
2048-10-23,0.0,26.31,67.449,5.793,239.96,SSP5-8.5
2048-10-24,0.1929,26.57,64.506,4.446,234.03,SSP5-8.5
2048-10-25,0.0,26.356,65.572,3.775,232.19,SSP5-8.5
2048-10-26,0.0061,26.088,51.945,2.948,256.99,SSP5-8.5
2048-10-27,0.0002,25.799,49.855,4.011,258.15,SSP5-8.5
2048-10-28,0.0,26.047,52.74,4.588,231.84,SSP5-8.5
2048-10-29,0.0,26.696,59.315,4.917,241.1,SSP5-8.5
2048-10-30,0.0,26.17,54.084,5.574,251.49,SSP5-8.5
2048-10-31,0.0,25.927,55.023,5.425,241.28,SSP5-8.5
2048-11-01,0.0,26.249,55.769,6.232,241.87,SSP5-8.5
2048-11-02,0.0,26.202,52.422,4.763,247.73,SSP5-8.5
2048-11-03,0.0,26.093,49.625,5.835,248.23,SSP5-8.5
2048-11-04,0.0,26.318,47.435,7.991,245.03,SSP5-8.5
2048-11-05,0.0,26.072,45.516,9.621,252.94,SSP5-8.5
2048-11-06,0.0,25.375,43.35,9.688,257.14,SSP5-8.5
2048-11-07,0.0,24.982,42.782,8.636,251.6,SSP5-8.5
2048-11-08,0.0,24.95,45.501,8.947,251.22,SSP5-8.5
2048-11-09,0.0,24.404,43.909,9.749,252.41,SSP5-8.5
2048-11-10,0.0,24.05,39.401,11.059,258.13,SSP5-8.5
2048-11-11,0.0,24.208,38.989,13.828,254.36,SSP5-8.5
2048-11-12,0.0007,25.428,48.428,12.364,237.56,SSP5-8.5
2048-11-13,0.0,25.942,60.1,9.612,195.82,SSP5-8.5
2048-11-14,0.0,25.747,55.924,11.088,253.82,SSP5-8.5
2048-11-15,0.0143,25.736,55.659,10.089,235.25,SSP5-8.5
2048-11-16,0.0032,26.04,52.446,12.115,229.45,SSP5-8.5
2048-11-17,0.0,25.95,52.397,9.471,233.4,SSP5-8.5
2048-11-18,0.0,26.001,55.291,10.411,223.48,SSP5-8.5
2048-11-19,0.0,25.564,56.768,9.303,203.27,SSP5-8.5
2048-11-20,0.0,25.88,46.109,12.675,228.42,SSP5-8.5
2048-11-21,0.0,25.556,47.057,13.804,238.35,SSP5-8.5
2048-11-22,0.0,25.884,51.952,12.549,236.52,SSP5-8.5
2048-11-23,0.0,24.264,59.225,12.997,174.35,SSP5-8.5
2048-11-24,0.0,25.613,55.452,12.644,232.02,SSP5-8.5
2048-11-25,0.0479,24.793,62.307,13.163,222.58,SSP5-8.5
2048-11-26,4.371,23.939,79.614,11.257,173.54,SSP5-8.5
2048-11-27,6.3752,23.824,76.059,10.096,175.09,SSP5-8.5
2048-11-28,0.3553,23.703,77.2,8.264,165.72,SSP5-8.5
2048-11-29,0.019,24.628,65.256,8.105,219.65,SSP5-8.5
2048-11-30,0.0,24.661,64.841,9.673,212.92,SSP5-8.5
2048-12-01,0.0,24.324,64.925,11.436,182.77,SSP5-8.5
2048-12-02,0.0,25.234,56.262,10.325,219.03,SSP5-8.5
2048-12-03,0.0,24.89,54.231,9.036,230.84,SSP5-8.5
2048-12-04,0.0,24.623,50.117,8.954,224.8,SSP5-8.5
2048-12-05,0.0,23.971,46.831,9.047,236.01,SSP5-8.5
2048-12-06,0.0,23.868,43.535,9.398,231.29,SSP5-8.5
2048-12-07,0.0,23.14,40.038,11.956,241.69,SSP5-8.5
2048-12-08,0.0,23.211,37.387,9.997,243.64,SSP5-8.5
2048-12-09,0.0,23.479,59.733,12.149,226.43,SSP5-8.5
2048-12-10,0.0,22.94,74.193,9.765,162.4,SSP5-8.5
2048-12-11,0.0,23.058,66.054,9.635,185.55,SSP5-8.5
2048-12-12,0.0,23.981,60.206,9.793,201.05,SSP5-8.5
2048-12-13,0.0,24.052,56.904,9.585,211.49,SSP5-8.5
2048-12-14,0.0,24.174,52.297,9.886,221.16,SSP5-8.5
2048-12-15,0.0,23.82,50.655,10.058,224.79,SSP5-8.5
2048-12-16,0.0,23.489,48.867,9.93,237.11,SSP5-8.5
2048-12-17,0.0,22.935,53.978,8.232,211.25,SSP5-8.5
2048-12-18,0.0,23.956,52.286,6.994,221.04,SSP5-8.5
2048-12-19,0.0,23.979,52.578,7.645,224.03,SSP5-8.5
2048-12-20,0.0,24.413,49.666,8.977,223.79,SSP5-8.5
2048-12-21,0.0,23.771,53.106,9.229,206.1,SSP5-8.5
2048-12-22,0.0,23.958,53.271,10.002,216.34,SSP5-8.5
2048-12-23,0.0,24.389,47.786,10.322,214.1,SSP5-8.5
2048-12-24,0.0,24.33,46.958,10.199,230.69,SSP5-8.5
2048-12-25,0.0,23.712,45.4,10.078,235.02,SSP5-8.5
2048-12-26,0.0,23.519,45.918,10.303,239.04,SSP5-8.5
2048-12-27,0.0,22.395,61.017,8.363,155.7,SSP5-8.5
2048-12-28,0.0,21.887,79.301,7.0,145.08,SSP5-8.5
2048-12-29,0.0,22.946,60.104,9.926,191.16,SSP5-8.5
2048-12-30,0.0,23.596,56.569,11.754,206.45,SSP5-8.5
2048-12-31,0.0,23.044,60.075,13.455,184.02,SSP5-8.5
2049-01-01,0.0,22.779,65.908,12.574,192.48,SSP5-8.5
2049-01-02,0.0,18.832,64.206,12.582,134.77,SSP5-8.5
2049-01-03,0.0,21.308,61.023,11.218,160.9,SSP5-8.5
2049-01-04,0.0,22.399,61.574,11.963,175.91,SSP5-8.5
2049-01-05,0.0,18.815,82.336,13.155,93.1,SSP5-8.5
2049-01-06,0.0,21.033,73.606,11.498,168.37,SSP5-8.5
2049-01-07,0.0,19.271,74.935,14.559,138.16,SSP5-8.5
2049-01-08,0.0,18.699,74.13,12.059,128.97,SSP5-8.5
2049-01-09,0.0,18.622,76.579,12.248,145.25,SSP5-8.5
2049-01-10,0.0,17.895,82.297,15.8,110.68,SSP5-8.5
2049-01-11,0.0,19.057,78.539,13.567,123.97,SSP5-8.5
2049-01-12,0.0,20.915,72.4,8.794,210.92,SSP5-8.5
2049-01-13,0.0,21.925,54.068,10.569,246.04,SSP5-8.5
2049-01-14,0.0,22.336,45.611,8.55,252.74,SSP5-8.5
2049-01-15,0.0,22.028,44.535,7.156,257.1,SSP5-8.5
2049-01-16,0.0,22.044,41.751,6.176,260.9,SSP5-8.5
2049-01-17,0.0,22.409,47.957,6.937,253.98,SSP5-8.5
2049-01-18,0.0,22.83,52.006,4.836,233.42,SSP5-8.5
2049-01-19,0.0,23.722,47.773,5.07,250.94,SSP5-8.5
2049-01-20,0.0,23.672,49.911,7.347,245.97,SSP5-8.5
2049-01-21,0.0,23.946,51.592,8.972,240.38,SSP5-8.5
2049-01-22,0.0,24.028,46.741,12.923,243.26,SSP5-8.5
2049-01-23,0.0,22.975,35.114,13.941,253.24,SSP5-8.5
2049-01-24,0.0,22.423,30.51,13.453,271.57,SSP5-8.5
2049-01-25,0.0,22.154,34.273,11.862,269.07,SSP5-8.5
2049-01-26,0.0,21.865,33.851,12.778,271.55,SSP5-8.5
2049-01-27,0.0,21.918,34.923,10.286,274.16,SSP5-8.5
2049-01-28,0.0,23.042,37.17,11.416,260.67,SSP5-8.5
2049-01-29,0.0,23.332,39.622,10.545,264.76,SSP5-8.5
2049-01-30,0.0,22.905,36.161,10.736,277.23,SSP5-8.5
2049-01-31,0.0,22.767,39.597,8.237,276.67,SSP5-8.5
2049-02-01,0.0,23.889,42.8,7.36,273.79,SSP5-8.5
2049-02-02,0.0,24.659,44.998,8.554,271.03,SSP5-8.5
2049-02-03,0.0,24.977,44.148,8.97,269.72,SSP5-8.5
2049-02-04,0.0,25.112,43.195,8.751,271.1,SSP5-8.5
2049-02-05,0.0,25.315,42.171,7.686,274.3,SSP5-8.5
2049-02-06,0.0,25.512,38.699,9.198,277.44,SSP5-8.5
2049-02-07,0.0,25.333,34.314,9.004,282.01,SSP5-8.5
2049-02-08,0.0,25.109,33.723,8.264,282.4,SSP5-8.5
2049-02-09,0.0,25.77,38.818,8.439,279.25,SSP5-8.5
2049-02-10,0.0,26.646,39.119,9.771,275.73,SSP5-8.5
2049-02-11,0.0,26.472,36.322,9.417,279.0,SSP5-8.5
2049-02-12,0.0,26.276,34.275,9.162,280.48,SSP5-8.5
2049-02-13,0.0,26.325,31.604,11.525,284.21,SSP5-8.5
2049-02-14,0.0,26.411,32.75,7.918,253.96,SSP5-8.5
2049-02-15,0.0,26.282,34.013,9.088,282.1,SSP5-8.5
2049-02-16,0.0,26.547,34.996,8.929,279.33,SSP5-8.5
2049-02-17,0.0,26.585,32.926,9.439,274.23,SSP5-8.5
2049-02-18,0.0,25.803,27.603,11.17,295.94,SSP5-8.5
2049-02-19,0.0,25.437,26.318,8.743,301.79,SSP5-8.5
2049-02-20,0.0,25.721,30.442,8.235,295.65,SSP5-8.5
2049-02-21,0.0,27.221,31.621,12.957,292.97,SSP5-8.5
2049-02-22,0.0,27.787,31.731,11.471,289.34,SSP5-8.5
2049-02-23,0.0,28.097,34.193,8.629,286.37,SSP5-8.5
2049-02-24,0.0,27.904,30.835,6.313,292.35,SSP5-8.5
2049-02-25,0.0,27.697,30.075,7.16,300.15,SSP5-8.5
2049-02-26,0.0,28.533,36.603,11.637,281.31,SSP5-8.5
2049-02-27,0.0,27.413,47.552,9.087,222.78,SSP5-8.5
2049-02-28,0.0,28.858,36.222,9.209,276.62,SSP5-8.5
2049-03-01,0.0,28.21,39.059,9.857,275.39,SSP5-8.5
2049-03-02,0.0,28.875,39.618,11.39,269.01,SSP5-8.5
2049-03-03,0.6023,29.213,42.993,14.513,240.19,SSP5-8.5
2049-03-04,0.0072,29.369,41.991,12.449,246.29,SSP5-8.5
2049-03-05,0.0,28.617,32.83,9.635,270.74,SSP5-8.5
2049-03-06,0.0,27.978,25.406,8.387,320.24,SSP5-8.5
2049-03-07,0.0,27.742,27.179,6.82,317.15,SSP5-8.5
2049-03-08,0.0,28.399,37.352,12.937,302.98,SSP5-8.5
2049-03-09,0.0,29.322,33.836,9.414,283.88,SSP5-8.5
2049-03-10,0.0,29.177,35.311,9.933,298.29,SSP5-8.5
2049-03-11,0.0,30.12,37.072,11.589,297.63,SSP5-8.5
2049-03-12,0.0837,30.045,40.435,9.459,259.67,SSP5-8.5
2049-03-13,0.0,29.425,40.32,7.561,264.65,SSP5-8.5
2049-03-14,0.0,30.397,32.117,9.309,295.89,SSP5-8.5
2049-03-15,0.0,30.143,29.838,8.695,307.59,SSP5-8.5
2049-03-16,0.0001,29.981,31.807,8.845,292.51,SSP5-8.5
2049-03-17,0.0,30.858,32.968,8.302,263.0,SSP5-8.5
2049-03-18,0.0,31.075,28.348,7.701,310.91,SSP5-8.5
2049-03-19,0.0,30.682,28.588,8.248,315.42,SSP5-8.5
2049-03-20,0.0,31.161,29.624,8.835,300.72,SSP5-8.5
2049-03-21,0.1204,30.013,42.47,11.632,241.46,SSP5-8.5
2049-03-22,0.5513,29.943,45.681,13.222,248.94,SSP5-8.5
2049-03-23,0.0,29.641,46.928,10.551,231.05,SSP5-8.5
2049-03-24,0.0,30.685,32.597,7.726,290.01,SSP5-8.5
2049-03-25,0.0,30.278,24.943,6.613,325.97,SSP5-8.5
2049-03-26,0.0,29.917,24.642,5.857,323.78,SSP5-8.5
2049-03-27,0.0,30.269,23.85,5.99,331.58,SSP5-8.5
2049-03-28,0.0,29.943,24.633,6.148,322.05,SSP5-8.5
2049-03-29,0.0,31.253,25.004,7.566,296.09,SSP5-8.5
2049-03-30,0.0002,31.544,23.942,7.018,325.65,SSP5-8.5
2049-03-31,0.0,31.386,22.145,12.626,295.7,SSP5-8.5
2049-04-01,0.0,30.529,24.152,10.12,321.86,SSP5-8.5
2049-04-02,0.0,30.174,23.716,6.228,322.21,SSP5-8.5
2049-04-03,0.0,30.791,25.976,6.614,315.35,SSP5-8.5
2049-04-04,0.0537,31.818,31.449,10.714,280.8,SSP5-8.5
2049-04-05,1.0276,27.665,50.858,9.375,199.77,SSP5-8.5
2049-04-06,1.2424,29.322,50.153,6.187,224.5,SSP5-8.5
2049-04-07,4.9888,31.319,39.074,4.456,285.77,SSP5-8.5
2049-04-08,0.9903,30.762,38.549,5.838,278.11,SSP5-8.5
2049-04-09,0.1359,31.077,34.928,7.974,313.54,SSP5-8.5
2049-04-10,0.0,31.407,33.347,9.765,323.36,SSP5-8.5
2049-04-11,0.0,31.342,30.168,7.392,326.7,SSP5-8.5
2049-04-12,0.0041,31.685,27.465,7.804,314.35,SSP5-8.5
2049-04-13,0.0,31.894,26.619,8.074,317.15,SSP5-8.5
2049-04-14,0.0,32.136,26.163,9.489,318.76,SSP5-8.5
2049-04-15,0.0018,31.556,30.018,9.733,235.83,SSP5-8.5
2049-04-16,0.2386,31.67,30.076,7.113,256.03,SSP5-8.5
2049-04-17,0.2265,32.616,28.219,7.626,308.64,SSP5-8.5
2049-04-18,2.4637,31.935,31.886,6.952,272.79,SSP5-8.5
2049-04-19,0.6194,32.727,30.478,8.672,295.65,SSP5-8.5
2049-04-20,0.1112,31.28,31.36,9.728,269.78,SSP5-8.5
2049-04-21,0.0,31.692,26.981,8.892,296.34,SSP5-8.5
2049-04-22,3.0278,29.996,41.457,5.256,235.7,SSP5-8.5
2049-04-23,0.1172,29.389,47.276,4.926,242.29,SSP5-8.5
2049-04-24,0.011,30.955,36.324,5.075,284.61,SSP5-8.5
2049-04-25,0.0,31.601,27.57,7.387,341.46,SSP5-8.5
2049-04-26,0.0,32.478,25.155,8.692,319.03,SSP5-8.5
2049-04-27,0.0,33.297,23.303,8.655,319.75,SSP5-8.5
2049-04-28,0.0,33.396,22.624,8.474,315.41,SSP5-8.5
2049-04-29,0.0,33.214,22.068,8.817,343.49,SSP5-8.5
2049-04-30,0.0,32.974,22.595,9.674,324.61,SSP5-8.5
2049-05-01,0.0,33.512,21.669,5.029,333.08,SSP5-8.5
2049-05-02,0.2053,33.621,25.532,6.434,297.01,SSP5-8.5
2049-05-03,0.0,33.717,25.767,8.158,306.22,SSP5-8.5
2049-05-04,0.0942,34.365,25.456,7.123,289.36,SSP5-8.5
2049-05-05,0.0,33.689,27.147,5.387,239.68,SSP5-8.5
2049-05-06,0.0,33.953,23.592,5.499,317.55,SSP5-8.5
2049-05-07,0.0,34.093,21.957,6.954,300.71,SSP5-8.5
2049-05-08,0.0,34.28,21.513,9.263,315.16,SSP5-8.5
2049-05-09,0.0,34.54,23.116,10.05,323.96,SSP5-8.5
2049-05-10,0.0,34.624,23.537,9.71,300.5,SSP5-8.5
2049-05-11,0.0,34.438,22.163,10.135,326.3,SSP5-8.5
2049-05-12,0.0,34.591,22.331,8.171,287.58,SSP5-8.5
2049-05-13,0.0,34.834,21.13,7.288,319.07,SSP5-8.5
2049-05-14,0.0029,35.279,20.918,8.214,326.05,SSP5-8.5
2049-05-15,0.0,35.519,21.833,9.093,310.26,SSP5-8.5
2049-05-16,0.0013,35.187,24.574,8.977,264.08,SSP5-8.5
2049-05-17,0.3772,34.451,28.345,9.294,278.14,SSP5-8.5
2049-05-18,0.3715,34.37,30.063,7.451,288.77,SSP5-8.5
2049-05-19,1.3851,33.289,35.639,7.291,265.32,SSP5-8.5
2049-05-20,0.0,34.089,30.168,7.27,287.27,SSP5-8.5
2049-05-21,0.0157,34.326,29.674,6.241,292.82,SSP5-8.5
2049-05-22,0.0137,34.307,30.95,7.431,311.64,SSP5-8.5
2049-05-23,0.289,34.335,32.07,8.647,301.67,SSP5-8.5
2049-05-24,0.0,33.844,32.563,8.616,287.26,SSP5-8.5
2049-05-25,0.0202,34.703,27.52,9.053,297.35,SSP5-8.5
2049-05-26,0.008,34.763,27.111,7.274,303.55,SSP5-8.5
2049-05-27,0.3344,34.935,26.207,7.853,318.38,SSP5-8.5
2049-05-28,0.0377,31.387,47.11,11.977,232.05,SSP5-8.5
2049-05-29,0.0,34.378,27.631,14.617,299.63,SSP5-8.5
2049-05-30,0.0,35.244,25.439,16.034,332.96,SSP5-8.5
2049-05-31,0.0816,35.331,28.169,17.694,296.09,SSP5-8.5
2049-06-01,0.0229,35.477,27.061,18.227,305.07,SSP5-8.5
2049-06-02,0.4715,31.019,41.469,24.6,230.2,SSP5-8.5
2049-06-03,2.2504,29.923,57.329,23.839,236.22,SSP5-8.5
2049-06-04,0.0062,30.432,51.735,16.985,252.23,SSP5-8.5
2049-06-05,0.0,33.302,39.35,12.988,312.41,SSP5-8.5
2049-06-06,0.0566,33.746,39.728,12.982,304.34,SSP5-8.5
2049-06-07,0.0,34.089,35.856,13.581,325.07,SSP5-8.5
2049-06-08,0.0203,35.037,31.772,9.788,322.31,SSP5-8.5
2049-06-09,0.8643,35.213,36.987,7.896,303.7,SSP5-8.5
2049-06-10,1.1821,32.61,55.736,7.042,282.92,SSP5-8.5
2049-06-11,0.2286,34.034,44.26,6.172,295.24,SSP5-8.5
2049-06-12,6.7952,33.656,52.905,9.588,288.57,SSP5-8.5
2049-06-13,0.0605,32.141,50.372,12.081,279.26,SSP5-8.5
2049-06-14,0.0639,33.389,42.66,14.487,311.73,SSP5-8.5
2049-06-15,0.0,34.204,39.728,15.217,318.6,SSP5-8.5
2049-06-16,0.0,34.512,39.676,15.961,317.75,SSP5-8.5
2049-06-17,0.6221,33.218,48.298,17.508,279.35,SSP5-8.5
2049-06-18,46.1948,27.127,76.882,17.725,207.94,SSP5-8.5
2049-06-19,33.9599,24.785,91.969,15.08,138.0,SSP5-8.5
2049-06-20,3.25,27.153,82.964,18.249,222.96,SSP5-8.5
2049-06-21,17.9443,26.424,87.799,14.745,171.79,SSP5-8.5
2049-06-22,0.0,27.233,81.176,18.248,218.05,SSP5-8.5
2049-06-23,0.0,27.501,79.414,18.263,225.7,SSP5-8.5
2049-06-24,3.9379,27.92,78.756,18.279,245.05,SSP5-8.5
2049-06-25,0.0778,28.225,75.365,19.357,265.39,SSP5-8.5
2049-06-26,12.2285,27.395,82.16,14.505,217.31,SSP5-8.5
2049-06-27,17.2965,26.638,86.905,16.408,202.42,SSP5-8.5
2049-06-28,25.2612,25.975,90.129,18.121,182.15,SSP5-8.5
2049-06-29,2.5613,27.107,85.923,15.43,195.7,SSP5-8.5
2049-06-30,14.6346,27.269,85.957,14.856,224.99,SSP5-8.5
2049-07-01,8.7423,27.17,86.34,14.564,218.81,SSP5-8.5
2049-07-02,17.8252,26.925,87.601,14.593,208.48,SSP5-8.5
2049-07-03,3.5326,27.142,85.609,15.996,225.18,SSP5-8.5
2049-07-04,19.9655,26.627,89.659,12.905,203.85,SSP5-8.5
2049-07-05,22.4184,25.811,91.798,12.825,188.01,SSP5-8.5
2049-07-06,22.0715,25.414,92.637,11.155,185.95,SSP5-8.5
2049-07-07,4.7603,26.669,88.891,13.495,209.72,SSP5-8.5
2049-07-08,21.0856,25.55,91.956,12.652,185.73,SSP5-8.5
2049-07-09,3.0215,26.381,90.067,12.476,192.5,SSP5-8.5
2049-07-10,0.0,27.524,80.028,14.701,283.43,SSP5-8.5
2049-07-11,0.0,27.711,77.598,15.938,284.84,SSP5-8.5
2049-07-12,0.9939,27.492,81.104,15.649,237.54,SSP5-8.5
2049-07-13,27.0411,25.746,90.911,14.122,192.5,SSP5-8.5
2049-07-14,30.7765,26.461,93.311,15.646,155.45,SSP5-8.5
2049-07-15,30.1339,26.315,93.542,14.737,171.82,SSP5-8.5
2049-07-16,29.2997,24.75,94.385,13.043,150.03,SSP5-8.5
2049-07-17,15.3471,25.714,92.608,12.283,173.88,SSP5-8.5
2049-07-18,0.8544,26.886,90.054,12.524,213.72,SSP5-8.5
2049-07-19,0.0029,27.427,84.235,12.077,253.35,SSP5-8.5
2049-07-20,0.0,27.292,85.454,11.04,281.48,SSP5-8.5
2049-07-21,0.0,27.647,82.545,13.426,250.98,SSP5-8.5
2049-07-22,2.0572,26.877,88.116,11.839,197.72,SSP5-8.5
2049-07-23,0.0,27.278,82.655,14.483,225.29,SSP5-8.5
2049-07-24,12.5009,26.659,90.121,10.816,203.6,SSP5-8.5
2049-07-25,17.4084,26.234,92.76,9.925,169.75,SSP5-8.5
2049-07-26,0.0728,27.324,87.845,9.496,247.36,SSP5-8.5
2049-07-27,2.8559,27.6,88.976,9.867,227.48,SSP5-8.5
2049-07-28,2.0386,27.234,87.826,12.807,224.04,SSP5-8.5
2049-07-29,19.8645,26.532,91.288,13.58,190.27,SSP5-8.5
2049-07-30,6.6751,26.383,92.066,13.414,187.07,SSP5-8.5
2049-07-31,3.6609,26.598,90.617,13.064,189.8,SSP5-8.5
2049-08-01,0.0439,27.428,87.405,14.58,220.95,SSP5-8.5
2049-08-02,2.6814,27.528,87.677,14.518,229.37,SSP5-8.5
2049-08-03,9.1635,26.894,90.552,13.692,200.82,SSP5-8.5
2049-08-04,0.0032,27.416,88.547,12.631,229.54,SSP5-8.5
2049-08-05,0.0,27.564,86.835,12.22,261.8,SSP5-8.5
2049-08-06,0.0,27.596,86.562,12.41,232.57,SSP5-8.5
2049-08-07,0.0685,27.372,87.674,14.458,215.76,SSP5-8.5
2049-08-08,1.7322,27.199,87.64,16.257,214.64,SSP5-8.5
2049-08-09,0.2558,27.291,86.777,16.91,219.22,SSP5-8.5
2049-08-10,33.7025,26.009,93.636,13.781,149.06,SSP5-8.5
2049-08-11,6.0965,26.482,93.242,11.287,181.41,SSP5-8.5
2049-08-12,10.8976,26.739,92.36,13.094,196.95,SSP5-8.5
2049-08-13,4.9463,26.644,91.889,14.813,196.25,SSP5-8.5
2049-08-14,4.2624,26.49,92.339,13.37,189.5,SSP5-8.5
2049-08-15,2.3718,26.331,92.121,12.005,195.97,SSP5-8.5
2049-08-16,0.0,27.043,89.753,12.098,214.9,SSP5-8.5
2049-08-17,0.0,27.481,83.367,14.933,256.79,SSP5-8.5
2049-08-18,10.3132,27.559,83.186,15.228,264.38,SSP5-8.5
2049-08-19,23.127,26.232,92.389,14.037,169.09,SSP5-8.5
2049-08-20,22.8652,25.934,91.753,14.694,183.69,SSP5-8.5
2049-08-21,2.1542,26.197,90.956,15.413,190.82,SSP5-8.5
2049-08-22,0.0,27.028,87.71,15.358,206.45,SSP5-8.5
2049-08-23,16.0877,26.777,90.51,14.437,205.04,SSP5-8.5
2049-08-24,18.1883,26.441,95.777,9.275,164.57,SSP5-8.5
2049-08-25,25.1244,27.22,92.976,10.525,219.85,SSP5-8.5
2049-08-26,1.6273,26.772,94.918,8.98,196.04,SSP5-8.5
2049-08-27,1.2021,27.423,91.613,7.944,228.65,SSP5-8.5
2049-08-28,1.4415,27.554,91.445,8.486,224.51,SSP5-8.5
2049-08-29,0.3111,27.947,88.526,9.218,248.97,SSP5-8.5
2049-08-30,0.0,28.206,84.163,9.213,272.64,SSP5-8.5
2049-08-31,0.0092,28.014,85.687,10.606,253.2,SSP5-8.5
2049-09-01,0.0373,28.119,88.238,9.329,244.11,SSP5-8.5
2049-09-02,9.2212,27.992,90.233,8.411,228.2,SSP5-8.5
2049-09-03,7.1687,27.758,92.221,7.63,224.97,SSP5-8.5
2049-09-04,0.0,28.108,87.478,7.069,257.97,SSP5-8.5
2049-09-05,0.0,28.257,88.568,5.247,261.8,SSP5-8.5
2049-09-06,0.8838,28.469,86.981,6.455,254.89,SSP5-8.5
2049-09-07,12.3122,28.554,88.507,7.081,247.88,SSP5-8.5
2049-09-08,5.0316,27.937,89.31,9.174,225.46,SSP5-8.5
2049-09-09,0.0996,28.025,87.878,7.143,244.5,SSP5-8.5
2049-09-10,2.8049,28.553,88.08,5.913,243.34,SSP5-8.5
2049-09-11,22.1814,28.211,91.272,4.183,229.47,SSP5-8.5
2049-09-12,11.3344,27.907,91.717,4.27,229.08,SSP5-8.5
2049-09-13,2.8812,27.775,91.445,5.92,237.47,SSP5-8.5
2049-09-14,0.0,27.954,88.845,7.374,241.8,SSP5-8.5
2049-09-15,0.0,28.32,85.8,5.311,252.95,SSP5-8.5
2049-09-16,0.0,28.623,79.996,9.881,292.76,SSP5-8.5
2049-09-17,0.0,28.583,81.316,11.432,279.44,SSP5-8.5
2049-09-18,0.0,28.648,82.074,11.731,263.6,SSP5-8.5
2049-09-19,0.0,28.316,86.968,10.629,216.78,SSP5-8.5
2049-09-20,0.0401,28.835,81.952,9.592,255.72,SSP5-8.5
2049-09-21,3.225,28.743,80.57,12.069,268.47,SSP5-8.5
2049-09-22,0.0,28.815,77.137,11.638,279.37,SSP5-8.5
2049-09-23,0.0,28.593,80.386,9.931,265.04,SSP5-8.5
2049-09-24,0.0,28.838,80.487,7.766,267.72,SSP5-8.5
2049-09-25,0.0,29.257,78.253,8.917,264.23,SSP5-8.5
2049-09-26,0.0,29.104,80.002,10.409,247.52,SSP5-8.5
2049-09-27,0.0,28.458,82.897,9.726,250.17,SSP5-8.5
2049-09-28,0.4428,28.564,81.098,8.898,255.87,SSP5-8.5
2049-09-29,0.8537,28.806,81.185,8.857,263.18,SSP5-8.5
2049-09-30,0.0,29.255,78.152,7.056,266.08,SSP5-8.5
2049-10-01,0.0,28.76,78.968,8.232,264.38,SSP5-8.5
2049-10-02,0.0,28.116,76.787,7.376,277.51,SSP5-8.5
2049-10-03,0.0,27.892,73.163,6.892,285.24,SSP5-8.5
2049-10-04,0.0,27.861,72.879,6.957,265.59,SSP5-8.5
2049-10-05,0.0,27.209,76.175,6.203,270.71,SSP5-8.5
2049-10-06,0.0,27.262,72.111,4.355,245.62,SSP5-8.5
2049-10-07,0.0,27.484,75.493,4.342,249.33,SSP5-8.5
2049-10-08,0.0,28.042,68.594,4.159,264.4,SSP5-8.5
2049-10-09,0.0,27.959,67.202,4.984,250.55,SSP5-8.5
2049-10-10,0.0,26.314,80.761,3.425,210.39,SSP5-8.5
2049-10-11,0.0,26.0,83.818,4.065,199.12,SSP5-8.5
2049-10-12,0.0,27.388,69.218,3.384,254.63,SSP5-8.5
2049-10-13,0.0,28.132,72.101,4.501,258.64,SSP5-8.5
2049-10-14,8.2291,27.904,70.004,4.255,262.55,SSP5-8.5
2049-10-15,0.0,27.981,71.204,4.93,270.78,SSP5-8.5
2049-10-16,0.0,27.956,67.076,4.669,266.13,SSP5-8.5
2049-10-17,0.0,27.803,74.711,5.398,242.54,SSP5-8.5
2049-10-18,6.163,27.397,81.367,6.848,218.11,SSP5-8.5
2049-10-19,18.2998,25.616,88.528,6.938,188.98,SSP5-8.5
2049-10-20,7.3222,25.616,87.36,3.127,203.69,SSP5-8.5
2049-10-21,0.0677,27.481,74.31,5.367,256.31,SSP5-8.5
2049-10-22,0.0248,27.955,67.758,6.442,259.83,SSP5-8.5
2049-10-23,7.0332,27.453,70.104,6.854,230.68,SSP5-8.5
2049-10-24,0.0,26.783,78.242,6.997,207.77,SSP5-8.5
2049-10-25,0.0,25.872,83.246,6.055,203.44,SSP5-8.5
2049-10-26,0.0,26.236,68.331,8.679,243.21,SSP5-8.5
2049-10-27,4.2577,24.982,83.059,9.414,211.58,SSP5-8.5
2049-10-28,5.9622,23.871,89.67,7.961,176.42,SSP5-8.5
2049-10-29,2.0646,24.418,88.324,7.903,197.4,SSP5-8.5
2049-10-30,4.512,24.884,86.558,6.777,193.53,SSP5-8.5
2049-10-31,3.1549,25.247,85.494,5.038,204.03,SSP5-8.5
2049-11-01,0.0,26.549,81.048,4.529,212.41,SSP5-8.5
2049-11-02,0.0,26.095,82.446,3.99,190.87,SSP5-8.5
2049-11-03,0.0,25.788,84.285,5.087,185.54,SSP5-8.5
2049-11-04,0.0,25.017,87.488,3.228,176.52,SSP5-8.5
2049-11-05,0.0,25.582,83.913,4.889,194.2,SSP5-8.5
2049-11-06,0.0,24.799,87.449,5.033,174.35,SSP5-8.5
2049-11-07,0.0,26.096,80.851,7.199,210.71,SSP5-8.5
2049-11-08,0.0,26.236,76.626,8.164,220.11,SSP5-8.5
2049-11-09,0.0,26.461,74.003,7.354,223.32,SSP5-8.5
2049-11-10,0.0,26.184,76.775,5.458,213.27,SSP5-8.5
2049-11-11,0.0,25.817,75.232,6.372,194.79,SSP5-8.5
2049-11-12,0.0,26.347,67.984,5.807,222.41,SSP5-8.5
2049-11-13,0.0,26.112,63.854,8.267,233.2,SSP5-8.5
2049-11-14,0.0,25.795,76.252,7.412,213.89,SSP5-8.5
2049-11-15,0.0,25.825,72.561,8.618,224.25,SSP5-8.5
2049-11-16,0.0,25.051,76.137,7.948,216.14,SSP5-8.5
2049-11-17,0.0,25.321,70.519,8.156,228.91,SSP5-8.5
2049-11-18,0.0,25.237,63.028,6.847,234.09,SSP5-8.5
2049-11-19,0.0,25.189,66.609,6.049,210.89,SSP5-8.5
2049-11-20,0.0,25.005,68.025,4.059,195.0,SSP5-8.5
2049-11-21,0.0,25.182,56.811,6.538,228.04,SSP5-8.5
2049-11-22,0.0,25.699,58.257,6.791,218.51,SSP5-8.5
2049-11-23,0.0,24.916,53.236,7.366,228.65,SSP5-8.5
2049-11-24,0.0,24.031,48.735,5.858,245.13,SSP5-8.5
2049-11-25,0.0,23.767,55.339,6.166,240.04,SSP5-8.5
2049-11-26,0.0,24.19,63.978,6.225,226.38,SSP5-8.5
2049-11-27,0.0,23.418,66.859,5.422,198.5,SSP5-8.5
2049-11-28,0.0,23.232,67.889,5.878,192.71,SSP5-8.5
2049-11-29,0.0,24.633,53.8,7.102,233.89,SSP5-8.5
2049-11-30,0.0,23.864,49.455,6.613,210.28,SSP5-8.5
2049-12-01,0.0,24.064,48.442,5.314,235.54,SSP5-8.5
2049-12-02,0.0,24.455,49.79,6.004,221.22,SSP5-8.5
2049-12-03,0.0,24.414,50.778,7.821,230.7,SSP5-8.5
2049-12-04,0.0,24.049,46.581,8.067,237.99,SSP5-8.5
2049-12-05,0.0,23.591,50.1,7.603,232.6,SSP5-8.5
2049-12-06,0.0,23.796,54.951,6.103,219.84,SSP5-8.5
2049-12-07,0.0,23.481,55.341,6.107,220.11,SSP5-8.5
2049-12-08,0.0,23.619,55.937,7.175,216.7,SSP5-8.5
2049-12-09,0.0,23.303,59.829,7.392,197.83,SSP5-8.5
2049-12-10,0.0,22.481,66.427,8.606,175.64,SSP5-8.5
2049-12-11,0.0,22.283,57.067,7.254,201.15,SSP5-8.5
2049-12-12,0.0,22.952,44.318,6.624,234.62,SSP5-8.5
2049-12-13,0.0,22.97,44.184,7.604,228.75,SSP5-8.5
2049-12-14,0.0,22.909,44.107,7.886,238.28,SSP5-8.5
2049-12-15,0.0,22.903,44.116,8.009,230.19,SSP5-8.5
2049-12-16,0.0,21.781,41.606,5.936,216.62,SSP5-8.5
2049-12-17,0.0,21.842,40.656,7.464,221.45,SSP5-8.5
2049-12-18,0.0,21.527,46.869,5.739,210.23,SSP5-8.5
2049-12-19,0.0,22.262,37.766,8.682,237.27,SSP5-8.5
2049-12-20,0.0,21.809,31.925,10.176,247.44,SSP5-8.5
2049-12-21,0.0,21.466,30.63,9.572,253.49,SSP5-8.5
2049-12-22,0.0,21.258,31.393,8.498,245.93,SSP5-8.5
2049-12-23,0.0,21.816,33.693,8.929,234.77,SSP5-8.5
2049-12-24,0.0,21.792,35.329,8.293,239.21,SSP5-8.5
2049-12-25,0.0,21.922,36.184,6.19,242.95,SSP5-8.5
2049-12-26,0.0,21.897,34.979,8.519,249.46,SSP5-8.5
2049-12-27,0.0,21.816,34.558,7.816,250.63,SSP5-8.5
2049-12-28,0.0,21.965,37.387,5.023,247.75,SSP5-8.5
2049-12-29,0.0,22.593,38.843,7.121,242.47,SSP5-8.5
2049-12-30,0.0,23.237,41.042,5.64,240.78,SSP5-8.5
2049-12-31,0.0,23.853,48.052,6.842,237.84,SSP5-8.5
2050-01-01,0.0,24.859,50.257,9.43,224.97,SSP5-8.5
2050-01-02,0.0,25.026,47.611,11.02,234.84,SSP5-8.5
2050-01-03,0.0,25.487,46.304,12.131,225.39,SSP5-8.5
2050-01-04,0.0,25.574,41.131,15.914,237.94,SSP5-8.5
2050-01-05,0.0,24.726,59.196,9.906,201.43,SSP5-8.5
2050-01-06,0.0,22.525,77.337,11.945,144.41,SSP5-8.5
2050-01-07,0.0,22.595,76.938,10.342,164.62,SSP5-8.5
2050-01-08,0.0,23.402,64.273,10.059,194.51,SSP5-8.5
2050-01-09,0.0,24.489,57.55,7.45,222.09,SSP5-8.5
2050-01-10,0.0,24.674,51.72,7.493,237.69,SSP5-8.5
2050-01-11,0.0,25.104,50.158,11.105,229.83,SSP5-8.5
2050-01-12,0.0,24.523,53.592,11.532,205.71,SSP5-8.5
2050-01-13,0.0,24.755,49.173,11.144,244.42,SSP5-8.5
2050-01-14,0.0,24.725,51.317,9.734,236.54,SSP5-8.5
2050-01-15,0.0,24.218,53.815,10.777,209.22,SSP5-8.5
2050-01-16,0.0,22.888,59.564,7.958,183.52,SSP5-8.5
2050-01-17,0.0,24.434,50.51,6.71,220.59,SSP5-8.5
2050-01-18,0.0,24.534,45.322,8.156,222.09,SSP5-8.5
2050-01-19,0.0,24.17,46.441,8.511,249.36,SSP5-8.5
2050-01-20,0.0,24.745,49.124,9.055,238.8,SSP5-8.5
2050-01-21,0.0,24.85,52.43,9.114,218.73,SSP5-8.5
2050-01-22,0.0,24.539,55.653,9.577,208.39,SSP5-8.5
2050-01-23,0.0,25.325,53.3,11.283,225.98,SSP5-8.5
2050-01-24,0.0,25.923,49.044,12.804,242.03,SSP5-8.5
2050-01-25,0.0,25.997,48.632,9.753,249.55,SSP5-8.5
2050-01-26,0.0,25.366,51.635,8.177,221.28,SSP5-8.5
2050-01-27,0.0,26.501,45.324,7.949,244.0,SSP5-8.5
2050-01-28,0.0,25.934,44.965,8.646,212.88,SSP5-8.5
2050-01-29,0.0,26.258,44.497,11.054,239.82,SSP5-8.5
2050-01-30,0.0,24.994,50.374,12.63,201.56,SSP5-8.5
2050-01-31,0.0,26.381,47.071,10.67,251.56,SSP5-8.5
2050-02-01,0.0,27.028,45.412,10.548,263.74,SSP5-8.5
2050-02-02,0.0,26.981,45.889,11.195,258.13,SSP5-8.5
2050-02-03,0.0,27.225,44.237,11.794,254.17,SSP5-8.5
2050-02-04,0.0,27.036,47.492,9.692,223.38,SSP5-8.5
2050-02-05,0.0,26.406,48.947,8.035,222.68,SSP5-8.5
2050-02-06,0.0,25.764,51.213,7.728,216.61,SSP5-8.5
2050-02-07,0.0,25.928,48.868,7.609,227.08,SSP5-8.5
2050-02-08,0.0,26.85,45.853,9.955,253.51,SSP5-8.5
2050-02-09,0.0,26.826,42.884,10.967,273.69,SSP5-8.5
2050-02-10,0.0,27.11,41.227,13.231,273.53,SSP5-8.5
2050-02-11,0.0,27.05,45.745,14.981,268.43,SSP5-8.5
2050-02-12,0.0,27.213,42.075,13.752,274.2,SSP5-8.5
2050-02-13,0.0,27.257,40.764,10.793,276.24,SSP5-8.5
2050-02-14,0.0,27.335,46.843,10.759,247.24,SSP5-8.5
2050-02-15,0.0,26.606,53.966,11.782,233.36,SSP5-8.5
2050-02-16,0.0,26.361,56.586,8.124,231.49,SSP5-8.5
2050-02-17,0.0,27.139,40.096,9.228,274.62,SSP5-8.5
2050-02-18,0.0,27.041,38.875,7.206,277.11,SSP5-8.5
2050-02-19,0.0,27.006,37.081,5.547,285.59,SSP5-8.5
2050-02-20,0.0,27.295,34.484,5.648,289.08,SSP5-8.5
2050-02-21,0.0,27.265,34.361,6.121,277.22,SSP5-8.5
2050-02-22,0.0,27.763,35.754,7.487,264.53,SSP5-8.5
2050-02-23,0.0,28.407,36.092,11.325,258.24,SSP5-8.5
2050-02-24,0.0,28.291,33.564,12.323,293.55,SSP5-8.5
2050-02-25,0.0,28.051,33.398,10.712,295.65,SSP5-8.5
2050-02-26,0.0,28.404,34.68,8.544,286.62,SSP5-8.5
2050-02-27,0.0,28.735,32.6,6.61,300.78,SSP5-8.5
2050-02-28,0.0,28.465,31.667,6.858,308.34,SSP5-8.5
2050-03-01,0.0,29.109,33.043,7.892,286.85,SSP5-8.5
2050-03-02,0.0,29.404,31.646,9.11,293.05,SSP5-8.5
2050-03-03,0.0,29.574,30.261,13.749,300.66,SSP5-8.5
2050-03-04,0.0,29.493,31.064,13.999,263.61,SSP5-8.5
2050-03-05,0.0003,29.507,38.428,9.16,272.89,SSP5-8.5
2050-03-06,0.0,29.065,40.614,9.41,247.21,SSP5-8.5
2050-03-07,0.0,27.18,54.17,10.519,204.81,SSP5-8.5
2050-03-08,0.0,29.404,38.985,7.952,299.28,SSP5-8.5
2050-03-09,0.0,29.901,32.688,10.014,304.51,SSP5-8.5
2050-03-10,0.0008,30.306,35.769,10.842,246.12,SSP5-8.5
2050-03-11,0.0121,28.471,43.725,6.586,244.5,SSP5-8.5
2050-03-12,0.0,29.612,34.133,10.673,257.36,SSP5-8.5
2050-03-13,0.0,29.752,30.589,12.285,313.21,SSP5-8.5
2050-03-14,0.0,29.61,30.077,11.031,282.37,SSP5-8.5
2050-03-15,0.0086,30.535,34.926,8.829,254.82,SSP5-8.5
2050-03-16,0.0,29.539,42.042,5.308,225.47,SSP5-8.5
2050-03-17,0.0213,26.647,55.508,10.531,191.43,SSP5-8.5
2050-03-18,0.0,29.691,31.989,9.918,288.51,SSP5-8.5
2050-03-19,0.0,29.313,25.794,8.26,313.17,SSP5-8.5
2050-03-20,0.0,28.702,25.855,6.522,330.38,SSP5-8.5
2050-03-21,0.0,29.13,29.206,7.082,299.54,SSP5-8.5
2050-03-22,0.4772,31.501,35.574,12.039,267.61,SSP5-8.5
2050-03-23,1.0902,31.593,37.219,10.764,282.78,SSP5-8.5
2050-03-24,7.1562,30.811,41.985,10.552,271.52,SSP5-8.5
2050-03-25,0.0602,30.673,39.926,9.307,282.25,SSP5-8.5
2050-03-26,0.0,30.278,38.049,8.769,266.34,SSP5-8.5
2050-03-27,0.0001,30.403,33.858,10.899,273.07,SSP5-8.5
2050-03-28,0.0,30.66,30.786,9.474,298.01,SSP5-8.5
2050-03-29,0.118,30.515,34.428,6.736,271.84,SSP5-8.5
2050-03-30,0.0,30.603,34.513,6.683,265.06,SSP5-8.5
2050-03-31,0.0007,31.429,31.292,7.104,272.05,SSP5-8.5
2050-04-01,0.0,30.847,28.725,8.467,321.95,SSP5-8.5
2050-04-02,0.0,31.071,30.072,11.037,303.96,SSP5-8.5
2050-04-03,0.007,30.739,28.625,10.124,317.41,SSP5-8.5
2050-04-04,0.1865,31.135,34.619,4.957,278.49,SSP5-8.5
2050-04-05,5.0513,31.235,44.622,6.181,253.42,SSP5-8.5
2050-04-06,0.414,31.595,40.757,5.856,274.11,SSP5-8.5
2050-04-07,0.181,31.372,37.533,6.946,274.89,SSP5-8.5
2050-04-08,0.0,31.024,30.185,8.942,312.56,SSP5-8.5
2050-04-09,0.0,30.779,27.115,5.259,350.02,SSP5-8.5
2050-04-10,0.0,30.563,27.114,4.419,343.23,SSP5-8.5
2050-04-11,0.0,31.174,27.146,4.648,337.9,SSP5-8.5
2050-04-12,0.0,32.152,28.213,7.001,311.81,SSP5-8.5
2050-04-13,0.0,32.473,29.248,9.772,290.74,SSP5-8.5
2050-04-14,0.0,32.7,28.844,8.022,298.64,SSP5-8.5
2050-04-15,0.0002,32.559,27.489,8.472,280.65,SSP5-8.5
2050-04-16,0.0,33.068,26.602,7.921,296.18,SSP5-8.5
2050-04-17,0.0,32.932,25.912,10.33,315.16,SSP5-8.5
2050-04-18,0.0046,33.173,27.611,10.851,311.57,SSP5-8.5
2050-04-19,0.1992,31.894,31.001,7.416,273.95,SSP5-8.5
2050-04-20,4.7839,31.84,35.529,7.032,276.89,SSP5-8.5
2050-04-21,0.163,31.794,36.595,6.677,257.71,SSP5-8.5
2050-04-22,0.3098,32.103,33.135,7.571,306.53,SSP5-8.5
2050-04-23,0.34,31.95,34.599,9.534,286.98,SSP5-8.5
2050-04-24,28.4558,31.194,47.047,6.713,273.31,SSP5-8.5
2050-04-25,7.306,30.734,46.185,7.992,287.02,SSP5-8.5
2050-04-26,1.5767,30.873,48.556,9.895,248.23,SSP5-8.5
2050-04-27,0.9251,30.903,47.055,9.717,289.92,SSP5-8.5
2050-04-28,0.0555,32.167,36.38,8.678,308.07,SSP5-8.5
2050-04-29,0.0147,29.013,53.719,5.953,200.82,SSP5-8.5
2050-04-30,0.5082,31.98,41.38,5.468,293.13,SSP5-8.5
2050-05-01,0.2158,33.16,34.752,6.288,304.28,SSP5-8.5
2050-05-02,0.0,33.726,30.079,5.623,310.3,SSP5-8.5
2050-05-03,0.0149,33.659,27.888,6.741,318.47,SSP5-8.5
2050-05-04,0.3734,32.281,35.234,8.459,244.04,SSP5-8.5
2050-05-05,0.9492,30.62,45.503,11.118,220.28,SSP5-8.5
2050-05-06,0.0205,32.791,35.218,9.853,318.82,SSP5-8.5
2050-05-07,0.0,32.917,27.029,7.094,351.5,SSP5-8.5
2050-05-08,0.0,33.514,26.036,6.89,338.95,SSP5-8.5
2050-05-09,0.0,33.858,24.229,6.511,341.93,SSP5-8.5
2050-05-10,0.0,34.053,22.25,9.13,347.53,SSP5-8.5
2050-05-11,0.0,34.503,23.058,8.305,299.94,SSP5-8.5
2050-05-12,0.0,34.776,22.545,9.37,318.57,SSP5-8.5
2050-05-13,0.0,34.959,22.175,10.85,306.22,SSP5-8.5
2050-05-14,0.0,34.988,22.692,9.674,293.77,SSP5-8.5
2050-05-15,0.0,32.747,27.792,7.255,211.33,SSP5-8.5
2050-05-16,0.0027,33.908,24.749,7.029,311.74,SSP5-8.5
2050-05-17,0.0,34.087,27.439,9.021,246.85,SSP5-8.5
2050-05-18,0.0,34.272,27.364,6.983,270.16,SSP5-8.5
2050-05-19,0.0,34.19,24.739,5.554,329.51,SSP5-8.5
2050-05-20,0.0,34.526,25.951,5.121,301.54,SSP5-8.5
2050-05-21,0.0,34.333,23.473,7.279,322.31,SSP5-8.5
2050-05-22,0.0,34.554,23.22,9.788,342.44,SSP5-8.5
2050-05-23,0.0,35.181,21.931,8.105,325.98,SSP5-8.5
2050-05-24,0.0,36.008,21.509,7.538,274.04,SSP5-8.5
2050-05-25,0.0,35.853,20.922,7.413,328.22,SSP5-8.5
2050-05-26,0.0,35.846,21.121,7.738,295.9,SSP5-8.5
2050-05-27,0.0,35.776,19.363,10.045,279.27,SSP5-8.5
2050-05-28,0.0,36.469,19.674,15.855,280.39,SSP5-8.5
2050-05-29,0.0009,36.117,23.333,15.796,314.24,SSP5-8.5
2050-05-30,0.0,36.06,24.856,10.149,330.15,SSP5-8.5
2050-05-31,10.0882,34.641,30.024,8.043,326.5,SSP5-8.5
2050-06-01,2.8688,34.567,37.807,6.171,312.29,SSP5-8.5
2050-06-02,0.2889,34.54,38.793,7.855,309.7,SSP5-8.5
2050-06-03,0.0109,34.863,34.165,9.734,305.51,SSP5-8.5
2050-06-04,0.0,35.034,26.404,12.986,337.82,SSP5-8.5
2050-06-05,0.0,35.38,24.277,16.088,317.55,SSP5-8.5
2050-06-06,0.0,35.224,24.524,15.756,338.08,SSP5-8.5
2050-06-07,0.0,35.075,27.272,17.573,332.32,SSP5-8.5
2050-06-08,0.0,35.084,26.533,13.654,338.27,SSP5-8.5
2050-06-09,0.0,35.723,26.198,14.183,302.19,SSP5-8.5
2050-06-10,0.0,34.351,32.376,15.876,289.36,SSP5-8.5
2050-06-11,2.2824,30.282,55.784,14.676,254.26,SSP5-8.5
2050-06-12,11.493,31.493,54.646,9.521,265.59,SSP5-8.5
2050-06-13,3.1892,32.752,57.03,6.833,268.3,SSP5-8.5
2050-06-14,15.3358,27.746,78.845,6.628,193.6,SSP5-8.5
2050-06-15,4.0035,27.492,80.083,6.389,222.76,SSP5-8.5
2050-06-16,5.1326,28.098,78.73,5.841,245.38,SSP5-8.5
2050-06-17,7.5548,29.969,74.364,5.088,271.92,SSP5-8.5
2050-06-18,13.2769,27.892,81.357,6.573,232.75,SSP5-8.5
2050-06-19,5.4027,27.545,81.147,7.261,241.0,SSP5-8.5
2050-06-20,0.0928,30.002,69.607,6.266,305.7,SSP5-8.5
2050-06-21,1.1961,30.45,67.878,4.038,298.33,SSP5-8.5
2050-06-22,0.0,31.702,63.626,6.747,299.69,SSP5-8.5
2050-06-23,0.0552,31.628,61.591,9.657,300.77,SSP5-8.5
2050-06-24,3.9188,30.506,67.513,7.992,267.65,SSP5-8.5
2050-06-25,7.3916,27.211,85.824,9.261,209.32,SSP5-8.5
2050-06-26,0.1703,28.529,76.765,15.049,268.8,SSP5-8.5
2050-06-27,0.6071,29.05,72.193,10.867,254.93,SSP5-8.5
2050-06-28,0.0,30.143,61.998,13.831,290.48,SSP5-8.5
2050-06-29,0.0,30.068,59.108,14.797,297.37,SSP5-8.5
2050-06-30,21.7761,29.522,66.115,12.703,270.17,SSP5-8.5
2050-07-01,37.0531,26.82,93.201,12.811,163.2,SSP5-8.5
2050-07-02,18.3482,26.948,94.04,8.342,172.32,SSP5-8.5
2050-07-03,1.2908,27.447,83.558,10.966,247.36,SSP5-8.5
2050-07-04,0.0,28.22,77.236,13.248,259.24,SSP5-8.5
2050-07-05,13.9741,27.667,85.351,11.977,230.75,SSP5-8.5
2050-07-06,32.405,26.529,91.575,16.98,141.26,SSP5-8.5
2050-07-07,22.4232,26.429,91.036,16.02,173.4,SSP5-8.5
2050-07-08,0.0,27.212,83.81,15.534,225.69,SSP5-8.5
2050-07-09,0.5002,27.411,83.822,16.592,225.65,SSP5-8.5
2050-07-10,9.0142,27.399,84.902,16.617,227.57,SSP5-8.5
2050-07-11,0.422,27.179,85.02,16.237,234.65,SSP5-8.5
2050-07-12,0.0485,27.338,82.963,16.186,232.65,SSP5-8.5
2050-07-13,0.0,28.404,78.289,16.445,249.04,SSP5-8.5
2050-07-14,0.0,28.836,76.065,18.09,274.63,SSP5-8.5
2050-07-15,7.0227,28.213,82.208,20.534,233.08,SSP5-8.5
2050-07-16,0.0,27.934,81.472,17.954,236.24,SSP5-8.5
2050-07-17,0.3731,27.768,84.904,13.867,229.65,SSP5-8.5
2050-07-18,0.0079,28.561,84.755,10.754,240.19,SSP5-8.5
2050-07-19,3.0088,28.184,85.086,10.829,240.66,SSP5-8.5
2050-07-20,0.0,28.397,82.921,11.066,250.42,SSP5-8.5
2050-07-21,0.0,28.357,82.441,11.963,255.22,SSP5-8.5
2050-07-22,0.0,28.267,83.165,11.658,235.17,SSP5-8.5
2050-07-23,0.7885,27.963,86.464,9.599,241.23,SSP5-8.5
2050-07-24,0.0164,27.849,86.617,7.419,244.99,SSP5-8.5
2050-07-25,8.4814,27.968,87.129,7.291,245.51,SSP5-8.5
2050-07-26,0.0,28.171,84.379,10.068,239.21,SSP5-8.5
2050-07-27,7.5575,26.811,90.631,10.135,209.77,SSP5-8.5
2050-07-28,40.122,26.371,93.898,12.591,165.02,SSP5-8.5
2050-07-29,40.5312,25.89,95.575,13.449,124.28,SSP5-8.5
2050-07-30,14.1894,26.353,93.193,10.598,187.22,SSP5-8.5
2050-07-31,9.4016,26.305,93.491,9.088,191.14,SSP5-8.5
2050-08-01,10.5389,27.872,90.922,6.579,228.67,SSP5-8.5
2050-08-02,1.4153,28.233,86.89,11.575,239.76,SSP5-8.5
2050-08-03,20.4151,27.03,92.106,11.918,189.0,SSP5-8.5
2050-08-04,18.0567,27.487,90.473,10.827,221.21,SSP5-8.5
2050-08-05,27.2856,26.946,93.805,11.675,161.42,SSP5-8.5
2050-08-06,6.9689,27.405,90.573,12.548,216.53,SSP5-8.5
2050-08-07,20.1663,26.719,93.557,14.126,165.97,SSP5-8.5
2050-08-08,2.9247,27.934,87.251,15.177,244.2,SSP5-8.5
2050-08-09,0.0,27.524,87.192,15.293,210.68,SSP5-8.5
2050-08-10,0.0,27.968,84.418,17.993,234.56,SSP5-8.5
2050-08-11,0.0006,27.332,87.842,16.151,201.53,SSP5-8.5
2050-08-12,5.507,27.518,86.326,17.979,223.27,SSP5-8.5
2050-08-13,22.2898,27.035,90.304,18.495,201.17,SSP5-8.5
2050-08-14,25.5919,26.846,93.04,15.249,141.24,SSP5-8.5
2050-08-15,25.941,27.146,92.499,14.052,202.64,SSP5-8.5
2050-08-16,25.5667,26.841,93.405,14.191,173.01,SSP5-8.5
2050-08-17,6.1541,26.973,91.727,14.018,192.48,SSP5-8.5
2050-08-18,0.7048,27.538,86.652,14.741,229.6,SSP5-8.5
2050-08-19,5.681,27.282,90.076,14.513,216.67,SSP5-8.5
2050-08-20,24.506,27.008,93.428,11.898,172.32,SSP5-8.5
2050-08-21,17.371,26.869,93.011,13.132,152.7,SSP5-8.5
2050-08-22,0.0192,26.941,91.122,13.224,202.38,SSP5-8.5
2050-08-23,0.0,26.984,91.154,12.362,206.87,SSP5-8.5
2050-08-24,2.0164,27.25,89.58,13.253,221.97,SSP5-8.5
2050-08-25,28.7993,27.444,90.156,14.125,237.33,SSP5-8.5
2050-08-26,17.5519,27.051,92.078,12.058,165.56,SSP5-8.5
2050-08-27,8.7088,27.216,91.637,10.86,216.15,SSP5-8.5
2050-08-28,0.0,27.869,86.796,10.939,248.57,SSP5-8.5
2050-08-29,0.0,27.941,85.279,10.415,251.45,SSP5-8.5
2050-08-30,0.0,27.76,87.024,10.192,233.61,SSP5-8.5
2050-08-31,0.0,28.13,82.969,12.633,245.19,SSP5-8.5
2050-09-01,0.0,27.524,82.652,13.686,241.44,SSP5-8.5
2050-09-02,0.0,27.268,82.515,13.919,235.51,SSP5-8.5
2050-09-03,0.0,27.724,79.803,14.18,265.07,SSP5-8.5
2050-09-04,0.0,27.525,81.803,12.284,250.93,SSP5-8.5
2050-09-05,0.0,27.838,76.603,13.523,282.19,SSP5-8.5
2050-09-06,0.0,27.091,84.345,12.008,226.78,SSP5-8.5
2050-09-07,0.0,27.891,76.524,13.684,264.55,SSP5-8.5
2050-09-08,0.0,27.499,81.769,11.491,240.2,SSP5-8.5
2050-09-09,0.0,28.138,79.19,9.259,279.31,SSP5-8.5
2050-09-10,0.0278,28.251,84.502,7.422,247.04,SSP5-8.5
2050-09-11,0.8948,28.163,85.213,7.417,253.9,SSP5-8.5
2050-09-12,8.0194,27.358,90.25,4.234,234.79,SSP5-8.5
2050-09-13,13.5854,27.313,90.004,5.996,240.11,SSP5-8.5
2050-09-14,0.0,28.028,81.342,9.124,263.81,SSP5-8.5
2050-09-15,0.0,28.615,78.171,10.184,290.28,SSP5-8.5
2050-09-16,0.0,28.728,77.832,10.134,268.98,SSP5-8.5
2050-09-17,0.0,29.079,76.322,10.479,278.24,SSP5-8.5
2050-09-18,0.0,28.776,76.379,11.647,268.6,SSP5-8.5
2050-09-19,0.0,27.937,79.973,12.544,247.64,SSP5-8.5
2050-09-20,0.017,27.755,83.85,9.386,236.45,SSP5-8.5
2050-09-21,10.9064,26.773,92.664,5.9,184.16,SSP5-8.5
2050-09-22,13.3676,26.821,91.549,3.518,219.28,SSP5-8.5
2050-09-23,1.3678,26.96,89.932,6.85,221.89,SSP5-8.5
2050-09-24,2.0062,26.934,90.036,6.263,221.37,SSP5-8.5
2050-09-25,1.0538,27.45,85.83,6.612,233.91,SSP5-8.5
2050-09-26,0.3794,27.286,84.223,9.284,221.78,SSP5-8.5
2050-09-27,2.592,26.832,87.574,7.956,216.79,SSP5-8.5
2050-09-28,20.5501,26.708,90.235,7.495,215.35,SSP5-8.5
2050-09-29,16.0545,26.482,92.234,5.728,199.37,SSP5-8.5
2050-09-30,0.0,26.88,85.125,6.88,226.72,SSP5-8.5
2050-10-01,0.0,27.229,82.301,7.6,264.35,SSP5-8.5
2050-10-02,0.0,27.8,75.516,6.376,283.18,SSP5-8.5
2050-10-03,0.0,27.837,79.41,4.53,268.72,SSP5-8.5
2050-10-04,0.0,27.537,82.101,4.557,252.34,SSP5-8.5
2050-10-05,0.0,27.849,80.01,3.618,249.77,SSP5-8.5
2050-10-06,0.0,28.667,73.464,5.708,276.09,SSP5-8.5
2050-10-07,0.0,28.784,71.226,7.208,282.36,SSP5-8.5
2050-10-08,0.0,29.07,64.082,9.525,281.75,SSP5-8.5
2050-10-09,0.0,28.194,65.259,9.912,282.76,SSP5-8.5
2050-10-10,0.0,28.672,67.473,6.671,281.35,SSP5-8.5
2050-10-11,8.8298,27.511,84.131,3.457,244.25,SSP5-8.5
2050-10-12,0.9735,27.736,81.736,4.316,237.55,SSP5-8.5
2050-10-13,4.6481,27.315,83.117,4.122,224.43,SSP5-8.5
2050-10-14,0.0079,27.703,81.011,5.485,224.2,SSP5-8.5
2050-10-15,0.519,26.788,82.866,5.213,225.31,SSP5-8.5
2050-10-16,0.0,27.295,82.146,6.482,227.94,SSP5-8.5
2050-10-17,0.0,27.758,75.425,6.592,248.36,SSP5-8.5
2050-10-18,0.0,27.971,71.684,5.683,265.07,SSP5-8.5
2050-10-19,0.0,28.46,69.157,6.343,261.98,SSP5-8.5
2050-10-20,0.0,27.902,71.487,4.876,248.95,SSP5-8.5
2050-10-21,0.0174,25.074,86.331,2.364,178.19,SSP5-8.5
2050-10-22,0.0,27.335,77.317,6.219,238.74,SSP5-8.5
2050-10-23,0.0,27.24,78.675,7.414,236.46,SSP5-8.5
2050-10-24,0.0,25.414,84.19,6.722,202.22,SSP5-8.5
2050-10-25,0.0,25.754,83.303,5.468,207.39,SSP5-8.5
2050-10-26,0.0,26.447,79.148,4.869,216.04,SSP5-8.5
2050-10-27,0.0,26.882,75.561,6.342,236.01,SSP5-8.5
2050-10-28,0.0,26.606,67.745,7.847,258.61,SSP5-8.5
2050-10-29,0.0,26.415,64.459,8.484,248.18,SSP5-8.5
2050-10-30,0.0,26.066,66.74,9.083,261.31,SSP5-8.5
2050-10-31,0.0,25.693,64.481,7.964,261.82,SSP5-8.5
2050-11-01,0.0,25.656,65.027,7.397,260.93,SSP5-8.5
2050-11-02,0.0,25.683,58.397,6.911,262.44,SSP5-8.5
2050-11-03,0.0,25.667,62.316,7.112,237.43,SSP5-8.5
2050-11-04,0.0,26.024,61.501,6.808,244.5,SSP5-8.5
2050-11-05,0.0,25.361,65.23,7.402,211.57,SSP5-8.5
2050-11-06,0.0,25.052,62.383,5.731,210.16,SSP5-8.5
2050-11-07,0.0,25.673,57.947,5.35,249.28,SSP5-8.5
2050-11-08,0.0,25.725,66.496,6.552,248.41,SSP5-8.5
2050-11-09,0.0,25.886,62.734,7.108,249.3,SSP5-8.5
2050-11-10,0.0,25.644,60.015,5.029,243.65,SSP5-8.5
2050-11-11,0.0,25.741,59.035,4.922,232.48,SSP5-8.5
2050-11-12,0.0,25.636,57.427,6.222,241.69,SSP5-8.5
2050-11-13,0.0,25.307,60.933,4.923,221.66,SSP5-8.5
2050-11-14,0.0,25.232,56.229,6.406,236.91,SSP5-8.5
2050-11-15,0.0,25.714,52.556,11.832,232.69,SSP5-8.5
2050-11-16,0.0,24.527,42.166,14.124,244.59,SSP5-8.5
2050-11-17,0.0,24.332,50.196,12.753,250.36,SSP5-8.5
2050-11-18,0.0,25.401,51.934,9.069,247.76,SSP5-8.5
2050-11-19,0.0,25.257,51.464,7.984,238.72,SSP5-8.5
2050-11-20,0.0,25.087,45.59,7.126,248.4,SSP5-8.5
2050-11-21,0.0,24.737,43.891,5.569,245.16,SSP5-8.5
2050-11-22,0.0,24.679,41.97,5.729,244.6,SSP5-8.5
2050-11-23,0.0,24.332,41.488,6.256,226.36,SSP5-8.5
2050-11-24,0.0,23.434,40.6,5.824,219.6,SSP5-8.5
2050-11-25,0.0,23.071,38.785,5.046,248.46,SSP5-8.5
2050-11-26,0.0,23.274,45.434,4.238,241.61,SSP5-8.5
2050-11-27,0.0,24.24,49.933,5.933,235.63,SSP5-8.5
2050-11-28,0.0,23.935,49.005,7.245,235.63,SSP5-8.5
2050-11-29,0.0,23.411,47.82,7.831,239.69,SSP5-8.5
2050-11-30,0.0,24.062,59.677,8.757,224.61,SSP5-8.5
2050-12-01,0.0,24.404,65.125,8.474,184.38,SSP5-8.5
2050-12-02,0.0,25.579,57.685,8.669,222.79,SSP5-8.5
2050-12-03,0.0,25.174,52.819,10.953,206.72,SSP5-8.5
2050-12-04,0.0,24.665,46.683,12.206,238.56,SSP5-8.5
2050-12-05,0.0,23.893,46.851,9.105,225.23,SSP5-8.5
2050-12-06,0.0,23.547,50.02,4.883,225.23,SSP5-8.5
2050-12-07,0.0,23.871,47.502,5.878,228.63,SSP5-8.5
2050-12-08,0.0,24.088,53.284,10.363,196.25,SSP5-8.5
2050-12-09,0.0,23.17,58.145,10.329,183.71,SSP5-8.5
2050-12-10,0.0,24.456,49.628,11.553,227.81,SSP5-8.5
2050-12-11,0.0,23.572,53.271,9.784,206.29,SSP5-8.5
2050-12-12,0.0,24.44,53.488,8.572,218.17,SSP5-8.5
2050-12-13,0.0,24.167,53.214,9.083,220.4,SSP5-8.5
2050-12-14,0.0,23.918,54.802,10.626,227.26,SSP5-8.5
2050-12-15,0.0,25.133,52.808,9.691,225.57,SSP5-8.5
2050-12-16,0.0,24.859,52.18,10.293,232.63,SSP5-8.5
2050-12-17,0.0,24.544,52.125,9.157,233.41,SSP5-8.5
2050-12-18,0.0,24.545,52.001,9.399,233.78,SSP5-8.5
2050-12-19,0.0,24.692,50.072,10.351,234.53,SSP5-8.5
2050-12-20,0.0,24.411,54.003,9.761,237.37,SSP5-8.5
2050-12-21,0.0,24.37,52.598,8.367,231.56,SSP5-8.5
2050-12-22,0.0,24.519,50.417,5.298,242.42,SSP5-8.5
2050-12-23,0.0,24.409,48.909,5.312,238.81,SSP5-8.5
2050-12-24,0.0,24.941,48.762,8.198,228.22,SSP5-8.5
2050-12-25,0.0,24.927,51.293,9.151,222.54,SSP5-8.5
2050-12-26,0.0,24.283,52.588,10.794,202.68,SSP5-8.5
2050-12-27,0.0,24.02,49.444,13.267,227.71,SSP5-8.5
2050-12-28,0.0,24.042,46.079,11.797,236.8,SSP5-8.5
2050-12-29,0.0,24.355,46.151,12.816,232.48,SSP5-8.5
2050-12-30,0.0,23.361,41.98,10.37,231.68,SSP5-8.5
2050-12-31,0.0,22.153,44.987,9.751,207.29,SSP5-8.5
