date,rainfall_mm,temp_C,humidity_pct,wind_kmh,solar_Wm2,scenario
2025-01-01,0.0,20.432,73.657,10.346,126.02,SSP1-2.6
2025-01-02,0.0,20.984,76.461,10.035,176.23,SSP1-2.6
2025-01-03,0.0,21.242,57.375,9.567,211.16,SSP1-2.6
2025-01-04,0.0,22.165,40.2,8.287,230.55,SSP1-2.6
2025-01-05,0.0,21.996,39.367,8.79,239.64,SSP1-2.6
2025-01-06,0.0,21.661,37.918,7.564,244.12,SSP1-2.6
2025-01-07,0.0,21.294,37.048,5.899,250.5,SSP1-2.6
2025-01-08,0.0,22.214,39.804,7.146,242.92,SSP1-2.6
2025-01-09,0.0,23.081,41.072,9.278,229.98,SSP1-2.6
2025-01-10,0.0,24.552,41.471,10.752,208.37,SSP1-2.6
2025-01-11,0.0,24.843,42.703,10.693,208.49,SSP1-2.6
2025-01-12,0.0,23.296,45.964,10.056,190.83,SSP1-2.6
2025-01-13,0.0,23.704,47.558,10.484,197.44,SSP1-2.6
2025-01-14,0.0,23.968,46.064,8.382,232.27,SSP1-2.6
2025-01-15,0.0,24.05,42.921,8.238,236.41,SSP1-2.6
2025-01-16,0.0,24.108,39.332,8.363,244.21,SSP1-2.6
2025-01-17,0.0,23.559,36.781,8.416,248.81,SSP1-2.6
2025-01-18,0.0,23.473,35.657,6.932,247.42,SSP1-2.6
2025-01-19,0.0,23.932,36.358,6.428,251.69,SSP1-2.6
2025-01-20,0.0,24.497,38.287,8.148,252.92,SSP1-2.6
2025-01-21,0.0,24.796,40.356,7.389,252.38,SSP1-2.6
2025-01-22,0.0,25.266,40.595,5.815,253.85,SSP1-2.6
2025-01-23,0.0,25.533,41.182,6.218,253.04,SSP1-2.6
2025-01-24,0.0,25.891,43.156,10.65,249.83,SSP1-2.6
2025-01-25,0.0,25.841,40.341,13.502,252.88,SSP1-2.6
2025-01-26,0.0,25.226,38.855,12.446,263.31,SSP1-2.6
2025-01-27,0.0,24.831,41.026,9.866,262.95,SSP1-2.6
2025-01-28,0.0,25.467,40.62,9.716,245.53,SSP1-2.6
2025-01-29,0.0,26.837,40.927,11.017,227.7,SSP1-2.6
2025-01-30,0.0,26.887,37.441,8.779,255.71,SSP1-2.6
2025-01-31,0.0,26.702,36.522,7.568,242.22,SSP1-2.6
2025-02-01,0.0,26.96,36.392,8.37,249.61,SSP1-2.6
2025-02-02,0.0,26.564,33.539,8.092,266.54,SSP1-2.6
2025-02-03,0.0,26.129,30.858,6.751,270.96,SSP1-2.6
2025-02-04,0.0,25.789,27.598,5.495,272.68,SSP1-2.6
2025-02-05,0.0,25.58,25.818,5.308,275.84,SSP1-2.6
2025-02-06,0.0,25.565,27.224,5.084,274.13,SSP1-2.6
2025-02-07,0.0,26.226,31.241,9.46,262.45,SSP1-2.6
2025-02-08,0.0,26.663,30.114,12.182,276.18,SSP1-2.6
2025-02-09,0.0,26.682,29.479,10.803,275.47,SSP1-2.6
2025-02-10,0.0,26.597,27.538,12.835,278.27,SSP1-2.6
2025-02-11,0.0,26.612,29.919,13.833,281.68,SSP1-2.6
2025-02-12,0.0,27.333,34.109,8.743,269.67,SSP1-2.6
2025-02-13,0.0,28.081,32.214,6.737,255.72,SSP1-2.6
2025-02-14,0.0017,27.859,38.949,13.919,243.37,SSP1-2.6
2025-02-15,0.0014,27.522,40.668,14.744,247.23,SSP1-2.6
2025-02-16,0.0159,24.136,58.783,10.013,165.05,SSP1-2.6
2025-02-17,0.0021,25.107,55.979,7.672,179.36,SSP1-2.6
2025-02-18,0.0,26.563,47.403,5.076,212.73,SSP1-2.6
2025-02-19,0.0,27.639,35.618,5.836,270.59,SSP1-2.6
2025-02-20,0.0,27.871,30.158,6.826,280.0,SSP1-2.6
2025-02-21,0.0,27.486,28.1,7.161,287.94,SSP1-2.6
2025-02-22,0.0,27.393,27.217,4.079,286.95,SSP1-2.6
2025-02-23,0.0,27.654,26.526,6.71,272.58,SSP1-2.6
2025-02-24,0.0,27.881,32.817,8.019,186.04,SSP1-2.6
2025-02-25,0.0,27.381,23.157,12.494,303.26,SSP1-2.6
2025-02-26,0.0,26.931,19.545,10.883,309.65,SSP1-2.6
2025-02-27,0.0,26.665,21.296,5.651,304.71,SSP1-2.6
2025-02-28,0.0,27.452,28.422,11.178,278.91,SSP1-2.6
2025-03-01,0.0,30.427,30.944,10.157,256.52,SSP1-2.6
2025-03-02,0.251,29.595,36.88,13.019,237.9,SSP1-2.6
2025-03-03,0.0,29.549,37.203,9.464,238.17,SSP1-2.6
2025-03-04,0.0,29.188,30.073,9.33,293.43,SSP1-2.6
2025-03-05,0.0,29.119,27.422,6.968,295.31,SSP1-2.6
2025-03-06,0.0,29.165,25.909,4.872,271.01,SSP1-2.6
2025-03-07,0.0,28.866,23.129,4.937,302.51,SSP1-2.6
2025-03-08,0.0,28.235,20.918,6.481,308.9,SSP1-2.6
2025-03-09,0.0,27.919,20.662,7.213,325.05,SSP1-2.6
2025-03-10,0.0,28.97,23.061,10.938,317.1,SSP1-2.6
2025-03-11,0.0,29.36,22.217,10.68,278.54,SSP1-2.6
2025-03-12,0.0,28.415,19.926,6.997,322.87,SSP1-2.6
2025-03-13,0.0,28.213,18.064,6.131,322.85,SSP1-2.6
2025-03-14,0.0,28.425,16.838,7.39,324.86,SSP1-2.6
2025-03-15,0.0,29.371,18.716,7.242,283.14,SSP1-2.6
2025-03-16,0.0,30.881,19.985,7.377,291.77,SSP1-2.6
2025-03-17,0.0,30.177,20.969,8.826,299.97,SSP1-2.6
2025-03-18,0.0,30.675,23.598,7.62,254.63,SSP1-2.6
2025-03-19,0.0,29.574,20.947,7.441,323.28,SSP1-2.6
2025-03-20,0.0,29.826,23.127,10.367,323.54,SSP1-2.6
2025-03-21,0.0,30.956,22.484,9.226,292.48,SSP1-2.6
2025-03-22,0.0,30.78,22.923,7.694,321.08,SSP1-2.6
2025-03-23,0.0,30.864,22.97,8.692,316.8,SSP1-2.6
2025-03-24,0.0,32.334,23.599,8.242,275.3,SSP1-2.6
2025-03-25,0.0,31.803,24.497,6.991,250.83,SSP1-2.6
2025-03-26,0.0,31.717,24.28,7.666,292.99,SSP1-2.6
2025-03-27,0.0,31.254,26.892,7.971,255.26,SSP1-2.6
2025-03-28,0.0,31.614,27.674,9.122,307.47,SSP1-2.6
2025-03-29,0.0,31.293,24.108,9.464,312.08,SSP1-2.6
2025-03-30,0.0,31.999,22.785,10.209,312.44,SSP1-2.6
2025-03-31,0.0,32.295,22.561,8.688,275.37,SSP1-2.6
2025-04-01,0.0,31.292,23.645,9.446,254.36,SSP1-2.6
2025-04-02,0.0,31.392,22.712,7.39,271.48,SSP1-2.6
2025-04-03,0.0,31.496,20.811,4.987,281.12,SSP1-2.6
2025-04-04,0.0,31.887,21.194,6.139,264.95,SSP1-2.6
2025-04-05,0.0001,31.695,21.41,6.387,283.46,SSP1-2.6
2025-04-06,0.0803,31.36,22.829,8.765,289.12,SSP1-2.6
2025-04-07,0.6228,30.078,29.322,7.88,243.94,SSP1-2.6
2025-04-08,0.0694,30.611,27.638,8.516,297.39,SSP1-2.6
2025-04-09,0.0,30.436,24.592,9.486,332.91,SSP1-2.6
2025-04-10,0.0,30.913,23.616,9.032,330.67,SSP1-2.6
2025-04-11,0.0,31.187,23.114,9.843,320.61,SSP1-2.6
2025-04-12,0.0,31.675,22.96,10.924,322.28,SSP1-2.6
2025-04-13,0.0,31.631,21.09,9.958,326.51,SSP1-2.6
2025-04-14,0.0,31.616,20.877,9.242,325.08,SSP1-2.6
2025-04-15,0.0,32.197,21.199,10.728,325.35,SSP1-2.6
2025-04-16,0.0,32.801,21.585,8.997,277.84,SSP1-2.6
2025-04-17,0.0232,32.705,23.526,7.333,276.71,SSP1-2.6
2025-04-18,0.0,32.781,21.813,6.651,307.48,SSP1-2.6
2025-04-19,0.0013,33.265,22.604,7.363,262.83,SSP1-2.6
2025-04-20,0.0302,32.62,22.915,8.287,271.27,SSP1-2.6
2025-04-21,0.0,32.326,23.487,9.332,320.59,SSP1-2.6
2025-04-22,0.0,32.394,22.728,8.265,325.89,SSP1-2.6
2025-04-23,0.0,32.785,20.516,8.503,326.95,SSP1-2.6
2025-04-24,0.0,33.683,18.535,9.829,330.4,SSP1-2.6
2025-04-25,0.0,34.381,17.567,10.666,338.46,SSP1-2.6
2025-04-26,0.0,34.0,16.343,7.539,322.0,SSP1-2.6
2025-04-27,0.0,35.002,17.245,7.792,313.43,SSP1-2.6
2025-04-28,0.0,34.975,19.049,7.662,277.47,SSP1-2.6
2025-04-29,2.1349,33.561,22.224,12.37,298.12,SSP1-2.6
2025-04-30,0.0,33.19,21.181,10.756,338.91,SSP1-2.6
2025-05-01,0.0,33.4,17.984,8.564,352.96,SSP1-2.6
2025-05-02,0.0,34.155,18.023,8.568,342.31,SSP1-2.6
2025-05-03,0.1855,34.044,23.214,6.333,266.22,SSP1-2.6
2025-05-04,0.05,33.901,22.962,7.908,320.03,SSP1-2.6
2025-05-05,0.0,33.558,21.178,8.228,321.33,SSP1-2.6
2025-05-06,0.0,33.901,20.273,10.523,325.89,SSP1-2.6
2025-05-07,0.0,34.258,21.005,8.63,289.43,SSP1-2.6
2025-05-08,0.0,34.391,21.041,8.367,296.03,SSP1-2.6
2025-05-09,0.1831,34.19,21.418,7.867,308.99,SSP1-2.6
2025-05-10,0.0279,34.341,21.919,8.039,315.88,SSP1-2.6
2025-05-11,0.4859,33.996,23.664,6.565,297.47,SSP1-2.6
2025-05-12,0.0,33.698,23.73,10.246,326.57,SSP1-2.6
2025-05-13,0.6563,33.929,26.684,9.095,269.77,SSP1-2.6
2025-05-14,0.217,33.824,28.058,6.749,295.12,SSP1-2.6
2025-05-15,0.8615,33.736,31.29,5.884,286.25,SSP1-2.6
2025-05-16,0.0606,33.64,29.971,6.517,293.31,SSP1-2.6
2025-05-17,0.2288,33.702,28.396,9.225,305.02,SSP1-2.6
2025-05-18,2.1077,32.806,32.668,7.605,282.22,SSP1-2.6
2025-05-19,0.3656,32.872,34.603,5.571,296.44,SSP1-2.6
2025-05-20,2.0858,32.014,42.297,5.231,266.41,SSP1-2.6
2025-05-21,1.4949,31.358,47.368,6.375,271.53,SSP1-2.6
2025-05-22,1.1838,31.67,48.43,6.47,272.18,SSP1-2.6
2025-05-23,4.0617,30.293,54.225,6.778,253.05,SSP1-2.6
2025-05-24,13.0556,29.766,62.437,7.266,251.0,SSP1-2.6
2025-05-25,2.6816,30.018,60.797,6.501,251.64,SSP1-2.6
2025-05-26,0.0,32.469,45.172,7.112,307.89,SSP1-2.6
2025-05-27,0.0,32.647,44.758,6.289,289.67,SSP1-2.6
2025-05-28,0.0,33.342,37.978,7.335,303.86,SSP1-2.6
2025-05-29,0.0,33.495,33.025,11.787,334.28,SSP1-2.6
2025-05-30,0.0,33.281,32.63,12.221,307.48,SSP1-2.6
2025-05-31,0.0,32.869,34.492,11.967,298.58,SSP1-2.6
2025-06-01,0.0,29.666,44.949,9.815,245.59,SSP1-2.6
2025-06-02,0.0736,31.672,36.116,19.458,295.62,SSP1-2.6
2025-06-03,0.0,29.645,50.425,17.167,247.86,SSP1-2.6
2025-06-04,0.0,31.951,30.737,10.223,314.28,SSP1-2.6
2025-06-05,0.0,32.72,30.354,10.566,284.33,SSP1-2.6
2025-06-06,0.56,32.151,38.35,9.77,257.09,SSP1-2.6
2025-06-07,0.9316,26.311,66.182,12.509,206.54,SSP1-2.6
2025-06-08,0.0,30.096,45.052,10.789,258.49,SSP1-2.6
2025-06-09,0.0,32.246,34.575,12.711,300.77,SSP1-2.6
2025-06-10,0.0,33.222,32.055,15.063,317.2,SSP1-2.6
2025-06-11,0.0,33.386,29.373,15.222,306.51,SSP1-2.6
2025-06-12,0.0,33.564,26.051,11.209,328.04,SSP1-2.6
2025-06-13,4.8016,34.1,30.108,10.446,284.3,SSP1-2.6
2025-06-14,15.0756,31.053,58.807,9.285,247.31,SSP1-2.6
2025-06-15,28.7999,25.965,80.331,6.931,208.89,SSP1-2.6
2025-06-16,33.7886,24.615,88.054,14.68,182.61,SSP1-2.6
2025-06-17,10.3951,24.575,83.876,9.487,204.55,SSP1-2.6
2025-06-18,3.2012,25.497,78.457,12.401,229.25,SSP1-2.6
2025-06-19,17.7849,25.378,81.317,12.133,242.67,SSP1-2.6
2025-06-20,0.0332,26.023,74.582,13.054,251.27,SSP1-2.6
2025-06-21,0.3582,25.047,80.97,10.086,219.21,SSP1-2.6
2025-06-22,4.9846,26.768,72.624,14.195,271.75,SSP1-2.6
2025-06-23,9.8561,26.63,75.928,13.7,250.29,SSP1-2.6
2025-06-24,3.1101,25.141,80.555,12.511,213.39,SSP1-2.6
2025-06-25,13.2797,25.146,84.38,12.603,221.04,SSP1-2.6
2025-06-26,12.3993,24.706,85.187,12.599,189.75,SSP1-2.6
2025-06-27,0.0462,26.425,72.694,16.379,265.21,SSP1-2.6
2025-06-28,0.0,25.718,74.65,14.47,241.12,SSP1-2.6
2025-06-29,0.0,26.482,69.348,16.276,262.94,SSP1-2.6
2025-06-30,0.0,26.684,69.252,15.371,280.84,SSP1-2.6
2025-07-01,0.0,28.188,70.836,12.717,247.49,SSP1-2.6
2025-07-02,0.0,28.405,71.83,12.865,246.87,SSP1-2.6
2025-07-03,0.0,28.832,66.938,14.019,279.57,SSP1-2.6
2025-07-04,0.0,28.914,67.67,14.501,259.71,SSP1-2.6
2025-07-05,0.0,29.111,66.299,14.484,274.58,SSP1-2.6
2025-07-06,0.0,29.09,65.226,14.162,279.83,SSP1-2.6
2025-07-07,0.0,29.39,62.23,14.164,313.94,SSP1-2.6
2025-07-08,0.0,29.357,63.379,12.34,281.95,SSP1-2.6
2025-07-09,0.0,29.538,63.225,12.296,270.11,SSP1-2.6
2025-07-10,0.0,29.988,59.416,10.803,301.99,SSP1-2.6
2025-07-11,0.0,30.11,57.928,8.774,312.62,SSP1-2.6
2025-07-12,0.0,30.395,58.016,5.919,279.89,SSP1-2.6
2025-07-13,0.065,30.244,61.854,5.384,286.22,SSP1-2.6
2025-07-14,2.1672,30.692,64.273,7.591,305.39,SSP1-2.6
2025-07-15,1.2394,29.559,73.256,6.617,225.45,SSP1-2.6
2025-07-16,2.4886,29.284,77.805,6.939,252.61,SSP1-2.6
2025-07-17,3.0454,27.702,85.263,7.946,224.66,SSP1-2.6
2025-07-18,0.2304,28.645,80.187,7.855,243.03,SSP1-2.6
2025-07-19,8.555,28.386,81.925,8.676,239.0,SSP1-2.6
2025-07-20,1.033,27.045,87.844,9.731,216.48,SSP1-2.6
2025-07-21,10.9373,27.373,85.365,10.696,224.19,SSP1-2.6
2025-07-22,0.0,27.529,78.977,12.864,237.82,SSP1-2.6
2025-07-23,0.2498,27.551,78.963,12.063,252.57,SSP1-2.6
2025-07-24,1.4051,26.732,88.809,8.872,197.92,SSP1-2.6
2025-07-25,23.3264,26.358,91.416,10.569,186.21,SSP1-2.6
2025-07-26,31.4053,26.174,93.561,13.59,129.51,SSP1-2.6
2025-07-27,0.3785,27.06,87.838,11.885,224.81,SSP1-2.6
2025-07-28,0.0316,27.864,79.835,13.803,257.32,SSP1-2.6
2025-07-29,2.9816,27.625,82.227,14.2,236.96,SSP1-2.6
2025-07-30,6.8083,27.603,82.897,14.588,246.74,SSP1-2.6
2025-07-31,12.4931,27.11,87.051,16.502,218.0,SSP1-2.6
2025-08-01,11.545,26.133,90.209,17.526,193.02,SSP1-2.6
2025-08-02,14.2957,26.154,90.33,16.639,193.52,SSP1-2.6
2025-08-03,18.8728,25.993,92.82,12.645,166.22,SSP1-2.6
2025-08-04,0.0,26.865,85.532,13.023,234.94,SSP1-2.6
2025-08-05,0.0,27.172,83.778,11.552,246.88,SSP1-2.6
2025-08-06,0.0,27.84,82.99,11.054,252.9,SSP1-2.6
2025-08-07,0.0,28.13,78.893,11.92,279.74,SSP1-2.6
2025-08-08,0.0,27.89,79.234,11.656,242.85,SSP1-2.6
2025-08-09,0.0,27.481,80.654,11.77,247.11,SSP1-2.6
2025-08-10,0.0719,26.996,83.414,10.916,235.9,SSP1-2.6
2025-08-11,1.0906,26.177,89.81,11.509,191.37,SSP1-2.6
2025-08-12,5.2297,27.122,83.286,13.308,244.99,SSP1-2.6
2025-08-13,19.9404,25.79,92.517,11.853,158.24,SSP1-2.6
2025-08-14,3.081,26.32,89.987,10.903,217.62,SSP1-2.6
2025-08-15,0.0,26.432,89.26,7.816,217.8,SSP1-2.6
2025-08-16,0.0,27.28,85.222,7.975,246.88,SSP1-2.6
2025-08-17,0.5186,27.325,86.831,7.648,235.45,SSP1-2.6
2025-08-18,4.6496,27.562,86.118,8.39,245.77,SSP1-2.6
2025-08-19,2.9932,26.865,89.036,8.032,227.74,SSP1-2.6
2025-08-20,0.083,26.855,88.802,7.824,226.9,SSP1-2.6
2025-08-21,17.2426,26.917,88.437,6.869,233.39,SSP1-2.6
2025-08-22,25.9621,26.545,91.85,6.123,223.55,SSP1-2.6
2025-08-23,14.8948,26.431,92.103,6.912,224.13,SSP1-2.6
2025-08-24,0.0971,26.99,85.831,5.994,247.68,SSP1-2.6
2025-08-25,0.0,27.633,83.899,4.793,250.03,SSP1-2.6
2025-08-26,0.7668,27.466,84.591,4.701,248.61,SSP1-2.6
2025-08-27,1.3693,27.322,85.062,4.428,245.34,SSP1-2.6
2025-08-28,0.0334,27.574,83.113,5.185,252.79,SSP1-2.6
2025-08-29,6.2638,27.397,86.637,4.806,248.29,SSP1-2.6
2025-08-30,17.0194,26.694,91.339,3.825,234.62,SSP1-2.6
2025-08-31,30.9005,26.442,93.339,3.036,227.16,SSP1-2.6
2025-09-01,7.2732,26.575,89.615,6.239,234.61,SSP1-2.6
2025-09-02,7.5168,26.433,90.537,4.472,234.11,SSP1-2.6
2025-09-03,0.5794,26.846,84.317,9.309,260.13,SSP1-2.6
2025-09-04,1.4283,26.48,84.721,11.818,237.42,SSP1-2.6
2025-09-05,0.0,26.393,83.632,11.488,229.43,SSP1-2.6
2025-09-06,2.4327,26.642,85.194,10.538,232.1,SSP1-2.6
2025-09-07,0.0,27.043,80.462,9.682,253.93,SSP1-2.6
2025-09-08,4.6245,27.103,82.954,9.985,250.73,SSP1-2.6
2025-09-09,0.0,26.728,82.915,9.047,237.1,SSP1-2.6
2025-09-10,3.3258,26.419,88.213,9.013,227.03,SSP1-2.6
2025-09-11,12.8665,26.158,89.229,11.869,220.92,SSP1-2.6
2025-09-12,1.7712,26.252,85.365,14.706,222.12,SSP1-2.6
2025-09-13,19.784,25.882,91.864,12.116,171.63,SSP1-2.6
2025-09-14,5.4571,26.274,87.41,13.129,224.22,SSP1-2.6
2025-09-15,14.2532,25.729,92.106,10.848,170.91,SSP1-2.6
2025-09-16,0.1003,25.91,90.02,9.343,209.15,SSP1-2.6
2025-09-17,2.3932,26.442,87.321,9.002,229.92,SSP1-2.6
2025-09-18,6.9444,26.725,87.288,5.768,233.74,SSP1-2.6
2025-09-19,22.4755,26.114,91.612,3.314,219.06,SSP1-2.6
2025-09-20,14.2717,25.89,92.431,3.672,211.26,SSP1-2.6
2025-09-21,7.4572,26.452,88.336,7.46,242.25,SSP1-2.6
2025-09-22,23.7555,25.829,91.351,8.24,217.24,SSP1-2.6
2025-09-23,0.8781,26.09,88.247,6.637,223.37,SSP1-2.6
2025-09-24,0.0,26.908,82.677,6.009,261.68,SSP1-2.6
2025-09-25,0.0,27.182,78.113,6.39,265.85,SSP1-2.6
2025-09-26,1.1967,27.15,81.751,5.775,256.15,SSP1-2.6
2025-09-27,0.9787,26.397,87.08,3.845,230.5,SSP1-2.6
2025-09-28,5.4075,26.364,87.668,4.988,231.42,SSP1-2.6
2025-09-29,19.256,26.112,88.794,2.728,228.55,SSP1-2.6
2025-09-30,26.2357,25.689,92.29,3.0,208.02,SSP1-2.6
2025-10-01,27.1958,24.409,93.574,2.458,193.57,SSP1-2.6
2025-10-02,25.9487,24.404,93.219,4.279,195.28,SSP1-2.6
2025-10-03,1.9072,24.609,90.188,6.591,219.78,SSP1-2.6
2025-10-04,17.8246,24.21,91.922,6.164,201.87,SSP1-2.6
2025-10-05,12.9491,24.284,91.266,5.561,200.76,SSP1-2.6
2025-10-06,3.804,25.011,86.375,7.742,225.23,SSP1-2.6
2025-10-07,0.0,25.378,82.508,7.258,235.24,SSP1-2.6
2025-10-08,0.0,25.472,76.77,7.558,249.6,SSP1-2.6
2025-10-09,0.0,25.341,68.916,8.045,278.84,SSP1-2.6
2025-10-10,0.0,25.321,63.543,7.427,267.09,SSP1-2.6
2025-10-11,0.0,25.646,62.643,7.505,213.87,SSP1-2.6
2025-10-12,27.0342,24.106,84.289,8.259,185.64,SSP1-2.6
2025-10-13,36.127,23.948,93.906,7.586,144.74,SSP1-2.6
2025-10-14,10.3943,24.003,93.796,6.946,169.95,SSP1-2.6
2025-10-15,1.1487,24.563,87.362,6.092,216.83,SSP1-2.6
2025-10-16,15.7979,25.176,88.225,2.743,198.92,SSP1-2.6
2025-10-17,32.2557,24.037,92.918,2.256,183.97,SSP1-2.6
2025-10-18,0.0213,25.237,85.218,3.692,220.47,SSP1-2.6
2025-10-19,2.9995,26.348,76.55,3.341,239.37,SSP1-2.6
2025-10-20,0.0,27.286,73.731,5.121,233.7,SSP1-2.6
2025-10-21,0.0902,25.046,85.414,5.952,199.41,SSP1-2.6
2025-10-22,0.0423,24.089,88.049,7.091,184.51,SSP1-2.6
2025-10-23,0.1861,24.584,84.273,6.433,202.22,SSP1-2.6
2025-10-24,0.0,25.167,57.385,8.552,257.31,SSP1-2.6
2025-10-25,0.0,24.917,62.247,7.26,232.53,SSP1-2.6
2025-10-26,0.0,24.165,54.707,8.937,222.01,SSP1-2.6
2025-10-27,0.0,23.012,65.935,9.534,192.39,SSP1-2.6
2025-10-28,0.0,24.781,68.325,9.024,228.45,SSP1-2.6
2025-10-29,0.0,25.216,62.511,6.747,252.84,SSP1-2.6
2025-10-30,0.0,25.159,64.918,4.972,237.46,SSP1-2.6
2025-10-31,0.0,25.608,67.202,3.982,244.04,SSP1-2.6
2025-11-01,0.0,26.217,61.51,5.638,235.61,SSP1-2.6
2025-11-02,0.0124,24.987,48.864,6.58,251.54,SSP1-2.6
2025-11-03,0.0,24.768,62.012,4.936,247.47,SSP1-2.6
2025-11-04,0.0112,25.4,71.659,6.268,233.9,SSP1-2.6
2025-11-05,0.0,25.465,66.596,6.426,217.67,SSP1-2.6
2025-11-06,0.0,24.608,57.893,6.543,244.8,SSP1-2.6
2025-11-07,0.0,24.416,55.675,5.748,247.1,SSP1-2.6
2025-11-08,0.0,24.102,56.949,4.771,207.89,SSP1-2.6
2025-11-09,0.0,24.0,47.287,6.211,247.9,SSP1-2.6
2025-11-10,0.0,23.513,39.937,6.667,238.9,SSP1-2.6
2025-11-11,0.0,22.983,40.276,7.135,251.96,SSP1-2.6
2025-11-12,0.0,22.331,33.909,9.623,255.16,SSP1-2.6
2025-11-13,0.0,21.273,30.003,12.05,264.47,SSP1-2.6
2025-11-14,0.0,20.79,32.052,8.477,261.37,SSP1-2.6
2025-11-15,0.0,20.763,32.221,7.918,256.49,SSP1-2.6
2025-11-16,0.0,20.962,38.807,7.272,247.51,SSP1-2.6
2025-11-17,0.0,22.512,50.339,6.435,239.52,SSP1-2.6
2025-11-18,0.4276,24.685,74.849,5.561,171.92,SSP1-2.6
2025-11-19,0.0,26.094,58.092,9.236,202.94,SSP1-2.6
2025-11-20,0.0,24.282,43.401,10.203,189.68,SSP1-2.6
2025-11-21,0.0,23.093,30.755,10.097,249.96,SSP1-2.6
2025-11-22,0.0,22.532,30.442,8.206,252.36,SSP1-2.6
2025-11-23,0.0,22.596,38.904,6.811,207.16,SSP1-2.6
2025-11-24,0.0,22.617,37.365,8.571,239.41,SSP1-2.6
2025-11-25,0.0,21.714,28.849,10.563,250.65,SSP1-2.6
2025-11-26,0.0,20.963,26.764,10.674,254.75,SSP1-2.6
2025-11-27,0.0,20.251,26.478,8.841,256.36,SSP1-2.6
2025-11-28,0.0,19.997,27.016,7.821,255.21,SSP1-2.6
2025-11-29,0.0,18.579,31.048,5.559,251.53,SSP1-2.6
2025-11-30,0.002,22.021,49.263,5.057,229.78,SSP1-2.6
2025-12-01,0.0047,23.856,58.532,8.256,207.65,SSP1-2.6
2025-12-02,0.0,23.774,50.682,8.877,204.25,SSP1-2.6
2025-12-03,0.0,23.108,40.572,9.519,222.72,SSP1-2.6
2025-12-04,0.0,22.605,44.827,7.872,212.21,SSP1-2.6
2025-12-05,0.0,22.823,41.904,9.327,234.06,SSP1-2.6
2025-12-06,0.0,21.69,30.406,8.131,237.35,SSP1-2.6
2025-12-07,0.0,21.144,29.212,8.472,231.17,SSP1-2.6
2025-12-08,0.0,20.962,39.116,6.77,214.75,SSP1-2.6
2025-12-09,0.0,21.083,38.662,6.849,217.43,SSP1-2.6
2025-12-10,0.0,20.771,41.099,8.371,204.33,SSP1-2.6
2025-12-11,0.0,20.624,35.463,10.412,200.87,SSP1-2.6
2025-12-12,0.0,20.301,28.578,10.665,247.09,SSP1-2.6
2025-12-13,0.0,20.241,27.662,10.951,248.39,SSP1-2.6
2025-12-14,0.0,19.985,26.989,9.62,251.32,SSP1-2.6
2025-12-15,0.0,20.184,29.524,8.898,236.39,SSP1-2.6
2025-12-16,0.0,19.542,36.324,8.855,194.65,SSP1-2.6
2025-12-17,0.0,20.539,44.216,10.499,221.09,SSP1-2.6
2025-12-18,0.0,20.943,64.886,12.047,163.45,SSP1-2.6
2025-12-19,0.0,20.702,72.556,15.152,161.98,SSP1-2.6
2025-12-20,0.0,20.648,75.523,10.783,156.52,SSP1-2.6
2025-12-21,0.0,21.099,83.485,8.696,133.27,SSP1-2.6
2025-12-22,0.0,21.226,76.127,6.05,154.29,SSP1-2.6
2025-12-23,0.0,21.149,65.329,7.499,166.08,SSP1-2.6
2025-12-24,0.0,23.072,53.365,6.468,214.62,SSP1-2.6
2025-12-25,0.0,21.865,60.396,6.139,180.51,SSP1-2.6
2025-12-26,0.0,22.113,47.963,5.899,233.8,SSP1-2.6
2025-12-27,0.0,21.816,45.754,9.057,231.34,SSP1-2.6
2025-12-28,0.0,21.469,44.169,8.439,238.95,SSP1-2.6
2025-12-29,0.0,21.246,43.722,8.606,237.96,SSP1-2.6
2025-12-30,0.0,21.215,44.192,8.913,234.77,SSP1-2.6
2025-12-31,0.0,20.595,40.21,9.614,238.47,SSP1-2.6
2026-01-01,0.0,20.585,38.567,7.533,245.14,SSP1-2.6
2026-01-02,0.0,21.392,43.629,8.213,221.93,SSP1-2.6
2026-01-03,0.0,21.27,35.529,9.205,246.29,SSP1-2.6
2026-01-04,0.0,21.12,32.798,7.906,250.8,SSP1-2.6
2026-01-05,0.0,21.598,33.753,8.86,249.8,SSP1-2.6
2026-01-06,0.0,21.654,38.069,6.785,242.48,SSP1-2.6
2026-01-07,0.0,22.276,41.372,7.795,245.36,SSP1-2.6
2026-01-08,0.0,22.617,40.202,7.01,245.79,SSP1-2.6
2026-01-09,0.0,22.425,38.755,8.895,243.94,SSP1-2.6
2026-01-10,0.0,22.952,39.421,10.226,249.53,SSP1-2.6
2026-01-11,0.0,22.752,37.35,6.68,244.96,SSP1-2.6
2026-01-12,0.0,22.883,33.022,8.267,255.57,SSP1-2.6
2026-01-13,0.0,22.759,35.914,11.723,257.17,SSP1-2.6
2026-01-14,0.0,23.348,32.471,13.104,255.48,SSP1-2.6
2026-01-15,0.0,22.784,27.542,11.622,249.31,SSP1-2.6
2026-01-16,0.0,21.447,24.857,11.915,214.81,SSP1-2.6
2026-01-17,0.0,20.969,25.054,9.887,263.23,SSP1-2.6
2026-01-18,0.0,21.114,29.904,7.272,260.74,SSP1-2.6
2026-01-19,0.0,21.586,33.508,5.677,236.75,SSP1-2.6
2026-01-20,0.0,22.343,40.11,8.456,254.48,SSP1-2.6
2026-01-21,0.0,23.694,53.647,11.443,187.9,SSP1-2.6
2026-01-22,0.0,20.846,62.065,12.386,166.16,SSP1-2.6
2026-01-23,0.0,20.961,47.296,11.107,185.85,SSP1-2.6
2026-01-24,0.0,22.5,45.24,10.844,206.3,SSP1-2.6
2026-01-25,0.0,23.541,48.009,5.666,226.14,SSP1-2.6
2026-01-26,0.0,24.151,49.759,6.943,202.44,SSP1-2.6
2026-01-27,0.0,24.854,46.25,7.605,222.38,SSP1-2.6
2026-01-28,0.0,25.206,42.492,8.595,233.41,SSP1-2.6
2026-01-29,0.0,25.123,43.164,9.589,214.21,SSP1-2.6
2026-01-30,0.0,24.002,44.939,10.622,208.43,SSP1-2.6
2026-01-31,0.0,24.336,39.181,10.348,235.17,SSP1-2.6
2026-02-01,0.0,21.718,52.573,10.301,169.77,SSP1-2.6
2026-02-02,0.0,23.986,45.454,12.139,226.47,SSP1-2.6
2026-02-03,0.0,25.743,43.561,10.028,243.44,SSP1-2.6
2026-02-04,0.0,26.482,42.654,9.266,247.24,SSP1-2.6
2026-02-05,0.0,26.645,38.0,8.595,243.87,SSP1-2.6
2026-02-06,0.0,25.518,34.955,9.977,236.69,SSP1-2.6
2026-02-07,0.0,24.706,27.416,11.13,281.82,SSP1-2.6
2026-02-08,0.0,24.333,27.793,9.563,282.04,SSP1-2.6
2026-02-09,0.0,25.137,31.093,5.009,278.96,SSP1-2.6
2026-02-10,0.0,25.625,34.89,7.131,276.11,SSP1-2.6
2026-02-11,0.0,26.423,34.779,7.543,273.88,SSP1-2.6
2026-02-12,0.0,27.078,32.316,11.127,240.84,SSP1-2.6
2026-02-13,0.0,27.316,29.796,10.33,273.19,SSP1-2.6
2026-02-14,0.0,27.214,30.767,8.368,277.2,SSP1-2.6
2026-02-15,0.0,27.234,32.837,6.601,278.24,SSP1-2.6
2026-02-16,0.0,27.191,30.89,5.935,278.64,SSP1-2.6
2026-02-17,0.0,27.436,29.729,5.212,278.72,SSP1-2.6
2026-02-18,0.0,27.947,31.343,4.981,270.6,SSP1-2.6
2026-02-19,0.0,27.711,29.909,7.876,275.32,SSP1-2.6
2026-02-20,0.0,28.312,29.717,6.269,268.56,SSP1-2.6
2026-02-21,0.0,28.763,30.32,4.764,250.74,SSP1-2.6
2026-02-22,0.0,28.399,30.258,8.022,275.98,SSP1-2.6
2026-02-23,0.0001,29.814,33.102,9.225,223.46,SSP1-2.6
2026-02-24,0.0,27.885,37.853,7.298,189.74,SSP1-2.6
2026-02-25,0.0,28.159,30.594,7.93,250.57,SSP1-2.6
2026-02-26,0.0,28.203,30.532,11.03,254.71,SSP1-2.6
2026-02-27,0.0248,28.885,31.97,13.035,224.54,SSP1-2.6
2026-02-28,0.1131,25.375,53.609,6.318,174.73,SSP1-2.6
2026-03-01,0.0053,27.738,39.379,11.697,262.74,SSP1-2.6
2026-03-02,0.0,28.119,37.309,10.673,256.35,SSP1-2.6
2026-03-03,0.0,27.462,28.072,9.161,307.05,SSP1-2.6
2026-03-04,0.0,27.06,25.344,7.228,314.78,SSP1-2.6
2026-03-05,0.0,27.365,30.226,11.368,308.87,SSP1-2.6
2026-03-06,1.674,28.72,39.211,12.715,273.62,SSP1-2.6
2026-03-07,0.2592,28.215,43.309,10.482,232.82,SSP1-2.6
2026-03-08,0.0,28.098,29.46,11.6,305.29,SSP1-2.6
2026-03-09,0.0,27.574,24.242,9.561,319.92,SSP1-2.6
2026-03-10,0.0,27.383,19.303,10.952,323.44,SSP1-2.6
2026-03-11,0.0,27.402,18.185,11.433,327.61,SSP1-2.6
2026-03-12,0.0,26.819,20.163,9.592,327.8,SSP1-2.6
2026-03-13,0.0,27.751,26.192,9.676,300.32,SSP1-2.6
2026-03-14,0.0,30.193,25.533,9.898,292.63,SSP1-2.6
2026-03-15,0.0,30.015,23.779,8.058,303.41,SSP1-2.6
2026-03-16,0.0,29.451,22.313,8.517,264.33,SSP1-2.6
2026-03-17,0.0,28.667,20.773,8.359,318.7,SSP1-2.6
2026-03-18,0.0,28.368,20.895,6.516,322.72,SSP1-2.6
2026-03-19,0.0,28.669,21.035,8.112,315.27,SSP1-2.6
2026-03-20,0.0,28.961,17.793,9.717,330.58,SSP1-2.6
2026-03-21,0.0,27.811,17.277,7.917,333.55,SSP1-2.6
2026-03-22,0.0,28.473,17.058,7.433,330.93,SSP1-2.6
2026-03-23,0.0,30.061,15.686,8.345,334.97,SSP1-2.6
2026-03-24,0.0,29.193,18.187,7.65,323.68,SSP1-2.6
2026-03-25,0.0,29.627,21.455,6.617,312.06,SSP1-2.6
2026-03-26,0.0,30.365,20.906,8.129,308.07,SSP1-2.6
2026-03-27,0.0,31.203,18.885,10.359,316.52,SSP1-2.6
2026-03-28,0.0,30.458,14.919,9.064,335.54,SSP1-2.6
2026-03-29,0.0,29.819,17.4,9.41,342.59,SSP1-2.6
2026-03-30,0.0,28.256,17.129,6.414,349.69,SSP1-2.6
2026-03-31,0.0,29.486,21.35,8.61,335.47,SSP1-2.6
2026-04-01,0.0,30.965,24.218,12.257,322.67,SSP1-2.6
2026-04-02,0.0,31.33,24.637,13.152,314.01,SSP1-2.6
2026-04-03,0.0,31.529,24.545,11.479,307.11,SSP1-2.6
2026-04-04,0.0,31.622,24.742,10.701,293.35,SSP1-2.6
2026-04-05,0.0037,31.544,23.996,10.206,295.45,SSP1-2.6
2026-04-06,0.3005,30.993,26.837,7.866,267.61,SSP1-2.6
2026-04-07,0.0972,31.129,25.012,9.985,312.98,SSP1-2.6
2026-04-08,1.2313,29.889,31.904,7.898,241.99,SSP1-2.6
2026-04-09,0.7356,30.69,31.268,5.537,289.89,SSP1-2.6
2026-04-10,10.3124,29.808,42.451,7.898,253.13,SSP1-2.6
2026-04-11,0.1054,30.496,35.36,6.67,303.16,SSP1-2.6
2026-04-12,6.5955,29.112,48.976,7.52,239.82,SSP1-2.6
2026-04-13,0.0,30.887,34.075,4.786,294.29,SSP1-2.6
2026-04-14,0.0,31.049,28.261,6.355,294.36,SSP1-2.6
2026-04-15,0.0,31.281,24.441,5.834,314.86,SSP1-2.6
2026-04-16,0.0,32.163,23.506,8.518,319.78,SSP1-2.6
2026-04-17,0.2355,30.456,28.424,8.617,222.57,SSP1-2.6
2026-04-18,0.0018,31.93,26.509,7.523,277.98,SSP1-2.6
2026-04-19,0.0,32.438,23.261,7.418,314.63,SSP1-2.6
2026-04-20,0.0,32.127,21.231,6.094,312.44,SSP1-2.6
2026-04-21,0.0,32.078,20.085,6.54,336.59,SSP1-2.6
2026-04-22,0.0,32.924,20.274,9.341,303.8,SSP1-2.6
2026-04-23,0.0,32.91,20.128,12.032,309.8,SSP1-2.6
2026-04-24,0.0,32.672,20.846,11.329,309.81,SSP1-2.6
2026-04-25,0.0,32.47,18.912,6.371,321.1,SSP1-2.6
2026-04-26,0.0,32.781,17.78,5.178,329.34,SSP1-2.6
2026-04-27,0.0,32.547,22.287,10.087,321.14,SSP1-2.6
2026-04-28,0.0,32.932,24.196,11.134,288.96,SSP1-2.6
2026-04-29,0.0,31.913,25.076,10.055,233.21,SSP1-2.6
2026-04-30,0.0,32.061,26.468,9.464,250.59,SSP1-2.6
2026-05-01,0.0,33.035,25.421,6.18,254.73,SSP1-2.6
2026-05-02,0.0003,33.362,24.013,6.819,260.53,SSP1-2.6
2026-05-03,0.0443,33.764,25.009,6.422,289.05,SSP1-2.6
2026-05-04,0.9111,33.608,27.171,6.751,297.75,SSP1-2.6
2026-05-05,0.2819,33.658,27.502,4.906,290.83,SSP1-2.6
2026-05-06,0.1189,33.757,25.455,5.647,285.77,SSP1-2.6
2026-05-07,0.1747,33.946,26.203,6.462,293.74,SSP1-2.6
2026-05-08,3.0106,33.386,30.664,7.325,273.28,SSP1-2.6
2026-05-09,0.0,33.343,27.789,8.204,317.3,SSP1-2.6
2026-05-10,0.6091,34.045,26.603,8.416,302.51,SSP1-2.6
2026-05-11,0.2677,33.79,30.094,5.614,270.46,SSP1-2.6
2026-05-12,2.1194,32.679,37.636,9.203,266.37,SSP1-2.6
2026-05-13,0.0,33.126,30.267,7.945,326.08,SSP1-2.6
2026-05-14,0.3765,33.828,26.803,9.345,322.21,SSP1-2.6
2026-05-15,0.6435,33.262,30.492,9.117,250.54,SSP1-2.6
2026-05-16,0.0,33.553,27.22,7.691,279.67,SSP1-2.6
2026-05-17,0.0014,33.762,23.442,8.715,336.11,SSP1-2.6
2026-05-18,0.0,34.502,22.523,6.857,316.48,SSP1-2.6
2026-05-19,0.0,34.849,21.659,7.438,262.19,SSP1-2.6
2026-05-20,0.0,34.299,18.294,7.8,335.1,SSP1-2.6
2026-05-21,0.0,34.317,16.844,10.419,337.3,SSP1-2.6
2026-05-22,0.0,34.423,18.046,12.804,333.29,SSP1-2.6
2026-05-23,0.0,35.184,17.963,8.979,350.75,SSP1-2.6
2026-05-24,0.0,35.76,17.485,7.534,339.23,SSP1-2.6
2026-05-25,0.0,35.641,18.614,5.403,279.13,SSP1-2.6
2026-05-26,0.0,35.44,21.39,6.305,267.12,SSP1-2.6
2026-05-27,0.3385,34.585,25.108,10.768,302.04,SSP1-2.6
2026-05-28,0.2645,34.567,31.12,8.603,305.56,SSP1-2.6
2026-05-29,0.3865,34.694,29.925,7.837,321.49,SSP1-2.6
2026-05-30,0.0,34.891,25.807,10.701,327.65,SSP1-2.6
2026-05-31,0.016,32.314,35.52,12.34,231.31,SSP1-2.6
2026-06-01,0.0,33.251,32.038,13.733,281.76,SSP1-2.6
2026-06-02,1.3582,33.887,27.409,14.559,315.19,SSP1-2.6
2026-06-03,0.0256,33.557,30.671,15.881,280.45,SSP1-2.6
2026-06-04,0.3473,33.706,32.221,13.933,314.78,SSP1-2.6
2026-06-05,0.0,33.727,32.201,14.814,324.06,SSP1-2.6
2026-06-06,0.0,34.127,32.028,13.045,317.61,SSP1-2.6
2026-06-07,3.0572,33.932,38.042,10.9,298.79,SSP1-2.6
2026-06-08,9.0688,33.512,43.383,8.516,292.37,SSP1-2.6
2026-06-09,24.9992,30.916,56.668,8.544,278.36,SSP1-2.6
2026-06-10,15.0315,26.454,78.781,5.57,231.34,SSP1-2.6
2026-06-11,15.0732,28.299,72.584,5.927,258.29,SSP1-2.6
2026-06-12,23.552,26.898,79.986,5.026,238.1,SSP1-2.6
2026-06-13,24.7892,26.763,82.356,4.567,238.17,SSP1-2.6
2026-06-14,22.8884,25.567,86.484,7.024,228.83,SSP1-2.6
2026-06-15,12.6556,26.402,79.545,8.081,253.63,SSP1-2.6
2026-06-16,20.3575,26.347,78.71,10.969,236.3,SSP1-2.6
2026-06-17,6.4971,25.257,77.932,10.164,212.53,SSP1-2.6
2026-06-18,0.9338,26.104,77.976,8.976,223.71,SSP1-2.6
2026-06-19,3.6212,25.251,83.979,9.22,209.52,SSP1-2.6
2026-06-20,1.708,26.737,75.736,14.069,251.01,SSP1-2.6
2026-06-21,1.7557,26.294,77.574,13.067,231.33,SSP1-2.6
2026-06-22,0.0,27.221,71.267,16.32,259.98,SSP1-2.6
2026-06-23,0.0477,27.411,70.622,15.569,248.54,SSP1-2.6
2026-06-24,0.0816,26.377,75.512,14.912,230.59,SSP1-2.6
2026-06-25,0.0,26.698,73.522,13.839,235.46,SSP1-2.6
2026-06-26,0.0237,27.578,67.426,12.237,289.82,SSP1-2.6
2026-06-27,0.0,27.914,65.808,13.02,286.76,SSP1-2.6
2026-06-28,0.0,26.943,70.481,12.393,236.26,SSP1-2.6
2026-06-29,0.0,27.507,68.827,12.98,255.09,SSP1-2.6
2026-06-30,0.0,27.353,70.767,11.453,251.7,SSP1-2.6
2026-07-01,0.0,29.037,66.14,11.463,275.96,SSP1-2.6
2026-07-02,0.0,29.334,64.105,10.7,300.68,SSP1-2.6
2026-07-03,0.0,29.159,66.132,12.193,253.41,SSP1-2.6
2026-07-04,0.4047,28.957,68.846,15.933,247.84,SSP1-2.6
2026-07-05,37.7893,26.469,91.393,13.337,157.18,SSP1-2.6
2026-07-06,28.8261,24.155,93.05,14.525,160.37,SSP1-2.6
2026-07-07,9.9143,25.796,89.758,14.222,189.33,SSP1-2.6
2026-07-08,6.9435,25.133,91.086,12.771,188.41,SSP1-2.6
2026-07-09,8.9193,26.891,89.91,10.122,212.93,SSP1-2.6
2026-07-10,0.0447,26.419,89.536,11.693,206.54,SSP1-2.6
2026-07-11,0.004,26.449,89.718,9.934,202.16,SSP1-2.6
2026-07-12,0.6203,27.288,84.69,11.68,244.79,SSP1-2.6
2026-07-13,18.5404,25.286,92.828,10.23,168.73,SSP1-2.6
2026-07-14,6.9298,26.012,91.66,10.342,196.61,SSP1-2.6
2026-07-15,0.0,27.32,82.492,11.24,261.42,SSP1-2.6
2026-07-16,0.0,27.807,83.356,11.983,256.96,SSP1-2.6
2026-07-17,0.0569,27.806,82.757,10.954,250.54,SSP1-2.6
2026-07-18,0.1552,28.081,80.833,14.761,249.78,SSP1-2.6
2026-07-19,0.8244,27.917,82.628,12.776,254.56,SSP1-2.6
2026-07-20,1.0663,27.517,85.272,12.946,222.42,SSP1-2.6
2026-07-21,31.5183,26.33,92.128,10.945,163.12,SSP1-2.6
2026-07-22,20.2665,25.409,93.146,12.407,163.67,SSP1-2.6
2026-07-23,11.1419,26.331,91.985,11.571,194.71,SSP1-2.6
2026-07-24,9.1105,27.267,87.397,15.028,226.32,SSP1-2.6
2026-07-25,31.2071,25.652,93.43,14.211,173.22,SSP1-2.6
2026-07-26,24.2461,25.41,93.235,14.13,161.11,SSP1-2.6
2026-07-27,18.4638,25.421,92.596,14.427,177.78,SSP1-2.6
2026-07-28,27.0863,25.165,93.467,13.988,162.35,SSP1-2.6
2026-07-29,28.329,25.32,93.575,12.838,173.59,SSP1-2.6
2026-07-30,18.4467,25.707,92.409,15.416,164.63,SSP1-2.6
2026-07-31,6.2572,26.92,89.886,15.767,226.69,SSP1-2.6
2026-08-01,17.7794,25.597,92.256,16.398,182.86,SSP1-2.6
2026-08-02,20.3512,25.81,91.746,16.159,196.76,SSP1-2.6
2026-08-03,14.9155,26.626,88.407,14.859,240.04,SSP1-2.6
2026-08-04,17.9284,25.887,91.574,11.829,181.83,SSP1-2.6
2026-08-05,0.8639,25.955,90.778,11.012,197.83,SSP1-2.6
2026-08-06,1.4097,26.411,88.104,12.514,234.87,SSP1-2.6
2026-08-07,0.0,26.821,84.128,12.967,272.4,SSP1-2.6
2026-08-08,0.0,27.072,83.675,10.789,253.38,SSP1-2.6
2026-08-09,0.0,26.83,86.333,7.493,244.54,SSP1-2.6
2026-08-10,0.0,27.216,86.569,6.101,242.34,SSP1-2.6
2026-08-11,3.2589,26.73,89.997,4.932,225.71,SSP1-2.6
2026-08-12,0.3127,26.828,88.95,3.986,236.5,SSP1-2.6
2026-08-13,0.2793,27.131,87.842,4.624,241.26,SSP1-2.6
2026-08-14,0.3898,27.529,87.201,5.241,243.27,SSP1-2.6
2026-08-15,2.1002,27.091,89.523,3.721,229.67,SSP1-2.6
2026-08-16,0.1084,26.939,88.603,3.827,230.35,SSP1-2.6
2026-08-17,0.0084,27.028,87.218,3.396,242.31,SSP1-2.6
2026-08-18,0.0,27.228,86.637,4.743,238.55,SSP1-2.6
2026-08-19,1.0632,26.783,89.518,4.799,224.8,SSP1-2.6
2026-08-20,0.331,26.997,88.102,4.916,236.56,SSP1-2.6
2026-08-21,6.0974,26.939,89.565,3.141,236.82,SSP1-2.6
2026-08-22,0.3564,27.435,86.352,4.152,244.89,SSP1-2.6
2026-08-23,17.0732,26.741,90.292,3.886,234.22,SSP1-2.6
2026-08-24,0.4191,27.263,86.528,6.833,244.81,SSP1-2.6
2026-08-25,14.947,26.344,91.822,7.926,190.85,SSP1-2.6
2026-08-26,3.7991,25.982,93.017,8.731,183.97,SSP1-2.6
2026-08-27,0.1174,26.421,89.004,6.761,234.19,SSP1-2.6
2026-08-28,5.8541,26.137,92.448,5.023,211.07,SSP1-2.6
2026-08-29,0.2448,26.806,83.613,3.839,267.36,SSP1-2.6
2026-08-30,0.0336,27.238,86.326,6.121,255.44,SSP1-2.6
2026-08-31,0.0,27.287,86.859,4.225,251.02,SSP1-2.6
2026-09-01,6.0282,27.542,87.431,5.13,240.59,SSP1-2.6
2026-09-02,36.1079,26.573,95.277,5.652,194.24,SSP1-2.6
2026-09-03,33.4808,26.316,95.245,8.948,192.57,SSP1-2.6
2026-09-04,21.9166,26.395,93.723,6.61,207.62,SSP1-2.6
2026-09-05,22.2037,26.756,91.814,6.481,226.13,SSP1-2.6
2026-09-06,11.5633,26.596,91.872,4.38,221.15,SSP1-2.6
2026-09-07,1.6095,26.84,88.514,6.479,236.08,SSP1-2.6
2026-09-08,0.1007,26.965,85.039,6.712,250.5,SSP1-2.6
2026-09-09,0.1213,27.11,82.693,7.392,267.31,SSP1-2.6
2026-09-10,0.0,27.177,82.449,7.356,270.46,SSP1-2.6
2026-09-11,25.6253,26.882,88.53,7.516,236.16,SSP1-2.6
2026-09-12,16.5883,26.204,92.373,8.763,212.86,SSP1-2.6
2026-09-13,1.0725,26.643,88.853,7.915,236.2,SSP1-2.6
2026-09-14,0.0,26.933,84.826,5.958,258.0,SSP1-2.6
2026-09-15,2.2813,27.119,87.649,4.67,247.57,SSP1-2.6
2026-09-16,0.0333,27.058,85.571,4.496,241.01,SSP1-2.6
2026-09-17,1.1585,27.199,85.049,5.176,241.78,SSP1-2.6
2026-09-18,22.7553,26.834,89.961,5.044,218.63,SSP1-2.6
2026-09-19,12.7662,26.691,91.764,2.768,218.36,SSP1-2.6
2026-09-20,15.6455,26.964,90.594,5.851,222.53,SSP1-2.6
2026-09-21,2.3134,26.884,89.691,6.908,224.03,SSP1-2.6
2026-09-22,0.9679,26.966,88.654,6.514,238.5,SSP1-2.6
2026-09-23,0.1675,26.904,88.166,5.442,233.74,SSP1-2.6
2026-09-24,0.0113,26.992,86.259,4.893,244.9,SSP1-2.6
2026-09-25,0.0,26.856,87.633,5.328,233.69,SSP1-2.6
2026-09-26,0.0132,27.062,85.759,5.612,249.74,SSP1-2.6
2026-09-27,0.0,27.115,84.348,4.179,253.26,SSP1-2.6
2026-09-28,0.2179,26.727,88.926,4.206,227.14,SSP1-2.6
2026-09-29,1.9145,26.749,88.063,6.313,224.87,SSP1-2.6
2026-09-30,20.7771,26.288,90.841,6.837,211.33,SSP1-2.6
2026-10-01,29.6142,25.418,92.353,7.304,209.17,SSP1-2.6
2026-10-02,26.8859,25.185,95.618,6.117,187.6,SSP1-2.6
2026-10-03,21.2944,25.253,92.966,6.335,207.25,SSP1-2.6
2026-10-04,19.3443,25.247,93.024,6.334,197.51,SSP1-2.6
2026-10-05,11.2557,25.276,92.512,3.39,195.29,SSP1-2.6
2026-10-06,15.6807,25.504,90.728,5.602,205.56,SSP1-2.6
2026-10-07,5.6333,25.687,88.767,6.989,219.45,SSP1-2.6
2026-10-08,18.5093,25.567,90.646,6.256,205.27,SSP1-2.6
2026-10-09,8.6532,25.357,91.211,4.9,196.47,SSP1-2.6
2026-10-10,16.589,25.384,90.951,3.376,199.79,SSP1-2.6
2026-10-11,7.2941,25.49,90.08,2.665,209.58,SSP1-2.6
2026-10-12,1.0035,25.76,87.575,3.229,219.72,SSP1-2.6
2026-10-13,0.0,25.637,87.429,6.061,204.5,SSP1-2.6
2026-10-14,0.0051,25.895,84.718,6.573,218.72,SSP1-2.6
2026-10-15,0.0,24.03,68.872,5.71,207.95,SSP1-2.6
2026-10-16,0.0,22.747,56.04,6.648,247.39,SSP1-2.6
2026-10-17,0.0,22.768,63.169,4.334,226.44,SSP1-2.6
2026-10-18,0.0,22.492,63.737,2.702,285.53,SSP1-2.6
2026-10-19,0.0,24.455,83.551,4.196,237.23,SSP1-2.6
2026-10-20,0.0,25.329,83.074,2.942,235.96,SSP1-2.6
2026-10-21,0.0156,25.719,80.073,3.622,235.34,SSP1-2.6
2026-10-22,0.0493,25.363,79.248,4.625,225.63,SSP1-2.6
2026-10-23,0.0,25.575,72.781,5.052,243.43,SSP1-2.6
2026-10-24,0.0,24.383,64.925,6.63,244.99,SSP1-2.6
2026-10-25,0.0,23.904,57.329,5.717,269.64,SSP1-2.6
2026-10-26,0.0,22.974,65.658,5.206,195.76,SSP1-2.6
2026-10-27,0.0,22.454,62.378,6.601,202.83,SSP1-2.6
2026-10-28,0.0,22.406,54.31,8.612,265.13,SSP1-2.6
2026-10-29,0.0,22.723,50.946,8.754,267.89,SSP1-2.6
2026-10-30,0.0,21.556,53.564,7.974,214.66,SSP1-2.6
2026-10-31,0.0,21.271,49.106,7.619,272.7,SSP1-2.6
2026-11-01,0.0,21.629,49.217,7.963,261.25,SSP1-2.6
2026-11-02,0.0,21.206,47.801,7.004,270.15,SSP1-2.6
2026-11-03,0.0,22.169,54.918,3.837,254.0,SSP1-2.6
2026-11-04,0.0,23.001,60.276,3.935,255.59,SSP1-2.6
2026-11-05,0.0,23.913,68.272,4.608,247.94,SSP1-2.6
2026-11-06,0.0,24.084,70.131,4.398,249.94,SSP1-2.6
2026-11-07,0.0,24.093,70.791,4.862,250.24,SSP1-2.6
2026-11-08,0.0149,23.896,70.995,7.098,242.98,SSP1-2.6
2026-11-09,0.0,23.992,77.057,6.423,235.42,SSP1-2.6
2026-11-10,0.0,22.509,52.605,7.19,233.69,SSP1-2.6
2026-11-11,0.0,22.223,52.447,6.484,233.25,SSP1-2.6
2026-11-12,0.0,22.737,79.284,6.485,189.19,SSP1-2.6
2026-11-13,0.0,22.951,70.93,8.534,227.29,SSP1-2.6
2026-11-14,0.0,23.547,70.708,9.267,233.72,SSP1-2.6
2026-11-15,0.0,23.477,66.629,8.811,220.37,SSP1-2.6
2026-11-16,0.0,24.088,73.835,8.313,186.96,SSP1-2.6
2026-11-17,0.0,24.414,62.711,8.871,228.82,SSP1-2.6
2026-11-18,0.0,23.6,64.574,9.095,206.84,SSP1-2.6
2026-11-19,0.0,23.37,57.651,9.385,226.61,SSP1-2.6
2026-11-20,0.0,23.037,58.069,8.323,237.0,SSP1-2.6
2026-11-21,0.0,23.019,61.424,5.632,242.07,SSP1-2.6
2026-11-22,0.0,24.346,61.621,4.94,229.63,SSP1-2.6
2026-11-23,0.0,23.893,57.071,6.567,237.19,SSP1-2.6
2026-11-24,0.0,23.452,58.21,6.989,235.6,SSP1-2.6
2026-11-25,0.0,23.269,58.545,6.654,223.26,SSP1-2.6
2026-11-26,0.0,22.0,48.702,9.276,242.99,SSP1-2.6
2026-11-27,0.0,21.571,45.793,8.093,239.27,SSP1-2.6
2026-11-28,0.0,21.287,46.59,7.939,231.42,SSP1-2.6
2026-11-29,0.0,21.192,45.296,8.501,246.52,SSP1-2.6
2026-11-30,0.0,21.142,45.454,9.164,245.31,SSP1-2.6
2026-12-01,0.0,20.772,42.571,8.992,245.95,SSP1-2.6
2026-12-02,0.0013,20.483,63.896,5.875,155.83,SSP1-2.6
2026-12-03,1.5392,21.117,66.648,8.143,164.95,SSP1-2.6
2026-12-04,0.0306,21.054,75.81,8.917,162.3,SSP1-2.6
2026-12-05,0.0007,20.836,71.746,8.44,187.1,SSP1-2.6
2026-12-06,0.0,21.273,57.352,11.545,234.4,SSP1-2.6
2026-12-07,0.0,20.483,57.96,10.402,218.72,SSP1-2.6
2026-12-08,0.0,20.212,50.096,10.318,197.85,SSP1-2.6
2026-12-09,0.0,20.256,42.891,8.65,242.7,SSP1-2.6
2026-12-10,0.0,19.925,47.049,6.283,232.06,SSP1-2.6
2026-12-11,0.0,19.934,45.764,6.383,229.44,SSP1-2.6
2026-12-12,0.0,19.828,46.256,8.323,210.76,SSP1-2.6
2026-12-13,0.0,19.677,44.165,9.805,216.12,SSP1-2.6
2026-12-14,0.0,19.733,38.471,9.695,243.35,SSP1-2.6
2026-12-15,0.0,19.184,35.18,8.828,232.64,SSP1-2.6
2026-12-16,0.0,19.058,35.986,8.384,246.35,SSP1-2.6
2026-12-17,0.0,19.548,37.55,8.859,246.66,SSP1-2.6
2026-12-18,0.0,20.033,38.565,8.251,246.03,SSP1-2.6
2026-12-19,0.0,20.277,45.758,7.378,239.19,SSP1-2.6
2026-12-20,0.0,20.916,44.857,7.239,239.03,SSP1-2.6
2026-12-21,0.0,20.697,42.979,6.711,246.71,SSP1-2.6
2026-12-22,0.0,20.34,43.125,6.875,247.25,SSP1-2.6
2026-12-23,0.0,20.378,42.176,6.645,247.67,SSP1-2.6
2026-12-24,0.0,20.326,41.21,4.831,246.25,SSP1-2.6
2026-12-25,0.0,20.511,43.2,6.942,242.29,SSP1-2.6
2026-12-26,0.0,20.413,44.384,7.312,241.39,SSP1-2.6
2026-12-27,0.0,20.584,49.05,6.738,242.76,SSP1-2.6
2026-12-28,0.0,21.278,46.03,6.969,238.94,SSP1-2.6
2026-12-29,0.0,20.854,37.949,8.7,245.62,SSP1-2.6
2026-12-30,0.0,20.582,45.644,6.954,245.14,SSP1-2.6
2026-12-31,0.0,21.154,49.132,5.876,245.38,SSP1-2.6
2027-01-01,0.0,20.984,50.812,5.811,219.7,SSP1-2.6
2027-01-02,0.0,22.027,43.746,10.581,244.11,SSP1-2.6
2027-01-03,0.0,21.21,40.536,11.206,240.93,SSP1-2.6
2027-01-04,0.0,20.182,35.152,10.774,244.77,SSP1-2.6
2027-01-05,0.0,20.053,34.468,9.333,257.33,SSP1-2.6
2027-01-06,0.0,20.48,33.595,9.871,260.92,SSP1-2.6
2027-01-07,0.0,20.977,34.696,9.711,230.89,SSP1-2.6
2027-01-08,0.0,20.282,45.417,7.469,207.37,SSP1-2.6
2027-01-09,0.0,20.429,43.856,10.018,206.82,SSP1-2.6
2027-01-10,0.0,20.173,40.952,11.013,252.51,SSP1-2.6
2027-01-11,0.0,20.541,36.864,12.705,258.3,SSP1-2.6
2027-01-12,0.0,20.295,38.675,10.561,217.73,SSP1-2.6
2027-01-13,0.0,20.397,38.609,11.302,209.16,SSP1-2.6
2027-01-14,0.0,21.328,35.295,10.267,254.08,SSP1-2.6
2027-01-15,0.0,21.079,36.801,9.978,244.59,SSP1-2.6
2027-01-16,0.0,21.134,42.055,8.13,243.46,SSP1-2.6
2027-01-17,0.0,21.739,44.458,9.203,252.73,SSP1-2.6
2027-01-18,0.0,22.403,50.899,6.892,249.07,SSP1-2.6
2027-01-19,0.0,23.137,51.794,6.23,247.03,SSP1-2.6
2027-01-20,0.0,23.356,50.514,8.492,245.27,SSP1-2.6
2027-01-21,0.0,23.25,49.117,7.692,250.18,SSP1-2.6
2027-01-22,0.0,23.349,50.617,6.648,252.33,SSP1-2.6
2027-01-23,0.0,23.187,52.325,6.241,237.81,SSP1-2.6
2027-01-24,0.0,22.936,53.037,9.531,223.3,SSP1-2.6
2027-01-25,0.0,22.935,51.943,7.947,229.4,SSP1-2.6
2027-01-26,0.0,23.121,46.859,7.44,234.22,SSP1-2.6
2027-01-27,0.0,21.835,30.884,10.253,266.36,SSP1-2.6
2027-01-28,0.0,21.405,33.451,6.561,261.33,SSP1-2.6
2027-01-29,0.0,21.776,37.667,4.545,263.39,SSP1-2.6
2027-01-30,0.0,22.788,40.445,5.173,268.89,SSP1-2.6
2027-01-31,0.0,23.095,37.034,9.434,270.02,SSP1-2.6
2027-02-01,0.0,23.1,34.109,8.55,254.29,SSP1-2.6
2027-02-02,0.0,22.766,41.356,6.44,271.83,SSP1-2.6
2027-02-03,0.0,24.202,45.618,9.831,259.02,SSP1-2.6
2027-02-04,0.0,24.376,44.312,8.347,258.46,SSP1-2.6
2027-02-05,0.0,24.789,42.436,7.32,259.39,SSP1-2.6
2027-02-06,0.0,24.611,42.63,5.246,266.71,SSP1-2.6
2027-02-07,0.0,25.178,45.218,6.582,270.26,SSP1-2.6
2027-02-08,0.0,26.076,45.368,10.283,268.7,SSP1-2.6
2027-02-09,0.0,25.993,41.041,15.212,242.74,SSP1-2.6
2027-02-10,0.0,25.343,45.279,11.531,250.69,SSP1-2.6
2027-02-11,0.0,25.088,56.091,5.226,208.3,SSP1-2.6
2027-02-12,0.0,25.993,43.589,10.774,278.85,SSP1-2.6
2027-02-13,0.0,25.745,38.549,10.605,285.03,SSP1-2.6
2027-02-14,0.0,25.618,37.434,8.565,281.14,SSP1-2.6
2027-02-15,0.0,25.589,41.211,8.256,246.94,SSP1-2.6
2027-02-16,0.0,25.775,48.358,5.587,233.04,SSP1-2.6
2027-02-17,0.0,26.416,46.587,4.552,274.34,SSP1-2.6
2027-02-18,0.0,26.961,38.146,4.798,286.38,SSP1-2.6
2027-02-19,0.0,26.644,42.139,5.253,286.64,SSP1-2.6
2027-02-20,0.0,27.181,45.262,5.022,280.6,SSP1-2.6
2027-02-21,0.0,27.348,39.528,8.215,279.67,SSP1-2.6
2027-02-22,0.0,27.008,33.702,9.11,289.35,SSP1-2.6
2027-02-23,0.0,26.725,29.767,9.229,298.09,SSP1-2.6
2027-02-24,0.0,26.571,29.356,10.854,301.55,SSP1-2.6
2027-02-25,0.0,26.55,32.046,9.227,299.53,SSP1-2.6
2027-02-26,0.0,26.27,34.667,7.783,308.18,SSP1-2.6
2027-02-27,0.0,26.138,32.235,6.781,310.16,SSP1-2.6
2027-02-28,0.0,26.945,30.979,7.523,308.31,SSP1-2.6
2027-03-01,0.0,27.05,32.404,7.716,284.28,SSP1-2.6
2027-03-02,0.0,26.961,28.846,9.041,300.67,SSP1-2.6
2027-03-03,0.0,26.645,26.125,9.186,308.94,SSP1-2.6
2027-03-04,0.0,26.624,27.735,9.742,318.82,SSP1-2.6
2027-03-05,0.0,26.472,27.531,5.893,326.44,SSP1-2.6
2027-03-06,0.0,26.58,25.951,3.19,328.32,SSP1-2.6
2027-03-07,0.0,27.004,29.385,7.77,322.84,SSP1-2.6
2027-03-08,0.0,27.805,30.086,9.884,317.83,SSP1-2.6
2027-03-09,0.0,27.645,28.966,8.345,321.53,SSP1-2.6
2027-03-10,0.0,27.844,29.368,5.673,318.72,SSP1-2.6
2027-03-11,0.0,28.407,29.42,6.994,317.34,SSP1-2.6
2027-03-12,0.0,29.211,29.393,6.507,289.19,SSP1-2.6
2027-03-13,0.0,29.124,28.84,5.895,308.38,SSP1-2.6
2027-03-14,0.0,29.126,29.335,5.635,314.54,SSP1-2.6
2027-03-15,0.0,29.666,32.407,6.704,286.37,SSP1-2.6
2027-03-16,0.0,30.426,33.98,4.587,294.84,SSP1-2.6
2027-03-17,0.0,30.29,32.218,7.174,306.53,SSP1-2.6
2027-03-18,0.0,30.992,32.555,4.98,289.5,SSP1-2.6
2027-03-19,0.0,30.468,28.969,6.257,303.49,SSP1-2.6
2027-03-20,0.0,30.136,33.646,6.267,250.65,SSP1-2.6
2027-03-21,0.0,30.456,33.868,8.084,267.96,SSP1-2.6
2027-03-22,0.0,29.526,37.972,8.808,252.88,SSP1-2.6
2027-03-23,0.0,30.147,35.29,8.117,280.26,SSP1-2.6
2027-03-24,0.0,30.65,31.199,10.322,315.41,SSP1-2.6
2027-03-25,0.0,30.673,29.414,9.286,319.92,SSP1-2.6
2027-03-26,0.0,30.584,29.857,8.512,298.64,SSP1-2.6
2027-03-27,0.0,30.452,29.832,7.561,275.36,SSP1-2.6
2027-03-28,0.0,30.653,28.078,8.06,311.92,SSP1-2.6
2027-03-29,0.0,30.733,27.899,8.935,313.83,SSP1-2.6
2027-03-30,0.0,31.022,28.874,9.562,319.14,SSP1-2.6
2027-03-31,0.0,31.345,29.886,9.39,306.85,SSP1-2.6
2027-04-01,0.0,30.638,30.065,8.856,289.2,SSP1-2.6
2027-04-02,0.0,29.365,33.847,5.415,234.46,SSP1-2.6
2027-04-03,0.0,30.12,29.092,6.323,314.27,SSP1-2.6
2027-04-04,0.0,30.153,32.387,5.702,265.01,SSP1-2.6
2027-04-05,0.0,30.177,35.059,5.474,241.71,SSP1-2.6
2027-04-06,0.0,29.381,38.276,7.056,236.97,SSP1-2.6
2027-04-07,0.0,30.514,27.836,7.82,278.77,SSP1-2.6
2027-04-08,0.0,30.837,28.329,6.558,267.02,SSP1-2.6
2027-04-09,0.0,30.99,27.432,6.214,318.68,SSP1-2.6
2027-04-10,0.0,30.987,26.895,6.256,328.94,SSP1-2.6
2027-04-11,0.0,30.835,26.24,5.046,327.92,SSP1-2.6
2027-04-12,0.0,31.588,25.392,7.269,315.17,SSP1-2.6
2027-04-13,0.2706,32.129,28.31,7.116,275.99,SSP1-2.6
2027-04-14,0.2765,31.719,32.183,5.59,260.42,SSP1-2.6
2027-04-15,0.5323,31.477,34.146,6.198,269.77,SSP1-2.6
2027-04-16,0.1185,31.678,29.886,7.047,298.33,SSP1-2.6
2027-04-17,0.4056,31.784,30.73,7.939,286.45,SSP1-2.6
2027-04-18,0.048,31.777,30.21,7.14,309.02,SSP1-2.6
2027-04-19,0.0645,31.814,30.018,6.798,314.12,SSP1-2.6
2027-04-20,0.1691,31.198,32.752,5.685,284.2,SSP1-2.6
2027-04-21,0.0452,31.928,30.788,6.595,300.73,SSP1-2.6
2027-04-22,0.0515,32.02,30.238,6.785,293.66,SSP1-2.6
2027-04-23,0.0271,32.214,28.595,6.14,309.43,SSP1-2.6
2027-04-24,0.234,32.575,28.712,5.08,307.45,SSP1-2.6
2027-04-25,8.6871,31.703,37.866,4.851,282.18,SSP1-2.6
2027-04-26,18.0183,26.879,64.981,4.391,240.97,SSP1-2.6
2027-04-27,0.0545,28.595,52.159,5.493,252.52,SSP1-2.6
2027-04-28,0.0,30.893,37.893,5.449,280.29,SSP1-2.6
2027-04-29,0.0,31.612,33.511,5.534,272.93,SSP1-2.6
2027-04-30,0.0,32.423,29.327,8.287,314.36,SSP1-2.6
2027-05-01,0.0091,33.775,30.364,11.068,262.49,SSP1-2.6
2027-05-02,0.1306,33.87,28.619,12.204,302.88,SSP1-2.6
2027-05-03,0.0,33.999,27.226,12.82,289.46,SSP1-2.6
2027-05-04,0.0,34.092,26.078,12.43,328.33,SSP1-2.6
2027-05-05,0.0,34.264,24.839,11.766,331.35,SSP1-2.6
2027-05-06,0.0,34.173,24.401,9.788,337.14,SSP1-2.6
2027-05-07,0.0,34.246,23.382,8.615,338.53,SSP1-2.6
2027-05-08,0.003,34.614,25.182,8.859,321.99,SSP1-2.6
2027-05-09,0.3705,34.309,28.48,11.141,292.84,SSP1-2.6
2027-05-10,0.0024,34.262,28.797,10.495,287.33,SSP1-2.6
2027-05-11,0.0069,34.408,27.273,9.02,311.48,SSP1-2.6
2027-05-12,1.9996,34.253,30.392,10.494,298.63,SSP1-2.6
2027-05-13,1.3509,32.663,38.314,11.25,258.52,SSP1-2.6
2027-05-14,0.0142,32.709,33.294,11.037,280.06,SSP1-2.6
2027-05-15,0.0,33.761,25.294,11.786,342.99,SSP1-2.6
2027-05-16,0.0001,34.455,23.879,12.234,311.8,SSP1-2.6
2027-05-17,0.0,34.667,23.237,9.328,317.42,SSP1-2.6
2027-05-18,0.0,34.372,28.152,8.825,283.5,SSP1-2.6
2027-05-19,0.294,34.076,33.836,8.855,273.09,SSP1-2.6
2027-05-20,0.0,33.329,35.263,8.784,264.25,SSP1-2.6
2027-05-21,0.0,33.486,32.427,8.74,274.16,SSP1-2.6
2027-05-22,0.0,33.551,33.539,8.99,291.65,SSP1-2.6
2027-05-23,0.0,33.75,33.918,10.496,313.42,SSP1-2.6
2027-05-24,0.0,34.304,30.975,12.24,305.94,SSP1-2.6
2027-05-25,0.0,34.882,26.99,14.023,325.43,SSP1-2.6
2027-05-26,0.0,34.737,26.401,12.823,342.83,SSP1-2.6
2027-05-27,0.0,35.041,25.573,15.815,336.97,SSP1-2.6
2027-05-28,0.0,35.136,25.852,16.511,331.41,SSP1-2.6
2027-05-29,0.0,35.044,25.752,14.451,338.79,SSP1-2.6
2027-05-30,0.0,35.219,27.012,15.192,325.78,SSP1-2.6
2027-05-31,0.0,32.677,32.394,13.636,255.2,SSP1-2.6
2027-06-01,0.0007,32.802,32.583,14.046,275.57,SSP1-2.6
2027-06-02,0.2051,33.898,31.215,13.549,299.51,SSP1-2.6
2027-06-03,0.0563,31.007,45.086,11.427,249.55,SSP1-2.6
2027-06-04,0.0101,29.767,46.89,13.428,243.85,SSP1-2.6
2027-06-05,0.0,31.196,39.565,16.579,266.59,SSP1-2.6
2027-06-06,0.0,28.295,57.434,15.349,217.33,SSP1-2.6
2027-06-07,11.1414,29.197,61.271,15.989,240.61,SSP1-2.6
2027-06-08,0.2736,28.174,57.291,13.551,232.37,SSP1-2.6
2027-06-09,1.0584,27.946,62.253,12.472,236.06,SSP1-2.6
2027-06-10,7.1012,25.731,76.495,11.341,190.22,SSP1-2.6
2027-06-11,0.4643,26.004,76.738,11.885,212.7,SSP1-2.6
2027-06-12,0.4839,26.747,77.417,7.301,232.07,SSP1-2.6
2027-06-13,3.0379,27.033,75.762,7.305,246.35,SSP1-2.6
2027-06-14,34.0864,26.139,84.13,6.93,223.76,SSP1-2.6
2027-06-15,34.1681,23.991,91.377,11.725,139.55,SSP1-2.6
2027-06-16,22.6308,24.564,89.39,13.07,193.52,SSP1-2.6
2027-06-17,26.8137,24.187,87.932,15.973,189.66,SSP1-2.6
2027-06-18,21.6614,25.202,87.973,15.725,204.28,SSP1-2.6
2027-06-19,6.8581,26.1,83.31,12.866,239.11,SSP1-2.6
2027-06-20,0.1415,26.556,80.51,12.929,238.0,SSP1-2.6
2027-06-21,0.5014,27.175,75.908,14.471,277.11,SSP1-2.6
2027-06-22,0.0,27.434,73.585,14.106,288.17,SSP1-2.6
2027-06-23,0.0,27.021,74.923,13.258,257.53,SSP1-2.6
2027-06-24,0.0,27.563,70.59,12.98,294.58,SSP1-2.6
2027-06-25,0.0,27.623,70.239,14.024,257.33,SSP1-2.6
2027-06-26,0.0,26.915,78.437,11.593,237.38,SSP1-2.6
2027-06-27,0.0,27.831,69.968,14.028,281.99,SSP1-2.6
2027-06-28,18.2926,25.894,87.161,11.933,209.74,SSP1-2.6
2027-06-29,32.1629,24.374,92.359,13.516,162.99,SSP1-2.6
2027-06-30,30.4959,23.078,93.769,13.302,150.16,SSP1-2.6
2027-07-01,23.9012,26.274,91.532,14.5,187.32,SSP1-2.6
2027-07-02,28.0045,26.701,92.007,15.824,168.56,SSP1-2.6
2027-07-03,8.784,26.307,88.8,14.41,188.71,SSP1-2.6
2027-07-04,0.0075,27.605,83.362,10.155,254.6,SSP1-2.6
2027-07-05,11.5571,27.993,85.997,10.057,256.05,SSP1-2.6
2027-07-06,0.0,27.576,84.873,11.568,223.06,SSP1-2.6
2027-07-07,12.1909,27.313,87.119,11.829,222.11,SSP1-2.6
2027-07-08,8.8336,25.963,90.29,11.718,206.2,SSP1-2.6
2027-07-09,0.2847,27.124,87.465,12.92,224.09,SSP1-2.6
2027-07-10,0.6747,27.582,88.28,12.264,225.03,SSP1-2.6
2027-07-11,2.4128,27.721,84.002,11.729,275.56,SSP1-2.6
2027-07-12,8.43,28.067,87.524,6.83,242.37,SSP1-2.6
2027-07-13,9.236,27.739,90.819,4.347,232.77,SSP1-2.6
2027-07-14,10.7736,27.911,90.099,4.901,239.66,SSP1-2.6
2027-07-15,13.8937,27.88,90.464,6.115,228.25,SSP1-2.6
2027-07-16,20.6458,27.635,91.975,5.289,226.13,SSP1-2.6
2027-07-17,16.0712,27.474,91.442,6.423,222.04,SSP1-2.6
2027-07-18,0.7619,27.761,89.204,5.483,236.45,SSP1-2.6
2027-07-19,0.4424,28.089,87.888,4.932,241.29,SSP1-2.6
2027-07-20,6.3401,28.152,88.994,4.6,233.98,SSP1-2.6
2027-07-21,16.2124,27.714,91.956,3.743,219.78,SSP1-2.6
2027-07-22,3.6784,27.809,90.94,4.876,220.32,SSP1-2.6
2027-07-23,7.8036,27.96,90.531,4.418,229.58,SSP1-2.6
2027-07-24,8.6485,27.827,91.184,4.173,220.93,SSP1-2.6
2027-07-25,4.0311,28.28,89.14,4.129,241.43,SSP1-2.6
2027-07-26,0.3719,28.392,89.295,3.685,243.4,SSP1-2.6
2027-07-27,0.3743,28.347,88.444,4.845,245.87,SSP1-2.6
2027-07-28,0.0,28.493,81.647,9.082,258.84,SSP1-2.6
2027-07-29,0.0,28.377,80.173,10.047,267.73,SSP1-2.6
2027-07-30,2.1119,28.119,85.46,9.869,232.49,SSP1-2.6
2027-07-31,25.1941,26.388,92.539,11.621,183.59,SSP1-2.6
2027-08-01,25.7813,25.903,93.366,13.123,144.39,SSP1-2.6
2027-08-02,0.3318,26.66,88.916,10.106,223.43,SSP1-2.6
2027-08-03,0.0,27.169,83.925,11.6,268.69,SSP1-2.6
2027-08-04,0.0,27.247,83.362,11.186,269.17,SSP1-2.6
2027-08-05,0.0781,27.323,82.496,10.985,273.07,SSP1-2.6
2027-08-06,10.9346,27.064,87.019,10.821,251.15,SSP1-2.6
2027-08-07,13.8369,26.181,91.499,11.33,196.53,SSP1-2.6
2027-08-08,4.7437,26.002,91.744,10.704,197.79,SSP1-2.6
2027-08-09,4.7872,26.267,90.551,12.806,210.9,SSP1-2.6
2027-08-10,24.4729,25.707,92.848,13.193,176.39,SSP1-2.6
2027-08-11,10.1232,26.778,88.992,12.71,230.91,SSP1-2.6
2027-08-12,28.0571,25.738,91.867,15.146,188.76,SSP1-2.6
2027-08-13,32.4728,26.258,94.183,15.169,130.06,SSP1-2.6
2027-08-14,10.3329,25.108,92.609,14.44,193.41,SSP1-2.6
2027-08-15,0.0098,26.068,89.137,13.664,216.22,SSP1-2.6
2027-08-16,0.0,26.664,86.156,14.187,245.36,SSP1-2.6
2027-08-17,2.2567,26.464,88.852,13.35,217.08,SSP1-2.6
2027-08-18,3.5806,26.593,87.545,14.021,237.68,SSP1-2.6
2027-08-19,0.4297,26.683,86.494,12.908,239.88,SSP1-2.6
2027-08-20,0.3589,26.345,90.817,9.073,208.86,SSP1-2.6
2027-08-21,0.5291,26.304,89.403,10.306,211.84,SSP1-2.6
2027-08-22,0.0,26.55,88.238,8.177,241.77,SSP1-2.6
2027-08-23,0.0,27.307,84.007,9.397,257.69,SSP1-2.6
2027-08-24,0.0,27.272,84.904,7.873,245.64,SSP1-2.6
2027-08-25,0.9219,27.153,87.79,4.875,234.23,SSP1-2.6
2027-08-26,2.5845,26.929,89.866,4.333,235.32,SSP1-2.6
2027-08-27,0.1494,27.026,89.725,3.429,240.99,SSP1-2.6
2027-08-28,3.1644,27.087,89.897,4.266,233.32,SSP1-2.6
2027-08-29,0.7069,27.133,89.384,4.449,237.69,SSP1-2.6
2027-08-30,0.0052,27.401,86.67,2.771,257.4,SSP1-2.6
2027-08-31,3.1515,27.049,90.417,3.192,238.12,SSP1-2.6
2027-09-01,0.0,27.437,87.85,4.512,231.44,SSP1-2.6
2027-09-02,0.0,27.673,85.908,5.289,255.18,SSP1-2.6
2027-09-03,0.3712,27.554,84.801,7.09,247.8,SSP1-2.6
2027-09-04,1.4835,27.543,85.315,9.189,264.36,SSP1-2.6
2027-09-05,1.4702,27.365,88.236,9.081,247.43,SSP1-2.6
2027-09-06,13.9783,27.048,90.588,8.417,226.81,SSP1-2.6
2027-09-07,18.8899,27.107,90.476,7.639,229.4,SSP1-2.6
2027-09-08,0.2414,27.384,88.32,5.412,246.17,SSP1-2.6
2027-09-09,10.6521,27.16,91.373,3.622,236.16,SSP1-2.6
2027-09-10,18.6976,27.244,90.94,3.928,241.61,SSP1-2.6
2027-09-11,18.2999,27.164,91.446,5.914,219.99,SSP1-2.6
2027-09-12,24.1839,27.452,88.973,8.685,244.68,SSP1-2.6
2027-09-13,2.1345,27.311,88.757,6.566,240.0,SSP1-2.6
2027-09-14,4.0745,27.28,85.543,10.998,250.92,SSP1-2.6
2027-09-15,0.6743,26.691,90.986,11.088,209.53,SSP1-2.6
2027-09-16,18.9109,26.759,91.426,14.875,198.88,SSP1-2.6
2027-09-17,7.2893,27.03,88.69,17.713,216.74,SSP1-2.6
2027-09-18,8.6591,26.968,90.9,12.03,207.27,SSP1-2.6
2027-09-19,0.0,27.031,89.745,10.347,218.17,SSP1-2.6
2027-09-20,0.0,27.338,85.333,9.57,247.67,SSP1-2.6
2027-09-21,0.0,27.585,82.703,7.324,269.45,SSP1-2.6
2027-09-22,0.0,27.691,82.519,6.826,270.39,SSP1-2.6
2027-09-23,0.0,27.715,84.143,4.439,257.98,SSP1-2.6
2027-09-24,19.2471,27.048,90.911,3.813,222.14,SSP1-2.6
2027-09-25,1.7492,26.747,90.211,6.015,229.08,SSP1-2.6
2027-09-26,0.4128,26.897,89.08,5.912,230.78,SSP1-2.6
2027-09-27,0.0,27.121,86.982,4.32,241.98,SSP1-2.6
2027-09-28,3.4326,26.918,88.705,4.882,238.94,SSP1-2.6
2027-09-29,0.5067,26.727,89.15,4.605,226.44,SSP1-2.6
2027-09-30,0.0,26.877,88.229,2.975,240.69,SSP1-2.6
2027-10-01,0.0085,26.251,87.861,3.228,225.23,SSP1-2.6
2027-10-02,7.2144,26.15,90.835,4.42,213.26,SSP1-2.6
2027-10-03,22.6414,25.776,91.405,6.206,206.46,SSP1-2.6
2027-10-04,27.134,25.552,95.049,7.781,176.28,SSP1-2.6
2027-10-05,0.7317,25.633,91.68,6.298,203.67,SSP1-2.6
2027-10-06,0.0603,26.066,87.334,6.13,244.21,SSP1-2.6
2027-10-07,0.0377,26.124,87.64,4.716,230.08,SSP1-2.6
2027-10-08,6.3438,26.142,88.973,2.664,229.35,SSP1-2.6
2027-10-09,2.5062,26.07,88.098,6.606,211.94,SSP1-2.6
2027-10-10,4.6519,25.877,88.772,10.604,202.94,SSP1-2.6
2027-10-11,0.0,26.159,83.368,10.864,227.64,SSP1-2.6
2027-10-12,0.0,26.051,84.154,11.003,217.41,SSP1-2.6
2027-10-13,4.8463,25.861,86.405,10.238,209.0,SSP1-2.6
2027-10-14,14.2701,25.772,88.685,10.305,180.29,SSP1-2.6
2027-10-15,22.3534,25.645,90.647,9.994,184.58,SSP1-2.6
2027-10-16,37.1563,25.37,92.752,8.442,157.0,SSP1-2.6
2027-10-17,16.0513,25.494,88.503,8.881,215.8,SSP1-2.6
2027-10-18,28.4997,24.836,93.692,7.189,176.75,SSP1-2.6
2027-10-19,25.451,24.699,93.199,6.035,176.57,SSP1-2.6
2027-10-20,6.8789,25.139,90.049,5.531,193.19,SSP1-2.6
2027-10-21,6.2524,25.178,89.359,4.82,205.52,SSP1-2.6
2027-10-22,0.07,24.945,88.105,3.216,204.95,SSP1-2.6
2027-10-23,0.0,24.915,87.888,4.654,210.59,SSP1-2.6
2027-10-24,0.0,24.978,88.001,2.716,216.54,SSP1-2.6
2027-10-25,0.0,25.16,87.359,4.869,210.42,SSP1-2.6
2027-10-26,0.0688,24.167,86.732,8.56,195.06,SSP1-2.6
2027-10-27,7.9792,24.116,87.733,10.996,189.26,SSP1-2.6
2027-10-28,48.642,23.802,90.651,11.79,175.03,SSP1-2.6
2027-10-29,39.2747,23.009,93.31,11.296,160.31,SSP1-2.6
2027-10-30,26.242,23.489,92.566,9.044,165.26,SSP1-2.6
2027-10-31,19.4159,23.847,91.766,6.559,171.3,SSP1-2.6
2027-11-01,10.7319,24.189,91.191,7.458,176.3,SSP1-2.6
2027-11-02,3.0314,24.241,88.851,7.543,195.24,SSP1-2.6
2027-11-03,0.0489,23.929,85.366,6.497,220.74,SSP1-2.6
2027-11-04,0.0,23.723,82.007,7.135,244.62,SSP1-2.6
2027-11-05,0.0,23.61,81.161,7.284,253.59,SSP1-2.6
2027-11-06,0.0,23.845,80.264,5.111,255.07,SSP1-2.6
2027-11-07,0.0,23.887,80.382,4.679,252.44,SSP1-2.6
2027-11-08,0.0,23.716,79.831,5.795,254.15,SSP1-2.6
2027-11-09,0.0,23.586,75.358,4.4,257.08,SSP1-2.6
2027-11-10,0.0,23.5,70.458,4.575,254.94,SSP1-2.6
2027-11-11,0.0,23.561,72.155,5.568,251.43,SSP1-2.6
2027-11-12,0.0,23.082,75.494,7.509,250.75,SSP1-2.6
2027-11-13,0.0,22.33,63.12,6.19,262.03,SSP1-2.6
2027-11-14,0.0,22.111,61.401,6.399,256.49,SSP1-2.6
2027-11-15,0.0,22.204,64.855,7.305,253.69,SSP1-2.6
2027-11-16,0.0,22.723,71.997,7.947,248.66,SSP1-2.6
2027-11-17,0.0,22.615,64.805,9.3,253.53,SSP1-2.6
2027-11-18,0.0,22.535,67.213,8.595,251.39,SSP1-2.6
2027-11-19,0.0,22.765,69.868,8.125,243.7,SSP1-2.6
2027-11-20,0.0,22.454,69.851,7.229,249.07,SSP1-2.6
2027-11-21,0.0,22.242,68.045,5.418,244.4,SSP1-2.6
2027-11-22,0.0,22.22,62.941,6.513,240.45,SSP1-2.6
2027-11-23,0.0,21.847,61.352,7.11,248.32,SSP1-2.6
2027-11-24,0.0,22.348,65.293,7.411,248.06,SSP1-2.6
2027-11-25,0.0,22.926,68.308,7.433,223.22,SSP1-2.6
2027-11-26,0.0,22.692,58.416,9.026,228.66,SSP1-2.6
2027-11-27,0.0,21.553,60.784,8.994,191.18,SSP1-2.6
2027-11-28,0.0,21.192,49.256,10.141,215.44,SSP1-2.6
2027-11-29,0.0,20.9,44.994,9.945,223.45,SSP1-2.6
2027-11-30,0.0,20.621,48.867,9.08,219.79,SSP1-2.6
2027-12-01,0.0,20.658,54.407,7.394,213.92,SSP1-2.6
2027-12-02,0.0,22.545,71.85,7.157,214.81,SSP1-2.6
2027-12-03,0.0228,22.088,82.885,7.702,168.84,SSP1-2.6
2027-12-04,0.0,22.497,76.677,7.534,191.91,SSP1-2.6
2027-12-05,0.0,23.18,69.415,9.275,205.7,SSP1-2.6
2027-12-06,0.0,22.32,70.62,8.015,188.68,SSP1-2.6
2027-12-07,0.0,22.311,68.089,5.674,213.33,SSP1-2.6
2027-12-08,0.0,22.232,60.114,6.64,230.12,SSP1-2.6
2027-12-09,0.0,21.67,60.053,6.457,229.99,SSP1-2.6
2027-12-10,0.0,21.487,65.173,4.533,213.06,SSP1-2.6
2027-12-11,0.0,21.717,64.874,8.652,208.99,SSP1-2.6
2027-12-12,0.0,20.469,48.22,10.955,218.87,SSP1-2.6
2027-12-13,0.0,19.211,32.142,9.877,256.89,SSP1-2.6
2027-12-14,0.0,18.603,35.558,9.079,253.86,SSP1-2.6
2027-12-15,0.0,18.449,43.492,8.624,248.21,SSP1-2.6
2027-12-16,0.0,19.336,41.902,8.701,247.75,SSP1-2.6
2027-12-17,0.0,19.106,42.504,8.98,241.37,SSP1-2.6
2027-12-18,0.0,21.47,56.397,10.086,189.6,SSP1-2.6
2027-12-19,0.0,21.829,50.899,11.147,223.08,SSP1-2.6
2027-12-20,0.0,20.91,49.794,11.827,175.83,SSP1-2.6
2027-12-21,0.0,8.145,76.091,11.192,109.44,SSP1-2.6
2027-12-22,0.0,16.923,75.712,15.519,102.22,SSP1-2.6
2027-12-23,0.0,7.027,77.304,10.683,131.03,SSP1-2.6
2027-12-24,0.0,12.001,84.264,8.661,116.03,SSP1-2.6
2027-12-25,0.0,21.398,77.709,3.813,191.42,SSP1-2.6
2027-12-26,0.0,21.742,77.295,7.313,178.29,SSP1-2.6
2027-12-27,0.0,21.727,71.243,8.423,187.99,SSP1-2.6
2027-12-28,0.0,23.313,66.135,6.134,218.5,SSP1-2.6
2027-12-29,0.0,23.352,66.031,6.286,229.23,SSP1-2.6
2027-12-30,0.0,23.296,66.0,6.844,228.2,SSP1-2.6
2027-12-31,0.0,23.252,67.247,8.749,196.57,SSP1-2.6
2028-01-01,0.0,22.238,65.947,8.25,199.13,SSP1-2.6
2028-01-02,0.0,22.557,59.366,9.858,226.61,SSP1-2.6
2028-01-03,0.0,22.364,51.482,9.7,232.07,SSP1-2.6
2028-01-04,0.0,20.979,49.09,8.961,215.26,SSP1-2.6
2028-01-05,0.0,21.266,48.735,8.054,248.47,SSP1-2.6
2028-01-06,0.0,21.587,50.834,8.903,249.29,SSP1-2.6
2028-01-07,0.0,20.787,44.87,9.775,252.42,SSP1-2.6
2028-01-08,0.0,20.374,39.371,9.99,258.43,SSP1-2.6
2028-01-09,0.0,20.157,48.248,8.006,220.86,SSP1-2.6
2028-01-10,0.0,20.141,47.904,8.405,252.37,SSP1-2.6
2028-01-11,0.0,20.272,52.826,8.77,251.05,SSP1-2.6
2028-01-12,0.0,22.794,61.904,8.978,224.18,SSP1-2.6
2028-01-13,0.0,23.94,58.521,8.779,233.01,SSP1-2.6
2028-01-14,0.0,23.8,58.854,5.594,237.2,SSP1-2.6
2028-01-15,0.0,23.905,55.965,4.376,224.64,SSP1-2.6
2028-01-16,0.0,23.731,55.49,4.512,240.03,SSP1-2.6
2028-01-17,0.0,23.793,54.429,6.78,242.94,SSP1-2.6
2028-01-18,0.0,23.694,54.762,8.56,244.06,SSP1-2.6
2028-01-19,0.0,23.364,52.33,9.696,245.28,SSP1-2.6
2028-01-20,0.0,22.833,47.611,8.591,257.82,SSP1-2.6
2028-01-21,0.0,22.69,50.693,5.224,257.0,SSP1-2.6
2028-01-22,0.0,23.09,51.641,4.62,254.98,SSP1-2.6
2028-01-23,0.0,23.61,49.36,5.0,252.99,SSP1-2.6
2028-01-24,0.0,23.839,50.193,4.038,251.97,SSP1-2.6
2028-01-25,0.0,24.137,48.135,4.03,252.56,SSP1-2.6
2028-01-26,0.0,24.743,48.401,5.97,237.9,SSP1-2.6
2028-01-27,0.0,23.327,57.205,6.795,221.56,SSP1-2.6
2028-01-28,0.0,23.496,54.787,7.016,229.07,SSP1-2.6
2028-01-29,0.0,23.494,51.726,5.499,215.99,SSP1-2.6
2028-01-30,0.0,22.914,42.971,5.297,260.32,SSP1-2.6
2028-01-31,0.0,22.768,41.583,4.785,270.46,SSP1-2.6
2028-02-01,0.0,23.454,42.223,4.628,269.4,SSP1-2.6
2028-02-02,0.0,23.646,42.642,5.966,270.89,SSP1-2.6
2028-02-03,0.0,23.611,39.094,6.312,275.37,SSP1-2.6
2028-02-04,0.0,23.554,41.45,4.957,277.66,SSP1-2.6
2028-02-05,0.0,24.04,42.156,4.389,277.85,SSP1-2.6
2028-02-06,0.0,24.9,42.408,4.095,272.27,SSP1-2.6
2028-02-07,0.0,24.814,44.142,5.793,268.43,SSP1-2.6
2028-02-08,0.0,24.913,40.858,8.813,270.5,SSP1-2.6
2028-02-09,0.0,24.703,40.71,6.167,280.3,SSP1-2.6
2028-02-10,0.0,24.886,45.132,7.931,276.81,SSP1-2.6
2028-02-11,0.0,25.173,39.778,11.475,280.13,SSP1-2.6
2028-02-12,0.0,24.768,31.542,13.887,285.22,SSP1-2.6
2028-02-13,0.0,23.87,31.09,13.079,290.98,SSP1-2.6
2028-02-14,0.0,23.722,33.907,8.348,289.66,SSP1-2.6
2028-02-15,0.0,23.611,46.041,9.292,286.03,SSP1-2.6
2028-02-16,0.0,25.435,46.279,10.131,271.25,SSP1-2.6
2028-02-17,0.0,25.974,50.833,8.378,248.5,SSP1-2.6
2028-02-18,0.0,26.398,53.739,6.489,233.04,SSP1-2.6
2028-02-19,0.0,26.629,50.334,6.828,252.75,SSP1-2.6
2028-02-20,0.0,26.734,48.83,7.567,285.38,SSP1-2.6
2028-02-21,0.0,26.154,47.822,10.081,250.55,SSP1-2.6
2028-02-22,0.0,25.134,33.7,9.184,303.73,SSP1-2.6
2028-02-23,0.0,24.826,34.105,4.232,303.93,SSP1-2.6
2028-02-24,0.0,25.599,46.46,8.562,294.1,SSP1-2.6
2028-02-25,0.0,26.247,47.701,9.267,291.83,SSP1-2.6
2028-02-26,0.0,26.824,43.704,8.972,287.32,SSP1-2.6
2028-02-27,0.0,26.949,41.756,7.289,286.26,SSP1-2.6
2028-02-28,0.0,26.809,40.513,5.902,249.44,SSP1-2.6
2028-02-29,0.0,27.016,39.847,8.008,273.27,SSP1-2.6
2028-03-01,0.0,26.859,40.709,9.726,244.44,SSP1-2.6
2028-03-02,0.0,26.791,39.116,11.709,302.6,SSP1-2.6
2028-03-03,0.0,26.684,44.041,11.31,258.87,SSP1-2.6
2028-03-04,0.0,26.386,45.275,10.716,256.08,SSP1-2.6
2028-03-05,0.0,26.942,46.472,10.306,314.47,SSP1-2.6
2028-03-06,0.0,28.232,43.564,9.21,308.45,SSP1-2.6
2028-03-07,0.0,28.941,44.606,8.521,287.24,SSP1-2.6
2028-03-08,0.0,29.398,42.6,7.683,272.4,SSP1-2.6
2028-03-09,0.3081,29.367,51.446,7.106,234.86,SSP1-2.6
2028-03-10,3.1381,29.401,53.077,9.873,259.79,SSP1-2.6
2028-03-11,0.0,29.806,48.955,6.862,275.99,SSP1-2.6
2028-03-12,0.0,29.687,44.853,6.571,277.16,SSP1-2.6
2028-03-13,0.0008,26.135,58.077,5.625,190.25,SSP1-2.6
2028-03-14,0.0,28.518,35.399,9.838,317.81,SSP1-2.6
2028-03-15,0.0,28.43,30.476,8.01,321.2,SSP1-2.6
2028-03-16,0.0,28.567,39.664,9.587,310.53,SSP1-2.6
2028-03-17,0.0,29.177,44.239,10.341,289.52,SSP1-2.6
2028-03-18,0.0,30.047,37.816,10.692,303.55,SSP1-2.6
2028-03-19,0.0,29.721,34.182,9.755,324.8,SSP1-2.6
2028-03-20,0.0,29.53,35.131,7.669,325.23,SSP1-2.6
2028-03-21,0.0,29.491,30.249,8.479,330.6,SSP1-2.6
2028-03-22,0.0,29.262,32.053,6.554,334.56,SSP1-2.6
2028-03-23,0.0,30.07,34.553,4.962,328.32,SSP1-2.6
2028-03-24,0.0,30.225,30.513,4.991,331.65,SSP1-2.6
2028-03-25,0.0,29.919,30.172,6.063,327.47,SSP1-2.6
2028-03-26,0.0,30.297,31.629,6.469,316.1,SSP1-2.6
2028-03-27,0.0,30.189,30.564,5.074,331.87,SSP1-2.6
2028-03-28,0.0,30.23,30.56,6.571,311.51,SSP1-2.6
2028-03-29,0.0,30.774,30.047,10.626,291.99,SSP1-2.6
2028-03-30,0.0,30.835,31.086,12.019,299.71,SSP1-2.6
2028-03-31,4.6452,30.026,48.129,12.986,275.38,SSP1-2.6
2028-04-01,0.1138,29.379,46.33,8.132,275.31,SSP1-2.6
2028-04-02,0.0411,30.134,42.327,6.148,304.76,SSP1-2.6
2028-04-03,0.0942,30.917,40.239,4.121,298.45,SSP1-2.6
2028-04-04,0.322,29.905,49.732,4.299,239.82,SSP1-2.6
2028-04-05,0.0,30.561,42.681,3.607,276.21,SSP1-2.6
2028-04-06,0.0,31.108,34.672,4.917,308.35,SSP1-2.6
2028-04-07,0.0,31.028,33.875,4.0,327.18,SSP1-2.6
2028-04-08,0.0,30.832,33.568,5.071,323.4,SSP1-2.6
2028-04-09,0.0,31.365,32.256,5.157,329.03,SSP1-2.6
2028-04-10,0.0391,31.588,32.845,6.984,320.95,SSP1-2.6
2028-04-11,0.5458,26.35,64.807,4.881,193.9,SSP1-2.6
2028-04-12,0.089,30.742,39.197,7.222,315.56,SSP1-2.6
2028-04-13,0.0,31.374,35.11,5.828,326.32,SSP1-2.6
2028-04-14,0.0,31.52,34.505,6.185,330.98,SSP1-2.6
2028-04-15,0.0284,31.566,35.845,6.984,310.33,SSP1-2.6
2028-04-16,0.0093,31.576,38.915,6.623,302.85,SSP1-2.6
2028-04-17,0.2688,31.813,38.995,6.577,289.83,SSP1-2.6
2028-04-18,0.0,31.722,37.812,5.007,277.0,SSP1-2.6
2028-04-19,0.1889,32.221,35.942,5.314,297.22,SSP1-2.6
2028-04-20,0.0858,32.783,32.124,6.365,314.75,SSP1-2.6
2028-04-21,0.6251,32.424,36.423,6.514,289.24,SSP1-2.6
2028-04-22,0.3257,26.813,57.065,8.227,207.55,SSP1-2.6
2028-04-23,0.0,31.913,34.879,6.421,336.86,SSP1-2.6
2028-04-24,0.0,32.453,29.81,6.982,340.59,SSP1-2.6
2028-04-25,0.0,32.841,27.567,9.335,346.1,SSP1-2.6
2028-04-26,0.0,32.806,26.713,11.235,344.91,SSP1-2.6
2028-04-27,0.0,32.851,26.785,9.609,344.14,SSP1-2.6
2028-04-28,0.0978,33.22,27.353,6.759,336.27,SSP1-2.6
2028-04-29,7.8423,33.3,30.971,8.044,316.6,SSP1-2.6
2028-04-30,0.3294,31.25,40.834,7.305,263.77,SSP1-2.6
2028-05-01,0.0,32.716,31.986,6.576,308.22,SSP1-2.6
2028-05-02,0.0,33.517,29.412,7.335,313.51,SSP1-2.6
2028-05-03,0.0,33.583,32.641,6.308,299.12,SSP1-2.6
2028-05-04,0.0343,33.46,33.086,6.812,294.29,SSP1-2.6
2028-05-05,0.0,33.556,28.904,7.562,335.32,SSP1-2.6
2028-05-06,0.0,33.744,28.047,7.533,317.86,SSP1-2.6
2028-05-07,0.0012,33.667,27.148,7.713,328.86,SSP1-2.6
2028-05-08,0.0015,33.705,29.367,6.167,326.1,SSP1-2.6
2028-05-09,0.0,33.711,27.476,6.202,330.48,SSP1-2.6
2028-05-10,0.0,33.869,26.592,6.38,312.17,SSP1-2.6
2028-05-11,0.0,33.639,26.973,5.84,306.7,SSP1-2.6
2028-05-12,0.0,33.527,26.209,6.846,316.93,SSP1-2.6
2028-05-13,0.0,33.897,27.077,8.662,306.5,SSP1-2.6
2028-05-14,0.0,33.973,26.985,7.443,308.1,SSP1-2.6
2028-05-15,0.0,33.757,28.177,11.585,266.51,SSP1-2.6
2028-05-16,0.0,34.045,26.317,15.707,295.23,SSP1-2.6
2028-05-17,0.0,33.859,27.622,13.74,283.73,SSP1-2.6
2028-05-18,0.0,34.012,27.687,10.724,321.43,SSP1-2.6
2028-05-19,0.1265,33.865,29.901,7.341,283.97,SSP1-2.6
2028-05-20,0.0159,33.893,30.241,5.835,292.08,SSP1-2.6
2028-05-21,0.0171,34.091,29.604,6.468,307.65,SSP1-2.6
2028-05-22,0.0,34.33,30.523,9.037,311.7,SSP1-2.6
2028-05-23,0.0,34.429,27.167,10.081,333.11,SSP1-2.6
2028-05-24,0.0,34.53,26.379,10.016,339.47,SSP1-2.6
2028-05-25,0.0437,34.681,28.667,9.305,326.08,SSP1-2.6
2028-05-26,0.1399,34.156,31.805,10.83,320.9,SSP1-2.6
2028-05-27,0.0021,34.26,33.37,13.515,317.55,SSP1-2.6
2028-05-28,1.6216,33.757,39.286,13.342,301.73,SSP1-2.6
2028-05-29,0.0011,33.369,36.515,13.967,304.1,SSP1-2.6
2028-05-30,0.4044,33.407,36.273,14.98,304.43,SSP1-2.6
2028-05-31,0.0006,32.227,39.749,16.644,279.24,SSP1-2.6
2028-06-01,0.0,31.002,39.461,14.024,262.76,SSP1-2.6
2028-06-02,0.0,32.712,33.987,8.878,333.84,SSP1-2.6
2028-06-03,0.0,33.34,32.275,10.953,335.68,SSP1-2.6
2028-06-04,0.0,33.115,38.091,13.0,321.79,SSP1-2.6
2028-06-05,0.0,29.169,54.706,11.811,240.34,SSP1-2.6
2028-06-06,0.0,31.519,46.119,12.997,299.53,SSP1-2.6
2028-06-07,0.0,30.757,46.257,15.025,258.99,SSP1-2.6
2028-06-08,0.0,32.075,41.606,16.16,294.18,SSP1-2.6
2028-06-09,0.0,31.165,46.837,17.768,276.45,SSP1-2.6
2028-06-10,0.0,31.924,42.976,16.174,302.37,SSP1-2.6
2028-06-11,0.0,32.319,41.889,10.548,297.58,SSP1-2.6
2028-06-12,0.0,33.234,39.926,9.264,321.33,SSP1-2.6
2028-06-13,0.0,33.462,42.88,13.411,299.84,SSP1-2.6
2028-06-14,0.0,32.892,44.527,14.894,335.37,SSP1-2.6
2028-06-15,0.0,32.614,47.067,15.941,309.72,SSP1-2.6
2028-06-16,0.0,32.187,45.839,15.971,313.47,SSP1-2.6
2028-06-17,0.0,31.238,49.369,15.837,302.94,SSP1-2.6
2028-06-18,0.0,31.181,47.716,15.696,319.78,SSP1-2.6
2028-06-19,0.0,31.691,48.205,16.814,317.55,SSP1-2.6
2028-06-20,0.0,30.953,49.765,16.822,300.01,SSP1-2.6
2028-06-21,0.0,30.623,53.968,16.076,280.86,SSP1-2.6
2028-06-22,0.0658,29.903,57.1,15.241,278.24,SSP1-2.6
2028-06-23,0.0,29.345,57.494,15.866,290.14,SSP1-2.6
2028-06-24,0.0,27.92,61.668,15.773,250.75,SSP1-2.6
2028-06-25,0.0487,28.359,62.427,14.969,241.83,SSP1-2.6
2028-06-26,0.0496,28.512,64.382,15.399,256.85,SSP1-2.6
2028-06-27,0.0,28.477,59.975,15.042,275.78,SSP1-2.6
2028-06-28,0.0,28.734,59.702,16.461,299.78,SSP1-2.6
2028-06-29,0.0,28.609,56.904,15.035,293.7,SSP1-2.6
2028-06-30,0.0,29.034,56.724,14.268,291.15,SSP1-2.6
2028-07-01,0.0,30.394,58.39,14.648,262.36,SSP1-2.6
2028-07-02,0.0,30.151,58.97,13.686,251.67,SSP1-2.6
2028-07-03,0.0,30.422,57.585,14.057,286.32,SSP1-2.6
2028-07-04,0.0,30.655,57.497,15.216,292.31,SSP1-2.6
2028-07-05,0.0,30.308,61.691,13.87,240.14,SSP1-2.6
2028-07-06,0.0,30.238,62.33,10.455,260.57,SSP1-2.6
2028-07-07,0.0,30.532,59.808,9.771,264.81,SSP1-2.6
2028-07-08,1.2397,30.588,61.39,7.532,279.34,SSP1-2.6
2028-07-09,3.1212,29.147,76.168,4.656,217.77,SSP1-2.6
2028-07-10,0.1162,29.881,70.391,7.81,251.61,SSP1-2.6
2028-07-11,0.0,30.568,57.962,13.226,303.55,SSP1-2.6
2028-07-12,0.0,30.689,54.829,16.07,297.03,SSP1-2.6
2028-07-13,0.0,30.738,51.244,15.151,293.52,SSP1-2.6
2028-07-14,0.0,31.037,56.749,16.494,303.02,SSP1-2.6
2028-07-15,0.0,30.457,65.866,14.255,240.02,SSP1-2.6
2028-07-16,0.002,30.142,65.122,12.128,249.71,SSP1-2.6
2028-07-17,2.075,29.421,73.543,8.436,223.69,SSP1-2.6
2028-07-18,0.0,30.277,68.173,10.075,262.21,SSP1-2.6
2028-07-19,0.7802,29.096,76.935,8.652,229.18,SSP1-2.6
2028-07-20,0.0,29.838,68.455,11.392,260.0,SSP1-2.6
2028-07-21,1.977,28.508,76.332,11.329,231.9,SSP1-2.6
2028-07-22,0.0813,28.267,81.023,10.791,223.42,SSP1-2.6
2028-07-23,15.0791,28.104,85.602,10.754,225.08,SSP1-2.6
2028-07-24,7.9262,27.344,89.793,11.766,178.64,SSP1-2.6
2028-07-25,0.5673,28.207,81.705,10.91,242.58,SSP1-2.6
2028-07-26,0.1196,28.57,77.725,11.246,259.19,SSP1-2.6
2028-07-27,0.0204,28.663,75.142,11.307,266.89,SSP1-2.6
2028-07-28,0.0,28.674,75.761,11.417,250.39,SSP1-2.6
2028-07-29,0.1573,28.471,78.878,12.101,237.41,SSP1-2.6
2028-07-30,0.4926,28.446,78.14,11.743,236.05,SSP1-2.6
2028-07-31,5.8736,27.866,87.461,11.733,225.43,SSP1-2.6
2028-08-01,0.8902,26.763,85.179,16.253,216.5,SSP1-2.6
2028-08-02,10.6723,26.473,89.35,15.604,204.16,SSP1-2.6
2028-08-03,3.6255,26.383,89.075,15.556,198.97,SSP1-2.6
2028-08-04,0.1048,27.09,84.686,11.491,226.67,SSP1-2.6
2028-08-05,0.0385,27.509,82.815,11.705,235.33,SSP1-2.6
2028-08-06,37.8461,26.477,90.626,12.45,200.28,SSP1-2.6
2028-08-07,26.4259,26.017,92.89,10.754,180.86,SSP1-2.6
2028-08-08,0.5906,26.524,89.551,10.942,214.56,SSP1-2.6
2028-08-09,1.8285,27.151,86.281,11.606,243.45,SSP1-2.6
2028-08-10,5.0496,27.025,86.838,11.918,236.4,SSP1-2.6
2028-08-11,0.0,27.1,85.948,11.702,232.51,SSP1-2.6
2028-08-12,1.3338,26.981,87.597,12.352,226.14,SSP1-2.6
2028-08-13,13.5006,26.245,90.695,12.992,202.58,SSP1-2.6
2028-08-14,17.1917,26.063,91.659,12.024,186.04,SSP1-2.6
2028-08-15,0.0,26.869,84.803,12.493,228.36,SSP1-2.6
2028-08-16,0.0,27.342,81.241,12.215,252.51,SSP1-2.6
2028-08-17,1.7225,26.935,85.435,13.233,235.04,SSP1-2.6
2028-08-18,0.0,26.765,87.441,8.701,224.64,SSP1-2.6
2028-08-19,0.0,27.326,84.074,7.128,239.79,SSP1-2.6
2028-08-20,12.7276,27.106,89.608,5.707,232.15,SSP1-2.6
2028-08-21,0.9693,27.451,85.863,3.572,246.01,SSP1-2.6
2028-08-22,0.0,27.484,84.77,4.667,247.61,SSP1-2.6
2028-08-23,1.0076,27.546,85.284,4.742,255.33,SSP1-2.6
2028-08-24,9.3237,27.173,89.144,4.592,231.78,SSP1-2.6
2028-08-25,16.628,26.94,90.67,5.086,222.3,SSP1-2.6
2028-08-26,0.0,27.011,88.471,2.933,241.89,SSP1-2.6
2028-08-27,0.0,27.603,82.493,3.094,252.88,SSP1-2.6
2028-08-28,1.2608,27.651,87.348,3.885,241.95,SSP1-2.6
2028-08-29,19.7391,27.197,90.287,4.426,228.2,SSP1-2.6
2028-08-30,32.6293,26.386,94.731,5.299,205.34,SSP1-2.6
2028-08-31,21.9398,26.833,91.491,5.194,233.01,SSP1-2.6
2028-09-01,32.1217,26.631,94.305,5.592,213.03,SSP1-2.6
2028-09-02,8.3877,26.784,92.736,9.6,197.82,SSP1-2.6
2028-09-03,0.2528,27.145,87.275,10.937,230.94,SSP1-2.6
2028-09-04,3.1529,26.765,89.572,9.789,216.65,SSP1-2.6
2028-09-05,24.9076,26.524,93.871,4.852,202.85,SSP1-2.6
2028-09-06,6.8652,26.794,91.769,9.974,214.64,SSP1-2.6
2028-09-07,19.5282,26.752,90.053,11.841,218.15,SSP1-2.6
2028-09-08,0.7674,26.744,88.572,11.659,218.73,SSP1-2.6
2028-09-09,0.0,27.272,80.967,11.595,238.93,SSP1-2.6
2028-09-10,0.0,27.55,78.08,10.287,265.7,SSP1-2.6
2028-09-11,0.0,27.758,78.768,8.291,263.28,SSP1-2.6
2028-09-12,0.0,27.882,78.833,7.081,262.7,SSP1-2.6
2028-09-13,0.0,27.8,78.709,7.702,251.37,SSP1-2.6
2028-09-14,0.0,27.878,75.773,7.847,260.04,SSP1-2.6
2028-09-15,0.0,27.431,77.207,7.946,251.2,SSP1-2.6
2028-09-16,0.0,27.36,74.485,5.52,302.05,SSP1-2.6
2028-09-17,0.0,28.007,75.535,3.302,263.29,SSP1-2.6
2028-09-18,0.0,27.827,83.176,5.082,243.76,SSP1-2.6
2028-09-19,6.4643,27.312,87.932,5.053,234.25,SSP1-2.6
2028-09-20,17.3353,27.151,90.36,3.902,221.71,SSP1-2.6
2028-09-21,14.5391,27.065,90.454,3.702,227.03,SSP1-2.6
2028-09-22,3.9874,27.149,89.158,3.823,232.28,SSP1-2.6
2028-09-23,4.7382,27.179,89.622,3.65,227.67,SSP1-2.6
2028-09-24,13.8524,27.274,89.79,2.947,221.76,SSP1-2.6
2028-09-25,30.015,26.59,93.58,3.017,203.81,SSP1-2.6
2028-09-26,1.0849,26.787,89.664,3.343,220.11,SSP1-2.6
2028-09-27,0.0,27.314,82.617,5.486,279.39,SSP1-2.6
2028-09-28,0.0,27.26,82.406,5.496,260.88,SSP1-2.6
2028-09-29,0.0,27.298,81.502,5.413,258.08,SSP1-2.6
2028-09-30,0.0,27.309,79.684,5.351,267.08,SSP1-2.6
2028-10-01,0.0,26.835,77.479,4.467,279.61,SSP1-2.6
2028-10-02,0.0,27.448,73.064,5.179,279.23,SSP1-2.6
2028-10-03,0.0,27.765,74.403,4.926,257.73,SSP1-2.6
2028-10-04,0.0011,27.674,75.848,4.479,250.31,SSP1-2.6
2028-10-05,0.6162,26.097,80.321,7.027,221.72,SSP1-2.6
2028-10-06,10.1014,25.393,87.071,8.099,200.84,SSP1-2.6
2028-10-07,23.4061,25.342,92.347,5.074,181.55,SSP1-2.6
2028-10-08,30.1191,25.357,93.019,7.451,187.82,SSP1-2.6
2028-10-09,5.2761,25.665,86.409,8.244,210.78,SSP1-2.6
2028-10-10,0.0313,25.521,77.685,10.221,213.46,SSP1-2.6
2028-10-11,8.7326,25.343,86.095,10.225,187.95,SSP1-2.6
2028-10-12,26.9084,25.339,92.973,7.536,172.41,SSP1-2.6
2028-10-13,7.286,25.585,86.307,7.311,214.47,SSP1-2.6
2028-10-14,0.0,26.715,79.724,8.237,233.2,SSP1-2.6
2028-10-15,0.0,25.572,82.268,8.17,209.86,SSP1-2.6
2028-10-16,0.0083,26.746,68.472,7.451,281.84,SSP1-2.6
2028-10-17,8.8867,24.947,88.397,5.397,183.34,SSP1-2.6
2028-10-18,0.0,26.02,70.594,3.286,263.33,SSP1-2.6
2028-10-19,0.0063,26.038,59.013,4.922,255.82,SSP1-2.6
2028-10-20,0.0,24.951,50.183,6.143,270.9,SSP1-2.6
2028-10-21,0.0,24.119,47.354,6.792,272.92,SSP1-2.6
2028-10-22,0.0,23.425,49.35,3.716,247.73,SSP1-2.6
2028-10-23,0.0,23.234,49.87,5.131,276.95,SSP1-2.6
2028-10-24,0.0,23.947,53.533,5.637,274.24,SSP1-2.6
2028-10-25,0.0,25.198,55.976,4.99,254.73,SSP1-2.6
2028-10-26,6.3175,24.332,85.935,6.422,196.34,SSP1-2.6
2028-10-27,17.5152,23.895,89.225,6.371,184.17,SSP1-2.6
2028-10-28,1.4395,25.417,80.462,8.996,210.26,SSP1-2.6
2028-10-29,0.0,23.629,50.988,9.265,273.83,SSP1-2.6
2028-10-30,0.0,23.414,49.985,6.963,276.84,SSP1-2.6
2028-10-31,0.0,23.356,46.758,6.983,275.53,SSP1-2.6
2028-11-01,0.0,23.418,49.234,6.21,270.39,SSP1-2.6
2028-11-02,0.0,24.268,47.629,5.983,263.12,SSP1-2.6
2028-11-03,0.0,23.757,46.263,6.379,262.82,SSP1-2.6
2028-11-04,0.0,23.771,48.02,6.089,257.66,SSP1-2.6
2028-11-05,0.0,23.972,49.32,7.61,255.31,SSP1-2.6
2028-11-06,0.0,24.116,60.966,8.924,222.28,SSP1-2.6
2028-11-07,0.0,23.767,50.632,6.63,255.76,SSP1-2.6
2028-11-08,0.0,23.508,48.236,3.316,258.05,SSP1-2.6
2028-11-09,0.0,23.645,53.911,3.862,252.44,SSP1-2.6
2028-11-10,0.0,24.205,54.246,6.387,227.27,SSP1-2.6
2028-11-11,0.0,24.0,46.83,7.07,254.07,SSP1-2.6
2028-11-12,0.0,23.753,45.064,8.227,251.7,SSP1-2.6
2028-11-13,0.0,23.269,41.834,9.107,249.39,SSP1-2.6
2028-11-14,0.0,22.841,37.432,11.002,252.86,SSP1-2.6
2028-11-15,0.0,23.121,41.153,11.941,252.49,SSP1-2.6
2028-11-16,0.0052,24.249,52.816,11.176,188.12,SSP1-2.6
2028-11-17,16.3508,24.116,73.078,15.603,181.04,SSP1-2.6
2028-11-18,28.2085,23.148,91.324,10.958,77.87,SSP1-2.6
2028-11-19,21.055,22.969,90.715,9.251,122.6,SSP1-2.6
2028-11-20,0.0865,24.668,81.497,6.222,179.48,SSP1-2.6
2028-11-21,0.3873,25.705,75.116,7.455,202.97,SSP1-2.6
2028-11-22,0.0546,24.789,79.817,7.753,190.3,SSP1-2.6
2028-11-23,0.0,25.25,70.909,9.102,207.69,SSP1-2.6
2028-11-24,0.0,23.37,68.424,9.562,185.1,SSP1-2.6
2028-11-25,0.0,23.641,46.7,14.614,215.93,SSP1-2.6
2028-11-26,0.416,22.815,55.889,14.551,207.17,SSP1-2.6
2028-11-27,0.0012,22.955,68.187,13.607,173.27,SSP1-2.6
2028-11-28,0.0,23.747,63.182,12.192,220.76,SSP1-2.6
2028-11-29,0.0,22.649,74.237,9.068,158.67,SSP1-2.6
2028-11-30,3.51,22.753,71.212,10.122,178.13,SSP1-2.6
2028-12-01,0.0434,21.581,87.003,9.959,127.87,SSP1-2.6
2028-12-02,0.0016,23.216,61.435,9.813,228.69,SSP1-2.6
2028-12-03,0.0,23.001,56.819,10.179,232.03,SSP1-2.6
2028-12-04,0.0021,22.201,62.005,8.501,202.08,SSP1-2.6
2028-12-05,0.0012,21.589,77.918,6.212,142.96,SSP1-2.6
2028-12-06,0.0,21.329,84.787,8.91,146.69,SSP1-2.6
2028-12-07,0.0,20.91,74.919,8.057,174.88,SSP1-2.6
2028-12-08,0.0,21.432,50.21,7.898,243.89,SSP1-2.6
2028-12-09,0.0,21.101,46.37,7.557,248.72,SSP1-2.6
2028-12-10,0.0,20.975,47.659,5.504,246.35,SSP1-2.6
2028-12-11,0.0,21.474,49.603,5.537,243.73,SSP1-2.6
2028-12-12,0.0,21.476,52.646,5.713,239.08,SSP1-2.6
2028-12-13,0.0,21.724,50.258,6.554,239.49,SSP1-2.6
2028-12-14,0.0,22.055,50.014,8.484,238.3,SSP1-2.6
2028-12-15,0.0,21.873,49.686,8.813,243.94,SSP1-2.6
2028-12-16,0.0,21.882,46.825,9.289,241.11,SSP1-2.6
2028-12-17,0.0,21.866,44.445,9.16,241.68,SSP1-2.6
2028-12-18,0.0,21.911,44.731,7.704,239.46,SSP1-2.6
2028-12-19,0.0,21.806,44.24,8.062,238.27,SSP1-2.6
2028-12-20,0.0,21.757,42.908,7.039,243.8,SSP1-2.6
2028-12-21,0.0,21.576,42.763,7.331,243.44,SSP1-2.6
2028-12-22,0.0,21.607,43.825,7.65,242.63,SSP1-2.6
2028-12-23,0.0,21.997,47.384,6.762,236.28,SSP1-2.6
2028-12-24,0.0,22.225,47.292,6.424,236.48,SSP1-2.6
2028-12-25,0.0,22.11,49.893,8.542,235.21,SSP1-2.6
2028-12-26,0.0,21.97,45.182,10.184,237.87,SSP1-2.6
2028-12-27,0.0,21.701,47.649,8.238,233.43,SSP1-2.6
2028-12-28,0.0,21.649,43.326,8.731,216.33,SSP1-2.6
2028-12-29,0.0,21.29,35.21,10.885,246.26,SSP1-2.6
2028-12-30,0.0,20.258,31.489,9.197,255.77,SSP1-2.6
2028-12-31,0.0,19.86,33.926,8.416,254.08,SSP1-2.6
2029-01-01,0.0,20.807,42.124,8.56,246.35,SSP1-2.6
2029-01-02,0.0,21.066,46.271,8.427,244.96,SSP1-2.6
2029-01-03,0.0,22.326,49.068,8.065,214.23,SSP1-2.6
2029-01-04,0.0,22.875,49.356,9.149,222.17,SSP1-2.6
2029-01-05,0.0,22.734,46.063,8.758,249.09,SSP1-2.6
2029-01-06,0.0,22.478,46.757,9.407,247.25,SSP1-2.6
2029-01-07,0.0,22.927,47.226,10.831,241.68,SSP1-2.6
2029-01-08,0.0,23.267,44.395,12.074,238.85,SSP1-2.6
2029-01-09,0.0,24.081,44.967,13.371,231.54,SSP1-2.6
2029-01-10,0.0,24.637,43.078,11.588,215.22,SSP1-2.6
2029-01-11,0.0,22.66,41.829,12.292,201.69,SSP1-2.6
2029-01-12,0.0,22.926,39.623,10.752,237.87,SSP1-2.6
2029-01-13,0.0,21.526,37.236,10.501,210.63,SSP1-2.6
2029-01-14,0.0,22.368,37.083,10.243,250.56,SSP1-2.6
2029-01-15,0.0,22.991,37.455,10.763,213.43,SSP1-2.6
2029-01-16,0.0,22.589,35.498,10.912,253.02,SSP1-2.6
2029-01-17,0.0,22.298,34.701,9.195,254.73,SSP1-2.6
2029-01-18,0.0,22.383,37.195,8.496,249.29,SSP1-2.6
2029-01-19,0.0,22.465,36.257,11.679,254.69,SSP1-2.6
2029-01-20,0.0,21.087,26.601,11.145,270.98,SSP1-2.6
2029-01-21,0.0,20.556,26.841,10.736,272.84,SSP1-2.6
2029-01-22,0.0,21.164,27.372,8.114,272.24,SSP1-2.6
2029-01-23,0.0,21.407,36.808,9.942,263.51,SSP1-2.6
2029-01-24,0.0,23.743,39.901,9.773,259.63,SSP1-2.6
2029-01-25,0.0,23.705,40.014,7.319,259.67,SSP1-2.6
2029-01-26,0.0,24.171,40.221,8.193,261.26,SSP1-2.6
2029-01-27,0.0,24.455,36.512,10.916,263.07,SSP1-2.6
2029-01-28,0.0,24.757,27.238,12.423,271.07,SSP1-2.6
2029-01-29,0.0,24.45,27.797,12.596,269.3,SSP1-2.6
2029-01-30,0.0,25.009,31.348,13.987,244.93,SSP1-2.6
2029-01-31,0.0,23.339,25.951,13.292,235.77,SSP1-2.6
2029-02-01,0.0,22.321,18.407,15.279,282.06,SSP1-2.6
2029-02-02,0.0,21.871,21.584,12.191,289.04,SSP1-2.6
2029-02-03,0.0,21.802,24.316,11.123,290.6,SSP1-2.6
2029-02-04,0.0,21.782,25.629,8.892,288.38,SSP1-2.6
2029-02-05,0.0,22.012,31.075,6.373,283.06,SSP1-2.6
2029-02-06,0.0,23.776,32.194,8.025,281.67,SSP1-2.6
2029-02-07,0.0,24.913,33.75,10.825,278.99,SSP1-2.6
2029-02-08,0.0,25.182,34.0,11.216,280.15,SSP1-2.6
2029-02-09,0.0,24.742,32.011,8.83,284.52,SSP1-2.6
2029-02-10,0.0,24.538,31.598,5.835,283.55,SSP1-2.6
2029-02-11,0.0,25.033,31.302,6.475,283.7,SSP1-2.6
2029-02-12,0.0,25.704,30.886,6.627,282.23,SSP1-2.6
2029-02-13,0.0,26.016,29.466,7.236,284.66,SSP1-2.6
2029-02-14,0.0,26.223,29.562,7.534,284.93,SSP1-2.6
2029-02-15,0.0,26.424,30.499,7.492,285.02,SSP1-2.6
2029-02-16,0.0,26.628,29.055,10.619,288.01,SSP1-2.6
2029-02-17,0.0,26.383,28.643,12.914,291.31,SSP1-2.6
2029-02-18,0.0,27.169,29.414,15.259,295.69,SSP1-2.6
2029-02-19,0.0,27.135,28.518,13.562,291.24,SSP1-2.6
2029-02-20,0.0,27.42,28.098,12.708,287.79,SSP1-2.6
2029-02-21,0.0,27.638,27.513,11.068,279.22,SSP1-2.6
2029-02-22,0.0,27.675,33.748,6.715,229.67,SSP1-2.6
2029-02-23,0.0,28.285,31.841,9.545,274.09,SSP1-2.6
2029-02-24,0.0,28.094,31.049,13.14,279.73,SSP1-2.6
2029-02-25,0.0,27.759,30.391,14.65,300.37,SSP1-2.6
2029-02-26,0.0,27.631,32.148,13.899,300.17,SSP1-2.6
2029-02-27,0.0,28.12,30.424,12.321,287.32,SSP1-2.6
2029-02-28,0.0011,29.029,35.256,9.264,226.39,SSP1-2.6
2029-03-01,0.0,28.154,37.401,7.27,210.51,SSP1-2.6
2029-03-02,0.0,28.367,28.838,11.072,297.96,SSP1-2.6
2029-03-03,0.0,28.633,30.078,8.895,265.96,SSP1-2.6
2029-03-04,0.0,28.297,28.802,7.727,297.57,SSP1-2.6
2029-03-05,0.0,27.968,26.194,7.3,277.2,SSP1-2.6
2029-03-06,0.0,27.628,25.618,8.016,310.48,SSP1-2.6
2029-03-07,0.0,27.912,26.023,6.103,257.08,SSP1-2.6
2029-03-08,0.0,28.043,24.425,6.244,316.54,SSP1-2.6
2029-03-09,0.0,28.131,23.143,6.877,319.54,SSP1-2.6
2029-03-10,0.0,28.589,22.811,9.798,323.84,SSP1-2.6
2029-03-11,0.0,29.531,22.686,11.667,323.04,SSP1-2.6
2029-03-12,0.0,29.367,23.849,11.534,316.61,SSP1-2.6
2029-03-13,0.0,29.154,23.562,10.374,317.9,SSP1-2.6
2029-03-14,0.0,29.631,23.336,8.638,310.35,SSP1-2.6
2029-03-15,0.0,31.308,23.518,8.406,298.69,SSP1-2.6
2029-03-16,0.0,31.139,25.507,7.634,266.61,SSP1-2.6
2029-03-17,0.0,29.182,18.98,7.769,326.22,SSP1-2.6
2029-03-18,0.0,28.637,18.676,8.973,335.65,SSP1-2.6
2029-03-19,0.0,28.929,22.44,7.616,327.93,SSP1-2.6
2029-03-20,0.0,29.598,23.59,7.35,327.84,SSP1-2.6
2029-03-21,0.0,30.706,23.812,7.59,323.12,SSP1-2.6
2029-03-22,0.0,31.039,24.3,6.521,284.08,SSP1-2.6
2029-03-23,0.0,30.831,18.62,9.053,330.84,SSP1-2.6
2029-03-24,0.0,30.958,17.991,11.582,336.37,SSP1-2.6
2029-03-25,0.0,30.889,19.585,14.63,319.06,SSP1-2.6
2029-03-26,0.0,31.811,23.972,11.926,275.19,SSP1-2.6
2029-03-27,4.9009,31.119,37.499,12.01,252.07,SSP1-2.6
2029-03-28,2.823,30.536,42.29,12.269,264.63,SSP1-2.6
2029-03-29,0.8758,30.707,42.164,11.209,276.06,SSP1-2.6
2029-03-30,0.5205,30.749,40.349,8.233,261.21,SSP1-2.6
2029-03-31,1.081,31.431,38.245,7.175,278.49,SSP1-2.6
2029-04-01,0.0349,30.321,36.546,7.752,234.32,SSP1-2.6
2029-04-02,0.0,30.621,31.408,8.931,245.63,SSP1-2.6
2029-04-03,0.0944,31.223,30.197,9.623,307.25,SSP1-2.6
2029-04-04,0.0066,30.424,36.517,7.628,257.15,SSP1-2.6
2029-04-05,0.0,31.143,31.348,4.136,262.23,SSP1-2.6
2029-04-06,0.0,31.208,26.177,4.316,278.0,SSP1-2.6
2029-04-07,0.0,30.299,22.859,5.658,329.7,SSP1-2.6
2029-04-08,0.0,30.209,21.568,5.62,321.83,SSP1-2.6
2029-04-09,0.0,30.503,22.536,7.841,314.29,SSP1-2.6
2029-04-10,0.0,32.403,23.161,7.726,289.88,SSP1-2.6
2029-04-11,0.0006,32.762,22.592,8.48,310.52,SSP1-2.6
2029-04-12,0.0,32.577,22.013,9.451,332.58,SSP1-2.6
2029-04-13,0.0,32.62,24.871,12.277,325.76,SSP1-2.6
2029-04-14,0.0,33.226,27.09,12.957,314.39,SSP1-2.6
2029-04-15,0.0,33.108,24.676,10.005,307.14,SSP1-2.6
2029-04-16,0.1026,33.809,23.378,9.856,305.0,SSP1-2.6
2029-04-17,0.8974,32.759,28.056,10.891,250.93,SSP1-2.6
2029-04-18,0.1173,32.824,27.033,8.204,303.43,SSP1-2.6
2029-04-19,1.0849,25.616,63.122,5.148,190.78,SSP1-2.6
2029-04-20,0.6445,28.328,53.761,6.845,241.13,SSP1-2.6
2029-04-21,0.0,31.424,32.866,9.784,315.26,SSP1-2.6
2029-04-22,0.0,32.309,28.019,8.652,315.13,SSP1-2.6
2029-04-23,0.0,33.196,25.881,9.679,314.32,SSP1-2.6
2029-04-24,0.2396,33.465,27.743,5.642,266.14,SSP1-2.6
2029-04-25,0.0,33.44,25.394,6.426,314.13,SSP1-2.6
2029-04-26,0.0,33.934,25.092,8.474,276.86,SSP1-2.6
2029-04-27,0.0,33.805,23.438,8.534,310.64,SSP1-2.6
2029-04-28,3.3674,33.192,29.954,7.484,245.28,SSP1-2.6
2029-04-29,0.0,32.633,26.748,8.536,306.91,SSP1-2.6
2029-04-30,0.0058,32.874,23.462,8.256,322.37,SSP1-2.6
2029-05-01,0.0041,32.919,22.104,10.24,336.47,SSP1-2.6
2029-05-02,0.1195,32.984,23.702,5.306,306.92,SSP1-2.6
2029-05-03,0.2044,31.907,28.673,9.421,245.25,SSP1-2.6
2029-05-04,0.0,30.901,28.595,5.503,216.41,SSP1-2.6
2029-05-05,0.0,32.035,26.753,6.481,264.65,SSP1-2.6
2029-05-06,0.0,32.433,24.948,8.263,314.31,SSP1-2.6
2029-05-07,0.0,32.808,24.042,10.25,332.39,SSP1-2.6
2029-05-08,0.0,33.454,25.758,8.127,259.33,SSP1-2.6
2029-05-09,0.0016,30.665,34.561,5.735,200.74,SSP1-2.6
2029-05-10,0.0,32.537,23.076,11.503,299.9,SSP1-2.6
2029-05-11,0.0,33.721,20.845,10.525,307.32,SSP1-2.6
2029-05-12,0.0,33.943,19.912,9.821,328.64,SSP1-2.6
2029-05-13,0.0,34.894,20.375,11.734,321.06,SSP1-2.6
2029-05-14,0.0,35.107,21.799,13.017,296.08,SSP1-2.6
2029-05-15,0.0,34.99,21.201,11.277,313.11,SSP1-2.6
2029-05-16,0.1103,35.359,20.491,11.986,306.0,SSP1-2.6
2029-05-17,0.0924,33.011,29.613,15.302,221.11,SSP1-2.6
2029-05-18,0.0,34.179,26.564,15.415,311.43,SSP1-2.6
2029-05-19,0.0,34.544,22.574,14.815,302.39,SSP1-2.6
2029-05-20,0.0,35.004,21.66,14.599,310.18,SSP1-2.6
2029-05-21,0.0,34.866,19.164,14.124,344.87,SSP1-2.6
2029-05-22,0.0,34.866,18.333,14.669,320.99,SSP1-2.6
2029-05-23,0.0,35.76,20.783,14.265,255.38,SSP1-2.6
2029-05-24,0.0057,33.052,27.533,14.146,211.11,SSP1-2.6
2029-05-25,0.0,33.264,28.691,12.228,233.09,SSP1-2.6
2029-05-26,0.0,34.606,22.526,8.769,331.74,SSP1-2.6
2029-05-27,0.0,34.847,19.969,12.279,350.56,SSP1-2.6
2029-05-28,0.0,34.897,22.756,14.93,317.47,SSP1-2.6
2029-05-29,0.0,34.668,24.592,14.654,301.19,SSP1-2.6
2029-05-30,0.0,34.419,24.451,14.148,310.44,SSP1-2.6
2029-05-31,0.0,34.552,23.692,14.525,317.45,SSP1-2.6
2029-06-01,0.0,33.989,25.132,15.842,296.05,SSP1-2.6
2029-06-02,5.1392,32.811,30.208,16.296,325.66,SSP1-2.6
2029-06-03,1.8411,30.17,53.672,9.657,243.25,SSP1-2.6
2029-06-04,0.0,32.933,35.693,11.469,314.42,SSP1-2.6
2029-06-05,0.0,33.386,35.905,12.326,288.57,SSP1-2.6
2029-06-06,0.0,33.571,31.084,12.959,292.23,SSP1-2.6
2029-06-07,0.0,34.358,28.57,11.991,304.86,SSP1-2.6
2029-06-08,6.1788,33.783,38.836,10.277,294.52,SSP1-2.6
2029-06-09,2.1557,29.187,60.426,13.272,236.74,SSP1-2.6
2029-06-10,0.0117,28.439,60.546,14.71,232.19,SSP1-2.6
2029-06-11,0.047,32.007,48.488,15.192,289.23,SSP1-2.6
2029-06-12,0.0,32.026,42.435,15.764,309.76,SSP1-2.6
2029-06-13,0.0,32.781,35.994,15.578,318.45,SSP1-2.6
2029-06-14,0.0,33.403,34.01,16.27,321.5,SSP1-2.6
2029-06-15,0.0,33.456,33.567,15.118,324.77,SSP1-2.6
2029-06-16,0.0,33.55,36.452,13.858,310.57,SSP1-2.6
2029-06-17,0.0,33.743,37.397,13.518,302.31,SSP1-2.6
2029-06-18,0.0,31.787,39.658,13.239,267.45,SSP1-2.6
2029-06-19,0.011,29.662,44.163,9.839,244.9,SSP1-2.6
2029-06-20,3.8803,32.307,45.134,9.341,283.88,SSP1-2.6
2029-06-21,0.0,27.328,65.962,9.353,220.06,SSP1-2.6
2029-06-22,0.0,30.039,52.963,11.88,282.27,SSP1-2.6
2029-06-23,1.2527,26.097,80.714,9.875,199.36,SSP1-2.6
2029-06-24,0.4208,26.928,70.879,12.184,226.8,SSP1-2.6
2029-06-25,0.0407,27.278,66.009,11.576,229.96,SSP1-2.6
2029-06-26,0.0,27.432,64.628,10.758,222.53,SSP1-2.6
2029-06-27,0.0,27.493,65.785,11.137,215.8,SSP1-2.6
2029-06-28,0.0143,29.288,59.177,13.155,289.95,SSP1-2.6
2029-06-29,0.0383,28.461,62.628,13.174,253.38,SSP1-2.6
2029-06-30,0.0058,28.744,59.761,15.778,256.34,SSP1-2.6
2029-07-01,22.9853,28.289,79.328,13.474,225.3,SSP1-2.6
2029-07-02,29.5723,25.611,90.533,14.012,186.04,SSP1-2.6
2029-07-03,15.6639,26.667,88.231,12.826,176.59,SSP1-2.6
2029-07-04,2.4972,27.67,86.914,8.384,210.1,SSP1-2.6
2029-07-05,1.3399,28.202,82.579,7.987,255.88,SSP1-2.6
2029-07-06,0.6482,28.836,78.65,7.529,263.26,SSP1-2.6
2029-07-07,1.3205,28.698,80.49,7.031,260.77,SSP1-2.6
2029-07-08,1.8236,28.65,82.259,7.768,232.75,SSP1-2.6
2029-07-09,2.4412,28.462,84.137,6.051,238.54,SSP1-2.6
2029-07-10,5.377,28.712,84.327,5.186,247.95,SSP1-2.6
2029-07-11,0.0,29.142,81.704,4.067,256.04,SSP1-2.6
2029-07-12,0.3193,28.735,85.331,3.313,229.68,SSP1-2.6
2029-07-13,9.5931,28.876,85.85,4.274,257.0,SSP1-2.6
2029-07-14,0.1756,28.579,79.743,9.489,235.61,SSP1-2.6
2029-07-15,0.0385,28.911,77.164,9.64,252.85,SSP1-2.6
2029-07-16,12.8259,28.069,88.823,6.576,221.05,SSP1-2.6
2029-07-17,14.6424,27.403,92.519,5.113,196.48,SSP1-2.6
2029-07-18,10.8565,27.737,91.509,4.6,221.24,SSP1-2.6
2029-07-19,14.507,27.913,90.068,4.833,224.85,SSP1-2.6
2029-07-20,10.4286,28.122,86.678,8.549,257.49,SSP1-2.6
2029-07-21,0.0,28.013,82.21,10.825,232.7,SSP1-2.6
2029-07-22,0.0,28.213,77.055,13.44,285.39,SSP1-2.6
2029-07-23,0.0,28.754,76.545,14.614,276.96,SSP1-2.6
2029-07-24,7.6071,28.372,81.964,12.913,233.36,SSP1-2.6
2029-07-25,31.7699,26.652,92.475,15.542,159.77,SSP1-2.6
2029-07-26,6.1113,27.212,90.811,14.605,203.23,SSP1-2.6
2029-07-27,0.3741,27.54,86.65,17.884,222.29,SSP1-2.6
2029-07-28,0.2251,27.997,83.648,13.108,233.56,SSP1-2.6
2029-07-29,1.8767,28.521,80.314,14.104,262.54,SSP1-2.6
2029-07-30,28.8257,27.137,90.608,14.637,188.47,SSP1-2.6
2029-07-31,17.3814,26.585,91.782,13.308,176.99,SSP1-2.6
2029-08-01,0.3445,26.836,86.902,16.816,211.35,SSP1-2.6
2029-08-02,0.0,27.623,80.152,18.209,255.57,SSP1-2.6
2029-08-03,0.18,27.675,81.385,17.27,245.34,SSP1-2.6
2029-08-04,4.6727,26.623,88.987,14.223,187.37,SSP1-2.6
2029-08-05,18.3317,26.305,91.412,12.436,200.01,SSP1-2.6
2029-08-06,0.0596,26.647,87.415,14.062,220.24,SSP1-2.6
2029-08-07,0.0,27.103,83.437,13.387,254.23,SSP1-2.6
2029-08-08,2.4198,27.443,84.075,11.777,250.06,SSP1-2.6
2029-08-09,0.226,27.47,84.845,10.289,245.1,SSP1-2.6
2029-08-10,0.3949,27.656,83.758,11.43,245.92,SSP1-2.6
2029-08-11,0.6703,27.342,86.358,11.392,232.11,SSP1-2.6
2029-08-12,0.0574,27.397,84.596,11.864,242.95,SSP1-2.6
2029-08-13,0.7169,27.023,87.472,12.147,221.22,SSP1-2.6
2029-08-14,12.0799,26.657,90.088,13.056,187.99,SSP1-2.6
2029-08-15,7.0565,26.371,91.627,12.115,187.16,SSP1-2.6
2029-08-16,0.5541,26.727,89.617,11.118,207.24,SSP1-2.6
2029-08-17,2.2816,26.697,89.352,11.907,211.51,SSP1-2.6
2029-08-18,28.858,25.848,93.458,11.58,164.2,SSP1-2.6
2029-08-19,14.3801,25.742,93.097,11.962,174.63,SSP1-2.6
2029-08-20,0.0,26.838,88.566,12.208,217.85,SSP1-2.6
2029-08-21,0.0991,27.096,86.864,12.443,230.33,SSP1-2.6
2029-08-22,13.8956,27.085,88.582,11.792,235.36,SSP1-2.6
2029-08-23,0.4957,27.062,87.981,9.448,218.19,SSP1-2.6
2029-08-24,18.8838,26.653,92.503,8.806,193.43,SSP1-2.6
2029-08-25,0.1093,27.427,82.013,12.784,253.69,SSP1-2.6
2029-08-26,15.7918,26.614,90.414,11.067,207.75,SSP1-2.6
2029-08-27,0.0466,27.04,88.1,9.482,234.87,SSP1-2.6
2029-08-28,8.144,26.475,90.635,9.852,205.35,SSP1-2.6
2029-08-29,9.8157,26.522,91.08,8.429,196.77,SSP1-2.6
2029-08-30,9.6458,26.771,89.998,9.8,223.48,SSP1-2.6
2029-08-31,0.0093,26.847,86.581,10.435,224.97,SSP1-2.6
2029-09-01,0.9474,25.944,90.717,11.728,196.46,SSP1-2.6
2029-09-02,8.994,26.402,89.132,10.396,223.63,SSP1-2.6
2029-09-03,4.3685,25.987,93.971,9.373,186.5,SSP1-2.6
2029-09-04,20.4234,26.225,94.383,7.875,204.54,SSP1-2.6
2029-09-05,39.6872,26.545,95.697,7.532,195.16,SSP1-2.6
2029-09-06,21.5564,26.387,96.048,5.266,206.73,SSP1-2.6
2029-09-07,22.5746,26.543,93.401,4.643,215.04,SSP1-2.6
2029-09-08,15.4668,26.805,90.985,4.891,234.35,SSP1-2.6
2029-09-09,16.4159,26.857,90.393,3.504,237.36,SSP1-2.6
2029-09-10,32.9806,26.423,93.532,3.458,220.49,SSP1-2.6
2029-09-11,4.5446,26.652,91.152,3.185,229.2,SSP1-2.6
2029-09-12,2.8031,26.984,89.196,3.328,247.13,SSP1-2.6
2029-09-13,0.4564,27.209,88.58,3.819,245.22,SSP1-2.6
2029-09-14,33.5992,27.189,90.584,3.607,236.02,SSP1-2.6
2029-09-15,30.5652,26.634,93.692,5.568,212.81,SSP1-2.6
2029-09-16,0.7317,26.695,90.764,8.282,216.54,SSP1-2.6
2029-09-17,0.0,26.958,85.785,10.858,236.75,SSP1-2.6
2029-09-18,0.0,27.087,81.241,13.084,244.01,SSP1-2.6
2029-09-19,0.0,27.238,77.316,13.68,243.97,SSP1-2.6
2029-09-20,0.0,26.571,85.409,10.051,214.24,SSP1-2.6
2029-09-21,0.0,26.923,80.919,10.175,229.51,SSP1-2.6
2029-09-22,0.0,26.964,80.66,8.449,237.7,SSP1-2.6
2029-09-23,0.0,27.209,79.273,7.405,262.19,SSP1-2.6
2029-09-24,0.0,27.326,78.072,6.478,269.32,SSP1-2.6
2029-09-25,0.6044,27.45,80.841,5.814,252.05,SSP1-2.6
2029-09-26,21.4574,26.31,92.556,5.874,197.57,SSP1-2.6
2029-09-27,10.0023,26.428,90.884,6.212,206.86,SSP1-2.6
2029-09-28,4.5486,26.701,87.491,7.386,220.84,SSP1-2.6
2029-09-29,30.8897,26.051,92.816,5.108,197.37,SSP1-2.6
2029-09-30,27.0555,25.784,95.305,6.307,186.95,SSP1-2.6
2029-10-01,3.2883,25.014,90.564,5.433,231.06,SSP1-2.6
2029-10-02,0.0,25.728,85.624,3.905,237.12,SSP1-2.6
2029-10-03,4.0275,26.311,83.151,6.564,234.23,SSP1-2.6
2029-10-04,3.2495,25.865,85.364,9.543,221.58,SSP1-2.6
2029-10-05,0.0,26.401,80.639,8.586,241.12,SSP1-2.6
2029-10-06,0.0,27.405,74.158,7.816,275.49,SSP1-2.6
2029-10-07,0.0,27.564,70.098,7.482,286.86,SSP1-2.6
2029-10-08,0.0,27.708,67.631,7.392,284.33,SSP1-2.6
2029-10-09,0.0,28.363,66.557,6.925,282.62,SSP1-2.6
2029-10-10,0.0,27.016,63.031,6.569,232.57,SSP1-2.6
2029-10-11,0.0,27.044,68.115,5.235,269.29,SSP1-2.6
2029-10-12,0.6322,25.49,85.852,5.178,224.54,SSP1-2.6
2029-10-13,7.119,24.848,86.208,5.777,219.39,SSP1-2.6
2029-10-14,3.9786,24.727,86.907,6.432,216.52,SSP1-2.6
2029-10-15,0.0427,24.563,87.302,5.814,201.92,SSP1-2.6
2029-10-16,0.0266,25.173,82.668,5.504,224.54,SSP1-2.6
2029-10-17,0.4096,25.498,82.543,5.638,223.8,SSP1-2.6
2029-10-18,0.0,25.662,77.396,6.228,247.67,SSP1-2.6
2029-10-19,1.8997,25.432,82.603,6.127,228.03,SSP1-2.6
2029-10-20,3.5754,25.323,82.841,6.046,216.13,SSP1-2.6
2029-10-21,0.0,25.934,79.185,4.071,224.3,SSP1-2.6
2029-10-22,0.0,25.119,83.323,4.827,205.48,SSP1-2.6
2029-10-23,3.0988,24.3,86.318,3.684,195.57,SSP1-2.6
2029-10-24,8.8346,24.217,87.221,3.315,191.94,SSP1-2.6
2029-10-25,1.1337,24.992,85.518,4.356,205.1,SSP1-2.6
2029-10-26,0.0724,25.67,80.764,4.576,218.09,SSP1-2.6
2029-10-27,0.0,25.445,75.393,5.323,216.41,SSP1-2.6
2029-10-28,0.0,25.618,74.558,5.898,232.84,SSP1-2.6
2029-10-29,0.0,25.369,70.963,7.105,236.82,SSP1-2.6
2029-10-30,0.0,25.19,69.237,5.607,223.45,SSP1-2.6
2029-10-31,0.0,23.821,80.097,4.1,196.04,SSP1-2.6
2029-11-01,0.0,24.917,66.805,4.976,252.42,SSP1-2.6
2029-11-02,0.0,25.232,64.313,5.263,244.0,SSP1-2.6
2029-11-03,0.0,25.447,61.392,6.057,243.8,SSP1-2.6
2029-11-04,0.0,25.261,66.74,5.306,207.9,SSP1-2.6
2029-11-05,0.0,25.302,64.544,6.613,213.31,SSP1-2.6
2029-11-06,0.0,24.518,71.262,6.643,196.77,SSP1-2.6
2029-11-07,0.0,24.696,66.125,5.413,239.54,SSP1-2.6
2029-11-08,0.0,24.641,62.567,5.401,216.55,SSP1-2.6
2029-11-09,0.0,24.687,56.343,4.483,249.03,SSP1-2.6
2029-11-10,0.0,24.941,52.992,7.577,239.95,SSP1-2.6
2029-11-11,0.0,24.433,47.701,11.297,250.45,SSP1-2.6
2029-11-12,0.0,22.889,42.512,9.721,254.85,SSP1-2.6
2029-11-13,0.0,22.271,42.799,8.889,255.11,SSP1-2.6
2029-11-14,0.0,21.948,38.447,9.199,261.58,SSP1-2.6
2029-11-15,0.0,21.649,39.902,4.892,259.94,SSP1-2.6
2029-11-16,0.0,21.833,44.052,5.737,255.61,SSP1-2.6
2029-11-17,0.0,22.595,47.886,4.742,252.56,SSP1-2.6
2029-11-18,0.0,22.971,51.346,3.817,248.68,SSP1-2.6
2029-11-19,0.0,23.856,51.391,5.743,239.26,SSP1-2.6
2029-11-20,0.0,23.59,45.418,8.744,240.22,SSP1-2.6
2029-11-21,0.0,23.069,37.701,8.079,252.4,SSP1-2.6
2029-11-22,0.0,22.732,38.919,8.634,251.03,SSP1-2.6
2029-11-23,0.0,22.937,40.53,7.317,249.01,SSP1-2.6
2029-11-24,0.0,22.82,47.722,7.034,242.89,SSP1-2.6
2029-11-25,0.0,23.151,49.088,6.914,244.13,SSP1-2.6
2029-11-26,0.0,23.668,54.053,7.87,206.33,SSP1-2.6
2029-11-27,0.0,23.463,53.239,7.898,199.73,SSP1-2.6
2029-11-28,0.0,23.496,47.284,7.42,224.14,SSP1-2.6
2029-11-29,0.0,23.015,45.391,8.596,213.97,SSP1-2.6
2029-11-30,0.0,22.84,41.959,5.905,243.36,SSP1-2.6
2029-12-01,0.0,22.789,41.095,6.966,236.88,SSP1-2.6
2029-12-02,0.0,21.946,41.847,7.272,215.78,SSP1-2.6
2029-12-03,0.0,21.644,42.027,9.104,231.8,SSP1-2.6
2029-12-04,0.0,21.162,35.44,8.033,238.19,SSP1-2.6
2029-12-05,0.0,20.884,29.048,11.68,249.13,SSP1-2.6
2029-12-06,0.0,20.916,28.657,11.676,251.63,SSP1-2.6
2029-12-07,0.0,21.028,30.597,11.526,251.03,SSP1-2.6
2029-12-08,0.0,20.649,34.074,9.126,247.45,SSP1-2.6
2029-12-09,0.0,20.789,35.742,8.595,218.95,SSP1-2.6
2029-12-10,0.0,20.416,36.792,10.178,197.97,SSP1-2.6
2029-12-11,0.0,20.575,36.695,9.886,219.54,SSP1-2.6
2029-12-12,0.0,20.007,37.836,10.717,206.06,SSP1-2.6
2029-12-13,0.0,19.493,38.362,9.801,201.64,SSP1-2.6
2029-12-14,0.0,19.45,40.781,8.502,209.72,SSP1-2.6
2029-12-15,0.0,19.829,38.306,8.923,225.3,SSP1-2.6
2029-12-16,0.0,19.836,36.71,6.783,244.46,SSP1-2.6
2029-12-17,0.0,21.047,48.006,9.796,210.49,SSP1-2.6
2029-12-18,0.0,22.498,50.381,8.77,205.29,SSP1-2.6
2029-12-19,0.0,22.846,48.344,7.388,219.19,SSP1-2.6
2029-12-20,0.0,22.418,39.946,12.137,228.35,SSP1-2.6
2029-12-21,0.0,20.162,39.759,11.302,152.56,SSP1-2.6
2029-12-22,0.0,20.868,46.298,9.003,222.5,SSP1-2.6
2029-12-23,0.0,20.802,52.112,7.957,194.35,SSP1-2.6
2029-12-24,0.0,20.367,68.153,11.764,163.33,SSP1-2.6
2029-12-25,0.0,19.346,63.331,14.177,136.0,SSP1-2.6
2029-12-26,0.0,19.256,71.536,10.871,152.98,SSP1-2.6
2029-12-27,0.0,18.429,74.399,11.398,129.86,SSP1-2.6
2029-12-28,0.0,6.364,80.645,16.074,111.01,SSP1-2.6
2029-12-29,0.0,18.226,82.213,12.905,103.95,SSP1-2.6
2029-12-30,0.0,18.382,82.739,10.327,102.73,SSP1-2.6
2029-12-31,0.0,16.469,82.696,10.441,143.41,SSP1-2.6
2030-01-01,0.0,18.282,77.478,8.549,192.82,SSP1-2.6
2030-01-02,0.0,19.663,51.993,12.011,247.22,SSP1-2.6
2030-01-03,0.0,19.396,45.444,10.864,246.15,SSP1-2.6
2030-01-04,0.0,18.819,40.418,9.18,249.91,SSP1-2.6
2030-01-05,0.0,18.445,38.623,9.079,254.14,SSP1-2.6
2030-01-06,0.0,18.559,39.402,8.233,254.8,SSP1-2.6
2030-01-07,0.0,18.723,39.075,7.533,252.56,SSP1-2.6
2030-01-08,0.0,19.127,42.329,6.538,256.88,SSP1-2.6
2030-01-09,0.0,19.907,46.781,6.647,248.84,SSP1-2.6
2030-01-10,0.0,20.087,45.234,7.266,247.13,SSP1-2.6
2030-01-11,0.0,19.976,43.617,7.32,250.54,SSP1-2.6
2030-01-12,0.0,20.166,41.435,8.077,252.35,SSP1-2.6
2030-01-13,0.0,20.517,39.863,8.651,254.08,SSP1-2.6
2030-01-14,0.0,20.722,42.149,8.205,249.5,SSP1-2.6
2030-01-15,0.0,21.692,48.514,9.015,243.48,SSP1-2.6
2030-01-16,0.0,20.615,61.025,9.335,168.88,SSP1-2.6
2030-01-17,0.0,19.557,56.751,7.096,170.61,SSP1-2.6
2030-01-18,0.0,20.332,51.373,9.52,190.01,SSP1-2.6
2030-01-19,0.0,19.625,42.658,8.664,194.31,SSP1-2.6
2030-01-20,0.0,19.078,37.441,7.967,272.91,SSP1-2.6
2030-01-21,0.0,20.002,38.602,4.511,265.76,SSP1-2.6
2030-01-22,0.0,20.541,40.867,4.551,252.72,SSP1-2.6
2030-01-23,0.0,21.471,41.832,4.7,262.96,SSP1-2.6
2030-01-24,0.0,22.25,44.074,5.517,247.15,SSP1-2.6
2030-01-25,0.0,22.526,46.515,8.79,255.47,SSP1-2.6
2030-01-26,0.0,23.221,47.515,8.491,252.57,SSP1-2.6
2030-01-27,0.0,23.257,47.544,6.701,257.24,SSP1-2.6
2030-01-28,0.0,23.472,44.854,4.914,253.2,SSP1-2.6
2030-01-29,0.0,23.249,39.967,8.281,259.9,SSP1-2.6
2030-01-30,0.0,22.921,36.225,7.656,260.65,SSP1-2.6
2030-01-31,0.0,23.214,36.813,6.597,264.69,SSP1-2.6
2030-02-01,0.0,24.092,37.802,6.585,251.51,SSP1-2.6
2030-02-02,0.0,24.525,39.509,7.84,256.88,SSP1-2.6
2030-02-03,0.0,24.936,42.467,8.513,265.34,SSP1-2.6
2030-02-04,0.0,25.4,42.104,8.45,270.12,SSP1-2.6
2030-02-05,0.0,25.286,40.377,10.025,272.83,SSP1-2.6
2030-02-06,0.0,25.092,39.407,10.818,276.51,SSP1-2.6
2030-02-07,0.0,25.342,37.353,9.588,278.52,SSP1-2.6
2030-02-08,0.0,25.213,36.361,12.366,277.32,SSP1-2.6
2030-02-09,0.0,25.153,41.838,9.474,252.93,SSP1-2.6
2030-02-10,0.0,25.049,34.648,9.158,273.29,SSP1-2.6
2030-02-11,0.0,24.737,32.024,6.364,283.72,SSP1-2.6
2030-02-12,0.0,24.987,37.64,7.494,275.76,SSP1-2.6
2030-02-13,0.0,26.473,46.281,8.458,265.45,SSP1-2.6
2030-02-14,0.0,26.538,49.485,7.656,261.54,SSP1-2.6
2030-02-15,0.0,27.161,41.786,6.362,268.95,SSP1-2.6
2030-02-16,0.0,26.934,43.783,7.012,223.82,SSP1-2.6
2030-02-17,0.0,27.718,39.486,11.078,267.04,SSP1-2.6
2030-02-18,0.0,29.128,36.875,12.764,262.75,SSP1-2.6
2030-02-19,0.0,28.044,34.814,13.274,258.14,SSP1-2.6
2030-02-20,0.0,27.304,34.63,12.741,249.18,SSP1-2.6
2030-02-21,0.0,26.841,32.848,12.45,290.32,SSP1-2.6
2030-02-22,0.0,26.528,32.717,9.697,302.83,SSP1-2.6
2030-02-23,0.0,27.423,33.13,9.18,302.39,SSP1-2.6
2030-02-24,0.0,27.39,34.144,7.569,293.27,SSP1-2.6
2030-02-25,0.0,27.543,33.798,4.757,290.76,SSP1-2.6
2030-02-26,0.0,27.913,31.321,6.588,293.48,SSP1-2.6
2030-02-27,0.0,28.375,29.716,9.489,276.19,SSP1-2.6
2030-02-28,0.0,29.048,29.178,11.296,275.17,SSP1-2.6
2030-03-01,0.0,28.899,28.21,10.297,285.26,SSP1-2.6
2030-03-02,0.0,28.839,28.86,8.328,238.21,SSP1-2.6
2030-03-03,0.0,29.943,31.731,7.144,236.35,SSP1-2.6
2030-03-04,0.0,28.23,38.927,8.162,233.01,SSP1-2.6
2030-03-05,0.0043,28.608,35.988,10.388,282.62,SSP1-2.6
2030-03-06,0.0006,28.193,43.575,9.864,228.5,SSP1-2.6
2030-03-07,0.0056,28.646,39.591,13.03,258.4,SSP1-2.6
2030-03-08,0.0398,26.531,48.619,10.437,200.97,SSP1-2.6
2030-03-09,0.1262,23.359,77.84,6.161,165.6,SSP1-2.6
2030-03-10,0.0,27.648,48.147,6.106,253.86,SSP1-2.6
2030-03-11,0.0,28.783,37.732,8.142,296.25,SSP1-2.6
2030-03-12,0.0,28.978,34.527,8.933,301.67,SSP1-2.6
2030-03-13,0.0009,29.446,34.303,8.482,281.82,SSP1-2.6
2030-03-14,0.0,29.562,31.611,7.381,288.61,SSP1-2.6
2030-03-15,0.0112,29.076,36.096,7.84,237.33,SSP1-2.6
2030-03-16,0.0,29.186,32.806,8.649,250.3,SSP1-2.6
2030-03-17,0.0,29.29,33.149,8.057,262.26,SSP1-2.6
2030-03-18,0.0,29.791,30.522,6.941,291.53,SSP1-2.6
2030-03-19,0.0,30.292,30.218,8.709,266.46,SSP1-2.6
2030-03-20,0.0,30.233,26.527,9.551,317.99,SSP1-2.6
2030-03-21,0.0,30.179,26.751,11.389,317.45,SSP1-2.6
2030-03-22,0.0,30.019,27.295,11.686,324.85,SSP1-2.6
2030-03-23,0.0,29.328,27.487,9.363,328.67,SSP1-2.6
2030-03-24,0.0875,29.464,28.598,8.586,316.12,SSP1-2.6
2030-03-25,7.4007,30.185,38.381,8.798,243.38,SSP1-2.6
2030-03-26,0.0062,27.553,46.222,3.915,219.2,SSP1-2.6
2030-03-27,0.0068,29.399,37.106,5.754,303.78,SSP1-2.6
2030-03-28,0.0,29.968,32.846,6.241,312.94,SSP1-2.6
2030-03-29,0.0,30.673,30.972,7.107,308.7,SSP1-2.6
2030-03-30,0.0,30.835,28.482,6.155,322.92,SSP1-2.6
2030-03-31,0.0,31.531,26.352,7.435,299.79,SSP1-2.6
2030-04-01,0.1345,30.732,31.864,8.713,286.15,SSP1-2.6
2030-04-02,0.4177,30.518,36.936,6.354,245.5,SSP1-2.6
2030-04-03,0.2385,30.422,39.033,8.154,261.13,SSP1-2.6
2030-04-04,0.0,30.942,31.285,7.256,278.87,SSP1-2.6
2030-04-05,0.0,30.305,28.488,6.441,279.87,SSP1-2.6
2030-04-06,0.0,29.821,29.215,6.374,340.57,SSP1-2.6
2030-04-07,0.0,30.375,27.226,8.44,337.73,SSP1-2.6
2030-04-08,0.0,31.311,26.954,8.474,323.71,SSP1-2.6
2030-04-09,0.0418,31.947,25.688,8.218,288.59,SSP1-2.6
2030-04-10,0.2813,27.224,43.613,4.475,200.18,SSP1-2.6
2030-04-11,0.0,29.429,26.163,6.212,341.7,SSP1-2.6
2030-04-12,0.0,31.655,26.911,7.583,323.66,SSP1-2.6
2030-04-13,0.0754,31.573,34.441,10.859,300.18,SSP1-2.6
2030-04-14,0.0288,32.064,30.787,8.496,289.72,SSP1-2.6
2030-04-15,0.0,32.481,27.49,7.766,303.3,SSP1-2.6
2030-04-16,0.0,32.626,25.801,8.262,309.84,SSP1-2.6
2030-04-17,0.143,32.589,27.062,7.333,268.42,SSP1-2.6
2030-04-18,0.0174,32.345,27.935,6.814,253.54,SSP1-2.6
2030-04-19,0.0899,32.495,26.447,6.404,298.58,SSP1-2.6
2030-04-20,0.9161,31.616,30.705,5.046,278.41,SSP1-2.6
2030-04-21,1.1908,31.446,35.447,4.189,292.24,SSP1-2.6
2030-04-22,17.7611,30.82,44.705,3.874,259.72,SSP1-2.6
2030-04-23,19.6391,29.528,56.502,4.335,269.65,SSP1-2.6
2030-04-24,0.1147,30.572,43.017,4.945,293.85,SSP1-2.6
2030-04-25,1.684,31.542,41.442,6.509,295.15,SSP1-2.6
2030-04-26,1.7623,30.88,40.872,6.35,289.04,SSP1-2.6
2030-04-27,0.0,31.96,31.239,6.737,314.37,SSP1-2.6
2030-04-28,0.0,31.933,26.885,6.444,327.29,SSP1-2.6
2030-04-29,0.0,31.91,26.293,6.747,320.53,SSP1-2.6
2030-04-30,0.0056,32.588,28.504,5.59,264.67,SSP1-2.6
2030-05-01,0.0,33.266,26.142,6.036,296.51,SSP1-2.6
2030-05-02,0.0,33.445,25.128,9.129,290.84,SSP1-2.6
2030-05-03,0.0,33.756,22.635,13.685,346.29,SSP1-2.6
2030-05-04,0.0,33.741,24.617,11.017,306.49,SSP1-2.6
2030-05-05,0.0,33.795,25.794,8.317,271.67,SSP1-2.6
2030-05-06,0.0,33.783,24.763,7.262,279.19,SSP1-2.6
2030-05-07,0.0,33.767,22.885,7.815,314.85,SSP1-2.6
2030-05-08,0.0,34.598,22.762,8.044,312.41,SSP1-2.6
2030-05-09,0.0,34.355,21.661,7.343,306.36,SSP1-2.6
2030-05-10,0.0,34.972,21.272,8.039,322.38,SSP1-2.6
2030-05-11,0.0,35.238,22.477,8.37,325.71,SSP1-2.6
2030-05-12,0.0,34.974,24.122,9.537,325.6,SSP1-2.6
2030-05-13,0.1132,34.837,25.955,9.507,298.37,SSP1-2.6
2030-05-14,0.0605,34.367,27.292,9.26,306.28,SSP1-2.6
2030-05-15,0.574,34.089,26.732,11.736,324.69,SSP1-2.6
2030-05-16,0.161,33.011,31.351,13.884,296.47,SSP1-2.6
2030-05-17,0.0622,24.603,52.298,6.539,199.55,SSP1-2.6
2030-05-18,0.0,28.149,52.609,5.871,208.84,SSP1-2.6
2030-05-19,2.2017,32.597,38.028,10.365,283.36,SSP1-2.6
2030-05-20,4.9657,31.939,42.674,9.596,267.21,SSP1-2.6
2030-05-21,1.6505,32.929,42.563,7.543,292.97,SSP1-2.6
2030-05-22,0.0,33.562,37.496,5.764,320.71,SSP1-2.6
2030-05-23,0.0,33.89,32.699,5.838,328.13,SSP1-2.6
2030-05-24,0.1485,34.468,31.473,6.827,306.48,SSP1-2.6
2030-05-25,0.231,34.328,36.793,6.674,303.35,SSP1-2.6
2030-05-26,0.0,34.135,33.706,11.314,316.57,SSP1-2.6
2030-05-27,0.0,33.979,34.596,11.74,305.6,SSP1-2.6
2030-05-28,0.0382,34.02,36.806,10.37,295.5,SSP1-2.6
2030-05-29,0.0,34.248,27.887,8.142,315.6,SSP1-2.6
2030-05-30,0.0,35.007,25.992,8.579,298.25,SSP1-2.6
2030-05-31,0.0,35.442,25.071,10.434,295.44,SSP1-2.6
2030-06-01,0.0,34.094,24.882,12.538,331.0,SSP1-2.6
2030-06-02,0.0,33.819,26.799,11.769,279.8,SSP1-2.6
2030-06-03,0.2883,32.983,30.287,17.126,311.3,SSP1-2.6
2030-06-04,0.0,29.926,41.547,16.585,241.68,SSP1-2.6
2030-06-05,0.0,32.595,38.66,16.687,271.08,SSP1-2.6
2030-06-06,0.0,33.026,37.296,18.655,297.68,SSP1-2.6
2030-06-07,0.0,31.622,41.957,18.646,280.68,SSP1-2.6
2030-06-08,0.0,33.045,34.27,16.444,309.38,SSP1-2.6
2030-06-09,0.0,33.677,34.211,15.652,307.59,SSP1-2.6
2030-06-10,0.0,33.475,30.821,14.72,288.87,SSP1-2.6
2030-06-11,0.0,33.822,34.368,14.953,290.3,SSP1-2.6
2030-06-12,0.0,34.14,30.048,13.504,309.15,SSP1-2.6
2030-06-13,0.0343,29.008,47.885,9.978,225.73,SSP1-2.6
2030-06-14,0.0,28.386,55.415,11.691,227.97,SSP1-2.6
2030-06-15,0.0,32.028,41.129,13.799,263.17,SSP1-2.6
2030-06-16,0.0,34.288,31.914,13.617,311.68,SSP1-2.6
2030-06-17,0.0,34.676,31.116,14.068,312.72,SSP1-2.6
2030-06-18,0.0,34.975,35.248,14.444,295.04,SSP1-2.6
2030-06-19,2.5285,32.57,46.98,12.952,283.58,SSP1-2.6
2030-06-20,0.0,32.078,50.738,14.321,283.21,SSP1-2.6
2030-06-21,0.195,30.356,56.741,13.869,247.36,SSP1-2.6
2030-06-22,0.291,30.454,57.663,9.608,249.03,SSP1-2.6
2030-06-23,0.0,30.203,57.036,7.88,261.63,SSP1-2.6
2030-06-24,0.0,33.111,43.982,10.019,303.13,SSP1-2.6
2030-06-25,0.1121,33.119,47.323,12.528,303.43,SSP1-2.6
2030-06-26,0.0964,30.364,54.587,14.828,272.18,SSP1-2.6
2030-06-27,6.4588,29.152,61.418,15.201,262.27,SSP1-2.6
2030-06-28,0.0,26.586,73.783,17.431,209.55,SSP1-2.6
2030-06-29,0.7031,27.475,71.155,19.619,238.74,SSP1-2.6
2030-06-30,17.2965,26.522,80.045,17.165,222.34,SSP1-2.6
2030-07-01,16.7539,27.278,84.677,14.574,207.11,SSP1-2.6
2030-07-02,9.415,27.18,85.432,11.391,183.74,SSP1-2.6
2030-07-03,7.0741,27.632,82.717,12.909,224.35,SSP1-2.6
2030-07-04,14.5314,27.059,87.467,12.74,204.96,SSP1-2.6
2030-07-05,16.8184,27.32,82.136,14.426,223.73,SSP1-2.6
2030-07-06,2.9839,27.317,82.454,13.509,224.9,SSP1-2.6
2030-07-07,0.0,28.807,72.401,12.052,292.58,SSP1-2.6
2030-07-08,0.0064,28.308,76.388,7.684,250.4,SSP1-2.6
2030-07-09,0.0,29.393,69.341,10.474,285.48,SSP1-2.6
2030-07-10,1.7738,29.423,67.366,11.22,307.88,SSP1-2.6
2030-07-11,15.6904,27.212,89.828,6.998,205.19,SSP1-2.6
2030-07-12,1.6754,27.523,87.33,7.125,214.16,SSP1-2.6
2030-07-13,1.9535,28.161,79.129,8.875,253.98,SSP1-2.6
2030-07-14,0.0,29.426,69.805,10.796,298.2,SSP1-2.6
2030-07-15,0.0,29.7,69.639,7.569,291.95,SSP1-2.6
2030-07-16,0.0,30.086,71.024,6.654,287.5,SSP1-2.6
2030-07-17,0.0,30.307,67.213,9.332,274.86,SSP1-2.6
2030-07-18,0.0,29.986,66.926,11.248,251.46,SSP1-2.6
2030-07-19,0.0,30.304,65.93,10.819,299.18,SSP1-2.6
2030-07-20,0.0,30.346,66.554,7.95,288.03,SSP1-2.6
2030-07-21,0.0,30.681,66.352,8.415,264.0,SSP1-2.6
2030-07-22,0.0,30.579,61.579,10.884,315.1,SSP1-2.6
2030-07-23,0.0,30.791,62.441,13.424,286.06,SSP1-2.6
2030-07-24,0.0,30.579,65.536,13.613,286.56,SSP1-2.6
2030-07-25,0.0102,30.55,66.395,11.027,270.14,SSP1-2.6
2030-07-26,15.6212,27.656,85.282,8.166,201.3,SSP1-2.6
2030-07-27,9.9862,26.92,91.545,9.995,166.26,SSP1-2.6
2030-07-28,10.2875,27.883,86.353,9.446,247.19,SSP1-2.6
2030-07-29,22.0579,26.968,91.672,9.033,192.92,SSP1-2.6
2030-07-30,18.8159,26.715,94.039,7.023,180.67,SSP1-2.6
2030-07-31,13.2623,27.739,89.047,8.209,231.0,SSP1-2.6
2030-08-01,4.2576,27.761,85.84,10.947,239.6,SSP1-2.6
2030-08-02,18.557,26.799,90.799,10.058,206.06,SSP1-2.6
2030-08-03,12.2174,27.144,89.098,9.451,217.33,SSP1-2.6
2030-08-04,0.0408,27.528,83.602,9.05,241.24,SSP1-2.6
2030-08-05,0.0,28.091,81.229,10.209,259.43,SSP1-2.6
2030-08-06,0.0,27.796,80.706,12.393,238.49,SSP1-2.6
2030-08-07,0.0,27.991,81.61,12.079,242.2,SSP1-2.6
2030-08-08,0.0,27.837,80.217,12.643,237.84,SSP1-2.6
2030-08-09,0.4804,27.85,82.146,12.619,250.86,SSP1-2.6
2030-08-10,5.1464,27.005,90.154,10.657,192.48,SSP1-2.6
2030-08-11,48.2655,26.692,92.049,13.151,195.22,SSP1-2.6
2030-08-12,4.7843,26.839,90.14,15.332,219.09,SSP1-2.6
2030-08-13,0.8055,26.807,87.412,16.827,205.69,SSP1-2.6
2030-08-14,0.0,27.533,82.338,13.227,237.83,SSP1-2.6
2030-08-15,0.0,27.656,82.509,11.578,263.98,SSP1-2.6
2030-08-16,0.0035,27.694,82.974,11.586,248.72,SSP1-2.6
2030-08-17,5.9729,27.356,86.904,11.063,237.63,SSP1-2.6
2030-08-18,26.3701,26.846,91.098,10.688,211.48,SSP1-2.6
2030-08-19,0.5586,26.716,92.306,10.392,195.99,SSP1-2.6
2030-08-20,0.6168,26.705,91.304,8.782,200.14,SSP1-2.6
2030-08-21,0.0,27.382,87.057,5.433,232.26,SSP1-2.6
2030-08-22,0.1392,27.77,86.137,4.913,261.36,SSP1-2.6
2030-08-23,25.8646,26.987,92.387,4.786,224.26,SSP1-2.6
2030-08-24,12.9404,27.093,88.655,8.362,233.85,SSP1-2.6
2030-08-25,0.0,26.977,88.336,9.441,215.15,SSP1-2.6
2030-08-26,0.0,27.565,81.283,11.297,257.71,SSP1-2.6
2030-08-27,0.0,27.617,79.365,11.76,238.31,SSP1-2.6
2030-08-28,0.0,27.648,78.353,11.611,252.68,SSP1-2.6
2030-08-29,0.0,27.16,86.006,9.56,211.14,SSP1-2.6
2030-08-30,0.0,27.286,83.131,12.405,221.1,SSP1-2.6
2030-08-31,0.0,26.881,89.332,11.35,192.8,SSP1-2.6
2030-09-01,0.0,27.673,74.706,11.779,274.92,SSP1-2.6
2030-09-02,0.0,28.453,71.396,11.623,301.57,SSP1-2.6
2030-09-03,0.0,28.136,72.615,11.013,252.6,SSP1-2.6
2030-09-04,0.0,27.538,75.122,11.368,251.96,SSP1-2.6
2030-09-05,0.0,28.184,72.299,10.131,261.63,SSP1-2.6
2030-09-06,0.0,28.115,71.434,10.212,287.29,SSP1-2.6
2030-09-07,0.0,28.68,69.107,8.629,307.32,SSP1-2.6
2030-09-08,0.0,27.161,86.062,5.807,218.34,SSP1-2.6
2030-09-09,0.0844,28.053,79.14,6.341,249.03,SSP1-2.6
2030-09-10,4.6335,28.334,80.597,4.461,260.38,SSP1-2.6
2030-09-11,0.0,29.313,75.053,5.415,276.09,SSP1-2.6
2030-09-12,0.0,29.445,73.787,8.283,267.82,SSP1-2.6
2030-09-13,0.0036,29.144,69.991,10.118,283.75,SSP1-2.6
2030-09-14,0.0,29.925,74.995,5.074,258.57,SSP1-2.6
2030-09-15,0.5606,28.772,78.709,5.926,252.53,SSP1-2.6
2030-09-16,0.9379,27.846,83.162,6.44,236.48,SSP1-2.6
2030-09-17,2.7789,27.277,85.993,2.615,231.95,SSP1-2.6
2030-09-18,0.2852,27.542,84.282,2.984,237.78,SSP1-2.6
2030-09-19,0.0287,27.706,81.982,4.101,235.75,SSP1-2.6
2030-09-20,0.0,29.334,73.265,4.122,264.98,SSP1-2.6
2030-09-21,0.1928,29.588,72.166,6.905,254.33,SSP1-2.6
2030-09-22,0.1265,29.37,69.508,8.739,255.12,SSP1-2.6
2030-09-23,0.0,29.81,61.647,8.7,263.38,SSP1-2.6
2030-09-24,0.0,31.077,53.358,8.922,291.15,SSP1-2.6
2030-09-25,0.0,29.395,54.691,9.15,248.65,SSP1-2.6
2030-09-26,0.0,29.674,52.485,9.93,252.57,SSP1-2.6
2030-09-27,0.0,29.374,55.364,8.216,251.12,SSP1-2.6
2030-09-28,0.0,28.941,56.895,6.196,243.99,SSP1-2.6
2030-09-29,0.0,28.997,52.748,6.559,241.71,SSP1-2.6
2030-09-30,0.0266,27.298,69.603,6.173,206.26,SSP1-2.6
2030-10-01,0.0,27.868,47.936,7.604,247.8,SSP1-2.6
2030-10-02,0.0,28.669,55.972,6.386,224.86,SSP1-2.6
2030-10-03,0.0,27.877,50.772,7.841,236.72,SSP1-2.6
2030-10-04,0.0,28.233,42.395,8.254,280.01,SSP1-2.6
2030-10-05,0.0,29.878,44.387,9.454,236.59,SSP1-2.6
2030-10-06,0.0,27.961,45.376,7.816,245.97,SSP1-2.6
2030-10-07,0.0,27.729,43.777,6.919,264.37,SSP1-2.6
2030-10-08,0.0,27.873,40.019,6.261,286.67,SSP1-2.6
2030-10-09,0.0,27.767,40.029,4.433,237.45,SSP1-2.6
2030-10-10,0.01,27.792,40.333,5.117,262.49,SSP1-2.6
2030-10-11,0.0,27.388,51.895,3.994,212.43,SSP1-2.6
2030-10-12,0.0,27.216,44.487,4.458,265.77,SSP1-2.6
2030-10-13,0.017,26.092,75.167,6.13,198.69,SSP1-2.6
2030-10-14,0.0,28.754,47.602,5.17,272.98,SSP1-2.6
2030-10-15,0.0,27.354,35.17,5.119,273.41,SSP1-2.6
2030-10-16,0.0,26.997,34.836,5.892,258.97,SSP1-2.6
2030-10-17,0.0,27.327,35.515,6.017,260.1,SSP1-2.6
2030-10-18,0.0,26.635,34.465,6.261,275.14,SSP1-2.6
2030-10-19,0.0,27.544,35.904,7.169,271.92,SSP1-2.6
2030-10-20,0.0,28.077,34.392,7.649,258.14,SSP1-2.6
2030-10-21,0.0,28.529,34.504,7.418,259.28,SSP1-2.6
2030-10-22,0.0,28.448,35.74,7.353,247.42,SSP1-2.6
2030-10-23,0.0,28.105,38.557,7.123,235.13,SSP1-2.6
2030-10-24,0.0399,28.86,47.648,7.126,219.3,SSP1-2.6
2030-10-25,4.5727,29.089,49.527,9.505,215.95,SSP1-2.6
2030-10-26,0.0,29.094,45.92,10.537,229.81,SSP1-2.6
2030-10-27,0.2548,29.671,42.871,9.697,229.13,SSP1-2.6
2030-10-28,11.1906,27.437,56.273,9.176,211.32,SSP1-2.6
2030-10-29,0.0167,28.358,47.483,9.266,239.07,SSP1-2.6
2030-10-30,0.0282,28.264,45.532,8.193,222.92,SSP1-2.6
2030-10-31,0.037,28.564,41.114,6.099,236.7,SSP1-2.6
2030-11-01,0.0,29.091,37.666,7.46,255.93,SSP1-2.6
2030-11-02,0.0,29.224,35.479,8.579,257.56,SSP1-2.6
2030-11-03,0.0,28.555,39.339,8.381,253.03,SSP1-2.6
2030-11-04,0.0,29.565,36.191,9.557,251.34,SSP1-2.6
2030-11-05,0.0,27.521,41.858,8.48,197.17,SSP1-2.6
2030-11-06,0.0,27.11,44.321,7.799,186.23,SSP1-2.6
2030-11-07,0.0,27.573,37.694,8.761,234.11,SSP1-2.6
2030-11-08,0.0,27.416,32.998,8.608,234.45,SSP1-2.6
2030-11-09,0.0,26.705,37.271,8.045,193.17,SSP1-2.6
2030-11-10,0.0,26.585,34.216,8.327,196.76,SSP1-2.6
2030-11-11,0.0,26.433,36.531,8.744,198.62,SSP1-2.6
2030-11-12,0.0,26.662,30.125,7.46,211.8,SSP1-2.6
2030-11-13,0.0,26.365,29.105,8.294,222.24,SSP1-2.6
2030-11-14,0.0,26.873,28.858,9.084,238.25,SSP1-2.6
2030-11-15,0.0,27.025,27.566,7.543,237.61,SSP1-2.6
2030-11-16,0.0,27.294,24.914,6.719,220.56,SSP1-2.6
2030-11-17,0.0,27.157,35.667,8.71,204.33,SSP1-2.6
2030-11-18,0.0,27.142,42.044,8.86,194.14,SSP1-2.6
2030-11-19,0.0,25.862,35.445,10.073,193.71,SSP1-2.6
2030-11-20,6.3967,22.915,52.641,10.843,157.93,SSP1-2.6
2030-11-21,35.942,21.802,87.201,15.34,116.15,SSP1-2.6
2030-11-22,21.9418,22.213,91.428,16.168,100.4,SSP1-2.6
2030-11-23,2.7829,22.573,91.966,8.98,135.56,SSP1-2.6
2030-11-24,0.7741,22.838,86.022,9.124,160.63,SSP1-2.6
2030-11-25,0.2335,23.04,83.681,8.889,167.77,SSP1-2.6
2030-11-26,0.2881,24.389,73.701,7.126,197.15,SSP1-2.6
2030-11-27,0.3639,25.418,67.92,3.831,203.91,SSP1-2.6
2030-11-28,0.007,25.35,64.908,6.11,208.86,SSP1-2.6
2030-11-29,0.0725,24.582,69.349,5.375,171.43,SSP1-2.6
2030-11-30,0.0166,24.47,72.175,5.004,177.57,SSP1-2.6
2030-12-01,0.28,22.829,80.304,5.43,183.29,SSP1-2.6
2030-12-02,0.0,23.764,71.426,4.625,181.51,SSP1-2.6
2030-12-03,0.0,23.799,65.946,5.987,202.82,SSP1-2.6
2030-12-04,0.0,24.028,52.063,6.3,230.07,SSP1-2.6
2030-12-05,0.0,23.408,40.583,6.179,240.11,SSP1-2.6
2030-12-06,0.0,23.307,35.842,6.244,242.28,SSP1-2.6
2030-12-07,0.0,22.585,30.528,7.329,243.21,SSP1-2.6
2030-12-08,0.0,22.097,26.964,8.829,249.73,SSP1-2.6
2030-12-09,0.0,21.922,32.149,6.491,210.48,SSP1-2.6
2030-12-10,0.0,21.018,42.231,7.306,212.39,SSP1-2.6
2030-12-11,0.0,20.955,33.457,6.878,248.35,SSP1-2.6
2030-12-12,0.0,21.237,33.686,5.126,246.86,SSP1-2.6
2030-12-13,0.0,21.748,34.711,4.797,241.78,SSP1-2.6
2030-12-14,0.0,24.203,41.716,4.581,238.98,SSP1-2.6
2030-12-15,0.0,25.029,43.163,5.982,237.97,SSP1-2.6
2030-12-16,0.0,25.205,44.066,8.084,232.7,SSP1-2.6
2030-12-17,0.0,23.866,46.7,10.229,226.63,SSP1-2.6
2030-12-18,0.0,23.502,44.026,10.324,225.47,SSP1-2.6
2030-12-19,0.0,23.336,40.858,9.775,242.59,SSP1-2.6
2030-12-20,0.0,23.325,44.48,8.673,236.66,SSP1-2.6
2030-12-21,0.0,23.241,40.527,9.489,226.64,SSP1-2.6
2030-12-22,0.0,22.102,31.84,10.06,244.05,SSP1-2.6
2030-12-23,0.0,21.709,32.176,8.645,232.51,SSP1-2.6
2030-12-24,0.0,23.015,33.562,6.147,232.78,SSP1-2.6
2030-12-25,0.0,23.721,36.668,6.287,229.56,SSP1-2.6
2030-12-26,0.0,24.775,38.865,7.541,231.7,SSP1-2.6
2030-12-27,0.0,26.033,41.32,7.353,194.92,SSP1-2.6
2030-12-28,0.0,23.103,56.223,10.031,159.51,SSP1-2.6
2030-12-29,0.0,24.958,48.919,10.935,196.59,SSP1-2.6
2030-12-30,0.0,24.02,52.046,10.727,183.05,SSP1-2.6
2030-12-31,0.0,24.628,50.544,13.976,208.16,SSP1-2.6
2031-01-01,0.0,24.19,53.971,11.077,205.16,SSP1-2.6
2031-01-02,0.0,25.723,40.163,8.417,238.3,SSP1-2.6
2031-01-03,0.0,25.579,38.539,9.105,225.5,SSP1-2.6
2031-01-04,0.0,25.636,38.845,8.824,220.06,SSP1-2.6
2031-01-05,0.0,25.553,42.532,10.726,225.58,SSP1-2.6
2031-01-06,0.0,24.817,44.865,8.215,217.59,SSP1-2.6
2031-01-07,0.0,25.316,41.09,7.288,235.54,SSP1-2.6
2031-01-08,0.0,25.496,41.009,9.992,226.07,SSP1-2.6
2031-01-09,0.0,25.766,34.208,10.877,237.2,SSP1-2.6
2031-01-10,0.0,25.725,36.443,11.37,234.88,SSP1-2.6
2031-01-11,0.0,24.703,42.545,9.526,202.77,SSP1-2.6
2031-01-12,0.0,25.523,40.118,10.954,234.3,SSP1-2.6
2031-01-13,0.0,25.47,42.483,11.196,222.01,SSP1-2.6
2031-01-14,0.0,24.249,42.49,11.246,186.25,SSP1-2.6
2031-01-15,0.0,25.276,35.439,11.155,241.79,SSP1-2.6
2031-01-16,0.0,25.092,38.082,8.522,223.08,SSP1-2.6
2031-01-17,0.0,25.181,41.585,12.901,202.66,SSP1-2.6
2031-01-18,0.0,24.631,47.533,12.766,189.86,SSP1-2.6
2031-01-19,0.0,26.173,46.421,9.693,199.81,SSP1-2.6
2031-01-20,0.0,26.623,39.603,10.499,230.03,SSP1-2.6
2031-01-21,0.0,25.016,31.585,13.078,218.72,SSP1-2.6
2031-01-22,0.0,24.62,33.514,7.346,212.52,SSP1-2.6
2031-01-23,0.0,24.905,42.974,10.397,210.72,SSP1-2.6
2031-01-24,0.0,23.538,59.565,9.841,171.73,SSP1-2.6
2031-01-25,0.0,23.011,66.513,9.744,176.27,SSP1-2.6
2031-01-26,0.0,24.293,58.339,11.532,199.58,SSP1-2.6
2031-01-27,0.0,24.652,60.3,12.941,204.66,SSP1-2.6
2031-01-28,0.0,23.835,60.474,11.407,194.88,SSP1-2.6
2031-01-29,0.0,24.739,53.257,10.545,202.39,SSP1-2.6
2031-01-30,0.0,26.318,43.221,8.51,228.69,SSP1-2.6
2031-01-31,0.0,26.499,42.781,11.085,231.27,SSP1-2.6
2031-02-01,0.0,27.538,41.719,11.348,221.21,SSP1-2.6
2031-02-02,0.0,26.812,45.159,8.826,209.48,SSP1-2.6
2031-02-03,0.0,26.453,52.421,13.074,221.08,SSP1-2.6
2031-02-04,0.0,25.416,57.139,11.377,208.97,SSP1-2.6
2031-02-05,0.0,26.47,48.307,10.658,236.69,SSP1-2.6
2031-02-06,0.0,26.593,45.432,8.678,236.2,SSP1-2.6
2031-02-07,0.0,26.522,38.16,9.32,271.53,SSP1-2.6
2031-02-08,0.0,26.709,35.872,9.325,271.09,SSP1-2.6
2031-02-09,0.0,26.567,35.475,7.937,268.11,SSP1-2.6
2031-02-10,0.0,26.804,30.75,9.072,277.19,SSP1-2.6
2031-02-11,0.0,26.718,28.548,10.349,280.57,SSP1-2.6
2031-02-12,0.0,26.72,26.249,10.283,279.03,SSP1-2.6
2031-02-13,0.0,26.916,24.383,10.302,280.75,SSP1-2.6
2031-02-14,0.0,26.841,24.639,9.716,284.43,SSP1-2.6
2031-02-15,0.0,27.034,26.086,13.526,284.51,SSP1-2.6
2031-02-16,0.0,26.793,34.528,12.106,243.95,SSP1-2.6
2031-02-17,0.0,26.951,41.278,11.408,211.95,SSP1-2.6
2031-02-18,0.0,27.262,31.673,9.252,281.8,SSP1-2.6
2031-02-19,0.0,27.817,28.748,9.363,275.24,SSP1-2.6
2031-02-20,0.0,27.935,27.996,10.041,253.45,SSP1-2.6
2031-02-21,0.0,28.231,26.529,13.205,269.53,SSP1-2.6
2031-02-22,0.0,28.868,23.282,14.554,261.07,SSP1-2.6
2031-02-23,0.0,28.023,24.257,10.627,198.39,SSP1-2.6
2031-02-24,0.0,27.48,25.342,7.098,277.79,SSP1-2.6
2031-02-25,0.0,27.068,18.511,11.046,296.27,SSP1-2.6
2031-02-26,0.0,26.244,10.594,9.763,311.4,SSP1-2.6
2031-02-27,0.0,25.173,10.602,5.554,314.03,SSP1-2.6
2031-02-28,0.0,26.602,15.367,6.325,266.73,SSP1-2.6
2031-03-01,0.0,26.836,18.173,9.852,308.61,SSP1-2.6
2031-03-02,0.0,28.883,21.876,13.32,295.55,SSP1-2.6
2031-03-03,0.0001,29.657,23.861,11.832,225.49,SSP1-2.6
2031-03-04,0.0,29.122,23.574,9.786,288.16,SSP1-2.6
2031-03-05,0.0,28.015,22.577,8.902,310.75,SSP1-2.6
2031-03-06,0.0,28.401,19.929,10.631,314.86,SSP1-2.6
2031-03-07,0.0,28.91,18.712,12.167,311.1,SSP1-2.6
2031-03-08,0.0,29.06,18.338,13.934,312.97,SSP1-2.6
2031-03-09,0.0,29.963,21.86,14.774,294.2,SSP1-2.6
2031-03-10,0.0,29.605,23.485,13.619,272.53,SSP1-2.6
2031-03-11,0.0079,29.79,27.68,8.69,228.49,SSP1-2.6
2031-03-12,0.0111,27.969,37.113,10.679,219.64,SSP1-2.6
2031-03-13,0.0,28.031,27.673,8.01,235.65,SSP1-2.6
2031-03-14,0.0,27.629,18.838,7.357,286.1,SSP1-2.6
2031-03-15,0.0,27.581,21.529,7.649,325.59,SSP1-2.6
2031-03-16,0.0,29.804,20.918,7.14,257.81,SSP1-2.6
2031-03-17,0.0,28.72,19.543,8.84,313.05,SSP1-2.6
2031-03-18,0.0,29.934,20.869,9.84,288.0,SSP1-2.6
2031-03-19,0.0,30.33,21.586,10.806,299.67,SSP1-2.6
2031-03-20,0.0,30.558,22.28,12.254,314.62,SSP1-2.6
2031-03-21,0.0,31.177,22.801,12.895,290.27,SSP1-2.6
2031-03-22,0.0,30.454,22.214,12.259,313.32,SSP1-2.6
2031-03-23,0.0193,30.462,20.796,10.122,313.52,SSP1-2.6
2031-03-24,0.001,29.79,26.475,7.715,213.59,SSP1-2.6
2031-03-25,0.0,30.812,25.129,12.296,289.65,SSP1-2.6
2031-03-26,0.0536,31.168,25.612,9.658,247.25,SSP1-2.6
2031-03-27,0.2749,31.524,31.098,6.315,243.19,SSP1-2.6
2031-03-28,0.0349,29.108,41.089,5.288,204.6,SSP1-2.6
2031-03-29,0.0,30.658,27.819,6.54,298.82,SSP1-2.6
2031-03-30,0.0,30.995,21.301,7.306,320.91,SSP1-2.6
2031-03-31,0.0,31.584,21.038,9.796,322.65,SSP1-2.6
2031-04-01,0.0019,31.764,21.394,11.135,315.39,SSP1-2.6
2031-04-02,0.0,31.66,20.714,12.387,315.96,SSP1-2.6
2031-04-03,0.0,32.088,20.757,11.178,279.94,SSP1-2.6
2031-04-04,0.0,31.658,20.97,11.575,308.4,SSP1-2.6
2031-04-05,0.0,31.6,22.937,11.625,235.75,SSP1-2.6
2031-04-06,0.0,32.123,22.66,9.782,274.07,SSP1-2.6
2031-04-07,0.0144,32.343,21.909,10.044,276.19,SSP1-2.6
2031-04-08,0.232,32.528,22.311,10.965,310.94,SSP1-2.6
2031-04-09,0.8717,31.785,29.041,9.547,268.81,SSP1-2.6
2031-04-10,0.0259,31.71,28.516,8.216,270.63,SSP1-2.6
2031-04-11,0.6025,32.394,28.104,8.216,288.93,SSP1-2.6
2031-04-12,0.5089,29.004,43.25,7.245,210.43,SSP1-2.6
2031-04-13,0.1041,31.456,30.257,8.686,284.49,SSP1-2.6
2031-04-14,0.0,31.272,28.976,7.783,248.8,SSP1-2.6
2031-04-15,0.0,32.008,21.355,9.61,337.72,SSP1-2.6
2031-04-16,0.0,32.005,19.712,8.37,333.51,SSP1-2.6
2031-04-17,0.004,32.434,21.119,10.334,339.25,SSP1-2.6
2031-04-18,0.3206,33.235,22.538,11.593,302.91,SSP1-2.6
2031-04-19,0.1215,33.087,23.21,11.303,317.7,SSP1-2.6
2031-04-20,0.0,33.062,24.12,10.408,266.34,SSP1-2.6
2031-04-21,0.0,32.881,23.506,12.534,331.63,SSP1-2.6
2031-04-22,0.0,33.341,23.069,11.632,291.98,SSP1-2.6
2031-04-23,0.0,32.746,21.122,10.152,338.1,SSP1-2.6
2031-04-24,0.0,33.88,20.631,8.396,313.42,SSP1-2.6
2031-04-25,0.0187,34.841,21.324,6.601,278.05,SSP1-2.6
2031-04-26,0.0,34.177,21.45,5.896,266.27,SSP1-2.6
2031-04-27,0.0,34.648,20.182,7.675,279.99,SSP1-2.6
2031-04-28,0.0,32.978,22.258,9.035,246.16,SSP1-2.6
2031-04-29,1.0757,33.323,25.0,7.824,242.4,SSP1-2.6
2031-04-30,1.0751,32.026,31.301,6.484,245.99,SSP1-2.6
2031-05-01,0.2786,32.917,28.69,7.637,296.97,SSP1-2.6
2031-05-02,0.0,32.816,24.381,8.025,319.25,SSP1-2.6
2031-05-03,0.0,33.597,21.448,8.112,328.72,SSP1-2.6
2031-05-04,0.0,34.218,21.575,8.848,311.59,SSP1-2.6
2031-05-05,0.0,34.231,23.706,10.257,318.43,SSP1-2.6
2031-05-06,0.0,34.249,23.842,11.613,321.71,SSP1-2.6
2031-05-07,0.0,34.416,24.441,9.733,304.87,SSP1-2.6
2031-05-08,0.0194,34.275,25.074,10.134,304.61,SSP1-2.6
2031-05-09,0.1214,34.124,25.114,9.333,303.96,SSP1-2.6
2031-05-10,0.9538,33.981,27.582,8.687,305.67,SSP1-2.6
2031-05-11,0.9476,33.721,30.818,6.938,267.0,SSP1-2.6
2031-05-12,0.0249,33.72,28.565,8.246,290.5,SSP1-2.6
2031-05-13,0.0243,33.069,29.354,9.868,266.62,SSP1-2.6
2031-05-14,0.0,32.404,24.228,15.659,345.48,SSP1-2.6
2031-05-15,0.0,34.339,24.848,14.066,270.21,SSP1-2.6
2031-05-16,0.0,34.381,23.36,8.206,263.77,SSP1-2.6
2031-05-17,0.0,34.486,22.765,11.816,295.65,SSP1-2.6
2031-05-18,0.0,34.704,22.692,10.318,274.38,SSP1-2.6
2031-05-19,0.0,34.891,21.139,9.065,270.16,SSP1-2.6
2031-05-20,0.0,35.257,20.861,12.56,283.59,SSP1-2.6
2031-05-21,0.0,35.905,19.252,9.358,328.28,SSP1-2.6
2031-05-22,1.2515,35.398,20.821,12.447,300.92,SSP1-2.6
2031-05-23,0.0015,35.026,21.739,14.133,316.47,SSP1-2.6
2031-05-24,0.0,35.312,22.726,15.666,300.51,SSP1-2.6
2031-05-25,0.0,35.182,22.354,15.587,320.36,SSP1-2.6
2031-05-26,0.0,34.811,22.481,15.766,344.5,SSP1-2.6
2031-05-27,0.0,34.947,23.07,14.586,329.79,SSP1-2.6
2031-05-28,0.0,34.656,22.99,13.723,324.5,SSP1-2.6
2031-05-29,0.0025,35.163,23.849,9.784,294.9,SSP1-2.6
2031-05-30,3.1115,33.42,35.926,9.207,273.65,SSP1-2.6
2031-05-31,0.0,34.054,30.125,14.041,288.0,SSP1-2.6
2031-06-01,0.0,34.178,25.289,18.245,294.05,SSP1-2.6
2031-06-02,0.0,34.835,24.134,16.321,305.35,SSP1-2.6
2031-06-03,0.0,35.0,22.11,12.045,312.48,SSP1-2.6
2031-06-04,0.0,36.342,21.382,10.629,302.69,SSP1-2.6
2031-06-05,0.2274,35.746,22.623,9.53,283.69,SSP1-2.6
2031-06-06,0.0,35.603,21.022,13.031,306.99,SSP1-2.6
2031-06-07,0.0,36.768,19.058,15.257,322.46,SSP1-2.6
2031-06-08,0.0,35.409,18.011,14.773,349.94,SSP1-2.6
2031-06-09,0.0,35.344,17.189,15.589,342.57,SSP1-2.6
2031-06-10,0.0,37.147,18.568,16.157,340.58,SSP1-2.6
2031-06-11,0.0,36.547,21.145,15.076,313.72,SSP1-2.6
2031-06-12,0.0,37.159,19.367,14.827,325.73,SSP1-2.6
2031-06-13,9.766,35.754,28.105,11.658,299.44,SSP1-2.6
2031-06-14,11.91,33.574,42.757,10.406,278.83,SSP1-2.6
2031-06-15,0.037,33.251,40.487,13.571,309.52,SSP1-2.6
2031-06-16,0.0,32.931,40.327,13.746,270.71,SSP1-2.6
2031-06-17,0.0,33.498,35.683,14.199,268.01,SSP1-2.6
2031-06-18,0.9959,35.119,32.869,13.102,297.75,SSP1-2.6
2031-06-19,0.0,34.077,33.927,13.841,260.86,SSP1-2.6
2031-06-20,0.0,35.896,31.056,13.999,310.87,SSP1-2.6
2031-06-21,0.0593,35.339,34.793,13.042,268.59,SSP1-2.6
2031-06-22,0.0455,35.136,34.393,13.1,266.09,SSP1-2.6
2031-06-23,16.2855,28.677,65.241,10.151,209.61,SSP1-2.6
2031-06-24,0.0,28.714,62.202,13.09,238.71,SSP1-2.6
2031-06-25,0.1958,30.342,58.758,11.113,257.77,SSP1-2.6
2031-06-26,0.1944,31.688,54.877,11.529,293.84,SSP1-2.6
2031-06-27,0.8063,31.196,56.609,9.265,271.18,SSP1-2.6
2031-06-28,0.9175,30.367,60.461,9.73,272.18,SSP1-2.6
2031-06-29,1.8388,29.768,62.977,10.398,276.0,SSP1-2.6
2031-06-30,0.0,29.24,62.282,13.39,275.44,SSP1-2.6
2031-07-01,0.0,30.655,59.113,15.129,266.63,SSP1-2.6
2031-07-02,0.0,31.391,54.047,15.109,296.67,SSP1-2.6
2031-07-03,0.0,31.622,50.568,14.309,308.94,SSP1-2.6
2031-07-04,0.0788,31.801,51.617,13.709,289.05,SSP1-2.6
2031-07-05,0.0,32.14,49.618,13.066,311.21,SSP1-2.6
2031-07-06,0.2254,32.138,51.616,12.894,294.82,SSP1-2.6
2031-07-07,0.0,31.192,54.62,15.006,259.2,SSP1-2.6
2031-07-08,0.0,30.994,58.321,16.191,284.25,SSP1-2.6
2031-07-09,0.0,30.718,59.606,15.847,276.69,SSP1-2.6
2031-07-10,0.0,31.0,53.255,14.232,293.17,SSP1-2.6
2031-07-11,0.2944,31.551,57.955,12.766,283.11,SSP1-2.6
2031-07-12,0.1405,28.574,78.409,10.464,215.82,SSP1-2.6
2031-07-13,16.4114,28.988,78.704,10.767,229.57,SSP1-2.6
2031-07-14,19.8266,27.379,91.343,11.488,166.4,SSP1-2.6
2031-07-15,0.7547,28.316,85.767,9.949,220.84,SSP1-2.6
2031-07-16,0.1443,28.974,80.836,8.493,234.1,SSP1-2.6
2031-07-17,0.7064,29.082,81.361,7.622,240.79,SSP1-2.6
2031-07-18,23.4308,27.693,91.251,5.488,211.15,SSP1-2.6
2031-07-19,24.8352,27.562,92.302,5.817,215.89,SSP1-2.6
2031-07-20,3.9684,27.858,89.485,6.422,219.28,SSP1-2.6
2031-07-21,23.4644,27.728,91.131,6.836,217.94,SSP1-2.6
2031-07-22,18.0697,27.713,90.691,8.015,220.06,SSP1-2.6
2031-07-23,1.207,27.817,88.571,9.384,231.74,SSP1-2.6
2031-07-24,0.0037,28.422,83.441,10.802,242.7,SSP1-2.6
2031-07-25,0.0,29.057,76.015,10.299,278.09,SSP1-2.6
2031-07-26,0.0,29.426,74.345,7.694,282.43,SSP1-2.6
2031-07-27,0.0,29.083,79.783,6.41,242.73,SSP1-2.6
2031-07-28,0.0,29.736,77.97,4.623,273.27,SSP1-2.6
2031-07-29,0.0,29.907,78.004,6.022,256.28,SSP1-2.6
2031-07-30,0.0,29.693,76.382,7.099,249.46,SSP1-2.6
2031-07-31,0.0692,28.755,83.08,4.702,231.01,SSP1-2.6
2031-08-01,0.0,29.772,76.161,6.735,261.47,SSP1-2.6
2031-08-02,1.9766,29.902,79.248,5.838,268.03,SSP1-2.6
2031-08-03,7.256,28.471,84.005,5.58,242.86,SSP1-2.6
2031-08-04,18.0969,27.439,88.715,6.553,227.53,SSP1-2.6
2031-08-05,12.3519,26.75,92.408,6.732,190.74,SSP1-2.6
2031-08-06,21.0096,26.822,91.806,5.58,215.59,SSP1-2.6
2031-08-07,11.1722,26.602,91.767,6.902,219.74,SSP1-2.6
2031-08-08,33.2749,26.576,92.697,8.08,217.44,SSP1-2.6
2031-08-09,32.1149,26.114,93.104,13.537,181.93,SSP1-2.6
2031-08-10,0.0,26.662,87.151,11.631,225.65,SSP1-2.6
2031-08-11,17.5333,27.056,85.505,11.569,244.21,SSP1-2.6
2031-08-12,0.124,26.442,88.458,9.265,208.83,SSP1-2.6
2031-08-13,0.1922,27.08,82.212,13.671,232.92,SSP1-2.6
2031-08-14,0.0,27.334,79.808,11.896,251.07,SSP1-2.6
2031-08-15,0.0,28.095,79.321,12.531,291.37,SSP1-2.6
2031-08-16,0.0,27.805,82.437,10.023,257.63,SSP1-2.6
2031-08-17,0.0,27.852,83.507,10.593,254.59,SSP1-2.6
2031-08-18,5.2727,27.084,86.041,9.966,234.96,SSP1-2.6
2031-08-19,1.6676,27.0,86.67,9.481,231.98,SSP1-2.6
2031-08-20,0.0551,26.806,84.899,12.02,225.72,SSP1-2.6
2031-08-21,0.5461,26.813,86.295,10.415,226.98,SSP1-2.6
2031-08-22,0.0938,27.118,85.515,7.632,238.15,SSP1-2.6
2031-08-23,0.0,27.625,81.092,5.871,285.07,SSP1-2.6
2031-08-24,10.1355,27.11,89.387,4.787,240.73,SSP1-2.6
2031-08-25,3.3181,27.419,87.088,8.042,239.08,SSP1-2.6
2031-08-26,0.9057,27.114,87.884,11.335,242.05,SSP1-2.6
2031-08-27,0.0,27.178,85.81,10.242,245.51,SSP1-2.6
2031-08-28,0.0,27.865,80.949,9.171,251.57,SSP1-2.6
2031-08-29,0.0,28.726,74.999,9.79,284.3,SSP1-2.6
2031-08-30,0.0,28.229,78.536,8.937,261.04,SSP1-2.6
2031-08-31,0.0,27.636,84.073,7.506,237.83,SSP1-2.6
2031-09-01,0.6397,27.193,86.971,7.145,226.07,SSP1-2.6
2031-09-02,0.0896,26.901,86.839,5.703,224.88,SSP1-2.6
2031-09-03,2.0206,27.025,88.622,5.164,226.49,SSP1-2.6
2031-09-04,11.3966,26.659,90.995,3.528,226.51,SSP1-2.6
2031-09-05,0.0,27.162,85.741,3.163,249.24,SSP1-2.6
2031-09-06,0.0,27.819,76.959,4.847,292.67,SSP1-2.6
2031-09-07,0.0,27.905,73.893,7.864,304.66,SSP1-2.6
2031-09-08,0.0,28.043,71.707,7.815,297.26,SSP1-2.6
2031-09-09,0.0,28.984,71.925,6.966,303.45,SSP1-2.6
2031-09-10,23.8675,27.7,85.199,7.726,235.14,SSP1-2.6
2031-09-11,9.7324,26.919,88.574,9.293,208.65,SSP1-2.6
2031-09-12,36.9309,26.634,91.772,10.231,202.49,SSP1-2.6
2031-09-13,36.323,26.329,94.798,9.501,166.73,SSP1-2.6
2031-09-14,23.0299,25.886,95.884,7.324,175.29,SSP1-2.6
2031-09-15,0.0,26.859,85.468,8.968,246.96,SSP1-2.6
2031-09-16,0.0784,26.887,85.242,7.156,265.35,SSP1-2.6
2031-09-17,0.0,26.707,89.204,4.542,231.46,SSP1-2.6
2031-09-18,0.0,26.846,88.368,6.283,237.49,SSP1-2.6
2031-09-19,0.0,27.186,82.196,6.307,251.0,SSP1-2.6
2031-09-20,0.0,27.48,81.919,5.656,252.66,SSP1-2.6
2031-09-21,5.7881,27.952,79.614,3.971,269.93,SSP1-2.6
2031-09-22,34.9051,26.383,93.252,4.081,201.85,SSP1-2.6
2031-09-23,6.3763,26.5,90.365,6.518,219.5,SSP1-2.6
2031-09-24,0.5915,26.977,87.086,6.428,236.0,SSP1-2.6
2031-09-25,12.2639,26.519,90.36,3.517,223.35,SSP1-2.6
2031-09-26,8.2409,26.738,89.864,3.614,221.74,SSP1-2.6
2031-09-27,28.0197,26.388,92.842,6.6,197.51,SSP1-2.6
2031-09-28,28.2209,26.217,93.283,6.659,191.33,SSP1-2.6
2031-09-29,0.5857,26.423,86.038,8.553,210.54,SSP1-2.6
2031-09-30,6.7496,26.827,80.538,11.855,232.52,SSP1-2.6
2031-10-01,0.0,26.117,78.252,8.013,229.27,SSP1-2.6
2031-10-02,0.0,25.908,77.717,6.799,233.94,SSP1-2.6
2031-10-03,0.0,26.544,71.389,6.331,233.98,SSP1-2.6
2031-10-04,2.3161,26.547,77.651,4.571,236.99,SSP1-2.6
2031-10-05,11.0196,25.793,89.296,4.71,211.21,SSP1-2.6
2031-10-06,21.4847,25.083,92.171,5.551,187.76,SSP1-2.6
2031-10-07,1.5895,26.168,81.248,9.184,243.04,SSP1-2.6
2031-10-08,0.0572,26.787,75.591,8.819,256.32,SSP1-2.6
2031-10-09,0.0,25.927,71.076,6.443,265.32,SSP1-2.6
2031-10-10,0.0,26.092,65.564,3.225,278.46,SSP1-2.6
2031-10-11,0.0,26.092,76.282,5.03,265.12,SSP1-2.6
2031-10-12,0.0404,25.59,81.976,4.278,221.02,SSP1-2.6
2031-10-13,0.0,25.436,68.456,6.618,235.68,SSP1-2.6
2031-10-14,0.0,25.496,60.357,7.18,227.69,SSP1-2.6
2031-10-15,0.0,26.435,57.383,8.379,271.83,SSP1-2.6
2031-10-16,0.0,27.49,54.504,8.612,269.32,SSP1-2.6
2031-10-17,0.0,27.344,51.444,8.791,261.46,SSP1-2.6
2031-10-18,0.0,27.004,59.289,9.057,224.39,SSP1-2.6
2031-10-19,0.0,27.539,52.308,9.203,275.72,SSP1-2.6
2031-10-20,0.0,26.983,49.726,8.835,277.12,SSP1-2.6
2031-10-21,0.0,25.454,45.325,7.776,274.39,SSP1-2.6
2031-10-22,0.0,24.976,44.187,4.46,278.21,SSP1-2.6
2031-10-23,4.4644,24.017,81.597,5.76,198.96,SSP1-2.6
2031-10-24,0.0043,25.824,69.238,6.009,222.23,SSP1-2.6
2031-10-25,0.0,25.985,56.989,6.305,250.29,SSP1-2.6
2031-10-26,0.713,25.309,75.51,8.637,231.64,SSP1-2.6
2031-10-27,2.7309,24.683,82.783,7.871,201.19,SSP1-2.6
2031-10-28,4.5363,24.855,82.885,4.789,193.06,SSP1-2.6
2031-10-29,0.0619,26.628,67.653,5.92,231.88,SSP1-2.6
2031-10-30,0.0,27.287,57.35,6.191,259.23,SSP1-2.6
2031-10-31,0.0,26.533,61.918,7.337,216.76,SSP1-2.6
2031-11-01,0.0,27.051,51.88,5.915,249.29,SSP1-2.6
2031-11-02,0.0,26.359,51.091,5.865,240.04,SSP1-2.6
2031-11-03,0.0,25.803,53.224,6.288,250.21,SSP1-2.6
2031-11-04,0.0,24.265,67.039,6.282,185.12,SSP1-2.6
2031-11-05,0.0,24.581,42.626,8.998,248.78,SSP1-2.6
2031-11-06,0.0,24.332,34.121,12.32,258.25,SSP1-2.6
2031-11-07,0.0,23.692,29.421,12.435,256.73,SSP1-2.6
2031-11-08,0.0,22.997,29.276,6.711,266.4,SSP1-2.6
2031-11-09,0.0,23.286,36.095,4.374,226.7,SSP1-2.6
2031-11-10,0.0,24.07,47.134,5.934,252.18,SSP1-2.6
2031-11-11,0.0,24.775,43.809,6.369,247.9,SSP1-2.6
2031-11-12,0.0,24.359,42.02,5.341,252.88,SSP1-2.6
2031-11-13,0.0,24.292,36.369,5.979,255.97,SSP1-2.6
2031-11-14,0.0,23.842,29.899,6.828,257.64,SSP1-2.6
2031-11-15,0.0,23.746,28.445,6.124,233.15,SSP1-2.6
2031-11-16,0.0,23.257,26.483,9.073,234.48,SSP1-2.6
2031-11-17,0.0,22.804,24.986,9.2,256.22,SSP1-2.6
2031-11-18,0.0,22.679,23.886,9.515,257.63,SSP1-2.6
2031-11-19,0.0,22.75,23.733,10.128,255.96,SSP1-2.6
2031-11-20,0.0,22.907,26.259,9.744,197.85,SSP1-2.6
2031-11-21,0.0,24.132,29.36,9.871,212.95,SSP1-2.6
2031-11-22,0.0,24.508,31.739,9.152,217.74,SSP1-2.6
2031-11-23,0.2394,24.491,64.777,10.15,185.45,SSP1-2.6
2031-11-24,0.1746,23.36,62.802,9.229,176.3,SSP1-2.6
2031-11-25,0.0,22.984,38.542,10.112,205.36,SSP1-2.6
2031-11-26,0.0,22.357,29.998,8.137,214.1,SSP1-2.6
2031-11-27,0.0,22.01,36.148,6.962,206.4,SSP1-2.6
2031-11-28,0.0,22.504,37.491,7.938,214.14,SSP1-2.6
2031-11-29,0.0,23.138,45.696,7.306,200.24,SSP1-2.6
2031-11-30,0.0,23.116,38.583,8.282,231.68,SSP1-2.6
2031-12-01,0.0,22.784,44.727,7.953,225.63,SSP1-2.6
2031-12-02,0.0,23.493,42.955,7.208,231.5,SSP1-2.6
2031-12-03,0.0,23.391,39.807,6.127,215.27,SSP1-2.6
2031-12-04,0.0,23.641,36.816,6.661,232.83,SSP1-2.6
2031-12-05,0.0,25.181,34.229,8.532,231.36,SSP1-2.6
2031-12-06,0.0,24.96,34.175,8.792,221.39,SSP1-2.6
2031-12-07,0.0,24.81,47.285,8.248,193.38,SSP1-2.6
2031-12-08,0.0,23.775,57.952,7.637,179.77,SSP1-2.6
2031-12-09,0.0,26.71,37.563,9.764,207.11,SSP1-2.6
2031-12-10,0.0,24.645,32.234,9.619,234.74,SSP1-2.6
2031-12-11,0.0,24.128,29.106,9.079,231.49,SSP1-2.6
2031-12-12,0.0,23.041,28.411,7.871,223.13,SSP1-2.6
2031-12-13,0.0,22.453,25.798,9.24,224.72,SSP1-2.6
2031-12-14,0.0,22.066,25.249,9.258,217.08,SSP1-2.6
2031-12-15,0.0,21.797,22.717,10.952,244.4,SSP1-2.6
2031-12-16,0.0,21.78,21.662,11.562,239.37,SSP1-2.6
2031-12-17,0.0,21.988,21.417,11.368,228.87,SSP1-2.6
2031-12-18,0.0,21.821,23.845,11.974,212.74,SSP1-2.6
2031-12-19,0.0,21.694,48.622,12.199,143.08,SSP1-2.6
2031-12-20,0.0,22.23,48.262,10.249,185.76,SSP1-2.6
2031-12-21,0.0,23.419,29.494,10.133,242.84,SSP1-2.6
2031-12-22,0.0,22.979,22.93,9.795,244.98,SSP1-2.6
2031-12-23,0.0,21.867,21.564,10.748,244.16,SSP1-2.6
2031-12-24,0.0,21.005,19.891,10.664,253.6,SSP1-2.6
2031-12-25,0.0,20.596,20.646,11.104,216.24,SSP1-2.6
2031-12-26,0.0,20.234,21.289,10.82,258.14,SSP1-2.6
2031-12-27,0.0,20.74,21.89,12.212,239.75,SSP1-2.6
2031-12-28,0.0,21.454,31.348,10.299,203.92,SSP1-2.6
2031-12-29,0.0,22.819,47.873,10.967,173.82,SSP1-2.6
2031-12-30,0.0,22.542,61.429,9.103,167.03,SSP1-2.6
2031-12-31,0.0,22.35,58.353,7.905,176.9,SSP1-2.6
2032-01-01,0.0,24.199,39.531,10.158,221.33,SSP1-2.6
2032-01-02,0.0,23.431,23.895,13.629,228.54,SSP1-2.6
2032-01-03,0.0,21.428,16.351,14.666,208.56,SSP1-2.6
2032-01-04,0.0,21.032,17.196,13.721,225.28,SSP1-2.6
2032-01-05,0.0,20.883,22.072,14.81,190.2,SSP1-2.6
2032-01-06,0.0,23.335,36.719,18.152,206.88,SSP1-2.6
2032-01-07,0.0,21.444,85.782,15.823,97.47,SSP1-2.6
2032-01-08,0.0,21.821,85.411,11.96,124.67,SSP1-2.6
2032-01-09,0.0,23.741,59.952,11.514,209.93,SSP1-2.6
2032-01-10,0.0,24.142,55.517,9.042,243.02,SSP1-2.6
2032-01-11,0.0,24.315,54.696,7.418,232.41,SSP1-2.6
2032-01-12,0.0,24.747,54.054,7.284,218.36,SSP1-2.6
2032-01-13,0.0,24.883,50.619,8.667,226.49,SSP1-2.6
2032-01-14,0.0,24.679,48.316,9.407,237.56,SSP1-2.6
2032-01-15,0.0,25.043,46.862,7.395,227.9,SSP1-2.6
2032-01-16,0.0,25.147,45.748,6.898,230.96,SSP1-2.6
2032-01-17,0.0,23.653,35.439,12.093,231.83,SSP1-2.6
2032-01-18,0.0,21.784,21.3,10.614,264.57,SSP1-2.6
2032-01-19,0.0,21.05,21.54,8.505,272.58,SSP1-2.6
2032-01-20,0.0,21.748,28.668,8.083,253.14,SSP1-2.6
2032-01-21,0.0,21.597,29.472,7.405,264.67,SSP1-2.6
2032-01-22,0.0,22.433,32.651,7.795,261.81,SSP1-2.6
2032-01-23,0.0,22.404,32.738,8.357,254.73,SSP1-2.6
2032-01-24,0.0,23.003,33.11,8.386,253.69,SSP1-2.6
2032-01-25,0.0,23.75,37.77,9.688,253.03,SSP1-2.6
2032-01-26,0.0,26.162,41.069,10.771,247.66,SSP1-2.6
2032-01-27,0.0,26.047,40.77,11.553,253.63,SSP1-2.6
2032-01-28,0.0,25.738,37.533,11.091,259.28,SSP1-2.6
2032-01-29,0.0,25.077,34.085,10.383,260.78,SSP1-2.6
2032-01-30,0.0,24.573,28.505,10.253,269.09,SSP1-2.6
2032-01-31,0.0,24.098,26.692,9.081,262.59,SSP1-2.6
2032-02-01,0.0,24.875,24.749,9.515,267.87,SSP1-2.6
2032-02-02,0.0,25.509,24.354,11.627,265.87,SSP1-2.6
2032-02-03,0.0,26.023,24.984,13.185,256.19,SSP1-2.6
2032-02-04,0.0,25.835,26.415,11.227,257.86,SSP1-2.6
2032-02-05,0.0,25.481,27.724,9.896,269.95,SSP1-2.6
2032-02-06,0.0,25.776,26.401,11.363,270.94,SSP1-2.6
2032-02-07,0.0,26.761,24.774,12.529,270.12,SSP1-2.6
2032-02-08,0.0,27.216,25.376,8.014,270.05,SSP1-2.6
2032-02-09,0.0,26.981,27.57,8.089,269.17,SSP1-2.6
2032-02-10,0.0,27.774,28.862,9.899,271.01,SSP1-2.6
2032-02-11,0.0,27.66,28.49,7.01,270.82,SSP1-2.6
2032-02-12,0.0,28.159,28.461,11.426,255.29,SSP1-2.6
2032-02-13,0.0,27.205,24.588,11.587,261.52,SSP1-2.6
2032-02-14,0.0,26.25,15.299,13.262,289.36,SSP1-2.6
2032-02-15,0.0,25.463,14.794,11.428,299.16,SSP1-2.6
2032-02-16,0.0,24.495,14.646,8.044,296.63,SSP1-2.6
2032-02-17,0.0,24.786,15.021,7.604,296.53,SSP1-2.6
2032-02-18,0.0,25.499,16.844,6.596,290.88,SSP1-2.6
2032-02-19,0.0,26.294,17.936,6.203,281.31,SSP1-2.6
2032-02-20,0.0,26.778,20.184,7.773,281.24,SSP1-2.6
2032-02-21,0.0,27.167,22.499,8.148,282.63,SSP1-2.6
2032-02-22,0.0,27.041,19.703,10.771,282.34,SSP1-2.6
2032-02-23,0.0,27.805,19.573,10.683,288.51,SSP1-2.6
2032-02-24,0.0,27.559,26.664,11.954,292.9,SSP1-2.6
2032-02-25,0.0,28.767,27.917,11.436,278.78,SSP1-2.6
2032-02-26,0.0,29.437,26.635,7.448,256.36,SSP1-2.6
2032-02-27,0.0,28.555,22.662,8.92,269.0,SSP1-2.6
2032-02-28,0.0,27.583,17.428,9.134,301.01,SSP1-2.6
2032-02-29,0.0,27.676,21.507,10.371,303.97,SSP1-2.6
2032-03-01,0.0,28.73,22.253,11.945,305.61,SSP1-2.6
2032-03-02,0.0,28.568,21.987,12.682,302.97,SSP1-2.6
2032-03-03,0.0,28.555,21.622,11.183,300.03,SSP1-2.6
2032-03-04,0.0,29.187,21.642,9.59,290.52,SSP1-2.6
2032-03-05,0.0,29.136,21.402,11.128,301.94,SSP1-2.6
2032-03-06,0.0006,27.421,30.076,15.006,205.06,SSP1-2.6
2032-03-07,0.0,29.483,29.637,11.862,229.98,SSP1-2.6
2032-03-08,0.0,28.44,23.989,11.704,303.45,SSP1-2.6
2032-03-09,0.0,29.311,22.464,12.474,296.73,SSP1-2.6
2032-03-10,0.0,30.153,23.039,12.825,295.81,SSP1-2.6
2032-03-11,0.0,30.059,21.194,11.211,292.76,SSP1-2.6
2032-03-12,0.0,30.531,20.966,11.681,257.34,SSP1-2.6
2032-03-13,0.0,31.046,21.937,9.004,239.15,SSP1-2.6
2032-03-14,0.0,31.055,23.571,8.253,242.57,SSP1-2.6
2032-03-15,0.0,31.05,23.38,8.094,269.37,SSP1-2.6
2032-03-16,0.0,30.181,25.805,7.222,220.93,SSP1-2.6
2032-03-17,0.0,31.0,20.342,6.332,260.53,SSP1-2.6
2032-03-18,0.0,30.698,17.072,9.301,323.13,SSP1-2.6
2032-03-19,0.0,30.986,22.717,7.818,228.73,SSP1-2.6
2032-03-20,0.0,31.336,25.104,7.808,277.16,SSP1-2.6
2032-03-21,0.0,31.113,23.251,10.548,300.01,SSP1-2.6
2032-03-22,0.0031,29.968,28.325,10.83,221.91,SSP1-2.6
2032-03-23,0.0002,30.966,24.343,9.729,293.2,SSP1-2.6
2032-03-24,0.0001,31.848,23.883,9.644,269.73,SSP1-2.6
2032-03-25,0.0,31.736,22.322,10.552,290.28,SSP1-2.6
2032-03-26,0.0,31.322,20.047,9.077,312.9,SSP1-2.6
2032-03-27,0.0,30.419,18.479,7.786,321.34,SSP1-2.6
2032-03-28,0.0,31.416,17.334,7.479,313.14,SSP1-2.6
2032-03-29,0.0,30.995,18.364,7.543,318.79,SSP1-2.6
2032-03-30,0.0,32.398,20.672,9.575,311.81,SSP1-2.6
2032-03-31,0.0,31.37,18.729,7.799,317.99,SSP1-2.6
2032-04-01,0.0,30.523,17.88,7.864,333.4,SSP1-2.6
2032-04-02,0.0,31.624,19.091,10.636,331.4,SSP1-2.6
2032-04-03,0.0,31.753,20.377,11.997,330.3,SSP1-2.6
2032-04-04,0.0,31.991,20.238,11.531,317.38,SSP1-2.6
2032-04-05,0.0,32.086,18.752,8.293,318.94,SSP1-2.6
2032-04-06,0.0,32.366,14.471,5.306,332.67,SSP1-2.6
2032-04-07,0.0,32.923,11.065,8.713,333.02,SSP1-2.6
2032-04-08,0.0,31.973,14.473,8.646,352.92,SSP1-2.6
2032-04-09,0.0,31.97,14.203,9.601,353.91,SSP1-2.6
2032-04-10,0.0,33.171,12.952,11.13,350.43,SSP1-2.6
2032-04-11,0.0,32.976,13.338,7.361,348.49,SSP1-2.6
2032-04-12,0.0157,32.988,18.127,7.469,337.99,SSP1-2.6
2032-04-13,0.0102,34.085,20.207,8.768,306.01,SSP1-2.6
2032-04-14,0.0,33.48,19.168,8.072,308.44,SSP1-2.6
2032-04-15,0.1874,32.683,21.383,11.179,306.71,SSP1-2.6
2032-04-16,0.7286,33.015,24.988,11.354,296.88,SSP1-2.6
2032-04-17,1.479,30.951,37.796,12.547,249.02,SSP1-2.6
2032-04-18,0.3132,32.247,30.196,10.067,310.05,SSP1-2.6
2032-04-19,0.0,32.435,25.043,9.057,329.16,SSP1-2.6
2032-04-20,0.0,32.788,21.993,9.184,312.3,SSP1-2.6
2032-04-21,0.0,33.17,22.268,10.26,298.76,SSP1-2.6
2032-04-22,0.0,33.104,20.541,10.979,323.23,SSP1-2.6
2032-04-23,0.0203,33.451,22.582,11.649,278.64,SSP1-2.6
2032-04-24,0.1687,32.578,28.373,10.601,261.12,SSP1-2.6
2032-04-25,0.0497,32.699,27.408,9.005,299.42,SSP1-2.6
2032-04-26,0.0548,33.092,25.333,10.569,316.56,SSP1-2.6
2032-04-27,0.1349,32.988,23.785,8.476,321.08,SSP1-2.6
2032-04-28,0.0134,33.121,22.76,10.015,325.29,SSP1-2.6
2032-04-29,0.1342,33.94,22.627,10.888,319.69,SSP1-2.6
2032-04-30,0.0,34.34,21.343,8.922,296.79,SSP1-2.6
2032-05-01,0.1711,34.655,22.323,8.877,292.1,SSP1-2.6
2032-05-02,0.1174,34.429,25.312,8.058,259.75,SSP1-2.6
2032-05-03,0.0,34.273,25.296,7.337,245.02,SSP1-2.6
2032-05-04,0.0011,33.986,25.104,7.149,260.31,SSP1-2.6
2032-05-05,0.0172,33.73,25.851,6.128,246.6,SSP1-2.6
2032-05-06,0.1344,32.26,29.708,6.91,213.11,SSP1-2.6
2032-05-07,0.0082,33.532,29.82,6.902,260.25,SSP1-2.6
2032-05-08,0.1406,33.617,25.975,7.379,316.45,SSP1-2.6
2032-05-09,0.7257,34.024,26.094,7.842,314.24,SSP1-2.6
2032-05-10,0.689,33.494,31.884,9.476,275.09,SSP1-2.6
2032-05-11,0.0967,32.993,36.048,8.602,233.92,SSP1-2.6
2032-05-12,0.0002,33.656,31.554,8.561,298.61,SSP1-2.6
2032-05-13,0.0347,33.884,28.329,7.322,315.14,SSP1-2.6
2032-05-14,3.0949,33.302,36.553,8.141,263.96,SSP1-2.6
2032-05-15,0.5865,32.96,37.377,5.859,274.91,SSP1-2.6
2032-05-16,1.5797,33.268,38.182,8.088,281.52,SSP1-2.6
2032-05-17,0.408,32.483,38.56,9.44,268.19,SSP1-2.6
2032-05-18,0.4629,33.324,35.663,9.153,294.13,SSP1-2.6
2032-05-19,0.0179,33.819,31.358,6.321,311.45,SSP1-2.6
2032-05-20,1.601,33.057,38.838,6.374,257.47,SSP1-2.6
2032-05-21,2.3602,32.679,40.26,7.874,254.19,SSP1-2.6
2032-05-22,75.651,27.785,75.413,16.74,175.96,SSP1-2.6
2032-05-23,48.8353,28.044,74.014,8.581,163.19,SSP1-2.6
2032-05-24,1.7969,25.628,69.036,15.476,188.75,SSP1-2.6
2032-05-25,0.0,30.279,55.869,15.572,246.2,SSP1-2.6
2032-05-26,0.0,27.79,62.272,10.272,226.72,SSP1-2.6
2032-05-27,0.0,31.419,48.779,13.741,291.39,SSP1-2.6
2032-05-28,0.0,31.45,50.685,14.593,291.03,SSP1-2.6
2032-05-29,0.0684,31.341,55.118,14.953,301.52,SSP1-2.6
2032-05-30,0.0128,29.573,60.416,13.139,256.06,SSP1-2.6
2032-05-31,1.3147,29.527,64.104,14.447,265.33,SSP1-2.6
2032-06-01,20.1796,28.884,67.77,14.661,254.43,SSP1-2.6
2032-06-02,23.3954,26.262,80.67,15.771,184.56,SSP1-2.6
2032-06-03,30.3108,24.674,87.179,14.448,179.07,SSP1-2.6
2032-06-04,17.8118,24.648,87.878,13.95,196.43,SSP1-2.6
2032-06-05,7.1748,27.269,74.404,14.791,247.73,SSP1-2.6
2032-06-06,14.0409,25.366,87.973,10.7,179.95,SSP1-2.6
2032-06-07,35.1555,26.237,84.274,12.69,224.53,SSP1-2.6
2032-06-08,39.4052,23.827,92.217,9.224,140.85,SSP1-2.6
2032-06-09,1.1222,26.855,79.418,8.559,240.97,SSP1-2.6
2032-06-10,6.3077,26.939,79.275,9.276,264.88,SSP1-2.6
2032-06-11,9.8759,27.256,78.403,11.344,263.46,SSP1-2.6
2032-06-12,18.9372,25.954,82.468,13.043,220.81,SSP1-2.6
2032-06-13,50.4063,23.877,92.574,13.818,147.91,SSP1-2.6
2032-06-14,49.6256,23.653,92.21,17.653,135.57,SSP1-2.6
2032-06-15,5.6366,26.097,82.34,15.405,239.17,SSP1-2.6
2032-06-16,6.6295,25.336,86.562,13.017,203.18,SSP1-2.6
2032-06-17,0.0,26.53,77.924,13.838,263.77,SSP1-2.6
2032-06-18,0.0,26.69,76.316,13.819,258.68,SSP1-2.6
2032-06-19,27.9468,25.803,85.495,12.982,218.31,SSP1-2.6
2032-06-20,39.9802,23.953,91.971,14.458,188.45,SSP1-2.6
2032-06-21,31.1907,23.629,91.766,13.963,180.57,SSP1-2.6
2032-06-22,28.841,25.085,93.51,9.893,168.11,SSP1-2.6
2032-06-23,15.3012,25.993,89.547,8.167,230.76,SSP1-2.6
2032-06-24,29.8914,24.756,92.745,5.663,175.29,SSP1-2.6
2032-06-25,25.1134,25.141,93.239,6.719,188.19,SSP1-2.6
2032-06-26,15.0066,25.854,93.747,4.987,220.88,SSP1-2.6
2032-06-27,16.3557,26.084,91.646,7.065,225.85,SSP1-2.6
2032-06-28,21.9725,26.007,92.543,9.923,225.38,SSP1-2.6
2032-06-29,9.9148,25.797,92.074,10.329,209.36,SSP1-2.6
2032-06-30,10.3161,26.016,90.17,10.669,223.71,SSP1-2.6
2032-07-01,0.0294,27.785,85.472,10.058,262.81,SSP1-2.6
2032-07-02,0.0295,27.833,86.767,9.684,246.8,SSP1-2.6
2032-07-03,15.6244,25.173,92.492,9.293,193.67,SSP1-2.6
2032-07-04,15.8935,26.173,95.559,8.503,180.34,SSP1-2.6
2032-07-05,0.0,27.504,89.106,8.425,241.99,SSP1-2.6
2032-07-06,0.0341,27.934,86.634,9.107,275.74,SSP1-2.6
2032-07-07,0.0038,27.989,87.195,8.85,275.15,SSP1-2.6
2032-07-08,0.0,27.948,87.211,8.247,255.17,SSP1-2.6
2032-07-09,0.0266,28.117,86.211,8.096,250.15,SSP1-2.6
2032-07-10,0.1621,28.037,88.295,6.627,232.43,SSP1-2.6
2032-07-11,0.2098,28.01,87.285,8.022,247.65,SSP1-2.6
2032-07-12,19.3097,27.563,91.471,6.209,213.31,SSP1-2.6
2032-07-13,32.4208,25.784,95.17,7.959,169.46,SSP1-2.6
2032-07-14,12.4428,27.019,93.896,6.145,207.43,SSP1-2.6
2032-07-15,14.0678,27.624,90.754,9.26,280.96,SSP1-2.6
2032-07-16,30.144,27.228,95.609,7.038,187.05,SSP1-2.6
2032-07-17,19.8164,26.198,93.999,6.283,172.56,SSP1-2.6
2032-07-18,3.1986,27.294,93.036,7.736,212.08,SSP1-2.6
2032-07-19,0.5042,27.737,90.647,9.863,259.37,SSP1-2.6
2032-07-20,7.0007,27.73,90.118,10.52,266.38,SSP1-2.6
2032-07-21,0.086,26.099,92.613,10.168,194.28,SSP1-2.6
2032-07-22,11.4268,27.415,90.729,11.829,224.89,SSP1-2.6
2032-07-23,17.889,25.824,93.142,11.646,193.13,SSP1-2.6
2032-07-24,0.0,27.477,90.174,10.351,225.37,SSP1-2.6
2032-07-25,0.0,27.565,89.103,9.37,260.77,SSP1-2.6
2032-07-26,0.0,27.837,88.773,7.623,266.35,SSP1-2.6
2032-07-27,2.3489,27.768,90.333,7.897,229.12,SSP1-2.6
2032-07-28,4.1888,27.805,90.046,8.482,225.75,SSP1-2.6
2032-07-29,11.3626,27.981,89.805,8.361,239.2,SSP1-2.6
2032-07-30,26.757,27.383,93.293,7.944,224.34,SSP1-2.6
2032-07-31,19.9067,27.453,92.907,8.063,223.09,SSP1-2.6
2032-08-01,9.9498,26.241,91.729,8.718,233.65,SSP1-2.6
2032-08-02,0.3683,26.577,90.146,9.786,244.48,SSP1-2.6
2032-08-03,0.2165,26.369,90.99,6.051,231.37,SSP1-2.6
2032-08-04,23.6783,26.228,93.559,3.891,231.01,SSP1-2.6
2032-08-05,18.3651,26.138,95.484,2.983,220.7,SSP1-2.6
2032-08-06,1.1069,26.414,92.656,3.445,237.86,SSP1-2.6
2032-08-07,0.0599,26.668,92.35,5.821,232.33,SSP1-2.6
2032-08-08,0.4511,26.901,90.232,4.834,251.32,SSP1-2.6
2032-08-09,3.3976,26.509,92.008,5.825,233.89,SSP1-2.6
2032-08-10,1.4114,26.439,92.432,4.559,227.88,SSP1-2.6
2032-08-11,16.5613,26.373,93.465,5.082,233.42,SSP1-2.6
2032-08-12,18.5414,26.008,95.853,5.512,219.9,SSP1-2.6
2032-08-13,0.0684,26.682,90.361,3.929,249.86,SSP1-2.6
2032-08-14,0.1955,26.744,91.09,5.125,237.59,SSP1-2.6
2032-08-15,0.7845,26.832,90.009,4.336,252.09,SSP1-2.6
2032-08-16,2.7339,26.619,91.145,4.796,233.49,SSP1-2.6
2032-08-17,3.174,26.412,92.445,3.721,235.97,SSP1-2.6
2032-08-18,0.0637,26.913,89.545,5.28,253.07,SSP1-2.6
2032-08-19,0.0,26.713,89.729,5.246,238.9,SSP1-2.6
2032-08-20,0.0,27.032,86.75,8.14,282.78,SSP1-2.6
2032-08-21,0.0,27.226,84.428,8.222,302.54,SSP1-2.6
2032-08-22,0.0,27.112,85.998,5.65,265.48,SSP1-2.6
2032-08-23,1.5069,27.044,89.23,3.681,246.34,SSP1-2.6
2032-08-24,3.9643,26.608,91.931,4.778,226.77,SSP1-2.6
2032-08-25,0.6324,26.855,89.014,7.989,240.18,SSP1-2.6
2032-08-26,0.447,26.379,89.432,11.449,226.84,SSP1-2.6
2032-08-27,8.8465,26.54,87.902,12.947,249.89,SSP1-2.6
2032-08-28,0.1338,26.19,89.484,11.282,217.59,SSP1-2.6
2032-08-29,0.952,26.28,87.955,10.811,223.53,SSP1-2.6
2032-08-30,0.0396,26.461,87.389,9.252,233.07,SSP1-2.6
2032-08-31,0.0174,26.778,86.938,5.407,260.68,SSP1-2.6
2032-09-01,1.1595,26.985,89.585,3.348,240.71,SSP1-2.6
2032-09-02,12.1586,26.87,91.963,5.138,231.73,SSP1-2.6
2032-09-03,4.3705,26.89,90.676,7.315,234.85,SSP1-2.6
2032-09-04,7.3422,26.605,91.668,7.845,229.39,SSP1-2.6
2032-09-05,1.1134,26.49,91.881,8.006,227.98,SSP1-2.6
2032-09-06,0.5638,26.634,90.488,7.516,241.63,SSP1-2.6
2032-09-07,0.0,26.734,89.648,7.815,241.04,SSP1-2.6
2032-09-08,0.0828,26.879,88.864,6.955,257.03,SSP1-2.6
2032-09-09,0.0239,27.248,86.403,6.914,255.17,SSP1-2.6
2032-09-10,0.0,27.586,84.02,6.755,271.28,SSP1-2.6
2032-09-11,0.0,27.626,84.121,6.043,277.59,SSP1-2.6
2032-09-12,5.5391,27.127,88.671,5.627,245.86,SSP1-2.6
2032-09-13,0.5095,27.086,86.878,7.995,241.88,SSP1-2.6
2032-09-14,0.2402,27.004,84.737,10.548,236.96,SSP1-2.6
2032-09-15,0.1712,26.771,86.641,10.436,233.51,SSP1-2.6
2032-09-16,2.2059,26.824,88.14,8.124,242.88,SSP1-2.6
2032-09-17,0.4259,26.892,89.715,7.091,230.42,SSP1-2.6
2032-09-18,0.0626,27.096,88.052,7.009,238.44,SSP1-2.6
2032-09-19,0.2531,27.332,86.668,6.871,243.67,SSP1-2.6
2032-09-20,0.0,26.725,89.326,7.197,206.43,SSP1-2.6
2032-09-21,0.0,26.96,84.022,7.396,239.82,SSP1-2.6
2032-09-22,0.0,26.911,85.442,7.755,234.47,SSP1-2.6
2032-09-23,0.3026,27.029,87.374,5.228,230.64,SSP1-2.6
2032-09-24,30.5433,26.461,92.027,7.516,213.03,SSP1-2.6
2032-09-25,6.215,26.336,91.737,4.77,210.54,SSP1-2.6
2032-09-26,24.415,26.034,93.562,4.831,209.51,SSP1-2.6
2032-09-27,25.3089,25.95,94.558,5.11,205.03,SSP1-2.6
2032-09-28,18.8141,25.899,94.014,5.656,201.71,SSP1-2.6
2032-09-29,21.1603,25.938,93.148,6.243,212.36,SSP1-2.6
2032-09-30,23.6862,25.777,94.704,5.304,199.8,SSP1-2.6
2032-10-01,28.6233,25.28,94.825,2.966,186.38,SSP1-2.6
2032-10-02,31.85,25.529,93.595,8.226,207.31,SSP1-2.6
2032-10-03,45.5536,25.248,96.12,8.862,190.2,SSP1-2.6
2032-10-04,22.1606,25.244,94.998,4.217,176.52,SSP1-2.6
2032-10-05,4.2739,25.411,92.004,6.999,210.4,SSP1-2.6
2032-10-06,3.1946,25.344,89.565,10.266,211.56,SSP1-2.6
2032-10-07,5.9471,25.253,90.071,11.723,202.83,SSP1-2.6
2032-10-08,0.0,25.564,86.821,12.336,221.06,SSP1-2.6
2032-10-09,0.0052,25.547,86.608,9.703,211.9,SSP1-2.6
2032-10-10,2.6092,25.535,88.326,8.486,221.0,SSP1-2.6
2032-10-11,0.017,25.806,87.532,6.653,233.72,SSP1-2.6
2032-10-12,1.6617,26.116,88.901,5.918,216.18,SSP1-2.6
2032-10-13,0.0,26.781,83.578,7.027,242.23,SSP1-2.6
2032-10-14,0.0,26.38,82.256,8.863,275.95,SSP1-2.6
2032-10-15,0.0,26.064,81.094,9.158,282.05,SSP1-2.6
2032-10-16,0.0,25.389,74.572,9.239,286.09,SSP1-2.6
2032-10-17,0.0,25.119,78.988,8.207,271.28,SSP1-2.6
2032-10-18,0.0,25.211,78.227,7.124,272.3,SSP1-2.6
2032-10-19,0.0,24.636,69.756,8.117,275.34,SSP1-2.6
2032-10-20,0.0,22.84,58.18,8.538,292.91,SSP1-2.6
2032-10-21,0.0,22.579,58.042,6.908,297.48,SSP1-2.6
2032-10-22,0.0,22.492,62.541,6.016,286.21,SSP1-2.6
2032-10-23,0.0,23.202,66.026,6.461,281.44,SSP1-2.6
2032-10-24,0.0,23.976,69.073,7.315,270.15,SSP1-2.6
2032-10-25,0.0,24.071,71.193,7.326,252.15,SSP1-2.6
2032-10-26,0.0,23.978,73.145,3.78,258.56,SSP1-2.6
2032-10-27,0.0,24.69,84.269,6.346,250.62,SSP1-2.6
2032-10-28,0.0,24.718,83.218,5.614,255.93,SSP1-2.6
2032-10-29,0.0,24.818,79.412,3.684,252.78,SSP1-2.6
2032-10-30,0.0,23.851,84.519,3.555,178.85,SSP1-2.6
2032-10-31,0.0,24.609,81.086,3.462,237.42,SSP1-2.6
2032-11-01,0.0,23.801,80.159,6.57,220.12,SSP1-2.6
2032-11-02,0.0,23.198,72.833,9.118,210.52,SSP1-2.6
2032-11-03,0.0,23.014,73.004,8.721,205.32,SSP1-2.6
2032-11-04,0.0,22.513,54.721,11.456,265.94,SSP1-2.6
2032-11-05,0.0,22.339,54.101,10.128,262.28,SSP1-2.6
2032-11-06,0.0,22.286,56.938,9.693,258.09,SSP1-2.6
2032-11-07,0.0,22.705,65.34,10.54,252.23,SSP1-2.6
2032-11-08,0.0,23.155,51.72,13.863,185.81,SSP1-2.6
2032-11-09,0.1716,22.623,60.422,14.076,172.93,SSP1-2.6
2032-11-10,0.0553,24.246,75.5,13.088,214.53,SSP1-2.6
2032-11-11,0.0,24.961,76.109,9.87,228.49,SSP1-2.6
2032-11-12,0.0138,24.986,71.845,9.14,249.25,SSP1-2.6
2032-11-13,0.0,24.916,71.16,6.822,235.67,SSP1-2.6
2032-11-14,0.0136,25.179,75.746,6.76,223.37,SSP1-2.6
2032-11-15,0.0,23.766,73.79,8.331,234.25,SSP1-2.6
2032-11-16,0.0,23.057,62.047,7.683,246.74,SSP1-2.6
2032-11-17,0.0,22.678,54.924,7.992,249.65,SSP1-2.6
2032-11-18,0.0,22.503,59.97,8.792,249.22,SSP1-2.6
2032-11-19,0.0,22.472,60.793,7.979,247.83,SSP1-2.6
2032-11-20,0.0,22.165,57.21,8.119,252.64,SSP1-2.6
2032-11-21,0.0,22.044,58.681,8.142,248.59,SSP1-2.6
2032-11-22,0.0,22.527,63.86,8.353,245.62,SSP1-2.6
2032-11-23,0.0,23.233,66.772,8.969,227.15,SSP1-2.6
2032-11-24,0.0,23.716,59.791,9.293,239.64,SSP1-2.6
2032-11-25,0.0,22.576,56.316,8.658,239.9,SSP1-2.6
2032-11-26,0.0,21.873,51.628,6.681,246.79,SSP1-2.6
2032-11-27,0.0,21.516,58.53,5.802,243.93,SSP1-2.6
2032-11-28,0.0,21.825,54.679,9.023,242.8,SSP1-2.6
2032-11-29,0.0,21.379,48.496,12.487,232.94,SSP1-2.6
2032-11-30,0.0,21.072,54.083,13.604,196.43,SSP1-2.6
2032-12-01,0.0,21.659,64.695,10.741,180.53,SSP1-2.6
2032-12-02,0.1037,22.5,76.489,10.693,193.48,SSP1-2.6
2032-12-03,2.3824,22.272,84.087,9.141,162.06,SSP1-2.6
2032-12-04,0.2552,22.264,80.371,8.165,156.32,SSP1-2.6
2032-12-05,0.0006,22.219,79.855,10.815,146.58,SSP1-2.6
2032-12-06,0.0,22.114,88.732,6.084,145.73,SSP1-2.6
2032-12-07,0.0,21.169,78.835,9.386,179.5,SSP1-2.6
2032-12-08,0.0,21.583,70.219,9.357,217.51,SSP1-2.6
2032-12-09,0.0,22.044,60.926,4.783,219.53,SSP1-2.6
2032-12-10,0.0,22.212,56.727,4.95,239.62,SSP1-2.6
2032-12-11,0.0,21.584,61.484,6.084,224.37,SSP1-2.6
2032-12-12,0.0,21.988,53.566,7.468,240.99,SSP1-2.6
2032-12-13,0.0,21.224,50.193,7.38,235.86,SSP1-2.6
2032-12-14,0.0,21.123,48.02,9.753,240.54,SSP1-2.6
2032-12-15,0.0,20.038,48.376,9.472,202.21,SSP1-2.6
2032-12-16,0.0,19.898,47.681,9.191,201.24,SSP1-2.6
2032-12-17,0.0,19.692,45.916,10.154,212.32,SSP1-2.6
2032-12-18,0.0,19.527,40.569,11.808,233.49,SSP1-2.6
2032-12-19,0.0,20.254,40.049,11.504,245.2,SSP1-2.6
2032-12-20,0.0,20.499,43.043,10.837,243.25,SSP1-2.6
2032-12-21,0.0,21.175,44.261,11.011,241.3,SSP1-2.6
2032-12-22,0.0,21.067,45.429,13.208,243.52,SSP1-2.6
2032-12-23,0.0,19.715,39.438,12.624,241.44,SSP1-2.6
2032-12-24,0.0,19.566,41.38,12.725,248.19,SSP1-2.6
2032-12-25,0.0,20.034,47.888,11.628,196.91,SSP1-2.6
2032-12-26,0.0,19.419,38.644,12.702,251.3,SSP1-2.6
2032-12-27,0.0,18.512,33.673,10.552,268.99,SSP1-2.6
2032-12-28,0.0,18.294,37.753,8.988,259.12,SSP1-2.6
2032-12-29,0.0,18.686,38.297,9.534,257.88,SSP1-2.6
2032-12-30,0.0,18.577,40.308,5.831,256.32,SSP1-2.6
2032-12-31,0.0,19.235,44.848,5.139,253.63,SSP1-2.6
2033-01-01,0.0,20.101,47.355,4.687,254.45,SSP1-2.6
2033-01-02,0.0,20.782,48.786,6.422,250.19,SSP1-2.6
2033-01-03,0.0,20.224,52.731,5.135,199.81,SSP1-2.6
2033-01-04,0.0,20.721,46.343,8.803,246.91,SSP1-2.6
2033-01-05,0.0,20.229,41.285,10.122,226.11,SSP1-2.6
2033-01-06,0.0,19.589,39.093,10.318,198.65,SSP1-2.6
2033-01-07,0.0,19.179,43.059,9.212,202.49,SSP1-2.6
2033-01-08,0.0,18.676,44.13,9.798,231.34,SSP1-2.6
2033-01-09,0.0,19.215,44.624,7.069,244.52,SSP1-2.6
2033-01-10,0.0,19.305,44.239,8.882,232.47,SSP1-2.6
2033-01-11,0.0,21.134,50.322,9.955,235.82,SSP1-2.6
2033-01-12,0.0,21.243,47.676,10.594,245.8,SSP1-2.6
2033-01-13,0.0,21.064,49.719,9.295,249.32,SSP1-2.6
2033-01-14,0.0,21.716,52.799,8.428,247.33,SSP1-2.6
2033-01-15,0.0,21.667,50.417,8.052,254.5,SSP1-2.6
2033-01-16,0.0,20.651,52.455,7.398,221.76,SSP1-2.6
2033-01-17,0.0,21.174,47.352,7.855,254.76,SSP1-2.6
2033-01-18,0.0,21.103,45.383,9.605,257.36,SSP1-2.6
2033-01-19,0.0,21.054,43.185,9.92,246.43,SSP1-2.6
2033-01-20,0.0,20.95,42.086,11.026,253.29,SSP1-2.6
2033-01-21,0.0,20.792,43.3,8.34,263.35,SSP1-2.6
2033-01-22,0.0,21.162,42.957,7.652,261.08,SSP1-2.6
2033-01-23,0.0,21.293,37.408,9.958,266.74,SSP1-2.6
2033-01-24,0.0,21.099,36.686,9.12,272.85,SSP1-2.6
2033-01-25,0.0,20.968,43.783,6.085,267.09,SSP1-2.6
2033-01-26,0.0,21.739,53.139,6.6,229.49,SSP1-2.6
2033-01-27,0.0,22.434,46.524,10.124,234.42,SSP1-2.6
2033-01-28,0.0,22.191,38.384,11.861,238.82,SSP1-2.6
2033-01-29,0.0,22.09,36.984,10.003,248.31,SSP1-2.6
2033-01-30,0.0,21.791,36.199,10.405,280.42,SSP1-2.6
2033-01-31,0.0,21.654,34.794,10.961,286.26,SSP1-2.6
2033-02-01,0.0,21.936,33.777,11.817,285.71,SSP1-2.6
2033-02-02,0.0,21.484,35.132,8.651,288.29,SSP1-2.6
2033-02-03,0.0,22.207,40.306,4.323,282.6,SSP1-2.6
2033-02-04,0.0,22.968,41.322,4.594,278.56,SSP1-2.6
2033-02-05,0.0,23.559,42.921,4.344,276.21,SSP1-2.6
2033-02-06,0.0,23.985,43.855,4.457,275.33,SSP1-2.6
2033-02-07,0.0,24.654,47.514,6.668,274.24,SSP1-2.6
2033-02-08,0.0,25.709,53.89,6.297,246.0,SSP1-2.6
2033-02-09,0.0,25.863,37.408,14.375,245.45,SSP1-2.6
2033-02-10,0.0,25.388,33.425,15.333,275.71,SSP1-2.6
2033-02-11,0.0,23.079,40.885,11.302,193.88,SSP1-2.6
2033-02-12,0.0001,22.082,62.233,11.069,137.64,SSP1-2.6
2033-02-13,0.0,22.846,64.857,7.295,206.39,SSP1-2.6
2033-02-14,0.0,26.198,61.019,8.272,239.04,SSP1-2.6
2033-02-15,0.0,26.124,60.064,6.825,241.95,SSP1-2.6
2033-02-16,0.0,26.34,55.355,4.312,278.47,SSP1-2.6
2033-02-17,0.0,26.367,53.759,5.14,267.92,SSP1-2.6
2033-02-18,0.0,26.832,53.768,6.055,271.29,SSP1-2.6
2033-02-19,0.0,25.92,46.589,5.838,282.39,SSP1-2.6
2033-02-20,0.0,25.67,39.666,6.683,294.89,SSP1-2.6
2033-02-21,0.0,25.579,38.474,5.368,296.15,SSP1-2.6
2033-02-22,0.0,25.812,38.113,5.388,300.03,SSP1-2.6
2033-02-23,0.0,26.431,39.352,8.235,298.04,SSP1-2.6
2033-02-24,0.0,27.379,36.702,9.139,299.02,SSP1-2.6
2033-02-25,0.0,27.206,35.797,8.396,297.56,SSP1-2.6
2033-02-26,0.0,27.14,37.619,6.534,296.11,SSP1-2.6
2033-02-27,0.0,26.946,38.052,5.022,298.88,SSP1-2.6
2033-02-28,0.0,27.327,37.409,9.504,300.93,SSP1-2.6
2033-03-01,0.0,27.956,43.301,10.741,292.76,SSP1-2.6
2033-03-02,0.0,28.202,42.297,9.414,288.12,SSP1-2.6
2033-03-03,0.0,28.57,34.486,9.171,308.27,SSP1-2.6
2033-03-04,0.0,28.975,34.965,10.118,312.26,SSP1-2.6
2033-03-05,0.0,28.926,40.526,4.838,301.35,SSP1-2.6
2033-03-06,0.0,28.98,46.204,6.707,298.37,SSP1-2.6
2033-03-07,0.0,29.121,47.949,10.965,275.68,SSP1-2.6
2033-03-08,0.0,29.432,43.276,9.393,290.73,SSP1-2.6
2033-03-09,0.0,29.054,35.099,7.172,316.03,SSP1-2.6
2033-03-10,0.0,28.707,30.31,8.542,322.81,SSP1-2.6
2033-03-11,0.0,28.279,28.989,10.859,322.32,SSP1-2.6
2033-03-12,0.0,28.162,30.295,10.238,323.46,SSP1-2.6
2033-03-13,0.0,27.771,30.654,7.839,327.63,SSP1-2.6
2033-03-14,0.0,27.489,30.669,5.254,330.07,SSP1-2.6
2033-03-15,0.0,27.916,29.446,6.132,330.29,SSP1-2.6
2033-03-16,0.0,28.657,28.92,8.101,326.1,SSP1-2.6
2033-03-17,0.0,28.977,32.307,9.655,311.93,SSP1-2.6
2033-03-18,0.0,29.407,35.433,9.346,318.45,SSP1-2.6
2033-03-19,0.0518,29.456,36.666,11.427,282.5,SSP1-2.6
2033-03-20,0.0225,26.746,54.502,7.315,210.09,SSP1-2.6
2033-03-21,0.0,29.102,42.634,7.53,294.29,SSP1-2.6
2033-03-22,0.0,29.515,36.343,8.587,329.64,SSP1-2.6
2033-03-23,0.0,29.612,35.62,7.051,326.13,SSP1-2.6
2033-03-24,0.0,30.004,34.925,7.652,315.29,SSP1-2.6
2033-03-25,0.0,29.904,32.234,8.373,327.6,SSP1-2.6
2033-03-26,0.0,29.654,29.579,7.649,330.18,SSP1-2.6
2033-03-27,0.0,29.939,27.812,7.595,326.79,SSP1-2.6
2033-03-28,0.0,30.227,28.355,6.272,322.75,SSP1-2.6
2033-03-29,0.0,30.458,29.194,4.603,321.36,SSP1-2.6
2033-03-30,0.0,30.256,29.694,4.233,323.87,SSP1-2.6
2033-03-31,0.0,30.683,29.848,4.387,323.34,SSP1-2.6
2033-04-01,0.0,30.987,32.55,6.683,316.65,SSP1-2.6
2033-04-02,0.0076,30.039,39.19,7.882,249.85,SSP1-2.6
2033-04-03,0.0022,29.757,40.056,5.707,250.89,SSP1-2.6
2033-04-04,0.1178,30.647,36.7,6.599,270.7,SSP1-2.6
2033-04-05,0.9176,30.571,40.755,6.622,278.18,SSP1-2.6
2033-04-06,0.3593,30.986,38.111,6.266,300.81,SSP1-2.6
2033-04-07,0.0,31.241,33.519,5.404,286.64,SSP1-2.6
2033-04-08,0.0,31.001,33.198,6.499,260.99,SSP1-2.6
2033-04-09,0.0,30.931,32.672,7.981,276.32,SSP1-2.6
2033-04-10,0.0,31.293,32.104,5.721,290.91,SSP1-2.6
2033-04-11,0.0,31.602,32.029,5.147,323.53,SSP1-2.6
2033-04-12,0.0,31.588,32.24,6.296,321.71,SSP1-2.6
2033-04-13,0.0037,31.792,32.51,5.243,294.23,SSP1-2.6
2033-04-14,0.0,32.169,31.507,5.566,310.37,SSP1-2.6
2033-04-15,0.0,32.321,29.809,6.199,320.0,SSP1-2.6
2033-04-16,0.0,32.455,30.519,6.806,319.2,SSP1-2.6
2033-04-17,0.0,32.725,29.889,6.258,274.9,SSP1-2.6
2033-04-18,0.0627,32.724,29.479,7.409,259.32,SSP1-2.6
2033-04-19,0.0109,31.199,31.481,8.071,235.79,SSP1-2.6
2033-04-20,0.0,32.592,27.785,7.41,298.53,SSP1-2.6
2033-04-21,0.0,32.709,28.991,5.638,295.35,SSP1-2.6
2033-04-22,0.0,32.664,25.308,8.129,317.26,SSP1-2.6
2033-04-23,0.0,32.648,23.621,9.826,347.04,SSP1-2.6
2033-04-24,0.0,32.611,21.952,11.275,345.97,SSP1-2.6
2033-04-25,0.0,32.486,20.775,10.945,365.65,SSP1-2.6
2033-04-26,0.0,32.766,18.431,12.88,367.81,SSP1-2.6
2033-04-27,0.0,32.498,18.445,13.696,367.19,SSP1-2.6
2033-04-28,0.0,32.319,21.118,11.523,364.33,SSP1-2.6
2033-04-29,0.0,32.134,22.731,9.878,357.04,SSP1-2.6
2033-04-30,0.0,32.979,23.556,9.969,308.68,SSP1-2.6
2033-05-01,0.0,33.546,23.633,10.051,348.24,SSP1-2.6
2033-05-02,0.0,33.502,23.607,7.995,354.0,SSP1-2.6
2033-05-03,0.0,33.947,23.478,6.145,340.32,SSP1-2.6
2033-05-04,0.0,33.868,23.356,7.732,355.64,SSP1-2.6
2033-05-05,0.0,33.949,23.026,8.021,352.74,SSP1-2.6
2033-05-06,0.0,34.254,22.885,7.546,342.47,SSP1-2.6
2033-05-07,0.0,35.001,24.445,6.31,303.81,SSP1-2.6
2033-05-08,0.0053,34.729,24.087,7.627,318.09,SSP1-2.6
2033-05-09,13.8044,33.781,31.388,7.208,286.24,SSP1-2.6
2033-05-10,0.0998,31.638,43.799,6.563,251.68,SSP1-2.6
2033-05-11,0.5712,32.928,36.451,3.919,297.11,SSP1-2.6
2033-05-12,3.8443,31.13,44.662,4.931,278.26,SSP1-2.6
2033-05-13,11.1988,29.466,50.666,5.762,242.67,SSP1-2.6
2033-05-14,0.6514,30.939,46.888,5.097,265.27,SSP1-2.6
2033-05-15,0.1522,31.79,44.391,5.644,271.6,SSP1-2.6
2033-05-16,0.0,32.856,37.169,4.748,303.41,SSP1-2.6
2033-05-17,0.6054,33.155,39.293,4.684,309.75,SSP1-2.6
2033-05-18,5.5376,31.822,49.669,4.426,250.53,SSP1-2.6
2033-05-19,0.0048,32.14,44.411,4.347,290.41,SSP1-2.6
2033-05-20,0.3352,31.768,46.082,5.74,266.76,SSP1-2.6
2033-05-21,0.0,33.322,34.439,7.533,336.04,SSP1-2.6
2033-05-22,0.0,33.499,30.709,8.962,347.37,SSP1-2.6
2033-05-23,0.0,33.507,29.259,7.235,339.35,SSP1-2.6
2033-05-24,0.0,33.532,29.18,7.018,340.07,SSP1-2.6
2033-05-25,0.0,33.937,29.296,7.297,294.2,SSP1-2.6
2033-05-26,0.0,33.901,28.723,7.33,291.44,SSP1-2.6
2033-05-27,0.0,34.356,25.99,8.057,343.85,SSP1-2.6
2033-05-28,0.0,35.033,27.545,9.057,274.78,SSP1-2.6
2033-05-29,0.0,34.858,28.883,11.626,305.29,SSP1-2.6
2033-05-30,0.0,34.648,28.569,10.773,298.99,SSP1-2.6
2033-05-31,0.0,34.636,30.592,10.155,297.23,SSP1-2.6
2033-06-01,0.0,34.149,30.01,7.666,316.11,SSP1-2.6
2033-06-02,0.0261,34.165,31.349,6.799,317.73,SSP1-2.6
2033-06-03,0.0,33.562,29.105,11.127,303.79,SSP1-2.6
2033-06-04,0.0,32.98,31.139,11.051,272.95,SSP1-2.6
2033-06-05,0.0,34.133,28.641,8.937,340.93,SSP1-2.6
2033-06-06,0.2482,34.029,34.098,8.001,307.08,SSP1-2.6
2033-06-07,0.0,34.222,37.036,8.807,317.61,SSP1-2.6
2033-06-08,0.0,31.823,52.112,13.617,315.21,SSP1-2.6
2033-06-09,0.0,30.32,58.955,14.829,295.33,SSP1-2.6
2033-06-10,15.2906,28.772,72.908,11.772,257.8,SSP1-2.6
2033-06-11,0.0,30.583,50.173,10.388,299.33,SSP1-2.6
2033-06-12,0.0,31.53,45.236,14.781,328.73,SSP1-2.6
2033-06-13,0.0,31.221,45.361,14.955,315.2,SSP1-2.6
2033-06-14,0.0,32.495,40.63,13.84,348.31,SSP1-2.6
2033-06-15,0.0,33.236,37.941,15.888,336.29,SSP1-2.6
2033-06-16,0.9321,26.78,76.289,10.683,193.14,SSP1-2.6
2033-06-17,5.1428,27.702,66.168,13.034,215.72,SSP1-2.6
2033-06-18,17.0711,26.472,82.922,10.288,185.65,SSP1-2.6
2033-06-19,4.2093,26.445,82.371,11.867,192.5,SSP1-2.6
2033-06-20,0.0454,27.82,71.795,12.605,237.75,SSP1-2.6
2033-06-21,0.1996,28.131,69.076,13.919,242.88,SSP1-2.6
2033-06-22,0.4098,28.071,69.585,15.037,246.11,SSP1-2.6
2033-06-23,2.0217,27.485,72.575,15.366,230.82,SSP1-2.6
2033-06-24,3.4861,28.53,70.523,14.816,273.22,SSP1-2.6
2033-06-25,1.053,28.032,72.044,13.535,243.64,SSP1-2.6
2033-06-26,0.0746,28.546,68.535,15.458,278.04,SSP1-2.6
2033-06-27,1.0612,27.478,75.74,14.473,244.9,SSP1-2.6
2033-06-28,0.9269,27.624,74.656,15.119,247.7,SSP1-2.6
2033-06-29,1.2831,27.232,78.582,14.274,229.72,SSP1-2.6
2033-06-30,0.0716,27.88,73.384,15.384,255.59,SSP1-2.6
2033-07-01,0.6632,28.403,76.128,13.862,237.6,SSP1-2.6
2033-07-02,0.6416,27.992,77.898,13.027,231.21,SSP1-2.6
2033-07-03,0.063,28.247,76.902,13.387,254.03,SSP1-2.6
2033-07-04,0.0,28.204,74.97,12.704,251.85,SSP1-2.6
2033-07-05,0.0,28.73,70.66,13.317,256.01,SSP1-2.6
2033-07-06,0.0054,29.122,67.969,13.924,265.45,SSP1-2.6
2033-07-07,0.0125,28.496,73.71,12.68,231.54,SSP1-2.6
2033-07-08,0.0,28.968,70.078,15.305,264.82,SSP1-2.6
2033-07-09,0.2838,29.051,70.158,12.801,257.85,SSP1-2.6
2033-07-10,0.3745,28.238,77.244,11.388,224.53,SSP1-2.6
2033-07-11,0.0,29.308,71.355,12.65,262.6,SSP1-2.6
2033-07-12,0.0,28.584,71.461,12.154,238.61,SSP1-2.6
2033-07-13,0.0,29.025,68.867,9.489,260.31,SSP1-2.6
2033-07-14,0.0,30.005,64.883,11.431,281.44,SSP1-2.6
2033-07-15,0.0,29.512,67.526,11.79,237.13,SSP1-2.6
2033-07-16,0.0,29.985,66.061,11.588,248.1,SSP1-2.6
2033-07-17,0.0166,28.308,77.202,11.733,224.57,SSP1-2.6
2033-07-18,16.7395,27.394,88.975,9.173,203.09,SSP1-2.6
2033-07-19,17.943,25.918,92.135,9.946,163.39,SSP1-2.6
2033-07-20,14.1386,26.385,92.361,8.239,193.63,SSP1-2.6
2033-07-21,3.2722,26.856,92.472,7.24,188.98,SSP1-2.6
2033-07-22,12.6825,27.65,90.098,8.302,218.54,SSP1-2.6
2033-07-23,11.5605,26.994,91.845,6.972,188.96,SSP1-2.6
2033-07-24,0.5081,27.504,90.034,7.522,209.6,SSP1-2.6
2033-07-25,0.0,27.772,86.191,10.647,225.87,SSP1-2.6
2033-07-26,0.0,27.906,82.38,14.053,232.53,SSP1-2.6
2033-07-27,14.4017,27.318,89.389,11.863,213.25,SSP1-2.6
2033-07-28,26.3391,26.657,90.465,13.79,200.77,SSP1-2.6
2033-07-29,34.8088,26.342,94.236,14.063,124.29,SSP1-2.6
2033-07-30,23.3226,25.78,93.7,11.91,174.61,SSP1-2.6
2033-07-31,22.6912,26.068,92.56,14.059,188.07,SSP1-2.6
2033-08-01,21.8357,25.171,92.692,14.984,168.08,SSP1-2.6
2033-08-02,16.8352,25.008,91.705,15.714,180.51,SSP1-2.6
2033-08-03,14.817,25.51,91.866,12.355,195.75,SSP1-2.6
2033-08-04,5.6146,25.685,90.887,14.61,183.13,SSP1-2.6
2033-08-05,3.5808,26.164,89.855,15.191,215.04,SSP1-2.6
2033-08-06,4.5036,25.46,90.926,13.418,185.5,SSP1-2.6
2033-08-07,11.0712,25.693,90.723,14.193,203.9,SSP1-2.6
2033-08-08,7.5157,26.12,90.563,13.531,212.19,SSP1-2.6
2033-08-09,0.0,26.123,89.537,13.649,209.74,SSP1-2.6
2033-08-10,0.3563,26.427,88.73,14.47,222.09,SSP1-2.6
2033-08-11,0.1133,26.138,90.046,12.722,207.76,SSP1-2.6
2033-08-12,1.9548,26.061,90.826,13.712,202.92,SSP1-2.6
2033-08-13,5.6873,25.733,91.581,14.189,189.44,SSP1-2.6
2033-08-14,5.0403,26.235,89.258,13.846,213.06,SSP1-2.6
2033-08-15,23.9501,25.197,93.273,11.914,183.57,SSP1-2.6
2033-08-16,0.1382,25.719,93.039,9.431,198.46,SSP1-2.6
2033-08-17,0.0,26.636,84.348,10.116,276.67,SSP1-2.6
2033-08-18,0.0,26.828,82.791,8.199,292.04,SSP1-2.6
2033-08-19,0.0,27.278,84.503,7.836,247.61,SSP1-2.6
2033-08-20,0.0,27.618,81.079,5.778,285.8,SSP1-2.6
2033-08-21,0.0,27.709,81.605,6.254,266.31,SSP1-2.6
2033-08-22,0.0,27.697,78.789,8.907,283.88,SSP1-2.6
2033-08-23,0.0,27.614,76.366,10.051,309.29,SSP1-2.6
2033-08-24,0.0,27.804,77.681,8.083,298.23,SSP1-2.6
2033-08-25,0.0,27.921,79.721,7.977,255.54,SSP1-2.6
2033-08-26,0.0,28.449,75.814,8.422,290.43,SSP1-2.6
2033-08-27,0.0,27.973,75.334,10.234,260.88,SSP1-2.6
2033-08-28,0.0,27.323,76.424,10.528,247.63,SSP1-2.6
2033-08-29,25.5618,26.192,88.97,9.7,209.79,SSP1-2.6
2033-08-30,22.6722,24.901,94.119,8.779,167.75,SSP1-2.6
2033-08-31,0.1691,26.308,91.12,5.611,223.61,SSP1-2.6
2033-09-01,29.2898,26.328,92.804,5.878,211.3,SSP1-2.6
2033-09-02,0.3454,26.23,94.532,4.395,206.93,SSP1-2.6
2033-09-03,0.3601,26.711,89.027,5.248,230.4,SSP1-2.6
2033-09-04,19.6925,26.807,90.901,5.776,236.55,SSP1-2.6
2033-09-05,26.0897,26.657,91.91,4.847,234.7,SSP1-2.6
2033-09-06,26.7805,26.341,95.347,5.383,201.02,SSP1-2.6
2033-09-07,0.4504,26.883,88.127,7.573,236.57,SSP1-2.6
2033-09-08,53.2222,26.244,89.326,14.624,228.31,SSP1-2.6
2033-09-09,32.4243,25.403,93.248,11.429,180.39,SSP1-2.6
2033-09-10,1.1812,25.934,90.473,8.627,207.63,SSP1-2.6
2033-09-11,0.0,26.183,89.623,8.036,216.15,SSP1-2.6
2033-09-12,0.9572,26.623,86.56,9.083,242.0,SSP1-2.6
2033-09-13,0.0406,26.689,87.17,11.969,225.91,SSP1-2.6
2033-09-14,0.0,26.523,84.789,14.175,223.84,SSP1-2.6
2033-09-15,0.0,26.614,81.948,13.774,237.72,SSP1-2.6
2033-09-16,0.0,26.366,84.64,11.007,221.63,SSP1-2.6
2033-09-17,0.0,26.678,79.665,9.302,239.54,SSP1-2.6
2033-09-18,0.0,26.485,80.513,9.74,239.46,SSP1-2.6
2033-09-19,0.0,26.583,81.544,10.347,224.27,SSP1-2.6
2033-09-20,0.0,26.303,82.001,11.703,218.5,SSP1-2.6
2033-09-21,0.0,26.676,74.109,11.062,247.27,SSP1-2.6
2033-09-22,0.0,26.933,72.807,9.834,261.68,SSP1-2.6
2033-09-23,0.0,26.894,76.51,7.459,255.33,SSP1-2.6
2033-09-24,0.0,26.854,78.538,7.151,247.89,SSP1-2.6
2033-09-25,0.0,27.206,74.74,6.672,277.89,SSP1-2.6
2033-09-26,0.0,27.491,73.046,6.782,274.73,SSP1-2.6
2033-09-27,0.0,27.549,73.493,6.577,277.41,SSP1-2.6
2033-09-28,0.0,27.385,72.035,6.128,278.25,SSP1-2.6
2033-09-29,0.0,27.239,77.967,4.469,259.84,SSP1-2.6
2033-09-30,0.0123,27.183,82.804,4.276,224.98,SSP1-2.6
2033-10-01,0.9859,26.906,83.879,6.24,242.64,SSP1-2.6
2033-10-02,0.3507,26.048,87.53,4.837,218.61,SSP1-2.6
2033-10-03,0.1172,26.141,83.949,5.126,233.44,SSP1-2.6
2033-10-04,0.0,26.343,80.137,4.305,260.3,SSP1-2.6
2033-10-05,0.0,26.481,75.9,5.244,272.81,SSP1-2.6
2033-10-06,0.0,26.749,70.551,4.663,290.0,SSP1-2.6
2033-10-07,0.0,27.066,71.8,4.876,267.11,SSP1-2.6
2033-10-08,0.0,26.54,77.431,4.945,240.16,SSP1-2.6
2033-10-09,0.0,26.18,77.656,5.525,244.18,SSP1-2.6
2033-10-10,0.5589,25.571,86.138,4.397,216.09,SSP1-2.6
2033-10-11,12.2396,25.413,89.597,4.43,206.97,SSP1-2.6
2033-10-12,9.3601,25.308,90.872,5.725,193.1,SSP1-2.6
2033-10-13,23.2251,25.345,90.762,6.262,195.52,SSP1-2.6
2033-10-14,32.5412,25.374,92.001,7.986,185.73,SSP1-2.6
2033-10-15,29.0347,25.312,92.736,7.996,176.84,SSP1-2.6
2033-10-16,32.7152,25.165,94.523,7.941,172.85,SSP1-2.6
2033-10-17,47.1267,25.051,94.233,7.605,173.01,SSP1-2.6
2033-10-18,36.2923,25.16,92.359,8.645,178.54,SSP1-2.6
2033-10-19,28.2192,24.307,91.432,10.155,167.61,SSP1-2.6
2033-10-20,19.7487,23.384,92.146,10.318,147.59,SSP1-2.6
2033-10-21,3.809,23.918,89.727,10.107,166.07,SSP1-2.6
2033-10-22,0.1685,24.743,80.33,11.117,209.6,SSP1-2.6
2033-10-23,0.0,24.575,84.375,8.958,195.23,SSP1-2.6
2033-10-24,0.0396,25.322,82.401,7.92,214.38,SSP1-2.6
2033-10-25,0.003,25.227,81.003,7.706,210.88,SSP1-2.6
2033-10-26,0.0002,25.41,80.299,5.56,210.31,SSP1-2.6
2033-10-27,0.0,24.682,80.239,3.066,213.81,SSP1-2.6
2033-10-28,0.0,23.323,80.307,2.703,190.3,SSP1-2.6
2033-10-29,0.0,23.093,56.696,4.915,270.27,SSP1-2.6
2033-10-30,0.0,22.862,51.347,5.754,269.3,SSP1-2.6
2033-10-31,0.0,22.889,44.935,8.491,275.41,SSP1-2.6
2033-11-01,0.0,22.401,47.023,8.503,221.91,SSP1-2.6
2033-11-02,0.0,22.45,52.043,9.566,212.98,SSP1-2.6
2033-11-03,0.0,24.805,68.053,8.919,213.33,SSP1-2.6
2033-11-04,0.0898,26.266,77.849,6.392,230.87,SSP1-2.6
2033-11-05,0.4444,26.695,71.318,4.992,200.03,SSP1-2.6
2033-11-06,0.1658,25.892,80.226,4.228,210.31,SSP1-2.6
2033-11-07,0.1344,26.539,66.729,5.996,245.18,SSP1-2.6
2033-11-08,0.0933,26.682,67.563,5.052,239.9,SSP1-2.6
2033-11-09,0.0174,26.011,74.049,6.605,220.05,SSP1-2.6
2033-11-10,3.8201,24.266,85.423,5.132,184.87,SSP1-2.6
2033-11-11,1.5526,24.175,84.38,6.862,179.03,SSP1-2.6
2033-11-12,0.2186,25.268,79.714,6.801,191.71,SSP1-2.6
2033-11-13,0.0,24.551,65.75,7.413,215.81,SSP1-2.6
2033-11-14,0.0,24.411,62.909,6.493,233.58,SSP1-2.6
2033-11-15,0.0,23.968,67.245,7.436,212.31,SSP1-2.6
2033-11-16,0.0,23.534,61.282,11.952,197.68,SSP1-2.6
2033-11-17,0.0238,23.046,71.429,13.775,177.03,SSP1-2.6
2033-11-18,0.7539,22.559,78.624,13.925,145.0,SSP1-2.6
2033-11-19,4.3227,22.501,87.498,7.411,137.37,SSP1-2.6
2033-11-20,0.4654,23.176,84.31,6.845,166.86,SSP1-2.6
2033-11-21,0.2447,23.418,79.865,8.953,187.77,SSP1-2.6
2033-11-22,0.0023,23.848,80.721,6.067,174.33,SSP1-2.6
2033-11-23,0.0,23.988,56.971,9.007,242.16,SSP1-2.6
2033-11-24,0.0054,22.405,46.87,7.892,252.33,SSP1-2.6
2033-11-25,0.0,21.949,38.821,5.937,246.9,SSP1-2.6
2033-11-26,0.0,21.663,43.255,4.479,234.29,SSP1-2.6
2033-11-27,0.0,21.133,36.777,5.312,256.88,SSP1-2.6
2033-11-28,0.0,21.362,39.041,5.003,255.86,SSP1-2.6
2033-11-29,0.0,21.683,38.196,4.718,256.39,SSP1-2.6
2033-11-30,0.0,21.705,54.12,6.684,248.12,SSP1-2.6
2033-12-01,0.0,22.247,59.629,6.729,240.67,SSP1-2.6
2033-12-02,0.0,22.566,55.392,6.203,232.4,SSP1-2.6
2033-12-03,0.0,22.121,54.034,8.377,233.14,SSP1-2.6
2033-12-04,0.0,20.902,47.065,10.712,237.36,SSP1-2.6
2033-12-05,0.0,20.476,45.774,9.242,232.76,SSP1-2.6
2033-12-06,0.0,20.519,45.88,8.36,228.91,SSP1-2.6
2033-12-07,0.0,21.367,71.295,7.901,146.85,SSP1-2.6
2033-12-08,0.0,22.623,69.158,8.334,207.45,SSP1-2.6
2033-12-09,0.0,22.714,70.7,11.061,185.22,SSP1-2.6
2033-12-10,0.0,22.447,73.946,8.98,173.0,SSP1-2.6
2033-12-11,0.0,22.686,70.936,9.709,200.91,SSP1-2.6
2033-12-12,0.0,22.129,65.218,7.633,197.29,SSP1-2.6
2033-12-13,0.0,22.476,63.175,6.798,203.76,SSP1-2.6
2033-12-14,0.0,21.476,69.448,6.052,182.88,SSP1-2.6
2033-12-15,0.0,22.941,60.082,3.967,218.72,SSP1-2.6
2033-12-16,0.0,23.107,57.536,3.708,220.52,SSP1-2.6
2033-12-17,0.0,23.019,53.416,3.039,225.51,SSP1-2.6
2033-12-18,0.0,22.745,51.732,5.005,226.39,SSP1-2.6
2033-12-19,0.0,22.77,46.47,6.341,236.19,SSP1-2.6
2033-12-20,0.0,22.402,42.345,3.255,246.44,SSP1-2.6
2033-12-21,0.0,22.302,47.216,6.738,244.96,SSP1-2.6
2033-12-22,0.0,22.76,49.274,6.663,238.3,SSP1-2.6
2033-12-23,0.0,22.809,47.513,8.786,236.24,SSP1-2.6
2033-12-24,0.0,22.638,48.078,7.04,240.6,SSP1-2.6
2033-12-25,0.0,22.458,46.164,7.145,242.73,SSP1-2.6
2033-12-26,0.0,22.257,45.595,10.131,245.99,SSP1-2.6
2033-12-27,0.0,21.863,44.609,8.932,250.16,SSP1-2.6
2033-12-28,0.0,21.691,48.01,8.684,244.99,SSP1-2.6
2033-12-29,0.0,22.275,49.429,8.144,201.17,SSP1-2.6
2033-12-30,0.0,22.188,49.088,8.498,196.75,SSP1-2.6
2033-12-31,0.0,21.788,51.01,9.152,182.19,SSP1-2.6
2034-01-01,0.0,20.639,55.663,8.272,163.29,SSP1-2.6
2034-01-02,0.0,20.494,55.404,9.468,189.17,SSP1-2.6
2034-01-03,0.0,20.706,58.579,10.225,180.18,SSP1-2.6
2034-01-04,0.0,20.021,54.152,10.796,179.94,SSP1-2.6
2034-01-05,0.0,20.839,51.794,9.969,230.99,SSP1-2.6
2034-01-06,0.0,22.716,47.762,10.029,213.88,SSP1-2.6
2034-01-07,0.0,21.349,48.013,9.639,184.43,SSP1-2.6
2034-01-08,0.0,21.061,49.639,11.019,196.87,SSP1-2.6
2034-01-09,0.0,20.73,44.807,12.135,202.19,SSP1-2.6
2034-01-10,0.0,20.595,47.331,10.736,212.97,SSP1-2.6
2034-01-11,0.0,20.592,44.557,9.176,225.09,SSP1-2.6
2034-01-12,0.0,20.379,40.05,8.336,254.56,SSP1-2.6
2034-01-13,0.0,20.51,38.608,8.091,258.5,SSP1-2.6
2034-01-14,0.0,20.619,42.177,9.548,257.49,SSP1-2.6
2034-01-15,0.0,21.214,46.753,9.223,250.37,SSP1-2.6
2034-01-16,0.0,20.911,42.672,8.971,255.01,SSP1-2.6
2034-01-17,0.0,20.736,45.385,7.654,249.22,SSP1-2.6
2034-01-18,0.0,21.853,48.725,9.135,248.97,SSP1-2.6
2034-01-19,0.0,22.615,47.278,9.173,256.56,SSP1-2.6
2034-01-20,0.0,22.668,49.318,8.637,253.46,SSP1-2.6
2034-01-21,0.0,23.363,49.877,7.763,237.88,SSP1-2.6
2034-01-22,0.0,24.151,48.474,7.565,248.76,SSP1-2.6
2034-01-23,0.0,24.189,47.847,7.142,252.38,SSP1-2.6
2034-01-24,0.0,23.804,46.997,7.73,243.66,SSP1-2.6
2034-01-25,0.0,23.423,43.323,5.409,261.31,SSP1-2.6
2034-01-26,0.0,23.09,42.116,4.586,264.39,SSP1-2.6
2034-01-27,0.0,23.703,40.189,7.554,262.43,SSP1-2.6
2034-01-28,0.0,23.754,39.387,8.115,267.41,SSP1-2.6
2034-01-29,0.0,23.717,38.922,9.705,273.38,SSP1-2.6
2034-01-30,0.0,23.696,44.099,8.311,271.41,SSP1-2.6
2034-01-31,0.0,24.196,49.221,8.001,253.44,SSP1-2.6
2034-02-01,0.0,24.269,49.359,7.626,232.84,SSP1-2.6
2034-02-02,0.0,24.391,45.324,7.433,254.32,SSP1-2.6
2034-02-03,0.0,24.807,45.407,7.734,253.81,SSP1-2.6
2034-02-04,0.0,25.041,39.189,7.314,273.13,SSP1-2.6
2034-02-05,0.0,24.748,38.282,7.479,271.53,SSP1-2.6
2034-02-06,0.0,25.101,41.178,9.595,237.08,SSP1-2.6
2034-02-07,0.0,25.003,40.56,11.192,270.93,SSP1-2.6
2034-02-08,0.0,24.691,41.13,9.55,270.23,SSP1-2.6
2034-02-09,0.0,25.013,44.744,5.858,272.31,SSP1-2.6
2034-02-10,0.0,25.624,43.525,6.784,269.77,SSP1-2.6
2034-02-11,0.0,25.455,41.128,8.057,254.4,SSP1-2.6
2034-02-12,0.0,24.94,41.387,8.681,245.92,SSP1-2.6
2034-02-13,0.0,24.803,40.238,8.309,280.14,SSP1-2.6
2034-02-14,0.0,25.573,41.552,5.74,279.23,SSP1-2.6
2034-02-15,0.0,25.632,38.048,4.767,251.07,SSP1-2.6
2034-02-16,0.0,25.524,35.104,4.883,280.63,SSP1-2.6
2034-02-17,0.0,25.662,32.849,8.846,291.34,SSP1-2.6
2034-02-18,0.0,26.445,35.373,10.777,288.52,SSP1-2.6
2034-02-19,0.0,26.36,35.982,11.23,280.1,SSP1-2.6
2034-02-20,0.0,26.32,37.491,11.526,284.67,SSP1-2.6
2034-02-21,0.0,26.934,44.354,10.546,279.45,SSP1-2.6
2034-02-22,0.0,27.368,42.813,9.775,278.64,SSP1-2.6
2034-02-23,0.0,26.135,46.637,7.619,254.23,SSP1-2.6
2034-02-24,0.0,27.619,40.312,8.673,287.8,SSP1-2.6
2034-02-25,0.0,26.634,47.494,7.348,243.19,SSP1-2.6
2034-02-26,0.0,27.485,41.672,8.943,244.15,SSP1-2.6
2034-02-27,0.0,26.972,35.814,8.502,298.43,SSP1-2.6
2034-02-28,0.0,26.709,35.08,7.387,304.42,SSP1-2.6
2034-03-01,0.0,27.101,35.537,8.656,305.43,SSP1-2.6
2034-03-02,0.0,27.486,35.019,8.436,308.56,SSP1-2.6
2034-03-03,0.0,28.302,33.627,9.408,301.69,SSP1-2.6
2034-03-04,0.0002,28.084,32.446,7.405,290.29,SSP1-2.6
2034-03-05,0.0,26.457,40.224,4.832,212.53,SSP1-2.6
2034-03-06,0.0,27.442,30.037,6.138,305.93,SSP1-2.6
2034-03-07,0.0,27.876,27.071,7.179,305.23,SSP1-2.6
2034-03-08,0.0,28.249,27.944,4.364,262.65,SSP1-2.6
2034-03-09,0.0,28.192,33.38,7.361,297.53,SSP1-2.6
2034-03-10,0.0,28.826,32.829,8.109,316.32,SSP1-2.6
2034-03-11,0.0,28.902,28.649,8.535,320.58,SSP1-2.6
2034-03-12,0.0,28.807,26.895,9.162,323.66,SSP1-2.6
2034-03-13,0.0,28.824,27.318,8.743,327.31,SSP1-2.6
2034-03-14,0.0,28.871,26.69,6.899,326.87,SSP1-2.6
2034-03-15,0.0,29.335,26.825,8.337,323.01,SSP1-2.6
2034-03-16,0.0,29.224,29.217,8.151,322.02,SSP1-2.6
2034-03-17,0.0,29.114,30.909,6.137,324.87,SSP1-2.6
2034-03-18,0.0,29.742,33.53,9.921,287.25,SSP1-2.6
2034-03-19,0.0,29.714,31.327,10.329,294.76,SSP1-2.6
2034-03-20,0.0,29.539,28.595,9.92,325.98,SSP1-2.6
2034-03-21,0.0,29.794,28.044,10.305,322.84,SSP1-2.6
2034-03-22,0.0,29.34,32.426,8.311,250.18,SSP1-2.6
2034-03-23,0.0057,29.522,34.614,6.466,292.22,SSP1-2.6
2034-03-24,0.0001,29.752,33.093,6.355,273.08,SSP1-2.6
2034-03-25,0.0047,30.457,30.032,7.374,305.45,SSP1-2.6
2034-03-26,0.5378,31.645,31.094,8.714,283.33,SSP1-2.6
2034-03-27,0.0037,29.84,41.027,8.777,244.45,SSP1-2.6
2034-03-28,0.0009,30.572,32.837,8.013,318.48,SSP1-2.6
2034-03-29,0.0112,30.856,32.181,8.295,299.04,SSP1-2.6
2034-03-30,0.0013,31.18,30.327,8.187,311.78,SSP1-2.6
2034-03-31,0.0017,31.21,27.717,11.062,324.96,SSP1-2.6
2034-04-01,0.0023,30.728,27.475,10.939,331.82,SSP1-2.6
2034-04-02,3.8362,31.091,32.1,9.892,301.38,SSP1-2.6
2034-04-03,4.4822,25.093,61.284,5.478,195.3,SSP1-2.6
2034-04-04,0.0,30.24,37.869,6.7,326.56,SSP1-2.6
2034-04-05,0.1009,30.418,40.663,8.905,278.68,SSP1-2.6
2034-04-06,0.0983,30.604,37.76,8.847,285.29,SSP1-2.6
2034-04-07,0.8005,31.039,36.578,6.927,295.08,SSP1-2.6
2034-04-08,14.296,29.64,50.519,5.386,251.58,SSP1-2.6
2034-04-09,2.3745,29.76,47.954,5.247,274.54,SSP1-2.6
2034-04-10,0.0354,30.945,38.084,6.139,283.95,SSP1-2.6
2034-04-11,0.0138,30.715,35.124,5.721,316.26,SSP1-2.6
2034-04-12,0.3795,30.553,34.969,6.095,280.12,SSP1-2.6
2034-04-13,0.0,31.074,32.007,9.642,313.69,SSP1-2.6
2034-04-14,0.0,31.347,31.134,9.922,323.76,SSP1-2.6
2034-04-15,0.0214,31.582,29.543,8.834,336.67,SSP1-2.6
2034-04-16,0.0049,30.954,31.116,8.992,285.38,SSP1-2.6
2034-04-17,0.003,31.228,28.889,5.99,330.31,SSP1-2.6
2034-04-18,0.0177,31.224,27.468,6.506,339.41,SSP1-2.6
2034-04-19,0.0,32.078,28.24,6.833,300.96,SSP1-2.6
2034-04-20,0.0,31.759,29.408,7.785,298.32,SSP1-2.6
2034-04-21,0.0454,31.815,28.712,6.781,262.56,SSP1-2.6
2034-04-22,0.042,32.769,28.312,8.58,300.72,SSP1-2.6
2034-04-23,0.004,32.034,31.605,9.12,275.37,SSP1-2.6
2034-04-24,0.4848,32.481,33.107,7.461,277.77,SSP1-2.6
2034-04-25,0.0442,32.514,29.969,5.856,317.23,SSP1-2.6
2034-04-26,0.0626,33.01,27.117,7.699,314.01,SSP1-2.6
2034-04-27,0.0,33.355,25.444,9.215,318.82,SSP1-2.6
2034-04-28,0.0,33.672,23.077,10.372,344.23,SSP1-2.6
2034-04-29,0.0,33.513,22.641,9.649,357.1,SSP1-2.6
2034-04-30,0.0,33.322,22.798,7.63,332.27,SSP1-2.6
2034-05-01,0.0,34.212,22.224,7.001,312.52,SSP1-2.6
2034-05-02,0.0,33.354,20.305,8.402,333.2,SSP1-2.6
2034-05-03,0.0,33.023,19.843,8.123,353.33,SSP1-2.6
2034-05-04,0.0,32.473,19.472,5.118,362.09,SSP1-2.6
2034-05-05,0.0,32.657,20.706,6.597,353.66,SSP1-2.6
2034-05-06,0.0,33.944,23.781,9.165,322.55,SSP1-2.6
2034-05-07,0.0,33.656,22.071,8.655,346.68,SSP1-2.6
2034-05-08,0.0,33.469,20.717,7.373,350.08,SSP1-2.6
2034-05-09,0.0,33.919,20.697,8.585,331.92,SSP1-2.6
2034-05-10,0.251,35.151,23.684,10.946,292.15,SSP1-2.6
2034-05-11,0.0522,34.847,24.151,12.102,292.6,SSP1-2.6
2034-05-12,0.0254,34.831,23.173,11.643,313.51,SSP1-2.6
2034-05-13,0.0497,33.829,26.866,8.913,251.84,SSP1-2.6
2034-05-14,0.1338,33.943,25.08,9.573,320.91,SSP1-2.6
2034-05-15,0.0,34.388,22.454,9.159,327.51,SSP1-2.6
2034-05-16,0.2746,34.099,27.32,8.614,278.06,SSP1-2.6
2034-05-17,0.0414,34.233,28.377,8.856,271.57,SSP1-2.6
2034-05-18,0.6136,33.701,33.827,7.056,263.09,SSP1-2.6
2034-05-19,0.0,33.803,34.479,7.489,284.1,SSP1-2.6
2034-05-20,0.0,33.929,28.999,9.522,325.48,SSP1-2.6
2034-05-21,0.0,34.224,28.25,10.295,314.58,SSP1-2.6
2034-05-22,0.0,34.064,29.604,12.305,315.76,SSP1-2.6
2034-05-23,0.0,33.914,27.784,12.652,350.29,SSP1-2.6
2034-05-24,0.0,34.389,27.54,11.872,327.91,SSP1-2.6
2034-05-25,0.0,34.354,26.535,14.89,327.53,SSP1-2.6
2034-05-26,0.0,34.304,27.045,13.678,285.34,SSP1-2.6
2034-05-27,0.0,34.464,27.597,14.769,299.46,SSP1-2.6
2034-05-28,0.0,34.458,26.771,15.937,319.17,SSP1-2.6
2034-05-29,0.0,34.613,25.414,13.213,328.33,SSP1-2.6
2034-05-30,0.0,35.236,23.931,10.721,323.58,SSP1-2.6
2034-05-31,0.2643,35.429,26.576,9.609,308.98,SSP1-2.6
2034-06-01,10.5559,33.053,42.249,10.194,280.69,SSP1-2.6
2034-06-02,1.2188,32.422,45.237,11.208,302.86,SSP1-2.6
2034-06-03,0.0,32.658,39.652,13.954,307.96,SSP1-2.6
2034-06-04,0.0,31.707,37.119,14.896,268.74,SSP1-2.6
2034-06-05,0.0,33.734,28.638,17.397,328.25,SSP1-2.6
2034-06-06,1.1479,27.469,55.241,15.484,195.68,SSP1-2.6
2034-06-07,24.3152,26.319,73.751,17.554,185.72,SSP1-2.6
2034-06-08,34.9622,26.508,74.963,19.993,218.29,SSP1-2.6
2034-06-09,34.1818,25.566,83.741,18.479,196.06,SSP1-2.6
2034-06-10,0.6366,26.675,73.307,17.201,209.03,SSP1-2.6
2034-06-11,0.8963,27.791,69.454,15.798,264.44,SSP1-2.6
2034-06-12,0.1491,27.337,69.687,12.692,237.84,SSP1-2.6
2034-06-13,11.944,26.796,76.254,13.741,229.54,SSP1-2.6
2034-06-14,8.2057,26.568,79.001,13.719,229.66,SSP1-2.6
2034-06-15,0.48,25.559,81.842,11.029,210.98,SSP1-2.6
2034-06-16,0.1988,27.096,71.954,14.592,260.2,SSP1-2.6
2034-06-17,0.0042,27.423,70.818,13.48,243.0,SSP1-2.6
2034-06-18,0.5123,27.584,69.003,13.759,260.95,SSP1-2.6
2034-06-19,0.0647,27.474,71.134,12.741,244.25,SSP1-2.6
2034-06-20,0.0,27.936,68.296,12.089,277.17,SSP1-2.6
2034-06-21,0.0,28.418,67.401,11.722,288.42,SSP1-2.6
2034-06-22,0.0,27.756,72.77,9.504,250.16,SSP1-2.6
2034-06-23,0.5706,28.457,71.482,9.809,254.28,SSP1-2.6
2034-06-24,19.8187,25.89,91.038,10.307,183.55,SSP1-2.6
2034-06-25,48.707,25.176,92.449,9.105,160.63,SSP1-2.6
2034-06-26,7.4727,26.102,92.015,7.191,209.05,SSP1-2.6
2034-06-27,14.8698,26.352,89.31,11.038,218.62,SSP1-2.6
2034-06-28,13.7845,26.355,89.216,10.303,202.88,SSP1-2.6
2034-06-29,22.6997,26.333,88.152,12.487,210.78,SSP1-2.6
2034-06-30,33.8348,24.481,93.386,13.41,171.34,SSP1-2.6
2034-07-01,19.3723,27.445,88.116,14.084,226.89,SSP1-2.6
2034-07-02,1.5498,27.139,87.492,14.387,215.51,SSP1-2.6
2034-07-03,0.5715,26.645,87.201,14.188,202.0,SSP1-2.6
2034-07-04,0.2945,28.026,81.797,14.368,249.39,SSP1-2.6
2034-07-05,6.2486,28.028,82.485,14.225,233.12,SSP1-2.6
2034-07-06,15.2526,27.7,84.453,14.755,239.63,SSP1-2.6
2034-07-07,9.124,26.79,87.647,14.947,203.96,SSP1-2.6
2034-07-08,0.5618,28.003,82.931,12.413,239.01,SSP1-2.6
2034-07-09,0.2773,28.209,80.914,12.08,256.12,SSP1-2.6
2034-07-10,0.2076,27.623,86.419,10.21,227.6,SSP1-2.6
2034-07-11,0.0,28.012,79.258,12.184,267.78,SSP1-2.6
2034-07-12,0.0,28.087,77.226,12.445,279.79,SSP1-2.6
2034-07-13,0.0,28.094,79.857,11.492,246.16,SSP1-2.6
2034-07-14,0.0,28.012,75.842,12.559,270.65,SSP1-2.6
2034-07-15,0.0,27.869,77.597,11.722,256.84,SSP1-2.6
2034-07-16,0.0,28.493,77.646,13.468,280.48,SSP1-2.6
2034-07-17,18.8268,26.609,91.258,11.107,195.02,SSP1-2.6
2034-07-18,18.1016,26.219,92.104,12.697,179.4,SSP1-2.6
2034-07-19,3.2303,27.24,89.176,10.971,199.1,SSP1-2.6
2034-07-20,0.0073,27.45,88.402,10.765,218.95,SSP1-2.6
2034-07-21,0.7889,28.041,83.266,12.325,266.17,SSP1-2.6
2034-07-22,4.8915,28.002,87.422,10.267,233.22,SSP1-2.6
2034-07-23,17.5104,27.647,89.85,8.588,223.43,SSP1-2.6
2034-07-24,19.9061,27.576,90.615,10.007,223.55,SSP1-2.6
2034-07-25,0.0812,27.731,86.862,11.699,231.16,SSP1-2.6
2034-07-26,0.0,27.746,82.918,10.911,273.68,SSP1-2.6
2034-07-27,0.0,27.902,83.57,7.94,257.35,SSP1-2.6
2034-07-28,0.025,28.418,83.374,7.506,280.13,SSP1-2.6
2034-07-29,10.5746,27.976,90.384,7.003,226.89,SSP1-2.6
2034-07-30,30.9524,27.192,92.568,11.391,206.79,SSP1-2.6
2034-07-31,15.4342,26.42,93.855,7.193,193.09,SSP1-2.6
2034-08-01,26.05,26.766,93.474,4.836,216.03,SSP1-2.6
2034-08-02,22.5973,26.573,94.216,4.102,206.95,SSP1-2.6
2034-08-03,13.6748,26.98,92.083,7.185,224.6,SSP1-2.6
2034-08-04,0.0534,27.317,88.603,8.761,247.66,SSP1-2.6
2034-08-05,0.0,27.583,87.141,10.693,256.63,SSP1-2.6
2034-08-06,0.5627,27.502,88.105,9.237,246.93,SSP1-2.6
2034-08-07,1.3331,27.768,87.337,8.457,249.94,SSP1-2.6
2034-08-08,0.6635,27.705,88.428,4.646,248.04,SSP1-2.6
2034-08-09,0.0328,27.611,87.775,5.305,235.43,SSP1-2.6
2034-08-10,0.0481,27.646,86.675,6.013,237.69,SSP1-2.6
2034-08-11,0.0,27.803,81.296,7.142,287.4,SSP1-2.6
2034-08-12,0.0,28.129,83.139,7.242,269.82,SSP1-2.6
2034-08-13,0.0,28.254,83.776,5.645,273.53,SSP1-2.6
2034-08-14,0.9863,28.529,84.397,7.291,257.23,SSP1-2.6
2034-08-15,19.3963,27.302,88.91,11.807,228.23,SSP1-2.6
2034-08-16,20.2506,26.509,91.783,12.807,194.87,SSP1-2.6
2034-08-17,1.0425,26.163,92.048,11.26,187.44,SSP1-2.6
2034-08-18,2.143,26.464,91.578,10.645,210.7,SSP1-2.6
2034-08-19,17.4013,26.216,92.94,12.538,199.02,SSP1-2.6
2034-08-20,1.5956,26.632,89.173,15.418,205.57,SSP1-2.6
2034-08-21,0.0909,26.964,85.985,11.329,226.61,SSP1-2.6
2034-08-22,0.0972,27.227,84.046,10.751,260.27,SSP1-2.6
2034-08-23,2.3502,27.28,85.211,10.734,248.0,SSP1-2.6
2034-08-24,15.9003,27.205,89.323,12.125,236.35,SSP1-2.6
2034-08-25,18.0672,26.979,91.597,11.001,213.56,SSP1-2.6
2034-08-26,16.3053,26.455,92.71,9.372,188.83,SSP1-2.6
2034-08-27,0.0,27.337,86.848,9.321,237.97,SSP1-2.6
2034-08-28,1.3628,26.712,88.203,10.92,211.43,SSP1-2.6
2034-08-29,18.3582,26.31,93.561,7.466,200.88,SSP1-2.6
2034-08-30,20.5819,26.737,92.832,9.929,188.21,SSP1-2.6
2034-08-31,1.0789,27.015,90.643,9.767,223.68,SSP1-2.6
2034-09-01,0.3792,27.04,86.116,9.651,259.03,SSP1-2.6
2034-09-02,0.1167,27.26,83.063,7.734,278.31,SSP1-2.6
2034-09-03,1.4384,27.266,87.877,5.54,239.67,SSP1-2.6
2034-09-04,4.2506,26.804,88.88,7.934,228.34,SSP1-2.6
2034-09-05,9.2786,26.732,91.131,3.164,227.46,SSP1-2.6
2034-09-06,9.5349,26.621,92.615,2.43,228.07,SSP1-2.6
2034-09-07,37.1724,26.648,93.314,6.642,225.41,SSP1-2.6
2034-09-08,25.693,26.494,93.37,8.471,186.31,SSP1-2.6
2034-09-09,15.8282,27.002,87.191,8.56,240.48,SSP1-2.6
2034-09-10,11.513,26.719,88.135,8.491,232.24,SSP1-2.6
2034-09-11,2.421,26.524,89.467,8.627,223.4,SSP1-2.6
2034-09-12,0.0,26.88,85.227,11.016,252.04,SSP1-2.6
2034-09-13,11.5548,27.038,86.235,11.921,237.71,SSP1-2.6
2034-09-14,0.0579,26.615,89.809,11.609,213.03,SSP1-2.6
2034-09-15,0.4834,26.74,88.751,12.758,218.63,SSP1-2.6
2034-09-16,0.1434,26.85,88.24,11.233,224.63,SSP1-2.6
2034-09-17,0.3495,27.043,88.052,7.411,228.04,SSP1-2.6
2034-09-18,4.8258,27.378,86.036,8.342,246.47,SSP1-2.6
2034-09-19,0.0,27.185,81.079,11.07,243.81,SSP1-2.6
2034-09-20,0.38,26.898,77.059,13.995,236.76,SSP1-2.6
2034-09-21,26.1889,25.595,91.384,12.486,181.41,SSP1-2.6
2034-09-22,0.0,26.391,87.127,11.341,213.34,SSP1-2.6
2034-09-23,0.0,26.878,81.558,12.118,247.77,SSP1-2.6
2034-09-24,0.0,26.996,79.387,11.979,243.37,SSP1-2.6
2034-09-25,0.0466,27.257,81.255,9.617,243.94,SSP1-2.6
2034-09-26,0.0,26.907,82.241,11.117,233.47,SSP1-2.6
2034-09-27,1.5106,26.049,88.969,9.914,196.8,SSP1-2.6
2034-09-28,17.4993,25.902,93.39,7.687,169.67,SSP1-2.6
2034-09-29,13.589,26.225,90.804,9.287,216.05,SSP1-2.6
2034-09-30,0.8719,26.178,88.197,11.159,196.67,SSP1-2.6
2034-10-01,3.6328,25.625,88.848,10.783,196.37,SSP1-2.6
2034-10-02,16.4516,25.373,90.924,9.065,194.9,SSP1-2.6
2034-10-03,23.866,25.229,94.684,5.683,174.78,SSP1-2.6
2034-10-04,50.6538,25.207,95.362,3.479,171.09,SSP1-2.6
2034-10-05,29.444,25.134,95.816,4.566,187.42,SSP1-2.6
2034-10-06,9.0858,25.285,93.257,3.302,204.05,SSP1-2.6
2034-10-07,3.9401,25.624,91.159,3.591,202.22,SSP1-2.6
2034-10-08,0.2721,26.481,88.775,4.213,216.95,SSP1-2.6
2034-10-09,2.5339,26.786,87.135,4.244,234.35,SSP1-2.6
2034-10-10,1.174,26.91,85.393,6.099,238.36,SSP1-2.6
2034-10-11,6.3095,26.452,86.553,7.899,231.43,SSP1-2.6
2034-10-12,0.0,27.292,82.721,7.297,259.64,SSP1-2.6
2034-10-13,0.0,26.691,81.279,7.438,265.04,SSP1-2.6
2034-10-14,7.3607,26.692,72.991,6.764,281.09,SSP1-2.6
2034-10-15,0.0,26.549,71.219,7.455,280.06,SSP1-2.6
2034-10-16,0.0,26.67,76.039,7.286,261.34,SSP1-2.6
2034-10-17,0.0,26.827,75.848,6.917,269.59,SSP1-2.6
2034-10-18,0.0,25.894,72.86,5.96,247.53,SSP1-2.6
2034-10-19,0.0,25.716,74.271,3.235,256.88,SSP1-2.6
2034-10-20,0.0,25.989,79.77,3.298,247.68,SSP1-2.6
2034-10-21,0.0,26.265,82.362,4.106,250.04,SSP1-2.6
2034-10-22,0.0,25.913,78.25,4.424,262.56,SSP1-2.6
2034-10-23,0.0,25.754,73.076,6.14,262.11,SSP1-2.6
2034-10-24,0.0,25.599,73.504,5.748,256.56,SSP1-2.6
2034-10-25,0.5326,24.512,80.25,9.232,207.83,SSP1-2.6
2034-10-26,41.0302,23.026,90.398,15.047,161.58,SSP1-2.6
2034-10-27,37.2283,23.056,93.66,12.509,152.84,SSP1-2.6
2034-10-28,1.2724,24.704,87.078,6.647,197.81,SSP1-2.6
2034-10-29,0.0,25.844,82.952,4.76,239.74,SSP1-2.6
2034-10-30,0.0,25.665,81.818,4.37,233.97,SSP1-2.6
2034-10-31,0.0,24.733,70.988,8.721,247.13,SSP1-2.6
2034-11-01,0.0,24.132,59.883,11.149,239.9,SSP1-2.6
2034-11-02,0.0,23.492,64.408,11.794,198.02,SSP1-2.6
2034-11-03,13.8013,23.209,82.984,10.021,167.98,SSP1-2.6
2034-11-04,26.7706,23.595,90.25,6.242,158.7,SSP1-2.6
2034-11-05,24.1616,24.018,90.506,6.235,176.17,SSP1-2.6
2034-11-06,2.8719,24.844,87.396,7.026,190.51,SSP1-2.6
2034-11-07,0.777,24.822,87.938,4.576,181.79,SSP1-2.6
2034-11-08,0.0159,25.093,84.472,5.422,204.69,SSP1-2.6
2034-11-09,0.0,24.97,83.544,6.209,198.58,SSP1-2.6
2034-11-10,0.4257,24.96,82.9,7.129,207.49,SSP1-2.6
2034-11-11,0.1385,24.269,84.31,7.189,189.61,SSP1-2.6
2034-11-12,0.0,25.0,81.448,6.481,218.0,SSP1-2.6
2034-11-13,0.0,24.325,79.69,6.114,211.53,SSP1-2.6
2034-11-14,0.0,24.269,66.924,9.048,234.5,SSP1-2.6
2034-11-15,0.2222,22.701,77.008,11.379,168.8,SSP1-2.6
2034-11-16,4.9982,22.462,71.461,14.364,162.31,SSP1-2.6
2034-11-17,15.6406,22.425,88.876,15.099,140.84,SSP1-2.6
2034-11-18,0.0014,23.047,85.163,12.092,163.63,SSP1-2.6
2034-11-19,0.0008,23.387,83.441,8.161,199.82,SSP1-2.6
2034-11-20,0.0,24.556,77.592,2.727,229.44,SSP1-2.6
2034-11-21,0.0,25.096,76.483,4.064,207.81,SSP1-2.6
2034-11-22,0.0,24.924,76.173,4.74,223.57,SSP1-2.6
2034-11-23,0.0,24.83,76.682,4.573,205.76,SSP1-2.6
2034-11-24,0.0015,24.641,78.176,5.817,195.82,SSP1-2.6
2034-11-25,0.0,24.436,71.718,5.779,215.36,SSP1-2.6
2034-11-26,0.0,24.376,70.397,3.086,228.76,SSP1-2.6
2034-11-27,0.0,24.2,71.152,3.823,207.43,SSP1-2.6
2034-11-28,0.0,24.67,64.113,5.211,227.08,SSP1-2.6
2034-11-29,0.0,23.663,66.59,6.146,214.44,SSP1-2.6
2034-11-30,0.0,22.813,56.512,7.535,231.21,SSP1-2.6
2034-12-01,0.0,22.428,46.324,5.986,249.03,SSP1-2.6
2034-12-02,0.0,22.006,56.335,6.829,246.3,SSP1-2.6
2034-12-03,0.0,22.174,60.187,5.474,242.56,SSP1-2.6
2034-12-04,0.0,21.585,48.892,7.713,250.0,SSP1-2.6
2034-12-05,0.0,20.961,42.609,9.17,251.38,SSP1-2.6
2034-12-06,0.0,20.562,43.987,9.471,252.33,SSP1-2.6
2034-12-07,0.0,20.446,44.701,10.445,251.14,SSP1-2.6
2034-12-08,0.0,20.188,47.507,10.302,250.4,SSP1-2.6
2034-12-09,0.0,20.12,45.486,9.811,252.92,SSP1-2.6
2034-12-10,0.0,20.411,48.23,8.708,251.59,SSP1-2.6
2034-12-11,0.0,20.46,49.414,6.785,251.69,SSP1-2.6
2034-12-12,0.0,20.61,47.189,6.978,249.89,SSP1-2.6
2034-12-13,0.0,20.853,52.322,5.431,246.27,SSP1-2.6
2034-12-14,0.0,20.999,51.609,5.627,245.43,SSP1-2.6
2034-12-15,0.0,21.009,51.354,5.158,240.46,SSP1-2.6
2034-12-16,0.0,21.165,53.216,5.6,232.61,SSP1-2.6
2034-12-17,0.0,21.44,55.421,6.393,215.47,SSP1-2.6
2034-12-18,0.0,21.366,57.673,7.039,195.06,SSP1-2.6
2034-12-19,0.0,21.204,55.726,7.019,192.92,SSP1-2.6
2034-12-20,0.0,20.88,52.555,6.061,228.86,SSP1-2.6
2034-12-21,0.0,20.852,50.955,4.685,235.96,SSP1-2.6
2034-12-22,0.0,21.381,52.435,5.156,206.61,SSP1-2.6
2034-12-23,0.0,21.442,59.314,8.585,182.13,SSP1-2.6
2034-12-24,0.0,21.9,75.078,8.212,151.95,SSP1-2.6
2034-12-25,0.0,22.018,72.142,8.49,174.84,SSP1-2.6
2034-12-26,0.0,21.577,70.875,8.82,185.31,SSP1-2.6
2034-12-27,0.0,22.043,67.375,9.026,214.32,SSP1-2.6
2034-12-28,0.0,22.438,61.195,10.263,234.77,SSP1-2.6
2034-12-29,0.0,22.135,59.648,8.372,235.58,SSP1-2.6
2034-12-30,0.0,22.099,53.437,9.102,246.32,SSP1-2.6
2034-12-31,0.0,22.126,53.291,8.704,247.84,SSP1-2.6
2035-01-01,0.0,22.283,54.496,7.232,243.37,SSP1-2.6
2035-01-02,0.0,21.6,58.393,10.398,235.36,SSP1-2.6
2035-01-03,0.0,22.479,50.635,8.872,213.24,SSP1-2.6
2035-01-04,0.0,20.002,48.905,10.493,178.89,SSP1-2.6
2035-01-05,0.0,20.164,45.315,8.036,222.51,SSP1-2.6
2035-01-06,0.0,20.012,39.443,9.989,254.9,SSP1-2.6
2035-01-07,0.0,19.929,39.335,7.616,253.56,SSP1-2.6
2035-01-08,0.0,20.0,43.658,5.743,252.3,SSP1-2.6
2035-01-09,0.0,20.498,41.258,9.295,248.24,SSP1-2.6
2035-01-10,0.0,19.731,36.88,11.602,260.71,SSP1-2.6
2035-01-11,0.0,19.046,32.874,10.237,267.02,SSP1-2.6
2035-01-12,0.0,18.725,35.409,8.417,266.36,SSP1-2.6
2035-01-13,0.0,18.903,37.173,7.657,266.21,SSP1-2.6
2035-01-14,0.0,19.416,40.313,4.514,263.83,SSP1-2.6
2035-01-15,0.0,20.45,42.058,4.619,256.07,SSP1-2.6
2035-01-16,0.0,21.032,45.849,5.228,238.18,SSP1-2.6
2035-01-17,0.0,21.529,47.999,5.776,254.32,SSP1-2.6
2035-01-18,0.0,22.045,47.915,6.06,254.74,SSP1-2.6
2035-01-19,0.0,22.398,48.288,6.482,255.09,SSP1-2.6
2035-01-20,0.0,23.039,48.575,4.694,254.19,SSP1-2.6
2035-01-21,0.0,23.349,47.2,6.882,254.35,SSP1-2.6
2035-01-22,0.0,23.384,44.692,9.629,245.86,SSP1-2.6
2035-01-23,0.0,22.359,36.849,10.315,265.24,SSP1-2.6
2035-01-24,0.0,22.093,39.413,9.447,257.04,SSP1-2.6
2035-01-25,0.0,22.229,51.069,8.267,245.09,SSP1-2.6
2035-01-26,0.0,22.97,49.148,9.816,259.33,SSP1-2.6
2035-01-27,0.0,22.686,44.207,9.473,267.21,SSP1-2.6
2035-01-28,0.0,22.383,50.242,10.783,250.74,SSP1-2.6
2035-01-29,0.0,23.381,54.783,13.681,254.51,SSP1-2.6
2035-01-30,0.0,23.918,51.823,15.927,236.95,SSP1-2.6
2035-01-31,0.0,23.258,55.221,10.434,212.34,SSP1-2.6
2035-02-01,0.0,23.369,47.004,9.37,229.24,SSP1-2.6
2035-02-02,0.0,23.245,43.182,5.885,268.63,SSP1-2.6
2035-02-03,0.0,23.802,49.615,8.857,254.1,SSP1-2.6
2035-02-04,0.0,23.244,61.838,9.731,209.84,SSP1-2.6
2035-02-05,0.0,21.94,83.12,10.418,165.48,SSP1-2.6
2035-02-06,0.0,22.554,73.005,9.992,190.47,SSP1-2.6
2035-02-07,0.0,22.626,78.257,11.638,171.47,SSP1-2.6
2035-02-08,0.0,22.738,71.743,10.6,192.26,SSP1-2.6
2035-02-09,0.0,24.555,64.531,9.612,222.92,SSP1-2.6
2035-02-10,0.0,25.761,59.599,10.162,235.67,SSP1-2.6
2035-02-11,0.0104,22.464,81.535,10.626,152.91,SSP1-2.6
2035-02-12,0.0,22.566,79.248,12.042,181.81,SSP1-2.6
2035-02-13,0.0,24.04,63.267,9.498,223.67,SSP1-2.6
2035-02-14,0.0,24.627,63.307,9.981,226.43,SSP1-2.6
2035-02-15,0.0223,23.007,68.953,11.141,171.0,SSP1-2.6
2035-02-16,0.0086,22.089,87.872,12.113,169.77,SSP1-2.6
2035-02-17,0.0,24.042,56.78,8.415,249.38,SSP1-2.6
2035-02-18,0.0,24.035,47.119,4.059,258.99,SSP1-2.6
2035-02-19,0.0,24.307,45.601,6.225,292.33,SSP1-2.6
2035-02-20,0.0,24.565,44.967,5.954,290.81,SSP1-2.6
2035-02-21,0.0,24.402,40.046,5.569,296.13,SSP1-2.6
2035-02-22,0.0,24.741,35.614,5.172,301.26,SSP1-2.6
2035-02-23,0.0,24.636,36.257,5.093,298.18,SSP1-2.6
2035-02-24,0.0,25.244,37.715,5.381,298.54,SSP1-2.6
2035-02-25,0.0,25.636,40.096,4.856,297.31,SSP1-2.6
2035-02-26,0.0,26.211,41.49,5.077,250.76,SSP1-2.6
2035-02-27,0.0,26.612,40.422,7.339,252.5,SSP1-2.6
2035-02-28,0.0,26.794,38.686,10.028,264.98,SSP1-2.6
2035-03-01,0.0,27.261,36.099,10.802,293.37,SSP1-2.6
2035-03-02,0.0,27.196,42.895,10.713,299.02,SSP1-2.6
2035-03-03,0.0,27.691,43.549,11.489,298.47,SSP1-2.6
2035-03-04,0.0,27.838,42.06,8.836,303.43,SSP1-2.6
2035-03-05,0.0,27.322,43.881,5.046,285.62,SSP1-2.6
2035-03-06,0.0,27.62,37.934,9.158,304.33,SSP1-2.6
2035-03-07,0.0,27.348,37.94,6.97,315.48,SSP1-2.6
2035-03-08,0.0,27.164,37.038,4.989,319.77,SSP1-2.6
2035-03-09,0.0,27.986,37.557,6.376,313.77,SSP1-2.6
2035-03-10,0.0,28.625,40.044,8.8,309.6,SSP1-2.6
2035-03-11,0.0,28.733,39.503,12.801,304.1,SSP1-2.6
2035-03-12,0.0,28.653,37.487,10.204,303.45,SSP1-2.6
2035-03-13,0.0,28.891,40.317,6.898,290.6,SSP1-2.6
2035-03-14,0.0,28.57,33.764,7.725,313.89,SSP1-2.6
2035-03-15,0.0,27.969,27.362,7.69,334.88,SSP1-2.6
2035-03-16,0.0,27.553,27.656,6.16,334.56,SSP1-2.6
2035-03-17,0.0,28.11,28.534,5.499,331.05,SSP1-2.6
2035-03-18,0.0,28.973,32.851,6.577,324.59,SSP1-2.6
2035-03-19,0.0,29.849,33.98,5.265,319.94,SSP1-2.6
2035-03-20,0.0,29.913,32.96,4.762,326.34,SSP1-2.6
2035-03-21,0.0,29.798,31.138,5.25,330.79,SSP1-2.6
2035-03-22,0.0,30.081,31.09,5.097,327.38,SSP1-2.6
2035-03-23,0.0,30.097,27.946,6.429,332.34,SSP1-2.6
2035-03-24,0.0,29.464,27.243,8.612,328.43,SSP1-2.6
2035-03-25,0.0034,30.438,31.903,9.777,300.18,SSP1-2.6
2035-03-26,0.0051,28.443,41.724,9.285,208.41,SSP1-2.6
2035-03-27,0.0,29.718,29.039,9.673,333.42,SSP1-2.6
2035-03-28,0.0,29.592,27.937,6.384,342.16,SSP1-2.6
2035-03-29,0.0,29.509,32.263,5.144,338.53,SSP1-2.6
2035-03-30,0.0,30.47,33.764,8.426,300.35,SSP1-2.6
2035-03-31,0.0,30.779,29.179,9.55,337.35,SSP1-2.6
2035-04-01,0.0,30.366,29.038,7.808,330.84,SSP1-2.6
2035-04-02,0.0,30.853,30.318,6.454,294.61,SSP1-2.6
2035-04-03,0.0,29.17,36.828,4.693,234.48,SSP1-2.6
2035-04-04,0.0571,29.487,38.353,4.512,250.98,SSP1-2.6
2035-04-05,0.0,27.336,50.482,4.88,235.62,SSP1-2.6
2035-04-06,0.0,29.513,34.603,6.78,342.23,SSP1-2.6
2035-04-07,0.0,30.305,34.655,7.356,337.96,SSP1-2.6
2035-04-08,0.0,30.813,32.207,5.676,332.43,SSP1-2.6
2035-04-09,0.0,30.907,30.295,4.756,331.8,SSP1-2.6
2035-04-10,0.0,30.717,27.657,4.747,339.21,SSP1-2.6
2035-04-11,0.0,30.602,26.808,5.011,340.32,SSP1-2.6
2035-04-12,0.0,30.839,27.575,5.115,322.95,SSP1-2.6
2035-04-13,0.0,30.915,28.125,4.518,328.01,SSP1-2.6
2035-04-14,0.0,31.793,32.265,6.783,291.67,SSP1-2.6
2035-04-15,0.1653,32.599,30.879,6.56,311.01,SSP1-2.6
2035-04-16,0.2655,31.318,37.743,5.194,252.03,SSP1-2.6
2035-04-17,0.0,31.737,34.503,5.472,311.51,SSP1-2.6
2035-04-18,0.007,32.524,29.99,6.271,310.16,SSP1-2.6
2035-04-19,0.0076,32.872,27.208,8.427,291.04,SSP1-2.6
2035-04-20,0.1036,30.988,32.957,5.358,237.0,SSP1-2.6
2035-04-21,1.0398,30.477,42.903,6.327,261.07,SSP1-2.6
2035-04-22,1.1098,31.046,41.939,5.749,292.02,SSP1-2.6
2035-04-23,0.3184,31.388,36.352,6.661,307.13,SSP1-2.6
2035-04-24,0.7832,31.843,36.576,7.699,305.66,SSP1-2.6
2035-04-25,0.0,32.06,34.698,7.226,323.09,SSP1-2.6
2035-04-26,0.0,32.313,29.706,7.59,338.06,SSP1-2.6
2035-04-27,0.0,32.355,28.757,7.068,329.48,SSP1-2.6
2035-04-28,0.0,32.782,29.515,6.405,319.2,SSP1-2.6
2035-04-29,0.0,32.306,32.085,7.764,271.11,SSP1-2.6
2035-04-30,0.0,28.108,49.708,7.161,198.29,SSP1-2.6
2035-05-01,0.0047,32.437,30.002,9.389,323.16,SSP1-2.6
2035-05-02,0.0534,33.295,29.881,7.934,314.28,SSP1-2.6
2035-05-03,0.0,32.272,33.723,7.538,255.65,SSP1-2.6
2035-05-04,0.0056,32.909,30.715,6.712,279.32,SSP1-2.6
2035-05-05,0.0108,32.939,32.356,6.091,263.79,SSP1-2.6
2035-05-06,0.0,33.289,29.309,5.319,323.25,SSP1-2.6
2035-05-07,0.0,33.579,27.618,6.619,332.46,SSP1-2.6
2035-05-08,0.0201,33.888,27.131,6.849,322.6,SSP1-2.6
2035-05-09,0.0297,33.986,28.195,6.843,315.8,SSP1-2.6
2035-05-10,0.2514,33.639,32.938,5.66,294.99,SSP1-2.6
2035-05-11,0.5691,33.55,33.511,7.144,303.18,SSP1-2.6
2035-05-12,0.1302,33.493,31.471,8.632,305.83,SSP1-2.6
2035-05-13,0.4552,32.467,37.266,6.983,283.41,SSP1-2.6
2035-05-14,0.3745,33.14,35.569,6.76,299.74,SSP1-2.6
2035-05-15,0.0791,31.949,38.648,8.693,288.86,SSP1-2.6
2035-05-16,0.0,32.57,35.536,9.001,306.75,SSP1-2.6
2035-05-17,1.104,31.08,41.799,10.666,258.52,SSP1-2.6
2035-05-18,0.9852,30.127,46.836,12.537,237.65,SSP1-2.6
2035-05-19,1.9551,30.391,47.541,9.596,242.71,SSP1-2.6
2035-05-20,0.9924,30.55,47.954,8.982,251.9,SSP1-2.6
2035-05-21,10.0509,30.052,51.185,10.083,244.17,SSP1-2.6
2035-05-22,0.0189,31.964,40.402,15.38,262.59,SSP1-2.6
2035-05-23,0.1509,32.129,40.037,15.094,263.91,SSP1-2.6
2035-05-24,0.3319,31.939,42.629,16.839,286.75,SSP1-2.6
2035-05-25,0.0,31.378,45.525,12.495,258.11,SSP1-2.6
2035-05-26,0.0,32.794,39.229,10.089,324.24,SSP1-2.6
2035-05-27,0.0006,33.116,40.498,7.943,321.74,SSP1-2.6
2035-05-28,13.5831,31.77,56.117,6.946,262.2,SSP1-2.6
2035-05-29,12.3802,30.549,66.105,4.145,258.84,SSP1-2.6
2035-05-30,0.0,32.044,57.859,7.041,281.55,SSP1-2.6
2035-05-31,0.0,31.431,51.762,11.836,254.65,SSP1-2.6
2035-06-01,0.0,32.226,42.843,15.76,300.09,SSP1-2.6
2035-06-02,0.0,33.068,40.328,11.561,325.09,SSP1-2.6
2035-06-03,0.0,33.572,44.014,8.457,314.18,SSP1-2.6
2035-06-04,3.2655,32.685,48.12,8.496,289.3,SSP1-2.6
2035-06-05,0.0016,28.695,60.714,8.659,222.21,SSP1-2.6
2035-06-06,3.7254,31.221,56.402,14.669,274.95,SSP1-2.6
2035-06-07,0.0,27.301,66.373,12.824,215.84,SSP1-2.6
2035-06-08,0.3168,30.29,55.405,12.064,287.92,SSP1-2.6
2035-06-09,0.0162,30.058,55.963,11.649,251.86,SSP1-2.6
2035-06-10,0.0,31.166,51.256,13.949,282.34,SSP1-2.6
2035-06-11,0.0,32.425,43.542,13.868,316.54,SSP1-2.6
2035-06-12,0.0,32.083,44.42,14.773,323.98,SSP1-2.6
2035-06-13,0.0,30.992,47.158,15.385,297.14,SSP1-2.6
2035-06-14,0.0,31.272,48.287,15.15,306.04,SSP1-2.6
2035-06-15,0.0,29.863,51.422,14.432,286.3,SSP1-2.6
2035-06-16,0.0,30.906,51.808,15.423,296.07,SSP1-2.6
2035-06-17,0.0,30.476,55.346,15.655,293.49,SSP1-2.6
2035-06-18,0.0,29.024,59.579,14.189,255.96,SSP1-2.6
2035-06-19,0.0,30.871,54.648,13.777,299.62,SSP1-2.6
2035-06-20,0.0,31.417,52.34,11.318,309.12,SSP1-2.6
2035-06-21,1.1573,30.437,58.607,10.12,282.04,SSP1-2.6
2035-06-22,15.0031,28.677,71.314,9.058,259.31,SSP1-2.6
2035-06-23,0.0482,28.916,67.764,10.365,266.0,SSP1-2.6
2035-06-24,0.0,29.65,59.838,11.708,305.97,SSP1-2.6
2035-06-25,0.0,30.096,58.601,12.102,309.66,SSP1-2.6
2035-06-26,0.0,28.915,64.784,9.717,245.75,SSP1-2.6
2035-06-27,0.2571,28.77,68.237,7.065,259.96,SSP1-2.6
2035-06-28,0.0,29.234,64.525,7.539,254.62,SSP1-2.6
2035-06-29,0.0,30.085,57.772,9.352,295.65,SSP1-2.6
2035-06-30,0.1827,29.002,62.769,11.626,246.78,SSP1-2.6
2035-07-01,0.0,29.768,60.826,11.28,281.03,SSP1-2.6
2035-07-02,0.009,30.478,58.048,12.402,297.45,SSP1-2.6
2035-07-03,0.0624,29.916,63.798,13.658,251.93,SSP1-2.6
2035-07-04,0.0,29.179,64.271,13.463,237.78,SSP1-2.6
2035-07-05,0.0,29.499,63.231,14.493,227.44,SSP1-2.6
2035-07-06,0.3257,29.371,67.933,14.133,248.19,SSP1-2.6
2035-07-07,23.5299,26.97,89.751,10.215,184.09,SSP1-2.6
2035-07-08,0.0027,27.702,82.638,10.155,225.79,SSP1-2.6
2035-07-09,0.0041,27.954,79.654,9.816,228.73,SSP1-2.6
2035-07-10,3.5027,28.579,77.584,11.102,253.91,SSP1-2.6
2035-07-11,0.3034,28.394,77.056,11.47,243.32,SSP1-2.6
2035-07-12,10.4973,28.548,79.105,13.656,248.21,SSP1-2.6
2035-07-13,0.0148,27.701,81.529,14.578,229.88,SSP1-2.6
2035-07-14,0.0,28.272,76.882,16.286,247.94,SSP1-2.6
2035-07-15,0.0668,28.143,78.824,15.807,227.88,SSP1-2.6
2035-07-16,0.0,28.43,73.352,17.375,259.32,SSP1-2.6
2035-07-17,12.2637,27.334,82.369,15.014,218.59,SSP1-2.6
2035-07-18,16.3643,26.617,89.921,15.062,188.83,SSP1-2.6
2035-07-19,5.2182,26.866,89.017,12.687,203.88,SSP1-2.6
2035-07-20,0.0528,27.123,87.072,13.003,214.75,SSP1-2.6
2035-07-21,2.9609,26.952,87.739,12.043,213.82,SSP1-2.6
2035-07-22,0.0767,27.489,86.617,11.618,219.39,SSP1-2.6
2035-07-23,0.0,27.779,81.755,13.606,235.73,SSP1-2.6
2035-07-24,0.0,28.082,77.854,14.514,250.06,SSP1-2.6
2035-07-25,10.2362,26.958,87.624,13.448,211.8,SSP1-2.6
2035-07-26,27.0405,26.42,91.399,13.776,193.19,SSP1-2.6
2035-07-27,24.5503,25.882,93.343,10.596,150.11,SSP1-2.6
2035-07-28,1.3712,26.782,90.389,11.267,209.65,SSP1-2.6
2035-07-29,0.0,27.328,86.759,10.73,248.78,SSP1-2.6
2035-07-30,5.7892,27.801,86.765,7.629,257.29,SSP1-2.6
2035-07-31,2.452,27.792,88.066,7.632,238.23,SSP1-2.6
2035-08-01,0.3696,27.756,86.946,9.606,231.37,SSP1-2.6
2035-08-02,0.0106,28.094,81.648,12.394,254.99,SSP1-2.6
2035-08-03,0.2863,27.939,83.396,12.75,234.93,SSP1-2.6
2035-08-04,0.88,27.306,87.579,10.909,214.73,SSP1-2.6
2035-08-05,20.593,27.246,90.024,11.043,222.79,SSP1-2.6
2035-08-06,0.7614,27.063,90.203,11.291,211.31,SSP1-2.6
2035-08-07,0.0774,27.228,88.839,10.798,219.77,SSP1-2.6
2035-08-08,0.6515,27.334,87.793,12.751,231.51,SSP1-2.6
2035-08-09,1.0247,27.471,86.531,11.278,228.26,SSP1-2.6
2035-08-10,0.1318,27.031,88.677,9.362,214.44,SSP1-2.6
2035-08-11,1.189,27.503,86.988,11.475,232.86,SSP1-2.6
2035-08-12,10.3905,27.546,88.29,9.081,235.87,SSP1-2.6
2035-08-13,16.4936,27.537,90.138,8.818,233.15,SSP1-2.6
2035-08-14,24.2612,26.788,93.692,9.943,179.49,SSP1-2.6
2035-08-15,23.6514,26.75,91.867,12.76,201.34,SSP1-2.6
2035-08-16,30.3891,25.996,93.935,13.397,164.9,SSP1-2.6
2035-08-17,12.6371,26.768,92.529,11.235,208.49,SSP1-2.6
2035-08-18,14.0423,26.978,91.857,10.569,211.68,SSP1-2.6
2035-08-19,17.2576,27.141,91.336,11.032,223.46,SSP1-2.6
2035-08-20,19.8717,27.221,90.948,10.99,221.12,SSP1-2.6
2035-08-21,0.0473,27.223,87.828,12.535,228.14,SSP1-2.6
2035-08-22,5.4152,26.624,92.285,12.168,187.12,SSP1-2.6
2035-08-23,1.8356,27.2,88.927,12.297,218.12,SSP1-2.6
2035-08-24,3.8595,27.129,91.196,8.606,218.06,SSP1-2.6
2035-08-25,21.8189,26.976,92.64,8.1,204.28,SSP1-2.6
2035-08-26,12.3959,26.977,93.239,7.618,212.2,SSP1-2.6
2035-08-27,17.0276,26.907,93.03,10.124,209.13,SSP1-2.6
2035-08-28,23.3633,26.614,91.363,14.218,198.91,SSP1-2.6
2035-08-29,11.8981,26.153,92.532,12.432,186.3,SSP1-2.6
2035-08-30,4.0351,26.212,92.705,11.04,201.12,SSP1-2.6
2035-08-31,9.5048,26.977,92.68,8.167,216.19,SSP1-2.6
2035-09-01,5.4485,25.825,89.765,10.197,231.39,SSP1-2.6
2035-09-02,33.4055,25.882,90.488,11.362,220.39,SSP1-2.6
2035-09-03,11.8531,25.419,94.222,8.614,179.68,SSP1-2.6
2035-09-04,15.1533,25.515,92.681,8.183,218.27,SSP1-2.6
2035-09-05,21.7634,25.736,94.084,10.264,178.74,SSP1-2.6
2035-09-06,16.6609,25.586,92.403,9.646,205.87,SSP1-2.6
2035-09-07,8.2298,25.578,93.738,5.306,204.64,SSP1-2.6
2035-09-08,14.4555,25.851,92.338,3.734,222.21,SSP1-2.6
2035-09-09,12.4035,26.037,89.791,6.328,233.79,SSP1-2.6
2035-09-10,0.5554,26.079,88.82,7.676,237.37,SSP1-2.6
2035-09-11,0.0215,26.433,87.369,6.577,239.52,SSP1-2.6
2035-09-12,0.033,26.641,85.575,4.379,244.21,SSP1-2.6
2035-09-13,0.0,27.065,83.66,4.029,256.5,SSP1-2.6
2035-09-14,15.9316,26.256,90.091,3.181,234.52,SSP1-2.6
2035-09-15,0.7792,26.409,87.211,2.556,239.74,SSP1-2.6
2035-09-16,2.692,26.786,85.863,2.799,253.99,SSP1-2.6
2035-09-17,16.8724,26.039,90.493,2.661,233.34,SSP1-2.6
2035-09-18,0.1761,26.18,87.396,5.196,239.07,SSP1-2.6
2035-09-19,0.0,26.587,83.113,3.805,251.17,SSP1-2.6
2035-09-20,0.0,26.746,84.995,4.237,242.05,SSP1-2.6
2035-09-21,1.4952,26.422,85.255,5.29,243.55,SSP1-2.6
2035-09-22,0.0,26.522,82.975,6.103,259.78,SSP1-2.6
2035-09-23,0.0,26.59,80.877,4.914,273.02,SSP1-2.6
2035-09-24,9.2312,25.872,87.83,5.245,231.49,SSP1-2.6
2035-09-25,0.0,26.175,86.146,6.618,231.96,SSP1-2.6
2035-09-26,1.4268,26.708,82.337,5.232,254.29,SSP1-2.6
2035-09-27,0.0,27.11,81.695,6.349,240.13,SSP1-2.6
2035-09-28,0.0,27.391,75.021,8.423,259.95,SSP1-2.6
2035-09-29,0.0,27.132,72.245,9.548,268.87,SSP1-2.6
2035-09-30,0.0,26.892,78.182,8.69,252.42,SSP1-2.6
2035-10-01,0.0,26.413,78.809,11.565,237.29,SSP1-2.6
2035-10-02,0.0,26.856,73.957,12.277,236.43,SSP1-2.6
2035-10-03,0.0,27.477,70.184,12.205,251.31,SSP1-2.6
2035-10-04,0.0,27.362,71.417,9.397,264.08,SSP1-2.6
2035-10-05,0.0,27.658,71.647,6.733,282.53,SSP1-2.6
2035-10-06,0.0,27.844,73.738,6.361,263.49,SSP1-2.6
2035-10-07,0.1111,26.199,72.865,8.135,221.67,SSP1-2.6
2035-10-08,0.0,28.351,63.117,8.595,279.18,SSP1-2.6
2035-10-09,0.0,26.229,70.175,9.341,226.57,SSP1-2.6
2035-10-10,0.0,25.706,74.151,9.093,225.26,SSP1-2.6
2035-10-11,0.0,25.371,77.003,8.866,220.31,SSP1-2.6
2035-10-12,0.0,25.183,66.676,8.919,224.0,SSP1-2.6
2035-10-13,0.0,24.969,75.913,8.352,221.79,SSP1-2.6
2035-10-14,0.018,25.672,68.274,8.327,242.34,SSP1-2.6
2035-10-15,0.4737,24.739,82.207,7.843,196.86,SSP1-2.6
2035-10-16,16.5461,24.323,89.207,8.03,174.4,SSP1-2.6
2035-10-17,2.9497,25.436,83.953,7.705,216.18,SSP1-2.6
2035-10-18,0.0,26.909,67.525,7.444,268.73,SSP1-2.6
2035-10-19,0.0,25.327,58.596,7.099,276.87,SSP1-2.6
2035-10-20,0.0,24.325,48.246,5.95,283.36,SSP1-2.6
2035-10-21,0.0,24.293,48.466,4.457,281.08,SSP1-2.6
2035-10-22,0.0,24.601,51.473,3.632,276.35,SSP1-2.6
2035-10-23,0.0,25.45,60.73,4.096,267.0,SSP1-2.6
2035-10-24,0.0,25.87,69.325,5.541,256.72,SSP1-2.6
2035-10-25,0.0,26.187,67.21,5.241,258.5,SSP1-2.6
2035-10-26,0.0,25.7,65.512,4.475,233.85,SSP1-2.6
2035-10-27,0.0,25.637,64.716,5.054,243.63,SSP1-2.6
2035-10-28,0.0,26.133,65.898,5.956,237.77,SSP1-2.6
2035-10-29,0.0,25.73,67.775,8.347,234.38,SSP1-2.6
2035-10-30,0.0,24.402,65.643,9.165,235.38,SSP1-2.6
2035-10-31,0.0,23.91,57.972,7.473,269.23,SSP1-2.6
2035-11-01,0.0,23.803,61.489,8.378,265.72,SSP1-2.6
2035-11-02,0.0,24.204,62.097,7.863,262.26,SSP1-2.6
2035-11-03,0.005,23.965,66.285,6.85,251.26,SSP1-2.6
2035-11-04,0.0011,24.671,65.375,6.894,253.13,SSP1-2.6
2035-11-05,0.0,25.253,63.845,5.828,253.21,SSP1-2.6
2035-11-06,3.6955,25.613,78.504,6.517,210.98,SSP1-2.6
2035-11-07,1.9417,25.685,80.148,6.338,193.14,SSP1-2.6
2035-11-08,0.8833,25.124,77.079,7.258,191.05,SSP1-2.6
2035-11-09,0.0974,24.946,56.722,9.483,233.14,SSP1-2.6
2035-11-10,0.0,22.559,42.683,10.201,235.24,SSP1-2.6
2035-11-11,0.0,22.155,39.985,8.869,264.87,SSP1-2.6
2035-11-12,0.0,21.97,36.534,9.961,263.19,SSP1-2.6
2035-11-13,0.0,21.788,54.092,5.769,212.59,SSP1-2.6
2035-11-14,0.0,22.756,67.124,4.774,198.1,SSP1-2.6
2035-11-15,0.0,23.405,71.638,6.879,194.66,SSP1-2.6
2035-11-16,0.0,23.443,66.555,6.239,208.14,SSP1-2.6
2035-11-17,0.0,23.355,63.334,6.621,217.69,SSP1-2.6
2035-11-18,0.0,22.848,65.705,7.176,194.13,SSP1-2.6
2035-11-19,0.0,23.176,60.645,7.268,240.11,SSP1-2.6
2035-11-20,0.0,23.173,55.388,7.53,245.07,SSP1-2.6
2035-11-21,0.0,23.516,55.955,6.234,233.08,SSP1-2.6
2035-11-22,0.0,23.976,59.221,6.21,221.04,SSP1-2.6
2035-11-23,0.0,23.504,55.311,6.899,224.04,SSP1-2.6
2035-11-24,0.0,23.212,51.172,7.026,234.22,SSP1-2.6
2035-11-25,0.0,22.982,50.349,6.028,237.85,SSP1-2.6
2035-11-26,0.0,23.223,51.275,6.121,237.27,SSP1-2.6
2035-11-27,0.0,22.248,47.849,7.091,241.4,SSP1-2.6
2035-11-28,0.0,21.923,47.291,6.348,244.62,SSP1-2.6
2035-11-29,0.0,21.994,48.275,7.098,241.8,SSP1-2.6
2035-11-30,0.0,22.228,50.679,7.001,224.38,SSP1-2.6
2035-12-01,0.0,22.806,50.717,8.574,228.8,SSP1-2.6
2035-12-02,0.0,22.495,47.91,8.147,240.35,SSP1-2.6
2035-12-03,0.0,22.361,50.948,9.125,239.79,SSP1-2.6
2035-12-04,0.0,21.989,48.485,9.081,239.56,SSP1-2.6
2035-12-05,0.0,21.784,43.855,8.575,242.07,SSP1-2.6
2035-12-06,0.0,21.715,50.428,8.144,243.81,SSP1-2.6
2035-12-07,0.0,22.681,45.963,7.507,241.59,SSP1-2.6
2035-12-08,0.0,23.222,46.924,7.13,239.82,SSP1-2.6
2035-12-09,0.0,23.778,49.421,5.95,239.45,SSP1-2.6
2035-12-10,0.0,23.059,40.242,6.843,245.23,SSP1-2.6
2035-12-11,0.0,22.574,48.502,5.432,237.99,SSP1-2.6
2035-12-12,0.0,22.798,51.963,6.617,216.55,SSP1-2.6
2035-12-13,0.0,23.241,48.17,6.518,226.73,SSP1-2.6
2035-12-14,0.0,22.601,51.694,8.328,218.27,SSP1-2.6
2035-12-15,0.0,22.442,49.123,6.96,229.91,SSP1-2.6
2035-12-16,0.0,22.104,43.879,5.85,229.92,SSP1-2.6
2035-12-17,0.0,22.043,43.599,7.283,230.58,SSP1-2.6
2035-12-18,0.0,21.948,45.538,8.027,225.98,SSP1-2.6
2035-12-19,0.0,21.003,54.127,10.104,170.24,SSP1-2.6
2035-12-20,0.0,21.565,43.979,11.157,209.28,SSP1-2.6
2035-12-21,0.0,20.413,34.169,11.821,244.54,SSP1-2.6
2035-12-22,0.0,20.055,30.562,11.927,252.23,SSP1-2.6
2035-12-23,0.0,19.569,30.638,10.601,253.41,SSP1-2.6
2035-12-24,0.0,19.682,33.81,8.145,247.19,SSP1-2.6
2035-12-25,0.0,20.253,44.382,8.615,248.64,SSP1-2.6
2035-12-26,0.0,21.593,51.151,8.137,244.03,SSP1-2.6
2035-12-27,0.0,22.493,52.23,9.249,234.28,SSP1-2.6
2035-12-28,0.0,23.119,46.899,9.302,244.39,SSP1-2.6
2035-12-29,0.0,22.685,47.398,7.472,226.55,SSP1-2.6
2035-12-30,0.0,22.469,47.452,5.184,240.64,SSP1-2.6
2035-12-31,0.0,22.438,45.197,5.431,232.93,SSP1-2.6
2036-01-01,0.0,22.374,43.789,4.985,235.07,SSP1-2.6
2036-01-02,0.0,22.128,40.689,4.416,245.8,SSP1-2.6
2036-01-03,0.0,22.075,40.21,5.171,246.71,SSP1-2.6
2036-01-04,0.0,22.297,41.597,4.883,244.71,SSP1-2.6
2036-01-05,0.0,22.863,42.409,4.421,237.16,SSP1-2.6
2036-01-06,0.0,23.492,45.686,8.69,214.74,SSP1-2.6
2036-01-07,0.0,23.341,51.402,9.129,218.45,SSP1-2.6
2036-01-08,0.0,23.421,48.102,9.013,230.52,SSP1-2.6
2036-01-09,0.0,23.228,47.178,6.09,227.65,SSP1-2.6
2036-01-10,0.0,23.276,43.949,4.403,239.26,SSP1-2.6
2036-01-11,0.0,23.129,43.102,4.69,234.42,SSP1-2.6
2036-01-12,0.0,23.429,42.318,6.121,230.01,SSP1-2.6
2036-01-13,0.0,23.832,43.839,7.879,208.23,SSP1-2.6
2036-01-14,0.0,24.996,42.77,7.943,221.05,SSP1-2.6
2036-01-15,0.0,21.727,54.926,9.585,165.94,SSP1-2.6
2036-01-16,0.0,21.106,58.558,9.232,156.57,SSP1-2.6
2036-01-17,0.0,23.807,51.488,9.917,237.35,SSP1-2.6
2036-01-18,0.0,23.314,52.802,6.635,231.26,SSP1-2.6
2036-01-19,0.0,23.634,47.178,9.779,240.37,SSP1-2.6
2036-01-20,0.0,24.937,45.488,13.301,236.38,SSP1-2.6
2036-01-21,0.0,24.935,47.14,10.32,216.98,SSP1-2.6
2036-01-22,0.0,24.693,42.63,12.355,241.8,SSP1-2.6
2036-01-23,0.0,24.097,39.451,9.309,256.86,SSP1-2.6
2036-01-24,0.0,23.732,41.04,8.078,253.5,SSP1-2.6
2036-01-25,0.0,24.088,49.2,9.41,232.01,SSP1-2.6
2036-01-26,0.0,23.653,45.661,9.414,251.12,SSP1-2.6
2036-01-27,0.0,23.298,40.622,9.247,262.26,SSP1-2.6
2036-01-28,0.0,22.756,37.468,9.577,271.52,SSP1-2.6
2036-01-29,0.0,22.887,42.271,8.934,268.11,SSP1-2.6
2036-01-30,0.0,23.38,44.827,7.306,257.28,SSP1-2.6
2036-01-31,0.0,22.921,51.031,7.433,216.05,SSP1-2.6
2036-02-01,0.0,23.968,42.681,8.336,257.96,SSP1-2.6
2036-02-02,0.0,23.942,41.281,8.705,251.1,SSP1-2.6
2036-02-03,0.0,24.513,44.728,7.876,267.67,SSP1-2.6
2036-02-04,0.0,25.156,42.109,10.739,252.2,SSP1-2.6
2036-02-05,0.0,24.258,43.171,12.587,224.7,SSP1-2.6
2036-02-06,0.0,24.289,43.84,11.248,266.78,SSP1-2.6
2036-02-07,0.0,24.759,42.837,12.466,246.99,SSP1-2.6
2036-02-08,0.0,25.588,42.108,11.147,264.35,SSP1-2.6
2036-02-09,0.0,26.116,41.364,7.97,232.89,SSP1-2.6
2036-02-10,0.0,25.041,35.711,9.529,239.26,SSP1-2.6
2036-02-11,0.0,24.668,33.503,7.362,227.11,SSP1-2.6
2036-02-12,0.0,24.53,35.28,4.603,240.3,SSP1-2.6
2036-02-13,0.0,25.725,43.213,8.31,248.76,SSP1-2.6
2036-02-14,0.0,25.979,50.878,10.758,208.97,SSP1-2.6
2036-02-15,0.0,26.088,55.943,7.886,204.21,SSP1-2.6
2036-02-16,0.0,26.698,49.487,6.492,234.11,SSP1-2.6
2036-02-17,0.0,24.03,66.077,7.055,179.56,SSP1-2.6
2036-02-18,0.0,25.559,53.787,6.464,225.43,SSP1-2.6
2036-02-19,0.0,26.02,39.386,6.464,284.49,SSP1-2.6
2036-02-20,0.0,26.573,36.122,7.017,258.94,SSP1-2.6
2036-02-21,0.0,27.088,35.89,8.106,258.78,SSP1-2.6
2036-02-22,0.0,26.179,37.51,7.533,211.04,SSP1-2.6
2036-02-23,0.0,27.067,36.53,6.209,276.4,SSP1-2.6
2036-02-24,0.0,27.372,35.923,6.227,269.72,SSP1-2.6
2036-02-25,0.0,27.13,33.705,5.893,259.35,SSP1-2.6
2036-02-26,0.0,27.728,32.281,6.938,284.2,SSP1-2.6
2036-02-27,0.0,27.915,27.536,12.367,247.19,SSP1-2.6
2036-02-28,0.0,27.505,29.148,12.103,261.35,SSP1-2.6
2036-02-29,0.0,27.357,34.326,12.436,257.14,SSP1-2.6
2036-03-01,0.0223,27.389,38.289,10.36,229.73,SSP1-2.6
2036-03-02,0.004,28.401,38.209,13.104,256.08,SSP1-2.6
2036-03-03,3.6976,25.613,63.394,10.07,196.16,SSP1-2.6
2036-03-04,0.0,28.011,48.28,8.921,290.24,SSP1-2.6
2036-03-05,0.0,28.005,34.003,10.235,295.09,SSP1-2.6
2036-03-06,0.0,27.639,28.084,8.612,317.28,SSP1-2.6
2036-03-07,0.0,27.231,27.072,6.752,323.86,SSP1-2.6
2036-03-08,0.0,27.184,26.71,4.568,320.63,SSP1-2.6
2036-03-09,0.0,28.453,28.44,8.114,314.53,SSP1-2.6
2036-03-10,0.0,29.419,29.236,7.83,274.05,SSP1-2.6
2036-03-11,0.0,28.856,27.609,5.697,315.1,SSP1-2.6
2036-03-12,0.0,29.076,26.141,7.32,318.02,SSP1-2.6
2036-03-13,0.0,29.553,24.99,7.592,315.05,SSP1-2.6
2036-03-14,0.0,29.752,24.973,5.53,310.53,SSP1-2.6
2036-03-15,0.0,29.481,24.57,4.677,306.71,SSP1-2.6
2036-03-16,0.0,30.176,25.008,5.064,310.25,SSP1-2.6
2036-03-17,0.0,29.963,24.029,7.084,315.79,SSP1-2.6
2036-03-18,0.0,30.625,22.077,10.896,324.74,SSP1-2.6
2036-03-19,0.0,30.186,21.058,13.155,330.74,SSP1-2.6
2036-03-20,0.0,28.981,17.482,12.769,346.9,SSP1-2.6
2036-03-21,0.0,28.52,18.84,8.557,345.25,SSP1-2.6
2036-03-22,0.0,28.493,19.919,6.197,341.4,SSP1-2.6
2036-03-23,0.0,28.366,24.265,7.315,325.54,SSP1-2.6
2036-03-24,0.0,31.685,27.647,10.241,268.33,SSP1-2.6
2036-03-25,0.0,31.52,25.979,8.187,295.7,SSP1-2.6
2036-03-26,0.0,30.701,24.251,6.55,315.05,SSP1-2.6
2036-03-27,0.0002,31.192,23.835,6.038,315.19,SSP1-2.6
2036-03-28,0.0039,31.311,27.324,5.645,245.96,SSP1-2.6
2036-03-29,0.0,30.539,24.163,6.466,286.2,SSP1-2.6
2036-03-30,0.0,29.08,17.865,11.51,346.02,SSP1-2.6
2036-03-31,0.0,28.396,17.235,6.204,364.59,SSP1-2.6
2036-04-01,0.0,28.972,24.369,8.585,344.14,SSP1-2.6
2036-04-02,0.0,30.689,25.336,7.151,333.45,SSP1-2.6
2036-04-03,0.0,30.595,23.783,7.123,330.13,SSP1-2.6
2036-04-04,0.0,30.812,23.569,8.871,330.79,SSP1-2.6
2036-04-05,0.0,31.53,23.823,10.098,329.89,SSP1-2.6
2036-04-06,0.0,31.403,22.746,9.111,332.97,SSP1-2.6
2036-04-07,0.0,31.338,23.289,9.763,332.36,SSP1-2.6
2036-04-08,0.0093,32.01,25.7,11.809,322.32,SSP1-2.6
2036-04-09,0.0199,32.157,28.052,12.087,310.39,SSP1-2.6
2036-04-10,0.2618,31.708,27.603,9.125,317.27,SSP1-2.6
2036-04-11,0.0081,31.439,28.363,8.314,290.27,SSP1-2.6
2036-04-12,0.0,31.514,26.783,8.257,338.89,SSP1-2.6
2036-04-13,0.0,32.05,25.635,8.773,325.92,SSP1-2.6
2036-04-14,0.019,32.839,26.397,8.936,288.9,SSP1-2.6
2036-04-15,0.0321,32.913,26.514,5.809,266.08,SSP1-2.6
2036-04-16,0.0229,32.521,23.664,6.436,314.55,SSP1-2.6
2036-04-17,0.0,33.535,24.345,6.188,265.94,SSP1-2.6
2036-04-18,0.0225,33.463,25.386,8.361,255.1,SSP1-2.6
2036-04-19,0.1939,30.719,30.955,7.173,204.35,SSP1-2.6
2036-04-20,0.5317,32.061,30.327,4.68,300.88,SSP1-2.6
2036-04-21,0.3773,32.219,30.286,4.861,304.93,SSP1-2.6
2036-04-22,0.0,32.576,27.768,5.114,312.63,SSP1-2.6
2036-04-23,0.0,32.291,23.008,4.875,337.89,SSP1-2.6
2036-04-24,0.0,32.432,21.018,6.072,341.16,SSP1-2.6
2036-04-25,0.0,33.406,21.427,6.252,305.23,SSP1-2.6
2036-04-26,0.0,33.584,22.283,6.344,279.46,SSP1-2.6
2036-04-27,0.0,33.474,22.859,7.013,277.97,SSP1-2.6
2036-04-28,0.0144,32.187,27.656,8.449,235.59,SSP1-2.6
2036-04-29,0.2038,32.963,28.039,7.913,278.25,SSP1-2.6
2036-04-30,0.0646,32.496,28.748,5.982,260.79,SSP1-2.6
2036-05-01,0.1863,32.847,27.437,6.436,276.68,SSP1-2.6
2036-05-02,0.0,32.622,24.834,4.982,314.11,SSP1-2.6
2036-05-03,0.0,33.729,24.081,11.999,301.91,SSP1-2.6
2036-05-04,0.0,34.09,21.912,14.847,334.43,SSP1-2.6
2036-05-05,0.0,34.057,21.347,14.48,351.79,SSP1-2.6
2036-05-06,0.0,34.259,21.168,14.527,348.84,SSP1-2.6
2036-05-07,0.0,34.407,20.874,13.481,352.3,SSP1-2.6
2036-05-08,0.0,34.437,20.616,11.636,346.93,SSP1-2.6
2036-05-09,0.0,34.513,19.977,11.869,322.29,SSP1-2.6
2036-05-10,0.0,35.014,19.386,10.667,320.89,SSP1-2.6
2036-05-11,0.0,35.057,19.611,9.889,329.11,SSP1-2.6
2036-05-12,0.0,34.877,18.576,6.084,305.64,SSP1-2.6
2036-05-13,0.0,33.868,17.643,6.283,314.96,SSP1-2.6
2036-05-14,0.0,33.136,16.554,6.613,352.07,SSP1-2.6
2036-05-15,0.0,33.167,15.546,7.268,366.14,SSP1-2.6
2036-05-16,0.0,34.011,16.336,7.79,353.16,SSP1-2.6
2036-05-17,0.0,35.567,17.864,8.193,293.92,SSP1-2.6
2036-05-18,0.0,35.838,16.786,7.107,338.18,SSP1-2.6
2036-05-19,0.0,36.062,15.49,8.422,360.83,SSP1-2.6
2036-05-20,0.0,35.979,15.526,10.502,361.02,SSP1-2.6
2036-05-21,0.0,35.913,16.689,10.312,353.21,SSP1-2.6
2036-05-22,0.0,36.196,16.908,8.887,357.58,SSP1-2.6
2036-05-23,0.0,36.305,17.606,7.402,339.82,SSP1-2.6
2036-05-24,0.0,34.803,27.98,9.124,247.44,SSP1-2.6
2036-05-25,0.0,35.192,28.254,8.392,274.1,SSP1-2.6
2036-05-26,0.0,35.404,24.733,7.531,294.6,SSP1-2.6
2036-05-27,0.0386,35.94,21.446,7.522,299.46,SSP1-2.6
2036-05-28,0.0,34.346,28.837,11.44,259.63,SSP1-2.6
2036-05-29,0.0,35.514,22.767,10.855,315.93,SSP1-2.6
2036-05-30,0.0,35.973,22.152,8.478,326.44,SSP1-2.6
2036-05-31,0.0,35.948,20.703,12.718,338.89,SSP1-2.6
2036-06-01,0.0,36.001,20.131,14.712,339.54,SSP1-2.6
2036-06-02,2.2262,33.907,25.786,11.144,265.87,SSP1-2.6
2036-06-03,0.0151,31.27,39.203,10.388,221.69,SSP1-2.6
2036-06-04,7.2728,28.427,57.962,7.816,204.43,SSP1-2.6
2036-06-05,0.1994,29.586,55.933,8.868,248.69,SSP1-2.6
2036-06-06,0.8984,30.251,49.466,10.113,249.91,SSP1-2.6
2036-06-07,0.0,32.983,33.986,12.885,310.5,SSP1-2.6
2036-06-08,0.0,33.764,30.647,14.51,305.44,SSP1-2.6
2036-06-09,0.0,34.052,29.578,13.148,302.41,SSP1-2.6
2036-06-10,0.0,34.361,29.901,13.589,308.04,SSP1-2.6
2036-06-11,0.0,33.849,32.276,15.794,324.43,SSP1-2.6
2036-06-12,0.0,33.581,32.194,15.999,330.72,SSP1-2.6
2036-06-13,0.0,33.381,31.965,14.744,325.26,SSP1-2.6
2036-06-14,16.7632,26.173,69.567,9.944,181.46,SSP1-2.6
2036-06-15,9.6381,26.089,75.884,10.819,192.75,SSP1-2.6
2036-06-16,17.3283,25.695,81.101,11.683,207.48,SSP1-2.6
2036-06-17,2.2438,26.079,76.764,10.87,215.81,SSP1-2.6
2036-06-18,1.5036,26.056,80.381,11.563,221.17,SSP1-2.6
2036-06-19,0.1616,25.615,82.278,13.485,204.33,SSP1-2.6
2036-06-20,14.4168,25.957,81.424,17.091,227.24,SSP1-2.6
2036-06-21,0.1455,25.957,79.36,15.848,229.63,SSP1-2.6
2036-06-22,17.0497,26.076,84.566,13.661,219.79,SSP1-2.6
2036-06-23,11.2822,25.501,85.727,12.369,208.18,SSP1-2.6
2036-06-24,15.2252,25.708,88.58,11.968,176.97,SSP1-2.6
2036-06-25,20.8407,25.588,90.258,9.455,168.54,SSP1-2.6
2036-06-26,1.4272,25.472,86.611,9.307,206.55,SSP1-2.6
2036-06-27,1.7449,26.193,83.028,11.456,237.08,SSP1-2.6
2036-06-28,1.4088,26.059,83.669,12.463,233.55,SSP1-2.6
2036-06-29,0.0089,25.502,86.522,9.081,213.53,SSP1-2.6
2036-06-30,0.0,27.092,76.277,11.237,265.2,SSP1-2.6
2036-07-01,0.0383,28.163,77.395,11.925,253.26,SSP1-2.6
2036-07-02,0.5388,27.652,81.199,9.789,230.37,SSP1-2.6
2036-07-03,3.178,27.779,79.757,11.564,251.84,SSP1-2.6
2036-07-04,0.0,28.181,75.749,10.108,263.8,SSP1-2.6
2036-07-05,0.0704,28.559,76.056,10.694,267.63,SSP1-2.6
2036-07-06,0.0,28.67,74.444,11.467,258.78,SSP1-2.6
2036-07-07,0.0,28.786,71.803,12.83,265.67,SSP1-2.6
2036-07-08,0.135,28.718,72.118,13.498,281.25,SSP1-2.6
2036-07-09,3.8469,28.659,74.761,11.784,274.19,SSP1-2.6
2036-07-10,0.0624,28.968,71.231,10.983,279.04,SSP1-2.6
2036-07-11,9.48,29.245,73.799,11.555,279.09,SSP1-2.6
2036-07-12,15.1084,27.486,84.611,11.629,226.07,SSP1-2.6
2036-07-13,16.3184,26.885,90.725,7.4,206.69,SSP1-2.6
2036-07-14,19.553,26.75,91.836,7.547,210.22,SSP1-2.6
2036-07-15,29.401,26.277,91.824,10.637,191.74,SSP1-2.6
2036-07-16,22.8413,25.966,93.444,11.045,159.49,SSP1-2.6
2036-07-17,4.9001,26.275,91.854,8.483,201.46,SSP1-2.6
2036-07-18,7.0952,26.493,91.284,9.745,210.54,SSP1-2.6
2036-07-19,1.9059,26.928,87.978,12.202,235.74,SSP1-2.6
2036-07-20,0.0092,26.7,88.297,14.148,219.04,SSP1-2.6
2036-07-21,3.5014,26.23,90.254,12.525,205.22,SSP1-2.6
2036-07-22,18.8983,26.697,88.737,14.674,219.65,SSP1-2.6
2036-07-23,13.3475,26.153,90.247,15.202,200.34,SSP1-2.6
2036-07-24,13.7703,25.947,90.281,15.14,203.9,SSP1-2.6
2036-07-25,5.7202,25.692,91.5,12.79,196.27,SSP1-2.6
2036-07-26,15.419,25.782,91.593,11.426,194.35,SSP1-2.6
2036-07-27,17.3128,25.957,92.51,10.019,176.78,SSP1-2.6
2036-07-28,11.4317,26.139,92.17,10.153,200.75,SSP1-2.6
2036-07-29,5.3405,26.073,91.272,10.777,194.87,SSP1-2.6
2036-07-30,28.3777,25.723,92.988,11.139,160.41,SSP1-2.6
2036-07-31,1.2737,26.393,87.932,13.204,226.31,SSP1-2.6
2036-08-01,2.2372,26.746,90.368,12.524,210.97,SSP1-2.6
2036-08-02,0.0,27.296,85.582,13.57,233.77,SSP1-2.6
2036-08-03,0.0,27.42,80.835,13.977,273.9,SSP1-2.6
2036-08-04,0.0,27.88,81.792,14.534,251.63,SSP1-2.6
2036-08-05,13.5124,26.963,89.889,12.993,207.71,SSP1-2.6
2036-08-06,19.409,27.272,87.934,14.488,241.69,SSP1-2.6
2036-08-07,26.4211,25.921,94.109,12.227,150.34,SSP1-2.6
2036-08-08,0.0481,26.803,91.132,12.097,206.33,SSP1-2.6
2036-08-09,1.6677,27.07,90.485,10.586,219.04,SSP1-2.6
2036-08-10,0.5659,26.812,90.743,10.188,199.15,SSP1-2.6
2036-08-11,0.9911,26.925,89.17,12.888,206.85,SSP1-2.6
2036-08-12,20.1506,26.001,92.422,13.001,173.08,SSP1-2.6
2036-08-13,4.2703,26.87,90.458,11.623,218.67,SSP1-2.6
2036-08-14,0.0,26.688,90.385,11.924,205.95,SSP1-2.6
2036-08-15,0.0086,26.739,90.001,11.833,213.3,SSP1-2.6
2036-08-16,15.5009,25.983,92.676,12.013,190.36,SSP1-2.6
2036-08-17,23.1483,25.754,93.454,13.115,171.01,SSP1-2.6
2036-08-18,14.5851,25.831,94.192,11.216,177.58,SSP1-2.6
2036-08-19,0.3548,26.692,92.011,9.695,211.26,SSP1-2.6
2036-08-20,14.0171,27.239,89.91,9.794,241.14,SSP1-2.6
2036-08-21,0.0,27.136,88.719,11.497,225.95,SSP1-2.6
2036-08-22,0.0093,27.201,87.073,13.068,233.65,SSP1-2.6
2036-08-23,16.1859,26.484,91.547,11.93,202.63,SSP1-2.6
2036-08-24,0.0,26.983,86.958,14.235,226.97,SSP1-2.6
2036-08-25,3.4607,27.007,88.537,14.26,228.24,SSP1-2.6
2036-08-26,21.7869,25.733,92.553,11.812,166.82,SSP1-2.6
2036-08-27,13.1448,26.422,93.393,10.044,188.81,SSP1-2.6
2036-08-28,1.4967,27.029,91.758,9.147,216.09,SSP1-2.6
2036-08-29,41.6274,26.836,94.974,7.995,191.28,SSP1-2.6
2036-08-30,39.6237,26.423,95.053,9.893,146.63,SSP1-2.6
2036-08-31,0.0,26.922,88.54,12.491,220.14,SSP1-2.6
2036-09-01,0.0107,25.744,88.246,9.839,230.29,SSP1-2.6
2036-09-02,0.0,25.67,87.986,9.979,226.41,SSP1-2.6
2036-09-03,3.2667,25.394,91.367,8.364,212.01,SSP1-2.6
2036-09-04,0.0302,25.636,90.93,7.083,225.28,SSP1-2.6
2036-09-05,0.0309,26.186,87.062,7.964,248.58,SSP1-2.6
2036-09-06,8.1313,26.059,89.434,8.355,233.13,SSP1-2.6
2036-09-07,27.4637,25.202,95.359,7.347,171.35,SSP1-2.6
2036-09-08,13.3921,25.601,91.602,4.118,223.31,SSP1-2.6
2036-09-09,0.4661,25.972,90.826,5.246,226.02,SSP1-2.6
2036-09-10,1.4215,26.113,89.034,6.972,239.24,SSP1-2.6
2036-09-11,2.368,26.267,89.554,5.777,241.18,SSP1-2.6
2036-09-12,14.5619,26.106,91.061,5.59,236.71,SSP1-2.6
2036-09-13,14.1359,26.021,91.814,4.184,229.52,SSP1-2.6
2036-09-14,2.0381,26.453,88.576,3.865,240.91,SSP1-2.6
2036-09-15,30.6623,26.212,91.939,3.647,226.45,SSP1-2.6
2036-09-16,5.1572,25.929,91.04,2.92,227.48,SSP1-2.6
2036-09-17,2.2277,25.937,90.572,2.306,226.31,SSP1-2.6
2036-09-18,0.873,26.171,89.619,4.103,234.29,SSP1-2.6
2036-09-19,0.3995,26.208,87.191,3.531,239.36,SSP1-2.6
2036-09-20,0.917,26.4,87.55,2.238,242.53,SSP1-2.6
2036-09-21,12.2261,26.615,87.645,3.576,236.93,SSP1-2.6
2036-09-22,10.2193,25.853,91.259,2.973,216.03,SSP1-2.6
2036-09-23,3.0266,25.911,89.815,4.798,230.06,SSP1-2.6
2036-09-24,5.7381,26.131,89.938,4.503,231.57,SSP1-2.6
2036-09-25,13.4287,25.985,90.958,4.216,216.87,SSP1-2.6
2036-09-26,8.1878,25.793,91.698,4.579,201.33,SSP1-2.6
2036-09-27,0.3193,26.452,88.102,5.272,227.44,SSP1-2.6
2036-09-28,0.1658,27.083,85.424,6.471,231.08,SSP1-2.6
2036-09-29,0.9293,27.729,84.029,5.042,248.02,SSP1-2.6
2036-09-30,0.0,27.807,83.008,5.027,243.85,SSP1-2.6
2036-10-01,0.0,27.445,81.486,6.626,246.97,SSP1-2.6
2036-10-02,0.0,27.861,78.099,8.837,265.75,SSP1-2.6
2036-10-03,0.0,27.301,75.653,9.459,258.35,SSP1-2.6
2036-10-04,0.0,27.472,74.925,9.301,267.1,SSP1-2.6
2036-10-05,0.0,27.361,73.818,8.482,285.81,SSP1-2.6
2036-10-06,0.0,27.387,72.713,8.343,288.42,SSP1-2.6
2036-10-07,0.0,27.55,69.975,8.564,283.33,SSP1-2.6
2036-10-08,0.0,27.999,72.026,8.232,241.4,SSP1-2.6
2036-10-09,0.2606,28.127,71.013,8.992,223.9,SSP1-2.6
2036-10-10,0.3653,28.021,72.113,8.046,248.04,SSP1-2.6
2036-10-11,0.5035,25.649,82.242,7.488,211.33,SSP1-2.6
2036-10-12,0.0,26.919,69.321,6.568,251.59,SSP1-2.6
2036-10-13,0.0,28.293,60.23,4.99,276.75,SSP1-2.6
2036-10-14,0.0063,27.45,73.488,3.948,242.91,SSP1-2.6
2036-10-15,0.0076,27.353,70.904,5.82,271.87,SSP1-2.6
2036-10-16,7.5967,26.168,83.083,6.674,230.34,SSP1-2.6
2036-10-17,7.5212,24.947,84.849,5.532,221.76,SSP1-2.6
2036-10-18,3.6557,24.583,84.476,6.251,220.75,SSP1-2.6
2036-10-19,0.3364,24.926,82.46,5.971,233.52,SSP1-2.6
2036-10-20,0.3729,25.728,77.715,5.332,240.26,SSP1-2.6
2036-10-21,0.4259,25.603,78.284,4.587,260.39,SSP1-2.6
2036-10-22,0.0,26.005,74.486,4.935,241.57,SSP1-2.6
2036-10-23,0.0,25.959,79.158,6.806,233.92,SSP1-2.6
2036-10-24,0.2072,25.991,81.59,7.198,239.37,SSP1-2.6
2036-10-25,1.3347,25.591,81.618,8.406,247.54,SSP1-2.6
2036-10-26,2.7728,25.11,83.487,5.288,213.94,SSP1-2.6
2036-10-27,13.2604,23.107,89.104,5.591,188.91,SSP1-2.6
2036-10-28,7.6728,23.75,86.713,6.104,192.11,SSP1-2.6
2036-10-29,14.6269,23.129,88.64,6.43,193.45,SSP1-2.6
2036-10-30,16.2802,22.87,89.138,6.547,192.62,SSP1-2.6
2036-10-31,12.3963,22.875,89.217,7.247,188.5,SSP1-2.6
2036-11-01,0.3063,23.283,87.192,6.218,189.43,SSP1-2.6
2036-11-02,11.5113,22.787,89.959,4.305,171.6,SSP1-2.6
2036-11-03,3.1023,23.646,83.244,10.315,193.59,SSP1-2.6
2036-11-04,4.2804,22.916,87.019,9.552,169.78,SSP1-2.6
2036-11-05,2.5918,23.046,86.493,8.173,175.79,SSP1-2.6
2036-11-06,0.0073,24.886,79.522,6.254,219.88,SSP1-2.6
2036-11-07,0.0011,25.007,80.751,7.855,206.8,SSP1-2.6
2036-11-08,0.0054,25.778,77.014,7.739,220.74,SSP1-2.6
2036-11-09,0.0496,23.982,82.756,3.486,192.14,SSP1-2.6
2036-11-10,0.9291,23.649,83.204,6.369,209.47,SSP1-2.6
2036-11-11,0.0328,24.615,82.04,5.332,203.95,SSP1-2.6
2036-11-12,0.0009,25.225,77.447,7.994,221.98,SSP1-2.6
2036-11-13,0.0,23.526,79.79,8.781,204.85,SSP1-2.6
2036-11-14,0.5249,23.921,79.048,9.15,186.96,SSP1-2.6
2036-11-15,8.1997,23.121,86.888,8.226,176.89,SSP1-2.6
2036-11-16,23.9793,22.54,89.276,6.7,166.82,SSP1-2.6
2036-11-17,0.4396,22.392,80.671,10.014,171.38,SSP1-2.6
2036-11-18,0.0,22.864,51.44,9.118,247.79,SSP1-2.6
2036-11-19,0.0,22.62,51.24,7.738,249.33,SSP1-2.6
2036-11-20,0.0,22.658,59.224,3.379,246.76,SSP1-2.6
2036-11-21,0.0,23.712,68.79,4.877,241.5,SSP1-2.6
2036-11-22,0.0,23.622,67.11,4.744,229.74,SSP1-2.6
2036-11-23,0.0,22.898,60.343,6.092,226.6,SSP1-2.6
2036-11-24,0.0,22.699,55.422,6.935,223.24,SSP1-2.6
2036-11-25,0.0,21.769,59.91,5.372,193.91,SSP1-2.6
2036-11-26,0.0,21.662,60.098,6.693,193.47,SSP1-2.6
2036-11-27,0.0,21.915,65.835,4.125,194.5,SSP1-2.6
2036-11-28,0.0,22.714,67.203,4.407,203.88,SSP1-2.6
2036-11-29,0.0,21.973,71.64,5.905,188.2,SSP1-2.6
2036-11-30,0.0,23.013,65.513,7.399,210.91,SSP1-2.6
2036-12-01,0.0,23.85,62.585,10.697,212.31,SSP1-2.6
2036-12-02,0.0069,24.034,63.12,12.669,179.16,SSP1-2.6
2036-12-03,0.0723,23.509,69.716,8.306,179.31,SSP1-2.6
2036-12-04,1.8576,24.41,66.601,8.992,214.25,SSP1-2.6
2036-12-05,0.0002,22.312,76.128,9.68,166.68,SSP1-2.6
2036-12-06,0.0,21.634,69.088,9.062,168.87,SSP1-2.6
2036-12-07,0.0,22.327,63.96,8.465,203.98,SSP1-2.6
2036-12-08,0.0,22.421,53.315,7.548,221.87,SSP1-2.6
2036-12-09,0.0,22.127,46.279,7.192,249.14,SSP1-2.6
2036-12-10,0.0,21.765,41.306,7.091,251.94,SSP1-2.6
2036-12-11,0.0,21.368,42.792,6.408,250.29,SSP1-2.6
2036-12-12,0.0,21.36,44.85,5.609,249.39,SSP1-2.6
2036-12-13,0.0,21.732,44.879,4.366,248.8,SSP1-2.6
2036-12-14,0.0,21.49,45.011,3.299,248.05,SSP1-2.6
2036-12-15,0.0,21.66,48.398,4.658,241.62,SSP1-2.6
2036-12-16,0.0,21.957,48.674,4.692,243.42,SSP1-2.6
2036-12-17,0.0,21.993,49.002,4.253,246.24,SSP1-2.6
2036-12-18,0.0,22.179,47.317,5.805,245.81,SSP1-2.6
2036-12-19,0.0,22.226,46.599,6.003,245.97,SSP1-2.6
2036-12-20,0.0,22.403,49.012,4.287,240.2,SSP1-2.6
2036-12-21,0.0,22.317,51.591,5.811,243.33,SSP1-2.6
2036-12-22,0.0,22.519,54.669,7.279,236.14,SSP1-2.6
2036-12-23,0.0,22.638,49.918,8.466,244.72,SSP1-2.6
2036-12-24,0.0,22.617,50.423,9.395,238.32,SSP1-2.6
2036-12-25,0.0,22.827,51.212,8.41,229.03,SSP1-2.6
2036-12-26,0.0,21.092,33.309,10.421,241.96,SSP1-2.6
2036-12-27,0.0,20.115,36.096,7.777,247.2,SSP1-2.6
2036-12-28,0.0,19.993,42.462,4.853,229.45,SSP1-2.6
2036-12-29,0.0,20.902,48.989,4.241,238.25,SSP1-2.6
2036-12-30,0.0,22.801,51.515,6.518,230.63,SSP1-2.6
2036-12-31,0.0,23.511,53.152,6.477,221.62,SSP1-2.6
2037-01-01,0.0,21.055,78.662,8.918,120.64,SSP1-2.6
2037-01-02,0.0,19.945,70.347,9.024,141.91,SSP1-2.6
2037-01-03,0.0,21.002,45.817,10.502,251.01,SSP1-2.6
2037-01-04,0.0,21.234,51.492,10.221,245.61,SSP1-2.6
2037-01-05,0.0,23.062,60.77,10.107,206.0,SSP1-2.6
2037-01-06,0.0,23.824,61.725,9.224,208.95,SSP1-2.6
2037-01-07,0.0,24.008,55.587,13.694,213.79,SSP1-2.6
2037-01-08,0.0,21.333,78.686,10.573,173.92,SSP1-2.6
2037-01-09,0.0,21.875,71.023,8.437,200.08,SSP1-2.6
2037-01-10,0.0,21.103,72.536,9.054,180.11,SSP1-2.6
2037-01-11,0.0,21.871,70.738,6.961,195.47,SSP1-2.6
2037-01-12,0.0,22.666,63.289,8.869,202.24,SSP1-2.6
2037-01-13,0.0,22.938,56.647,8.269,224.65,SSP1-2.6
2037-01-14,0.0,21.676,60.772,9.502,196.91,SSP1-2.6
2037-01-15,0.0,23.197,55.715,11.328,232.17,SSP1-2.6
2037-01-16,0.0,22.406,60.857,8.861,189.19,SSP1-2.6
2037-01-17,0.0,23.57,50.743,9.529,236.99,SSP1-2.6
2037-01-18,0.0,23.143,43.801,6.983,255.92,SSP1-2.6
2037-01-19,0.0,22.869,45.155,6.593,254.1,SSP1-2.6
2037-01-20,0.0,22.735,42.421,7.688,255.78,SSP1-2.6
2037-01-21,0.0,22.068,37.866,9.426,266.67,SSP1-2.6
2037-01-22,0.0,22.082,46.922,8.04,262.07,SSP1-2.6
2037-01-23,0.0,23.72,52.457,10.865,238.85,SSP1-2.6
2037-01-24,0.0,24.197,53.209,8.461,244.29,SSP1-2.6
2037-01-25,0.0,24.152,49.923,7.82,256.96,SSP1-2.6
2037-01-26,0.0,23.268,43.644,12.274,259.8,SSP1-2.6
2037-01-27,0.0,22.49,38.45,8.089,270.92,SSP1-2.6
2037-01-28,0.0,22.276,44.435,6.681,257.77,SSP1-2.6
2037-01-29,0.0,24.438,52.311,10.103,231.07,SSP1-2.6
2037-01-30,0.0,24.293,44.834,9.283,261.53,SSP1-2.6
2037-01-31,0.0,24.013,39.494,11.964,249.26,SSP1-2.6
2037-02-01,0.0,22.92,36.943,11.063,250.25,SSP1-2.6
2037-02-02,0.0,22.955,38.373,9.827,240.42,SSP1-2.6
2037-02-03,0.0,23.105,42.697,8.785,274.49,SSP1-2.6
2037-02-04,0.0,23.862,47.35,9.008,251.47,SSP1-2.6
2037-02-05,0.0,23.701,47.502,8.018,233.39,SSP1-2.6
2037-02-06,0.0,23.332,44.524,6.539,220.63,SSP1-2.6
2037-02-07,0.0,23.531,45.877,5.179,275.69,SSP1-2.6
2037-02-08,0.0,23.63,45.133,5.229,275.11,SSP1-2.6
2037-02-09,0.0,24.073,41.844,5.934,278.47,SSP1-2.6
2037-02-10,0.0,24.446,41.554,5.337,225.45,SSP1-2.6
2037-02-11,0.0,24.512,36.711,7.886,278.98,SSP1-2.6
2037-02-12,0.0,24.396,34.98,6.315,284.59,SSP1-2.6
2037-02-13,0.0,24.154,33.295,4.124,292.71,SSP1-2.6
2037-02-14,0.0,24.477,34.475,7.463,288.85,SSP1-2.6
2037-02-15,0.0,25.36,34.198,6.519,287.94,SSP1-2.6
2037-02-16,0.0,25.523,35.579,6.355,280.86,SSP1-2.6
2037-02-17,0.0,25.402,35.126,4.466,247.49,SSP1-2.6
2037-02-18,0.0,24.888,40.842,6.318,201.78,SSP1-2.6
2037-02-19,0.0,24.999,44.598,8.246,208.85,SSP1-2.6
2037-02-20,0.0,23.77,57.136,5.898,200.16,SSP1-2.6
2037-02-21,0.0,26.382,42.527,3.309,269.71,SSP1-2.6
2037-02-22,0.0,26.224,37.078,4.676,289.9,SSP1-2.6
2037-02-23,0.0,26.473,36.303,9.415,287.0,SSP1-2.6
2037-02-24,0.0,26.786,33.847,10.892,284.86,SSP1-2.6
2037-02-25,0.0,26.441,34.047,8.951,264.63,SSP1-2.6
2037-02-26,0.0,26.211,33.661,6.998,286.86,SSP1-2.6
2037-02-27,0.0,26.212,36.695,6.069,269.08,SSP1-2.6
2037-02-28,0.0,24.485,54.545,9.357,192.59,SSP1-2.6
2037-03-01,0.0,26.747,44.708,5.485,224.08,SSP1-2.6
2037-03-02,0.0,27.345,40.22,5.095,270.72,SSP1-2.6
2037-03-03,0.0,27.122,31.001,5.112,301.86,SSP1-2.6
2037-03-04,0.0,27.01,29.559,6.235,316.64,SSP1-2.6
2037-03-05,0.0,27.006,29.59,3.818,317.47,SSP1-2.6
2037-03-06,0.0,27.54,31.291,7.321,299.58,SSP1-2.6
2037-03-07,0.0,28.564,30.939,10.388,299.51,SSP1-2.6
2037-03-08,0.0,28.069,29.752,9.155,247.59,SSP1-2.6
2037-03-09,0.0,27.854,31.927,8.483,257.53,SSP1-2.6
2037-03-10,0.0,28.03,32.069,7.717,299.5,SSP1-2.6
2037-03-11,0.0,28.629,31.606,6.034,296.47,SSP1-2.6
2037-03-12,0.0,29.154,33.304,7.545,267.03,SSP1-2.6
2037-03-13,0.0,29.071,35.935,7.851,242.64,SSP1-2.6
2037-03-14,0.0,29.569,35.792,7.334,282.33,SSP1-2.6
2037-03-15,0.0,30.31,32.675,7.511,300.28,SSP1-2.6
2037-03-16,0.0,29.234,29.309,8.556,266.35,SSP1-2.6
2037-03-17,0.0,29.199,31.601,7.376,279.93,SSP1-2.6
2037-03-18,0.0,30.006,29.379,7.849,261.58,SSP1-2.6
2037-03-19,0.0,29.843,32.919,5.034,318.94,SSP1-2.6
2037-03-20,0.0,30.298,35.753,4.948,317.26,SSP1-2.6
2037-03-21,0.0,30.032,32.572,6.34,326.14,SSP1-2.6
2037-03-22,0.0,29.796,30.225,7.463,323.47,SSP1-2.6
2037-03-23,0.0,30.1,27.77,10.261,308.66,SSP1-2.6
2037-03-24,0.0,29.853,29.849,8.932,315.15,SSP1-2.6
2037-03-25,0.0,29.387,27.191,4.154,324.89,SSP1-2.6
2037-03-26,0.0,30.265,29.249,4.001,300.79,SSP1-2.6
2037-03-27,0.0,30.219,29.24,7.174,313.43,SSP1-2.6
2037-03-28,0.0,30.787,32.565,6.657,258.97,SSP1-2.6
2037-03-29,0.0,30.958,30.02,5.516,304.43,SSP1-2.6
2037-03-30,0.0,31.004,29.237,5.613,303.75,SSP1-2.6
2037-03-31,0.0,30.567,27.661,5.196,309.21,SSP1-2.6
2037-04-01,0.0,30.57,26.958,8.281,323.94,SSP1-2.6
2037-04-02,0.0078,31.28,27.962,10.336,312.91,SSP1-2.6
2037-04-03,0.0,31.151,29.047,7.354,278.63,SSP1-2.6
2037-04-04,0.0,31.032,26.737,6.543,319.78,SSP1-2.6
2037-04-05,0.0,31.386,26.893,8.508,293.95,SSP1-2.6
2037-04-06,0.0,31.495,27.845,8.163,325.06,SSP1-2.6
2037-04-07,0.0,31.581,26.934,9.96,323.47,SSP1-2.6
2037-04-08,0.0,31.988,25.686,8.73,329.09,SSP1-2.6
2037-04-09,0.0,31.922,25.69,6.342,332.49,SSP1-2.6
2037-04-10,0.0,32.146,27.044,6.256,278.75,SSP1-2.6
2037-04-11,0.0,32.291,26.685,7.424,308.46,SSP1-2.6
2037-04-12,0.0073,32.543,28.665,7.272,304.09,SSP1-2.6
2037-04-13,0.0077,32.134,26.246,5.437,313.64,SSP1-2.6
2037-04-14,0.512,32.132,31.092,5.042,298.5,SSP1-2.6
2037-04-15,0.0044,30.411,38.024,5.912,239.08,SSP1-2.6
2037-04-16,0.0,31.528,25.124,7.723,343.25,SSP1-2.6
2037-04-17,0.0,31.432,25.061,6.84,315.31,SSP1-2.6
2037-04-18,0.0,31.646,27.854,8.39,341.82,SSP1-2.6
2037-04-19,0.1603,32.53,28.982,9.119,318.83,SSP1-2.6
2037-04-20,0.3599,31.716,31.977,7.65,252.38,SSP1-2.6
2037-04-21,2.8087,31.804,36.186,7.027,273.04,SSP1-2.6
2037-04-22,2.3475,31.316,36.463,7.882,280.91,SSP1-2.6
2037-04-23,0.0,31.919,28.04,10.529,322.5,SSP1-2.6
2037-04-24,0.0,32.013,26.262,10.712,327.15,SSP1-2.6
2037-04-25,0.0,32.301,26.693,5.912,310.29,SSP1-2.6
2037-04-26,0.0,32.545,27.24,6.099,307.03,SSP1-2.6
2037-04-27,0.0072,32.679,28.628,6.226,286.38,SSP1-2.6
2037-04-28,0.0,32.499,29.015,6.573,289.2,SSP1-2.6
2037-04-29,0.0015,32.572,27.65,6.406,329.78,SSP1-2.6
2037-04-30,0.0,32.548,27.372,7.805,324.09,SSP1-2.6
2037-05-01,0.0,34.159,25.41,7.908,313.77,SSP1-2.6
2037-05-02,0.0,34.668,24.014,6.589,332.46,SSP1-2.6
2037-05-03,0.0,34.211,22.725,7.261,342.49,SSP1-2.6
2037-05-04,0.0,35.143,21.11,7.853,345.57,SSP1-2.6
2037-05-05,0.0,35.162,21.875,7.973,338.66,SSP1-2.6
2037-05-06,0.0,35.128,23.327,9.669,316.98,SSP1-2.6
2037-05-07,0.0,35.023,23.055,9.385,310.45,SSP1-2.6
2037-05-08,0.0005,35.15,22.324,10.415,322.88,SSP1-2.6
2037-05-09,0.1263,34.994,22.956,10.696,340.35,SSP1-2.6
2037-05-10,0.0,34.726,21.875,7.975,345.22,SSP1-2.6
2037-05-11,0.0,35.232,20.623,6.95,352.82,SSP1-2.6
2037-05-12,0.0,35.018,19.751,7.207,342.16,SSP1-2.6
2037-05-13,0.0,35.783,18.846,8.338,328.26,SSP1-2.6
2037-05-14,0.0,35.755,17.71,11.702,349.55,SSP1-2.6
2037-05-15,0.0,35.379,17.411,10.743,351.21,SSP1-2.6
2037-05-16,0.0,35.146,17.421,10.517,354.04,SSP1-2.6
2037-05-17,0.0,35.585,17.109,8.713,340.76,SSP1-2.6
2037-05-18,0.0,35.526,17.306,8.15,282.01,SSP1-2.6
2037-05-19,0.0,35.378,17.761,6.776,360.86,SSP1-2.6
2037-05-20,0.0,35.783,17.918,6.748,351.71,SSP1-2.6
2037-05-21,0.0,36.38,17.567,9.041,342.58,SSP1-2.6
2037-05-22,0.0,36.307,17.015,13.059,360.36,SSP1-2.6
2037-05-23,0.0,36.594,16.871,13.102,360.43,SSP1-2.6
2037-05-24,0.0,36.494,17.384,14.121,350.02,SSP1-2.6
2037-05-25,0.0,36.384,18.446,12.101,354.3,SSP1-2.6
2037-05-26,0.0,36.351,18.037,11.31,355.5,SSP1-2.6
2037-05-27,0.0,36.626,18.13,12.752,354.4,SSP1-2.6
2037-05-28,0.0,36.686,18.201,12.22,359.65,SSP1-2.6
2037-05-29,0.0,36.899,17.787,12.487,361.24,SSP1-2.6
2037-05-30,0.0,36.754,17.291,11.952,361.64,SSP1-2.6
2037-05-31,0.0,36.501,17.452,10.173,362.78,SSP1-2.6
2037-06-01,0.0,36.265,17.981,8.038,330.32,SSP1-2.6
2037-06-02,0.1173,36.568,19.845,7.317,304.24,SSP1-2.6
2037-06-03,0.0,35.935,24.222,7.363,278.46,SSP1-2.6
2037-06-04,0.0,36.645,20.795,7.096,333.67,SSP1-2.6
2037-06-05,0.0,36.429,24.195,12.222,311.74,SSP1-2.6
2037-06-06,0.0859,35.399,28.586,13.77,277.82,SSP1-2.6
2037-06-07,0.0,33.283,36.21,16.372,253.97,SSP1-2.6
2037-06-08,0.0,35.623,27.61,17.248,315.68,SSP1-2.6
2037-06-09,0.0,35.946,29.795,15.613,297.28,SSP1-2.6
2037-06-10,0.0,36.314,26.14,11.557,318.42,SSP1-2.6
2037-06-11,0.0025,36.921,28.263,9.514,303.53,SSP1-2.6
2037-06-12,2.6009,36.232,37.374,10.121,298.08,SSP1-2.6
2037-06-13,12.2928,30.375,63.044,10.324,226.83,SSP1-2.6
2037-06-14,0.0,30.591,58.337,14.261,268.87,SSP1-2.6
2037-06-15,0.1494,28.677,63.621,13.71,211.32,SSP1-2.6
2037-06-16,0.0562,35.073,37.331,14.942,308.0,SSP1-2.6
2037-06-17,4.8772,33.66,48.941,12.463,281.65,SSP1-2.6
2037-06-18,0.7484,33.819,49.054,12.738,301.4,SSP1-2.6
2037-06-19,0.0,34.616,45.939,10.308,288.83,SSP1-2.6
2037-06-20,4.0297,33.391,53.379,7.067,282.02,SSP1-2.6
2037-06-21,0.0,33.002,48.757,9.783,296.33,SSP1-2.6
2037-06-22,0.0,34.409,38.278,15.176,312.6,SSP1-2.6
2037-06-23,0.0,34.409,41.921,16.915,291.14,SSP1-2.6
2037-06-24,10.7764,28.757,65.811,15.21,210.83,SSP1-2.6
2037-06-25,0.0197,29.467,64.699,15.515,245.78,SSP1-2.6
2037-06-26,0.32,29.818,62.351,15.089,262.75,SSP1-2.6
2037-06-27,0.0,30.55,58.937,15.728,286.67,SSP1-2.6
2037-06-28,0.0,30.714,56.853,15.632,304.89,SSP1-2.6
2037-06-29,0.0,31.063,54.343,15.508,302.1,SSP1-2.6
2037-06-30,0.0,31.221,54.473,15.764,290.72,SSP1-2.6
2037-07-01,0.0,30.991,55.817,15.609,289.71,SSP1-2.6
2037-07-02,0.0,30.617,54.883,15.52,283.9,SSP1-2.6
2037-07-03,0.0,31.363,56.539,14.692,279.53,SSP1-2.6
2037-07-04,1.1121,31.26,56.806,13.166,274.86,SSP1-2.6
2037-07-05,0.7238,30.314,60.754,11.845,261.51,SSP1-2.6
2037-07-06,0.0708,30.943,62.677,9.217,261.16,SSP1-2.6
2037-07-07,0.2544,31.209,60.871,8.435,293.13,SSP1-2.6
2037-07-08,11.6873,30.651,71.634,8.894,263.0,SSP1-2.6
2037-07-09,16.5686,29.888,79.311,8.717,256.63,SSP1-2.6
2037-07-10,0.0,29.75,73.045,9.487,270.3,SSP1-2.6
2037-07-11,0.0,28.596,78.307,8.303,218.03,SSP1-2.6
2037-07-12,4.8557,30.046,75.67,7.619,259.25,SSP1-2.6
2037-07-13,0.228,29.891,77.961,9.935,248.12,SSP1-2.6
2037-07-14,0.2228,28.228,81.468,8.244,213.28,SSP1-2.6
2037-07-15,0.0,29.733,70.116,14.872,239.18,SSP1-2.6
2037-07-16,0.0,30.31,64.877,17.003,305.37,SSP1-2.6
2037-07-17,0.0,30.455,64.948,17.558,283.52,SSP1-2.6
2037-07-18,0.0,30.475,64.8,20.046,299.36,SSP1-2.6
2037-07-19,2.3032,27.511,79.925,14.039,202.75,SSP1-2.6
2037-07-20,17.4403,26.883,88.922,16.812,192.6,SSP1-2.6
2037-07-21,13.9721,26.873,90.086,17.375,202.21,SSP1-2.6
2037-07-22,8.6396,26.907,90.658,16.604,184.71,SSP1-2.6
2037-07-23,22.0421,27.259,86.424,20.913,216.38,SSP1-2.6
2037-07-24,1.0174,27.274,85.671,20.714,222.59,SSP1-2.6
2037-07-25,0.5105,27.517,83.604,16.764,224.33,SSP1-2.6
2037-07-26,0.0452,28.178,80.522,16.446,235.01,SSP1-2.6
2037-07-27,8.4624,27.904,81.224,15.357,248.21,SSP1-2.6
2037-07-28,7.9697,26.698,91.04,13.215,184.08,SSP1-2.6
2037-07-29,12.4242,26.34,91.486,11.963,171.78,SSP1-2.6
2037-07-30,0.1906,27.073,86.389,12.014,219.0,SSP1-2.6
2037-07-31,19.7594,26.439,90.93,10.934,188.16,SSP1-2.6
2037-08-01,23.7576,26.825,91.02,11.5,203.38,SSP1-2.6
2037-08-02,12.9756,26.451,93.449,10.355,173.74,SSP1-2.6
2037-08-03,0.1511,27.068,88.228,11.933,216.7,SSP1-2.6
2037-08-04,7.3616,26.63,91.659,11.134,180.58,SSP1-2.6
2037-08-05,0.0057,26.846,90.239,11.991,211.42,SSP1-2.6
2037-08-06,0.0,27.503,84.251,13.724,231.78,SSP1-2.6
2037-08-07,0.0,28.22,79.722,13.607,251.99,SSP1-2.6
2037-08-08,0.0,28.378,79.167,11.422,256.82,SSP1-2.6
2037-08-09,0.0,28.996,77.33,10.929,279.87,SSP1-2.6
2037-08-10,0.0,29.255,75.45,11.482,265.68,SSP1-2.6
2037-08-11,0.1218,27.013,89.885,8.795,199.04,SSP1-2.6
2037-08-12,0.1215,27.351,87.189,7.492,223.35,SSP1-2.6
2037-08-13,0.0,27.651,83.795,7.035,245.94,SSP1-2.6
2037-08-14,0.0044,28.146,84.955,4.564,248.31,SSP1-2.6
2037-08-15,2.7045,27.981,88.051,3.498,234.05,SSP1-2.6
2037-08-16,0.0,28.621,80.034,7.47,278.31,SSP1-2.6
2037-08-17,0.0,28.759,76.0,9.716,295.59,SSP1-2.6
2037-08-18,0.0,30.302,72.28,8.213,309.13,SSP1-2.6
2037-08-19,0.0,30.351,71.932,8.127,298.48,SSP1-2.6
2037-08-20,0.0,30.143,71.754,8.221,291.44,SSP1-2.6
2037-08-21,0.0,29.434,75.75,8.669,279.76,SSP1-2.6
2037-08-22,21.4896,28.807,81.093,10.523,255.34,SSP1-2.6
2037-08-23,88.9222,26.973,95.061,13.966,164.55,SSP1-2.6
2037-08-24,17.7765,26.848,93.091,14.979,199.42,SSP1-2.6
2037-08-25,27.5199,26.957,92.626,8.515,216.57,SSP1-2.6
2037-08-26,0.2566,27.335,87.069,8.372,242.32,SSP1-2.6
2037-08-27,0.6962,27.699,85.822,8.787,257.42,SSP1-2.6
2037-08-28,40.5964,27.365,90.557,9.478,237.26,SSP1-2.6
2037-08-29,34.7882,26.991,93.891,8.11,215.46,SSP1-2.6
2037-08-30,18.6913,27.179,91.77,5.16,232.18,SSP1-2.6
2037-08-31,6.3596,27.308,90.495,6.913,232.82,SSP1-2.6
2037-09-01,122.6372,26.282,92.326,9.826,225.2,SSP1-2.6
2037-09-02,6.7571,26.305,89.337,9.326,229.79,SSP1-2.6
2037-09-03,0.0,27.199,82.342,11.787,267.63,SSP1-2.6
2037-09-04,0.0,27.083,82.513,14.272,252.61,SSP1-2.6
2037-09-05,0.8865,26.541,85.977,14.868,231.36,SSP1-2.6
2037-09-06,20.6052,25.958,91.323,12.921,192.38,SSP1-2.6
2037-09-07,2.9362,25.89,93.02,9.082,198.64,SSP1-2.6
2037-09-08,0.0,26.163,90.651,8.214,217.42,SSP1-2.6
2037-09-09,13.6316,26.444,88.993,6.467,242.81,SSP1-2.6
2037-09-10,23.2377,25.938,92.401,4.526,218.33,SSP1-2.6
2037-09-11,13.1516,26.058,90.927,5.913,223.16,SSP1-2.6
2037-09-12,15.466,26.064,90.678,8.359,221.23,SSP1-2.6
2037-09-13,32.9022,25.802,94.571,8.25,188.05,SSP1-2.6
2037-09-14,3.6501,25.647,93.974,8.262,191.68,SSP1-2.6
2037-09-15,16.3167,25.721,91.9,12.813,213.15,SSP1-2.6
2037-09-16,20.3237,25.82,92.735,8.341,212.0,SSP1-2.6
2037-09-17,4.6926,25.645,92.624,6.997,209.77,SSP1-2.6
2037-09-18,0.8922,26.141,87.075,7.624,239.24,SSP1-2.6
2037-09-19,0.0,26.588,82.605,5.964,264.67,SSP1-2.6
2037-09-20,0.0,26.837,80.849,4.296,267.81,SSP1-2.6
2037-09-21,0.0,27.062,79.74,3.86,260.26,SSP1-2.6
2037-09-22,0.0,27.15,79.904,4.901,261.97,SSP1-2.6
2037-09-23,0.0,27.195,81.159,5.215,257.07,SSP1-2.6
2037-09-24,0.0,26.632,83.541,4.809,246.84,SSP1-2.6
2037-09-25,7.1366,26.49,87.947,3.796,224.78,SSP1-2.6
2037-09-26,0.2179,27.09,85.895,4.882,226.45,SSP1-2.6
2037-09-27,4.2077,26.679,87.159,5.741,225.22,SSP1-2.6
2037-09-28,12.7373,25.976,90.603,5.19,220.55,SSP1-2.6
2037-09-29,15.0289,26.136,89.549,4.696,223.81,SSP1-2.6
2037-09-30,7.5623,25.707,91.087,2.426,216.65,SSP1-2.6
2037-10-01,13.4995,24.99,90.955,4.053,218.97,SSP1-2.6
2037-10-02,2.3813,25.266,88.847,4.152,227.05,SSP1-2.6
2037-10-03,20.0184,24.815,91.334,3.519,209.49,SSP1-2.6
2037-10-04,8.5039,24.825,90.872,4.897,212.12,SSP1-2.6
2037-10-05,0.2318,25.243,87.981,4.789,224.99,SSP1-2.6
2037-10-06,13.551,25.098,89.757,5.15,218.89,SSP1-2.6
2037-10-07,20.5305,24.532,93.202,3.908,194.23,SSP1-2.6
2037-10-08,13.051,24.52,92.08,4.102,201.93,SSP1-2.6
2037-10-09,4.5289,24.842,89.992,3.634,214.34,SSP1-2.6
2037-10-10,1.4873,25.978,85.134,4.233,232.11,SSP1-2.6
2037-10-11,1.6111,26.457,82.542,3.479,234.89,SSP1-2.6
2037-10-12,0.0,27.566,76.864,4.237,251.77,SSP1-2.6
2037-10-13,0.0,27.358,78.901,4.601,249.8,SSP1-2.6
2037-10-14,0.0,27.313,77.929,4.953,241.9,SSP1-2.6
2037-10-15,0.0,26.468,81.6,4.932,213.91,SSP1-2.6
2037-10-16,0.0,26.616,76.331,5.196,243.19,SSP1-2.6
2037-10-17,0.016,26.052,82.513,5.594,226.01,SSP1-2.6
2037-10-18,0.0,26.137,82.17,3.94,219.81,SSP1-2.6
2037-10-19,0.0,26.308,70.956,6.267,232.89,SSP1-2.6
2037-10-20,0.0,24.566,84.712,5.326,194.8,SSP1-2.6
2037-10-21,0.0,25.652,81.393,6.043,226.51,SSP1-2.6
2037-10-22,0.0,25.579,77.964,3.858,215.83,SSP1-2.6
2037-10-23,0.0,25.024,81.519,3.136,203.2,SSP1-2.6
2037-10-24,0.3631,25.991,68.881,3.99,251.42,SSP1-2.6
2037-10-25,0.0,27.652,66.14,3.692,234.8,SSP1-2.6
2037-10-26,0.1109,26.892,66.822,4.414,218.56,SSP1-2.6
2037-10-27,0.0077,27.295,65.919,4.646,241.46,SSP1-2.6
2037-10-28,0.0,27.25,66.044,5.872,235.63,SSP1-2.6
2037-10-29,0.0943,24.887,75.592,6.302,191.99,SSP1-2.6
2037-10-30,1.4743,24.008,81.885,8.132,183.12,SSP1-2.6
2037-10-31,2.9517,24.063,84.105,7.573,193.34,SSP1-2.6
2037-11-01,4.9056,25.253,84.77,6.602,191.04,SSP1-2.6
2037-11-02,18.1123,23.999,89.444,5.032,172.96,SSP1-2.6
2037-11-03,35.2012,23.338,92.374,5.151,159.48,SSP1-2.6
2037-11-04,24.5691,23.907,89.908,4.821,178.16,SSP1-2.6
2037-11-05,9.3769,24.157,89.002,4.71,178.16,SSP1-2.6
2037-11-06,0.0008,26.238,77.469,4.476,226.59,SSP1-2.6
2037-11-07,0.0,26.156,64.519,3.869,248.31,SSP1-2.6
2037-11-08,0.0,25.397,58.02,4.522,244.39,SSP1-2.6
2037-11-09,0.0,24.813,53.541,4.653,252.94,SSP1-2.6
2037-11-10,0.0,24.433,53.002,5.968,253.53,SSP1-2.6
2037-11-11,0.0,23.832,49.32,10.831,248.41,SSP1-2.6
2037-11-12,0.6132,23.515,60.309,9.451,236.34,SSP1-2.6
2037-11-13,16.1043,25.118,81.783,13.978,189.94,SSP1-2.6
2037-11-14,16.8646,23.375,86.037,11.48,166.28,SSP1-2.6
2037-11-15,6.1096,23.054,87.516,7.335,167.41,SSP1-2.6
2037-11-16,0.0162,24.809,80.396,6.692,205.35,SSP1-2.6
2037-11-17,0.0,23.695,59.117,8.0,248.7,SSP1-2.6
2037-11-18,0.0,22.729,42.939,7.981,258.68,SSP1-2.6
2037-11-19,0.0,22.381,40.077,6.898,256.24,SSP1-2.6
2037-11-20,0.0,21.999,38.971,7.844,226.94,SSP1-2.6
2037-11-21,0.0,21.517,39.962,9.007,255.35,SSP1-2.6
2037-11-22,0.0,22.25,40.585,9.885,252.4,SSP1-2.6
2037-11-23,0.0,21.509,31.067,11.203,262.09,SSP1-2.6
2037-11-24,0.0,20.934,39.296,8.316,259.2,SSP1-2.6
2037-11-25,0.0,22.299,57.927,5.533,238.73,SSP1-2.6
2037-11-26,0.0,24.579,58.559,4.036,210.42,SSP1-2.6
2037-11-27,0.0,25.425,58.231,4.698,209.23,SSP1-2.6
2037-11-28,0.0,24.619,50.793,7.716,221.86,SSP1-2.6
2037-11-29,0.0,23.404,41.503,10.996,246.63,SSP1-2.6
2037-11-30,0.0,23.128,42.802,12.43,239.62,SSP1-2.6
2037-12-01,0.0,24.81,56.209,15.613,194.58,SSP1-2.6
2037-12-02,0.0,24.863,55.978,12.627,227.04,SSP1-2.6
2037-12-03,0.0,24.839,48.843,12.002,245.53,SSP1-2.6
2037-12-04,0.0,24.379,48.783,11.607,236.78,SSP1-2.6
2037-12-05,0.0,24.285,60.431,9.708,214.29,SSP1-2.6
2037-12-06,0.0,24.324,60.709,6.784,216.6,SSP1-2.6
2037-12-07,0.0,24.307,63.089,5.084,184.03,SSP1-2.6
2037-12-08,0.0,23.557,53.45,6.953,232.67,SSP1-2.6
2037-12-09,0.0,22.715,49.668,6.123,245.33,SSP1-2.6
2037-12-10,0.0,22.405,39.811,8.284,244.88,SSP1-2.6
2037-12-11,0.0,21.467,37.625,7.79,214.88,SSP1-2.6
2037-12-12,0.0,23.402,39.246,7.354,234.28,SSP1-2.6
2037-12-13,0.0,23.445,52.177,5.147,224.06,SSP1-2.6
2037-12-14,0.0,22.066,74.105,4.846,161.95,SSP1-2.6
2037-12-15,0.0,24.679,51.847,10.773,212.9,SSP1-2.6
2037-12-16,0.0,23.846,48.262,7.469,206.75,SSP1-2.6
2037-12-17,0.0,23.916,46.126,5.634,236.94,SSP1-2.6
2037-12-18,0.0,22.972,50.654,8.666,234.46,SSP1-2.6
2037-12-19,0.0,22.2,45.055,8.082,239.53,SSP1-2.6
2037-12-20,0.0,21.145,34.306,7.754,250.22,SSP1-2.6
2037-12-21,0.0,20.623,30.958,6.12,256.97,SSP1-2.6
2037-12-22,0.0,20.432,34.627,3.409,254.67,SSP1-2.6
2037-12-23,0.0,20.859,47.186,5.622,249.72,SSP1-2.6
2037-12-24,0.0,21.708,50.236,6.453,242.01,SSP1-2.6
2037-12-25,0.0,21.825,44.267,7.805,241.75,SSP1-2.6
2037-12-26,0.0,21.345,40.406,8.306,246.97,SSP1-2.6
2037-12-27,0.0,20.761,35.581,10.2,250.47,SSP1-2.6
2037-12-28,0.0,20.271,32.742,11.176,254.23,SSP1-2.6
2037-12-29,0.0,20.295,35.45,10.256,254.45,SSP1-2.6
2037-12-30,0.0,20.146,39.068,8.34,251.03,SSP1-2.6
2037-12-31,0.0,20.698,42.545,7.272,251.8,SSP1-2.6
2038-01-01,0.0,21.049,46.882,8.627,250.5,SSP1-2.6
2038-01-02,0.0,21.531,48.509,8.191,249.66,SSP1-2.6
2038-01-03,0.0,21.734,45.578,7.011,248.38,SSP1-2.6
2038-01-04,0.0,21.374,47.71,7.732,222.54,SSP1-2.6
2038-01-05,0.0,21.623,46.88,7.903,240.57,SSP1-2.6
2038-01-06,0.0,20.526,52.912,7.207,202.41,SSP1-2.6
2038-01-07,0.0,20.659,50.4,6.097,214.2,SSP1-2.6
2038-01-08,0.0,20.927,50.29,6.497,216.31,SSP1-2.6
2038-01-09,0.0,20.809,48.904,6.031,210.39,SSP1-2.6
2038-01-10,0.0,21.357,43.986,5.512,252.44,SSP1-2.6
2038-01-11,0.0,21.71,45.086,6.714,250.49,SSP1-2.6
2038-01-12,0.0,22.411,48.32,7.69,239.35,SSP1-2.6
2038-01-13,0.0,22.459,46.964,7.919,247.3,SSP1-2.6
2038-01-14,0.0,22.76,42.132,9.314,243.43,SSP1-2.6
2038-01-15,0.0,22.69,39.951,10.274,225.86,SSP1-2.6
2038-01-16,0.0,22.136,32.71,10.899,238.43,SSP1-2.6
2038-01-17,0.0,21.71,35.823,8.278,229.48,SSP1-2.6
2038-01-18,0.0,22.747,42.639,7.311,242.7,SSP1-2.6
2038-01-19,0.0,24.089,50.695,4.553,243.72,SSP1-2.6
2038-01-20,0.0,24.352,50.088,5.543,247.89,SSP1-2.6
2038-01-21,0.0,24.678,49.679,8.531,225.58,SSP1-2.6
2038-01-22,0.0,22.959,46.662,9.098,203.87,SSP1-2.6
2038-01-23,0.0,22.944,44.535,8.487,201.14,SSP1-2.6
2038-01-24,0.0,23.751,45.167,6.998,212.97,SSP1-2.6
2038-01-25,0.0,24.562,48.772,8.546,219.62,SSP1-2.6
2038-01-26,0.0,23.618,62.693,8.868,186.69,SSP1-2.6
2038-01-27,0.0,25.282,53.076,7.732,242.41,SSP1-2.6
2038-01-28,0.0,25.499,56.878,8.956,206.49,SSP1-2.6
2038-01-29,0.0,26.076,52.765,9.517,235.54,SSP1-2.6
2038-01-30,0.0,26.936,48.83,7.389,246.47,SSP1-2.6
2038-01-31,0.0,25.685,60.31,6.554,191.31,SSP1-2.6
2038-02-01,0.0,25.85,49.753,6.983,226.14,SSP1-2.6
2038-02-02,0.0,23.76,32.99,10.11,273.95,SSP1-2.6
2038-02-03,0.0,23.574,27.999,8.647,271.51,SSP1-2.6
2038-02-04,0.0,22.961,27.624,7.214,288.47,SSP1-2.6
2038-02-05,0.0,23.534,36.781,6.474,278.59,SSP1-2.6
2038-02-06,0.0,24.619,42.522,9.332,277.28,SSP1-2.6
2038-02-07,0.0,25.349,44.05,9.846,275.59,SSP1-2.6
2038-02-08,0.0,25.514,42.616,9.68,277.5,SSP1-2.6
2038-02-09,0.0,25.352,43.945,8.261,276.12,SSP1-2.6
2038-02-10,0.0,25.429,37.168,7.524,277.86,SSP1-2.6
2038-02-11,0.0,25.186,39.391,9.187,282.5,SSP1-2.6
2038-02-12,0.0,25.861,37.944,10.032,281.81,SSP1-2.6
2038-02-13,0.0,25.626,38.447,10.102,276.15,SSP1-2.6
2038-02-14,0.0,26.034,40.708,10.99,272.63,SSP1-2.6
2038-02-15,0.0,25.379,36.949,11.328,268.23,SSP1-2.6
2038-02-16,0.0,24.064,36.223,8.821,233.67,SSP1-2.6
2038-02-17,0.0,24.113,36.282,8.188,277.06,SSP1-2.6
2038-02-18,0.0,24.85,39.271,8.145,287.68,SSP1-2.6
2038-02-19,0.0,25.24,35.751,7.941,292.86,SSP1-2.6
2038-02-20,0.0,26.006,33.712,8.134,289.82,SSP1-2.6
2038-02-21,0.0,26.165,32.726,6.237,289.36,SSP1-2.6
2038-02-22,0.0,25.793,30.825,7.02,296.05,SSP1-2.6
2038-02-23,0.0,25.369,26.478,4.045,310.99,SSP1-2.6
2038-02-24,0.0,24.928,25.807,7.426,317.39,SSP1-2.6
2038-02-25,0.0,26.331,26.988,10.147,311.27,SSP1-2.6
2038-02-26,0.0,26.537,29.196,7.774,308.07,SSP1-2.6
2038-02-27,0.0,26.654,30.012,9.092,303.81,SSP1-2.6
2038-02-28,0.0,27.256,29.428,9.515,304.43,SSP1-2.6
2038-03-01,0.0,27.816,29.36,10.375,304.14,SSP1-2.6
2038-03-02,0.0,27.772,27.722,8.289,309.1,SSP1-2.6
2038-03-03,0.0,28.195,27.883,9.922,308.78,SSP1-2.6
2038-03-04,0.0,28.709,31.265,11.405,302.2,SSP1-2.6
2038-03-05,0.0,28.521,29.883,9.201,305.31,SSP1-2.6
2038-03-06,0.0,28.333,28.787,6.977,317.77,SSP1-2.6
2038-03-07,0.0,28.586,30.589,7.567,288.21,SSP1-2.6
2038-03-08,0.0,28.62,29.407,8.475,313.49,SSP1-2.6
2038-03-09,0.0,29.09,29.38,9.374,265.42,SSP1-2.6
2038-03-10,0.0,29.405,31.991,6.863,235.83,SSP1-2.6
2038-03-11,0.0,28.968,28.822,8.647,295.78,SSP1-2.6
2038-03-12,0.0,28.515,28.865,9.744,318.64,SSP1-2.6
2038-03-13,0.0,29.433,28.399,9.421,321.71,SSP1-2.6
2038-03-14,0.0,29.392,27.131,9.608,323.66,SSP1-2.6
2038-03-15,0.0,29.332,26.324,8.168,324.63,SSP1-2.6
2038-03-16,0.0,29.228,23.78,8.2,325.18,SSP1-2.6
2038-03-17,0.0,29.438,24.35,8.905,326.43,SSP1-2.6
2038-03-18,0.0,29.598,26.146,9.291,324.92,SSP1-2.6
2038-03-19,0.0,30.293,27.035,11.044,291.28,SSP1-2.6
2038-03-20,0.0,29.71,25.354,12.298,322.87,SSP1-2.6
2038-03-21,0.0,29.418,23.54,9.972,327.06,SSP1-2.6
2038-03-22,0.0,29.966,24.037,7.496,272.18,SSP1-2.6
2038-03-23,0.0,29.085,22.813,7.868,326.16,SSP1-2.6
2038-03-24,0.0,29.364,23.905,9.383,326.25,SSP1-2.6
2038-03-25,0.0,30.411,23.222,10.434,321.47,SSP1-2.6
2038-03-26,0.0,30.39,22.339,7.125,325.98,SSP1-2.6
2038-03-27,0.0,30.539,23.943,5.459,322.9,SSP1-2.6
2038-03-28,0.0,30.683,24.528,6.843,326.78,SSP1-2.6
2038-03-29,0.0,30.249,25.671,9.955,329.28,SSP1-2.6
2038-03-30,0.0,31.032,25.061,11.731,329.67,SSP1-2.6
2038-03-31,0.0,31.092,24.857,11.338,316.94,SSP1-2.6
2038-04-01,0.0,31.991,23.633,9.818,312.59,SSP1-2.6
2038-04-02,0.0,32.227,23.692,14.947,323.56,SSP1-2.6
2038-04-03,0.0,32.281,23.136,11.408,333.16,SSP1-2.6
2038-04-04,0.0006,31.94,22.661,12.355,318.94,SSP1-2.6
2038-04-05,0.0,33.088,23.583,11.774,298.29,SSP1-2.6
2038-04-06,0.1238,31.809,29.055,9.161,279.06,SSP1-2.6
2038-04-07,7.7878,29.926,43.052,10.607,252.07,SSP1-2.6
2038-04-08,0.0,31.111,33.283,8.168,315.93,SSP1-2.6
2038-04-09,0.0,31.875,27.545,6.68,308.38,SSP1-2.6
2038-04-10,0.0,32.311,25.517,8.752,300.15,SSP1-2.6
2038-04-11,0.0,32.218,27.426,13.428,318.52,SSP1-2.6
2038-04-12,0.0016,31.479,26.859,13.101,329.27,SSP1-2.6
2038-04-13,0.0007,31.281,25.546,13.148,337.95,SSP1-2.6
2038-04-14,0.0142,30.957,25.652,8.655,323.32,SSP1-2.6
2038-04-15,0.1216,31.672,28.016,7.188,311.52,SSP1-2.6
2038-04-16,1.2528,31.392,29.127,7.246,283.92,SSP1-2.6
2038-04-17,0.0381,31.367,26.345,10.171,340.84,SSP1-2.6
2038-04-18,0.0,31.254,24.995,9.765,304.3,SSP1-2.6
2038-04-19,0.0,31.286,22.873,8.181,347.79,SSP1-2.6
2038-04-20,0.0,31.248,21.326,7.638,327.82,SSP1-2.6
2038-04-21,0.0,31.321,20.736,9.368,350.75,SSP1-2.6
2038-04-22,0.0,31.065,19.566,8.616,345.24,SSP1-2.6
2038-04-23,0.0,31.505,18.796,8.763,339.24,SSP1-2.6
2038-04-24,0.0,31.676,18.735,8.168,326.87,SSP1-2.6
2038-04-25,0.0206,32.52,19.738,9.186,321.84,SSP1-2.6
2038-04-26,0.1419,34.091,22.448,13.441,315.21,SSP1-2.6
2038-04-27,0.0,33.971,22.162,12.069,318.62,SSP1-2.6
2038-04-28,0.0,33.86,18.378,12.982,326.08,SSP1-2.6
2038-04-29,0.0,33.691,17.842,13.639,350.25,SSP1-2.6
2038-04-30,0.0,33.457,18.071,13.956,356.79,SSP1-2.6
2038-05-01,0.0,34.649,18.052,12.045,366.15,SSP1-2.6
2038-05-02,0.0,34.098,17.81,9.623,366.29,SSP1-2.6
2038-05-03,0.0,34.726,17.916,10.523,357.99,SSP1-2.6
2038-05-04,0.0,35.576,17.7,13.145,352.74,SSP1-2.6
2038-05-05,0.0072,36.079,18.876,12.115,315.47,SSP1-2.6
2038-05-06,0.0816,35.057,22.375,12.584,304.59,SSP1-2.6
2038-05-07,1.1291,35.126,26.439,5.914,282.32,SSP1-2.6
2038-05-08,0.403,34.827,26.382,4.988,323.54,SSP1-2.6
2038-05-09,0.0497,34.829,28.696,4.151,261.71,SSP1-2.6
2038-05-10,0.5702,34.093,32.738,5.276,261.65,SSP1-2.6
2038-05-11,1.2069,34.065,36.535,6.589,285.82,SSP1-2.6
2038-05-12,0.4878,34.016,36.019,6.446,292.47,SSP1-2.6
2038-05-13,0.5129,33.968,37.106,4.918,277.96,SSP1-2.6
2038-05-14,0.2293,34.297,33.799,7.566,287.95,SSP1-2.6
2038-05-15,4.8828,34.801,33.101,8.465,300.06,SSP1-2.6
2038-05-16,1.362,26.797,52.739,10.556,184.35,SSP1-2.6
2038-05-17,0.0,34.124,30.782,10.048,341.74,SSP1-2.6
2038-05-18,0.3325,35.239,27.753,8.038,340.06,SSP1-2.6
2038-05-19,0.0027,34.757,35.76,9.846,267.98,SSP1-2.6
2038-05-20,16.8217,34.8,36.127,8.501,313.79,SSP1-2.6
2038-05-21,3.2368,32.495,55.131,6.596,246.3,SSP1-2.6
2038-05-22,0.0061,33.642,42.631,6.069,298.05,SSP1-2.6
2038-05-23,0.208,33.212,45.389,5.366,278.32,SSP1-2.6
2038-05-24,1.3721,33.417,46.081,7.977,285.63,SSP1-2.6
2038-05-25,6.7436,32.744,50.937,7.095,255.22,SSP1-2.6
2038-05-26,0.0,32.352,45.152,9.104,271.0,SSP1-2.6
2038-05-27,0.0,32.106,45.727,8.638,269.56,SSP1-2.6
2038-05-28,0.0,32.967,39.958,14.929,282.83,SSP1-2.6
2038-05-29,0.0,32.416,40.17,16.796,267.03,SSP1-2.6
2038-05-30,0.0,32.324,42.392,16.071,264.33,SSP1-2.6
2038-05-31,0.6993,32.705,43.79,17.059,282.2,SSP1-2.6
2038-06-01,0.1061,28.54,61.72,14.102,218.19,SSP1-2.6
2038-06-02,0.0,31.775,46.42,14.052,289.17,SSP1-2.6
2038-06-03,0.0,33.088,40.752,15.511,315.15,SSP1-2.6
2038-06-04,0.0,32.559,43.18,15.553,293.41,SSP1-2.6
2038-06-05,0.0674,32.474,42.84,14.295,294.97,SSP1-2.6
2038-06-06,0.0,32.944,41.077,13.93,304.04,SSP1-2.6
2038-06-07,0.0,32.955,40.439,12.893,317.94,SSP1-2.6
2038-06-08,0.0074,33.106,40.105,13.673,331.04,SSP1-2.6
2038-06-09,0.0,33.289,38.488,14.637,319.37,SSP1-2.6
2038-06-10,0.0,33.367,38.056,14.641,313.2,SSP1-2.6
2038-06-11,0.0,33.96,38.626,15.914,316.05,SSP1-2.6
2038-06-12,0.0171,32.726,44.52,16.016,288.6,SSP1-2.6
2038-06-13,0.0,31.51,47.515,15.481,280.08,SSP1-2.6
2038-06-14,0.241,31.481,47.603,15.277,284.12,SSP1-2.6
2038-06-15,0.8436,26.595,74.068,10.15,199.91,SSP1-2.6
2038-06-16,0.5866,28.992,59.907,15.123,264.93,SSP1-2.6
2038-06-17,0.0,28.071,61.12,16.088,237.53,SSP1-2.6
2038-06-18,0.0,29.011,61.711,17.808,248.54,SSP1-2.6
2038-06-19,0.1286,29.136,61.728,18.9,255.84,SSP1-2.6
2038-06-20,0.0442,27.556,67.93,15.549,223.96,SSP1-2.6
2038-06-21,1.706,28.908,65.952,14.77,259.2,SSP1-2.6
2038-06-22,0.1833,27.899,64.993,14.895,241.05,SSP1-2.6
2038-06-23,0.979,27.648,67.401,15.123,219.53,SSP1-2.6
2038-06-24,0.0,28.307,62.039,14.767,233.05,SSP1-2.6
2038-06-25,0.0,29.367,55.489,15.925,272.24,SSP1-2.6
2038-06-26,0.0,29.989,55.299,15.282,284.33,SSP1-2.6
2038-06-27,0.0,29.595,56.896,13.206,260.97,SSP1-2.6
2038-06-28,0.0,30.003,55.249,11.054,285.16,SSP1-2.6
2038-06-29,0.0,30.474,56.718,8.724,268.01,SSP1-2.6
2038-06-30,0.6871,29.46,62.49,5.789,242.71,SSP1-2.6
2038-07-01,16.6319,26.998,84.699,5.769,226.94,SSP1-2.6
2038-07-02,11.0226,27.387,82.274,4.413,234.61,SSP1-2.6
2038-07-03,6.1937,27.366,82.584,4.24,226.61,SSP1-2.6
2038-07-04,4.0964,27.746,82.116,3.965,230.31,SSP1-2.6
2038-07-05,22.022,26.731,89.255,3.712,213.3,SSP1-2.6
2038-07-06,23.1218,26.452,90.744,3.456,220.79,SSP1-2.6
2038-07-07,20.7569,26.24,92.207,5.587,214.58,SSP1-2.6
2038-07-08,23.6507,26.222,92.344,6.874,216.81,SSP1-2.6
2038-07-09,22.5577,26.202,92.176,5.125,218.45,SSP1-2.6
2038-07-10,19.8516,26.398,91.742,3.698,223.95,SSP1-2.6
2038-07-11,15.5194,26.571,90.896,3.513,230.21,SSP1-2.6
2038-07-12,4.5181,26.786,88.904,5.264,246.14,SSP1-2.6
2038-07-13,16.9545,26.437,91.534,5.961,219.21,SSP1-2.6
2038-07-14,9.9779,26.579,91.164,4.829,226.07,SSP1-2.6
2038-07-15,0.0,27.376,85.858,5.057,255.95,SSP1-2.6
2038-07-16,0.0,27.825,82.745,5.765,254.7,SSP1-2.6
2038-07-17,0.0,27.487,83.712,7.119,240.15,SSP1-2.6
2038-07-18,0.0,27.304,81.786,8.076,240.19,SSP1-2.6
2038-07-19,0.2373,27.677,81.758,8.349,242.78,SSP1-2.6
2038-07-20,0.0159,27.105,85.147,7.137,234.86,SSP1-2.6
2038-07-21,0.0,27.861,82.027,5.825,239.77,SSP1-2.6
2038-07-22,0.5683,27.44,86.509,4.656,232.67,SSP1-2.6
2038-07-23,17.5963,26.377,91.262,5.517,218.35,SSP1-2.6
2038-07-24,7.2878,26.626,89.53,6.178,225.01,SSP1-2.6
2038-07-25,15.4577,27.006,88.125,7.635,234.43,SSP1-2.6
2038-07-26,20.7086,26.353,90.809,8.022,212.82,SSP1-2.6
2038-07-27,17.0645,26.642,89.715,9.674,233.95,SSP1-2.6
2038-07-28,17.1611,26.515,90.366,7.426,228.84,SSP1-2.6
2038-07-29,1.4245,26.633,89.058,9.06,226.28,SSP1-2.6
2038-07-30,0.7955,27.386,85.09,10.209,259.31,SSP1-2.6
2038-07-31,22.2312,26.558,89.428,10.47,238.8,SSP1-2.6
2038-08-01,17.4068,26.868,90.037,11.71,224.73,SSP1-2.6
2038-08-02,7.9874,26.449,89.978,12.526,209.32,SSP1-2.6
2038-08-03,0.6967,26.551,87.77,11.666,219.28,SSP1-2.6
2038-08-04,0.0205,26.879,85.197,10.683,249.21,SSP1-2.6
2038-08-05,0.0,26.98,77.833,11.185,284.72,SSP1-2.6
2038-08-06,0.0,27.579,75.409,11.429,312.84,SSP1-2.6
2038-08-07,0.0,27.687,78.63,11.588,269.99,SSP1-2.6
2038-08-08,0.1357,27.393,83.554,9.577,244.44,SSP1-2.6
2038-08-09,0.0218,27.548,82.99,8.766,270.77,SSP1-2.6
2038-08-10,0.0,27.735,83.196,7.691,244.03,SSP1-2.6
2038-08-11,0.0,28.095,80.419,5.795,286.71,SSP1-2.6
2038-08-12,0.0,29.021,77.151,6.653,308.05,SSP1-2.6
2038-08-13,0.0,29.848,76.133,5.84,311.44,SSP1-2.6
2038-08-14,8.6452,28.504,85.432,7.76,248.84,SSP1-2.6
2038-08-15,23.5026,27.186,90.386,8.524,229.42,SSP1-2.6
2038-08-16,0.137,27.464,85.922,8.461,253.56,SSP1-2.6
2038-08-17,0.0,27.736,82.343,9.833,275.37,SSP1-2.6
2038-08-18,0.0,27.691,82.672,8.829,263.35,SSP1-2.6
2038-08-19,0.0,28.108,81.658,7.462,266.52,SSP1-2.6
2038-08-20,0.2266,27.816,83.99,7.852,254.89,SSP1-2.6
2038-08-21,0.0,27.912,80.799,10.725,249.34,SSP1-2.6
2038-08-22,0.0,28.062,77.716,13.655,243.58,SSP1-2.6
2038-08-23,0.0,27.455,78.255,13.879,235.65,SSP1-2.6
2038-08-24,0.0,27.757,76.227,14.027,252.87,SSP1-2.6
2038-08-25,0.1866,27.887,77.649,10.908,272.31,SSP1-2.6
2038-08-26,25.476,26.608,89.225,11.968,206.23,SSP1-2.6
2038-08-27,25.6245,26.166,92.854,12.286,150.03,SSP1-2.6
2038-08-28,17.375,26.29,92.739,10.636,181.26,SSP1-2.6
2038-08-29,0.4922,26.784,89.394,9.592,217.57,SSP1-2.6
2038-08-30,20.0565,26.767,89.555,11.118,226.23,SSP1-2.6
2038-08-31,1.0469,26.624,90.673,11.364,199.34,SSP1-2.6
2038-09-01,2.8637,26.259,82.141,12.034,254.27,SSP1-2.6
2038-09-02,0.0,26.146,80.961,12.097,241.33,SSP1-2.6
2038-09-03,0.0994,26.06,80.986,12.336,239.62,SSP1-2.6
2038-09-04,0.0443,25.957,82.518,12.584,233.01,SSP1-2.6
2038-09-05,16.1536,25.427,86.436,13.242,222.8,SSP1-2.6
2038-09-06,0.5555,25.55,85.658,11.111,219.57,SSP1-2.6
2038-09-07,0.002,25.7,86.597,10.32,219.6,SSP1-2.6
2038-09-08,11.4626,25.779,87.935,10.382,223.11,SSP1-2.6
2038-09-09,4.6096,25.17,92.344,10.411,175.71,SSP1-2.6
2038-09-10,3.1612,25.251,89.946,10.403,203.27,SSP1-2.6
2038-09-11,0.6281,25.309,91.67,8.644,198.94,SSP1-2.6
2038-09-12,0.0036,26.03,86.715,5.763,239.45,SSP1-2.6
2038-09-13,1.762,26.659,87.275,3.374,250.15,SSP1-2.6
2038-09-14,0.5631,26.77,85.829,2.392,246.32,SSP1-2.6
2038-09-15,0.1598,26.944,82.371,3.872,244.82,SSP1-2.6
2038-09-16,0.0804,26.995,79.909,5.298,261.86,SSP1-2.6
2038-09-17,0.0523,26.831,79.649,6.05,268.17,SSP1-2.6
2038-09-18,0.0257,25.951,86.804,5.907,239.39,SSP1-2.6
2038-09-19,15.0069,25.745,89.087,8.563,223.1,SSP1-2.6
2038-09-20,1.9506,25.796,87.63,9.073,216.12,SSP1-2.6
2038-09-21,0.0,26.468,80.719,6.54,249.57,SSP1-2.6
2038-09-22,0.0,27.215,79.425,4.655,263.87,SSP1-2.6
2038-09-23,3.9247,26.562,81.492,6.722,243.0,SSP1-2.6
2038-09-24,26.1579,26.047,87.499,8.158,226.02,SSP1-2.6
2038-09-25,31.7989,25.28,92.716,7.569,183.8,SSP1-2.6
2038-09-26,20.0182,25.902,87.668,9.113,238.34,SSP1-2.6
2038-09-27,21.562,25.55,90.637,9.604,188.93,SSP1-2.6
2038-09-28,1.0279,25.599,90.367,6.898,204.47,SSP1-2.6
2038-09-29,30.892,25.324,92.967,3.794,200.3,SSP1-2.6
2038-09-30,25.1208,25.093,93.799,5.391,188.32,SSP1-2.6
2038-10-01,28.9686,24.903,92.838,5.267,205.2,SSP1-2.6
2038-10-02,28.6397,24.852,92.734,5.872,201.87,SSP1-2.6
2038-10-03,36.8161,24.921,94.826,8.577,184.64,SSP1-2.6
2038-10-04,19.1952,24.925,91.494,9.827,197.73,SSP1-2.6
2038-10-05,11.2413,24.894,90.125,9.294,190.55,SSP1-2.6
2038-10-06,5.1923,25.035,89.399,6.253,207.63,SSP1-2.6
2038-10-07,0.5953,25.395,87.751,4.933,220.27,SSP1-2.6
2038-10-08,0.0461,25.512,84.025,6.45,222.03,SSP1-2.6
2038-10-09,36.9702,25.115,86.499,15.325,213.88,SSP1-2.6
2038-10-10,1.4801,24.936,85.504,13.415,206.55,SSP1-2.6
2038-10-11,0.7842,24.768,85.421,10.786,197.36,SSP1-2.6
2038-10-12,0.0,24.652,86.103,9.723,192.58,SSP1-2.6
2038-10-13,13.8687,25.157,85.23,10.379,211.46,SSP1-2.6
2038-10-14,0.0722,25.15,84.95,9.807,211.2,SSP1-2.6
2038-10-15,0.1259,25.002,84.958,9.248,210.27,SSP1-2.6
2038-10-16,0.0,25.297,82.673,7.834,216.39,SSP1-2.6
2038-10-17,0.0,26.058,77.497,7.883,228.01,SSP1-2.6
2038-10-18,0.424,26.072,76.636,7.493,233.63,SSP1-2.6
2038-10-19,0.0202,24.63,84.512,8.188,192.15,SSP1-2.6
2038-10-20,0.1451,25.911,76.139,8.61,229.73,SSP1-2.6
2038-10-21,0.009,25.752,61.861,7.907,262.82,SSP1-2.6
2038-10-22,0.0,24.186,53.65,8.067,218.23,SSP1-2.6
2038-10-23,0.0,23.242,50.97,5.826,226.59,SSP1-2.6
2038-10-24,0.0,22.666,53.955,2.633,223.54,SSP1-2.6
2038-10-25,0.0,22.639,53.523,4.402,238.05,SSP1-2.6
2038-10-26,0.0,22.586,51.551,4.142,277.12,SSP1-2.6
2038-10-27,0.0,22.82,48.26,6.313,276.82,SSP1-2.6
2038-10-28,0.0,22.859,47.956,6.787,275.02,SSP1-2.6
2038-10-29,0.0,22.676,44.071,7.378,273.89,SSP1-2.6
2038-10-30,0.0,22.775,43.487,8.59,264.88,SSP1-2.6
2038-10-31,0.0,23.082,47.002,9.089,214.17,SSP1-2.6
2038-11-01,13.8667,24.117,59.853,13.589,249.41,SSP1-2.6
2038-11-02,56.2173,22.524,92.658,14.012,113.13,SSP1-2.6
2038-11-03,5.4472,23.172,89.394,8.827,163.44,SSP1-2.6
2038-11-04,0.2355,24.146,87.201,4.673,194.38,SSP1-2.6
2038-11-05,6.3466,24.087,86.713,3.027,203.08,SSP1-2.6
2038-11-06,15.9139,23.271,89.458,5.177,177.22,SSP1-2.6
2038-11-07,0.7484,23.905,86.577,5.673,182.16,SSP1-2.6
2038-11-08,0.3536,24.822,81.202,7.345,210.29,SSP1-2.6
2038-11-09,0.01,25.609,73.427,7.443,221.07,SSP1-2.6
2038-11-10,0.0,24.509,76.432,7.262,204.81,SSP1-2.6
2038-11-11,0.0,23.525,75.393,6.895,195.14,SSP1-2.6
2038-11-12,0.0,23.418,61.339,6.897,221.86,SSP1-2.6
2038-11-13,0.1346,22.839,76.188,8.779,182.34,SSP1-2.6
2038-11-14,0.0092,22.954,76.075,8.55,186.85,SSP1-2.6
2038-11-15,0.0,22.858,61.79,8.342,178.95,SSP1-2.6
2038-11-16,0.0,22.756,44.555,11.155,251.13,SSP1-2.6
2038-11-17,0.0,22.201,31.692,13.157,256.23,SSP1-2.6
2038-11-18,0.0,21.758,41.968,10.468,229.68,SSP1-2.6
2038-11-19,0.0,20.194,31.858,9.541,252.93,SSP1-2.6
2038-11-20,0.0,19.815,27.911,8.852,250.63,SSP1-2.6
2038-11-21,0.0,19.385,29.836,8.254,260.61,SSP1-2.6
2038-11-22,0.0,20.139,35.217,7.024,248.16,SSP1-2.6
2038-11-23,0.0,21.453,36.658,8.479,231.62,SSP1-2.6
2038-11-24,0.0718,21.333,56.042,8.167,160.51,SSP1-2.6
2038-11-25,0.0,22.769,60.256,5.953,179.54,SSP1-2.6
2038-11-26,0.0,22.106,79.552,6.469,162.97,SSP1-2.6
2038-11-27,0.0045,21.924,83.977,6.853,149.16,SSP1-2.6
2038-11-28,0.0148,23.171,70.521,9.262,195.78,SSP1-2.6
2038-11-29,0.0802,24.177,64.519,6.712,230.28,SSP1-2.6
2038-11-30,0.1568,22.364,78.786,7.909,171.99,SSP1-2.6
2038-12-01,0.2575,24.159,67.57,8.259,210.9,SSP1-2.6
2038-12-02,0.0195,22.384,73.542,9.33,174.32,SSP1-2.6
2038-12-03,0.0055,21.692,73.887,9.227,143.28,SSP1-2.6
2038-12-04,0.0644,21.715,73.657,9.809,163.78,SSP1-2.6
2038-12-05,0.1324,21.594,81.602,9.466,164.05,SSP1-2.6
2038-12-06,0.0,21.772,59.155,11.976,219.27,SSP1-2.6
2038-12-07,0.0,22.159,57.231,9.939,235.82,SSP1-2.6
2038-12-08,0.0,23.415,63.518,9.709,220.91,SSP1-2.6
2038-12-09,0.0,21.892,79.972,9.523,163.68,SSP1-2.6
2038-12-10,0.0,22.383,66.29,10.7,188.61,SSP1-2.6
2038-12-11,0.0,22.725,56.241,9.658,209.12,SSP1-2.6
2038-12-12,0.0,22.726,55.28,9.032,221.39,SSP1-2.6
2038-12-13,0.0,22.202,48.576,9.845,230.52,SSP1-2.6
2038-12-14,0.0,21.38,37.01,11.712,233.14,SSP1-2.6
2038-12-15,0.0,20.494,37.073,11.29,203.51,SSP1-2.6
2038-12-16,0.0,19.881,63.504,12.96,138.54,SSP1-2.6
2038-12-17,0.0,20.959,76.358,19.218,149.01,SSP1-2.6
2038-12-18,0.0,21.437,90.308,11.254,125.54,SSP1-2.6
2038-12-19,0.0,21.865,84.008,7.998,147.1,SSP1-2.6
2038-12-20,0.0,22.161,82.213,8.324,162.95,SSP1-2.6
2038-12-21,0.0,22.914,69.374,10.004,191.96,SSP1-2.6
2038-12-22,0.0,22.036,75.057,10.374,174.7,SSP1-2.6
2038-12-23,0.0,22.317,77.217,8.01,179.41,SSP1-2.6
2038-12-24,0.0,22.656,74.02,5.714,158.51,SSP1-2.6
2038-12-25,0.0,24.112,65.057,4.832,223.94,SSP1-2.6
2038-12-26,0.0,24.882,59.62,7.029,226.65,SSP1-2.6
2038-12-27,0.0,23.137,72.197,5.81,188.28,SSP1-2.6
2038-12-28,0.0,22.818,74.107,5.259,177.9,SSP1-2.6
2038-12-29,0.0,21.513,79.906,8.974,149.65,SSP1-2.6
2038-12-30,0.0,21.35,54.726,8.733,177.16,SSP1-2.6
2038-12-31,0.0,22.124,44.285,8.626,245.09,SSP1-2.6
2039-01-01,0.0,21.926,44.998,9.613,238.4,SSP1-2.6
2039-01-02,0.0,21.956,35.06,13.262,247.56,SSP1-2.6
2039-01-03,0.0,20.922,29.727,13.641,206.95,SSP1-2.6
2039-01-04,0.0,20.891,50.709,11.996,198.97,SSP1-2.6
2039-01-05,0.0,22.492,63.536,10.928,198.64,SSP1-2.6
2039-01-06,0.0,23.51,55.763,10.314,207.74,SSP1-2.6
2039-01-07,0.0,22.566,45.03,10.14,242.07,SSP1-2.6
2039-01-08,0.0,22.244,39.861,9.181,250.14,SSP1-2.6
2039-01-09,0.0,22.17,46.768,7.34,247.61,SSP1-2.6
2039-01-10,0.0,23.7,51.723,7.759,237.35,SSP1-2.6
2039-01-11,0.0,24.311,54.241,8.929,235.12,SSP1-2.6
2039-01-12,0.0,24.876,60.542,5.563,212.74,SSP1-2.6
2039-01-13,0.0,24.151,67.13,8.739,199.77,SSP1-2.6
2039-01-14,0.0,23.139,64.828,10.578,179.15,SSP1-2.6
2039-01-15,0.0,24.562,51.682,8.608,236.84,SSP1-2.6
2039-01-16,0.0,24.241,58.018,5.532,213.44,SSP1-2.6
2039-01-17,0.0,20.902,76.457,8.461,113.26,SSP1-2.6
2039-01-18,0.0,22.561,42.784,10.328,249.8,SSP1-2.6
2039-01-19,0.0,21.946,32.877,11.673,263.5,SSP1-2.6
2039-01-20,0.0,21.134,30.804,11.425,264.82,SSP1-2.6
2039-01-21,0.0,20.865,33.688,9.342,265.2,SSP1-2.6
2039-01-22,0.0,20.824,40.356,6.175,266.21,SSP1-2.6
2039-01-23,0.0,21.957,42.875,4.908,255.34,SSP1-2.6
2039-01-24,0.0,22.414,45.088,4.962,258.94,SSP1-2.6
2039-01-25,0.0,22.585,45.324,5.526,227.51,SSP1-2.6
2039-01-26,0.0,22.574,42.687,7.403,265.59,SSP1-2.6
2039-01-27,0.0,22.8,43.759,5.227,261.48,SSP1-2.6
2039-01-28,0.0,23.283,45.986,7.601,247.86,SSP1-2.6
2039-01-29,0.0,23.223,46.293,5.471,252.3,SSP1-2.6
2039-01-30,0.0,23.489,42.553,5.438,256.03,SSP1-2.6
2039-01-31,0.0,23.228,40.054,5.76,271.72,SSP1-2.6
2039-02-01,0.0,22.943,36.325,8.216,270.74,SSP1-2.6
2039-02-02,0.0,22.665,38.21,5.781,277.99,SSP1-2.6
2039-02-03,0.0,23.176,38.074,4.871,258.33,SSP1-2.6
2039-02-04,0.0,23.121,39.66,2.842,277.23,SSP1-2.6
2039-02-05,0.0,23.569,38.118,5.538,275.96,SSP1-2.6
2039-02-06,0.0,23.805,36.086,8.715,274.26,SSP1-2.6
2039-02-07,0.0,22.843,27.935,10.702,284.58,SSP1-2.6
2039-02-08,0.0,22.562,27.904,11.142,288.26,SSP1-2.6
2039-02-09,0.0,22.864,28.674,9.9,287.78,SSP1-2.6
2039-02-10,0.0,22.748,29.647,6.602,294.71,SSP1-2.6
2039-02-11,0.0,22.87,29.731,6.928,294.5,SSP1-2.6
2039-02-12,0.0,23.027,34.95,6.102,290.82,SSP1-2.6
2039-02-13,0.0,24.14,39.532,8.674,279.67,SSP1-2.6
2039-02-14,0.0,24.07,35.265,8.315,286.44,SSP1-2.6
2039-02-15,0.0,24.176,35.301,6.386,287.65,SSP1-2.6
2039-02-16,0.0,24.778,37.294,5.348,287.85,SSP1-2.6
2039-02-17,0.0,25.002,35.695,5.48,290.5,SSP1-2.6
2039-02-18,0.0,25.246,32.665,6.71,293.32,SSP1-2.6
2039-02-19,0.0,26.096,33.68,9.092,271.57,SSP1-2.6
2039-02-20,0.0,26.245,31.958,10.303,293.43,SSP1-2.6
2039-02-21,0.0,26.1,29.117,10.562,296.88,SSP1-2.6
2039-02-22,0.0,25.617,28.494,11.251,302.08,SSP1-2.6
2039-02-23,0.0,25.14,26.675,9.692,309.82,SSP1-2.6
2039-02-24,0.0,24.469,25.382,8.777,312.68,SSP1-2.6
2039-02-25,0.0,24.927,26.188,4.371,310.78,SSP1-2.6
2039-02-26,0.0,24.701,28.49,4.676,300.24,SSP1-2.6
2039-02-27,0.0,26.185,33.03,8.051,298.31,SSP1-2.6
2039-02-28,0.0,26.874,32.463,9.646,300.24,SSP1-2.6
2039-03-01,0.0,27.021,31.269,8.022,294.62,SSP1-2.6
2039-03-02,0.0,27.557,31.885,8.36,280.02,SSP1-2.6
2039-03-03,0.0,25.951,23.777,11.33,317.67,SSP1-2.6
2039-03-04,0.0,25.406,22.446,6.988,335.55,SSP1-2.6
2039-03-05,0.0,25.681,24.382,4.723,329.25,SSP1-2.6
2039-03-06,0.0,26.529,26.273,6.075,325.82,SSP1-2.6
2039-03-07,0.0,26.87,26.108,4.963,311.56,SSP1-2.6
2039-03-08,0.0,26.743,24.331,4.705,320.18,SSP1-2.6
2039-03-09,0.0,27.269,26.963,7.606,320.44,SSP1-2.6
2039-03-10,0.0,28.514,31.237,12.372,315.04,SSP1-2.6
2039-03-11,0.003,28.632,33.006,12.59,306.47,SSP1-2.6
2039-03-12,0.0,28.631,33.884,12.465,307.28,SSP1-2.6
2039-03-13,0.0,28.624,33.784,11.213,315.62,SSP1-2.6
2039-03-14,0.0,29.043,33.05,9.9,313.57,SSP1-2.6
2039-03-15,0.0,29.224,30.562,7.924,316.76,SSP1-2.6
2039-03-16,0.0,29.026,27.667,7.743,316.88,SSP1-2.6
2039-03-17,0.0,29.229,27.385,7.456,315.84,SSP1-2.6
2039-03-18,0.0,29.713,29.886,7.646,264.25,SSP1-2.6
2039-03-19,0.0,29.576,29.801,8.938,314.53,SSP1-2.6
2039-03-20,0.0,29.291,27.347,7.455,322.95,SSP1-2.6
2039-03-21,0.0,29.023,25.462,7.4,327.92,SSP1-2.6
2039-03-22,0.0,28.761,23.438,8.219,331.42,SSP1-2.6
2039-03-23,0.0,29.129,22.924,8.303,283.74,SSP1-2.6
2039-03-24,0.0,29.081,24.099,8.8,330.57,SSP1-2.6
2039-03-25,0.0,29.188,25.285,8.759,325.39,SSP1-2.6
2039-03-26,0.0,30.055,26.268,9.528,275.73,SSP1-2.6
2039-03-27,0.0,29.635,26.783,8.642,306.11,SSP1-2.6
2039-03-28,0.0,30.652,26.958,9.33,286.61,SSP1-2.6
2039-03-29,0.0,31.125,27.228,8.632,287.49,SSP1-2.6
2039-03-30,0.0,30.963,26.485,6.734,281.87,SSP1-2.6
2039-03-31,0.0,30.993,24.756,6.948,279.57,SSP1-2.6
2039-04-01,0.1072,27.445,38.475,5.441,196.69,SSP1-2.6
2039-04-02,0.0,30.194,32.384,5.004,261.6,SSP1-2.6
2039-04-03,0.0,30.338,30.118,6.159,290.91,SSP1-2.6
2039-04-04,0.0,30.476,28.064,6.602,296.69,SSP1-2.6
2039-04-05,0.0009,30.699,27.131,8.16,296.92,SSP1-2.6
2039-04-06,0.0331,31.015,26.658,8.144,316.19,SSP1-2.6
2039-04-07,0.0611,31.444,26.309,7.0,299.16,SSP1-2.6
2039-04-08,0.2106,30.873,28.317,5.878,275.34,SSP1-2.6
2039-04-09,0.0,29.99,25.918,5.746,326.56,SSP1-2.6
2039-04-10,0.0,30.841,25.42,5.084,298.29,SSP1-2.6
2039-04-11,0.0,32.023,24.015,6.032,330.08,SSP1-2.6
2039-04-12,0.011,32.065,26.862,5.566,302.9,SSP1-2.6
2039-04-13,0.0091,31.695,29.555,5.391,278.62,SSP1-2.6
2039-04-14,0.0,31.878,25.919,4.883,317.35,SSP1-2.6
2039-04-15,0.0012,31.583,24.136,5.707,313.7,SSP1-2.6
2039-04-16,0.1053,33.334,23.328,8.956,313.12,SSP1-2.6
2039-04-17,0.1894,33.15,24.691,12.017,320.27,SSP1-2.6
2039-04-18,2.0414,32.597,29.529,13.395,293.09,SSP1-2.6
2039-04-19,4.9502,25.112,63.331,10.002,179.83,SSP1-2.6
2039-04-20,0.0299,30.395,38.109,9.815,277.54,SSP1-2.6
2039-04-21,0.0035,31.214,28.881,9.515,330.28,SSP1-2.6
2039-04-22,0.0,32.026,28.733,8.373,292.59,SSP1-2.6
2039-04-23,0.0,32.158,26.377,9.382,319.97,SSP1-2.6
2039-04-24,0.0,31.983,23.121,8.781,336.8,SSP1-2.6
2039-04-25,0.0,32.552,25.985,11.513,318.59,SSP1-2.6
2039-04-26,0.0,32.733,27.657,12.383,294.17,SSP1-2.6
2039-04-27,0.9576,31.927,29.773,12.81,263.61,SSP1-2.6
2039-04-28,66.4255,24.546,67.061,15.326,184.86,SSP1-2.6
2039-04-29,55.1418,24.135,75.266,10.942,190.53,SSP1-2.6
2039-04-30,9.7595,28.191,66.062,7.427,244.2,SSP1-2.6
2039-05-01,3.4982,28.048,63.988,5.495,239.38,SSP1-2.6
2039-05-02,0.1552,30.239,54.154,6.66,255.65,SSP1-2.6
2039-05-03,0.0,32.595,42.076,8.387,292.76,SSP1-2.6
2039-05-04,0.0,33.931,33.381,13.203,321.33,SSP1-2.6
2039-05-05,0.0,34.182,30.147,12.849,341.74,SSP1-2.6
2039-05-06,0.0,34.304,28.719,10.773,327.45,SSP1-2.6
2039-05-07,0.0,34.284,28.1,8.482,330.08,SSP1-2.6
2039-05-08,0.0,34.393,32.26,10.171,325.64,SSP1-2.6
2039-05-09,0.0,33.91,34.781,12.057,293.14,SSP1-2.6
2039-05-10,0.0034,34.062,31.55,9.961,315.66,SSP1-2.6
2039-05-11,0.0,34.318,30.37,9.514,323.38,SSP1-2.6
2039-05-12,0.0,34.617,27.453,10.11,329.01,SSP1-2.6
2039-05-13,0.0,34.809,26.35,12.385,317.49,SSP1-2.6
2039-05-14,0.0,34.577,27.78,13.393,285.81,SSP1-2.6
2039-05-15,0.0502,34.39,28.126,18.388,289.43,SSP1-2.6
2039-05-16,0.1319,33.999,31.012,15.119,294.37,SSP1-2.6
2039-05-17,0.0,33.505,34.585,13.163,269.67,SSP1-2.6
2039-05-18,0.1639,34.073,32.173,15.64,329.32,SSP1-2.6
2039-05-19,6.3655,33.201,40.819,15.702,287.53,SSP1-2.6
2039-05-20,0.0,33.6,34.11,15.694,309.4,SSP1-2.6
2039-05-21,0.3812,33.57,38.786,14.308,293.56,SSP1-2.6
2039-05-22,0.3424,33.05,41.723,10.958,259.53,SSP1-2.6
2039-05-23,3.4094,33.594,39.811,14.444,315.24,SSP1-2.6
2039-05-24,0.0019,31.492,46.347,14.984,238.06,SSP1-2.6
2039-05-25,0.0,33.121,39.719,16.687,269.65,SSP1-2.6
2039-05-26,0.0,32.728,41.07,15.908,268.4,SSP1-2.6
2039-05-27,0.0,33.055,39.462,16.345,286.23,SSP1-2.6
2039-05-28,0.0,33.444,37.069,16.42,306.2,SSP1-2.6
2039-05-29,0.0,33.685,33.999,16.402,330.91,SSP1-2.6
2039-05-30,0.0,33.513,35.515,16.092,315.63,SSP1-2.6
2039-05-31,0.0,33.673,34.641,16.256,305.17,SSP1-2.6
2039-06-01,0.0,33.32,34.669,17.343,320.07,SSP1-2.6
2039-06-02,0.0,33.557,34.112,17.426,303.6,SSP1-2.6
2039-06-03,0.0,33.735,32.943,17.741,290.02,SSP1-2.6
2039-06-04,0.0,33.189,32.209,17.509,295.83,SSP1-2.6
2039-06-05,0.0,33.733,31.637,17.067,318.83,SSP1-2.6
2039-06-06,0.0114,33.709,32.41,15.6,304.89,SSP1-2.6
2039-06-07,0.2419,28.235,62.212,11.691,198.35,SSP1-2.6
2039-06-08,0.0,30.667,49.806,17.22,256.27,SSP1-2.6
2039-06-09,0.0,29.911,51.114,15.555,263.63,SSP1-2.6
2039-06-10,0.0526,30.156,49.474,14.463,268.77,SSP1-2.6
2039-06-11,0.2208,29.556,54.401,14.072,232.72,SSP1-2.6
2039-06-12,0.5255,29.078,52.318,16.899,255.45,SSP1-2.6
2039-06-13,0.0,27.901,58.811,16.173,228.75,SSP1-2.6
2039-06-14,0.0988,29.185,52.114,13.835,241.92,SSP1-2.6
2039-06-15,0.2939,28.203,63.855,11.745,228.31,SSP1-2.6
2039-06-16,0.0,28.667,57.631,9.323,237.78,SSP1-2.6
2039-06-17,0.0,28.849,57.502,9.868,249.54,SSP1-2.6
2039-06-18,0.0,30.528,48.449,12.495,272.9,SSP1-2.6
2039-06-19,0.0,31.541,40.273,14.176,346.97,SSP1-2.6
2039-06-20,0.0,31.057,42.904,14.565,284.2,SSP1-2.6
2039-06-21,0.0,31.683,37.398,13.46,347.06,SSP1-2.6
2039-06-22,0.0,32.606,36.856,13.721,317.09,SSP1-2.6
2039-06-23,0.0,31.646,41.645,14.493,291.14,SSP1-2.6
2039-06-24,0.0,31.462,43.216,14.703,311.27,SSP1-2.6
2039-06-25,0.0,31.547,42.962,14.554,282.04,SSP1-2.6
2039-06-26,0.0638,31.332,46.072,14.227,295.73,SSP1-2.6
2039-06-27,3.7504,27.969,74.757,9.773,190.76,SSP1-2.6
2039-06-28,9.8518,27.025,86.755,7.948,174.1,SSP1-2.6
2039-06-29,0.7304,28.885,71.366,9.528,278.02,SSP1-2.6
2039-06-30,21.7815,28.465,81.241,7.219,244.71,SSP1-2.6
2039-07-01,0.2,27.074,80.144,6.962,229.8,SSP1-2.6
2039-07-02,0.0,27.84,69.792,9.353,255.99,SSP1-2.6
2039-07-03,0.0,28.334,67.98,8.443,260.6,SSP1-2.6
2039-07-04,0.0,28.61,68.36,7.152,243.58,SSP1-2.6
2039-07-05,0.0,29.037,65.287,6.119,281.69,SSP1-2.6
2039-07-06,19.1188,26.886,85.689,7.189,207.3,SSP1-2.6
2039-07-07,6.5829,26.328,90.747,6.776,195.09,SSP1-2.6
2039-07-08,15.6615,26.127,92.172,3.894,208.3,SSP1-2.6
2039-07-09,2.5686,26.797,87.193,4.453,254.53,SSP1-2.6
2039-07-10,0.5494,26.899,85.879,4.56,234.03,SSP1-2.6
2039-07-11,2.7828,27.744,84.273,4.042,251.88,SSP1-2.6
2039-07-12,14.5468,26.703,90.1,3.259,226.88,SSP1-2.6
2039-07-13,11.2325,26.746,89.879,4.392,226.29,SSP1-2.6
2039-07-14,19.3759,26.465,91.614,4.368,221.61,SSP1-2.6
2039-07-15,21.3866,26.507,90.364,6.896,230.76,SSP1-2.6
2039-07-16,19.4016,25.968,90.237,11.728,213.28,SSP1-2.6
2039-07-17,8.7034,25.801,90.608,11.203,201.38,SSP1-2.6
2039-07-18,1.6118,26.302,87.606,15.902,224.0,SSP1-2.6
2039-07-19,0.2635,25.928,88.455,15.506,208.91,SSP1-2.6
2039-07-20,7.1157,25.92,86.911,16.696,216.16,SSP1-2.6
2039-07-21,1.76,25.698,88.643,14.065,194.97,SSP1-2.6
2039-07-22,13.0341,26.601,87.161,12.35,246.38,SSP1-2.6
2039-07-23,1.3141,26.133,89.987,10.331,217.39,SSP1-2.6
2039-07-24,8.6707,26.371,89.451,12.499,222.34,SSP1-2.6
2039-07-25,14.6927,26.336,88.58,15.672,223.22,SSP1-2.6
2039-07-26,24.9629,25.614,91.617,15.103,194.79,SSP1-2.6
2039-07-27,22.4209,25.33,93.397,12.748,163.8,SSP1-2.6
2039-07-28,22.9409,25.694,92.445,11.672,198.74,SSP1-2.6
2039-07-29,73.2138,25.25,96.253,12.19,141.76,SSP1-2.6
2039-07-30,31.0987,25.275,93.763,16.411,142.43,SSP1-2.6
2039-07-31,4.5668,25.53,91.611,14.633,188.89,SSP1-2.6
2039-08-01,4.3924,25.854,91.14,13.728,204.36,SSP1-2.6
2039-08-02,0.5627,26.128,87.988,14.976,212.76,SSP1-2.6
2039-08-03,26.1673,26.024,91.122,13.652,211.19,SSP1-2.6
2039-08-04,17.6835,24.888,93.447,10.401,173.68,SSP1-2.6
2039-08-05,0.0,26.177,87.639,8.581,263.47,SSP1-2.6
2039-08-06,0.0,26.915,86.448,9.048,254.24,SSP1-2.6
2039-08-07,0.0,27.229,85.302,10.254,262.92,SSP1-2.6
2039-08-08,0.0,26.774,87.604,8.885,228.29,SSP1-2.6
2039-08-09,0.0,26.629,88.454,8.35,227.89,SSP1-2.6
2039-08-10,0.0,26.867,84.613,7.77,254.05,SSP1-2.6
2039-08-11,0.0,27.405,81.632,9.811,266.0,SSP1-2.6
2039-08-12,0.0,27.408,79.476,9.842,279.43,SSP1-2.6
2039-08-13,0.0,27.495,79.622,10.287,275.29,SSP1-2.6
2039-08-14,0.0,27.671,79.075,11.338,274.16,SSP1-2.6
2039-08-15,0.0,27.16,83.38,9.667,248.91,SSP1-2.6
2039-08-16,0.011,26.753,86.31,9.098,224.75,SSP1-2.6
2039-08-17,0.0,27.162,81.68,10.094,254.1,SSP1-2.6
2039-08-18,0.0,27.514,80.834,10.324,250.73,SSP1-2.6
2039-08-19,0.2731,27.469,80.047,10.467,259.55,SSP1-2.6
2039-08-20,0.0,26.586,85.235,9.374,242.73,SSP1-2.6
2039-08-21,0.0,26.785,83.847,8.278,244.43,SSP1-2.6
2039-08-22,0.0,27.349,81.424,8.384,245.9,SSP1-2.6
2039-08-23,0.0,27.734,79.825,9.772,258.07,SSP1-2.6
2039-08-24,0.0,27.234,81.388,9.68,243.62,SSP1-2.6
2039-08-25,0.0,27.157,84.105,8.076,243.28,SSP1-2.6
2039-08-26,0.2735,27.215,87.152,5.48,237.8,SSP1-2.6
2039-08-27,0.0,27.529,77.902,8.962,295.83,SSP1-2.6
2039-08-28,0.0,27.63,77.358,8.187,280.08,SSP1-2.6
2039-08-29,0.0,29.047,75.624,6.085,305.08,SSP1-2.6
2039-08-30,0.308,27.933,81.088,8.467,257.56,SSP1-2.6
2039-08-31,3.7007,26.951,84.847,10.411,241.92,SSP1-2.6
2039-09-01,35.2873,25.206,88.038,15.799,220.0,SSP1-2.6
2039-09-02,37.8183,25.076,93.529,13.945,182.09,SSP1-2.6
2039-09-03,34.4455,25.43,94.351,13.482,148.2,SSP1-2.6
2039-09-04,36.3651,25.029,94.105,11.155,180.07,SSP1-2.6
2039-09-05,28.9475,25.146,94.903,8.3,201.82,SSP1-2.6
2039-09-06,31.569,25.315,93.107,12.377,216.78,SSP1-2.6
2039-09-07,37.5953,25.251,92.998,14.305,202.69,SSP1-2.6
2039-09-08,32.6703,25.149,93.169,15.234,185.85,SSP1-2.6
2039-09-09,29.1254,25.161,94.043,13.543,188.47,SSP1-2.6
2039-09-10,0.0,25.113,92.028,14.159,192.45,SSP1-2.6
2039-09-11,2.5635,25.324,89.708,13.684,223.5,SSP1-2.6
2039-09-12,0.0,25.406,87.87,12.068,216.96,SSP1-2.6
2039-09-13,2.1784,25.499,88.848,11.16,222.99,SSP1-2.6
2039-09-14,0.3304,25.445,88.15,11.907,214.94,SSP1-2.6
2039-09-15,0.0,25.229,91.015,11.038,209.07,SSP1-2.6
2039-09-16,0.0,25.502,87.777,10.029,234.81,SSP1-2.6
2039-09-17,0.0,25.475,87.191,10.506,220.21,SSP1-2.6
2039-09-18,34.8337,25.342,92.419,7.95,184.91,SSP1-2.6
2039-09-19,15.7547,25.48,91.315,10.076,218.24,SSP1-2.6
2039-09-20,29.7162,24.982,95.467,11.292,197.92,SSP1-2.6
2039-09-21,6.0701,25.269,91.313,7.905,223.64,SSP1-2.6
2039-09-22,0.0,25.333,91.077,5.174,218.58,SSP1-2.6
2039-09-23,0.3676,25.621,89.642,3.77,249.08,SSP1-2.6
2039-09-24,0.3553,25.754,87.989,2.567,251.66,SSP1-2.6
2039-09-25,24.051,25.171,92.94,1.978,224.09,SSP1-2.6
2039-09-26,0.0084,26.022,87.884,3.432,243.75,SSP1-2.6
2039-09-27,0.0166,26.458,88.021,4.944,242.71,SSP1-2.6
2039-09-28,0.0,26.696,81.932,6.99,265.62,SSP1-2.6
2039-09-29,0.0,26.092,86.127,8.916,234.31,SSP1-2.6
2039-09-30,0.0,25.662,87.289,9.952,224.69,SSP1-2.6
2039-10-01,26.0764,25.027,90.974,11.155,184.92,SSP1-2.6
2039-10-02,5.3989,25.016,90.937,8.947,185.33,SSP1-2.6
2039-10-03,0.0,25.61,85.914,9.664,240.46,SSP1-2.6
2039-10-04,11.9857,25.566,87.234,9.184,229.99,SSP1-2.6
2039-10-05,26.5556,24.905,94.432,7.05,149.3,SSP1-2.6
2039-10-06,35.8169,24.913,93.614,6.044,195.64,SSP1-2.6
2039-10-07,51.9806,24.916,95.369,4.786,178.4,SSP1-2.6
2039-10-08,33.0831,24.841,96.097,6.513,181.22,SSP1-2.6
2039-10-09,1.8245,24.933,92.077,4.849,205.21,SSP1-2.6
2039-10-10,0.1703,25.301,89.116,6.55,239.53,SSP1-2.6
2039-10-11,0.0,25.456,85.935,8.668,222.14,SSP1-2.6
2039-10-12,0.8911,25.615,83.341,11.527,233.3,SSP1-2.6
2039-10-13,0.0,25.23,84.651,12.593,216.15,SSP1-2.6
2039-10-14,0.0,25.259,82.736,11.595,226.38,SSP1-2.6
2039-10-15,0.0,25.286,84.306,9.157,261.99,SSP1-2.6
2039-10-16,0.0,25.004,85.484,7.498,259.67,SSP1-2.6
2039-10-17,0.0,25.494,83.423,3.883,273.82,SSP1-2.6
2039-10-18,0.0,25.82,80.681,3.554,258.96,SSP1-2.6
2039-10-19,0.0,25.657,83.092,3.032,262.04,SSP1-2.6
2039-10-20,0.1945,26.073,80.682,5.888,225.25,SSP1-2.6
2039-10-21,0.0055,26.757,80.894,4.849,253.8,SSP1-2.6
2039-10-22,0.0128,25.809,83.758,5.097,221.1,SSP1-2.6
2039-10-23,0.0099,25.4,82.972,4.201,254.98,SSP1-2.6
2039-10-24,0.0,25.254,83.394,3.526,263.29,SSP1-2.6
2039-10-25,0.0,24.906,83.966,3.848,259.91,SSP1-2.6
2039-10-26,0.0,25.102,82.657,5.55,260.66,SSP1-2.6
2039-10-27,0.0,24.382,82.543,6.626,255.69,SSP1-2.6
2039-10-28,0.0,24.046,78.169,6.979,264.57,SSP1-2.6
2039-10-29,0.0,23.693,69.696,6.288,269.63,SSP1-2.6
2039-10-30,0.0,23.677,77.352,6.721,268.94,SSP1-2.6
2039-10-31,0.0,23.232,79.062,6.311,266.44,SSP1-2.6
2039-11-01,0.0,23.141,78.033,4.71,259.48,SSP1-2.6
2039-11-02,0.0,23.925,80.027,5.598,252.01,SSP1-2.6
2039-11-03,0.0,23.893,77.704,6.721,252.79,SSP1-2.6
2039-11-04,0.0,23.846,80.717,5.413,231.04,SSP1-2.6
2039-11-05,0.0,23.869,81.098,5.187,216.77,SSP1-2.6
2039-11-06,0.0,23.319,79.276,4.605,232.7,SSP1-2.6
2039-11-07,0.0,22.87,76.92,3.694,207.02,SSP1-2.6
2039-11-08,0.0,22.799,67.048,5.408,234.97,SSP1-2.6
2039-11-09,0.0,22.473,62.667,6.887,254.16,SSP1-2.6
2039-11-10,0.0,22.226,57.566,9.708,257.47,SSP1-2.6
2039-11-11,0.0,22.204,54.997,12.403,251.95,SSP1-2.6
2039-11-12,0.0,23.375,56.071,12.236,257.69,SSP1-2.6
2039-11-13,0.0,22.985,58.747,9.372,257.61,SSP1-2.6
2039-11-14,0.0,23.793,56.373,8.916,254.96,SSP1-2.6
2039-11-15,0.5226,24.153,76.166,11.027,199.27,SSP1-2.6
2039-11-16,4.4199,23.742,85.448,11.097,175.12,SSP1-2.6
2039-11-17,0.4112,24.295,83.056,8.996,182.48,SSP1-2.6
2039-11-18,0.0409,24.118,75.508,7.786,224.16,SSP1-2.6
2039-11-19,0.0,22.532,56.679,6.698,246.44,SSP1-2.6
2039-11-20,0.0,22.331,57.824,4.528,254.35,SSP1-2.6
2039-11-21,0.0,22.427,58.999,4.577,252.22,SSP1-2.6
2039-11-22,0.0,22.223,53.889,5.19,255.73,SSP1-2.6
2039-11-23,0.0,22.058,54.895,5.0,253.48,SSP1-2.6
2039-11-24,0.0,22.02,52.899,6.489,253.58,SSP1-2.6
2039-11-25,0.0,21.838,52.169,5.984,253.1,SSP1-2.6
2039-11-26,0.0,21.473,48.258,6.937,255.74,SSP1-2.6
2039-11-27,0.0,21.159,47.698,6.345,255.91,SSP1-2.6
2039-11-28,0.0,21.312,51.006,4.599,251.89,SSP1-2.6
2039-11-29,0.0,21.397,51.538,4.872,250.0,SSP1-2.6
2039-11-30,0.0,21.663,54.624,4.582,246.1,SSP1-2.6
2039-12-01,0.0,22.332,59.281,4.579,237.12,SSP1-2.6
2039-12-02,0.0,22.562,56.078,4.296,239.92,SSP1-2.6
2039-12-03,0.0,22.15,51.176,4.904,245.86,SSP1-2.6
2039-12-04,0.0,21.85,51.992,5.438,245.07,SSP1-2.6
2039-12-05,0.0,21.43,46.0,8.18,242.61,SSP1-2.6
2039-12-06,0.0,19.756,33.754,10.581,253.82,SSP1-2.6
2039-12-07,0.0,19.308,34.127,10.409,257.66,SSP1-2.6
2039-12-08,0.0,19.276,39.039,8.355,254.38,SSP1-2.6
2039-12-09,0.0,19.703,48.539,6.367,249.7,SSP1-2.6
2039-12-10,0.0,21.605,51.25,7.72,245.7,SSP1-2.6
2039-12-11,0.0,21.438,47.735,8.889,244.49,SSP1-2.6
2039-12-12,0.0,21.204,47.546,6.99,244.9,SSP1-2.6
2039-12-13,0.0,21.02,48.277,7.688,245.3,SSP1-2.6
2039-12-14,0.0,20.667,45.326,8.784,246.07,SSP1-2.6
2039-12-15,0.0,20.178,37.868,9.858,249.91,SSP1-2.6
2039-12-16,0.0,19.492,32.099,11.24,253.86,SSP1-2.6
2039-12-17,0.0,18.935,34.26,9.78,260.85,SSP1-2.6
2039-12-18,0.0,18.763,35.116,8.433,271.63,SSP1-2.6
2039-12-19,0.0,18.647,36.857,6.996,258.5,SSP1-2.6
2039-12-20,0.0,19.269,43.95,7.491,252.57,SSP1-2.6
2039-12-21,0.0,19.936,52.062,7.538,249.59,SSP1-2.6
2039-12-22,0.0,21.878,56.825,8.568,234.89,SSP1-2.6
2039-12-23,0.0,22.236,57.653,7.489,230.22,SSP1-2.6
2039-12-24,0.0,21.98,54.734,8.096,238.44,SSP1-2.6
2039-12-25,0.0,21.984,52.248,6.341,245.21,SSP1-2.6
2039-12-26,0.0,21.709,50.678,5.091,247.18,SSP1-2.6
2039-12-27,0.0,21.773,50.064,5.526,243.78,SSP1-2.6
2039-12-28,0.0,21.909,51.433,7.54,246.57,SSP1-2.6
2039-12-29,0.0,22.262,50.947,9.138,233.37,SSP1-2.6
2039-12-30,0.0,22.249,48.717,9.134,243.71,SSP1-2.6
2039-12-31,0.0,22.173,55.212,6.452,243.28,SSP1-2.6
2040-01-01,0.0,22.378,51.099,7.304,246.51,SSP1-2.6
2040-01-02,0.0,22.167,50.328,6.542,248.68,SSP1-2.6
2040-01-03,0.0,22.588,52.771,4.229,234.04,SSP1-2.6
2040-01-04,0.0,22.5,53.764,5.45,232.57,SSP1-2.6
2040-01-05,0.0,22.749,49.355,7.84,244.93,SSP1-2.6
2040-01-06,0.0,22.274,39.225,12.422,246.81,SSP1-2.6
2040-01-07,0.0,21.131,39.36,11.859,240.61,SSP1-2.6
2040-01-08,0.0,20.681,38.013,9.073,245.86,SSP1-2.6
2040-01-09,0.0,20.712,41.841,7.43,249.26,SSP1-2.6
2040-01-10,0.0,21.18,45.809,5.791,253.11,SSP1-2.6
2040-01-11,0.0,21.199,43.872,10.898,244.53,SSP1-2.6
2040-01-12,0.0,20.83,42.073,9.784,241.92,SSP1-2.6
2040-01-13,0.0,21.005,49.007,7.663,231.53,SSP1-2.6
2040-01-14,0.0,20.522,51.513,6.127,210.22,SSP1-2.6
2040-01-15,0.0,20.741,49.372,5.553,220.1,SSP1-2.6
2040-01-16,0.0,21.172,54.57,6.704,213.21,SSP1-2.6
2040-01-17,0.0,22.444,55.992,7.722,208.14,SSP1-2.6
2040-01-18,0.0,21.246,64.719,7.759,161.64,SSP1-2.6
2040-01-19,0.0,21.352,67.893,7.141,195.01,SSP1-2.6
2040-01-20,0.0,22.865,62.292,7.8,229.3,SSP1-2.6
2040-01-21,0.0,24.071,52.838,7.121,246.86,SSP1-2.6
2040-01-22,0.0,24.099,50.647,8.711,248.52,SSP1-2.6
2040-01-23,0.0,23.939,53.297,7.884,232.29,SSP1-2.6
2040-01-24,0.0,23.561,52.446,7.125,231.9,SSP1-2.6
2040-01-25,0.0,23.061,49.932,8.662,240.09,SSP1-2.6
2040-01-26,0.0,22.887,51.736,9.39,257.64,SSP1-2.6
2040-01-27,0.0,23.179,52.503,7.688,250.07,SSP1-2.6
2040-01-28,0.0,23.349,51.128,10.375,253.84,SSP1-2.6
2040-01-29,0.0,23.679,47.552,11.949,260.91,SSP1-2.6
2040-01-30,0.0,23.801,49.597,6.094,229.47,SSP1-2.6
2040-01-31,0.0,22.714,37.725,11.609,273.76,SSP1-2.6
2040-02-01,0.0,22.33,32.526,10.514,280.44,SSP1-2.6
2040-02-02,0.0,22.217,48.753,7.504,264.36,SSP1-2.6
2040-02-03,0.0,23.164,51.743,5.503,259.83,SSP1-2.6
2040-02-04,0.0,23.465,46.49,7.411,263.02,SSP1-2.6
2040-02-05,0.0,23.495,47.494,8.51,258.46,SSP1-2.6
2040-02-06,0.0,23.468,50.339,6.676,218.45,SSP1-2.6
2040-02-07,0.0,23.472,49.341,9.363,225.45,SSP1-2.6
2040-02-08,0.0,23.739,41.461,8.885,268.28,SSP1-2.6
2040-02-09,0.0,23.428,42.431,8.254,279.46,SSP1-2.6
2040-02-10,0.0,23.928,44.353,6.897,276.43,SSP1-2.6
2040-02-11,0.0,23.79,42.232,5.39,283.9,SSP1-2.6
2040-02-12,0.0,23.609,41.65,4.506,283.49,SSP1-2.6
2040-02-13,0.0,24.11,39.525,6.019,284.08,SSP1-2.6
2040-02-14,0.0,24.37,37.96,5.318,283.66,SSP1-2.6
2040-02-15,0.0,24.874,37.468,5.07,288.63,SSP1-2.6
2040-02-16,0.0,25.274,42.946,3.733,249.07,SSP1-2.6
2040-02-17,0.0,25.576,42.941,3.736,272.79,SSP1-2.6
2040-02-18,0.0,25.353,39.61,6.063,291.47,SSP1-2.6
2040-02-19,0.0,25.524,37.905,6.8,290.15,SSP1-2.6
2040-02-20,0.0,25.607,39.902,5.524,293.11,SSP1-2.6
2040-02-21,0.0,25.781,40.12,5.256,295.25,SSP1-2.6
2040-02-22,0.0,25.165,39.869,7.875,291.7,SSP1-2.6
2040-02-23,0.0,24.911,37.045,6.549,299.07,SSP1-2.6
2040-02-24,0.0,25.143,35.857,6.786,300.85,SSP1-2.6
2040-02-25,0.0,25.657,37.051,6.498,277.79,SSP1-2.6
2040-02-26,0.0,25.784,34.73,4.982,295.82,SSP1-2.6
2040-02-27,0.0,26.426,34.976,6.817,308.14,SSP1-2.6
2040-02-28,0.0,26.766,36.748,7.088,305.46,SSP1-2.6
2040-02-29,0.0,26.566,34.099,7.029,309.69,SSP1-2.6
2040-03-01,0.0,26.73,34.459,8.931,304.95,SSP1-2.6
2040-03-02,0.0,26.528,31.762,9.76,310.16,SSP1-2.6
2040-03-03,0.0,26.249,33.054,9.722,321.52,SSP1-2.6
2040-03-04,0.0,25.474,43.631,9.821,208.21,SSP1-2.6
2040-03-05,0.0,25.292,62.569,9.616,204.83,SSP1-2.6
2040-03-06,0.0,25.905,57.764,9.159,234.25,SSP1-2.6
2040-03-07,0.0,27.306,39.964,6.747,312.52,SSP1-2.6
2040-03-08,0.0,27.155,31.235,7.305,319.76,SSP1-2.6
2040-03-09,0.0,27.419,30.403,6.645,320.02,SSP1-2.6
2040-03-10,0.0,27.139,32.252,4.784,323.44,SSP1-2.6
2040-03-11,0.0035,28.334,35.13,10.775,272.94,SSP1-2.6
2040-03-12,0.0171,27.214,47.921,9.602,234.76,SSP1-2.6
2040-03-13,1.0384,27.363,53.087,6.867,259.74,SSP1-2.6
2040-03-14,0.5734,26.801,56.468,8.909,266.81,SSP1-2.6
2040-03-15,0.0,27.831,44.782,6.792,257.01,SSP1-2.6
2040-03-16,0.0,28.276,37.814,5.84,320.23,SSP1-2.6
2040-03-17,0.0,28.141,36.941,5.928,325.8,SSP1-2.6
2040-03-18,0.0,28.668,35.253,7.129,320.67,SSP1-2.6
2040-03-19,0.0,28.859,31.281,9.103,323.4,SSP1-2.6
2040-03-20,0.0,28.393,30.016,10.566,325.71,SSP1-2.6
2040-03-21,0.0,28.174,33.979,9.154,330.62,SSP1-2.6
2040-03-22,0.0,28.417,35.291,6.028,335.08,SSP1-2.6
2040-03-23,0.0,28.667,33.723,4.437,326.03,SSP1-2.6
2040-03-24,0.0,28.925,31.503,4.819,323.07,SSP1-2.6
2040-03-25,0.0,28.614,30.87,7.392,336.3,SSP1-2.6
2040-03-26,0.0,29.455,30.815,11.076,324.23,SSP1-2.6
2040-03-27,0.0,29.717,27.603,11.076,326.58,SSP1-2.6
2040-03-28,0.0,29.473,28.274,8.687,311.89,SSP1-2.6
2040-03-29,0.0,29.68,30.966,5.645,318.95,SSP1-2.6
2040-03-30,0.0,30.799,31.081,5.874,307.68,SSP1-2.6
2040-03-31,0.0177,30.357,34.222,8.948,287.59,SSP1-2.6
2040-04-01,0.0756,26.447,48.505,9.98,216.81,SSP1-2.6
2040-04-02,0.5686,25.549,54.132,8.327,209.75,SSP1-2.6
2040-04-03,0.0,29.953,36.713,7.557,317.01,SSP1-2.6
2040-04-04,0.0,29.843,35.98,9.097,295.38,SSP1-2.6
2040-04-05,0.0397,30.342,37.485,9.481,312.31,SSP1-2.6
2040-04-06,0.9607,30.206,38.684,7.815,318.45,SSP1-2.6
2040-04-07,0.1365,29.13,44.247,7.321,253.01,SSP1-2.6
2040-04-08,0.0,30.005,38.682,5.042,319.79,SSP1-2.6
2040-04-09,0.0,30.156,33.338,5.532,337.49,SSP1-2.6
2040-04-10,0.0,30.503,30.347,7.076,334.75,SSP1-2.6
2040-04-11,0.0,30.658,29.199,8.197,337.48,SSP1-2.6
2040-04-12,0.0,30.709,29.004,9.839,328.88,SSP1-2.6
2040-04-13,0.0,30.702,29.047,9.225,331.9,SSP1-2.6
2040-04-14,0.0,30.476,28.027,7.508,331.89,SSP1-2.6
2040-04-15,0.0,31.433,27.559,8.156,323.14,SSP1-2.6
2040-04-16,0.0,31.757,27.087,5.341,334.06,SSP1-2.6
2040-04-17,0.0,32.059,26.799,6.055,322.95,SSP1-2.6
2040-04-18,0.0,31.926,25.402,6.794,313.69,SSP1-2.6
2040-04-19,0.0,31.712,24.504,5.655,324.76,SSP1-2.6
2040-04-20,0.0,31.317,22.891,6.81,311.09,SSP1-2.6
2040-04-21,0.0,30.77,21.925,5.463,362.08,SSP1-2.6
2040-04-22,0.0,30.539,25.536,4.636,342.0,SSP1-2.6
2040-04-23,0.0,31.063,27.978,8.526,347.0,SSP1-2.6
2040-04-24,0.0,31.72,28.256,8.941,309.53,SSP1-2.6
2040-04-25,0.0,31.854,28.766,8.065,298.58,SSP1-2.6
2040-04-26,0.0,31.866,29.327,6.422,304.06,SSP1-2.6
2040-04-27,0.0,32.144,27.705,5.271,313.79,SSP1-2.6
2040-04-28,0.0,31.746,24.852,5.066,353.84,SSP1-2.6
2040-04-29,0.0,32.031,22.007,5.114,360.23,SSP1-2.6
2040-04-30,0.0,32.315,20.736,7.745,366.99,SSP1-2.6
2040-05-01,0.0,33.824,21.11,6.849,364.13,SSP1-2.6
2040-05-02,0.0,34.333,21.533,5.251,351.95,SSP1-2.6
2040-05-03,0.0,34.474,21.309,5.158,362.8,SSP1-2.6
2040-05-04,0.0,34.43,21.034,6.067,360.8,SSP1-2.6
2040-05-05,0.0,34.563,20.793,7.363,365.89,SSP1-2.6
2040-05-06,0.0,34.397,22.032,6.75,358.27,SSP1-2.6
2040-05-07,0.0,34.666,21.884,6.632,338.57,SSP1-2.6
2040-05-08,0.0966,35.541,24.054,7.375,313.0,SSP1-2.6
2040-05-09,1.1383,35.104,27.907,10.125,322.82,SSP1-2.6
2040-05-10,0.0471,35.088,28.109,8.275,321.37,SSP1-2.6
2040-05-11,0.4388,34.453,30.536,6.096,276.94,SSP1-2.6
2040-05-12,0.0,34.628,28.527,7.252,294.56,SSP1-2.6
2040-05-13,0.0015,34.039,29.204,9.569,247.98,SSP1-2.6
2040-05-14,0.0,35.02,26.95,9.23,330.88,SSP1-2.6
2040-05-15,0.9326,35.577,26.947,10.605,311.93,SSP1-2.6
2040-05-16,0.0256,35.641,26.648,9.448,314.49,SSP1-2.6
2040-05-17,0.0005,35.602,26.348,8.081,333.69,SSP1-2.6
2040-05-18,0.1091,35.35,27.729,8.089,291.48,SSP1-2.6
2040-05-19,0.0009,35.634,26.358,10.519,331.91,SSP1-2.6
2040-05-20,0.0,35.673,23.821,9.992,350.42,SSP1-2.6
2040-05-21,0.0,35.77,22.198,10.727,356.58,SSP1-2.6
2040-05-22,0.0,36.012,22.068,10.841,350.81,SSP1-2.6
2040-05-23,0.0,35.681,23.044,9.682,287.43,SSP1-2.6
2040-05-24,0.0,35.5,20.454,7.463,360.76,SSP1-2.6
2040-05-25,0.0,35.765,24.791,6.477,321.59,SSP1-2.6
2040-05-26,0.0,35.412,21.041,7.486,301.08,SSP1-2.6
2040-05-27,0.0,35.326,21.371,10.23,322.01,SSP1-2.6
2040-05-28,0.0,36.668,21.895,12.764,345.45,SSP1-2.6
2040-05-29,0.0,36.645,24.774,9.093,308.13,SSP1-2.6
2040-05-30,0.0,36.466,24.083,7.251,316.24,SSP1-2.6
2040-05-31,0.0418,36.474,23.898,7.676,331.37,SSP1-2.6
2040-06-01,0.0173,35.299,26.275,8.486,328.12,SSP1-2.6
2040-06-02,1.6045,34.515,34.118,9.011,298.23,SSP1-2.6
2040-06-03,0.0103,33.456,37.724,9.728,264.8,SSP1-2.6
2040-06-04,0.0,32.909,41.358,8.078,268.15,SSP1-2.6
2040-06-05,0.0722,32.487,47.376,8.067,244.69,SSP1-2.6
2040-06-06,2.1859,33.598,51.857,9.28,273.03,SSP1-2.6
2040-06-07,2.504,33.767,48.629,8.257,311.19,SSP1-2.6
2040-06-08,0.0,33.252,50.104,7.109,297.87,SSP1-2.6
2040-06-09,7.1341,33.813,51.978,6.5,292.44,SSP1-2.6
2040-06-10,12.977,30.968,62.246,8.911,279.48,SSP1-2.6
2040-06-11,0.0258,30.244,61.743,9.016,295.63,SSP1-2.6
2040-06-12,10.6341,30.568,63.926,7.873,263.22,SSP1-2.6
2040-06-13,2.2677,27.928,73.323,8.543,222.65,SSP1-2.6
2040-06-14,0.2694,28.407,65.866,17.451,243.02,SSP1-2.6
2040-06-15,0.0,29.269,63.415,17.722,267.17,SSP1-2.6
2040-06-16,10.301,27.412,71.693,16.076,224.43,SSP1-2.6
2040-06-17,0.1546,28.215,66.71,15.618,264.82,SSP1-2.6
2040-06-18,0.4208,28.088,68.169,14.2,248.9,SSP1-2.6
2040-06-19,0.0,28.165,64.1,14.911,265.46,SSP1-2.6
2040-06-20,1.6755,29.131,63.496,16.866,274.13,SSP1-2.6
2040-06-21,14.9604,27.097,75.669,16.649,222.52,SSP1-2.6
2040-06-22,28.3687,26.213,86.258,15.808,161.39,SSP1-2.6
2040-06-23,25.645,26.167,86.913,18.019,213.25,SSP1-2.6
2040-06-24,50.1274,24.498,92.215,17.938,191.13,SSP1-2.6
2040-06-25,20.4144,25.865,88.269,13.611,202.29,SSP1-2.6
2040-06-26,1.8477,26.756,83.174,12.258,228.96,SSP1-2.6
2040-06-27,5.4533,26.369,87.77,13.685,203.32,SSP1-2.6
2040-06-28,4.2789,26.445,86.96,14.609,207.54,SSP1-2.6
2040-06-29,4.467,26.584,86.868,14.047,212.08,SSP1-2.6
2040-06-30,9.2567,26.306,86.66,14.172,192.98,SSP1-2.6
2040-07-01,0.1752,26.613,82.785,11.785,245.98,SSP1-2.6
2040-07-02,2.51,26.866,83.155,10.765,257.92,SSP1-2.6
2040-07-03,9.7716,26.629,85.116,11.538,247.81,SSP1-2.6
2040-07-04,0.806,26.263,86.35,11.632,229.24,SSP1-2.6
2040-07-05,10.0576,25.993,87.754,12.592,214.88,SSP1-2.6
2040-07-06,22.4951,25.592,93.307,11.782,158.42,SSP1-2.6
2040-07-07,8.4103,25.597,91.52,9.631,202.56,SSP1-2.6
2040-07-08,8.1332,25.719,91.534,4.345,209.69,SSP1-2.6
2040-07-09,22.7761,25.934,91.832,3.683,216.67,SSP1-2.6
2040-07-10,27.8713,25.763,93.734,6.892,215.03,SSP1-2.6
2040-07-11,3.1976,25.949,91.127,8.792,221.8,SSP1-2.6
2040-07-12,0.3666,26.439,87.743,7.343,245.9,SSP1-2.6
2040-07-13,0.1646,26.795,86.456,7.405,254.95,SSP1-2.6
2040-07-14,0.0,26.588,87.781,8.724,239.88,SSP1-2.6
2040-07-15,0.0,26.867,86.179,6.774,253.66,SSP1-2.6
2040-07-16,0.2916,27.878,85.87,3.908,252.13,SSP1-2.6
2040-07-17,16.3277,27.507,88.866,4.133,246.73,SSP1-2.6
2040-07-18,16.7122,25.707,92.595,6.186,201.73,SSP1-2.6
2040-07-19,0.0,26.962,83.85,8.518,254.24,SSP1-2.6
2040-07-20,0.0,28.073,80.97,6.213,292.14,SSP1-2.6
2040-07-21,2.8379,27.664,87.378,4.602,258.42,SSP1-2.6
2040-07-22,3.8777,26.515,90.485,4.183,227.57,SSP1-2.6
2040-07-23,0.8923,26.765,89.705,6.15,222.89,SSP1-2.6
2040-07-24,0.0,26.504,86.689,7.253,223.84,SSP1-2.6
2040-07-25,0.3749,27.293,82.699,9.465,278.33,SSP1-2.6
2040-07-26,25.9207,25.461,92.881,7.321,178.5,SSP1-2.6
2040-07-27,0.8572,25.406,91.873,10.221,201.18,SSP1-2.6
2040-07-28,3.6247,26.123,87.46,11.743,247.53,SSP1-2.6
2040-07-29,28.2118,25.384,92.533,12.978,180.08,SSP1-2.6
2040-07-30,8.5988,25.564,90.502,12.041,205.26,SSP1-2.6
2040-07-31,9.8995,26.208,88.374,14.429,230.3,SSP1-2.6
2040-08-01,0.5979,26.85,85.231,15.783,231.05,SSP1-2.6
2040-08-02,0.2439,26.398,88.011,14.637,217.95,SSP1-2.6
2040-08-03,0.0,26.894,85.227,15.299,247.02,SSP1-2.6
2040-08-04,0.2507,26.588,87.698,13.831,223.74,SSP1-2.6
2040-08-05,1.682,26.355,89.373,15.888,212.83,SSP1-2.6
2040-08-06,26.4234,25.895,91.605,21.24,194.87,SSP1-2.6
2040-08-07,3.2293,26.404,88.132,16.845,214.38,SSP1-2.6
2040-08-08,0.0,26.935,85.368,11.739,257.69,SSP1-2.6
2040-08-09,0.0405,27.101,85.868,12.999,240.09,SSP1-2.6
2040-08-10,14.3969,26.979,87.926,11.702,245.35,SSP1-2.6
2040-08-11,9.5631,26.199,91.925,13.083,198.38,SSP1-2.6
2040-08-12,0.8902,26.359,90.981,13.91,213.28,SSP1-2.6
2040-08-13,0.6856,26.949,84.38,14.046,272.03,SSP1-2.6
2040-08-14,0.4288,26.888,87.279,11.929,244.97,SSP1-2.6
2040-08-15,5.3729,26.278,89.398,11.563,211.65,SSP1-2.6
2040-08-16,0.1781,26.012,91.658,8.462,200.91,SSP1-2.6
2040-08-17,0.0,27.055,83.468,8.722,267.89,SSP1-2.6
2040-08-18,0.0,27.154,83.893,8.783,257.73,SSP1-2.6
2040-08-19,0.0,27.474,79.55,9.159,306.4,SSP1-2.6
2040-08-20,0.0,28.04,82.359,7.196,257.92,SSP1-2.6
2040-08-21,0.0322,27.672,86.789,4.988,245.02,SSP1-2.6
2040-08-22,4.3658,26.997,88.794,8.064,229.56,SSP1-2.6
2040-08-23,12.6717,26.82,89.099,9.861,221.7,SSP1-2.6
2040-08-24,0.1611,26.632,90.07,10.234,228.03,SSP1-2.6
2040-08-25,22.4611,27.096,89.356,7.075,249.45,SSP1-2.6
2040-08-26,23.0712,26.387,94.039,4.298,211.05,SSP1-2.6
2040-08-27,0.0,27.095,86.64,7.369,253.81,SSP1-2.6
2040-08-28,0.0,27.507,80.888,8.595,289.77,SSP1-2.6
2040-08-29,0.0,27.475,80.658,9.52,279.33,SSP1-2.6
2040-08-30,0.0,27.397,80.388,8.434,298.51,SSP1-2.6
2040-08-31,0.0,27.485,80.122,6.396,293.18,SSP1-2.6
2040-09-01,17.278,27.044,82.488,5.966,261.67,SSP1-2.6
2040-09-02,6.5044,25.803,90.975,6.428,225.73,SSP1-2.6
2040-09-03,29.723,25.443,92.352,3.455,222.6,SSP1-2.6
2040-09-04,10.9593,25.895,87.682,8.33,245.93,SSP1-2.6
2040-09-05,7.8439,25.666,85.562,12.94,234.88,SSP1-2.6
2040-09-06,1.3226,25.645,88.348,11.62,232.71,SSP1-2.6
2040-09-07,17.3158,25.672,89.163,12.929,214.82,SSP1-2.6
2040-09-08,1.6416,25.618,87.635,13.033,214.31,SSP1-2.6
2040-09-09,0.7871,25.601,84.514,12.013,222.37,SSP1-2.6
2040-09-10,1.3765,25.39,87.528,12.375,203.51,SSP1-2.6
2040-09-11,0.0,25.975,83.084,11.46,244.27,SSP1-2.6
2040-09-12,0.0,26.325,82.875,8.868,251.8,SSP1-2.6
2040-09-13,0.0,26.133,82.626,7.091,240.55,SSP1-2.6
2040-09-14,0.0,26.626,81.228,7.377,263.76,SSP1-2.6
2040-09-15,0.3527,25.851,87.856,4.259,221.57,SSP1-2.6
2040-09-16,8.441,25.613,90.367,3.149,222.18,SSP1-2.6
2040-09-17,1.2685,25.574,90.415,3.084,228.39,SSP1-2.6
2040-09-18,16.2924,25.64,90.511,4.278,228.84,SSP1-2.6
2040-09-19,34.1924,25.283,92.235,5.452,215.03,SSP1-2.6
2040-09-20,6.2003,25.344,91.972,5.334,217.99,SSP1-2.6
2040-09-21,1.319,25.559,90.313,3.791,222.47,SSP1-2.6
2040-09-22,1.2486,26.3,87.535,2.724,242.88,SSP1-2.6
2040-09-23,16.1,25.369,92.239,2.934,217.33,SSP1-2.6
2040-09-24,7.4582,25.41,90.676,3.426,222.56,SSP1-2.6
2040-09-25,0.4006,25.478,88.69,4.594,231.11,SSP1-2.6
2040-09-26,0.1328,25.588,88.543,4.099,230.58,SSP1-2.6
2040-09-27,1.6392,25.3,90.028,4.647,222.17,SSP1-2.6
2040-09-28,0.3806,25.386,88.811,5.674,231.82,SSP1-2.6
2040-09-29,0.0,25.557,86.893,4.918,227.64,SSP1-2.6
2040-09-30,0.0644,25.836,81.375,5.386,281.05,SSP1-2.6
2040-10-01,0.0,25.036,83.9,3.842,238.7,SSP1-2.6
2040-10-02,0.1279,24.908,85.573,3.441,221.84,SSP1-2.6
2040-10-03,0.9253,25.128,85.474,5.659,226.81,SSP1-2.6
2040-10-04,0.4707,25.199,87.982,5.771,227.85,SSP1-2.6
2040-10-05,6.1384,25.195,88.578,6.692,223.56,SSP1-2.6
2040-10-06,21.9066,24.752,90.568,7.287,213.29,SSP1-2.6
2040-10-07,44.4713,24.739,94.711,8.431,175.11,SSP1-2.6
2040-10-08,47.6045,24.56,94.006,10.228,171.96,SSP1-2.6
2040-10-09,40.7449,24.232,95.448,8.942,162.0,SSP1-2.6
2040-10-10,23.5665,24.467,92.737,7.044,191.46,SSP1-2.6
2040-10-11,16.1983,24.776,89.992,4.778,217.45,SSP1-2.6
2040-10-12,4.0318,25.026,88.417,6.924,212.71,SSP1-2.6
2040-10-13,9.9835,25.011,88.617,6.796,212.76,SSP1-2.6
2040-10-14,0.018,24.882,87.744,7.287,210.41,SSP1-2.6
2040-10-15,0.0,25.517,76.564,7.734,248.55,SSP1-2.6
2040-10-16,0.0,25.382,71.549,8.083,281.47,SSP1-2.6
2040-10-17,0.0,24.553,68.9,7.853,280.7,SSP1-2.6
2040-10-18,0.0,24.572,66.116,7.511,282.74,SSP1-2.6
2040-10-19,0.0,24.694,69.567,8.13,279.53,SSP1-2.6
2040-10-20,0.0103,25.726,67.274,9.265,275.23,SSP1-2.6
2040-10-21,0.0,24.767,66.947,8.318,224.92,SSP1-2.6
2040-10-22,0.0,24.671,61.781,8.492,249.72,SSP1-2.6
2040-10-23,0.0,24.537,60.834,9.127,279.12,SSP1-2.6
2040-10-24,0.0,24.741,58.451,10.245,272.04,SSP1-2.6
2040-10-25,0.0,24.536,59.801,10.459,265.97,SSP1-2.6
2040-10-26,0.0,23.874,58.93,8.801,238.91,SSP1-2.6
2040-10-27,0.0,23.088,61.845,4.559,210.78,SSP1-2.6
2040-10-28,0.0,22.831,66.629,3.609,227.49,SSP1-2.6
2040-10-29,0.0861,23.178,79.26,2.965,184.62,SSP1-2.6
2040-10-30,0.1844,25.083,79.09,4.254,224.24,SSP1-2.6
2040-10-31,0.009,25.028,74.665,6.869,229.44,SSP1-2.6
2040-11-01,0.0665,25.133,80.281,4.645,247.28,SSP1-2.6
2040-11-02,0.0163,25.159,82.095,5.736,212.02,SSP1-2.6
2040-11-03,0.3464,25.05,82.49,2.873,192.92,SSP1-2.6
2040-11-04,6.7757,24.117,85.921,5.965,204.58,SSP1-2.6
2040-11-05,0.6544,24.706,83.785,5.36,217.78,SSP1-2.6
2040-11-06,6.4851,24.59,83.641,4.822,205.52,SSP1-2.6
2040-11-07,0.0017,24.517,81.679,6.726,245.09,SSP1-2.6
2040-11-08,0.0,24.645,75.438,5.019,245.91,SSP1-2.6
2040-11-09,0.0,24.367,74.179,5.845,249.95,SSP1-2.6
2040-11-10,0.0,24.303,77.101,7.498,238.84,SSP1-2.6
2040-11-11,0.0,23.688,71.947,7.522,250.29,SSP1-2.6
2040-11-12,0.0,23.336,67.157,7.448,250.82,SSP1-2.6
2040-11-13,0.0,23.115,63.363,6.776,248.92,SSP1-2.6
2040-11-14,0.0,22.84,66.06,8.282,216.93,SSP1-2.6
2040-11-15,0.0,22.567,59.868,8.605,237.95,SSP1-2.6
2040-11-16,0.1213,22.489,58.388,8.536,209.14,SSP1-2.6
2040-11-17,0.0589,22.656,65.184,8.74,213.04,SSP1-2.6
2040-11-18,0.0,22.502,62.607,8.258,220.33,SSP1-2.6
2040-11-19,0.0,22.424,55.303,8.795,243.55,SSP1-2.6
2040-11-20,0.0,21.291,57.511,9.572,208.65,SSP1-2.6
2040-11-21,0.0,21.289,50.84,8.079,253.04,SSP1-2.6
2040-11-22,0.0,21.258,53.299,5.776,252.19,SSP1-2.6
2040-11-23,0.0,21.585,56.855,6.882,238.86,SSP1-2.6
2040-11-24,0.0,21.334,41.311,8.251,249.12,SSP1-2.6
2040-11-25,0.0,20.839,38.478,7.53,254.35,SSP1-2.6
2040-11-26,0.0,20.411,38.883,7.527,255.92,SSP1-2.6
2040-11-27,0.0,20.25,40.715,8.122,256.27,SSP1-2.6
2040-11-28,0.0,20.45,41.674,8.767,254.92,SSP1-2.6
2040-11-29,0.0,21.072,41.891,9.139,252.91,SSP1-2.6
2040-11-30,0.0,20.725,41.603,6.619,253.47,SSP1-2.6
2040-12-01,0.0,20.948,47.013,4.66,248.71,SSP1-2.6
2040-12-02,0.0,21.257,52.011,5.424,243.62,SSP1-2.6
2040-12-03,0.0,22.203,58.149,7.676,227.84,SSP1-2.6
2040-12-04,0.0,21.908,54.843,8.107,233.29,SSP1-2.6
2040-12-05,0.0,22.619,54.376,8.588,226.02,SSP1-2.6
2040-12-06,0.0,23.048,51.508,9.519,235.64,SSP1-2.6
2040-12-07,0.0,23.008,51.023,9.533,237.41,SSP1-2.6
2040-12-08,0.0,21.847,49.699,8.979,232.47,SSP1-2.6
2040-12-09,0.0,21.74,48.104,7.864,245.18,SSP1-2.6
2040-12-10,0.0,21.727,46.286,7.795,244.01,SSP1-2.6
2040-12-11,0.0,21.823,46.133,7.041,239.91,SSP1-2.6
2040-12-12,0.0,21.254,43.624,9.091,243.11,SSP1-2.6
2040-12-13,0.0,20.668,45.851,8.91,241.62,SSP1-2.6
2040-12-14,0.0,20.754,49.248,8.805,238.72,SSP1-2.6
2040-12-15,0.0,20.434,45.365,10.075,245.14,SSP1-2.6
2040-12-16,0.0,19.892,45.51,9.399,199.73,SSP1-2.6
2040-12-17,0.0,20.357,58.312,9.881,183.32,SSP1-2.6
2040-12-18,0.0,21.256,60.09,10.26,178.21,SSP1-2.6
2040-12-19,0.0,20.802,67.328,7.977,170.0,SSP1-2.6
2040-12-20,0.0,20.674,62.211,9.042,195.16,SSP1-2.6
2040-12-21,0.0,21.223,59.933,8.503,180.07,SSP1-2.6
2040-12-22,0.0,21.073,53.619,9.283,195.81,SSP1-2.6
2040-12-23,0.0,20.344,48.116,9.44,216.38,SSP1-2.6
2040-12-24,0.0,20.248,45.493,9.274,236.74,SSP1-2.6
2040-12-25,0.0,19.964,43.005,9.141,245.43,SSP1-2.6
2040-12-26,0.0,19.517,37.821,10.177,249.34,SSP1-2.6
2040-12-27,0.0,19.356,38.224,8.83,251.65,SSP1-2.6
2040-12-28,0.0,19.423,42.41,7.809,251.54,SSP1-2.6
2040-12-29,0.0,20.459,44.772,5.637,249.79,SSP1-2.6
2040-12-30,0.0,20.978,47.674,4.859,246.13,SSP1-2.6
2040-12-31,0.0,21.424,46.523,6.374,247.44,SSP1-2.6
2041-01-01,0.0,21.486,45.85,6.176,246.84,SSP1-2.6
2041-01-02,0.0,21.76,46.961,5.95,248.32,SSP1-2.6
2041-01-03,0.0,21.755,46.731,9.168,247.18,SSP1-2.6
2041-01-04,0.0,21.477,41.164,8.991,255.6,SSP1-2.6
2041-01-05,0.0,21.518,52.184,9.851,245.51,SSP1-2.6
2041-01-06,0.0,21.764,52.709,9.911,243.66,SSP1-2.6
2041-01-07,0.0,22.397,53.942,5.697,248.36,SSP1-2.6
2041-01-08,0.0,23.083,59.644,7.349,223.63,SSP1-2.6
2041-01-09,0.0,23.892,55.232,10.556,225.46,SSP1-2.6
2041-01-10,0.0,23.899,57.014,7.233,210.99,SSP1-2.6
2041-01-11,0.0,24.037,55.669,7.441,224.38,SSP1-2.6
2041-01-12,0.0,23.715,59.172,12.528,220.59,SSP1-2.6
2041-01-13,0.0,20.996,77.686,9.275,139.83,SSP1-2.6
2041-01-14,0.0,23.58,54.926,8.023,243.38,SSP1-2.6
2041-01-15,0.0,23.234,59.033,6.861,237.7,SSP1-2.6
2041-01-16,0.0,23.235,49.667,9.7,238.93,SSP1-2.6
2041-01-17,0.0,22.11,40.993,10.168,256.15,SSP1-2.6
2041-01-18,0.0,21.825,40.142,9.363,256.61,SSP1-2.6
2041-01-19,0.0,22.669,53.536,8.978,251.2,SSP1-2.6
2041-01-20,0.0,23.468,55.467,9.057,232.04,SSP1-2.6
2041-01-21,0.0,23.4,55.642,9.542,230.4,SSP1-2.6
2041-01-22,0.0,23.04,55.852,10.862,226.86,SSP1-2.6
2041-01-23,0.0,23.176,48.846,8.987,248.3,SSP1-2.6
2041-01-24,0.0,23.053,50.446,9.117,256.94,SSP1-2.6
2041-01-25,0.0,23.387,50.08,9.488,254.83,SSP1-2.6
2041-01-26,0.0,23.063,51.281,9.262,230.11,SSP1-2.6
2041-01-27,0.0,22.489,54.132,9.315,215.8,SSP1-2.6
2041-01-28,0.0,22.792,55.277,6.803,225.44,SSP1-2.6
2041-01-29,0.0,23.289,53.084,7.09,234.61,SSP1-2.6
2041-01-30,0.0,22.935,56.099,8.16,214.88,SSP1-2.6
2041-01-31,0.0,23.147,50.999,7.325,229.72,SSP1-2.6
2041-02-01,0.0,24.007,46.679,6.237,269.77,SSP1-2.6
2041-02-02,0.0,24.022,46.559,8.714,264.27,SSP1-2.6
2041-02-03,0.0,24.199,45.99,9.851,264.62,SSP1-2.6
2041-02-04,0.0,24.563,46.54,10.502,225.52,SSP1-2.6
2041-02-05,0.0,23.341,53.052,8.881,192.78,SSP1-2.6
2041-02-06,0.0,24.749,50.026,9.764,268.52,SSP1-2.6
2041-02-07,0.0,24.817,52.736,7.892,259.55,SSP1-2.6
2041-02-08,0.0,23.97,59.24,6.021,206.45,SSP1-2.6
2041-02-09,0.0,25.028,52.711,5.524,257.93,SSP1-2.6
2041-02-10,0.0,25.324,49.057,7.881,271.23,SSP1-2.6
2041-02-11,0.0,25.262,42.858,11.551,263.19,SSP1-2.6
2041-02-12,0.0,25.039,40.423,9.834,231.67,SSP1-2.6
2041-02-13,0.0,25.342,41.964,8.106,264.8,SSP1-2.6
2041-02-14,0.0,24.807,49.046,10.345,197.8,SSP1-2.6
2041-02-15,0.0015,22.51,76.09,7.849,168.57,SSP1-2.6
2041-02-16,0.0013,24.096,65.713,8.665,228.01,SSP1-2.6
2041-02-17,0.2388,22.166,88.219,5.479,146.81,SSP1-2.6
2041-02-18,0.0,24.409,64.299,7.767,274.53,SSP1-2.6
2041-02-19,0.0,26.052,52.037,7.34,282.94,SSP1-2.6
2041-02-20,0.0,26.204,46.793,7.275,289.72,SSP1-2.6
2041-02-21,0.0,26.268,47.607,10.213,280.1,SSP1-2.6
2041-02-22,0.0,26.365,48.974,10.66,283.01,SSP1-2.6
2041-02-23,0.0,26.305,47.81,10.125,286.81,SSP1-2.6
2041-02-24,0.0,26.375,45.379,7.748,290.87,SSP1-2.6
2041-02-25,0.0,26.201,38.146,4.969,296.02,SSP1-2.6
2041-02-26,0.0,26.013,37.889,6.836,285.55,SSP1-2.6
2041-02-27,0.0,26.633,39.28,6.671,253.64,SSP1-2.6
2041-02-28,0.0,26.673,39.022,7.83,287.18,SSP1-2.6
2041-03-01,0.0,27.292,39.785,8.192,290.26,SSP1-2.6
2041-03-02,0.0,27.675,38.134,5.928,294.79,SSP1-2.6
2041-03-03,0.0,27.483,35.303,6.325,301.7,SSP1-2.6
2041-03-04,0.0,27.697,32.708,9.949,306.63,SSP1-2.6
2041-03-05,0.0,27.672,32.071,9.279,312.31,SSP1-2.6
2041-03-06,0.0,27.746,36.325,7.985,309.19,SSP1-2.6
2041-03-07,0.0,28.135,36.247,6.845,275.45,SSP1-2.6
2041-03-08,0.0,27.926,39.691,5.635,261.54,SSP1-2.6
2041-03-09,0.0,28.072,36.276,4.781,296.05,SSP1-2.6
2041-03-10,0.0,27.775,32.972,7.148,322.89,SSP1-2.6
2041-03-11,0.0,28.021,33.721,9.552,319.44,SSP1-2.6
2041-03-12,0.0,28.942,29.335,11.567,304.42,SSP1-2.6
2041-03-13,0.0,28.152,30.007,11.483,286.64,SSP1-2.6
2041-03-14,0.0,27.733,32.023,8.467,325.2,SSP1-2.6
2041-03-15,0.0,28.161,33.646,6.313,323.13,SSP1-2.6
2041-03-16,0.0,29.323,33.153,8.06,288.79,SSP1-2.6
2041-03-17,0.0,29.846,34.299,7.364,275.38,SSP1-2.6
2041-03-18,0.0,29.445,29.679,8.638,308.4,SSP1-2.6
2041-03-19,0.0,29.014,25.26,9.355,328.87,SSP1-2.6
2041-03-20,0.0,29.331,28.729,8.469,327.57,SSP1-2.6
2041-03-21,0.0,29.406,30.962,6.99,282.29,SSP1-2.6
2041-03-22,0.0,29.075,29.769,5.536,329.72,SSP1-2.6
2041-03-23,0.0,29.456,28.138,6.157,318.13,SSP1-2.6
2041-03-24,0.0,29.807,29.409,6.77,311.66,SSP1-2.6
2041-03-25,0.0037,30.024,29.901,8.468,286.61,SSP1-2.6
2041-03-26,0.0001,29.933,32.247,7.557,270.95,SSP1-2.6
2041-03-27,0.0,30.275,32.328,9.152,272.0,SSP1-2.6
2041-03-28,0.0,30.335,30.671,8.917,296.87,SSP1-2.6
2041-03-29,0.0,30.165,29.675,7.354,290.7,SSP1-2.6
2041-03-30,0.0,30.281,30.098,4.394,288.19,SSP1-2.6
2041-03-31,0.0,29.992,30.154,5.47,273.55,SSP1-2.6
2041-04-01,0.0,30.112,27.461,7.514,292.35,SSP1-2.6
2041-04-02,0.0,29.838,29.737,5.947,291.32,SSP1-2.6
2041-04-03,0.0,29.688,27.755,5.013,312.44,SSP1-2.6
2041-04-04,0.0,28.858,24.216,5.272,354.4,SSP1-2.6
2041-04-05,0.0,28.828,26.422,6.126,349.88,SSP1-2.6
2041-04-06,0.0,29.52,24.744,10.49,348.42,SSP1-2.6
2041-04-07,0.0009,30.169,26.645,7.723,319.35,SSP1-2.6
2041-04-08,0.0,30.217,27.238,4.816,254.32,SSP1-2.6
2041-04-09,0.0,30.715,25.794,7.224,281.04,SSP1-2.6
2041-04-10,0.0,30.533,24.817,8.325,329.73,SSP1-2.6
2041-04-11,0.0,30.87,23.989,8.653,328.97,SSP1-2.6
2041-04-12,0.0,30.225,22.71,11.109,350.1,SSP1-2.6
2041-04-13,0.0,29.664,22.911,7.512,357.73,SSP1-2.6
2041-04-14,0.0,29.788,23.703,4.54,352.64,SSP1-2.6
2041-04-15,0.0,30.471,24.658,5.334,350.33,SSP1-2.6
2041-04-16,0.0,30.949,24.697,5.18,345.18,SSP1-2.6
2041-04-17,0.0,31.294,25.158,4.196,343.11,SSP1-2.6
2041-04-18,0.0,31.985,27.121,4.885,331.04,SSP1-2.6
2041-04-19,2.1989,31.758,33.753,6.447,285.8,SSP1-2.6
2041-04-20,0.2631,30.794,36.884,4.967,252.24,SSP1-2.6
2041-04-21,0.5017,31.54,32.766,6.606,284.59,SSP1-2.6
2041-04-22,0.0,31.859,28.371,7.577,329.45,SSP1-2.6
2041-04-23,0.0,31.733,27.017,7.749,344.75,SSP1-2.6
2041-04-24,0.0,31.652,26.597,8.187,348.33,SSP1-2.6
2041-04-25,0.0,31.917,25.404,8.676,350.3,SSP1-2.6
2041-04-26,0.0,32.045,25.643,8.518,345.33,SSP1-2.6
2041-04-27,0.0,32.499,26.347,9.046,335.41,SSP1-2.6
2041-04-28,0.0,32.625,24.42,8.029,330.62,SSP1-2.6
2041-04-29,0.0,32.537,23.241,7.344,316.59,SSP1-2.6
2041-04-30,0.0083,32.623,24.951,6.711,298.73,SSP1-2.6
2041-05-01,0.0057,34.138,28.045,5.883,283.9,SSP1-2.6
2041-05-02,0.0,34.224,25.817,5.694,331.2,SSP1-2.6
2041-05-03,0.0294,34.391,24.794,6.347,315.86,SSP1-2.6
2041-05-04,0.0223,34.773,26.063,7.846,318.67,SSP1-2.6
2041-05-05,0.0023,34.413,26.185,7.558,290.72,SSP1-2.6
2041-05-06,0.0,33.804,20.941,9.964,352.89,SSP1-2.6
2041-05-07,0.0,33.968,20.996,9.463,342.26,SSP1-2.6
2041-05-08,0.0,33.903,21.226,9.593,344.29,SSP1-2.6
2041-05-09,0.0,34.429,20.316,10.947,345.27,SSP1-2.6
2041-05-10,0.0,35.232,21.326,10.984,284.63,SSP1-2.6
2041-05-11,0.0,34.261,20.043,9.724,359.69,SSP1-2.6
2041-05-12,0.0,34.154,20.611,6.898,344.24,SSP1-2.6
2041-05-13,0.0,35.191,21.369,4.6,317.79,SSP1-2.6
2041-05-14,0.0,35.462,21.68,5.345,320.73,SSP1-2.6
2041-05-15,0.0,34.822,20.51,5.46,331.68,SSP1-2.6
2041-05-16,0.0,35.156,20.007,6.063,350.39,SSP1-2.6
2041-05-17,0.0,35.435,19.842,5.031,337.77,SSP1-2.6
2041-05-18,0.0,35.813,19.536,6.869,343.11,SSP1-2.6
2041-05-19,0.0,36.3,20.317,4.78,327.48,SSP1-2.6
2041-05-20,0.0,36.148,22.624,6.49,279.59,SSP1-2.6
2041-05-21,0.0,35.789,23.988,11.516,293.7,SSP1-2.6
2041-05-22,0.0297,35.445,25.473,10.474,309.96,SSP1-2.6
2041-05-23,0.0218,34.092,30.032,7.488,276.94,SSP1-2.6
2041-05-24,0.0,34.631,28.498,9.951,335.48,SSP1-2.6
2041-05-25,0.0,34.513,31.668,9.48,282.36,SSP1-2.6
2041-05-26,0.0,34.663,31.952,10.701,296.74,SSP1-2.6
2041-05-27,0.0,34.679,32.79,7.644,279.04,SSP1-2.6
2041-05-28,0.0,35.155,23.758,6.774,334.12,SSP1-2.6
2041-05-29,0.0517,36.441,24.228,12.053,307.65,SSP1-2.6
2041-05-30,0.7041,35.66,30.499,13.356,312.85,SSP1-2.6
2041-05-31,0.0086,35.517,30.832,15.361,306.66,SSP1-2.6
2041-06-01,0.0,34.571,27.274,15.818,336.29,SSP1-2.6
2041-06-02,0.0,34.805,25.839,16.232,333.83,SSP1-2.6
2041-06-03,0.0,34.901,25.24,15.716,320.92,SSP1-2.6
2041-06-04,0.0,35.065,24.52,15.902,326.34,SSP1-2.6
2041-06-05,0.0,34.662,26.828,15.218,317.41,SSP1-2.6
2041-06-06,0.0,34.525,25.104,14.983,329.46,SSP1-2.6
2041-06-07,0.0,35.034,25.745,13.944,306.78,SSP1-2.6
2041-06-08,0.0,34.888,25.659,12.311,325.86,SSP1-2.6
2041-06-09,0.0,34.501,28.016,17.703,319.15,SSP1-2.6
2041-06-10,0.0,32.972,32.495,19.898,265.44,SSP1-2.6
2041-06-11,0.1856,29.977,47.569,20.372,262.93,SSP1-2.6
2041-06-12,0.0,30.647,44.738,19.182,270.92,SSP1-2.6
2041-06-13,0.0,32.312,38.455,17.534,296.99,SSP1-2.6
2041-06-14,0.0,33.995,32.231,17.056,330.45,SSP1-2.6
2041-06-15,0.0,31.914,38.585,16.089,277.95,SSP1-2.6
2041-06-16,0.0,34.072,33.662,14.58,310.74,SSP1-2.6
2041-06-17,0.0,34.685,32.76,13.198,301.12,SSP1-2.6
2041-06-18,0.0,34.905,32.654,13.82,305.18,SSP1-2.6
2041-06-19,0.0,31.785,40.075,13.536,242.93,SSP1-2.6
2041-06-20,0.0,34.264,35.422,15.27,319.64,SSP1-2.6
2041-06-21,0.0,30.354,48.8,12.95,262.56,SSP1-2.6
2041-06-22,4.8706,30.817,53.102,13.462,249.35,SSP1-2.6
2041-06-23,8.104,31.176,56.307,13.52,283.14,SSP1-2.6
2041-06-24,0.5423,31.724,50.147,12.364,301.56,SSP1-2.6
2041-06-25,0.0321,28.015,64.056,11.605,215.66,SSP1-2.6
2041-06-26,1.8315,27.659,72.74,9.94,219.58,SSP1-2.6
2041-06-27,1.2602,29.429,64.541,11.577,268.73,SSP1-2.6
2041-06-28,5.7915,29.312,69.408,9.256,260.09,SSP1-2.6
2041-06-29,9.9902,28.81,72.986,8.362,262.5,SSP1-2.6
2041-06-30,0.0191,29.377,64.892,8.492,268.18,SSP1-2.6
2041-07-01,0.0,28.85,64.941,9.569,251.44,SSP1-2.6
2041-07-02,0.0419,29.422,61.086,10.581,287.55,SSP1-2.6
2041-07-03,17.3709,27.891,74.405,12.19,248.29,SSP1-2.6
2041-07-04,16.8526,26.102,90.474,8.786,186.61,SSP1-2.6
2041-07-05,0.0506,26.231,85.425,12.047,222.85,SSP1-2.6
2041-07-06,0.2791,26.066,85.29,12.947,209.35,SSP1-2.6
2041-07-07,17.2541,25.843,90.455,11.109,182.45,SSP1-2.6
2041-07-08,1.1129,25.856,89.233,11.424,203.53,SSP1-2.6
2041-07-09,3.4875,26.472,86.413,12.576,216.5,SSP1-2.6
2041-07-10,0.3992,26.795,79.327,12.722,222.73,SSP1-2.6
2041-07-11,7.7017,26.713,81.768,11.59,222.34,SSP1-2.6
2041-07-12,19.836,25.647,91.197,11.705,182.58,SSP1-2.6
2041-07-13,10.405,25.655,90.171,13.889,187.43,SSP1-2.6
2041-07-14,0.0,25.815,86.616,13.052,202.04,SSP1-2.6
2041-07-15,0.0,27.062,79.173,15.165,230.42,SSP1-2.6
2041-07-16,3.3804,27.257,81.447,14.248,253.59,SSP1-2.6
2041-07-17,0.866,26.633,83.443,15.01,224.28,SSP1-2.6
2041-07-18,0.1846,26.687,82.084,15.665,231.61,SSP1-2.6
2041-07-19,0.717,26.87,80.876,15.378,235.66,SSP1-2.6
2041-07-20,1.125,26.002,86.681,13.315,208.09,SSP1-2.6
2041-07-21,0.3751,26.167,87.323,13.463,214.69,SSP1-2.6
2041-07-22,1.6943,26.548,87.322,11.638,220.56,SSP1-2.6
2041-07-23,0.0,26.051,83.54,14.442,218.2,SSP1-2.6
2041-07-24,0.0,26.487,80.534,14.651,223.9,SSP1-2.6
2041-07-25,0.0,27.374,73.912,14.464,265.38,SSP1-2.6
2041-07-26,0.0,27.302,71.977,15.225,252.12,SSP1-2.6
2041-07-27,0.0,28.041,69.242,15.447,263.59,SSP1-2.6
2041-07-28,0.0,28.113,68.863,16.853,287.25,SSP1-2.6
2041-07-29,0.0,28.082,69.624,12.968,300.59,SSP1-2.6
2041-07-30,0.0,28.262,66.996,13.789,294.81,SSP1-2.6
2041-07-31,0.0,28.055,69.388,13.978,255.85,SSP1-2.6
2041-08-01,0.0,27.618,74.435,12.12,236.23,SSP1-2.6
2041-08-02,0.0,27.976,72.857,11.766,241.56,SSP1-2.6
2041-08-03,5.7024,26.848,84.622,11.841,203.86,SSP1-2.6
2041-08-04,17.0174,26.479,90.05,11.693,187.57,SSP1-2.6
2041-08-05,10.8954,26.261,92.191,10.91,181.66,SSP1-2.6
2041-08-06,1.3269,26.417,90.718,11.74,196.69,SSP1-2.6
2041-08-07,26.5469,26.187,92.545,11.009,193.28,SSP1-2.6
2041-08-08,9.3892,26.493,91.734,11.774,204.98,SSP1-2.6
2041-08-09,4.5382,26.518,90.151,12.727,218.24,SSP1-2.6
2041-08-10,0.7486,26.344,89.01,13.783,206.36,SSP1-2.6
2041-08-11,0.0,26.845,83.043,12.958,264.39,SSP1-2.6
2041-08-12,0.2894,26.86,85.022,12.265,242.93,SSP1-2.6
2041-08-13,24.7187,25.61,91.687,10.939,177.54,SSP1-2.6
2041-08-14,4.5313,25.315,93.056,8.781,188.34,SSP1-2.6
2041-08-15,0.0,26.888,86.09,9.769,251.86,SSP1-2.6
2041-08-16,0.0,26.978,83.556,12.086,261.89,SSP1-2.6
2041-08-17,1.0625,26.687,88.801,10.363,214.61,SSP1-2.6
2041-08-18,22.2409,25.715,93.639,10.409,148.92,SSP1-2.6
2041-08-19,1.5365,26.832,89.724,8.83,234.99,SSP1-2.6
2041-08-20,33.9085,26.626,91.368,14.03,212.36,SSP1-2.6
2041-08-21,22.508,26.465,96.333,10.704,147.6,SSP1-2.6
2041-08-22,12.3588,26.884,91.204,6.649,226.25,SSP1-2.6
2041-08-23,0.2755,27.468,88.257,4.161,256.02,SSP1-2.6
2041-08-24,14.2034,27.082,91.225,4.491,236.03,SSP1-2.6
2041-08-25,24.751,27.029,90.961,4.536,241.71,SSP1-2.6
2041-08-26,29.1961,26.847,92.748,4.925,224.48,SSP1-2.6
2041-08-27,24.4983,26.6,93.461,4.842,218.48,SSP1-2.6
2041-08-28,22.0338,26.529,93.332,7.419,219.58,SSP1-2.6
2041-08-29,24.6363,26.553,93.176,5.51,217.43,SSP1-2.6
2041-08-30,16.3541,26.756,92.74,3.733,223.73,SSP1-2.6
2041-08-31,5.5307,26.952,90.993,4.137,230.97,SSP1-2.6
2041-09-01,0.0,26.373,84.398,4.994,255.22,SSP1-2.6
2041-09-02,0.0516,27.099,84.626,8.088,263.6,SSP1-2.6
2041-09-03,0.0,26.882,84.76,8.676,249.26,SSP1-2.6
2041-09-04,0.0,26.465,81.265,12.295,245.13,SSP1-2.6
2041-09-05,0.1664,25.677,84.71,15.104,220.35,SSP1-2.6
2041-09-06,3.6249,25.459,90.118,10.673,214.21,SSP1-2.6
2041-09-07,17.9298,25.433,90.859,11.334,215.91,SSP1-2.6
2041-09-08,26.4589,25.477,95.616,8.796,179.43,SSP1-2.6
2041-09-09,13.8859,25.752,91.611,5.011,225.49,SSP1-2.6
2041-09-10,15.3018,25.76,91.473,4.157,223.53,SSP1-2.6
2041-09-11,20.162,25.529,92.023,3.664,219.63,SSP1-2.6
2041-09-12,0.1208,25.898,88.784,3.607,231.05,SSP1-2.6
2041-09-13,0.0,26.277,86.339,3.061,249.19,SSP1-2.6
2041-09-14,0.0,26.958,81.095,6.901,290.61,SSP1-2.6
2041-09-15,0.0,27.278,78.621,6.263,306.86,SSP1-2.6
2041-09-16,0.0,27.469,78.591,5.119,299.5,SSP1-2.6
2041-09-17,0.0,27.649,75.829,4.901,284.55,SSP1-2.6
2041-09-18,31.4053,26.842,85.458,6.183,244.46,SSP1-2.6
2041-09-19,48.3453,25.171,94.938,12.046,139.8,SSP1-2.6
2041-09-20,0.1157,25.859,85.836,7.651,242.62,SSP1-2.6
2041-09-21,0.5148,26.005,85.874,3.497,244.56,SSP1-2.6
2041-09-22,0.0,26.54,82.027,3.516,250.11,SSP1-2.6
2041-09-23,0.3231,27.381,81.265,5.275,251.35,SSP1-2.6
2041-09-24,4.8923,26.28,88.289,4.105,230.17,SSP1-2.6
2041-09-25,14.7524,25.801,91.318,4.665,206.51,SSP1-2.6
2041-09-26,3.1237,25.737,88.346,6.566,216.1,SSP1-2.6
2041-09-27,27.7771,25.221,91.521,9.142,192.29,SSP1-2.6
2041-09-28,27.1852,25.162,91.726,7.36,202.73,SSP1-2.6
2041-09-29,2.9784,25.644,88.543,6.886,226.58,SSP1-2.6
2041-09-30,2.2469,25.435,87.977,7.562,221.58,SSP1-2.6
2041-10-01,2.1885,25.528,87.609,6.464,235.15,SSP1-2.6
2041-10-02,2.4163,26.158,84.608,6.095,236.08,SSP1-2.6
2041-10-03,0.6832,26.446,81.111,5.83,251.34,SSP1-2.6
2041-10-04,0.0,26.767,76.363,6.322,255.11,SSP1-2.6
2041-10-05,0.0,27.936,73.458,4.837,273.93,SSP1-2.6
2041-10-06,0.0,28.86,73.468,5.886,270.76,SSP1-2.6
2041-10-07,0.0,28.66,69.721,8.349,272.7,SSP1-2.6
2041-10-08,0.0,28.549,62.54,9.882,277.39,SSP1-2.6
2041-10-09,0.0,28.091,65.939,8.366,274.71,SSP1-2.6
2041-10-10,0.0,26.443,70.176,8.244,238.0,SSP1-2.6
2041-10-11,0.0,26.658,69.729,7.524,275.61,SSP1-2.6
2041-10-12,0.0,25.756,72.561,7.148,225.92,SSP1-2.6
2041-10-13,0.0,27.04,59.522,7.038,283.27,SSP1-2.6
2041-10-14,0.0,27.5,63.069,7.834,234.58,SSP1-2.6
2041-10-15,0.1649,25.548,76.803,6.778,194.31,SSP1-2.6
2041-10-16,0.0,24.862,82.392,7.669,188.42,SSP1-2.6
2041-10-17,0.0,24.325,88.472,3.983,179.68,SSP1-2.6
2041-10-18,0.2519,25.593,75.738,4.856,271.17,SSP1-2.6
2041-10-19,6.0852,26.034,83.856,6.304,220.19,SSP1-2.6
2041-10-20,0.0,26.217,79.943,7.17,231.13,SSP1-2.6
2041-10-21,0.0593,26.006,80.418,6.598,219.26,SSP1-2.6
2041-10-22,0.0,25.997,81.068,6.422,205.6,SSP1-2.6
2041-10-23,0.0,26.226,71.248,4.882,260.72,SSP1-2.6
2041-10-24,0.0,26.205,67.215,4.646,252.61,SSP1-2.6
2041-10-25,0.0,25.866,62.813,4.334,257.56,SSP1-2.6
2041-10-26,0.0,25.636,57.018,4.471,264.3,SSP1-2.6
2041-10-27,0.0,24.673,64.273,4.385,205.63,SSP1-2.6
2041-10-28,0.0,24.882,58.272,4.716,259.47,SSP1-2.6
2041-10-29,0.0,24.617,60.293,3.783,265.64,SSP1-2.6
2041-10-30,0.0,25.542,75.124,5.425,233.52,SSP1-2.6
2041-10-31,0.0026,26.1,78.942,7.561,210.32,SSP1-2.6
2041-11-01,0.0,26.564,69.655,6.938,239.45,SSP1-2.6
2041-11-02,0.0,26.221,74.566,6.273,213.31,SSP1-2.6
2041-11-03,0.0044,26.346,73.149,6.026,245.41,SSP1-2.6
2041-11-04,0.0,26.593,70.093,5.672,249.61,SSP1-2.6
2041-11-05,0.0,26.645,71.697,8.158,250.75,SSP1-2.6
2041-11-06,0.0,26.025,74.581,8.103,220.99,SSP1-2.6
2041-11-07,0.0,26.004,68.509,6.562,233.46,SSP1-2.6
2041-11-08,0.0,25.862,67.825,7.519,246.79,SSP1-2.6
2041-11-09,0.0,25.885,66.556,8.122,232.25,SSP1-2.6
2041-11-10,0.0,26.194,62.509,9.085,249.19,SSP1-2.6
2041-11-11,0.0,25.121,71.431,6.892,232.19,SSP1-2.6
2041-11-12,0.0,24.764,63.733,7.139,240.86,SSP1-2.6
2041-11-13,0.0,24.549,55.374,6.565,250.24,SSP1-2.6
2041-11-14,0.0,24.209,60.613,4.729,199.04,SSP1-2.6
2041-11-15,0.0,23.906,51.924,7.76,239.98,SSP1-2.6
2041-11-16,0.0,23.2,49.184,8.198,247.78,SSP1-2.6
2041-11-17,0.0,22.907,42.413,7.159,251.84,SSP1-2.6
2041-11-18,0.0,22.785,41.178,4.477,250.2,SSP1-2.6
2041-11-19,0.0,23.144,39.767,6.031,250.23,SSP1-2.6
2041-11-20,0.0,23.099,38.141,5.645,248.41,SSP1-2.6
2041-11-21,0.0,23.248,38.975,4.517,248.67,SSP1-2.6
2041-11-22,0.0,22.976,43.157,4.729,249.04,SSP1-2.6
2041-11-23,0.0,23.489,53.646,6.508,246.11,SSP1-2.6
2041-11-24,0.0,23.895,53.926,7.896,245.04,SSP1-2.6
2041-11-25,0.0,23.731,48.959,6.565,250.96,SSP1-2.6
2041-11-26,0.0,23.851,52.665,5.695,246.21,SSP1-2.6
2041-11-27,0.0,23.714,48.803,5.958,238.72,SSP1-2.6
2041-11-28,0.0,23.443,43.061,5.838,248.89,SSP1-2.6
2041-11-29,0.0,23.078,45.431,5.657,249.01,SSP1-2.6
2041-11-30,0.0,23.39,51.251,7.639,242.46,SSP1-2.6
2041-12-01,0.0,23.873,49.467,8.126,241.04,SSP1-2.6
2041-12-02,0.0,23.327,49.354,7.182,241.62,SSP1-2.6
2041-12-03,0.0,23.099,48.076,7.464,246.61,SSP1-2.6
2041-12-04,0.0,23.165,49.642,6.93,244.98,SSP1-2.6
2041-12-05,0.0,23.35,51.644,7.289,240.53,SSP1-2.6
2041-12-06,0.0,23.325,49.225,5.749,240.42,SSP1-2.6
2041-12-07,0.0,23.154,50.559,6.477,233.42,SSP1-2.6
2041-12-08,0.0,22.535,49.793,7.954,230.28,SSP1-2.6
2041-12-09,0.0,22.32,48.913,6.644,225.73,SSP1-2.6
2041-12-10,0.0,22.047,52.501,6.101,194.83,SSP1-2.6
2041-12-11,0.0,21.331,54.037,5.951,186.08,SSP1-2.6
2041-12-12,0.0,20.809,52.053,6.656,182.22,SSP1-2.6
2041-12-13,0.0,21.397,47.071,8.226,202.71,SSP1-2.6
2041-12-14,0.0,21.575,58.41,9.643,155.51,SSP1-2.6
2041-12-15,0.0,21.702,64.31,8.298,166.87,SSP1-2.6
2041-12-16,0.0,21.235,47.687,8.479,191.3,SSP1-2.6
2041-12-17,0.0,20.987,43.551,7.838,212.79,SSP1-2.6
2041-12-18,0.0,21.143,38.396,4.819,245.4,SSP1-2.6
2041-12-19,0.0,21.284,39.073,5.874,220.18,SSP1-2.6
2041-12-20,0.0,21.088,41.438,5.42,215.31,SSP1-2.6
2041-12-21,0.0,21.134,43.369,6.749,247.48,SSP1-2.6
2041-12-22,0.0,22.192,46.944,7.735,245.82,SSP1-2.6
2041-12-23,0.0,22.176,43.566,6.988,243.63,SSP1-2.6
2041-12-24,0.0,21.53,41.737,7.89,247.12,SSP1-2.6
2041-12-25,0.0,21.096,41.215,6.993,246.45,SSP1-2.6
2041-12-26,0.0,21.332,43.59,6.772,245.19,SSP1-2.6
2041-12-27,0.0,21.632,44.388,5.578,240.59,SSP1-2.6
2041-12-28,0.0,22.211,43.639,5.356,239.91,SSP1-2.6
2041-12-29,0.0,22.182,40.941,5.213,247.11,SSP1-2.6
2041-12-30,0.0,22.089,36.774,6.598,247.57,SSP1-2.6
2041-12-31,0.0,21.766,35.188,6.812,245.73,SSP1-2.6
2042-01-01,0.0,21.973,37.344,5.419,240.55,SSP1-2.6
2042-01-02,0.0,22.642,42.686,8.269,225.13,SSP1-2.6
2042-01-03,0.0,23.716,44.141,10.797,208.55,SSP1-2.6
2042-01-04,0.0,22.31,51.184,12.594,195.36,SSP1-2.6
2042-01-05,0.0,22.391,51.715,9.544,197.36,SSP1-2.6
2042-01-06,0.0,23.664,44.93,10.382,238.0,SSP1-2.6
2042-01-07,0.0,23.497,53.085,9.876,198.86,SSP1-2.6
2042-01-08,0.0,24.111,42.984,10.727,223.94,SSP1-2.6
2042-01-09,0.0,22.929,38.04,9.209,250.48,SSP1-2.6
2042-01-10,0.0,22.651,46.307,8.039,247.7,SSP1-2.6
2042-01-11,0.0,23.628,49.82,5.371,241.47,SSP1-2.6
2042-01-12,0.0,22.9,40.144,6.595,249.34,SSP1-2.6
2042-01-13,0.0,22.442,37.507,8.291,257.81,SSP1-2.6
2042-01-14,0.0,22.238,38.84,8.069,255.3,SSP1-2.6
2042-01-15,0.0,22.386,36.218,6.656,257.66,SSP1-2.6
2042-01-16,0.0,22.51,35.988,4.847,261.34,SSP1-2.6
2042-01-17,0.0,22.984,31.77,6.049,260.92,SSP1-2.6
2042-01-18,0.0,23.419,31.6,9.439,256.26,SSP1-2.6
2042-01-19,0.0,23.692,38.657,9.414,256.68,SSP1-2.6
2042-01-20,0.0,24.505,42.808,11.749,254.08,SSP1-2.6
2042-01-21,0.0,24.201,42.212,11.017,256.31,SSP1-2.6
2042-01-22,0.0,24.086,44.056,9.414,258.54,SSP1-2.6
2042-01-23,0.0,24.328,43.489,10.119,261.31,SSP1-2.6
2042-01-24,0.0,24.127,39.837,9.928,263.9,SSP1-2.6
2042-01-25,0.0,23.937,38.839,11.146,263.15,SSP1-2.6
2042-01-26,0.0,24.52,38.632,12.349,262.34,SSP1-2.6
2042-01-27,0.0,24.241,38.342,9.642,259.71,SSP1-2.6
2042-01-28,0.0,24.558,37.314,6.625,261.6,SSP1-2.6
2042-01-29,0.0,24.388,35.153,6.972,255.97,SSP1-2.6
2042-01-30,0.0,24.413,38.097,8.374,264.94,SSP1-2.6
2042-01-31,0.0,25.454,41.743,10.22,260.32,SSP1-2.6
2042-02-01,0.0,24.704,43.537,11.015,236.53,SSP1-2.6
2042-02-02,0.0,24.356,41.479,10.283,257.02,SSP1-2.6
2042-02-03,0.0,24.138,39.147,9.153,274.69,SSP1-2.6
2042-02-04,0.0,24.53,38.583,8.841,225.38,SSP1-2.6
2042-02-05,0.0,24.217,40.326,10.214,217.03,SSP1-2.6
2042-02-06,0.0,23.713,42.855,10.131,220.02,SSP1-2.6
2042-02-07,0.0,24.35,42.123,7.701,272.34,SSP1-2.6
2042-02-08,0.0,24.98,41.819,7.562,275.28,SSP1-2.6
2042-02-09,0.0,25.1,37.854,7.664,278.47,SSP1-2.6
2042-02-10,0.0,24.775,35.965,7.104,276.19,SSP1-2.6
2042-02-11,0.0,25.621,37.294,7.972,278.12,SSP1-2.6
2042-02-12,0.0,26.187,35.415,6.465,279.7,SSP1-2.6
2042-02-13,0.0,26.243,32.847,10.034,280.83,SSP1-2.6
2042-02-14,0.0,27.081,30.851,11.892,276.15,SSP1-2.6
2042-02-15,0.0,27.09,31.349,10.574,273.82,SSP1-2.6
2042-02-16,0.0,27.916,32.309,13.3,272.55,SSP1-2.6
2042-02-17,0.0,27.732,31.849,11.592,240.13,SSP1-2.6
2042-02-18,0.0,27.595,24.403,15.213,277.91,SSP1-2.6
2042-02-19,0.0,25.347,17.698,13.497,294.44,SSP1-2.6
2042-02-20,0.0,24.293,15.243,11.4,313.35,SSP1-2.6
2042-02-21,0.0,24.168,18.209,9.568,304.35,SSP1-2.6
2042-02-22,0.0,24.245,26.924,6.576,300.73,SSP1-2.6
2042-02-23,0.0,25.797,35.89,6.661,293.01,SSP1-2.6
2042-02-24,0.0,26.995,32.845,6.86,292.44,SSP1-2.6
2042-02-25,0.0,26.915,30.277,6.58,289.72,SSP1-2.6
2042-02-26,0.0,27.308,29.591,8.129,295.35,SSP1-2.6
2042-02-27,0.0,27.87,28.07,11.504,276.8,SSP1-2.6
2042-02-28,0.0012,28.799,27.196,12.996,277.18,SSP1-2.6
2042-03-01,0.0,26.804,38.409,10.912,212.02,SSP1-2.6
2042-03-02,0.0,27.772,36.043,14.056,292.54,SSP1-2.6
2042-03-03,0.0,26.928,44.819,11.912,211.49,SSP1-2.6
2042-03-04,0.0,29.041,36.156,10.855,269.21,SSP1-2.6
2042-03-05,0.0136,29.695,32.971,10.326,270.56,SSP1-2.6
2042-03-06,0.0,29.733,31.92,9.454,252.2,SSP1-2.6
2042-03-07,0.2334,27.364,44.745,11.304,217.08,SSP1-2.6
2042-03-08,0.0045,28.335,45.922,9.278,214.43,SSP1-2.6
2042-03-09,0.0,29.686,35.958,10.367,269.72,SSP1-2.6
2042-03-10,0.0,29.487,33.857,11.373,259.27,SSP1-2.6
2042-03-11,0.0,28.608,39.164,12.933,249.3,SSP1-2.6
2042-03-12,0.0,29.477,35.089,8.127,299.32,SSP1-2.6
2042-03-13,0.0373,29.871,36.529,11.228,254.73,SSP1-2.6
2042-03-14,0.0,30.32,33.583,11.804,302.31,SSP1-2.6
2042-03-15,0.0114,30.702,33.454,9.149,265.54,SSP1-2.6
2042-03-16,0.0049,30.013,34.678,12.347,271.43,SSP1-2.6
2042-03-17,0.0,30.704,26.469,9.161,321.51,SSP1-2.6
2042-03-18,0.0,30.694,24.281,7.635,304.3,SSP1-2.6
2042-03-19,0.0049,30.291,29.476,10.749,279.42,SSP1-2.6
2042-03-20,0.0,30.492,29.106,10.404,289.47,SSP1-2.6
2042-03-21,0.0,30.119,29.387,7.746,317.82,SSP1-2.6
2042-03-22,0.0,29.624,29.156,7.618,323.83,SSP1-2.6
2042-03-23,0.0,29.413,28.305,8.021,327.02,SSP1-2.6
2042-03-24,0.0,30.291,28.731,11.802,321.36,SSP1-2.6
2042-03-25,0.0,30.68,28.184,12.29,279.31,SSP1-2.6
2042-03-26,0.0263,30.528,28.362,8.881,275.07,SSP1-2.6
2042-03-27,0.0,28.716,34.644,5.379,232.71,SSP1-2.6
2042-03-28,0.0,29.698,29.984,10.611,283.33,SSP1-2.6
2042-03-29,0.6079,30.238,31.44,11.197,280.59,SSP1-2.6
2042-03-30,0.0015,28.739,42.824,11.914,249.0,SSP1-2.6
2042-03-31,0.0,29.443,31.841,8.189,296.23,SSP1-2.6
2042-04-01,0.0,30.041,29.041,12.097,329.04,SSP1-2.6
2042-04-02,0.014,29.941,32.498,10.174,225.71,SSP1-2.6
2042-04-03,0.0,31.034,24.026,8.488,319.79,SSP1-2.6
2042-04-04,0.0,30.86,21.094,7.507,338.03,SSP1-2.6
2042-04-05,0.0,30.449,21.308,7.355,341.89,SSP1-2.6
2042-04-06,0.0,30.566,21.686,9.518,339.83,SSP1-2.6
2042-04-07,0.0,31.437,22.236,9.82,333.22,SSP1-2.6
2042-04-08,0.0,32.311,20.243,10.087,322.87,SSP1-2.6
2042-04-09,0.0,30.991,19.793,6.58,276.81,SSP1-2.6
2042-04-10,0.0,29.782,19.703,4.828,354.73,SSP1-2.6
2042-04-11,0.0062,30.537,21.187,6.017,345.27,SSP1-2.6
2042-04-12,0.0042,31.793,24.991,8.483,339.5,SSP1-2.6
2042-04-13,0.3333,32.328,26.902,9.546,309.75,SSP1-2.6
2042-04-14,0.2398,28.963,38.227,7.757,208.87,SSP1-2.6
2042-04-15,0.0107,29.666,31.05,6.077,239.26,SSP1-2.6
2042-04-16,0.0154,30.991,25.888,7.086,311.61,SSP1-2.6
2042-04-17,0.0,31.055,26.129,6.231,231.11,SSP1-2.6
2042-04-18,0.0,31.518,23.073,6.553,328.35,SSP1-2.6
2042-04-19,0.0,32.017,24.426,9.168,341.07,SSP1-2.6
2042-04-20,0.0409,32.148,24.793,10.055,326.08,SSP1-2.6
2042-04-21,0.0597,31.913,26.545,10.294,333.31,SSP1-2.6
2042-04-22,0.0,31.957,26.44,12.3,346.39,SSP1-2.6
2042-04-23,0.0006,31.759,27.578,13.397,322.36,SSP1-2.6
2042-04-24,0.0,30.667,32.469,12.538,303.26,SSP1-2.6
2042-04-25,0.0,31.096,28.535,10.822,318.34,SSP1-2.6
2042-04-26,0.119,31.49,25.479,7.802,330.57,SSP1-2.6
2042-04-27,0.0942,32.601,28.835,10.433,287.34,SSP1-2.6
2042-04-28,0.4299,32.564,30.524,10.51,308.87,SSP1-2.6
2042-04-29,0.1398,32.633,29.471,8.475,312.65,SSP1-2.6
2042-04-30,0.0017,32.689,27.98,9.7,271.54,SSP1-2.6
2042-05-01,0.0284,34.237,26.067,12.115,285.28,SSP1-2.6
2042-05-02,0.0,34.42,22.694,9.06,334.44,SSP1-2.6
2042-05-03,0.0,34.839,20.832,8.969,325.44,SSP1-2.6
2042-05-04,0.0,35.143,20.492,8.918,302.24,SSP1-2.6
2042-05-05,0.0,34.612,18.509,7.651,343.65,SSP1-2.6
2042-05-06,0.092,34.879,21.678,9.906,311.8,SSP1-2.6
2042-05-07,0.0619,33.579,26.115,7.901,232.62,SSP1-2.6
2042-05-08,0.2989,33.078,32.001,8.187,243.81,SSP1-2.6
2042-05-09,0.3778,33.811,28.18,7.865,317.2,SSP1-2.6
2042-05-10,0.0329,34.209,25.235,6.244,334.0,SSP1-2.6
2042-05-11,5.775,34.479,27.818,8.131,299.96,SSP1-2.6
2042-05-12,0.026,33.807,30.508,9.599,257.81,SSP1-2.6
2042-05-13,0.0,34.202,24.31,9.912,305.66,SSP1-2.6
2042-05-14,0.0,34.6,21.109,10.872,330.99,SSP1-2.6
2042-05-15,0.0,34.903,20.33,8.832,302.52,SSP1-2.6
2042-05-16,0.0,35.551,20.792,10.278,284.56,SSP1-2.6
2042-05-17,0.0,35.294,19.787,7.851,322.06,SSP1-2.6
2042-05-18,0.0,35.257,18.688,8.082,319.69,SSP1-2.6
2042-05-19,0.0,36.373,19.203,11.419,310.81,SSP1-2.6
2042-05-20,0.0059,36.004,18.609,10.067,344.85,SSP1-2.6
2042-05-21,0.0,35.761,17.688,10.275,350.91,SSP1-2.6
2042-05-22,0.0,35.902,17.059,9.147,358.42,SSP1-2.6
2042-05-23,0.0,37.008,16.799,8.132,341.88,SSP1-2.6
2042-05-24,0.0,37.152,17.923,8.086,280.16,SSP1-2.6
2042-05-25,0.0033,36.696,18.676,7.805,315.73,SSP1-2.6
2042-05-26,0.0,36.616,18.644,8.08,333.34,SSP1-2.6
2042-05-27,0.0,36.873,21.029,7.986,293.34,SSP1-2.6
2042-05-28,0.0,36.823,20.994,11.932,285.63,SSP1-2.6
2042-05-29,0.0,36.176,21.869,8.721,303.81,SSP1-2.6
2042-05-30,0.0,36.183,19.623,8.105,346.91,SSP1-2.6
2042-05-31,0.0,37.248,18.778,7.408,344.32,SSP1-2.6
2042-06-01,0.0,36.652,19.636,7.72,336.65,SSP1-2.6
2042-06-02,0.0065,36.363,21.883,8.156,322.02,SSP1-2.6
2042-06-03,0.8362,36.111,23.406,5.735,321.6,SSP1-2.6
2042-06-04,0.0185,34.175,32.804,5.651,260.98,SSP1-2.6
2042-06-05,0.0,34.584,30.33,13.768,295.39,SSP1-2.6
2042-06-06,0.0,34.714,25.084,8.13,302.18,SSP1-2.6
2042-06-07,0.0,35.583,21.254,9.562,322.75,SSP1-2.6
2042-06-08,0.0,35.33,22.504,14.669,299.21,SSP1-2.6
2042-06-09,0.0,33.601,27.512,17.626,290.62,SSP1-2.6
2042-06-10,0.0089,32.801,36.795,17.906,272.35,SSP1-2.6
2042-06-11,0.699,32.114,47.632,15.157,276.63,SSP1-2.6
2042-06-12,9.041,29.741,63.066,10.739,241.2,SSP1-2.6
2042-06-13,4.645,28.529,68.212,10.974,246.89,SSP1-2.6
2042-06-14,16.6183,29.309,67.152,12.295,284.79,SSP1-2.6
2042-06-15,18.1859,28.499,65.402,14.353,259.67,SSP1-2.6
2042-06-16,2.3561,28.575,60.455,19.737,248.8,SSP1-2.6
2042-06-17,5.6754,26.364,76.509,17.042,201.96,SSP1-2.6
2042-06-18,0.9225,27.13,76.779,13.319,227.68,SSP1-2.6
2042-06-19,0.2123,28.447,70.256,12.227,249.41,SSP1-2.6
2042-06-20,0.1312,27.155,75.121,10.516,229.36,SSP1-2.6
2042-06-21,14.7979,27.944,74.95,12.0,270.96,SSP1-2.6
2042-06-22,0.0,27.807,70.762,14.039,237.9,SSP1-2.6
2042-06-23,0.0,28.854,63.986,14.384,269.92,SSP1-2.6
2042-06-24,0.0072,26.799,77.327,12.982,217.44,SSP1-2.6
2042-06-25,1.7717,28.354,69.055,15.915,275.46,SSP1-2.6
2042-06-26,0.0151,28.108,70.36,14.258,270.45,SSP1-2.6
2042-06-27,1.3167,26.495,79.949,14.808,207.36,SSP1-2.6
2042-06-28,12.2079,26.532,80.99,12.689,177.32,SSP1-2.6
2042-06-29,17.5903,26.27,85.814,12.971,201.48,SSP1-2.6
2042-06-30,19.6378,26.156,91.542,10.495,183.53,SSP1-2.6
2042-07-01,3.4414,25.572,89.914,7.776,208.95,SSP1-2.6
2042-07-02,51.2411,25.362,91.67,10.57,203.79,SSP1-2.6
2042-07-03,44.967,25.037,94.223,16.042,134.89,SSP1-2.6
2042-07-04,12.844,25.313,90.244,15.222,175.93,SSP1-2.6
2042-07-05,17.9564,25.762,91.268,15.168,170.62,SSP1-2.6
2042-07-06,0.0,25.489,87.409,15.463,217.34,SSP1-2.6
2042-07-07,10.4341,25.541,89.473,12.436,209.01,SSP1-2.6
2042-07-08,18.6383,25.471,91.767,12.636,165.25,SSP1-2.6
2042-07-09,0.0754,25.826,85.844,13.146,229.34,SSP1-2.6
2042-07-10,21.4628,26.179,88.304,11.461,230.09,SSP1-2.6
2042-07-11,10.9287,25.545,89.89,13.199,196.23,SSP1-2.6
2042-07-12,4.7831,25.467,90.277,13.622,199.63,SSP1-2.6
2042-07-13,23.1158,25.327,91.804,13.061,184.19,SSP1-2.6
2042-07-14,11.474,25.29,92.379,9.348,179.12,SSP1-2.6
2042-07-15,2.0431,25.966,87.99,12.309,224.79,SSP1-2.6
2042-07-16,2.0306,26.368,85.862,15.787,239.28,SSP1-2.6
2042-07-17,8.4718,26.595,85.432,15.769,237.56,SSP1-2.6
2042-07-18,22.6941,25.403,91.185,13.543,202.53,SSP1-2.6
2042-07-19,0.2729,25.976,88.299,13.31,222.92,SSP1-2.6
2042-07-20,5.0822,25.636,88.981,11.985,220.9,SSP1-2.6
2042-07-21,25.4222,25.162,92.102,12.884,202.27,SSP1-2.6
2042-07-22,29.145,24.977,92.642,14.109,145.51,SSP1-2.6
2042-07-23,33.0989,25.03,94.364,14.349,125.15,SSP1-2.6
2042-07-24,28.2926,25.232,93.937,14.792,138.63,SSP1-2.6
2042-07-25,0.6644,25.66,89.781,13.595,221.78,SSP1-2.6
2042-07-26,21.291,25.15,92.188,15.471,178.47,SSP1-2.6
2042-07-27,25.3501,25.341,93.35,14.431,162.7,SSP1-2.6
2042-07-28,10.0662,25.0,92.232,11.897,187.78,SSP1-2.6
2042-07-29,0.3395,25.267,89.801,15.207,201.54,SSP1-2.6
2042-07-30,0.6358,26.154,85.927,17.29,247.11,SSP1-2.6
2042-07-31,2.4464,25.525,89.099,15.361,220.64,SSP1-2.6
2042-08-01,20.0726,25.886,92.066,13.162,182.15,SSP1-2.6
2042-08-02,27.153,26.064,91.721,14.762,203.32,SSP1-2.6
2042-08-03,17.7124,25.738,91.328,12.319,171.43,SSP1-2.6
2042-08-04,0.0,26.532,86.13,12.829,273.02,SSP1-2.6
2042-08-05,0.0,26.605,85.28,12.149,258.14,SSP1-2.6
2042-08-06,0.0,26.725,84.892,12.34,247.83,SSP1-2.6
2042-08-07,0.0,26.834,84.481,12.569,243.58,SSP1-2.6
2042-08-08,0.1999,26.726,84.788,12.443,250.51,SSP1-2.6
2042-08-09,2.7199,26.631,85.766,11.748,247.0,SSP1-2.6
2042-08-10,1.9122,25.937,90.624,11.229,201.67,SSP1-2.6
2042-08-11,0.2706,26.14,89.229,11.61,211.49,SSP1-2.6
2042-08-12,0.0,26.298,86.807,13.745,219.85,SSP1-2.6
2042-08-13,0.0032,26.689,86.47,11.216,260.27,SSP1-2.6
2042-08-14,13.6741,25.883,92.841,8.834,191.34,SSP1-2.6
2042-08-15,25.4485,25.358,94.404,8.176,167.66,SSP1-2.6
2042-08-16,2.7204,26.071,92.524,9.026,209.85,SSP1-2.6
2042-08-17,11.1629,26.136,93.33,7.484,212.58,SSP1-2.6
2042-08-18,14.1364,26.251,93.034,7.248,223.63,SSP1-2.6
2042-08-19,41.2874,26.191,94.58,8.019,196.0,SSP1-2.6
2042-08-20,29.9501,26.045,95.876,7.131,211.42,SSP1-2.6
2042-08-21,13.5831,26.196,92.463,8.877,211.21,SSP1-2.6
2042-08-22,0.2915,26.262,89.845,10.56,221.84,SSP1-2.6
2042-08-23,0.0,26.364,87.589,10.533,235.07,SSP1-2.6
2042-08-24,0.0,26.756,87.241,9.426,251.3,SSP1-2.6
2042-08-25,0.0,26.974,88.651,9.506,250.65,SSP1-2.6
2042-08-26,10.4078,26.633,90.071,10.669,234.82,SSP1-2.6
2042-08-27,3.8962,25.653,92.644,12.509,199.36,SSP1-2.6
2042-08-28,0.0,25.764,92.948,12.251,193.38,SSP1-2.6
2042-08-29,22.5406,26.397,90.456,13.302,234.79,SSP1-2.6
2042-08-30,0.0528,25.947,92.148,13.016,214.78,SSP1-2.6
2042-08-31,20.7633,25.93,92.275,14.195,202.65,SSP1-2.6
2042-09-01,0.0,25.565,89.414,16.216,230.15,SSP1-2.6
2042-09-02,22.0941,25.148,91.922,16.264,206.9,SSP1-2.6
2042-09-03,5.4064,25.129,91.54,15.172,183.86,SSP1-2.6
2042-09-04,0.0108,25.369,90.476,10.17,223.82,SSP1-2.6
2042-09-05,0.0,25.514,91.056,8.99,221.32,SSP1-2.6
2042-09-06,0.0,25.418,91.142,8.259,216.62,SSP1-2.6
2042-09-07,0.0,25.685,88.361,9.266,241.08,SSP1-2.6
2042-09-08,0.0,25.926,88.797,9.544,233.74,SSP1-2.6
2042-09-09,0.0,25.758,87.5,8.555,239.39,SSP1-2.6
2042-09-10,0.0,25.828,86.451,8.183,241.31,SSP1-2.6
2042-09-11,0.3097,26.074,86.862,7.819,248.67,SSP1-2.6
2042-09-12,17.9697,25.939,88.29,7.87,244.52,SSP1-2.6
2042-09-13,25.4118,25.424,93.898,7.315,186.18,SSP1-2.6
2042-09-14,29.1631,25.452,95.897,3.284,201.61,SSP1-2.6
2042-09-15,21.002,25.488,94.077,2.488,219.85,SSP1-2.6
2042-09-16,23.2023,25.681,92.64,3.463,223.45,SSP1-2.6
2042-09-17,23.0357,25.527,94.137,2.767,217.04,SSP1-2.6
2042-09-18,25.6289,25.454,95.236,5.703,209.81,SSP1-2.6
2042-09-19,17.4961,25.532,92.5,9.883,218.51,SSP1-2.6
2042-09-20,10.8938,25.373,92.277,9.738,207.57,SSP1-2.6
2042-09-21,0.0,25.673,87.479,9.759,237.06,SSP1-2.6
2042-09-22,0.0,25.573,88.37,9.629,234.93,SSP1-2.6
2042-09-23,3.8169,25.473,91.302,6.305,217.02,SSP1-2.6
2042-09-24,16.5721,25.319,93.842,4.078,212.7,SSP1-2.6
2042-09-25,7.7472,25.65,92.794,3.91,222.14,SSP1-2.6
2042-09-26,2.5343,25.649,91.883,3.465,220.21,SSP1-2.6
2042-09-27,0.1434,26.32,87.975,4.0,248.06,SSP1-2.6
2042-09-28,0.3021,26.513,87.757,4.999,246.37,SSP1-2.6
2042-09-29,0.0,26.733,85.138,7.403,257.94,SSP1-2.6
2042-09-30,0.0,26.149,85.054,7.967,260.07,SSP1-2.6
2042-10-01,0.0,26.11,83.773,7.395,281.65,SSP1-2.6
2042-10-02,0.0,26.435,83.011,5.837,289.67,SSP1-2.6
2042-10-03,0.0,26.622,79.435,4.644,262.09,SSP1-2.6
2042-10-04,0.0,26.275,79.643,4.898,285.73,SSP1-2.6
2042-10-05,0.0,26.19,79.504,2.367,271.44,SSP1-2.6
2042-10-06,0.0,26.88,83.658,3.556,265.98,SSP1-2.6
2042-10-07,0.0,26.371,87.987,2.983,235.21,SSP1-2.6
2042-10-08,0.0139,26.737,84.584,2.269,233.54,SSP1-2.6
2042-10-09,0.0,26.886,80.339,3.227,267.47,SSP1-2.6
2042-10-10,0.0,26.58,83.638,2.622,247.28,SSP1-2.6
2042-10-11,0.0612,26.408,84.453,3.817,261.04,SSP1-2.6
2042-10-12,0.0,26.235,85.539,5.139,243.0,SSP1-2.6
2042-10-13,0.0,26.366,84.018,4.141,251.48,SSP1-2.6
2042-10-14,0.0,26.428,81.756,3.189,256.4,SSP1-2.6
2042-10-15,0.0,25.743,85.508,2.796,211.83,SSP1-2.6
2042-10-16,0.0,25.732,85.512,2.792,210.02,SSP1-2.6
2042-10-17,0.0,25.933,85.15,2.482,219.22,SSP1-2.6
2042-10-18,0.0,26.352,82.421,4.378,242.78,SSP1-2.6
2042-10-19,0.0,26.373,77.055,3.72,251.43,SSP1-2.6
2042-10-20,0.0,26.345,74.301,3.731,256.37,SSP1-2.6
2042-10-21,0.0,26.381,71.578,5.486,252.26,SSP1-2.6
2042-10-22,0.0,25.91,81.135,5.437,252.65,SSP1-2.6
2042-10-23,0.0,26.122,75.035,7.006,263.52,SSP1-2.6
2042-10-24,0.0,26.177,73.901,8.308,254.96,SSP1-2.6
2042-10-25,21.1832,23.905,88.621,10.306,185.48,SSP1-2.6
2042-10-26,30.4698,22.617,94.729,8.183,158.25,SSP1-2.6
2042-10-27,18.2749,23.538,91.148,4.627,174.68,SSP1-2.6
2042-10-28,2.6705,24.855,86.414,4.668,208.17,SSP1-2.6
2042-10-29,0.0,25.754,84.852,6.007,237.68,SSP1-2.6
2042-10-30,0.4524,24.614,86.715,6.433,197.97,SSP1-2.6
2042-10-31,0.0862,23.914,88.516,5.892,185.81,SSP1-2.6
2042-11-01,0.1008,24.803,87.043,4.072,200.96,SSP1-2.6
2042-11-02,0.6063,25.471,83.746,5.387,206.12,SSP1-2.6
2042-11-03,5.1533,24.392,83.3,10.293,199.8,SSP1-2.6
2042-11-04,2.2902,24.053,85.677,12.227,186.59,SSP1-2.6
2042-11-05,10.7056,23.948,89.016,7.619,181.07,SSP1-2.6
2042-11-06,8.8282,24.782,86.054,5.202,213.83,SSP1-2.6
2042-11-07,19.6403,23.382,90.345,7.39,158.62,SSP1-2.6
2042-11-08,13.3299,23.314,88.889,9.618,169.99,SSP1-2.6
2042-11-09,5.4085,22.214,85.311,9.182,149.95,SSP1-2.6
2042-11-10,0.4121,22.942,77.889,8.341,209.48,SSP1-2.6
2042-11-11,4.3977,22.682,85.943,7.563,171.05,SSP1-2.6
2042-11-12,0.1667,22.968,72.572,6.795,182.62,SSP1-2.6
2042-11-13,0.0,21.904,49.973,10.542,238.71,SSP1-2.6
2042-11-14,0.0,21.081,48.037,9.21,241.66,SSP1-2.6
2042-11-15,0.0,20.814,49.056,7.966,249.52,SSP1-2.6
2042-11-16,0.0,20.827,50.615,8.167,258.6,SSP1-2.6
2042-11-17,0.0,21.098,51.293,8.758,238.84,SSP1-2.6
2042-11-18,0.0,21.15,51.531,10.64,247.9,SSP1-2.6
2042-11-19,0.0,21.42,51.189,10.563,233.57,SSP1-2.6
2042-11-20,0.0,21.131,60.874,9.64,219.11,SSP1-2.6
2042-11-21,0.0,22.564,71.316,10.41,190.71,SSP1-2.6
2042-11-22,0.0,23.446,57.094,11.542,244.77,SSP1-2.6
2042-11-23,0.0,23.453,65.397,10.581,234.16,SSP1-2.6
2042-11-24,0.0,23.889,61.067,12.021,216.3,SSP1-2.6
2042-11-25,0.0,23.493,50.273,14.619,234.09,SSP1-2.6
2042-11-26,0.0,24.008,51.494,15.38,229.66,SSP1-2.6
2042-11-27,0.0,24.664,66.548,10.892,192.57,SSP1-2.6
2042-11-28,0.3778,24.549,69.562,11.812,207.82,SSP1-2.6
2042-11-29,0.4291,23.057,82.273,9.991,173.46,SSP1-2.6
2042-11-30,0.0,23.851,71.073,8.892,205.09,SSP1-2.6
2042-12-01,0.0004,24.283,56.552,6.941,239.18,SSP1-2.6
2042-12-02,0.1312,23.378,63.443,9.043,216.24,SSP1-2.6
2042-12-03,0.0001,23.014,61.514,7.449,204.57,SSP1-2.6
2042-12-04,0.3302,22.751,71.336,9.06,213.28,SSP1-2.6
2042-12-05,0.0005,22.747,74.54,10.694,188.94,SSP1-2.6
2042-12-06,0.0,24.275,65.195,10.133,212.71,SSP1-2.6
2042-12-07,0.0,23.667,65.473,7.628,220.9,SSP1-2.6
2042-12-08,0.0,22.311,69.141,6.7,193.43,SSP1-2.6
2042-12-09,0.0,21.929,72.214,8.004,178.41,SSP1-2.6
2042-12-10,0.0,22.338,66.92,9.124,179.84,SSP1-2.6
2042-12-11,0.0,22.554,66.78,8.034,194.76,SSP1-2.6
2042-12-12,0.0,23.303,62.418,6.472,221.75,SSP1-2.6
2042-12-13,0.0,23.123,62.009,4.97,222.41,SSP1-2.6
2042-12-14,0.0,21.685,71.327,6.995,171.24,SSP1-2.6
2042-12-15,0.0,21.78,66.317,7.077,192.6,SSP1-2.6
2042-12-16,0.0,21.345,68.452,7.462,184.51,SSP1-2.6
2042-12-17,0.0,21.109,70.129,5.232,181.2,SSP1-2.6
2042-12-18,0.0,21.774,62.976,5.942,224.65,SSP1-2.6
2042-12-19,0.0,21.648,63.826,6.188,191.79,SSP1-2.6
2042-12-20,0.0,22.142,55.317,9.077,217.19,SSP1-2.6
2042-12-21,0.0,21.413,44.0,10.089,241.28,SSP1-2.6
2042-12-22,0.0,21.022,38.164,9.19,249.36,SSP1-2.6
2042-12-23,0.0,20.709,49.714,8.836,236.89,SSP1-2.6
2042-12-24,0.0,20.716,50.842,8.878,240.3,SSP1-2.6
2042-12-25,0.0,20.847,50.914,7.773,242.44,SSP1-2.6
2042-12-26,0.0,22.016,49.334,7.58,223.78,SSP1-2.6
2042-12-27,0.0,21.848,45.564,8.134,240.49,SSP1-2.6
2042-12-28,0.0,21.468,44.282,8.291,245.23,SSP1-2.6
2042-12-29,0.0,20.92,42.84,8.601,245.49,SSP1-2.6
2042-12-30,0.0,20.432,44.238,6.737,232.98,SSP1-2.6
2042-12-31,0.0,20.352,50.67,5.948,247.06,SSP1-2.6
2043-01-01,0.0,21.163,54.144,6.871,238.08,SSP1-2.6
2043-01-02,0.0,21.919,53.737,7.545,233.13,SSP1-2.6
2043-01-03,0.0,22.382,50.66,9.926,243.11,SSP1-2.6
2043-01-04,0.0,22.216,53.627,10.479,225.41,SSP1-2.6
2043-01-05,0.0,22.353,58.93,6.739,222.27,SSP1-2.6
2043-01-06,0.0,23.258,58.175,5.167,212.34,SSP1-2.6
2043-01-07,0.0,22.88,61.764,8.718,208.52,SSP1-2.6
2043-01-08,0.0,22.23,57.326,9.207,218.06,SSP1-2.6
2043-01-09,0.0,21.825,44.75,9.167,243.59,SSP1-2.6
2043-01-10,0.0,21.308,41.878,8.09,253.92,SSP1-2.6
2043-01-11,0.0,20.885,45.516,5.07,257.02,SSP1-2.6
2043-01-12,0.0,22.05,51.458,7.486,245.62,SSP1-2.6
2043-01-13,0.0,22.688,52.147,9.898,239.04,SSP1-2.6
2043-01-14,0.0,23.047,59.741,10.775,228.75,SSP1-2.6
2043-01-15,0.0,23.725,56.083,13.031,228.16,SSP1-2.6
2043-01-16,0.0,23.069,56.512,11.517,221.68,SSP1-2.6
2043-01-17,0.0,23.713,54.096,10.682,248.36,SSP1-2.6
2043-01-18,0.0,23.368,54.113,10.1,244.39,SSP1-2.6
2043-01-19,0.0,23.316,48.812,10.936,254.91,SSP1-2.6
2043-01-20,0.0,23.777,49.352,8.388,245.28,SSP1-2.6
2043-01-21,0.0,23.739,50.801,7.545,248.95,SSP1-2.6
2043-01-22,0.0,23.55,48.616,8.92,244.03,SSP1-2.6
2043-01-23,0.0,24.123,50.01,13.065,212.31,SSP1-2.6
2043-01-24,0.0,23.861,53.302,10.515,255.2,SSP1-2.6
2043-01-25,0.0,23.635,54.968,7.694,252.33,SSP1-2.6
2043-01-26,0.0,22.531,55.765,8.993,210.39,SSP1-2.6
2043-01-27,0.0,23.801,46.547,4.784,259.5,SSP1-2.6
2043-01-28,0.0,23.702,51.692,5.903,254.92,SSP1-2.6
2043-01-29,0.0,24.464,51.57,9.28,263.88,SSP1-2.6
2043-01-30,0.0,24.363,47.086,12.3,256.9,SSP1-2.6
2043-01-31,0.0,24.43,53.0,9.418,211.48,SSP1-2.6
2043-02-01,0.0,23.853,48.502,9.907,219.34,SSP1-2.6
2043-02-02,0.0,23.607,37.444,11.214,258.01,SSP1-2.6
2043-02-03,0.0,23.24,39.593,10.783,262.08,SSP1-2.6
2043-02-04,0.0,23.534,44.832,9.144,272.78,SSP1-2.6
2043-02-05,0.0,24.229,51.9,8.168,267.07,SSP1-2.6
2043-02-06,0.0,24.65,50.208,9.21,255.39,SSP1-2.6
2043-02-07,0.0,23.865,38.75,11.979,265.14,SSP1-2.6
2043-02-08,0.0,23.047,35.365,11.616,277.03,SSP1-2.6
2043-02-09,0.0,22.653,38.44,6.485,281.63,SSP1-2.6
2043-02-10,0.0,23.217,43.935,6.765,281.69,SSP1-2.6
2043-02-11,0.0,23.614,40.517,8.517,289.49,SSP1-2.6
2043-02-12,0.0,23.651,42.645,7.296,289.94,SSP1-2.6
2043-02-13,0.0,24.929,48.122,4.763,280.85,SSP1-2.6
2043-02-14,0.0,25.881,45.424,4.147,272.09,SSP1-2.6
2043-02-15,0.0,26.919,44.873,6.702,268.04,SSP1-2.6
2043-02-16,0.0,25.057,45.705,11.089,224.97,SSP1-2.6
2043-02-17,0.0,25.491,42.192,6.838,268.7,SSP1-2.6
2043-02-18,0.0,24.175,47.934,11.043,233.49,SSP1-2.6
2043-02-19,0.0,25.194,43.082,10.608,256.51,SSP1-2.6
2043-02-20,0.0,25.529,44.735,9.114,263.73,SSP1-2.6
2043-02-21,0.0,25.973,49.175,7.41,234.8,SSP1-2.6
2043-02-22,0.0,25.858,46.034,7.632,243.69,SSP1-2.6
2043-02-23,0.0,25.904,44.078,6.343,287.5,SSP1-2.6
2043-02-24,0.0,25.971,40.27,7.374,273.37,SSP1-2.6
2043-02-25,0.0,25.902,36.728,10.766,296.18,SSP1-2.6
2043-02-26,0.0,25.665,37.52,10.552,303.54,SSP1-2.6
2043-02-27,0.0,26.509,38.971,9.75,300.63,SSP1-2.6
2043-02-28,0.0,26.44,36.876,9.567,305.87,SSP1-2.6
2043-03-01,0.0,26.369,38.354,7.305,297.51,SSP1-2.6
2043-03-02,0.0,27.389,40.213,6.632,295.64,SSP1-2.6
2043-03-03,0.0,27.549,38.618,8.147,291.93,SSP1-2.6
2043-03-04,0.0,27.668,36.349,6.457,273.48,SSP1-2.6
2043-03-05,0.0,25.42,48.462,6.271,208.3,SSP1-2.6
2043-03-06,0.0,27.005,38.419,4.991,309.03,SSP1-2.6
2043-03-07,0.0,27.267,36.923,5.999,314.72,SSP1-2.6
2043-03-08,0.0,27.907,34.004,8.944,312.65,SSP1-2.6
2043-03-09,0.0,28.454,35.218,7.353,309.91,SSP1-2.6
2043-03-10,0.0,28.192,33.622,5.643,315.14,SSP1-2.6
2043-03-11,0.0,28.004,32.439,5.075,319.41,SSP1-2.6
2043-03-12,0.0,27.833,32.671,6.621,320.34,SSP1-2.6
2043-03-13,0.0,28.037,33.549,8.693,316.85,SSP1-2.6
2043-03-14,0.0,28.587,32.235,7.05,316.89,SSP1-2.6
2043-03-15,0.0,28.106,33.049,7.128,265.18,SSP1-2.6
2043-03-16,0.0,28.185,30.66,7.001,297.24,SSP1-2.6
2043-03-17,0.0,28.194,29.997,8.519,318.86,SSP1-2.6
2043-03-18,0.0,28.427,28.787,8.269,324.2,SSP1-2.6
2043-03-19,0.0,28.417,30.125,8.682,325.29,SSP1-2.6
2043-03-20,0.0,29.003,31.75,8.17,324.78,SSP1-2.6
2043-03-21,0.0,29.101,33.733,8.722,283.68,SSP1-2.6
2043-03-22,0.0,28.687,36.865,8.278,260.15,SSP1-2.6
2043-03-23,0.0078,27.7,41.932,7.283,242.74,SSP1-2.6
2043-03-24,3.2234,25.519,60.162,8.83,202.49,SSP1-2.6
2043-03-25,0.0,28.739,41.241,6.886,285.89,SSP1-2.6
2043-03-26,0.2424,27.322,51.814,9.197,228.6,SSP1-2.6
2043-03-27,0.0768,28.985,40.42,8.178,313.98,SSP1-2.6
2043-03-28,0.4995,25.91,61.934,7.02,201.14,SSP1-2.6
2043-03-29,0.0,28.454,45.394,9.693,312.26,SSP1-2.6
2043-03-30,0.0,28.626,42.586,9.497,269.64,SSP1-2.6
2043-03-31,0.2363,29.143,45.85,8.847,304.0,SSP1-2.6
2043-04-01,7.9059,26.97,58.98,7.681,238.89,SSP1-2.6
2043-04-02,0.0,28.537,47.154,7.18,272.32,SSP1-2.6
2043-04-03,0.0,29.445,38.2,7.181,326.31,SSP1-2.6
2043-04-04,0.0,29.577,37.811,6.23,281.91,SSP1-2.6
2043-04-05,0.0,29.401,33.625,5.557,309.61,SSP1-2.6
2043-04-06,0.0,28.725,30.08,5.243,316.2,SSP1-2.6
2043-04-07,0.0,28.085,26.367,5.699,363.72,SSP1-2.6
2043-04-08,0.0,27.969,26.568,4.023,362.92,SSP1-2.6
2043-04-09,0.0,28.563,28.129,5.013,355.24,SSP1-2.6
2043-04-10,0.0,29.163,29.428,5.734,343.6,SSP1-2.6
2043-04-11,0.0,29.851,29.473,5.846,324.56,SSP1-2.6
2043-04-12,0.0,29.866,28.934,5.889,323.38,SSP1-2.6
2043-04-13,0.0,30.669,30.322,6.708,308.98,SSP1-2.6
2043-04-14,0.0016,31.15,30.175,6.18,302.15,SSP1-2.6
2043-04-15,0.1162,26.756,48.671,6.196,207.54,SSP1-2.6
2043-04-16,0.0246,28.062,44.672,4.22,233.64,SSP1-2.6
2043-04-17,0.0,30.173,34.716,6.125,288.01,SSP1-2.6
2043-04-18,0.0,30.787,29.994,7.291,334.46,SSP1-2.6
2043-04-19,0.0,30.949,28.605,6.119,346.38,SSP1-2.6
2043-04-20,0.0,31.067,29.516,5.208,313.71,SSP1-2.6
2043-04-21,0.0,31.214,27.223,6.897,351.72,SSP1-2.6
2043-04-22,0.0,31.423,28.598,7.471,333.09,SSP1-2.6
2043-04-23,0.0,31.498,29.551,7.687,332.09,SSP1-2.6
2043-04-24,0.0,31.662,27.923,6.622,333.74,SSP1-2.6
2043-04-25,0.0,31.924,28.298,6.523,302.66,SSP1-2.6
2043-04-26,0.0,32.088,29.295,6.276,281.99,SSP1-2.6
2043-04-27,0.0,32.238,28.14,5.496,309.34,SSP1-2.6
2043-04-28,0.0755,32.43,29.796,5.456,277.8,SSP1-2.6
2043-04-29,0.1293,32.114,31.247,5.562,269.55,SSP1-2.6
2043-04-30,0.0206,32.012,31.991,6.248,275.38,SSP1-2.6
2043-05-01,0.1265,33.375,32.443,6.84,273.26,SSP1-2.6
2043-05-02,0.0,33.824,29.364,5.48,301.67,SSP1-2.6
2043-05-03,0.0,33.695,26.724,5.475,328.48,SSP1-2.6
2043-05-04,0.0,34.396,27.168,7.816,310.23,SSP1-2.6
2043-05-05,0.0,34.299,26.162,10.497,312.59,SSP1-2.6
2043-05-06,0.0,34.733,23.942,11.85,330.72,SSP1-2.6
2043-05-07,0.0,34.359,22.517,12.069,302.23,SSP1-2.6
2043-05-08,0.0,34.309,22.721,12.64,359.92,SSP1-2.6
2043-05-09,0.0,34.334,23.616,11.258,351.35,SSP1-2.6
2043-05-10,0.0,34.446,22.22,10.588,355.19,SSP1-2.6
2043-05-11,0.0,34.058,21.678,9.638,354.27,SSP1-2.6
2043-05-12,0.0,34.897,21.837,11.95,348.35,SSP1-2.6
2043-05-13,0.0,35.343,21.244,10.659,350.73,SSP1-2.6
2043-05-14,0.0,35.885,21.436,7.411,334.76,SSP1-2.6
2043-05-15,0.0,35.411,23.583,6.229,249.42,SSP1-2.6
2043-05-16,0.0,35.615,24.925,6.613,272.34,SSP1-2.6
2043-05-17,0.0055,35.386,27.228,7.4,257.89,SSP1-2.6
2043-05-18,0.3092,35.056,29.857,8.845,263.7,SSP1-2.6
2043-05-19,0.0094,34.849,33.456,8.516,280.73,SSP1-2.6
2043-05-20,0.0044,35.078,28.014,8.036,328.99,SSP1-2.6
2043-05-21,0.0,35.538,25.466,9.274,319.05,SSP1-2.6
2043-05-22,0.0,35.649,25.119,9.463,345.48,SSP1-2.6
2043-05-23,0.0,35.794,23.348,9.207,342.93,SSP1-2.6
2043-05-24,0.0,35.952,23.618,9.757,325.93,SSP1-2.6
2043-05-25,0.0,36.198,22.301,12.022,348.72,SSP1-2.6
2043-05-26,0.0,36.329,22.045,12.48,344.02,SSP1-2.6
2043-05-27,0.3055,35.349,28.449,9.209,265.39,SSP1-2.6
2043-05-28,0.0,35.82,28.032,7.749,287.0,SSP1-2.6
2043-05-29,0.0069,36.192,26.992,7.506,308.06,SSP1-2.6
2043-05-30,12.9396,32.534,50.465,8.08,226.49,SSP1-2.6
2043-05-31,0.0,33.423,46.415,8.56,276.49,SSP1-2.6
2043-06-01,0.0093,33.17,35.505,7.686,321.25,SSP1-2.6
2043-06-02,0.0,33.817,33.828,8.354,316.95,SSP1-2.6
2043-06-03,0.0,33.999,31.596,8.912,308.75,SSP1-2.6
2043-06-04,0.2299,31.032,44.514,8.294,240.91,SSP1-2.6
2043-06-05,0.0,29.105,48.973,8.029,213.01,SSP1-2.6
2043-06-06,0.0,33.76,28.986,11.525,344.08,SSP1-2.6
2043-06-07,0.0,34.853,25.198,11.511,346.94,SSP1-2.6
2043-06-08,0.0,34.986,24.559,12.583,349.95,SSP1-2.6
2043-06-09,0.0,35.157,24.764,13.762,340.41,SSP1-2.6
2043-06-10,0.0,35.492,25.183,12.194,333.27,SSP1-2.6
2043-06-11,0.0,35.428,25.081,11.967,333.45,SSP1-2.6
2043-06-12,0.0,31.093,38.233,9.532,226.99,SSP1-2.6
2043-06-13,0.0215,34.871,33.119,12.095,280.5,SSP1-2.6
2043-06-14,0.0,35.123,31.386,14.719,306.25,SSP1-2.6
2043-06-15,0.0,33.871,34.67,17.352,339.55,SSP1-2.6
2043-06-16,0.0,33.691,36.704,16.384,336.51,SSP1-2.6
2043-06-17,0.0,33.782,37.426,16.644,335.22,SSP1-2.6
2043-06-18,0.0,33.212,38.129,16.146,332.43,SSP1-2.6
2043-06-19,0.0,33.711,38.986,17.326,326.59,SSP1-2.6
2043-06-20,0.1615,31.412,43.761,15.445,268.45,SSP1-2.6
2043-06-21,0.1923,30.903,50.37,16.309,253.56,SSP1-2.6
2043-06-22,0.949,29.403,58.305,15.371,246.62,SSP1-2.6
2043-06-23,0.0,30.117,54.974,16.796,274.37,SSP1-2.6
2043-06-24,0.0903,30.033,57.974,17.634,274.49,SSP1-2.6
2043-06-25,6.0622,27.852,68.081,15.566,229.48,SSP1-2.6
2043-06-26,8.8563,27.018,76.215,14.655,222.77,SSP1-2.6
2043-06-27,22.5524,26.022,88.862,12.193,184.65,SSP1-2.6
2043-06-28,6.8029,25.968,88.079,13.289,186.14,SSP1-2.6
2043-06-29,6.198,26.507,83.891,14.875,245.24,SSP1-2.6
2043-06-30,26.8101,25.811,91.525,12.587,170.68,SSP1-2.6
2043-07-01,29.8919,25.523,93.621,12.652,142.23,SSP1-2.6
2043-07-02,26.9315,25.466,93.464,12.49,145.62,SSP1-2.6
2043-07-03,0.4482,26.221,85.842,14.046,237.18,SSP1-2.6
2043-07-04,13.2908,25.588,89.017,14.035,221.07,SSP1-2.6
2043-07-05,15.669,25.536,91.957,11.196,185.96,SSP1-2.6
2043-07-06,11.9441,25.49,89.0,13.429,216.06,SSP1-2.6
2043-07-07,2.275,25.37,90.008,9.675,205.46,SSP1-2.6
2043-07-08,0.0042,26.428,85.657,8.639,260.23,SSP1-2.6
2043-07-09,0.0,26.949,84.365,7.511,262.51,SSP1-2.6
2043-07-10,0.3714,27.06,85.735,7.669,236.2,SSP1-2.6
2043-07-11,6.7756,26.561,84.829,10.854,247.25,SSP1-2.6
2043-07-12,10.3815,25.595,90.852,10.095,194.18,SSP1-2.6
2043-07-13,21.2958,25.565,92.934,7.042,181.74,SSP1-2.6
2043-07-14,4.7326,25.612,93.818,4.843,189.13,SSP1-2.6
2043-07-15,16.6866,26.096,91.449,4.993,220.88,SSP1-2.6
2043-07-16,15.9861,26.482,88.857,10.634,233.62,SSP1-2.6
2043-07-17,0.1799,26.708,86.023,11.212,245.16,SSP1-2.6
2043-07-18,0.5532,26.788,85.881,10.005,247.86,SSP1-2.6
2043-07-19,5.4042,25.662,90.681,10.794,200.53,SSP1-2.6
2043-07-20,14.9352,25.411,90.196,15.862,200.59,SSP1-2.6
2043-07-21,6.5952,25.061,91.34,12.292,194.66,SSP1-2.6
2043-07-22,0.2344,25.276,89.629,12.228,207.95,SSP1-2.6
2043-07-23,22.6654,25.17,91.95,11.172,197.12,SSP1-2.6
2043-07-24,17.1693,25.303,92.461,10.638,204.06,SSP1-2.6
2043-07-25,11.9706,25.355,91.788,10.945,205.71,SSP1-2.6
2043-07-26,0.0,26.233,87.259,11.699,231.09,SSP1-2.6
2043-07-27,0.0,26.83,83.876,10.042,264.38,SSP1-2.6
2043-07-28,0.0,27.167,83.522,9.93,294.06,SSP1-2.6
2043-07-29,0.0,27.669,79.254,10.38,302.81,SSP1-2.6
2043-07-30,0.0,28.28,80.194,9.528,286.7,SSP1-2.6
2043-07-31,0.0,26.416,83.721,11.188,226.02,SSP1-2.6
2043-08-01,22.7285,26.478,86.938,11.172,227.54,SSP1-2.6
2043-08-02,75.719,25.231,95.078,13.747,166.74,SSP1-2.6
2043-08-03,27.6315,25.267,95.591,9.326,172.25,SSP1-2.6
2043-08-04,1.6172,26.394,90.018,8.954,232.29,SSP1-2.6
2043-08-05,22.1374,25.908,90.796,16.228,207.02,SSP1-2.6
2043-08-06,66.4401,25.398,94.974,13.439,154.41,SSP1-2.6
2043-08-07,7.7447,25.405,92.091,13.718,190.93,SSP1-2.6
2043-08-08,0.0,26.508,86.23,8.975,278.49,SSP1-2.6
2043-08-09,0.4304,27.005,88.256,6.065,253.74,SSP1-2.6
2043-08-10,0.0,26.941,87.722,7.43,236.48,SSP1-2.6
2043-08-11,0.2718,26.609,88.113,9.373,242.47,SSP1-2.6
2043-08-12,0.2632,26.672,86.893,12.22,249.14,SSP1-2.6
2043-08-13,36.1985,25.814,92.732,12.115,192.21,SSP1-2.6
2043-08-14,36.8158,25.56,93.011,14.262,186.14,SSP1-2.6
2043-08-15,34.6835,25.152,95.307,14.512,147.89,SSP1-2.6
2043-08-16,4.068,25.393,92.516,15.152,197.09,SSP1-2.6
2043-08-17,1.6725,25.497,92.61,11.901,186.04,SSP1-2.6
2043-08-18,3.5098,25.57,92.981,12.743,201.29,SSP1-2.6
2043-08-19,2.0461,25.633,94.222,12.559,205.94,SSP1-2.6
2043-08-20,28.31,25.774,95.169,13.845,185.44,SSP1-2.6
2043-08-21,20.7334,25.437,93.378,16.115,163.89,SSP1-2.6
2043-08-22,9.0105,25.811,89.812,16.685,236.35,SSP1-2.6
2043-08-23,20.8254,25.186,93.905,15.275,184.69,SSP1-2.6
2043-08-24,22.7016,25.42,93.491,13.85,196.87,SSP1-2.6
2043-08-25,10.0453,25.458,93.737,11.34,196.67,SSP1-2.6
2043-08-26,0.1207,25.443,94.178,9.407,188.75,SSP1-2.6
2043-08-27,3.2069,25.603,92.863,10.715,213.43,SSP1-2.6
2043-08-28,4.8702,25.54,94.371,9.357,194.07,SSP1-2.6
2043-08-29,1.7184,25.639,93.314,9.837,215.07,SSP1-2.6
2043-08-30,0.0314,26.027,90.899,10.398,238.07,SSP1-2.6
2043-08-31,0.068,25.883,92.635,8.86,214.9,SSP1-2.6
2043-09-01,8.1371,25.515,95.863,6.87,206.3,SSP1-2.6
2043-09-02,0.1334,25.797,93.108,5.565,226.78,SSP1-2.6
2043-09-03,3.2151,25.947,92.037,8.214,240.16,SSP1-2.6
2043-09-04,7.8226,26.204,91.065,10.379,252.49,SSP1-2.6
2043-09-05,33.1407,25.659,93.185,10.511,215.73,SSP1-2.6
2043-09-06,0.3748,25.4,92.743,9.891,220.94,SSP1-2.6
2043-09-07,0.5288,25.428,91.606,9.993,222.52,SSP1-2.6
2043-09-08,0.1383,25.653,90.27,9.617,226.03,SSP1-2.6
2043-09-09,0.8887,25.572,92.334,6.104,223.29,SSP1-2.6
2043-09-10,22.3809,25.87,92.978,3.084,227.25,SSP1-2.6
2043-09-11,14.1648,25.619,94.718,3.368,225.19,SSP1-2.6
2043-09-12,0.2207,25.867,92.536,6.207,232.41,SSP1-2.6
2043-09-13,0.0,26.001,90.935,6.43,243.23,SSP1-2.6
2043-09-14,0.0,26.055,89.224,4.894,249.85,SSP1-2.6
2043-09-15,0.0,26.226,88.005,5.199,264.42,SSP1-2.6
2043-09-16,21.2463,25.566,93.881,4.404,216.79,SSP1-2.6
2043-09-17,21.8489,25.532,94.952,6.358,214.54,SSP1-2.6
2043-09-18,5.0279,25.688,93.4,7.085,223.13,SSP1-2.6
2043-09-19,0.0,26.269,89.592,5.646,251.09,SSP1-2.6
2043-09-20,0.0,26.447,86.61,6.86,279.57,SSP1-2.6
2043-09-21,0.0,26.448,87.277,6.963,258.43,SSP1-2.6
2043-09-22,8.6758,25.713,90.424,8.344,221.17,SSP1-2.6
2043-09-23,11.2546,25.438,92.06,10.01,192.27,SSP1-2.6
2043-09-24,1.0103,25.615,89.254,13.103,224.33,SSP1-2.6
2043-09-25,2.0972,25.596,89.211,11.685,217.14,SSP1-2.6
2043-09-26,1.1332,25.471,91.107,8.358,202.82,SSP1-2.6
2043-09-27,14.2915,25.584,91.251,7.737,213.75,SSP1-2.6
2043-09-28,13.584,25.527,93.684,6.78,177.05,SSP1-2.6
2043-09-29,6.9265,25.585,91.079,6.911,219.91,SSP1-2.6
2043-09-30,0.6088,25.983,89.7,6.899,230.49,SSP1-2.6
2043-10-01,0.2353,26.146,87.688,7.397,230.8,SSP1-2.6
2043-10-02,0.0,26.677,84.644,7.154,272.04,SSP1-2.6
2043-10-03,0.0,26.792,84.346,6.784,259.08,SSP1-2.6
2043-10-04,0.0,26.295,80.842,6.315,290.49,SSP1-2.6
2043-10-05,0.0,26.077,82.693,5.533,256.43,SSP1-2.6
2043-10-06,0.0,26.115,79.547,5.711,263.93,SSP1-2.6
2043-10-07,0.0,24.724,76.857,5.969,260.58,SSP1-2.6
2043-10-08,0.0,24.433,69.005,6.483,287.14,SSP1-2.6
2043-10-09,0.0,24.366,78.56,6.92,268.03,SSP1-2.6
2043-10-10,0.0,25.615,82.652,7.449,270.09,SSP1-2.6
2043-10-11,0.0,26.1,80.174,5.237,284.66,SSP1-2.6
2043-10-12,0.0,25.712,83.566,4.178,236.68,SSP1-2.6
2043-10-13,0.0,25.834,83.703,3.485,231.53,SSP1-2.6
2043-10-14,0.0,26.797,76.868,4.193,281.24,SSP1-2.6
2043-10-15,0.0,26.969,80.881,3.842,269.86,SSP1-2.6
2043-10-16,0.0,26.947,81.045,3.712,267.25,SSP1-2.6
2043-10-17,0.0,26.815,78.31,5.883,270.44,SSP1-2.6
2043-10-18,0.0,26.084,76.531,6.008,276.55,SSP1-2.6
2043-10-19,0.0,25.503,81.896,4.941,241.19,SSP1-2.6
2043-10-20,0.0,25.398,84.624,4.876,234.53,SSP1-2.6
2043-10-21,0.0,25.981,83.353,5.678,255.81,SSP1-2.6
2043-10-22,0.0,26.376,80.181,5.317,259.78,SSP1-2.6
2043-10-23,0.0,26.322,82.709,4.43,243.03,SSP1-2.6
2043-10-24,0.0,26.202,81.237,5.237,251.68,SSP1-2.6
2043-10-25,0.0,26.067,76.425,2.826,254.09,SSP1-2.6
2043-10-26,0.0,25.6,83.879,5.122,240.07,SSP1-2.6
2043-10-27,6.7804,25.787,85.619,6.233,212.67,SSP1-2.6
2043-10-28,0.079,25.973,84.446,5.687,221.8,SSP1-2.6
2043-10-29,0.0,24.562,86.752,3.363,198.95,SSP1-2.6
2043-10-30,0.0,26.227,81.88,4.793,243.89,SSP1-2.6
2043-10-31,0.0,26.417,80.902,5.734,238.29,SSP1-2.6
2043-11-01,0.1443,26.071,81.434,4.49,220.3,SSP1-2.6
2043-11-02,0.0,26.171,80.181,3.634,240.21,SSP1-2.6
2043-11-03,0.0,24.981,78.748,4.426,206.73,SSP1-2.6
2043-11-04,0.0,24.245,69.427,7.496,219.32,SSP1-2.6
2043-11-05,0.0,23.228,79.21,9.033,192.18,SSP1-2.6
2043-11-06,0.0,23.333,56.968,10.639,261.46,SSP1-2.6
2043-11-07,0.1578,23.05,59.22,13.52,231.96,SSP1-2.6
2043-11-08,5.7905,24.674,81.043,4.682,219.98,SSP1-2.6
2043-11-09,15.6172,24.36,87.679,6.092,170.51,SSP1-2.6
2043-11-10,13.4097,23.688,89.171,6.383,164.12,SSP1-2.6
2043-11-11,1.1443,24.884,85.471,3.094,190.8,SSP1-2.6
2043-11-12,0.0,25.723,81.62,2.957,218.55,SSP1-2.6
2043-11-13,0.0671,26.109,78.702,3.529,227.66,SSP1-2.6
2043-11-14,0.0511,25.833,79.387,4.976,228.43,SSP1-2.6
2043-11-15,0.0,24.977,72.176,6.586,219.5,SSP1-2.6
2043-11-16,0.0,24.496,59.296,6.77,251.95,SSP1-2.6
2043-11-17,0.0208,24.914,71.505,4.64,227.41,SSP1-2.6
2043-11-18,0.0,23.246,76.919,5.077,193.13,SSP1-2.6
2043-11-19,0.0,23.729,66.346,5.68,246.07,SSP1-2.6
2043-11-20,0.0,23.232,62.453,6.251,242.99,SSP1-2.6
2043-11-21,0.0,22.5,56.983,6.966,250.17,SSP1-2.6
2043-11-22,0.0,22.202,57.501,6.797,251.91,SSP1-2.6
2043-11-23,0.0,21.983,54.407,7.227,253.57,SSP1-2.6
2043-11-24,0.0,21.957,54.034,8.148,252.56,SSP1-2.6
2043-11-25,0.0,21.915,56.841,8.496,237.61,SSP1-2.6
2043-11-26,0.0,22.235,62.842,7.933,212.72,SSP1-2.6
2043-11-27,0.0,21.483,69.949,6.126,191.89,SSP1-2.6
2043-11-28,0.0,22.091,61.681,7.149,212.47,SSP1-2.6
2043-11-29,0.0,21.34,58.836,7.248,204.6,SSP1-2.6
2043-11-30,0.0,21.887,57.276,7.857,239.77,SSP1-2.6
2043-12-01,0.0,22.111,56.232,8.72,241.5,SSP1-2.6
2043-12-02,0.0,22.666,60.461,7.432,233.49,SSP1-2.6
2043-12-03,0.0,23.043,59.256,6.827,234.16,SSP1-2.6
2043-12-04,0.0,22.602,58.773,6.178,238.04,SSP1-2.6
2043-12-05,0.0,21.972,52.68,6.129,234.17,SSP1-2.6
2043-12-06,0.0,21.825,45.537,7.038,245.79,SSP1-2.6
2043-12-07,0.0,21.563,42.83,8.709,245.58,SSP1-2.6
2043-12-08,0.0,21.242,38.63,8.048,248.39,SSP1-2.6
2043-12-09,0.0,20.91,40.118,7.161,248.48,SSP1-2.6
2043-12-10,0.0,21.194,48.317,5.185,247.69,SSP1-2.6
2043-12-11,0.0,22.134,52.296,5.303,237.43,SSP1-2.6
2043-12-12,0.0,22.281,57.389,5.085,227.3,SSP1-2.6
2043-12-13,0.0,22.213,61.17,7.108,216.07,SSP1-2.6
2043-12-14,0.0,22.724,55.539,7.776,243.81,SSP1-2.6
2043-12-15,0.0,22.326,57.802,6.799,223.33,SSP1-2.6
2043-12-16,0.0,21.234,67.865,5.009,188.87,SSP1-2.6
2043-12-17,0.0,22.66,57.897,6.745,221.25,SSP1-2.6
2043-12-18,0.0,22.542,50.249,10.182,230.87,SSP1-2.6
2043-12-19,0.0,22.246,52.084,7.308,231.85,SSP1-2.6
2043-12-20,0.0,22.299,53.932,5.59,226.35,SSP1-2.6
2043-12-21,0.0,21.184,64.779,3.357,191.63,SSP1-2.6
2043-12-22,0.0,22.966,57.757,5.985,228.69,SSP1-2.6
2043-12-23,0.0,23.149,56.643,9.294,225.78,SSP1-2.6
2043-12-24,0.0,21.915,61.495,8.088,182.85,SSP1-2.6
2043-12-25,0.0,23.046,60.098,5.782,217.73,SSP1-2.6
2043-12-26,0.0,22.698,59.659,7.323,229.31,SSP1-2.6
2043-12-27,0.0,22.81,51.931,7.569,242.15,SSP1-2.6
2043-12-28,0.0,22.542,51.477,5.85,239.8,SSP1-2.6
2043-12-29,0.0,22.334,48.03,4.036,245.43,SSP1-2.6
2043-12-30,0.0,22.106,49.149,6.683,247.05,SSP1-2.6
2043-12-31,0.0,22.172,54.541,9.322,221.17,SSP1-2.6
2044-01-01,0.0,20.96,78.614,7.355,116.16,SSP1-2.6
2044-01-02,0.0,21.974,76.565,9.823,188.81,SSP1-2.6
2044-01-03,0.0,22.35,76.205,8.875,180.73,SSP1-2.6
2044-01-04,0.0,22.552,67.233,10.157,182.44,SSP1-2.6
2044-01-05,0.0,23.113,64.995,9.819,203.62,SSP1-2.6
2044-01-06,0.0,24.164,58.32,9.75,228.14,SSP1-2.6
2044-01-07,0.0,23.861,60.192,8.698,230.92,SSP1-2.6
2044-01-08,0.0,23.684,55.909,10.365,230.39,SSP1-2.6
2044-01-09,0.0,22.629,54.855,8.681,218.45,SSP1-2.6
2044-01-10,0.0,23.22,55.451,9.97,238.37,SSP1-2.6
2044-01-11,0.0,23.862,59.495,11.791,218.4,SSP1-2.6
2044-01-12,0.0,23.147,59.705,9.073,201.12,SSP1-2.6
2044-01-13,0.0,20.194,55.411,15.054,178.2,SSP1-2.6
2044-01-14,0.0,17.159,52.815,14.884,165.89,SSP1-2.6
2044-01-15,0.0,19.058,48.794,11.325,170.85,SSP1-2.6
2044-01-16,0.0,22.161,47.607,6.4,252.38,SSP1-2.6
2044-01-17,0.0,23.089,55.667,5.491,242.7,SSP1-2.6
2044-01-18,0.0,21.816,70.101,6.558,172.16,SSP1-2.6
2044-01-19,0.0,21.9,46.533,12.415,222.16,SSP1-2.6
2044-01-20,0.0,22.627,43.579,11.507,249.67,SSP1-2.6
2044-01-21,0.0,22.666,46.382,10.299,231.68,SSP1-2.6
2044-01-22,0.0,22.964,49.101,10.217,236.82,SSP1-2.6
2044-01-23,0.0,22.834,44.584,12.652,221.32,SSP1-2.6
2044-01-24,0.0,22.842,41.185,11.568,248.77,SSP1-2.6
2044-01-25,0.0,22.265,41.104,7.499,235.22,SSP1-2.6
2044-01-26,0.0,22.236,44.209,7.368,258.73,SSP1-2.6
2044-01-27,0.0,22.697,45.304,7.944,261.74,SSP1-2.6
2044-01-28,0.0,22.828,45.569,9.518,232.59,SSP1-2.6
2044-01-29,0.0,22.387,47.576,9.77,226.71,SSP1-2.6
2044-01-30,0.0,22.796,43.865,7.474,267.8,SSP1-2.6
2044-01-31,0.0,23.05,49.904,5.899,260.21,SSP1-2.6
2044-02-01,0.0,23.497,51.89,5.583,239.1,SSP1-2.6
2044-02-02,0.0,24.355,49.177,6.561,261.09,SSP1-2.6
2044-02-03,0.0,24.522,49.011,4.63,264.25,SSP1-2.6
2044-02-04,0.0,24.772,46.344,5.003,266.32,SSP1-2.6
2044-02-05,0.0,24.292,38.458,7.397,274.78,SSP1-2.6
2044-02-06,0.0,24.041,45.448,6.088,271.77,SSP1-2.6
2044-02-07,0.0,24.434,48.919,6.824,269.44,SSP1-2.6
2044-02-08,0.0,24.659,47.943,6.529,274.53,SSP1-2.6
2044-02-09,0.0,24.895,48.693,7.578,264.06,SSP1-2.6
2044-02-10,0.0,24.901,45.284,10.203,278.15,SSP1-2.6
2044-02-11,0.0,25.037,47.162,9.509,282.62,SSP1-2.6
2044-02-12,0.0,24.907,48.061,8.461,282.22,SSP1-2.6
2044-02-13,0.0,25.213,47.121,7.584,282.33,SSP1-2.6
2044-02-14,0.0,25.659,46.627,7.621,278.03,SSP1-2.6
2044-02-15,0.0,25.971,43.594,6.984,277.75,SSP1-2.6
2044-02-16,0.0,25.916,40.959,7.296,275.99,SSP1-2.6
2044-02-17,0.0,26.301,40.616,8.303,266.1,SSP1-2.6
2044-02-18,0.0,26.146,44.076,7.979,265.61,SSP1-2.6
2044-02-19,0.0,25.816,42.016,7.533,258.93,SSP1-2.6
2044-02-20,0.0,25.946,41.365,5.231,280.11,SSP1-2.6
2044-02-21,0.0,26.893,40.927,6.604,280.25,SSP1-2.6
2044-02-22,0.0,27.24,42.441,5.559,268.3,SSP1-2.6
2044-02-23,0.0,27.825,39.122,6.332,281.62,SSP1-2.6
2044-02-24,0.0,27.656,41.507,5.958,240.2,SSP1-2.6
2044-02-25,0.0,27.824,38.866,6.683,266.03,SSP1-2.6
2044-02-26,0.0,26.229,48.098,6.084,216.3,SSP1-2.6
2044-02-27,0.0,26.137,49.669,6.232,225.04,SSP1-2.6
2044-02-28,0.0,27.192,43.339,8.139,255.97,SSP1-2.6
2044-02-29,0.0,27.105,34.182,10.398,264.63,SSP1-2.6
2044-03-01,0.0,26.736,33.182,9.003,252.54,SSP1-2.6
2044-03-02,0.0,26.225,35.461,6.679,235.83,SSP1-2.6
2044-03-03,0.0,26.465,37.435,7.285,240.76,SSP1-2.6
2044-03-04,0.0,26.396,38.918,7.035,234.69,SSP1-2.6
2044-03-05,0.0,26.853,33.966,7.65,312.08,SSP1-2.6
2044-03-06,0.0,27.321,34.271,5.231,308.55,SSP1-2.6
2044-03-07,0.0,27.827,38.586,9.039,282.46,SSP1-2.6
2044-03-08,0.0,28.256,36.717,8.167,306.23,SSP1-2.6
2044-03-09,0.0,27.799,35.445,10.397,317.93,SSP1-2.6
2044-03-10,0.0,27.517,32.388,9.859,331.83,SSP1-2.6
2044-03-11,0.0,27.279,30.906,8.939,333.94,SSP1-2.6
2044-03-12,0.0,27.586,31.326,6.964,327.68,SSP1-2.6
2044-03-13,0.0,27.87,33.138,5.273,319.68,SSP1-2.6
2044-03-14,0.0001,28.421,33.698,7.226,306.13,SSP1-2.6
2044-03-15,0.0,27.55,37.605,7.016,239.48,SSP1-2.6
2044-03-16,0.0,28.344,35.964,3.906,284.49,SSP1-2.6
2044-03-17,0.0,28.666,39.04,7.575,280.91,SSP1-2.6
2044-03-18,0.0,29.483,36.487,7.559,306.88,SSP1-2.6
2044-03-19,0.0,29.262,34.653,7.255,284.67,SSP1-2.6
2044-03-20,0.0,29.171,30.665,5.616,322.79,SSP1-2.6
2044-03-21,0.0,28.851,30.488,5.691,324.38,SSP1-2.6
2044-03-22,0.0,28.899,28.754,7.253,329.08,SSP1-2.6
2044-03-23,0.0,29.447,27.224,8.362,284.17,SSP1-2.6
2044-03-24,0.0,29.123,27.106,7.998,313.22,SSP1-2.6
2044-03-25,0.0,28.678,29.378,7.182,332.77,SSP1-2.6
2044-03-26,0.0,29.263,32.453,7.151,317.23,SSP1-2.6
2044-03-27,0.0108,29.78,31.746,7.914,307.53,SSP1-2.6
2044-03-28,0.0008,30.378,32.116,4.844,293.41,SSP1-2.6
2044-03-29,0.0,30.653,31.067,4.043,315.21,SSP1-2.6
2044-03-30,0.0,30.557,34.385,6.237,308.04,SSP1-2.6
2044-03-31,0.0,30.065,37.1,6.766,276.0,SSP1-2.6
2044-04-01,0.0,30.267,36.553,4.418,271.57,SSP1-2.6
2044-04-02,0.0,30.644,30.746,8.739,277.9,SSP1-2.6
2044-04-03,0.0,30.557,25.832,9.618,301.41,SSP1-2.6
2044-04-04,0.0,30.348,27.85,6.134,316.58,SSP1-2.6
2044-04-05,0.0,30.966,27.708,7.95,333.8,SSP1-2.6
2044-04-06,0.0,31.253,29.236,6.314,332.05,SSP1-2.6
2044-04-07,0.0187,30.904,29.201,5.004,332.84,SSP1-2.6
2044-04-08,0.0,30.9,27.531,5.595,338.04,SSP1-2.6
2044-04-09,0.0,31.122,27.217,5.131,294.0,SSP1-2.6
2044-04-10,0.0,31.191,26.262,6.466,306.65,SSP1-2.6
2044-04-11,0.0,30.986,26.108,5.545,318.56,SSP1-2.6
2044-04-12,0.8891,31.294,35.279,5.261,287.56,SSP1-2.6
2044-04-13,0.7748,30.587,41.754,3.996,253.02,SSP1-2.6
2044-04-14,0.4812,30.957,37.303,5.14,272.5,SSP1-2.6
2044-04-15,0.0007,31.658,31.649,7.628,326.76,SSP1-2.6
2044-04-16,0.0,31.686,30.125,6.294,324.34,SSP1-2.6
2044-04-17,0.0,31.702,27.452,6.663,340.56,SSP1-2.6
2044-04-18,0.0,31.6,26.152,5.8,354.38,SSP1-2.6
2044-04-19,0.0,31.56,26.089,6.484,347.13,SSP1-2.6
2044-04-20,0.0,31.804,26.425,6.803,340.08,SSP1-2.6
2044-04-21,0.0057,32.359,28.779,8.235,277.66,SSP1-2.6
2044-04-22,0.0014,29.51,37.524,5.1,226.07,SSP1-2.6
2044-04-23,0.0,30.801,31.98,4.924,248.59,SSP1-2.6
2044-04-24,0.007,31.565,29.457,5.807,329.44,SSP1-2.6
2044-04-25,0.0005,32.194,28.701,6.203,327.27,SSP1-2.6
2044-04-26,0.0947,32.241,30.717,6.033,280.52,SSP1-2.6
2044-04-27,0.1786,32.314,30.209,6.402,312.66,SSP1-2.6
2044-04-28,0.001,32.462,28.133,8.928,339.15,SSP1-2.6
2044-04-29,0.0,32.87,27.533,8.827,331.65,SSP1-2.6
2044-04-30,0.276,32.791,29.969,7.568,286.04,SSP1-2.6
2044-05-01,0.0344,35.071,27.916,6.698,325.2,SSP1-2.6
2044-05-02,0.0,35.309,26.007,7.602,329.56,SSP1-2.6
2044-05-03,0.1142,33.128,31.413,5.645,231.27,SSP1-2.6
2044-05-04,0.0,34.494,26.264,6.065,345.09,SSP1-2.6
2044-05-05,0.0,35.014,24.814,7.257,328.22,SSP1-2.6
2044-05-06,0.0,35.154,23.64,6.913,296.46,SSP1-2.6
2044-05-07,0.0,34.809,22.283,6.089,347.2,SSP1-2.6
2044-05-08,0.0,34.856,23.935,6.813,357.47,SSP1-2.6
2044-05-09,0.0,35.17,25.544,9.022,342.9,SSP1-2.6
2044-05-10,0.0,35.758,24.109,7.476,326.84,SSP1-2.6
2044-05-11,0.0,35.633,22.632,6.168,341.85,SSP1-2.6
2044-05-12,0.0,36.027,23.931,7.686,338.71,SSP1-2.6
2044-05-13,0.0,36.002,24.286,7.121,292.92,SSP1-2.6
2044-05-14,0.0042,35.364,26.37,6.661,269.5,SSP1-2.6
2044-05-15,0.0,35.473,26.021,7.934,316.83,SSP1-2.6
2044-05-16,0.0,35.665,26.119,7.53,305.51,SSP1-2.6
2044-05-17,0.0,35.728,24.905,6.471,291.58,SSP1-2.6
2044-05-18,0.0062,36.165,24.007,6.623,313.46,SSP1-2.6
2044-05-19,0.2421,36.061,26.753,8.121,287.81,SSP1-2.6
2044-05-20,0.0,36.075,25.548,9.1,315.92,SSP1-2.6
2044-05-21,0.0,35.962,22.943,6.86,344.52,SSP1-2.6
2044-05-22,0.0084,36.511,22.474,6.428,334.2,SSP1-2.6
2044-05-23,0.021,36.203,28.556,6.084,301.78,SSP1-2.6
2044-05-24,0.6034,34.215,42.642,7.757,253.52,SSP1-2.6
2044-05-25,1.5207,31.624,55.305,7.544,240.38,SSP1-2.6
2044-05-26,36.3154,30.504,67.784,6.637,211.47,SSP1-2.6
2044-05-27,35.7857,25.814,86.274,6.347,182.91,SSP1-2.6
2044-05-28,4.5684,31.042,68.606,6.78,252.02,SSP1-2.6
2044-05-29,3.0779,31.308,62.653,12.406,266.59,SSP1-2.6
2044-05-30,0.0316,30.952,59.507,15.27,252.49,SSP1-2.6
2044-05-31,0.5812,30.715,59.746,13.037,245.26,SSP1-2.6
2044-06-01,0.0,28.646,58.638,10.628,250.99,SSP1-2.6
2044-06-02,0.0,29.363,62.864,9.984,247.47,SSP1-2.6
2044-06-03,0.128,27.965,67.761,12.257,230.91,SSP1-2.6
2044-06-04,0.0,27.703,67.347,13.977,228.87,SSP1-2.6
2044-06-05,0.0,29.394,58.478,16.774,276.29,SSP1-2.6
2044-06-06,0.881,29.045,64.362,16.45,268.35,SSP1-2.6
2044-06-07,0.0,29.207,61.434,15.94,281.22,SSP1-2.6
2044-06-08,0.0,29.215,58.072,15.598,285.83,SSP1-2.6
2044-06-09,0.0,30.682,56.675,15.07,309.16,SSP1-2.6
2044-06-10,28.6571,25.803,84.566,13.83,201.47,SSP1-2.6
2044-06-11,19.3721,25.641,85.559,17.002,207.61,SSP1-2.6
2044-06-12,22.8293,25.091,87.374,18.896,189.15,SSP1-2.6
2044-06-13,31.2787,25.215,86.676,17.177,194.38,SSP1-2.6
2044-06-14,0.5163,26.341,75.853,17.9,239.68,SSP1-2.6
2044-06-15,18.1289,26.995,77.963,16.992,237.24,SSP1-2.6
2044-06-16,2.8205,25.852,80.205,15.123,219.88,SSP1-2.6
2044-06-17,0.0,26.895,73.139,14.033,256.45,SSP1-2.6
2044-06-18,0.1534,26.272,78.746,10.99,243.01,SSP1-2.6
2044-06-19,0.0,26.87,74.882,10.258,269.94,SSP1-2.6
2044-06-20,0.0,27.068,76.093,8.494,256.19,SSP1-2.6
2044-06-21,0.0,27.806,73.819,9.53,282.71,SSP1-2.6
2044-06-22,0.6557,27.19,77.402,8.798,253.04,SSP1-2.6
2044-06-23,9.381,26.212,86.052,7.038,206.89,SSP1-2.6
2044-06-24,20.3911,25.899,90.755,5.816,198.63,SSP1-2.6
2044-06-25,8.776,25.566,91.08,8.967,194.52,SSP1-2.6
2044-06-26,5.1448,26.031,88.151,9.189,219.56,SSP1-2.6
2044-06-27,18.1361,25.365,92.525,10.391,171.97,SSP1-2.6
2044-06-28,19.4519,25.076,93.485,10.249,174.37,SSP1-2.6
2044-06-29,21.8596,25.52,92.731,9.544,193.13,SSP1-2.6
2044-06-30,14.7788,25.756,90.911,11.926,205.23,SSP1-2.6
2044-07-01,12.4412,25.368,93.223,11.089,188.51,SSP1-2.6
2044-07-02,8.8189,25.542,91.724,12.083,198.3,SSP1-2.6
2044-07-03,5.7297,25.772,87.662,13.226,197.8,SSP1-2.6
2044-07-04,5.0023,26.049,85.548,12.914,228.02,SSP1-2.6
2044-07-05,12.8622,25.155,91.653,10.737,172.89,SSP1-2.6
2044-07-06,17.0817,25.41,89.545,13.89,208.77,SSP1-2.6
2044-07-07,33.4073,24.489,92.941,13.942,173.05,SSP1-2.6
2044-07-08,30.6303,24.449,94.07,13.314,133.53,SSP1-2.6
2044-07-09,18.7643,24.555,92.827,13.352,169.01,SSP1-2.6
2044-07-10,0.0,26.022,86.135,12.603,247.84,SSP1-2.6
2044-07-11,15.2292,26.051,87.454,11.68,237.56,SSP1-2.6
2044-07-12,0.6893,25.432,90.083,9.265,206.54,SSP1-2.6
2044-07-13,0.0,26.447,85.161,8.961,262.1,SSP1-2.6
2044-07-14,0.0,26.829,83.2,7.704,267.52,SSP1-2.6
2044-07-15,0.0,26.911,86.198,7.167,242.04,SSP1-2.6
2044-07-16,0.6827,26.311,88.101,5.713,231.92,SSP1-2.6
2044-07-17,4.1108,26.331,89.765,4.107,229.66,SSP1-2.6
2044-07-18,0.0154,26.909,84.238,6.779,241.41,SSP1-2.6
2044-07-19,0.0,27.188,83.067,8.486,258.02,SSP1-2.6
2044-07-20,0.2272,26.641,85.428,6.677,235.37,SSP1-2.6
2044-07-21,0.2893,25.721,90.675,6.045,219.46,SSP1-2.6
2044-07-22,6.1461,26.2,89.493,6.725,236.93,SSP1-2.6
2044-07-23,0.8249,26.551,87.824,7.414,238.06,SSP1-2.6
2044-07-24,8.009,26.871,87.692,7.678,245.31,SSP1-2.6
2044-07-25,6.4837,26.839,89.741,6.059,230.84,SSP1-2.6
2044-07-26,7.8098,26.26,90.792,5.499,222.28,SSP1-2.6
2044-07-27,4.114,26.838,86.584,10.27,250.47,SSP1-2.6
2044-07-28,0.0,26.998,81.839,11.901,243.01,SSP1-2.6
2044-07-29,0.0732,25.933,87.603,13.341,218.09,SSP1-2.6
2044-07-30,16.4857,25.617,89.708,14.728,215.11,SSP1-2.6
2044-07-31,29.9087,25.341,92.391,12.146,195.39,SSP1-2.6
2044-08-01,11.6497,25.29,92.775,12.849,187.38,SSP1-2.6
2044-08-02,26.8341,25.331,93.95,12.639,175.48,SSP1-2.6
2044-08-03,0.1005,25.621,90.441,10.572,211.99,SSP1-2.6
2044-08-04,7.1668,25.599,90.581,10.81,205.76,SSP1-2.6
2044-08-05,2.4384,25.67,90.673,11.143,216.68,SSP1-2.6
2044-08-06,1.5279,25.715,89.085,12.689,217.56,SSP1-2.6
2044-08-07,0.1542,26.009,88.307,13.689,235.27,SSP1-2.6
2044-08-08,0.686,25.309,91.412,13.011,195.96,SSP1-2.6
2044-08-09,0.2721,25.79,87.567,16.429,227.44,SSP1-2.6
2044-08-10,35.5163,25.437,89.351,20.742,216.07,SSP1-2.6
2044-08-11,36.8048,24.68,92.63,17.973,155.94,SSP1-2.6
2044-08-12,0.1979,25.443,89.719,12.654,214.59,SSP1-2.6
2044-08-13,0.0,26.167,86.697,14.126,257.92,SSP1-2.6
2044-08-14,2.3019,25.996,88.19,13.679,236.56,SSP1-2.6
2044-08-15,0.0342,25.69,87.539,14.195,220.39,SSP1-2.6
2044-08-16,0.0,25.251,88.901,14.075,210.67,SSP1-2.6
2044-08-17,0.0,25.869,85.028,13.938,257.29,SSP1-2.6
2044-08-18,0.0,26.07,85.689,12.716,236.52,SSP1-2.6
2044-08-19,24.1856,25.311,90.325,11.692,203.71,SSP1-2.6
2044-08-20,0.5325,25.126,90.736,11.942,204.91,SSP1-2.6
2044-08-21,0.0,25.728,86.769,11.517,237.84,SSP1-2.6
2044-08-22,0.0,25.988,85.322,9.818,251.74,SSP1-2.6
2044-08-23,0.0,26.534,83.522,7.839,286.74,SSP1-2.6
2044-08-24,0.0,26.672,84.518,6.379,263.73,SSP1-2.6
2044-08-25,0.0,26.463,84.863,5.265,265.6,SSP1-2.6
2044-08-26,0.0,26.494,83.561,7.431,270.6,SSP1-2.6
2044-08-27,0.0,26.791,82.261,8.641,263.62,SSP1-2.6
2044-08-28,0.0,26.831,82.234,9.167,250.33,SSP1-2.6
2044-08-29,0.0,26.819,81.172,8.968,263.64,SSP1-2.6
2044-08-30,0.0,26.817,80.732,9.481,263.12,SSP1-2.6
2044-08-31,0.0,26.827,78.779,9.893,283.45,SSP1-2.6
2044-09-01,0.0,26.906,81.254,8.905,262.07,SSP1-2.6
2044-09-02,1.0479,26.442,86.223,6.658,227.37,SSP1-2.6
2044-09-03,4.4475,25.8,91.426,7.683,198.23,SSP1-2.6
2044-09-04,0.4111,26.424,83.87,8.471,248.46,SSP1-2.6
2044-09-05,0.0151,26.415,86.599,6.468,235.49,SSP1-2.6
2044-09-06,4.4906,26.471,88.966,3.153,232.12,SSP1-2.6
2044-09-07,5.0581,26.624,89.474,3.481,233.74,SSP1-2.6
2044-09-08,5.1233,26.415,90.358,3.996,228.21,SSP1-2.6
2044-09-09,6.0674,26.412,89.31,3.649,235.65,SSP1-2.6
2044-09-10,18.2878,25.994,92.369,3.846,224.4,SSP1-2.6
2044-09-11,3.0895,26.178,90.384,6.579,224.22,SSP1-2.6
2044-09-12,34.8613,25.962,93.855,10.128,211.54,SSP1-2.6
2044-09-13,10.1021,26.023,93.479,13.395,191.46,SSP1-2.6
2044-09-14,31.7705,26.349,89.92,7.092,235.67,SSP1-2.6
2044-09-15,6.0196,26.118,90.602,7.333,225.69,SSP1-2.6
2044-09-16,0.0,26.028,88.892,9.329,221.18,SSP1-2.6
2044-09-17,0.8992,26.325,88.669,10.359,231.02,SSP1-2.6
2044-09-18,0.0033,26.315,88.42,12.878,222.97,SSP1-2.6
2044-09-19,0.0,26.646,82.387,15.396,252.36,SSP1-2.6
2044-09-20,0.0,26.336,83.153,13.954,245.08,SSP1-2.6
2044-09-21,0.0,26.426,80.236,12.783,257.46,SSP1-2.6
2044-09-22,0.0,26.3,79.954,12.653,283.14,SSP1-2.6
2044-09-23,0.0,26.209,81.639,9.755,280.16,SSP1-2.6
2044-09-24,0.0,26.193,81.192,8.343,291.54,SSP1-2.6
2044-09-25,0.0,26.251,79.902,8.496,292.58,SSP1-2.6
2044-09-26,0.0,26.446,81.017,7.424,276.54,SSP1-2.6
2044-09-27,0.0,26.644,80.087,7.553,266.66,SSP1-2.6
2044-09-28,0.0,26.974,79.381,8.803,280.27,SSP1-2.6
2044-09-29,0.0,26.804,80.409,9.343,271.19,SSP1-2.6
2044-09-30,0.0,26.794,77.282,9.381,273.27,SSP1-2.6
2044-10-01,0.0,26.311,80.589,7.986,261.12,SSP1-2.6
2044-10-02,0.0,26.191,79.358,7.512,261.92,SSP1-2.6
2044-10-03,0.0,26.356,76.282,7.293,293.8,SSP1-2.6
2044-10-04,0.0,26.293,78.017,7.291,246.65,SSP1-2.6
2044-10-05,0.0681,26.531,80.412,6.678,261.67,SSP1-2.6
2044-10-06,0.0,27.005,76.671,7.362,264.29,SSP1-2.6
2044-10-07,0.0,25.662,88.447,6.988,202.41,SSP1-2.6
2044-10-08,0.3304,26.301,80.613,6.498,236.87,SSP1-2.6
2044-10-09,39.52,25.213,92.188,4.918,188.8,SSP1-2.6
2044-10-10,31.1933,25.09,94.659,3.518,185.93,SSP1-2.6
2044-10-11,13.8123,25.138,92.983,4.811,183.07,SSP1-2.6
2044-10-12,20.3148,25.263,91.04,5.144,204.37,SSP1-2.6
2044-10-13,11.1064,25.335,90.53,3.632,201.73,SSP1-2.6
2044-10-14,15.1219,25.222,91.335,2.42,193.07,SSP1-2.6
2044-10-15,2.8575,25.542,88.273,2.846,223.31,SSP1-2.6
2044-10-16,0.0,25.946,83.367,5.88,224.5,SSP1-2.6
2044-10-17,0.0421,25.294,85.045,5.305,203.16,SSP1-2.6
2044-10-18,0.0285,25.231,86.763,6.75,202.37,SSP1-2.6
2044-10-19,12.0343,25.114,86.071,10.596,216.24,SSP1-2.6
2044-10-20,32.9102,24.028,91.451,10.739,177.4,SSP1-2.6
2044-10-21,38.0699,23.603,92.548,9.587,170.21,SSP1-2.6
2044-10-22,14.7153,23.997,91.582,6.255,178.36,SSP1-2.6
2044-10-23,3.5372,23.991,90.248,4.164,181.33,SSP1-2.6
2044-10-24,0.0586,24.579,86.831,6.372,198.49,SSP1-2.6
2044-10-25,0.0,25.445,84.021,5.369,252.22,SSP1-2.6
2044-10-26,0.0,25.878,82.603,4.088,230.6,SSP1-2.6
2044-10-27,0.0042,25.81,75.787,5.31,251.07,SSP1-2.6
2044-10-28,0.0,25.154,79.23,3.768,227.14,SSP1-2.6
2044-10-29,0.0,24.739,70.059,5.316,256.34,SSP1-2.6
2044-10-30,0.0,24.576,66.879,9.103,256.08,SSP1-2.6
2044-10-31,0.0,23.926,69.619,7.951,263.39,SSP1-2.6
2044-11-01,0.0,23.748,73.004,4.886,243.3,SSP1-2.6
2044-11-02,0.0,23.62,63.874,4.088,259.25,SSP1-2.6
2044-11-03,0.0,23.19,55.588,4.296,269.57,SSP1-2.6
2044-11-04,0.0,23.371,62.722,4.015,263.27,SSP1-2.6
2044-11-05,0.0,23.662,66.126,4.636,260.62,SSP1-2.6
2044-11-06,0.0,23.813,74.775,4.89,248.96,SSP1-2.6
2044-11-07,0.0656,24.014,82.054,4.269,187.66,SSP1-2.6
2044-11-08,0.0,23.665,77.947,4.372,207.01,SSP1-2.6
2044-11-09,0.0,23.708,70.144,5.321,251.55,SSP1-2.6
2044-11-10,0.0,24.199,69.336,4.298,202.14,SSP1-2.6
2044-11-11,0.0122,23.971,62.267,5.078,221.17,SSP1-2.6
2044-11-12,0.0,23.408,57.667,4.674,254.32,SSP1-2.6
2044-11-13,0.0,22.985,76.591,4.375,250.23,SSP1-2.6
2044-11-14,0.2077,23.845,74.904,3.046,246.6,SSP1-2.6
2044-11-15,0.0,23.984,69.129,4.532,239.19,SSP1-2.6
2044-11-16,0.0,23.783,68.127,4.783,234.25,SSP1-2.6
2044-11-17,0.0,23.701,64.317,4.247,247.24,SSP1-2.6
2044-11-18,0.0,23.905,65.42,4.817,235.72,SSP1-2.6
2044-11-19,0.0,24.167,65.153,5.278,240.2,SSP1-2.6
2044-11-20,0.0,24.113,71.276,3.749,239.0,SSP1-2.6
2044-11-21,0.0,24.349,70.499,7.32,236.64,SSP1-2.6
2044-11-22,0.0,24.032,70.06,8.104,227.03,SSP1-2.6
2044-11-23,0.0,23.338,72.643,7.726,220.33,SSP1-2.6
2044-11-24,0.0,23.74,70.764,5.511,226.39,SSP1-2.6
2044-11-25,0.0,23.104,71.983,5.667,212.61,SSP1-2.6
2044-11-26,0.0,22.985,69.245,6.464,194.33,SSP1-2.6
2044-11-27,0.0,23.139,60.804,7.314,222.09,SSP1-2.6
2044-11-28,0.0,22.737,57.673,7.502,232.53,SSP1-2.6
2044-11-29,0.0,20.93,53.242,8.837,231.18,SSP1-2.6
2044-11-30,0.0,20.408,47.533,7.973,249.01,SSP1-2.6
2044-12-01,0.0,20.059,46.498,6.663,213.92,SSP1-2.6
2044-12-02,0.0,19.723,41.845,6.003,235.8,SSP1-2.6
2044-12-03,0.0,19.875,41.714,4.381,254.06,SSP1-2.6
2044-12-04,0.0,20.513,46.09,4.386,250.62,SSP1-2.6
2044-12-05,0.0,21.206,49.113,5.403,250.21,SSP1-2.6
2044-12-06,0.0,21.941,50.253,6.387,246.39,SSP1-2.6
2044-12-07,0.0,22.084,52.517,5.976,245.26,SSP1-2.6
2044-12-08,0.0,22.396,53.852,4.046,245.74,SSP1-2.6
2044-12-09,0.0,22.303,51.041,4.618,245.81,SSP1-2.6
2044-12-10,0.0,22.146,46.575,5.093,247.98,SSP1-2.6
2044-12-11,0.0,21.684,49.5,5.922,244.85,SSP1-2.6
2044-12-12,0.0,21.863,56.069,7.217,238.92,SSP1-2.6
2044-12-13,0.0,22.358,58.114,6.475,232.27,SSP1-2.6
2044-12-14,0.0,22.555,54.353,4.42,237.23,SSP1-2.6
2044-12-15,0.0,22.46,52.526,4.782,241.03,SSP1-2.6
2044-12-16,0.0,22.052,56.598,8.831,238.64,SSP1-2.6
2044-12-17,0.0,21.785,49.865,7.689,246.54,SSP1-2.6
2044-12-18,0.0,21.562,49.383,7.079,243.39,SSP1-2.6
2044-12-19,0.0,21.942,50.451,7.309,239.85,SSP1-2.6
2044-12-20,0.0,21.755,52.743,6.131,220.98,SSP1-2.6
2044-12-21,0.0,21.944,51.107,8.383,216.0,SSP1-2.6
2044-12-22,0.0,21.571,50.013,7.99,240.37,SSP1-2.6
2044-12-23,0.0,21.478,51.724,5.224,243.04,SSP1-2.6
2044-12-24,0.0,21.817,47.838,7.971,241.63,SSP1-2.6
2044-12-25,0.0,21.068,41.044,8.266,248.99,SSP1-2.6
2044-12-26,0.0,20.58,39.153,6.899,251.88,SSP1-2.6
2044-12-27,0.0,20.375,41.713,6.439,247.84,SSP1-2.6
2044-12-28,0.0,20.634,45.159,7.66,235.92,SSP1-2.6
2044-12-29,0.0,20.682,40.804,8.571,228.45,SSP1-2.6
2044-12-30,0.0,19.54,36.122,8.581,229.4,SSP1-2.6
2044-12-31,0.0,19.433,36.773,9.088,254.13,SSP1-2.6
2045-01-01,0.0,19.632,38.575,9.012,252.05,SSP1-2.6
2045-01-02,0.0,19.706,40.602,8.532,248.07,SSP1-2.6
2045-01-03,0.0,19.523,36.835,11.261,246.77,SSP1-2.6
2045-01-04,0.0,19.561,34.25,11.05,239.73,SSP1-2.6
2045-01-05,0.0,21.638,56.597,9.338,212.13,SSP1-2.6
2045-01-06,0.0,23.709,57.754,11.028,211.2,SSP1-2.6
2045-01-07,0.0,22.921,48.308,10.191,216.68,SSP1-2.6
2045-01-08,0.0,22.493,55.41,8.362,184.57,SSP1-2.6
2045-01-09,0.0,22.809,65.889,9.586,185.71,SSP1-2.6
2045-01-10,0.0,23.03,66.039,7.039,199.53,SSP1-2.6
2045-01-11,0.0,23.225,64.927,8.419,185.26,SSP1-2.6
2045-01-12,0.0,24.172,60.362,9.678,210.81,SSP1-2.6
2045-01-13,0.0,22.273,66.359,10.121,189.46,SSP1-2.6
2045-01-14,0.0,22.517,64.624,10.1,190.74,SSP1-2.6
2045-01-15,0.0,23.519,58.824,8.037,235.07,SSP1-2.6
2045-01-16,0.0,20.999,72.956,7.63,150.36,SSP1-2.6
2045-01-17,0.0,23.394,60.862,6.606,221.22,SSP1-2.6
2045-01-18,0.0,23.301,59.829,7.848,232.18,SSP1-2.6
2045-01-19,0.0,23.685,55.647,10.082,240.27,SSP1-2.6
2045-01-20,0.0,23.394,54.96,9.249,231.84,SSP1-2.6
2045-01-21,0.0,23.653,53.519,10.428,200.78,SSP1-2.6
2045-01-22,0.0,21.751,55.911,10.134,193.17,SSP1-2.6
2045-01-23,0.0,22.952,51.362,9.452,259.48,SSP1-2.6
2045-01-24,0.0,22.539,53.643,7.53,214.38,SSP1-2.6
2045-01-25,0.0,23.452,52.458,6.58,246.41,SSP1-2.6
2045-01-26,0.0,23.636,51.445,8.768,256.12,SSP1-2.6
2045-01-27,0.0,23.801,51.738,9.793,256.94,SSP1-2.6
2045-01-28,0.0,23.973,49.332,11.186,256.85,SSP1-2.6
2045-01-29,0.0,23.954,49.238,10.014,261.35,SSP1-2.6
2045-01-30,0.0,24.036,48.647,11.122,258.47,SSP1-2.6
2045-01-31,0.0,24.1,47.543,11.145,262.16,SSP1-2.6
2045-02-01,0.0,24.038,48.277,11.712,266.73,SSP1-2.6
2045-02-02,0.0,24.27,48.742,10.497,268.57,SSP1-2.6
2045-02-03,0.0,24.86,50.307,9.533,262.67,SSP1-2.6
2045-02-04,0.0,24.933,45.436,6.489,265.73,SSP1-2.6
2045-02-05,0.0,24.909,43.285,8.796,268.54,SSP1-2.6
2045-02-06,0.0,24.451,40.244,9.992,260.01,SSP1-2.6
2045-02-07,0.0,24.258,39.816,8.259,273.8,SSP1-2.6
2045-02-08,0.0,24.281,42.615,5.081,273.54,SSP1-2.6
2045-02-09,0.0,24.953,54.183,11.274,265.53,SSP1-2.6
2045-02-10,0.0,25.424,49.876,12.524,263.53,SSP1-2.6
2045-02-11,0.0,24.678,54.599,12.9,223.92,SSP1-2.6
2045-02-12,0.0,26.023,50.685,8.843,265.85,SSP1-2.6
2045-02-13,0.0,25.945,46.607,6.061,244.96,SSP1-2.6
2045-02-14,0.0,26.093,45.182,7.82,272.92,SSP1-2.6
2045-02-15,0.0,26.24,51.985,10.317,270.14,SSP1-2.6
2045-02-16,0.0,25.63,54.981,9.774,208.59,SSP1-2.6
2045-02-17,0.0,26.043,54.588,5.579,232.0,SSP1-2.6
2045-02-18,0.0,26.346,43.019,5.972,286.36,SSP1-2.6
2045-02-19,0.0,26.443,43.138,6.243,264.39,SSP1-2.6
2045-02-20,0.0,26.674,47.705,7.393,277.48,SSP1-2.6
2045-02-21,0.0,26.652,49.898,9.975,247.72,SSP1-2.6
2045-02-22,0.0002,26.675,50.031,11.864,261.08,SSP1-2.6
2045-02-23,0.0091,26.742,50.041,11.706,237.51,SSP1-2.6
2045-02-24,0.0,27.462,48.104,9.152,277.6,SSP1-2.6
2045-02-25,0.0,27.546,45.959,8.956,288.16,SSP1-2.6
2045-02-26,0.043,27.659,49.861,8.751,267.01,SSP1-2.6
2045-02-27,0.52,26.739,54.058,5.11,241.89,SSP1-2.6
2045-02-28,0.0,26.083,57.733,10.408,248.73,SSP1-2.6
2045-03-01,0.3308,26.743,53.283,13.368,253.2,SSP1-2.6
2045-03-02,0.2125,26.069,57.915,12.534,224.89,SSP1-2.6
2045-03-03,0.0,27.407,47.855,9.241,268.54,SSP1-2.6
2045-03-04,0.0,27.932,44.554,6.44,307.02,SSP1-2.6
2045-03-05,0.0,27.438,46.201,4.621,265.05,SSP1-2.6
2045-03-06,0.0,27.864,39.554,8.581,310.05,SSP1-2.6
2045-03-07,0.0,28.311,38.605,10.603,293.45,SSP1-2.6
2045-03-08,0.0,28.325,38.6,8.769,282.5,SSP1-2.6
2045-03-09,0.0092,28.306,40.022,8.025,303.41,SSP1-2.6
2045-03-10,0.0,27.644,44.783,7.517,227.16,SSP1-2.6
2045-03-11,0.2485,28.745,43.738,10.184,264.73,SSP1-2.6
2045-03-12,0.3733,28.457,46.684,9.77,266.97,SSP1-2.6
2045-03-13,0.6784,28.936,43.813,10.732,259.45,SSP1-2.6
2045-03-14,0.0874,26.894,54.336,9.667,210.66,SSP1-2.6
2045-03-15,0.0,28.386,35.038,6.969,324.84,SSP1-2.6
2045-03-16,0.0,28.176,32.97,6.58,322.59,SSP1-2.6
2045-03-17,0.0,28.375,35.879,5.884,312.02,SSP1-2.6
2045-03-18,0.0,29.446,38.398,7.229,304.48,SSP1-2.6
2045-03-19,0.0,30.09,37.701,5.052,294.22,SSP1-2.6
2045-03-20,0.0,30.579,35.188,5.659,305.31,SSP1-2.6
2045-03-21,0.0,30.508,33.975,9.251,301.55,SSP1-2.6
2045-03-22,0.0,28.859,41.294,7.443,217.7,SSP1-2.6
2045-03-23,0.0,30.202,35.666,6.367,285.98,SSP1-2.6
2045-03-24,0.0,30.298,32.771,5.289,325.94,SSP1-2.6
2045-03-25,0.0,30.057,32.569,4.764,320.63,SSP1-2.6
2045-03-26,0.0,29.843,33.568,4.638,325.0,SSP1-2.6
2045-03-27,0.0,29.99,31.309,5.173,331.55,SSP1-2.6
2045-03-28,0.0,30.046,30.612,6.711,322.91,SSP1-2.6
2045-03-29,0.0,30.682,28.904,7.736,320.25,SSP1-2.6
2045-03-30,0.0,30.624,26.702,9.282,318.16,SSP1-2.6
2045-03-31,0.0,30.357,25.919,8.949,331.41,SSP1-2.6
2045-04-01,0.0,29.708,26.61,7.679,341.12,SSP1-2.6
2045-04-02,0.0,29.76,27.841,7.073,344.87,SSP1-2.6
2045-04-03,0.0,30.067,28.478,4.674,286.94,SSP1-2.6
2045-04-04,0.0279,30.299,28.095,5.375,286.68,SSP1-2.6
2045-04-05,0.0,30.539,26.868,6.912,334.81,SSP1-2.6
2045-04-06,0.0,30.549,27.505,8.042,338.63,SSP1-2.6
2045-04-07,0.0016,30.559,27.995,7.652,328.5,SSP1-2.6
2045-04-08,0.0012,29.667,34.264,5.443,252.39,SSP1-2.6
2045-04-09,0.0,30.285,32.064,4.026,330.21,SSP1-2.6
2045-04-10,0.0,30.813,30.439,4.293,336.85,SSP1-2.6
2045-04-11,0.0,30.978,31.114,6.195,310.85,SSP1-2.6
2045-04-12,0.1992,30.427,35.212,6.385,265.04,SSP1-2.6
2045-04-13,0.0716,30.356,33.839,5.572,310.09,SSP1-2.6
2045-04-14,0.0,30.886,30.458,7.387,335.08,SSP1-2.6
2045-04-15,0.0002,31.185,28.962,6.745,323.09,SSP1-2.6
2045-04-16,0.0004,31.435,27.996,8.3,321.06,SSP1-2.6
2045-04-17,0.2364,31.633,29.676,8.919,299.79,SSP1-2.6
2045-04-18,3.8356,31.36,33.721,5.584,316.73,SSP1-2.6
2045-04-19,0.6802,27.66,56.682,5.173,218.25,SSP1-2.6
2045-04-20,3.93,29.127,55.166,8.017,269.24,SSP1-2.6
2045-04-21,0.0069,30.991,37.436,6.485,325.2,SSP1-2.6
2045-04-22,0.0522,30.596,42.299,8.036,292.91,SSP1-2.6
2045-04-23,0.0255,31.609,36.601,5.059,302.82,SSP1-2.6
2045-04-24,0.0757,31.856,36.212,3.802,298.83,SSP1-2.6
2045-04-25,0.1705,31.941,35.509,5.042,278.5,SSP1-2.6
2045-04-26,0.0032,32.187,31.309,5.921,288.41,SSP1-2.6
2045-04-27,0.0712,32.43,34.321,5.398,286.13,SSP1-2.6
2045-04-28,0.2443,32.805,32.612,5.747,291.21,SSP1-2.6
2045-04-29,0.2141,32.581,35.961,5.28,292.61,SSP1-2.6
2045-04-30,0.0,33.045,29.68,7.749,291.85,SSP1-2.6
2045-05-01,0.0,34.896,25.593,10.968,318.28,SSP1-2.6
2045-05-02,0.0,35.077,24.271,11.689,347.78,SSP1-2.6
2045-05-03,0.0,34.85,24.215,10.006,356.6,SSP1-2.6
2045-05-04,0.0,34.538,24.696,8.294,351.48,SSP1-2.6
2045-05-05,0.0,34.598,25.518,6.609,347.49,SSP1-2.6
2045-05-06,0.0,35.024,24.197,6.238,350.85,SSP1-2.6
2045-05-07,0.0,34.537,23.184,6.077,342.13,SSP1-2.6
2045-05-08,0.0,35.594,22.724,6.693,317.32,SSP1-2.6
2045-05-09,0.0,35.5,21.946,8.005,333.95,SSP1-2.6
2045-05-10,0.0,35.176,22.204,10.492,328.37,SSP1-2.6
2045-05-11,0.0,36.07,23.184,13.193,341.11,SSP1-2.6
2045-05-12,0.0,36.105,22.117,11.613,334.53,SSP1-2.6
2045-05-13,0.0,36.194,20.175,10.812,349.45,SSP1-2.6
2045-05-14,0.0,35.736,19.766,9.332,340.91,SSP1-2.6
2045-05-15,0.0367,36.111,23.368,9.361,338.31,SSP1-2.6
2045-05-16,0.6544,35.49,29.027,6.737,307.85,SSP1-2.6
2045-05-17,1.4318,35.232,31.119,7.219,315.94,SSP1-2.6
2045-05-18,0.0025,35.262,29.635,6.366,323.09,SSP1-2.6
2045-05-19,0.0014,35.248,27.308,6.854,324.92,SSP1-2.6
2045-05-20,0.0,35.426,27.545,6.745,316.65,SSP1-2.6
2045-05-21,0.7631,35.777,29.003,7.972,288.68,SSP1-2.6
2045-05-22,0.4069,35.716,31.624,6.729,304.71,SSP1-2.6
2045-05-23,0.9927,35.544,35.189,7.696,303.52,SSP1-2.6
2045-05-24,0.0253,34.519,37.478,7.341,273.15,SSP1-2.6
2045-05-25,0.0,35.525,29.754,7.881,322.71,SSP1-2.6
2045-05-26,4.1203,34.105,44.606,6.643,243.51,SSP1-2.6
2045-05-27,8.2869,31.425,62.896,6.328,244.47,SSP1-2.6
2045-05-28,0.0022,32.573,54.704,5.73,276.88,SSP1-2.6
2045-05-29,0.0,33.946,42.695,8.342,294.65,SSP1-2.6
2045-05-30,13.1646,32.528,49.046,12.574,261.93,SSP1-2.6
2045-05-31,37.1171,31.018,56.408,20.653,244.26,SSP1-2.6
2045-06-01,42.0766,25.393,88.041,19.819,172.57,SSP1-2.6
2045-06-02,0.7494,29.924,66.945,10.244,301.22,SSP1-2.6
2045-06-03,1.0841,28.884,74.415,7.383,264.44,SSP1-2.6
2045-06-04,2.3957,28.353,74.093,11.102,261.82,SSP1-2.6
2045-06-05,0.0,29.728,62.883,14.492,282.31,SSP1-2.6
2045-06-06,0.0,30.037,59.513,16.051,305.04,SSP1-2.6
2045-06-07,0.0,29.357,58.657,16.475,284.23,SSP1-2.6
2045-06-08,0.0,29.718,56.726,16.659,288.37,SSP1-2.6
2045-06-09,0.0,29.159,59.894,16.709,270.06,SSP1-2.6
2045-06-10,0.0,29.133,59.036,17.336,277.18,SSP1-2.6
2045-06-11,0.1109,28.214,65.566,17.117,260.13,SSP1-2.6
2045-06-12,0.0006,26.731,74.877,17.244,229.0,SSP1-2.6
2045-06-13,14.2948,26.2,82.208,13.456,209.43,SSP1-2.6
2045-06-14,0.8519,26.454,80.595,14.486,225.03,SSP1-2.6
2045-06-15,0.5431,26.812,78.905,14.457,242.73,SSP1-2.6
2045-06-16,11.0583,27.09,76.927,13.398,255.98,SSP1-2.6
2045-06-17,1.7401,26.04,84.998,13.226,187.04,SSP1-2.6
2045-06-18,4.4757,26.903,78.876,16.702,229.96,SSP1-2.6
2045-06-19,0.0057,25.903,80.815,15.07,224.49,SSP1-2.6
2045-06-20,0.1673,26.066,81.393,14.087,217.89,SSP1-2.6
2045-06-21,0.022,26.773,79.515,13.514,229.26,SSP1-2.6
2045-06-22,0.0,28.295,68.603,14.842,297.93,SSP1-2.6
2045-06-23,0.0,26.892,78.354,14.354,222.49,SSP1-2.6
2045-06-24,0.0,27.821,72.253,14.238,244.38,SSP1-2.6
2045-06-25,0.0498,28.339,70.122,13.787,268.4,SSP1-2.6
2045-06-26,0.0168,28.281,69.991,10.736,267.48,SSP1-2.6
2045-06-27,0.0581,28.688,69.337,9.997,290.9,SSP1-2.6
2045-06-28,0.0,28.573,70.956,9.958,292.59,SSP1-2.6
2045-06-29,0.0,28.402,69.208,10.6,298.75,SSP1-2.6
2045-06-30,0.0271,27.968,74.379,11.311,256.88,SSP1-2.6
2045-07-01,5.5503,26.757,79.69,11.308,225.42,SSP1-2.6
2045-07-02,22.0878,25.223,91.832,11.732,156.65,SSP1-2.6
2045-07-03,0.5661,25.736,85.938,12.104,210.88,SSP1-2.6
2045-07-04,7.4311,26.191,84.843,11.041,226.35,SSP1-2.6
2045-07-05,1.6769,26.144,85.143,14.909,230.61,SSP1-2.6
2045-07-06,25.9965,25.415,90.349,14.643,195.83,SSP1-2.6
2045-07-07,23.6335,25.839,92.98,13.421,160.2,SSP1-2.6
2045-07-08,5.6521,25.457,90.507,12.404,198.17,SSP1-2.6
2045-07-09,8.4342,25.378,90.939,13.202,186.33,SSP1-2.6
2045-07-10,5.3313,26.015,86.656,14.148,244.43,SSP1-2.6
2045-07-11,20.2486,25.535,92.277,14.563,156.12,SSP1-2.6
2045-07-12,15.5326,25.37,92.45,13.202,179.43,SSP1-2.6
2045-07-13,14.405,25.428,91.819,9.738,200.09,SSP1-2.6
2045-07-14,15.3672,25.236,93.741,8.865,181.19,SSP1-2.6
2045-07-15,9.4214,26.204,88.719,12.34,229.23,SSP1-2.6
2045-07-16,0.136,26.556,83.548,16.244,236.9,SSP1-2.6
2045-07-17,0.0709,26.522,82.598,17.379,234.27,SSP1-2.6
2045-07-18,0.1183,26.463,82.346,15.152,229.69,SSP1-2.6
2045-07-19,0.0216,26.558,82.163,13.728,232.05,SSP1-2.6
2045-07-20,0.0,27.448,77.669,14.507,286.45,SSP1-2.6
2045-07-21,0.0,27.022,81.243,13.932,260.17,SSP1-2.6
2045-07-22,0.0,26.257,84.842,13.877,235.45,SSP1-2.6
2045-07-23,0.0422,26.675,84.258,12.784,234.98,SSP1-2.6
2045-07-24,0.0,26.93,80.039,11.653,243.95,SSP1-2.6
2045-07-25,0.0,27.523,79.805,12.45,261.8,SSP1-2.6
2045-07-26,0.0371,27.053,80.834,11.815,247.18,SSP1-2.6
2045-07-27,0.0,27.464,79.921,11.72,267.7,SSP1-2.6
2045-07-28,0.0,27.029,79.759,11.644,238.68,SSP1-2.6
2045-07-29,0.0,27.748,76.416,11.729,267.66,SSP1-2.6
2045-07-30,0.0827,25.553,88.248,8.709,202.31,SSP1-2.6
2045-07-31,0.3581,26.551,82.681,11.464,270.87,SSP1-2.6
2045-08-01,0.532,25.113,91.569,8.835,194.79,SSP1-2.6
2045-08-02,0.0117,26.171,86.671,12.031,223.79,SSP1-2.6
2045-08-03,0.0,26.511,81.667,14.101,247.9,SSP1-2.6
2045-08-04,23.949,25.255,92.673,7.681,193.11,SSP1-2.6
2045-08-05,1.4031,25.118,93.51,8.255,190.42,SSP1-2.6
2045-08-06,3.2307,25.863,88.981,10.125,232.75,SSP1-2.6
2045-08-07,0.0,26.048,84.167,14.251,247.86,SSP1-2.6
2045-08-08,0.0,25.628,86.035,12.415,222.55,SSP1-2.6
2045-08-09,12.9032,25.82,86.908,10.196,236.78,SSP1-2.6
2045-08-10,18.4318,24.728,93.118,11.403,161.51,SSP1-2.6
2045-08-11,0.1536,25.477,88.041,13.991,230.7,SSP1-2.6
2045-08-12,7.3552,24.932,91.342,12.708,194.12,SSP1-2.6
2045-08-13,1.4202,25.194,89.831,12.474,213.97,SSP1-2.6
2045-08-14,11.4431,25.104,93.619,9.392,186.17,SSP1-2.6
2045-08-15,0.0036,25.364,89.922,8.469,218.13,SSP1-2.6
2045-08-16,5.6983,25.572,89.982,8.04,238.95,SSP1-2.6
2045-08-17,3.5934,25.664,90.578,7.722,224.21,SSP1-2.6
2045-08-18,31.2841,25.402,93.783,5.971,216.38,SSP1-2.6
2045-08-19,14.955,25.445,94.297,7.429,211.85,SSP1-2.6
2045-08-20,0.0,26.32,86.823,9.549,254.26,SSP1-2.6
2045-08-21,0.0,26.581,82.095,8.649,306.46,SSP1-2.6
2045-08-22,0.0,26.954,81.619,6.078,309.83,SSP1-2.6
2045-08-23,1.5363,27.27,82.296,4.819,289.07,SSP1-2.6
2045-08-24,13.004,26.6,88.984,7.597,241.32,SSP1-2.6
2045-08-25,25.66,25.768,92.098,7.995,226.16,SSP1-2.6
2045-08-26,0.4018,25.451,92.127,9.294,205.73,SSP1-2.6
2045-08-27,0.0,25.409,90.67,9.88,210.94,SSP1-2.6
2045-08-28,0.0,25.742,87.964,9.999,222.18,SSP1-2.6
2045-08-29,0.0,25.932,85.94,12.597,221.15,SSP1-2.6
2045-08-30,22.0783,25.387,90.123,13.048,214.25,SSP1-2.6
2045-08-31,22.525,25.278,92.798,12.203,172.42,SSP1-2.6
2045-09-01,31.5058,25.231,92.803,13.658,158.47,SSP1-2.6
2045-09-02,7.8274,25.391,90.863,12.503,170.74,SSP1-2.6
2045-09-03,5.3282,25.361,91.923,12.952,214.83,SSP1-2.6
2045-09-04,1.9812,25.217,92.849,12.667,177.86,SSP1-2.6
2045-09-05,5.0619,25.287,92.177,11.488,198.98,SSP1-2.6
2045-09-06,0.6724,25.339,90.744,10.595,202.89,SSP1-2.6
2045-09-07,4.3218,25.595,92.598,9.557,192.83,SSP1-2.6
2045-09-08,2.7686,25.573,93.086,8.904,182.32,SSP1-2.6
2045-09-09,0.6777,25.586,92.377,8.919,209.71,SSP1-2.6
2045-09-10,0.0379,25.649,89.419,10.228,217.06,SSP1-2.6
2045-09-11,0.4176,25.596,90.81,8.492,201.72,SSP1-2.6
2045-09-12,0.3544,25.709,90.347,7.958,216.57,SSP1-2.6
2045-09-13,0.0508,25.89,89.798,8.811,220.95,SSP1-2.6
2045-09-14,0.0,26.303,83.7,11.729,250.38,SSP1-2.6
2045-09-15,0.0,26.759,78.162,13.439,255.21,SSP1-2.6
2045-09-16,0.0,27.146,77.608,12.754,256.23,SSP1-2.6
2045-09-17,0.0,27.032,78.671,10.674,242.84,SSP1-2.6
2045-09-18,0.0,26.901,78.175,12.348,240.72,SSP1-2.6
2045-09-19,0.0,26.656,78.266,10.751,242.23,SSP1-2.6
2045-09-20,0.0,27.08,74.683,9.311,262.8,SSP1-2.6
2045-09-21,0.0,27.753,72.681,8.507,277.85,SSP1-2.6
2045-09-22,0.0,27.683,70.619,8.444,276.48,SSP1-2.6
2045-09-23,0.0,27.931,69.544,7.846,296.54,SSP1-2.6
2045-09-24,0.0,28.192,65.475,7.702,292.26,SSP1-2.6
2045-09-25,0.0,27.819,65.286,7.633,302.07,SSP1-2.6
2045-09-26,0.0,26.091,81.213,7.153,217.88,SSP1-2.6
2045-09-27,0.0,26.873,73.11,9.054,245.7,SSP1-2.6
2045-09-28,0.0,27.984,63.195,8.645,279.43,SSP1-2.6
2045-09-29,0.0,28.406,61.053,10.689,255.82,SSP1-2.6
2045-09-30,0.0,27.867,63.968,13.793,246.9,SSP1-2.6
2045-10-01,0.0,27.968,62.997,13.645,270.23,SSP1-2.6
2045-10-02,0.0,25.826,83.158,8.914,201.76,SSP1-2.6
2045-10-03,0.0,27.41,69.994,8.04,279.7,SSP1-2.6
2045-10-04,0.0,28.492,70.768,5.849,280.21,SSP1-2.6
2045-10-05,0.2929,28.044,77.93,4.243,239.5,SSP1-2.6
2045-10-06,0.5752,27.509,78.852,4.924,259.68,SSP1-2.6
2045-10-07,0.0,28.022,74.41,4.99,264.12,SSP1-2.6
2045-10-08,0.1783,27.989,77.317,4.818,244.56,SSP1-2.6
2045-10-09,0.0804,28.273,74.408,5.158,241.68,SSP1-2.6
2045-10-10,0.0,28.513,67.863,4.612,258.08,SSP1-2.6
2045-10-11,0.0,28.51,59.49,4.542,268.5,SSP1-2.6
2045-10-12,0.0403,27.271,69.885,4.955,244.22,SSP1-2.6
2045-10-13,0.0055,27.306,66.037,3.973,242.77,SSP1-2.6
2045-10-14,0.0192,25.948,80.02,4.2,214.83,SSP1-2.6
2045-10-15,0.0,27.685,71.293,5.197,257.82,SSP1-2.6
2045-10-16,10.519,26.43,82.141,6.9,222.57,SSP1-2.6
2045-10-17,0.0279,26.579,76.904,7.297,255.66,SSP1-2.6
2045-10-18,16.1394,25.179,88.231,6.644,198.14,SSP1-2.6
2045-10-19,18.2977,24.844,90.653,6.24,178.62,SSP1-2.6
2045-10-20,1.1402,25.22,85.404,4.207,199.57,SSP1-2.6
2045-10-21,0.0,26.237,75.379,4.384,266.08,SSP1-2.6
2045-10-22,0.0,26.252,69.086,4.367,260.26,SSP1-2.6
2045-10-23,0.0882,26.299,70.395,5.637,259.61,SSP1-2.6
2045-10-24,0.0,27.109,74.572,5.469,231.14,SSP1-2.6
2045-10-25,0.0366,27.522,66.655,7.794,243.83,SSP1-2.6
2045-10-26,0.0613,26.732,72.377,8.469,230.9,SSP1-2.6
2045-10-27,0.027,26.364,72.169,8.027,221.24,SSP1-2.6
2045-10-28,0.0171,24.52,83.336,6.427,189.43,SSP1-2.6
2045-10-29,0.0,25.871,64.269,6.846,253.78,SSP1-2.6
2045-10-30,0.0,25.328,74.39,4.955,207.12,SSP1-2.6
2045-10-31,0.0,25.55,72.341,5.744,213.12,SSP1-2.6
2045-11-01,0.0,25.036,78.263,5.267,201.44,SSP1-2.6
2045-11-02,0.0,25.752,68.486,6.268,235.95,SSP1-2.6
2045-11-03,0.0,25.045,78.552,6.007,199.63,SSP1-2.6
2045-11-04,0.0003,24.107,84.35,3.268,177.91,SSP1-2.6
2045-11-05,0.0,24.232,84.194,3.524,181.65,SSP1-2.6
2045-11-06,0.0,25.962,72.328,6.72,239.47,SSP1-2.6
2045-11-07,0.0,26.148,68.853,7.887,238.17,SSP1-2.6
2045-11-08,0.0,26.173,66.316,7.929,243.1,SSP1-2.6
2045-11-09,0.0,25.648,61.998,6.665,248.36,SSP1-2.6
2045-11-10,0.0,25.489,53.594,8.559,253.05,SSP1-2.6
2045-11-11,0.0,25.297,50.593,8.077,248.9,SSP1-2.6
2045-11-12,0.0,25.089,50.857,8.085,241.04,SSP1-2.6
2045-11-13,0.0,25.706,54.541,4.099,221.06,SSP1-2.6
2045-11-14,0.0052,25.816,56.468,5.947,190.41,SSP1-2.6
2045-11-15,0.0,25.34,53.593,7.051,220.24,SSP1-2.6
2045-11-16,0.0,25.277,51.212,6.129,245.55,SSP1-2.6
2045-11-17,0.0,25.497,48.538,2.759,242.25,SSP1-2.6
2045-11-18,0.0,25.975,53.54,5.095,233.97,SSP1-2.6
2045-11-19,0.0,26.367,53.176,8.02,228.87,SSP1-2.6
2045-11-20,0.0,26.171,47.64,9.668,244.96,SSP1-2.6
2045-11-21,0.0378,26.29,59.674,11.071,232.17,SSP1-2.6
2045-11-22,0.0405,25.097,74.173,10.378,197.11,SSP1-2.6
2045-11-23,0.0323,24.092,77.684,6.39,189.23,SSP1-2.6
2045-11-24,0.0,25.419,69.917,8.308,219.19,SSP1-2.6
2045-11-25,0.0,25.128,69.7,6.407,211.48,SSP1-2.6
2045-11-26,0.0,25.467,65.095,6.492,218.59,SSP1-2.6
2045-11-27,0.0057,25.998,58.651,8.295,219.68,SSP1-2.6
2045-11-28,0.0,25.615,59.405,6.621,217.95,SSP1-2.6
2045-11-29,0.0,24.835,55.458,8.579,220.01,SSP1-2.6
2045-11-30,0.0,23.369,45.853,8.09,220.83,SSP1-2.6
2045-12-01,0.0,23.184,42.842,5.324,237.02,SSP1-2.6
2045-12-02,0.0,23.025,51.252,3.85,236.44,SSP1-2.6
2045-12-03,0.0,23.557,48.289,4.288,237.39,SSP1-2.6
2045-12-04,0.0,23.664,47.885,4.792,238.35,SSP1-2.6
2045-12-05,0.0,23.868,48.64,5.71,230.58,SSP1-2.6
2045-12-06,0.0,24.049,48.49,7.249,231.31,SSP1-2.6
2045-12-07,0.0,24.161,47.774,8.621,225.14,SSP1-2.6
2045-12-08,0.0,24.033,49.993,7.506,231.37,SSP1-2.6
2045-12-09,0.0,24.527,50.064,5.776,235.85,SSP1-2.6
2045-12-10,0.0,24.635,49.513,4.59,225.16,SSP1-2.6
2045-12-11,0.0,23.405,57.776,3.689,180.84,SSP1-2.6
2045-12-12,0.0,24.0,46.184,3.829,239.86,SSP1-2.6
2045-12-13,0.0,23.816,45.784,6.39,241.29,SSP1-2.6
2045-12-14,0.0,23.92,46.076,5.889,236.07,SSP1-2.6
2045-12-15,0.0,23.119,43.785,5.71,225.28,SSP1-2.6
2045-12-16,0.0,22.691,40.472,5.967,213.74,SSP1-2.6
2045-12-17,0.0,22.509,42.516,7.769,218.13,SSP1-2.6
2045-12-18,0.0,20.964,42.64,8.622,194.58,SSP1-2.6
2045-12-19,0.0,21.009,31.37,8.033,219.1,SSP1-2.6
2045-12-20,0.0,20.827,32.108,7.433,243.12,SSP1-2.6
2045-12-21,0.0,20.484,38.635,7.054,250.18,SSP1-2.6
2045-12-22,0.0,22.087,46.645,7.413,221.01,SSP1-2.6
2045-12-23,0.0,22.679,51.542,6.401,217.28,SSP1-2.6
2045-12-24,0.0,23.796,50.639,6.424,221.97,SSP1-2.6
2045-12-25,0.0,23.731,52.805,5.224,215.06,SSP1-2.6
2045-12-26,0.0,23.775,51.018,6.187,221.84,SSP1-2.6
2045-12-27,0.0,23.772,50.058,7.244,218.92,SSP1-2.6
2045-12-28,0.0,22.995,53.571,9.249,187.03,SSP1-2.6
2045-12-29,0.0,22.992,49.692,7.248,211.02,SSP1-2.6
2045-12-30,0.0,23.347,46.747,6.11,236.4,SSP1-2.6
2045-12-31,0.0,23.13,51.704,7.195,210.35,SSP1-2.6
2046-01-01,0.0,22.748,54.074,6.363,212.46,SSP1-2.6
2046-01-02,0.0,23.225,53.232,7.456,208.8,SSP1-2.6
2046-01-03,0.0,23.567,49.41,6.913,232.93,SSP1-2.6
2046-01-04,0.0,23.992,48.189,5.844,215.18,SSP1-2.6
2046-01-05,0.0,23.684,46.134,6.511,207.91,SSP1-2.6
2046-01-06,0.0,23.276,43.958,7.02,232.35,SSP1-2.6
2046-01-07,0.0,22.896,39.594,6.433,242.54,SSP1-2.6
2046-01-08,0.0,22.679,39.402,6.832,241.67,SSP1-2.6
2046-01-09,0.0,22.812,37.951,5.874,249.82,SSP1-2.6
2046-01-10,0.0,22.71,39.625,4.853,241.79,SSP1-2.6
2046-01-11,0.0,22.787,37.049,7.379,253.82,SSP1-2.6
2046-01-12,0.0,22.686,41.03,6.22,252.73,SSP1-2.6
2046-01-13,0.0,23.012,40.992,11.245,246.33,SSP1-2.6
2046-01-14,0.0,23.461,42.594,10.507,234.03,SSP1-2.6
2046-01-15,0.0,23.823,43.666,10.742,237.3,SSP1-2.6
2046-01-16,0.0,24.579,49.279,11.768,204.38,SSP1-2.6
2046-01-17,0.0,25.048,42.489,9.196,236.65,SSP1-2.6
2046-01-18,0.0,23.929,34.878,14.639,256.48,SSP1-2.6
2046-01-19,0.0,23.006,29.336,11.23,263.41,SSP1-2.6
2046-01-20,0.0,22.652,34.689,12.666,262.64,SSP1-2.6
2046-01-21,0.0,23.359,33.219,11.7,261.59,SSP1-2.6
2046-01-22,0.0,23.166,30.692,8.748,253.18,SSP1-2.6
2046-01-23,0.0,23.906,37.05,8.238,234.67,SSP1-2.6
2046-01-24,0.0,24.094,44.554,8.039,251.06,SSP1-2.6
2046-01-25,0.0,25.015,47.707,9.077,241.7,SSP1-2.6
2046-01-26,0.0,25.527,42.873,7.809,258.49,SSP1-2.6
2046-01-27,0.0,25.643,41.742,9.353,246.14,SSP1-2.6
2046-01-28,0.0,24.587,43.035,8.165,207.34,SSP1-2.6
2046-01-29,0.0,24.787,37.228,9.356,253.78,SSP1-2.6
2046-01-30,0.0,24.992,37.29,11.683,249.39,SSP1-2.6
2046-01-31,0.0,25.034,39.558,12.742,245.05,SSP1-2.6
2046-02-01,0.0,24.816,43.072,10.42,224.61,SSP1-2.6
2046-02-02,0.0,24.103,48.64,10.168,197.6,SSP1-2.6
2046-02-03,0.0,24.146,53.64,9.181,188.48,SSP1-2.6
2046-02-04,0.0,24.482,57.866,5.821,206.67,SSP1-2.6
2046-02-05,0.0,26.07,46.828,6.487,222.68,SSP1-2.6
2046-02-06,0.0,25.981,37.147,5.371,259.71,SSP1-2.6
2046-02-07,0.0,26.166,39.029,12.13,271.52,SSP1-2.6
2046-02-08,0.0,26.789,44.67,13.312,223.76,SSP1-2.6
2046-02-09,0.0,25.353,36.943,13.206,246.23,SSP1-2.6
2046-02-10,0.0,25.078,44.97,10.199,242.76,SSP1-2.6
2046-02-11,0.0004,26.351,49.779,12.889,225.46,SSP1-2.6
2046-02-12,0.001,26.312,49.095,13.874,246.12,SSP1-2.6
2046-02-13,0.0,27.039,38.956,11.077,271.97,SSP1-2.6
2046-02-14,0.0,26.745,35.76,8.169,279.08,SSP1-2.6
2046-02-15,0.0,27.494,38.101,9.978,250.26,SSP1-2.6
2046-02-16,0.0,25.383,22.572,11.797,268.54,SSP1-2.6
2046-02-17,0.0,24.968,20.714,10.191,300.99,SSP1-2.6
2046-02-18,0.0,24.599,24.554,5.274,295.82,SSP1-2.6
2046-02-19,0.0,24.901,26.934,6.908,297.52,SSP1-2.6
2046-02-20,0.0,26.058,31.901,8.725,295.09,SSP1-2.6
2046-02-21,0.0,26.56,31.125,8.32,281.24,SSP1-2.6
2046-02-22,0.0,27.32,27.55,6.511,254.6,SSP1-2.6
2046-02-23,0.0,27.715,28.265,7.222,230.2,SSP1-2.6
2046-02-24,0.0,27.434,28.362,10.309,279.79,SSP1-2.6
2046-02-25,0.0,27.719,28.856,11.667,292.14,SSP1-2.6
2046-02-26,0.0,28.374,26.561,15.158,296.56,SSP1-2.6
2046-02-27,0.0,29.109,33.966,16.34,254.44,SSP1-2.6
2046-02-28,0.0,27.466,26.216,13.728,314.34,SSP1-2.6
2046-03-01,0.0,27.095,23.355,11.786,317.99,SSP1-2.6
2046-03-02,0.0,26.566,20.51,8.219,325.87,SSP1-2.6
2046-03-03,0.0,26.501,23.29,9.104,320.63,SSP1-2.6
2046-03-04,0.0,28.554,23.173,13.814,318.31,SSP1-2.6
2046-03-05,0.0,27.905,22.93,8.172,319.88,SSP1-2.6
2046-03-06,0.0,27.624,25.409,5.199,317.92,SSP1-2.6
2046-03-07,0.0,28.647,29.279,8.907,303.03,SSP1-2.6
2046-03-08,0.0,30.003,28.548,10.593,296.83,SSP1-2.6
2046-03-09,0.0,30.026,29.791,10.41,276.6,SSP1-2.6
2046-03-10,0.0,30.707,28.03,7.974,265.69,SSP1-2.6
2046-03-11,0.0,30.095,25.696,7.77,307.88,SSP1-2.6
2046-03-12,0.0,30.891,23.455,8.578,316.76,SSP1-2.6
2046-03-13,0.0,30.556,20.243,13.305,325.06,SSP1-2.6
2046-03-14,0.0,30.399,16.979,14.092,327.61,SSP1-2.6
2046-03-15,0.0,29.085,15.336,12.913,332.39,SSP1-2.6
2046-03-16,0.0,28.471,16.322,9.47,334.82,SSP1-2.6
2046-03-17,0.0,28.773,19.096,7.973,328.0,SSP1-2.6
2046-03-18,0.0,29.544,20.402,9.105,325.02,SSP1-2.6
2046-03-19,0.0,30.476,19.769,9.537,323.9,SSP1-2.6
2046-03-20,0.0,30.215,19.862,6.306,325.92,SSP1-2.6
2046-03-21,0.0,30.885,27.926,11.58,294.95,SSP1-2.6
2046-03-22,0.205,30.553,34.747,13.441,275.03,SSP1-2.6
2046-03-23,6.2431,30.221,38.368,11.512,280.35,SSP1-2.6
2046-03-24,0.877,29.649,39.366,10.1,294.04,SSP1-2.6
2046-03-25,0.1252,28.857,43.519,6.761,275.99,SSP1-2.6
2046-03-26,0.0,29.958,34.737,7.196,300.98,SSP1-2.6
2046-03-27,0.0,30.001,30.79,7.995,321.35,SSP1-2.6
2046-03-28,0.0,30.415,27.808,8.771,305.02,SSP1-2.6
2046-03-29,0.0,30.681,24.338,9.729,316.61,SSP1-2.6
2046-03-30,0.0,30.638,23.741,8.179,308.48,SSP1-2.6
2046-03-31,0.0,31.145,24.634,8.884,285.41,SSP1-2.6
2046-04-01,0.0,30.889,25.478,7.452,266.97,SSP1-2.6
2046-04-02,0.0,30.906,25.965,7.628,242.98,SSP1-2.6
2046-04-03,0.0005,31.371,26.969,8.183,274.2,SSP1-2.6
2046-04-04,0.006,29.366,30.665,5.72,231.78,SSP1-2.6
2046-04-05,0.0,29.21,21.085,5.637,348.24,SSP1-2.6
2046-04-06,0.0,28.825,18.55,3.752,364.01,SSP1-2.6
2046-04-07,0.0,28.966,20.701,6.437,356.87,SSP1-2.6
2046-04-08,0.0,30.782,24.03,11.442,340.31,SSP1-2.6
2046-04-09,0.0,31.968,22.758,8.358,303.4,SSP1-2.6
2046-04-10,0.0,31.756,21.356,6.227,299.58,SSP1-2.6
2046-04-11,0.0,31.142,19.528,9.13,325.46,SSP1-2.6
2046-04-12,0.0,32.041,19.068,8.074,326.64,SSP1-2.6
2046-04-13,0.0,33.456,20.469,9.991,275.08,SSP1-2.6
2046-04-14,0.0,32.264,20.107,8.398,321.34,SSP1-2.6
2046-04-15,0.0113,32.541,20.662,8.362,282.61,SSP1-2.6
2046-04-16,0.0248,33.507,21.59,9.943,313.46,SSP1-2.6
2046-04-17,0.009,33.407,23.625,8.109,296.12,SSP1-2.6
2046-04-18,0.0247,33.145,25.931,10.698,311.79,SSP1-2.6
2046-04-19,0.0234,33.315,26.693,10.667,320.17,SSP1-2.6
2046-04-20,0.5068,32.49,30.656,9.917,276.09,SSP1-2.6
2046-04-21,1.9056,31.815,38.315,9.242,250.96,SSP1-2.6
2046-04-22,3.5976,31.661,40.858,5.749,275.5,SSP1-2.6
2046-04-23,0.5219,32.168,38.135,6.894,298.1,SSP1-2.6
2046-04-24,1.3668,32.151,37.314,7.143,289.67,SSP1-2.6
2046-04-25,0.0,32.838,26.578,9.008,334.63,SSP1-2.6
2046-04-26,0.0,33.127,24.807,9.842,276.5,SSP1-2.6
2046-04-27,0.0,33.264,25.097,10.713,293.5,SSP1-2.6
2046-04-28,0.4379,32.751,31.24,9.53,251.72,SSP1-2.6
2046-04-29,1.1648,32.661,34.101,11.3,292.5,SSP1-2.6
2046-04-30,26.6971,32.459,36.879,8.499,305.71,SSP1-2.6
2046-05-01,26.4324,26.313,72.995,5.56,201.83,SSP1-2.6
2046-05-02,0.0219,32.737,40.328,6.893,313.98,SSP1-2.6
2046-05-03,0.0,33.898,31.015,7.279,336.76,SSP1-2.6
2046-05-04,0.0,34.315,29.819,8.203,296.18,SSP1-2.6
2046-05-05,0.0,34.838,25.928,7.992,330.33,SSP1-2.6
2046-05-06,0.0,35.39,25.637,7.996,277.02,SSP1-2.6
2046-05-07,0.0,35.421,21.934,7.684,322.29,SSP1-2.6
2046-05-08,0.0,35.447,20.093,7.068,328.52,SSP1-2.6
2046-05-09,0.0061,35.739,18.932,8.918,337.06,SSP1-2.6
2046-05-10,0.0045,35.876,18.803,10.873,347.75,SSP1-2.6
2046-05-11,0.0,35.587,18.176,9.012,360.45,SSP1-2.6
2046-05-12,0.0,35.247,17.52,8.192,362.03,SSP1-2.6
2046-05-13,0.0,34.941,17.345,8.169,363.37,SSP1-2.6
2046-05-14,0.0,35.059,17.578,7.485,360.48,SSP1-2.6
2046-05-15,0.0,35.318,17.839,8.787,357.67,SSP1-2.6
2046-05-16,0.0,35.977,18.602,9.522,319.88,SSP1-2.6
2046-05-17,0.0,36.804,18.689,9.626,288.07,SSP1-2.6
2046-05-18,0.0202,36.093,21.158,10.187,313.55,SSP1-2.6
2046-05-19,0.0003,35.814,23.631,6.601,283.76,SSP1-2.6
2046-05-20,0.2832,35.717,23.72,7.803,299.77,SSP1-2.6
2046-05-21,0.002,35.585,24.21,8.331,327.76,SSP1-2.6
2046-05-22,0.4087,35.377,25.403,7.46,308.86,SSP1-2.6
2046-05-23,1.9454,33.39,42.857,6.548,230.4,SSP1-2.6
2046-05-24,0.2193,34.638,34.384,7.625,308.03,SSP1-2.6
2046-05-25,0.039,34.968,33.104,7.371,271.26,SSP1-2.6
2046-05-26,0.0023,35.212,30.557,7.348,290.32,SSP1-2.6
2046-05-27,0.0022,35.158,32.514,7.69,265.9,SSP1-2.6
2046-05-28,0.4126,35.686,28.338,7.395,333.53,SSP1-2.6
2046-05-29,1.5427,35.357,39.662,7.483,288.17,SSP1-2.6
2046-05-30,0.0,35.486,33.986,5.467,299.99,SSP1-2.6
2046-05-31,0.903,34.836,41.281,4.659,290.0,SSP1-2.6
2046-06-01,0.4477,33.295,47.013,5.119,294.95,SSP1-2.6
2046-06-02,0.0,33.691,37.291,6.131,304.67,SSP1-2.6
2046-06-03,0.0,34.502,31.347,6.411,310.87,SSP1-2.6
2046-06-04,0.228,34.612,33.047,6.235,305.39,SSP1-2.6
2046-06-05,0.004,34.523,33.008,8.571,308.93,SSP1-2.6
2046-06-06,0.2741,35.16,31.092,8.642,306.09,SSP1-2.6
2046-06-07,0.5052,34.822,34.135,6.693,298.9,SSP1-2.6
2046-06-08,3.9829,34.272,39.852,5.303,283.46,SSP1-2.6
2046-06-09,0.718,29.379,67.773,5.918,251.27,SSP1-2.6
2046-06-10,2.4377,32.285,56.972,5.382,273.52,SSP1-2.6
2046-06-11,0.7995,32.779,51.636,5.683,272.6,SSP1-2.6
2046-06-12,25.0779,28.793,74.221,6.974,239.56,SSP1-2.6
2046-06-13,21.6683,26.848,78.338,10.667,232.45,SSP1-2.6
2046-06-14,4.4352,28.303,68.054,14.685,258.52,SSP1-2.6
2046-06-15,0.0,28.339,63.629,13.681,284.11,SSP1-2.6
2046-06-16,0.0,29.751,57.11,15.844,315.57,SSP1-2.6
2046-06-17,0.0,29.854,60.313,15.723,290.99,SSP1-2.6
2046-06-18,0.0,30.202,58.816,16.367,309.01,SSP1-2.6
2046-06-19,0.0,30.72,59.209,16.612,307.27,SSP1-2.6
2046-06-20,0.1982,29.791,61.456,16.307,301.02,SSP1-2.6
2046-06-21,0.8496,28.414,68.355,15.401,250.62,SSP1-2.6
2046-06-22,7.6735,26.512,79.872,13.074,206.57,SSP1-2.6
2046-06-23,0.0,28.549,65.37,15.697,272.31,SSP1-2.6
2046-06-24,0.0,28.773,61.129,14.286,279.31,SSP1-2.6
2046-06-25,0.0,30.457,55.865,14.858,300.59,SSP1-2.6
2046-06-26,0.0,30.562,54.238,15.054,321.28,SSP1-2.6
2046-06-27,0.0,31.063,51.871,13.587,311.06,SSP1-2.6
2046-06-28,0.0,31.323,49.488,13.598,330.43,SSP1-2.6
2046-06-29,0.0641,31.875,49.337,12.63,299.93,SSP1-2.6
2046-06-30,0.1234,31.58,50.974,13.121,294.9,SSP1-2.6
2046-07-01,0.0,30.435,48.028,9.899,314.02,SSP1-2.6
2046-07-02,14.908,30.349,63.201,6.034,273.92,SSP1-2.6
2046-07-03,43.7953,26.053,91.001,5.701,181.67,SSP1-2.6
2046-07-04,6.6098,26.786,85.243,9.835,247.64,SSP1-2.6
2046-07-05,1.9704,27.281,81.723,10.409,249.94,SSP1-2.6
2046-07-06,0.0,27.381,78.653,12.393,244.18,SSP1-2.6
2046-07-07,0.047,27.615,78.584,11.159,256.13,SSP1-2.6
2046-07-08,0.0798,28.102,75.894,11.302,287.69,SSP1-2.6
2046-07-09,0.013,28.414,70.649,13.948,293.59,SSP1-2.6
2046-07-10,0.0,28.594,68.572,13.989,299.97,SSP1-2.6
2046-07-11,0.3945,29.123,67.943,14.876,302.33,SSP1-2.6
2046-07-12,2.2892,27.265,77.501,13.331,223.06,SSP1-2.6
2046-07-13,0.5571,27.018,77.436,13.643,217.11,SSP1-2.6
2046-07-14,0.0022,28.644,69.393,15.045,251.04,SSP1-2.6
2046-07-15,40.1275,25.945,88.763,18.257,193.91,SSP1-2.6
2046-07-16,28.3777,25.737,92.121,16.091,166.22,SSP1-2.6
2046-07-17,12.067,25.772,92.574,9.137,185.57,SSP1-2.6
2046-07-18,1.305,27.784,83.96,8.706,278.16,SSP1-2.6
2046-07-19,4.3094,27.687,85.046,12.182,238.46,SSP1-2.6
2046-07-20,6.8041,27.161,84.719,14.545,243.11,SSP1-2.6
2046-07-21,37.5086,25.332,91.948,16.369,172.22,SSP1-2.6
2046-07-22,45.7919,25.244,94.216,18.245,160.07,SSP1-2.6
2046-07-23,58.2827,25.407,95.475,16.078,161.89,SSP1-2.6
2046-07-24,28.5623,25.193,93.865,14.792,135.06,SSP1-2.6
2046-07-25,15.5642,25.546,93.752,11.257,180.85,SSP1-2.6
2046-07-26,18.8541,25.397,94.985,8.443,189.82,SSP1-2.6
2046-07-27,25.5294,26.161,91.567,6.617,238.3,SSP1-2.6
2046-07-28,11.4611,25.552,90.785,10.361,204.22,SSP1-2.6
2046-07-29,0.0855,25.846,87.796,12.919,215.49,SSP1-2.6
2046-07-30,0.1669,26.139,87.511,13.567,225.49,SSP1-2.6
2046-07-31,3.1042,26.051,87.598,14.69,215.48,SSP1-2.6
2046-08-01,0.0424,26.268,84.983,16.085,229.96,SSP1-2.6
2046-08-02,0.0328,27.102,82.975,16.129,252.69,SSP1-2.6
2046-08-03,0.4533,26.482,85.778,15.466,222.24,SSP1-2.6
2046-08-04,15.091,25.977,91.198,14.893,180.36,SSP1-2.6
2046-08-05,75.0177,25.306,93.608,18.346,154.5,SSP1-2.6
2046-08-06,20.1501,25.478,92.458,13.267,187.52,SSP1-2.6
2046-08-07,0.4824,25.618,91.685,11.642,204.82,SSP1-2.6
2046-08-08,18.398,25.879,94.242,10.833,166.06,SSP1-2.6
2046-08-09,19.9101,25.572,93.082,12.233,201.13,SSP1-2.6
2046-08-10,15.2257,25.397,92.587,14.515,194.01,SSP1-2.6
2046-08-11,2.8745,25.528,89.825,15.956,206.9,SSP1-2.6
2046-08-12,1.3932,25.472,91.439,12.056,195.53,SSP1-2.6
2046-08-13,4.8618,25.739,89.644,13.351,219.47,SSP1-2.6
2046-08-14,14.5163,25.608,90.754,12.712,209.92,SSP1-2.6
2046-08-15,49.0765,25.614,95.661,13.679,145.44,SSP1-2.6
2046-08-16,26.8309,25.613,94.467,12.283,152.52,SSP1-2.6
2046-08-17,11.7669,25.493,93.942,11.029,202.58,SSP1-2.6
2046-08-18,1.7157,25.705,91.639,11.1,225.91,SSP1-2.6
2046-08-19,0.0,25.743,91.078,9.377,223.98,SSP1-2.6
2046-08-20,0.0,25.941,91.048,5.805,232.7,SSP1-2.6
2046-08-21,10.2676,25.985,93.191,5.182,229.68,SSP1-2.6
2046-08-22,1.1266,26.773,88.15,6.291,264.6,SSP1-2.6
2046-08-23,0.3229,26.737,88.394,5.628,254.05,SSP1-2.6
2046-08-24,0.4848,26.722,89.203,5.006,252.51,SSP1-2.6
2046-08-25,17.2779,25.943,92.942,4.812,227.98,SSP1-2.6
2046-08-26,0.0157,26.602,89.584,6.183,257.22,SSP1-2.6
2046-08-27,0.0,26.38,90.105,6.878,241.07,SSP1-2.6
2046-08-28,0.1768,26.61,87.459,6.307,259.8,SSP1-2.6
2046-08-29,2.0104,26.699,89.572,6.773,250.59,SSP1-2.6
2046-08-30,0.5858,26.461,89.81,6.557,258.95,SSP1-2.6
2046-08-31,18.6246,26.156,91.563,7.734,233.61,SSP1-2.6
2046-09-01,17.4759,25.785,95.552,6.997,207.74,SSP1-2.6
2046-09-02,45.5087,25.817,96.11,6.748,213.43,SSP1-2.6
2046-09-03,14.3299,25.778,93.349,9.05,218.02,SSP1-2.6
2046-09-04,3.7659,25.825,90.718,10.17,222.32,SSP1-2.6
2046-09-05,22.5419,25.727,92.781,6.746,227.11,SSP1-2.6
2046-09-06,6.2931,25.817,92.599,9.162,227.2,SSP1-2.6
2046-09-07,0.4821,26.223,90.392,8.482,244.58,SSP1-2.6
2046-09-08,0.0,26.469,87.891,6.824,266.41,SSP1-2.6
2046-09-09,0.0,26.462,88.139,5.137,256.76,SSP1-2.6
2046-09-10,23.4334,25.875,92.685,2.86,229.6,SSP1-2.6
2046-09-11,1.985,26.157,91.545,3.03,236.55,SSP1-2.6
2046-09-12,0.0437,26.425,89.574,6.183,247.75,SSP1-2.6
2046-09-13,0.0,26.227,91.212,3.045,237.81,SSP1-2.6
2046-09-14,1.0529,26.209,90.244,4.556,242.23,SSP1-2.6
2046-09-15,0.7076,26.361,89.206,3.615,249.79,SSP1-2.6
2046-09-16,0.0,26.98,86.573,2.955,262.72,SSP1-2.6
2046-09-17,0.0,27.409,85.465,5.052,257.59,SSP1-2.6
2046-09-18,0.0053,27.415,86.514,6.075,254.36,SSP1-2.6
2046-09-19,0.4207,27.095,87.802,6.231,256.23,SSP1-2.6
2046-09-20,0.0,27.681,83.658,7.512,263.14,SSP1-2.6
2046-09-21,0.0,27.51,81.54,9.638,264.37,SSP1-2.6
2046-09-22,0.0,27.183,81.117,11.55,261.06,SSP1-2.6
2046-09-23,0.0,26.868,81.112,10.605,272.59,SSP1-2.6
2046-09-24,0.0,26.531,82.124,9.322,280.96,SSP1-2.6
2046-09-25,0.0,26.581,82.701,8.065,291.7,SSP1-2.6
2046-09-26,0.0,26.651,82.528,8.073,263.26,SSP1-2.6
2046-09-27,0.0,26.652,82.26,8.786,256.06,SSP1-2.6
2046-09-28,0.0,26.738,78.697,8.574,269.74,SSP1-2.6
2046-09-29,0.0,26.645,80.647,7.34,274.96,SSP1-2.6
2046-09-30,0.0,26.219,85.258,6.197,262.0,SSP1-2.6
2046-10-01,0.0,26.924,83.122,3.776,251.88,SSP1-2.6
2046-10-02,0.0,28.188,80.615,3.211,246.01,SSP1-2.6
2046-10-03,0.0,26.871,87.962,3.037,231.67,SSP1-2.6
2046-10-04,0.0,27.946,81.542,4.245,269.37,SSP1-2.6
2046-10-05,0.0045,28.642,80.594,5.27,262.66,SSP1-2.6
2046-10-06,0.0,27.943,81.796,5.056,253.29,SSP1-2.6
2046-10-07,0.0,27.978,81.292,5.766,250.54,SSP1-2.6
2046-10-08,0.2744,27.37,85.603,4.711,233.6,SSP1-2.6
2046-10-09,0.0,27.651,81.485,4.684,255.92,SSP1-2.6
2046-10-10,0.0,28.38,78.318,4.403,246.23,SSP1-2.6
2046-10-11,0.0,26.373,84.647,3.611,211.46,SSP1-2.6
2046-10-12,0.0,27.844,77.51,3.346,266.93,SSP1-2.6
2046-10-13,0.0,27.412,81.309,3.343,233.86,SSP1-2.6
2046-10-14,0.0,28.494,72.3,3.285,267.81,SSP1-2.6
2046-10-15,0.0,28.044,71.213,4.198,271.87,SSP1-2.6
2046-10-16,0.0,27.985,73.029,2.461,265.87,SSP1-2.6
2046-10-17,0.0,27.765,70.045,3.509,271.74,SSP1-2.6
2046-10-18,0.0,27.459,68.569,4.4,266.33,SSP1-2.6
2046-10-19,0.0,27.313,76.896,5.787,267.38,SSP1-2.6
2046-10-20,0.0,26.411,79.06,7.151,276.67,SSP1-2.6
2046-10-21,0.02,25.962,83.129,6.732,242.29,SSP1-2.6
2046-10-22,0.0,26.35,81.362,5.756,260.4,SSP1-2.6
2046-10-23,0.0,26.323,79.279,5.928,239.53,SSP1-2.6
2046-10-24,0.6181,25.26,85.136,7.404,225.1,SSP1-2.6
2046-10-25,0.5935,24.887,87.974,6.861,208.9,SSP1-2.6
2046-10-26,0.1678,25.086,85.835,5.347,186.54,SSP1-2.6
2046-10-27,0.0,26.56,80.351,5.089,253.39,SSP1-2.6
2046-10-28,0.0,25.43,82.953,4.798,196.49,SSP1-2.6
2046-10-29,34.6656,25.368,73.264,16.112,199.85,SSP1-2.6
2046-10-30,36.3772,23.6,90.236,12.613,142.2,SSP1-2.6
2046-10-31,14.563,23.869,89.168,10.975,174.74,SSP1-2.6
2046-11-01,10.2278,24.177,89.04,8.269,184.89,SSP1-2.6
2046-11-02,2.0362,25.545,86.364,7.058,204.76,SSP1-2.6
2046-11-03,0.0084,25.991,77.475,6.725,241.6,SSP1-2.6
2046-11-04,0.0,25.274,66.059,6.922,248.7,SSP1-2.6
2046-11-05,0.3365,24.917,77.274,5.27,240.32,SSP1-2.6
2046-11-06,1.6508,24.423,86.512,6.865,182.42,SSP1-2.6
2046-11-07,0.3646,25.38,83.269,6.576,213.2,SSP1-2.6
2046-11-08,0.0704,25.098,79.873,6.52,228.7,SSP1-2.6
2046-11-09,0.0,24.697,70.923,5.881,240.39,SSP1-2.6
2046-11-10,0.469,23.781,84.426,3.521,197.17,SSP1-2.6
2046-11-11,12.6785,23.51,88.306,6.759,176.39,SSP1-2.6
2046-11-12,0.2893,23.849,85.042,7.728,181.75,SSP1-2.6
2046-11-13,0.0,24.058,72.396,9.178,218.14,SSP1-2.6
2046-11-14,0.0,23.613,55.962,9.558,250.18,SSP1-2.6
2046-11-15,0.0,23.645,57.498,10.317,203.91,SSP1-2.6
2046-11-16,0.0,23.969,74.666,6.862,214.17,SSP1-2.6
2046-11-17,0.0049,25.379,80.264,4.269,203.18,SSP1-2.6
2046-11-18,0.0142,26.157,74.078,5.005,225.1,SSP1-2.6
2046-11-19,0.459,24.125,83.514,6.008,179.72,SSP1-2.6
2046-11-20,0.0404,25.171,75.31,5.954,221.72,SSP1-2.6
2046-11-21,0.0038,24.94,67.698,6.116,239.53,SSP1-2.6
2046-11-22,0.0,24.946,57.506,6.311,242.99,SSP1-2.6
2046-11-23,0.0,23.767,52.112,8.466,237.45,SSP1-2.6
2046-11-24,0.0,22.213,50.531,8.437,203.92,SSP1-2.6
2046-11-25,0.0,21.834,46.025,8.057,216.48,SSP1-2.6
2046-11-26,0.0,21.365,44.017,10.317,208.78,SSP1-2.6
2046-11-27,0.0,21.489,61.708,10.837,219.17,SSP1-2.6
2046-11-28,0.0,22.247,60.967,8.343,241.63,SSP1-2.6
2046-11-29,0.0,22.21,58.988,8.164,242.22,SSP1-2.6
2046-11-30,0.0,22.137,53.691,7.879,251.1,SSP1-2.6
2046-12-01,0.0,22.007,45.572,6.831,251.64,SSP1-2.6
2046-12-02,0.0,21.991,44.983,7.256,235.39,SSP1-2.6
2046-12-03,0.0,20.811,36.933,8.866,232.54,SSP1-2.6
2046-12-04,0.0,20.297,33.883,7.962,225.3,SSP1-2.6
2046-12-05,0.0,19.944,35.94,7.901,229.45,SSP1-2.6
2046-12-06,0.0,19.787,36.732,7.454,255.23,SSP1-2.6
2046-12-07,0.0,19.878,39.327,7.088,252.66,SSP1-2.6
2046-12-08,0.0,20.993,41.003,7.53,246.74,SSP1-2.6
2046-12-09,0.0,22.217,52.496,7.015,236.87,SSP1-2.6
2046-12-10,0.0,23.001,52.526,7.369,219.2,SSP1-2.6
2046-12-11,0.0,21.856,36.533,8.981,246.93,SSP1-2.6
2046-12-12,0.0,21.318,46.004,8.374,244.13,SSP1-2.6
2046-12-13,0.0,21.16,45.466,8.727,243.83,SSP1-2.6
2046-12-14,0.0,21.165,51.936,6.401,239.46,SSP1-2.6
2046-12-15,0.0,22.472,61.521,4.072,205.74,SSP1-2.6
2046-12-16,0.0,23.071,52.916,6.714,227.0,SSP1-2.6
2046-12-17,0.0,22.77,56.542,7.221,231.33,SSP1-2.6
2046-12-18,0.0,22.603,52.826,8.887,234.78,SSP1-2.6
2046-12-19,0.0,22.381,50.665,8.946,237.25,SSP1-2.6
2046-12-20,0.0,22.241,52.688,7.109,236.35,SSP1-2.6
2046-12-21,0.0,22.149,57.832,6.414,188.72,SSP1-2.6
2046-12-22,0.0,22.238,54.901,8.314,202.29,SSP1-2.6
2046-12-23,0.0,22.181,51.664,9.116,238.81,SSP1-2.6
2046-12-24,0.0,22.013,53.457,8.821,232.89,SSP1-2.6
2046-12-25,0.0,22.828,52.358,8.484,237.21,SSP1-2.6
2046-12-26,0.0,22.325,51.927,7.989,236.21,SSP1-2.6
2046-12-27,0.0,22.14,49.145,9.21,243.19,SSP1-2.6
2046-12-28,0.0,22.641,54.133,7.779,227.04,SSP1-2.6
2046-12-29,0.0,22.045,54.84,7.962,215.04,SSP1-2.6
2046-12-30,0.0,22.07,51.598,7.624,236.37,SSP1-2.6
2046-12-31,0.0,22.033,51.703,7.053,241.82,SSP1-2.6
2047-01-01,0.0,21.83,52.541,5.79,243.75,SSP1-2.6
2047-01-02,0.0,22.133,51.03,7.113,244.85,SSP1-2.6
2047-01-03,0.0,22.283,50.778,7.684,249.26,SSP1-2.6
2047-01-04,0.0,22.375,51.718,6.056,243.82,SSP1-2.6
2047-01-05,0.0,22.508,49.569,6.211,241.78,SSP1-2.6
2047-01-06,0.0,22.208,43.8,9.767,244.53,SSP1-2.6
2047-01-07,0.0,21.622,35.498,11.638,254.55,SSP1-2.6
2047-01-08,0.0,21.216,31.471,9.191,258.43,SSP1-2.6
2047-01-09,0.0,20.994,37.604,8.732,252.78,SSP1-2.6
2047-01-10,0.0,21.175,38.578,7.051,255.43,SSP1-2.6
2047-01-11,0.0,21.563,42.541,7.345,252.86,SSP1-2.6
2047-01-12,0.0,21.726,38.111,9.182,258.3,SSP1-2.6
2047-01-13,0.0,21.426,37.245,8.597,264.7,SSP1-2.6
2047-01-14,0.0,21.461,36.795,8.829,265.72,SSP1-2.6
2047-01-15,0.0,21.4,38.919,6.959,265.01,SSP1-2.6
2047-01-16,0.0,22.047,45.543,6.547,260.0,SSP1-2.6
2047-01-17,0.0,22.709,46.348,6.949,256.85,SSP1-2.6
2047-01-18,0.0,22.087,53.793,4.802,202.3,SSP1-2.6
2047-01-19,0.0,22.72,50.477,6.565,255.13,SSP1-2.6
2047-01-20,0.0,22.625,45.741,7.503,263.87,SSP1-2.6
2047-01-21,0.0,22.532,44.665,8.037,262.71,SSP1-2.6
2047-01-22,0.0,23.227,44.157,5.809,253.7,SSP1-2.6
2047-01-23,0.0,23.607,46.133,6.174,259.05,SSP1-2.6
2047-01-24,0.0,24.038,45.818,6.654,257.45,SSP1-2.6
2047-01-25,0.0,23.469,42.476,6.95,260.29,SSP1-2.6
2047-01-26,0.0,22.954,38.158,6.301,271.18,SSP1-2.6
2047-01-27,0.0,23.455,44.952,6.177,264.91,SSP1-2.6
2047-01-28,0.0,23.89,43.73,5.842,271.58,SSP1-2.6
2047-01-29,0.0,23.577,41.135,5.126,276.8,SSP1-2.6
2047-01-30,0.0,23.555,38.29,7.891,278.66,SSP1-2.6
2047-01-31,0.0,23.508,37.276,7.697,278.65,SSP1-2.6
2047-02-01,0.0,23.964,38.456,9.252,272.65,SSP1-2.6
2047-02-02,0.0,25.0,39.699,11.399,272.2,SSP1-2.6
2047-02-03,0.0,24.465,32.517,12.506,282.82,SSP1-2.6
2047-02-04,0.0,24.113,32.048,11.262,285.96,SSP1-2.6
2047-02-05,0.0,23.924,28.034,11.003,283.94,SSP1-2.6
2047-02-06,0.0,23.556,26.392,14.185,281.93,SSP1-2.6
2047-02-07,0.0,22.01,26.218,11.97,296.68,SSP1-2.6
2047-02-08,0.0,21.703,29.057,8.532,299.66,SSP1-2.6
2047-02-09,0.0,22.054,34.883,6.022,294.81,SSP1-2.6
2047-02-10,0.0,23.154,36.506,4.208,288.47,SSP1-2.6
2047-02-11,0.0,23.952,36.371,4.236,288.46,SSP1-2.6
2047-02-12,0.0,24.81,37.761,4.513,287.21,SSP1-2.6
2047-02-13,0.0,25.272,37.376,5.341,288.11,SSP1-2.6
2047-02-14,0.0,25.393,38.017,4.287,290.05,SSP1-2.6
2047-02-15,0.0,26.249,41.732,8.299,286.2,SSP1-2.6
2047-02-16,0.0,26.966,43.896,10.903,283.92,SSP1-2.6
2047-02-17,0.0,26.284,39.39,11.48,288.57,SSP1-2.6
2047-02-18,0.0,26.092,39.299,11.235,288.7,SSP1-2.6
2047-02-19,0.0,25.937,39.561,10.213,288.27,SSP1-2.6
2047-02-20,0.0,26.238,41.004,7.43,286.6,SSP1-2.6
2047-02-21,0.0,26.76,40.26,8.91,285.53,SSP1-2.6
2047-02-22,0.0,27.342,41.529,8.422,288.74,SSP1-2.6
2047-02-23,0.0,27.593,43.14,9.534,288.66,SSP1-2.6
2047-02-24,0.0,27.966,41.971,12.043,288.37,SSP1-2.6
2047-02-25,0.0,27.256,38.855,11.99,293.13,SSP1-2.6
2047-02-26,0.0,27.024,38.153,10.164,294.56,SSP1-2.6
2047-02-27,0.0,27.279,37.54,8.169,294.43,SSP1-2.6
2047-02-28,0.0,27.545,35.796,9.881,277.96,SSP1-2.6
2047-03-01,0.0,28.263,38.259,9.781,282.15,SSP1-2.6
2047-03-02,0.0,28.172,37.017,7.522,283.69,SSP1-2.6
2047-03-03,0.0,28.169,33.779,7.153,289.91,SSP1-2.6
2047-03-04,0.0,27.915,32.008,5.116,305.82,SSP1-2.6
2047-03-05,0.0,27.628,32.821,6.379,307.79,SSP1-2.6
2047-03-06,0.0,28.907,35.888,7.394,300.35,SSP1-2.6
2047-03-07,0.0,27.679,45.617,5.119,229.36,SSP1-2.6
2047-03-08,0.0,28.39,32.732,5.397,312.67,SSP1-2.6
2047-03-09,0.0,28.191,30.714,6.486,314.35,SSP1-2.6
2047-03-10,0.0,28.97,31.903,9.968,311.57,SSP1-2.6
2047-03-11,0.0,28.822,34.011,5.408,316.59,SSP1-2.6
2047-03-12,0.0,28.705,32.006,5.102,305.83,SSP1-2.6
2047-03-13,0.0,28.719,29.124,5.904,317.05,SSP1-2.6
2047-03-14,0.0,28.663,30.434,6.982,268.83,SSP1-2.6
2047-03-15,0.0,29.062,30.58,5.282,247.9,SSP1-2.6
2047-03-16,0.0,28.675,31.951,6.26,242.85,SSP1-2.6
2047-03-17,0.0,28.766,32.184,4.299,244.13,SSP1-2.6
2047-03-18,0.0,28.787,29.567,7.912,307.57,SSP1-2.6
2047-03-19,0.0,28.816,30.603,5.23,323.35,SSP1-2.6
2047-03-20,0.0,28.972,30.039,7.326,325.63,SSP1-2.6
2047-03-21,0.0,29.688,31.975,8.252,322.27,SSP1-2.6
2047-03-22,0.0,30.488,33.028,9.754,319.66,SSP1-2.6
2047-03-23,0.0,30.467,34.413,8.793,302.45,SSP1-2.6
2047-03-24,0.0,30.631,34.588,9.012,280.72,SSP1-2.6
2047-03-25,0.0,30.805,32.688,7.412,281.16,SSP1-2.6
2047-03-26,0.0,30.857,29.362,6.32,314.41,SSP1-2.6
2047-03-27,0.0,30.789,28.644,6.724,320.86,SSP1-2.6
2047-03-28,0.0,30.928,28.919,8.707,323.91,SSP1-2.6
2047-03-29,0.0,30.944,29.04,7.393,322.88,SSP1-2.6
2047-03-30,0.0,31.036,27.515,7.163,315.78,SSP1-2.6
2047-03-31,0.0034,31.664,26.468,8.01,300.1,SSP1-2.6
2047-04-01,0.0008,31.993,27.362,8.33,300.12,SSP1-2.6
2047-04-02,0.0137,31.837,29.763,6.313,313.54,SSP1-2.6
2047-04-03,0.0105,31.672,29.894,6.457,319.89,SSP1-2.6
2047-04-04,0.0011,30.508,34.142,5.604,247.36,SSP1-2.6
2047-04-05,0.0915,30.897,34.087,6.008,308.17,SSP1-2.6
2047-04-06,0.0255,31.475,34.359,6.966,278.7,SSP1-2.6
2047-04-07,0.0179,31.427,34.072,9.674,317.14,SSP1-2.6
2047-04-08,0.0114,31.409,31.767,9.693,311.57,SSP1-2.6
2047-04-09,0.0052,31.209,29.772,7.257,323.15,SSP1-2.6
2047-04-10,0.0,31.201,27.214,8.275,321.97,SSP1-2.6
2047-04-11,0.0,31.713,26.404,7.9,320.91,SSP1-2.6
2047-04-12,0.0,32.455,26.071,10.187,328.16,SSP1-2.6
2047-04-13,0.0,32.961,25.363,9.747,324.6,SSP1-2.6
2047-04-14,0.0,33.089,25.389,8.249,334.93,SSP1-2.6
2047-04-15,0.0,33.313,25.247,10.216,330.57,SSP1-2.6
2047-04-16,0.0,33.385,25.253,10.16,335.33,SSP1-2.6
2047-04-17,0.0,33.497,25.218,9.995,329.21,SSP1-2.6
2047-04-18,0.0,33.17,26.411,7.509,297.85,SSP1-2.6
2047-04-19,0.0,32.671,26.287,8.826,331.31,SSP1-2.6
2047-04-20,0.0,32.707,27.523,10.765,343.88,SSP1-2.6
2047-04-21,0.0,32.68,27.186,11.213,340.75,SSP1-2.6
2047-04-22,0.0,32.897,27.625,12.129,323.97,SSP1-2.6
2047-04-23,0.0,31.995,30.025,11.968,273.13,SSP1-2.6
2047-04-24,0.0,31.772,33.607,12.198,251.59,SSP1-2.6
2047-04-25,0.0026,32.133,31.694,15.962,325.87,SSP1-2.6
2047-04-26,0.0,32.502,29.85,15.525,310.28,SSP1-2.6
2047-04-27,0.0,32.58,29.707,9.992,272.36,SSP1-2.6
2047-04-28,0.0,33.169,24.287,12.108,325.5,SSP1-2.6
2047-04-29,0.0,33.369,23.843,14.101,323.02,SSP1-2.6
2047-04-30,0.0,33.468,23.428,13.856,318.83,SSP1-2.6
2047-05-01,0.0,34.956,24.246,13.814,314.52,SSP1-2.6
2047-05-02,0.0037,35.152,23.964,12.841,333.72,SSP1-2.6
2047-05-03,0.3214,35.509,25.374,13.678,316.11,SSP1-2.6
2047-05-04,0.0626,34.946,27.051,14.489,304.53,SSP1-2.6
2047-05-05,1.1135,34.828,28.068,13.162,308.54,SSP1-2.6
2047-05-06,0.8078,34.368,28.633,12.717,301.69,SSP1-2.6
2047-05-07,0.0037,34.857,24.63,12.722,335.21,SSP1-2.6
2047-05-08,0.0,35.123,23.707,11.01,339.66,SSP1-2.6
2047-05-09,0.0205,35.492,22.999,11.815,335.45,SSP1-2.6
2047-05-10,0.0,35.579,23.614,12.663,304.46,SSP1-2.6
2047-05-11,0.0,35.196,24.096,13.47,304.84,SSP1-2.6
2047-05-12,0.0,35.035,25.162,13.258,319.36,SSP1-2.6
2047-05-13,0.0,34.82,24.386,11.732,339.59,SSP1-2.6
2047-05-14,0.0,35.247,25.364,12.05,281.7,SSP1-2.6
2047-05-15,0.0,35.078,26.234,11.827,283.6,SSP1-2.6
2047-05-16,0.0,34.873,22.234,13.342,346.15,SSP1-2.6
2047-05-17,0.0,35.674,20.66,14.504,340.32,SSP1-2.6
2047-05-18,0.0,35.698,19.342,14.236,358.81,SSP1-2.6
2047-05-19,0.0,35.269,20.913,10.206,287.84,SSP1-2.6
2047-05-20,0.0,34.889,18.63,9.843,337.79,SSP1-2.6
2047-05-21,0.0,35.63,18.211,7.104,331.55,SSP1-2.6
2047-05-22,0.0,35.901,20.281,5.514,278.26,SSP1-2.6
2047-05-23,0.0,35.962,21.633,5.847,274.88,SSP1-2.6
2047-05-24,0.0005,36.128,21.562,6.051,342.35,SSP1-2.6
2047-05-25,0.0017,35.433,26.48,7.596,246.8,SSP1-2.6
2047-05-26,0.0,36.259,24.682,11.341,328.91,SSP1-2.6
2047-05-27,0.0,36.641,25.978,11.985,312.85,SSP1-2.6
2047-05-28,0.0479,35.942,28.127,10.488,310.57,SSP1-2.6
2047-05-29,0.171,35.924,30.53,10.356,304.11,SSP1-2.6
2047-05-30,2.0195,35.36,34.345,8.096,323.04,SSP1-2.6
2047-05-31,9.9794,32.062,61.529,7.666,253.24,SSP1-2.6
2047-06-01,0.0,32.459,47.186,10.872,301.12,SSP1-2.6
2047-06-02,0.0,33.02,37.394,8.947,298.61,SSP1-2.6
2047-06-03,0.0,34.185,28.404,14.879,336.24,SSP1-2.6
2047-06-04,0.0,34.124,29.863,16.423,318.77,SSP1-2.6
2047-06-05,0.0,33.914,29.453,14.75,313.25,SSP1-2.6
2047-06-06,0.0,34.173,27.323,12.155,335.37,SSP1-2.6
2047-06-07,0.0111,34.807,27.922,11.178,331.56,SSP1-2.6
2047-06-08,9.3717,33.895,41.472,11.23,291.79,SSP1-2.6
2047-06-09,16.9318,28.493,66.229,8.026,235.66,SSP1-2.6
2047-06-10,14.2629,26.076,81.267,13.532,207.68,SSP1-2.6
2047-06-11,0.5141,27.589,68.732,12.22,240.76,SSP1-2.6
2047-06-12,0.0,29.405,58.348,11.14,264.16,SSP1-2.6
2047-06-13,6.7428,29.968,59.634,14.071,272.78,SSP1-2.6
2047-06-14,0.0188,28.388,64.007,14.923,277.64,SSP1-2.6
2047-06-15,11.1933,28.731,64.891,15.749,266.78,SSP1-2.6
2047-06-16,20.4904,25.904,79.171,13.541,214.64,SSP1-2.6
2047-06-17,3.9202,25.648,82.069,12.605,206.77,SSP1-2.6
2047-06-18,0.0,27.016,74.303,13.868,246.24,SSP1-2.6
2047-06-19,0.0,28.763,62.949,15.724,306.42,SSP1-2.6
2047-06-20,0.3066,28.834,63.537,15.821,289.45,SSP1-2.6
2047-06-21,5.5254,28.062,75.034,14.319,269.35,SSP1-2.6
2047-06-22,2.1731,27.674,74.791,14.787,269.93,SSP1-2.6
2047-06-23,11.9756,26.643,79.727,13.121,225.14,SSP1-2.6
2047-06-24,13.0332,25.947,88.796,10.998,174.85,SSP1-2.6
2047-06-25,0.0,26.856,77.304,13.927,243.71,SSP1-2.6
2047-06-26,0.8243,27.407,77.287,10.737,247.64,SSP1-2.6
2047-06-27,18.378,26.075,90.39,7.84,179.28,SSP1-2.6
2047-06-28,2.8044,26.21,86.378,9.597,212.03,SSP1-2.6
2047-06-29,14.545,25.876,90.171,9.661,183.97,SSP1-2.6
2047-06-30,23.7852,25.555,92.706,10.129,176.82,SSP1-2.6
2047-07-01,16.0331,25.818,92.504,9.108,195.72,SSP1-2.6
2047-07-02,15.807,25.62,91.172,13.613,177.59,SSP1-2.6
2047-07-03,0.5017,26.145,84.804,14.839,220.67,SSP1-2.6
2047-07-04,3.7731,26.006,86.239,14.046,203.77,SSP1-2.6
2047-07-05,0.0,25.993,86.465,13.612,209.82,SSP1-2.6
2047-07-06,13.6834,26.038,88.148,10.795,213.82,SSP1-2.6
2047-07-07,0.1555,26.872,83.747,11.593,239.82,SSP1-2.6
2047-07-08,8.4223,26.325,87.473,10.827,214.89,SSP1-2.6
2047-07-09,0.9456,26.121,90.587,7.346,198.88,SSP1-2.6
2047-07-10,10.1017,27.662,84.968,8.207,249.94,SSP1-2.6
2047-07-11,12.3047,27.555,85.53,8.73,255.05,SSP1-2.6
2047-07-12,0.0,27.691,82.789,9.514,263.43,SSP1-2.6
2047-07-13,0.0,27.297,81.463,11.372,242.27,SSP1-2.6
2047-07-14,0.0,27.084,83.315,9.484,237.4,SSP1-2.6
2047-07-15,0.3922,27.772,82.411,10.137,256.51,SSP1-2.6
2047-07-16,0.0054,27.85,80.117,9.437,273.26,SSP1-2.6
2047-07-17,7.4908,27.698,84.182,8.635,255.63,SSP1-2.6
2047-07-18,0.0,27.642,82.187,9.838,240.99,SSP1-2.6
2047-07-19,0.0,27.143,80.87,9.931,242.59,SSP1-2.6
2047-07-20,0.0,28.097,75.676,10.148,281.24,SSP1-2.6
2047-07-21,0.585,28.515,76.285,12.571,284.11,SSP1-2.6
2047-07-22,0.3224,26.755,83.772,12.036,232.96,SSP1-2.6
2047-07-23,0.0,26.748,82.537,10.225,229.22,SSP1-2.6
2047-07-24,1.0667,26.975,84.034,8.197,239.33,SSP1-2.6
2047-07-25,12.5562,26.835,89.139,5.779,232.54,SSP1-2.6
2047-07-26,6.3131,26.682,90.015,4.271,220.28,SSP1-2.6
2047-07-27,13.7723,26.45,91.293,4.495,216.21,SSP1-2.6
2047-07-28,12.4224,27.008,90.007,3.631,226.82,SSP1-2.6
2047-07-29,6.392,27.152,88.983,3.572,230.66,SSP1-2.6
2047-07-30,19.0579,26.221,92.014,4.593,217.05,SSP1-2.6
2047-07-31,25.0,26.16,91.884,7.451,221.87,SSP1-2.6
2047-08-01,11.0642,25.986,91.88,9.436,200.41,SSP1-2.6
2047-08-02,23.1402,25.91,92.047,11.266,213.49,SSP1-2.6
2047-08-03,15.6753,25.67,92.417,11.61,191.48,SSP1-2.6
2047-08-04,0.5299,25.843,91.769,8.942,205.77,SSP1-2.6
2047-08-05,0.0,26.191,88.874,8.883,221.92,SSP1-2.6
2047-08-06,1.3186,27.128,85.942,7.594,266.94,SSP1-2.6
2047-08-07,12.195,26.487,91.417,5.509,221.48,SSP1-2.6
2047-08-08,3.1936,26.79,89.772,4.442,233.05,SSP1-2.6
2047-08-09,3.6989,26.793,89.51,6.603,226.02,SSP1-2.6
2047-08-10,0.0,27.434,84.55,6.185,268.35,SSP1-2.6
2047-08-11,0.0,27.643,82.048,6.343,266.5,SSP1-2.6
2047-08-12,0.0,27.957,79.844,8.646,276.82,SSP1-2.6
2047-08-13,0.0,28.091,76.57,10.806,288.7,SSP1-2.6
2047-08-14,0.0,28.216,78.104,10.87,295.05,SSP1-2.6
2047-08-15,0.0,28.019,78.211,9.903,289.89,SSP1-2.6
2047-08-16,0.0,28.267,76.627,10.887,280.56,SSP1-2.6
2047-08-17,0.0,27.939,77.693,12.959,259.78,SSP1-2.6
2047-08-18,3.6771,26.565,86.377,10.58,220.44,SSP1-2.6
2047-08-19,9.6461,26.188,90.289,10.067,203.1,SSP1-2.6
2047-08-20,0.5287,26.154,90.406,11.427,198.68,SSP1-2.6
2047-08-21,26.4347,25.956,91.428,14.134,186.26,SSP1-2.6
2047-08-22,2.6938,26.206,89.3,12.617,214.89,SSP1-2.6
2047-08-23,26.7159,25.556,92.26,11.63,170.4,SSP1-2.6
2047-08-24,8.6226,25.728,91.542,9.311,199.01,SSP1-2.6
2047-08-25,1.3657,25.665,92.391,11.656,199.53,SSP1-2.6
2047-08-26,33.2706,26.087,90.337,17.984,217.04,SSP1-2.6
2047-08-27,32.84,25.615,90.379,22.232,187.09,SSP1-2.6
2047-08-28,1.7692,26.406,80.491,15.591,259.65,SSP1-2.6
2047-08-29,22.5342,25.193,92.455,9.322,196.23,SSP1-2.6
2047-08-30,7.5871,25.533,93.269,6.185,185.37,SSP1-2.6
2047-08-31,18.2325,26.219,89.857,7.873,242.11,SSP1-2.6
2047-09-01,0.0,26.221,83.94,9.374,255.09,SSP1-2.6
2047-09-02,0.0,26.232,81.545,9.821,272.85,SSP1-2.6
2047-09-03,0.0,26.386,82.283,8.862,262.63,SSP1-2.6
2047-09-04,0.0,26.821,81.565,9.319,260.18,SSP1-2.6
2047-09-05,0.0,27.165,76.476,10.155,272.47,SSP1-2.6
2047-09-06,0.0,26.845,77.817,9.321,261.37,SSP1-2.6
2047-09-07,0.0,26.904,76.823,8.26,271.79,SSP1-2.6
2047-09-08,0.0,27.176,75.738,7.652,285.66,SSP1-2.6
2047-09-09,0.0,27.593,77.658,7.138,255.21,SSP1-2.6
2047-09-10,0.0,27.351,77.62,5.652,258.94,SSP1-2.6
2047-09-11,0.0,27.214,80.039,4.024,255.17,SSP1-2.6
2047-09-12,3.2667,26.501,86.477,5.229,237.87,SSP1-2.6
2047-09-13,1.9685,26.285,86.742,3.68,238.42,SSP1-2.6
2047-09-14,0.1977,26.512,84.846,5.338,241.24,SSP1-2.6
2047-09-15,0.1875,26.571,84.062,6.716,252.78,SSP1-2.6
2047-09-16,0.0,26.64,82.547,7.134,254.3,SSP1-2.6
2047-09-17,0.0068,26.335,87.278,6.631,234.05,SSP1-2.6
2047-09-18,0.6101,26.407,85.029,6.724,247.28,SSP1-2.6
2047-09-19,1.7454,26.283,86.795,6.63,233.88,SSP1-2.6
2047-09-20,27.3275,25.869,88.897,8.679,220.24,SSP1-2.6
2047-09-21,16.9781,25.641,92.026,8.696,202.47,SSP1-2.6
2047-09-22,20.9252,25.543,92.102,10.197,192.18,SSP1-2.6
2047-09-23,14.2846,25.932,88.295,8.607,226.71,SSP1-2.6
2047-09-24,0.0,26.274,82.937,7.822,237.76,SSP1-2.6
2047-09-25,0.7906,26.107,82.598,7.526,234.62,SSP1-2.6
2047-09-26,27.5651,25.249,93.553,6.598,157.44,SSP1-2.6
2047-09-27,2.3708,25.45,88.551,9.9,211.94,SSP1-2.6
2047-09-28,1.3632,25.624,87.048,9.733,205.86,SSP1-2.6
2047-09-29,16.4443,25.182,91.237,8.087,190.7,SSP1-2.6
2047-09-30,20.3864,25.341,91.918,7.386,203.22,SSP1-2.6
2047-10-01,8.9219,25.781,88.043,10.825,217.83,SSP1-2.6
2047-10-02,0.0,25.938,84.598,8.87,225.36,SSP1-2.6
2047-10-03,0.0,26.173,78.874,11.0,240.72,SSP1-2.6
2047-10-04,0.4479,26.403,74.518,10.741,244.05,SSP1-2.6
2047-10-05,0.1458,25.496,85.329,11.399,203.35,SSP1-2.6
2047-10-06,0.0,25.855,75.626,12.33,238.26,SSP1-2.6
2047-10-07,0.0179,25.305,88.185,8.723,185.09,SSP1-2.6
2047-10-08,0.0,26.085,75.57,9.381,238.73,SSP1-2.6
2047-10-09,0.0,26.74,67.916,10.753,269.82,SSP1-2.6
2047-10-10,0.0,26.67,67.605,10.036,256.2,SSP1-2.6
2047-10-11,0.0,27.163,66.27,8.377,275.67,SSP1-2.6
2047-10-12,0.0,26.579,68.776,7.898,241.13,SSP1-2.6
2047-10-13,0.0,26.546,69.893,8.329,237.79,SSP1-2.6
2047-10-14,0.0,25.874,70.046,7.277,229.02,SSP1-2.6
2047-10-15,0.0,25.953,63.328,5.19,254.9,SSP1-2.6
2047-10-16,0.0,25.906,61.987,3.776,273.02,SSP1-2.6
2047-10-17,0.0,26.078,67.146,4.257,271.32,SSP1-2.6
2047-10-18,0.0,26.369,64.981,4.302,273.72,SSP1-2.6
2047-10-19,0.0,26.118,63.658,5.765,268.83,SSP1-2.6
2047-10-20,0.0179,25.941,63.119,7.135,257.87,SSP1-2.6
2047-10-21,0.0,25.671,55.894,6.633,252.13,SSP1-2.6
2047-10-22,0.0,25.509,60.432,5.787,229.2,SSP1-2.6
2047-10-23,0.6765,24.333,75.744,5.128,186.68,SSP1-2.6
2047-10-24,0.8272,25.239,79.063,5.124,224.18,SSP1-2.6
2047-10-25,8.1098,24.83,85.449,5.201,203.62,SSP1-2.6
2047-10-26,0.001,26.414,71.499,4.928,252.86,SSP1-2.6
2047-10-27,0.0,24.813,61.708,8.688,205.02,SSP1-2.6
2047-10-28,0.0258,23.542,47.554,10.829,185.67,SSP1-2.6
2047-10-29,0.4431,23.465,61.448,10.75,186.99,SSP1-2.6
2047-10-30,0.9854,23.314,79.116,9.217,174.55,SSP1-2.6
2047-10-31,6.4322,24.377,85.513,7.923,178.3,SSP1-2.6
2047-11-01,5.5331,24.725,82.563,7.872,187.46,SSP1-2.6
2047-11-02,0.0,22.985,41.724,10.339,201.15,SSP1-2.6
2047-11-03,0.0,22.498,33.396,10.067,247.12,SSP1-2.6
2047-11-04,0.0,22.204,37.544,10.918,201.27,SSP1-2.6
2047-11-05,0.0124,21.949,49.556,12.367,263.28,SSP1-2.6
2047-11-06,7.1728,24.648,69.181,11.21,207.17,SSP1-2.6
2047-11-07,6.4179,24.544,84.045,7.463,182.16,SSP1-2.6
2047-11-08,23.4162,23.812,89.151,6.732,171.13,SSP1-2.6
2047-11-09,40.7141,23.133,91.808,9.991,154.8,SSP1-2.6
2047-11-10,10.1014,23.659,88.299,10.789,170.73,SSP1-2.6
2047-11-11,0.571,24.895,82.683,7.849,203.78,SSP1-2.6
2047-11-12,0.0099,26.15,78.141,6.685,229.56,SSP1-2.6
2047-11-13,0.0846,26.188,77.533,5.644,222.74,SSP1-2.6
2047-11-14,0.0,25.844,62.634,6.512,240.58,SSP1-2.6
2047-11-15,0.0,24.432,53.851,6.427,245.07,SSP1-2.6
2047-11-16,0.0,23.771,48.9,4.141,253.73,SSP1-2.6
2047-11-17,0.0,23.485,57.303,4.291,251.99,SSP1-2.6
2047-11-18,0.0,23.93,56.606,5.411,249.86,SSP1-2.6
2047-11-19,0.0,23.82,55.748,5.398,247.06,SSP1-2.6
2047-11-20,0.0,23.263,49.277,7.605,251.83,SSP1-2.6
2047-11-21,0.0,22.541,38.473,9.224,256.36,SSP1-2.6
2047-11-22,0.0,22.266,39.949,7.26,247.15,SSP1-2.6
2047-11-23,0.0,22.628,46.503,6.851,203.69,SSP1-2.6
2047-11-24,0.0,22.343,33.623,9.983,255.81,SSP1-2.6
2047-11-25,0.0,21.267,28.967,9.591,240.22,SSP1-2.6
2047-11-26,0.0,20.103,27.554,7.354,255.07,SSP1-2.6
2047-11-27,0.0,19.265,29.196,7.645,259.46,SSP1-2.6
2047-11-28,0.0,19.793,31.448,7.941,258.5,SSP1-2.6
2047-11-29,0.0,20.363,31.124,8.879,258.55,SSP1-2.6
2047-11-30,0.0,19.438,30.065,7.943,259.0,SSP1-2.6
2047-12-01,0.0,21.123,32.321,9.004,249.57,SSP1-2.6
2047-12-02,0.0,21.884,37.795,9.209,245.48,SSP1-2.6
2047-12-03,0.0,22.773,48.124,8.535,238.65,SSP1-2.6
2047-12-04,0.0,23.688,52.531,7.678,234.1,SSP1-2.6
2047-12-05,0.0,23.585,51.315,8.081,230.25,SSP1-2.6
2047-12-06,0.0,22.195,41.383,9.045,244.53,SSP1-2.6
2047-12-07,0.0,21.779,38.466,8.367,249.35,SSP1-2.6
2047-12-08,0.0,22.071,43.322,8.195,245.14,SSP1-2.6
2047-12-09,0.0,23.564,51.77,7.241,233.7,SSP1-2.6
2047-12-10,0.0,24.157,55.565,7.565,223.85,SSP1-2.6
2047-12-11,0.0,23.905,54.05,5.641,236.52,SSP1-2.6
2047-12-12,0.0,23.746,49.097,6.25,237.63,SSP1-2.6
2047-12-13,0.0,23.62,53.426,6.788,230.08,SSP1-2.6
2047-12-14,0.0,23.598,52.132,7.543,230.63,SSP1-2.6
2047-12-15,0.0,23.126,55.277,9.255,228.35,SSP1-2.6
2047-12-16,0.0,22.136,53.411,10.933,192.18,SSP1-2.6
2047-12-17,0.0,21.723,44.425,8.813,226.98,SSP1-2.6
2047-12-18,0.0,21.734,44.371,5.65,246.08,SSP1-2.6
2047-12-19,0.0,21.692,44.145,5.412,247.07,SSP1-2.6
2047-12-20,0.0,21.929,44.437,5.022,243.13,SSP1-2.6
2047-12-21,0.0,22.148,46.071,6.822,240.49,SSP1-2.6
2047-12-22,0.0,22.897,44.568,9.271,238.77,SSP1-2.6
2047-12-23,0.0,23.237,44.752,9.775,237.55,SSP1-2.6
2047-12-24,0.0,23.515,46.731,9.99,233.38,SSP1-2.6
2047-12-25,0.0,21.923,62.013,8.886,177.75,SSP1-2.6
2047-12-26,0.0,21.73,52.903,9.147,199.0,SSP1-2.6
2047-12-27,0.0,21.865,43.962,10.717,245.91,SSP1-2.6
2047-12-28,0.0,21.684,38.444,9.989,234.66,SSP1-2.6
2047-12-29,0.0,20.923,34.636,11.035,244.88,SSP1-2.6
2047-12-30,0.0,20.608,32.874,10.821,252.32,SSP1-2.6
2047-12-31,0.0,19.948,34.024,10.423,253.72,SSP1-2.6
2048-01-01,0.0,18.838,30.336,10.061,256.02,SSP1-2.6
2048-01-02,0.0,18.667,29.471,9.325,263.73,SSP1-2.6
2048-01-03,0.0,19.203,31.511,8.358,260.76,SSP1-2.6
2048-01-04,0.0,19.976,32.49,9.739,260.01,SSP1-2.6
2048-01-05,0.0,20.422,35.47,7.514,243.98,SSP1-2.6
2048-01-06,0.0,20.862,37.026,6.183,256.11,SSP1-2.6
2048-01-07,0.0,21.473,45.564,5.99,240.48,SSP1-2.6
2048-01-08,0.0,22.477,48.542,7.264,236.47,SSP1-2.6
2048-01-09,0.0,22.695,48.887,6.558,237.19,SSP1-2.6
2048-01-10,0.0,22.396,41.951,7.655,248.75,SSP1-2.6
2048-01-11,0.0,22.008,41.337,8.533,252.32,SSP1-2.6
2048-01-12,0.0,21.927,46.191,10.867,193.01,SSP1-2.6
2048-01-13,0.0,23.21,49.978,10.642,211.68,SSP1-2.6
2048-01-14,0.0,22.047,55.954,10.396,204.1,SSP1-2.6
2048-01-15,0.0,23.082,43.117,10.593,234.75,SSP1-2.6
2048-01-16,0.0,22.714,45.017,9.059,236.92,SSP1-2.6
2048-01-17,0.0,22.769,45.833,7.992,242.07,SSP1-2.6
2048-01-18,0.0,22.735,45.054,7.087,252.5,SSP1-2.6
2048-01-19,0.0,23.099,44.154,8.288,252.63,SSP1-2.6
2048-01-20,0.0,23.713,44.769,8.507,241.23,SSP1-2.6
2048-01-21,0.0,24.115,43.903,9.862,244.41,SSP1-2.6
2048-01-22,0.0,23.266,44.259,9.803,231.79,SSP1-2.6
2048-01-23,0.0,23.427,42.538,8.978,253.22,SSP1-2.6
2048-01-24,0.0,23.429,41.882,8.955,250.43,SSP1-2.6
2048-01-25,0.0,23.322,41.591,8.715,257.03,SSP1-2.6
2048-01-26,0.0,23.077,43.492,10.022,255.51,SSP1-2.6
2048-01-27,0.0,23.396,42.856,7.481,254.1,SSP1-2.6
2048-01-28,0.0,23.485,45.242,8.453,229.78,SSP1-2.6
2048-01-29,0.0,23.176,46.186,9.938,211.18,SSP1-2.6
2048-01-30,0.0,23.837,42.963,10.823,256.42,SSP1-2.6
2048-01-31,0.0,24.254,42.176,10.443,251.67,SSP1-2.6
2048-02-01,0.0,24.268,40.918,9.319,247.02,SSP1-2.6
2048-02-02,0.0,23.919,38.378,8.435,267.77,SSP1-2.6
2048-02-03,0.0,23.69,38.55,8.163,272.7,SSP1-2.6
2048-02-04,0.0,23.718,40.321,8.758,269.5,SSP1-2.6
2048-02-05,0.0,24.226,39.426,8.515,276.02,SSP1-2.6
2048-02-06,0.0,24.552,39.589,9.413,272.54,SSP1-2.6
2048-02-07,0.0,24.815,41.694,8.308,252.17,SSP1-2.6
2048-02-08,0.0,24.653,38.107,6.59,272.87,SSP1-2.6
2048-02-09,0.0,24.718,36.186,6.409,275.58,SSP1-2.6
2048-02-10,0.0,25.07,36.95,5.405,276.13,SSP1-2.6
2048-02-11,0.0,25.833,38.124,9.741,273.91,SSP1-2.6
2048-02-12,0.0,26.433,36.734,11.202,263.07,SSP1-2.6
2048-02-13,0.0,26.564,38.598,13.355,232.56,SSP1-2.6
2048-02-14,0.0,26.019,37.956,10.246,275.76,SSP1-2.6
2048-02-15,0.0,25.763,36.004,7.906,257.64,SSP1-2.6
2048-02-16,0.0,26.38,35.895,8.061,262.24,SSP1-2.6
2048-02-17,0.0,26.45,37.205,7.478,257.02,SSP1-2.6
2048-02-18,0.0,26.71,35.267,8.169,260.07,SSP1-2.6
2048-02-19,0.0,26.705,34.481,7.252,245.89,SSP1-2.6
2048-02-20,0.0,26.47,33.438,7.452,286.21,SSP1-2.6
2048-02-21,0.0,26.344,32.561,8.056,287.89,SSP1-2.6
2048-02-22,0.0,26.177,29.723,9.064,294.56,SSP1-2.6
2048-02-23,0.0,26.086,27.748,7.515,299.75,SSP1-2.6
2048-02-24,0.0,26.116,27.872,7.089,302.55,SSP1-2.6
2048-02-25,0.0,26.513,27.681,7.464,300.19,SSP1-2.6
2048-02-26,0.0,27.073,28.395,8.243,300.03,SSP1-2.6
2048-02-27,0.0,27.106,29.418,9.44,301.53,SSP1-2.6
2048-02-28,0.0,27.534,28.495,9.671,300.29,SSP1-2.6
2048-02-29,0.0,27.665,26.486,10.863,281.96,SSP1-2.6
2048-03-01,0.0,27.036,24.456,11.437,313.59,SSP1-2.6
2048-03-02,0.0,26.666,19.774,10.372,319.2,SSP1-2.6
2048-03-03,0.0,26.261,20.833,8.453,320.62,SSP1-2.6
2048-03-04,0.0,26.469,22.989,6.233,316.98,SSP1-2.6
2048-03-05,0.0,27.019,23.84,5.402,318.78,SSP1-2.6
2048-03-06,0.0,27.513,23.962,5.126,319.35,SSP1-2.6
2048-03-07,0.0,28.101,23.538,5.709,314.57,SSP1-2.6
2048-03-08,0.0,28.044,23.566,7.775,324.08,SSP1-2.6
2048-03-09,0.0,28.151,24.291,4.792,317.28,SSP1-2.6
2048-03-10,0.0,29.049,25.772,5.45,313.72,SSP1-2.6
2048-03-11,0.0,28.784,23.116,6.97,318.88,SSP1-2.6
2048-03-12,0.0,28.426,22.51,6.038,326.86,SSP1-2.6
2048-03-13,0.0,29.469,27.985,8.645,313.67,SSP1-2.6
2048-03-14,0.0,29.76,33.863,8.866,271.87,SSP1-2.6
2048-03-15,0.0,29.964,31.438,5.745,295.46,SSP1-2.6
2048-03-16,0.0,29.555,24.95,6.195,316.62,SSP1-2.6
2048-03-17,0.0,28.515,19.209,9.527,334.26,SSP1-2.6
2048-03-18,0.0,28.555,19.16,6.919,320.69,SSP1-2.6
2048-03-19,0.0,28.242,19.953,4.304,332.18,SSP1-2.6
2048-03-20,0.0,28.199,21.558,6.933,338.9,SSP1-2.6
2048-03-21,0.0,28.887,22.986,8.142,334.72,SSP1-2.6
2048-03-22,0.0,29.58,23.427,7.418,332.2,SSP1-2.6
2048-03-23,0.0,29.623,22.897,6.128,329.18,SSP1-2.6
2048-03-24,0.0,29.736,21.864,7.8,330.86,SSP1-2.6
2048-03-25,0.0,29.963,23.128,9.323,332.99,SSP1-2.6
2048-03-26,0.0,29.939,21.734,8.177,337.82,SSP1-2.6
2048-03-27,0.0,29.761,21.139,8.486,342.11,SSP1-2.6
2048-03-28,0.0,30.214,22.645,9.499,339.13,SSP1-2.6
2048-03-29,0.0,30.917,23.057,10.602,329.77,SSP1-2.6
2048-03-30,0.0,31.323,21.444,8.485,306.65,SSP1-2.6
2048-03-31,0.0,30.55,21.414,6.073,326.55,SSP1-2.6
2048-04-01,0.0,30.617,20.942,4.968,332.71,SSP1-2.6
2048-04-02,0.0,30.761,21.138,6.286,319.39,SSP1-2.6
2048-04-03,0.0,31.713,23.869,9.571,321.37,SSP1-2.6
2048-04-04,0.0003,32.006,24.829,12.186,309.19,SSP1-2.6
2048-04-05,0.0,31.932,23.516,9.007,302.57,SSP1-2.6
2048-04-06,0.0,31.286,22.36,6.335,332.68,SSP1-2.6
2048-04-07,0.0,31.444,21.537,5.947,330.63,SSP1-2.6
2048-04-08,0.0,32.377,22.026,7.643,300.73,SSP1-2.6
2048-04-09,0.0,33.091,23.369,6.598,262.0,SSP1-2.6
2048-04-10,0.0,32.954,21.819,6.617,274.4,SSP1-2.6
2048-04-11,0.432,33.833,23.763,6.769,259.42,SSP1-2.6
2048-04-12,3.9556,32.753,29.831,5.296,244.03,SSP1-2.6
2048-04-13,0.3642,32.908,30.167,5.053,260.66,SSP1-2.6
2048-04-14,0.1386,29.996,31.277,5.765,233.54,SSP1-2.6
2048-04-15,0.0,31.909,23.55,5.204,347.98,SSP1-2.6
2048-04-16,0.0,31.39,21.067,4.461,354.24,SSP1-2.6
2048-04-17,0.0,31.713,21.758,6.138,343.5,SSP1-2.6
2048-04-18,0.0,32.439,23.051,8.946,331.34,SSP1-2.6
2048-04-19,0.0,33.407,22.354,9.908,309.44,SSP1-2.6
2048-04-20,0.0,33.339,24.521,11.89,276.93,SSP1-2.6
2048-04-21,0.5384,30.387,38.051,12.179,249.48,SSP1-2.6
2048-04-22,0.2051,26.412,60.405,10.019,208.97,SSP1-2.6
2048-04-23,0.0,30.481,42.776,10.179,280.96,SSP1-2.6
2048-04-24,0.0021,31.851,28.342,6.572,329.94,SSP1-2.6
2048-04-25,0.4731,33.077,26.716,6.199,330.07,SSP1-2.6
2048-04-26,0.0,33.541,28.23,8.27,314.3,SSP1-2.6
2048-04-27,1.3318,33.756,27.922,7.166,313.48,SSP1-2.6
2048-04-28,0.7551,33.544,29.843,7.519,307.48,SSP1-2.6
2048-04-29,0.0,33.579,26.869,8.772,286.18,SSP1-2.6
2048-04-30,0.0,33.68,22.68,9.658,343.3,SSP1-2.6
2048-05-01,0.0,34.381,21.216,9.794,328.35,SSP1-2.6
2048-05-02,0.0,34.945,21.027,11.112,295.5,SSP1-2.6
2048-05-03,0.0,35.613,20.832,8.668,279.8,SSP1-2.6
2048-05-04,0.0,35.264,19.957,9.567,287.07,SSP1-2.6
2048-05-05,0.0,34.955,19.72,10.531,341.87,SSP1-2.6
2048-05-06,0.0,35.554,18.994,10.247,319.58,SSP1-2.6
2048-05-07,0.0,35.516,18.113,10.985,345.99,SSP1-2.6
2048-05-08,0.0,35.754,19.728,11.674,253.98,SSP1-2.6
2048-05-09,0.0,35.498,19.149,11.194,347.58,SSP1-2.6
2048-05-10,0.0,34.447,21.113,8.25,235.71,SSP1-2.6
2048-05-11,0.0,32.819,17.921,10.199,352.01,SSP1-2.6
2048-05-12,0.0,35.86,17.744,11.255,334.83,SSP1-2.6
2048-05-13,0.0,36.222,17.84,13.496,305.78,SSP1-2.6
2048-05-14,0.0,36.487,18.321,14.716,356.06,SSP1-2.6
2048-05-15,0.0,36.386,18.383,13.964,330.9,SSP1-2.6
2048-05-16,0.0,36.197,17.356,9.836,342.67,SSP1-2.6
2048-05-17,0.0,35.517,15.528,7.506,362.2,SSP1-2.6
2048-05-18,0.0,35.304,16.044,7.895,350.85,SSP1-2.6
2048-05-19,0.0,36.297,17.537,7.479,331.76,SSP1-2.6
2048-05-20,0.0,36.135,17.216,10.197,354.24,SSP1-2.6
2048-05-21,0.0,37.1,18.215,14.909,326.76,SSP1-2.6
2048-05-22,0.0,35.48,21.198,11.841,243.59,SSP1-2.6
2048-05-23,0.0,36.199,19.653,15.129,335.68,SSP1-2.6
2048-05-24,0.0,36.649,20.708,16.432,323.71,SSP1-2.6
2048-05-25,0.0,36.83,21.449,17.359,294.43,SSP1-2.6
2048-05-26,0.0,36.663,22.469,16.219,308.18,SSP1-2.6
2048-05-27,0.0,36.362,20.442,10.094,350.13,SSP1-2.6
2048-05-28,0.6371,36.589,22.557,10.401,325.69,SSP1-2.6
2048-05-29,0.4761,36.077,27.326,14.79,304.9,SSP1-2.6
2048-05-30,0.0,36.222,24.554,12.719,326.31,SSP1-2.6
2048-05-31,0.6477,36.317,26.594,14.452,295.39,SSP1-2.6
2048-06-01,0.0003,34.324,29.82,9.889,309.61,SSP1-2.6
2048-06-02,0.081,34.066,31.7,7.497,293.65,SSP1-2.6
2048-06-03,0.0238,33.469,37.408,7.198,283.01,SSP1-2.6
2048-06-04,3.1594,33.666,39.588,7.097,291.76,SSP1-2.6
2048-06-05,0.258,33.384,36.267,9.817,306.42,SSP1-2.6
2048-06-06,0.0,33.752,30.453,12.57,327.36,SSP1-2.6
2048-06-07,0.0,33.263,31.692,15.047,282.38,SSP1-2.6
2048-06-08,0.0,33.262,28.721,15.6,318.32,SSP1-2.6
2048-06-09,0.0,32.059,37.721,18.099,282.04,SSP1-2.6
2048-06-10,0.0,31.716,40.87,16.717,262.22,SSP1-2.6
2048-06-11,0.1527,32.628,37.661,14.657,290.46,SSP1-2.6
2048-06-12,0.0,30.536,42.567,13.415,252.11,SSP1-2.6
2048-06-13,0.1159,31.386,45.719,14.906,262.61,SSP1-2.6
2048-06-14,0.0,28.865,50.099,14.592,245.1,SSP1-2.6
2048-06-15,0.1097,31.317,49.86,14.102,247.48,SSP1-2.6
2048-06-16,0.0,31.02,48.513,15.267,283.55,SSP1-2.6
2048-06-17,0.0,32.206,47.196,16.888,301.83,SSP1-2.6
2048-06-18,0.0,31.402,51.172,17.158,290.95,SSP1-2.6
2048-06-19,0.0,30.666,53.109,17.463,293.52,SSP1-2.6
2048-06-20,0.0139,29.796,55.137,15.847,283.39,SSP1-2.6
2048-06-21,0.0521,29.004,59.182,13.897,239.35,SSP1-2.6
2048-06-22,0.0506,27.707,65.13,13.436,224.4,SSP1-2.6
2048-06-23,4.5914,29.001,63.62,12.381,236.24,SSP1-2.6
2048-06-24,4.9322,27.047,75.186,11.813,227.7,SSP1-2.6
2048-06-25,3.1581,26.659,78.141,10.248,226.26,SSP1-2.6
2048-06-26,0.3273,26.939,74.5,13.182,227.03,SSP1-2.6
2048-06-27,0.0,27.603,68.659,13.651,241.45,SSP1-2.6
2048-06-28,1.0477,27.159,71.375,13.641,232.82,SSP1-2.6
2048-06-29,1.1999,27.971,69.647,14.487,251.82,SSP1-2.6
2048-06-30,0.0,27.745,67.056,15.123,256.36,SSP1-2.6
2048-07-01,16.2537,27.571,78.175,13.577,227.8,SSP1-2.6
2048-07-02,0.879,27.536,77.565,10.135,238.48,SSP1-2.6
2048-07-03,1.2868,28.478,71.91,11.519,257.24,SSP1-2.6
2048-07-04,0.0,28.481,66.384,11.126,290.4,SSP1-2.6
2048-07-05,0.0,29.155,63.134,12.21,300.55,SSP1-2.6
2048-07-06,0.0,28.369,69.529,10.443,234.39,SSP1-2.6
2048-07-07,0.1279,28.412,70.421,12.587,242.83,SSP1-2.6
2048-07-08,1.1989,28.172,74.297,13.182,237.92,SSP1-2.6
2048-07-09,0.8076,28.074,76.269,13.686,252.31,SSP1-2.6
2048-07-10,18.2168,26.297,88.358,11.941,199.22,SSP1-2.6
2048-07-11,23.9114,25.621,91.132,14.408,173.92,SSP1-2.6
2048-07-12,29.3172,25.068,93.251,13.75,142.18,SSP1-2.6
2048-07-13,8.3823,25.819,90.596,15.276,197.04,SSP1-2.6
2048-07-14,22.0993,26.266,88.88,15.766,195.71,SSP1-2.6
2048-07-15,0.3558,26.213,89.32,12.179,200.61,SSP1-2.6
2048-07-16,4.4352,27.35,82.386,10.712,286.33,SSP1-2.6
2048-07-17,0.0,26.951,86.422,9.44,231.01,SSP1-2.6
2048-07-18,7.575,27.275,85.103,11.347,246.75,SSP1-2.6
2048-07-19,7.5343,26.355,87.904,10.966,219.93,SSP1-2.6
2048-07-20,3.3817,25.903,90.227,10.171,214.56,SSP1-2.6
2048-07-21,0.0,26.595,82.804,10.227,248.78,SSP1-2.6
2048-07-22,0.0,26.841,80.741,9.868,253.74,SSP1-2.6
2048-07-23,0.0158,28.045,76.42,10.121,300.76,SSP1-2.6
2048-07-24,0.0,28.248,74.171,10.619,301.11,SSP1-2.6
2048-07-25,0.0,28.253,76.755,9.233,282.05,SSP1-2.6
2048-07-26,0.3123,27.567,82.801,7.098,247.64,SSP1-2.6
2048-07-27,19.3925,26.33,90.652,6.978,214.74,SSP1-2.6
2048-07-28,10.1069,26.74,88.017,5.729,243.71,SSP1-2.6
2048-07-29,22.16,26.247,92.046,4.237,215.47,SSP1-2.6
2048-07-30,10.296,26.838,89.463,5.869,227.78,SSP1-2.6
2048-07-31,3.3691,27.051,88.413,6.928,243.97,SSP1-2.6
2048-08-01,5.7482,27.628,86.683,6.275,243.13,SSP1-2.6
2048-08-02,14.0747,27.014,89.953,4.88,226.07,SSP1-2.6
2048-08-03,11.9118,27.017,89.733,5.883,222.54,SSP1-2.6
2048-08-04,5.6801,27.095,89.072,6.175,225.82,SSP1-2.6
2048-08-05,12.5408,27.612,87.39,4.123,247.06,SSP1-2.6
2048-08-06,0.6461,27.376,88.172,4.231,235.39,SSP1-2.6
2048-08-07,0.2319,27.478,87.653,5.165,229.75,SSP1-2.6
2048-08-08,0.3993,27.73,82.362,8.509,246.07,SSP1-2.6
2048-08-09,0.0848,28.032,80.391,8.134,265.45,SSP1-2.6
2048-08-10,0.0,27.827,82.019,7.628,244.15,SSP1-2.6
2048-08-11,0.0155,27.789,81.704,8.83,247.01,SSP1-2.6
2048-08-12,0.0,28.133,80.326,7.539,255.22,SSP1-2.6
2048-08-13,0.0359,28.661,80.901,5.324,267.88,SSP1-2.6
2048-08-14,0.0,28.933,80.903,4.096,259.08,SSP1-2.6
2048-08-15,0.0,28.892,81.333,5.034,271.3,SSP1-2.6
2048-08-16,0.0,28.271,82.415,5.947,248.39,SSP1-2.6
2048-08-17,0.0,28.206,82.867,4.696,251.82,SSP1-2.6
2048-08-18,0.4371,28.211,77.822,9.243,249.95,SSP1-2.6
2048-08-19,1.7964,27.006,88.454,9.023,192.53,SSP1-2.6
2048-08-20,7.1721,27.635,84.171,9.528,247.15,SSP1-2.6
2048-08-21,26.4531,26.704,93.456,5.83,182.18,SSP1-2.6
2048-08-22,4.1749,26.846,90.929,8.415,212.61,SSP1-2.6
2048-08-23,3.346,27.228,87.504,10.388,246.87,SSP1-2.6
2048-08-24,0.6354,27.37,85.654,12.719,236.09,SSP1-2.6
2048-08-25,28.7359,26.942,86.425,14.547,223.46,SSP1-2.6
2048-08-26,37.4029,25.885,91.939,15.188,194.56,SSP1-2.6
2048-08-27,0.0,26.183,89.558,11.909,194.67,SSP1-2.6
2048-08-28,22.2029,26.644,87.891,13.415,221.11,SSP1-2.6
2048-08-29,18.2489,24.874,93.293,11.721,161.62,SSP1-2.6
2048-08-30,0.5804,26.264,92.259,11.546,204.45,SSP1-2.6
2048-08-31,0.1386,27.124,83.77,13.506,239.22,SSP1-2.6
2048-09-01,0.3722,26.708,78.619,14.155,255.69,SSP1-2.6
2048-09-02,0.1504,26.071,84.348,13.162,221.15,SSP1-2.6
2048-09-03,0.0,26.461,81.959,9.543,249.64,SSP1-2.6
2048-09-04,0.0392,26.916,79.834,9.021,265.18,SSP1-2.6
2048-09-05,0.0,26.643,82.948,8.0,233.29,SSP1-2.6
2048-09-06,3.7508,26.606,86.75,7.847,235.02,SSP1-2.6
2048-09-07,19.1756,26.076,90.842,4.548,229.2,SSP1-2.6
2048-09-08,6.0206,26.281,89.093,6.358,234.74,SSP1-2.6
2048-09-09,7.0067,25.954,90.662,11.435,212.6,SSP1-2.6
2048-09-10,0.4945,26.133,89.885,7.611,229.02,SSP1-2.6
2048-09-11,0.0,26.812,83.457,3.791,261.02,SSP1-2.6
2048-09-12,0.0,27.39,79.039,3.412,264.34,SSP1-2.6
2048-09-13,7.0273,27.446,84.983,3.558,259.02,SSP1-2.6
2048-09-14,13.783,26.549,91.199,3.328,222.23,SSP1-2.6
2048-09-15,3.9431,26.774,88.061,3.191,241.38,SSP1-2.6
2048-09-16,2.7917,26.807,86.202,4.167,242.69,SSP1-2.6
2048-09-17,2.1187,27.023,82.125,7.126,238.58,SSP1-2.6
2048-09-18,0.0,27.018,81.131,6.213,259.98,SSP1-2.6
2048-09-19,0.0194,26.486,86.844,5.084,236.77,SSP1-2.6
2048-09-20,5.148,26.179,90.206,4.312,217.64,SSP1-2.6
2048-09-21,20.5291,25.8,91.971,3.516,216.45,SSP1-2.6
2048-09-22,17.3547,25.834,91.558,1.894,218.34,SSP1-2.6
2048-09-23,30.9068,25.864,92.258,2.837,209.47,SSP1-2.6
2048-09-24,21.8058,25.85,91.155,5.879,215.19,SSP1-2.6
2048-09-25,4.0225,25.84,91.757,10.677,185.23,SSP1-2.6
2048-09-26,11.6027,25.754,87.641,14.436,209.94,SSP1-2.6
2048-09-27,8.6317,25.326,89.76,14.781,193.25,SSP1-2.6
2048-09-28,31.5917,24.814,91.136,13.147,178.49,SSP1-2.6
2048-09-29,17.1716,24.801,92.694,6.647,152.86,SSP1-2.6
2048-09-30,0.0,25.831,83.43,7.072,246.67,SSP1-2.6
2048-10-01,0.0,25.207,85.064,8.569,223.39,SSP1-2.6
2048-10-02,14.9465,25.06,89.455,9.034,195.59,SSP1-2.6
2048-10-03,0.0109,25.385,83.858,11.214,244.37,SSP1-2.6
2048-10-04,0.0,25.682,79.935,9.919,226.16,SSP1-2.6
2048-10-05,0.0,25.186,81.412,8.596,221.07,SSP1-2.6
2048-10-06,0.0,25.2,78.019,8.636,222.11,SSP1-2.6
2048-10-07,0.0,26.426,69.973,8.916,271.22,SSP1-2.6
2048-10-08,0.0115,25.733,74.034,8.171,270.33,SSP1-2.6
2048-10-09,0.0,26.524,71.902,8.481,254.02,SSP1-2.6
2048-10-10,0.0,27.124,67.904,8.022,282.87,SSP1-2.6
2048-10-11,0.0,27.098,67.818,8.182,270.79,SSP1-2.6
2048-10-12,0.0,26.995,68.681,7.841,271.88,SSP1-2.6
2048-10-13,0.0,26.538,61.77,6.477,281.71,SSP1-2.6
2048-10-14,0.0,25.535,63.957,6.317,212.39,SSP1-2.6
2048-10-15,0.0,25.661,59.499,3.963,262.77,SSP1-2.6
2048-10-16,0.0,25.358,71.009,2.754,215.84,SSP1-2.6
2048-10-17,0.0,25.677,67.455,3.698,230.76,SSP1-2.6
2048-10-18,0.0,25.747,59.298,4.787,259.18,SSP1-2.6
2048-10-19,0.0,26.058,53.554,5.209,277.98,SSP1-2.6
2048-10-20,0.0,25.872,58.061,4.259,272.71,SSP1-2.6
2048-10-21,0.0,25.875,58.595,4.562,246.01,SSP1-2.6
2048-10-22,0.0272,25.87,70.622,6.578,246.78,SSP1-2.6
2048-10-23,0.4242,26.22,70.305,8.997,218.29,SSP1-2.6
2048-10-24,24.5657,23.674,84.394,12.868,177.48,SSP1-2.6
2048-10-25,55.7195,22.34,92.729,12.132,160.24,SSP1-2.6
2048-10-26,40.5678,22.427,93.061,11.718,152.71,SSP1-2.6
2048-10-27,23.915,23.131,91.352,10.928,166.64,SSP1-2.6
2048-10-28,21.2929,23.347,90.639,8.091,172.72,SSP1-2.6
2048-10-29,18.0381,24.18,89.797,4.412,184.36,SSP1-2.6
2048-10-30,10.0392,23.63,88.781,5.888,183.75,SSP1-2.6
2048-10-31,0.0,24.062,65.491,6.762,256.91,SSP1-2.6
2048-11-01,0.022,23.997,76.447,5.651,255.37,SSP1-2.6
2048-11-02,0.0,23.832,61.233,6.398,257.0,SSP1-2.6
2048-11-03,0.0,23.615,55.748,7.696,250.88,SSP1-2.6
2048-11-04,0.0,23.629,55.152,10.229,220.97,SSP1-2.6
2048-11-05,0.0,22.858,66.209,9.733,191.88,SSP1-2.6
2048-11-06,0.0,22.935,61.788,5.761,223.91,SSP1-2.6
2048-11-07,0.0,23.977,59.599,4.673,202.02,SSP1-2.6
2048-11-08,0.1713,24.277,62.58,4.557,195.35,SSP1-2.6
2048-11-09,0.1988,24.57,62.888,5.507,214.3,SSP1-2.6
2048-11-10,0.0,24.33,60.959,6.763,220.43,SSP1-2.6
2048-11-11,0.0,24.377,62.315,6.003,224.79,SSP1-2.6
2048-11-12,0.0636,24.62,69.543,8.129,205.22,SSP1-2.6
2048-11-13,11.4297,22.836,86.521,6.941,166.76,SSP1-2.6
2048-11-14,0.2231,23.971,80.711,7.03,201.51,SSP1-2.6
2048-11-15,0.0,24.887,76.549,8.128,190.56,SSP1-2.6
2048-11-16,0.4548,24.468,77.99,8.495,182.25,SSP1-2.6
2048-11-17,0.1007,24.416,75.818,8.205,176.67,SSP1-2.6
2048-11-18,0.0,24.999,66.734,7.166,194.26,SSP1-2.6
2048-11-19,0.0,24.947,61.439,4.744,197.61,SSP1-2.6
2048-11-20,0.0,24.501,59.092,5.912,200.81,SSP1-2.6
2048-11-21,0.0,23.762,54.95,8.335,206.65,SSP1-2.6
2048-11-22,0.0,22.835,40.698,9.617,249.91,SSP1-2.6
2048-11-23,0.0,22.118,32.437,8.135,258.06,SSP1-2.6
2048-11-24,0.0,21.674,38.249,7.947,256.81,SSP1-2.6
2048-11-25,0.0,21.935,44.487,8.768,253.19,SSP1-2.6
2048-11-26,0.0,21.977,40.841,8.349,255.15,SSP1-2.6
2048-11-27,0.0,21.824,44.862,6.607,253.71,SSP1-2.6
2048-11-28,0.0,23.176,44.834,7.639,246.07,SSP1-2.6
2048-11-29,0.0,23.091,40.395,8.981,249.76,SSP1-2.6
2048-11-30,0.0,22.625,35.8,9.457,252.5,SSP1-2.6
2048-12-01,0.0,22.34,30.609,9.392,255.91,SSP1-2.6
2048-12-02,0.0,21.997,34.778,6.988,233.55,SSP1-2.6
2048-12-03,0.0,22.583,35.236,8.079,245.82,SSP1-2.6
2048-12-04,0.0,22.255,34.829,7.452,248.07,SSP1-2.6
2048-12-05,0.0,21.843,34.626,7.327,248.83,SSP1-2.6
2048-12-06,0.0,21.736,32.91,9.382,250.8,SSP1-2.6
2048-12-07,0.0,21.784,33.783,7.937,250.43,SSP1-2.6
2048-12-08,0.0,21.623,35.005,6.274,236.0,SSP1-2.6
2048-12-09,0.0,21.767,39.037,6.892,232.22,SSP1-2.6
2048-12-10,0.0,21.21,51.563,7.498,198.04,SSP1-2.6
2048-12-11,0.0,22.842,48.106,6.576,210.89,SSP1-2.6
2048-12-12,0.0,22.696,45.429,8.383,216.28,SSP1-2.6
2048-12-13,0.0,22.322,55.674,9.995,228.17,SSP1-2.6
2048-12-14,0.0,21.55,88.13,11.108,109.16,SSP1-2.6
2048-12-15,0.0,21.332,78.598,12.266,151.14,SSP1-2.6
2048-12-16,0.0,21.549,71.754,8.941,183.11,SSP1-2.6
2048-12-17,0.0,21.763,62.73,6.993,198.61,SSP1-2.6
2048-12-18,0.0,22.603,59.431,10.385,184.69,SSP1-2.6
2048-12-19,0.0,22.173,65.902,8.298,183.8,SSP1-2.6
2048-12-20,0.0,22.339,69.561,9.762,178.28,SSP1-2.6
2048-12-21,0.0,22.131,68.556,8.483,181.11,SSP1-2.6
2048-12-22,0.0,22.999,65.968,8.817,204.5,SSP1-2.6
2048-12-23,0.0,21.159,82.562,10.269,130.51,SSP1-2.6
2048-12-24,0.0,9.437,76.208,14.147,132.5,SSP1-2.6
2048-12-25,0.0,20.764,63.929,9.803,199.28,SSP1-2.6
2048-12-26,0.0,20.736,50.37,9.913,211.86,SSP1-2.6
2048-12-27,0.0,20.573,52.325,9.8,199.69,SSP1-2.6
2048-12-28,0.0,20.374,49.244,10.779,184.51,SSP1-2.6
2048-12-29,0.0,19.901,67.07,7.121,169.23,SSP1-2.6
2048-12-30,0.0,21.085,68.889,8.638,173.36,SSP1-2.6
2048-12-31,0.0,22.712,54.093,9.499,224.9,SSP1-2.6
2049-01-01,0.0,22.554,53.138,8.628,232.45,SSP1-2.6
2049-01-02,0.0,22.258,56.448,10.396,221.27,SSP1-2.6
2049-01-03,0.0,20.47,60.591,9.288,155.89,SSP1-2.6
2049-01-04,0.0,20.071,53.026,8.843,148.71,SSP1-2.6
2049-01-05,0.0,20.621,48.429,7.902,191.34,SSP1-2.6
2049-01-06,0.0,21.757,44.712,8.597,232.64,SSP1-2.6
2049-01-07,0.0,21.925,45.973,7.483,231.66,SSP1-2.6
2049-01-08,0.0,22.153,47.83,7.846,209.69,SSP1-2.6
2049-01-09,0.0,22.099,49.863,7.325,234.68,SSP1-2.6
2049-01-10,0.0,22.757,51.9,7.807,235.57,SSP1-2.6
2049-01-11,0.0,23.054,50.613,7.782,233.26,SSP1-2.6
2049-01-12,0.0,23.006,49.243,6.174,232.25,SSP1-2.6
2049-01-13,0.0,22.939,45.987,5.927,248.05,SSP1-2.6
2049-01-14,0.0,22.891,43.495,6.785,249.89,SSP1-2.6
2049-01-15,0.0,22.81,46.886,7.897,244.46,SSP1-2.6
2049-01-16,0.0,23.066,48.3,7.277,246.88,SSP1-2.6
2049-01-17,0.0,22.892,46.657,8.116,249.1,SSP1-2.6
2049-01-18,0.0,22.455,40.427,9.957,245.74,SSP1-2.6
2049-01-19,0.0,22.14,39.933,8.875,256.84,SSP1-2.6
2049-01-20,0.0,22.278,38.398,9.25,253.73,SSP1-2.6
2049-01-21,0.0,22.048,37.011,8.408,257.72,SSP1-2.6
2049-01-22,0.0,21.874,35.373,8.696,264.11,SSP1-2.6
2049-01-23,0.0,21.967,34.655,10.241,267.69,SSP1-2.6
2049-01-24,0.0,21.529,32.976,9.704,270.35,SSP1-2.6
2049-01-25,0.0,22.647,38.75,8.871,259.99,SSP1-2.6
2049-01-26,0.0,22.608,40.291,8.692,263.71,SSP1-2.6
2049-01-27,0.0,23.533,45.1,8.819,255.93,SSP1-2.6
2049-01-28,0.0,24.873,46.271,14.288,242.87,SSP1-2.6
2049-01-29,0.0,23.672,60.049,12.49,194.98,SSP1-2.6
2049-01-30,0.0,25.013,56.688,9.212,221.42,SSP1-2.6
2049-01-31,0.0,22.914,73.563,8.961,187.04,SSP1-2.6
2049-02-01,0.0,24.312,62.459,10.92,227.05,SSP1-2.6
2049-02-02,0.0,24.447,57.56,10.399,213.62,SSP1-2.6
2049-02-03,0.0,25.301,51.275,9.06,233.25,SSP1-2.6
2049-02-04,0.0,24.09,35.692,10.927,272.64,SSP1-2.6
2049-02-05,0.0,23.855,38.075,7.695,270.89,SSP1-2.6
2049-02-06,0.0,23.985,41.372,8.974,275.27,SSP1-2.6
2049-02-07,0.0,23.859,37.743,8.346,280.47,SSP1-2.6
2049-02-08,0.0,23.521,36.047,8.481,282.54,SSP1-2.6
2049-02-09,0.0,23.811,35.581,7.582,281.19,SSP1-2.6
2049-02-10,0.0,23.91,35.465,4.378,280.38,SSP1-2.6
2049-02-11,0.0,23.996,36.643,4.733,280.03,SSP1-2.6
2049-02-12,0.0,24.931,38.114,5.697,279.0,SSP1-2.6
2049-02-13,0.0,25.303,38.557,6.394,264.58,SSP1-2.6
2049-02-14,0.0,25.497,37.649,11.256,278.09,SSP1-2.6
2049-02-15,0.0,24.473,39.896,10.563,227.65,SSP1-2.6
2049-02-16,0.0,24.761,41.863,8.679,239.5,SSP1-2.6
2049-02-17,0.0,25.126,37.315,9.948,277.5,SSP1-2.6
2049-02-18,0.0,25.422,40.972,10.419,286.11,SSP1-2.6
2049-02-19,0.0,26.311,43.193,11.525,269.17,SSP1-2.6
2049-02-20,0.0,25.646,36.99,9.833,277.17,SSP1-2.6
2049-02-21,0.0,25.392,36.483,8.822,293.58,SSP1-2.6
2049-02-22,0.0,26.295,36.478,9.105,290.78,SSP1-2.6
2049-02-23,0.0,26.647,35.503,7.098,292.01,SSP1-2.6
2049-02-24,0.0,26.768,35.167,8.314,290.3,SSP1-2.6
2049-02-25,0.0,27.29,34.598,7.922,285.31,SSP1-2.6
2049-02-26,0.0016,27.828,35.287,8.422,273.73,SSP1-2.6
2049-02-27,0.0,28.118,33.739,6.019,290.64,SSP1-2.6
2049-02-28,0.0,28.341,34.088,4.121,251.76,SSP1-2.6
2049-03-01,0.0,28.586,30.284,7.018,264.17,SSP1-2.6
2049-03-02,0.0,28.666,29.766,10.436,305.44,SSP1-2.6
2049-03-03,0.0,28.571,29.95,11.378,306.37,SSP1-2.6
2049-03-04,0.0,28.317,29.659,12.983,319.07,SSP1-2.6
2049-03-05,0.0,27.953,27.832,12.323,320.78,SSP1-2.6
2049-03-06,0.0,28.009,27.232,10.694,317.03,SSP1-2.6
2049-03-07,0.0,27.381,24.277,11.839,325.69,SSP1-2.6
2049-03-08,0.0,26.826,24.6,11.071,313.05,SSP1-2.6
2049-03-09,0.0,26.858,31.673,7.674,250.51,SSP1-2.6
2049-03-10,0.0,27.137,28.936,9.441,318.63,SSP1-2.6
2049-03-11,0.0,28.393,28.621,7.673,313.09,SSP1-2.6
2049-03-12,0.0,28.863,26.702,6.114,296.21,SSP1-2.6
2049-03-13,0.0,28.896,24.695,4.933,323.75,SSP1-2.6
2049-03-14,0.0,28.632,24.475,8.028,326.37,SSP1-2.6
2049-03-15,0.0,29.543,24.518,10.038,324.6,SSP1-2.6
2049-03-16,0.0,29.458,23.823,8.765,326.22,SSP1-2.6
2049-03-17,0.0,29.306,24.132,8.903,326.48,SSP1-2.6
2049-03-18,0.0,29.831,23.87,10.406,326.5,SSP1-2.6
2049-03-19,0.0,29.842,24.802,11.088,319.81,SSP1-2.6
2049-03-20,0.0013,30.273,28.455,9.409,295.3,SSP1-2.6
2049-03-21,0.0,29.723,35.689,10.398,250.67,SSP1-2.6
2049-03-22,0.0,30.375,29.135,9.362,325.57,SSP1-2.6
2049-03-23,0.0,30.526,26.861,11.133,327.72,SSP1-2.6
2049-03-24,0.0083,31.395,27.988,11.023,299.01,SSP1-2.6
2049-03-25,0.0795,31.464,28.133,7.768,302.16,SSP1-2.6
2049-03-26,0.5892,27.848,50.139,5.694,165.81,SSP1-2.6
2049-03-27,0.0,30.826,32.916,6.074,290.52,SSP1-2.6
2049-03-28,0.0234,31.055,31.363,7.058,262.22,SSP1-2.6
2049-03-29,0.0254,30.884,32.446,6.49,255.37,SSP1-2.6
2049-03-30,0.0,31.313,26.993,8.657,299.05,SSP1-2.6
2049-03-31,0.0,31.645,27.368,10.401,298.13,SSP1-2.6
2049-04-01,0.0007,31.908,25.77,9.048,319.04,SSP1-2.6
2049-04-02,0.1785,31.966,28.381,5.25,305.66,SSP1-2.6
2049-04-03,0.0099,31.681,26.373,7.486,304.92,SSP1-2.6
2049-04-04,0.1347,32.622,27.13,10.882,283.83,SSP1-2.6
2049-04-05,0.043,32.106,28.215,10.303,262.43,SSP1-2.6
2049-04-06,0.018,31.879,28.281,9.254,279.65,SSP1-2.6
2049-04-07,0.0,31.59,26.478,8.144,270.05,SSP1-2.6
2049-04-08,0.0,31.513,26.943,6.276,272.07,SSP1-2.6
2049-04-09,0.0,31.896,26.702,6.047,269.12,SSP1-2.6
2049-04-10,0.0,32.155,24.824,6.26,287.43,SSP1-2.6
2049-04-11,0.0,31.534,23.43,7.606,328.62,SSP1-2.6
2049-04-12,0.0,32.055,23.998,8.274,332.33,SSP1-2.6
2049-04-13,0.0,32.379,23.517,8.371,333.45,SSP1-2.6
2049-04-14,0.0,33.694,23.356,6.979,269.54,SSP1-2.6
2049-04-15,0.0,33.203,23.004,7.12,330.25,SSP1-2.6
2049-04-16,0.2861,32.334,31.213,8.43,252.68,SSP1-2.6
2049-04-17,0.0599,30.504,38.771,4.53,224.65,SSP1-2.6
2049-04-18,0.2309,32.287,31.939,6.44,280.31,SSP1-2.6
2049-04-19,0.0,33.096,27.337,12.713,322.91,SSP1-2.6
2049-04-20,0.0,32.87,25.849,9.227,307.06,SSP1-2.6
2049-04-21,0.0359,33.269,27.901,5.607,263.12,SSP1-2.6
2049-04-22,0.0,32.96,26.993,5.903,274.07,SSP1-2.6
2049-04-23,0.0,30.64,25.892,6.225,214.56,SSP1-2.6
2049-04-24,0.0,32.518,22.846,6.695,302.55,SSP1-2.6
2049-04-25,0.0,31.923,19.721,5.642,365.34,SSP1-2.6
2049-04-26,0.0,32.195,20.307,4.087,354.88,SSP1-2.6
2049-04-27,0.0,33.162,19.558,4.928,349.26,SSP1-2.6
2049-04-28,0.0,33.481,18.56,5.59,353.73,SSP1-2.6
2049-04-29,0.0,33.491,18.827,5.293,339.57,SSP1-2.6
2049-04-30,0.0,34.279,20.257,4.214,304.55,SSP1-2.6
2049-05-01,0.006,35.927,21.852,4.445,270.42,SSP1-2.6
2049-05-02,0.0,34.894,22.78,4.951,271.69,SSP1-2.6
2049-05-03,0.0,35.047,21.354,6.352,294.48,SSP1-2.6
2049-05-04,0.0,35.001,25.073,8.43,259.29,SSP1-2.6
2049-05-05,0.0163,33.643,31.552,8.357,243.05,SSP1-2.6
2049-05-06,0.0587,34.597,27.475,9.388,305.4,SSP1-2.6
2049-05-07,0.1552,34.889,28.069,6.068,290.65,SSP1-2.6
2049-05-08,0.2093,34.973,27.145,6.319,300.94,SSP1-2.6
2049-05-09,0.0415,35.138,25.567,9.048,308.02,SSP1-2.6
2049-05-10,0.1826,35.204,27.577,9.936,299.61,SSP1-2.6
2049-05-11,0.0,35.189,27.361,6.583,292.16,SSP1-2.6
2049-05-12,0.2208,35.491,25.867,8.759,301.78,SSP1-2.6
2049-05-13,0.003,35.663,27.805,10.99,307.63,SSP1-2.6
2049-05-14,0.0026,35.743,26.795,12.387,322.55,SSP1-2.6
2049-05-15,0.0198,35.8,24.285,10.541,309.01,SSP1-2.6
2049-05-16,0.0027,35.415,25.103,10.785,325.86,SSP1-2.6
2049-05-17,0.0,35.441,27.642,14.056,301.17,SSP1-2.6
2049-05-18,0.0,35.324,29.162,13.679,274.67,SSP1-2.6
2049-05-19,0.0283,35.257,27.999,14.373,321.35,SSP1-2.6
2049-05-20,0.0,35.551,25.333,12.559,340.75,SSP1-2.6
2049-05-21,0.0031,35.551,25.312,16.568,316.15,SSP1-2.6
2049-05-22,0.001,33.802,33.541,14.431,255.79,SSP1-2.6
2049-05-23,0.0081,33.932,33.885,15.576,255.57,SSP1-2.6
2049-05-24,0.2868,33.932,32.281,13.691,262.35,SSP1-2.6
2049-05-25,15.0756,29.758,56.065,15.836,175.75,SSP1-2.6
2049-05-26,4.2977,32.763,45.007,22.457,273.06,SSP1-2.6
2049-05-27,11.5148,30.177,59.719,18.054,224.0,SSP1-2.6
2049-05-28,10.2613,29.285,66.738,15.485,222.03,SSP1-2.6
2049-05-29,13.9008,28.537,79.936,10.815,182.83,SSP1-2.6
2049-05-30,0.0414,31.549,61.969,9.478,289.99,SSP1-2.6
2049-05-31,0.0,32.548,52.278,10.154,333.56,SSP1-2.6
2049-06-01,0.0,31.793,48.795,12.883,340.64,SSP1-2.6
2049-06-02,0.0,32.14,44.714,13.188,328.26,SSP1-2.6
2049-06-03,0.0,32.234,43.588,13.893,339.93,SSP1-2.6
2049-06-04,0.0,32.192,45.492,12.557,314.02,SSP1-2.6
2049-06-05,0.0,31.972,46.054,13.762,291.32,SSP1-2.6
2049-06-06,0.0,32.475,46.085,11.913,313.43,SSP1-2.6
2049-06-07,0.011,31.923,45.277,11.697,305.97,SSP1-2.6
2049-06-08,0.0142,32.328,47.866,9.885,302.25,SSP1-2.6
2049-06-09,0.0447,31.953,47.474,11.581,290.03,SSP1-2.6
2049-06-10,0.0,31.21,47.477,13.716,264.49,SSP1-2.6
2049-06-11,0.0795,30.266,57.511,14.594,266.09,SSP1-2.6
2049-06-12,8.5349,26.485,79.186,10.97,204.67,SSP1-2.6
2049-06-13,18.4242,27.364,78.844,8.865,236.45,SSP1-2.6
2049-06-14,11.2037,26.365,83.897,7.439,205.21,SSP1-2.6
2049-06-15,8.0887,28.587,73.865,9.608,276.44,SSP1-2.6
2049-06-16,2.2127,28.771,68.924,11.22,269.39,SSP1-2.6
2049-06-17,2.2132,29.222,63.773,11.885,290.51,SSP1-2.6
2049-06-18,0.0,28.516,62.357,13.116,273.75,SSP1-2.6
2049-06-19,0.0,28.778,62.232,15.109,268.83,SSP1-2.6
2049-06-20,13.304,29.124,66.836,16.183,275.16,SSP1-2.6
2049-06-21,0.0,27.829,69.89,14.934,257.02,SSP1-2.6
2049-06-22,0.0,28.473,65.169,15.408,275.08,SSP1-2.6
2049-06-23,0.0,28.843,63.889,15.488,287.24,SSP1-2.6
2049-06-24,0.0,28.674,65.832,14.85,255.49,SSP1-2.6
2049-06-25,2.3611,28.023,70.425,15.982,245.56,SSP1-2.6
2049-06-26,23.9517,26.334,86.788,13.738,199.94,SSP1-2.6
2049-06-27,25.2922,25.624,90.156,14.529,186.53,SSP1-2.6
2049-06-28,12.9848,25.955,88.027,14.273,183.24,SSP1-2.6
2049-06-29,0.0207,27.362,78.412,13.392,257.45,SSP1-2.6
2049-06-30,0.0237,28.005,77.653,13.612,253.0,SSP1-2.6
2049-07-01,11.0359,27.093,82.797,14.377,235.95,SSP1-2.6
2049-07-02,0.8282,26.449,87.091,13.612,210.61,SSP1-2.6
2049-07-03,0.0,27.436,79.359,13.344,259.72,SSP1-2.6
2049-07-04,0.0479,28.091,78.197,12.777,260.27,SSP1-2.6
2049-07-05,0.1666,27.823,79.915,13.109,252.98,SSP1-2.6
2049-07-06,5.6698,27.48,83.717,12.151,242.13,SSP1-2.6
2049-07-07,22.3096,26.472,91.267,11.249,206.2,SSP1-2.6
2049-07-08,15.2344,26.072,91.6,11.558,195.53,SSP1-2.6
2049-07-09,22.7614,26.352,91.327,13.273,202.85,SSP1-2.6
2049-07-10,18.7092,26.347,90.509,14.349,207.01,SSP1-2.6
2049-07-11,9.5046,26.279,90.249,11.404,207.16,SSP1-2.6
2049-07-12,1.736,27.179,83.932,11.85,250.87,SSP1-2.6
2049-07-13,0.7073,26.619,89.509,9.263,208.03,SSP1-2.6
2049-07-14,16.181,27.369,86.544,11.7,255.28,SSP1-2.6
2049-07-15,17.8748,26.533,91.221,10.701,205.05,SSP1-2.6
2049-07-16,22.3572,25.75,92.623,11.032,184.53,SSP1-2.6
2049-07-17,0.4766,26.31,90.199,10.696,209.43,SSP1-2.6
2049-07-18,0.0072,26.882,84.014,13.007,251.59,SSP1-2.6
2049-07-19,0.0243,27.054,83.448,11.905,270.17,SSP1-2.6
2049-07-20,2.0192,27.106,84.201,12.384,247.8,SSP1-2.6
2049-07-21,24.8467,26.076,92.505,8.806,187.15,SSP1-2.6
2049-07-22,13.0374,25.666,93.159,12.102,176.26,SSP1-2.6
2049-07-23,14.8376,26.404,91.091,13.515,211.99,SSP1-2.6
2049-07-24,31.604,25.816,93.191,16.718,167.18,SSP1-2.6
2049-07-25,29.472,25.529,92.734,16.791,178.91,SSP1-2.6
2049-07-26,27.7831,25.22,93.775,15.193,147.77,SSP1-2.6
2049-07-27,24.981,26.3,90.929,15.506,212.5,SSP1-2.6
2049-07-28,6.2428,26.36,90.647,14.538,210.35,SSP1-2.6
2049-07-29,13.6189,26.009,92.425,13.604,183.33,SSP1-2.6
2049-07-30,26.7982,25.839,93.608,11.829,175.23,SSP1-2.6
2049-07-31,26.3312,25.768,93.905,11.408,167.16,SSP1-2.6
2049-08-01,24.3055,26.125,93.177,13.376,179.2,SSP1-2.6
2049-08-02,0.3275,26.966,89.111,14.119,225.01,SSP1-2.6
2049-08-03,10.3147,26.703,88.902,15.747,214.63,SSP1-2.6
2049-08-04,11.9621,25.921,91.807,15.034,180.94,SSP1-2.6
2049-08-05,0.1595,26.627,89.785,14.179,211.81,SSP1-2.6
2049-08-06,2.56,26.374,90.543,13.303,210.68,SSP1-2.6
2049-08-07,5.4581,26.14,91.759,11.787,198.32,SSP1-2.6
2049-08-08,0.3115,26.385,91.717,11.614,203.42,SSP1-2.6
2049-08-09,0.1095,26.943,88.932,13.284,231.16,SSP1-2.6
2049-08-10,0.0522,26.645,91.674,10.118,204.96,SSP1-2.6
2049-08-11,0.2388,27.474,86.981,11.271,257.71,SSP1-2.6
2049-08-12,0.7736,27.208,88.105,11.795,231.67,SSP1-2.6
2049-08-13,9.4217,26.18,92.236,12.737,182.7,SSP1-2.6
2049-08-14,0.0,26.399,91.97,10.947,200.77,SSP1-2.6
2049-08-15,1.8934,26.493,92.813,9.36,204.95,SSP1-2.6
2049-08-16,5.6073,26.73,93.117,6.174,220.22,SSP1-2.6
2049-08-17,22.9918,26.947,93.241,5.245,223.19,SSP1-2.6
2049-08-18,28.9324,26.536,94.297,9.126,202.04,SSP1-2.6
2049-08-19,0.712,26.716,90.102,9.658,212.32,SSP1-2.6
2049-08-20,2.9342,27.257,86.879,10.954,235.25,SSP1-2.6
2049-08-21,9.5156,27.235,87.378,9.705,235.52,SSP1-2.6
2049-08-22,24.4436,26.797,91.79,8.48,226.09,SSP1-2.6
2049-08-23,3.0711,27.091,88.397,11.296,231.91,SSP1-2.6
2049-08-24,0.9105,26.676,90.47,12.472,209.27,SSP1-2.6
2049-08-25,1.2463,26.657,88.221,13.367,211.63,SSP1-2.6
2049-08-26,0.0529,26.733,88.5,12.556,214.56,SSP1-2.6
2049-08-27,4.1573,26.635,88.59,13.525,216.6,SSP1-2.6
2049-08-28,1.4169,25.888,92.98,10.529,186.9,SSP1-2.6
2049-08-29,0.0,27.036,84.466,12.017,241.58,SSP1-2.6
2049-08-30,3.8169,26.988,88.341,12.752,222.8,SSP1-2.6
2049-08-31,12.7205,26.746,88.524,13.825,223.3,SSP1-2.6
2049-09-01,1.3663,25.828,92.457,12.201,203.97,SSP1-2.6
2049-09-02,0.6797,26.09,90.342,12.42,224.98,SSP1-2.6
2049-09-03,20.6003,26.113,93.043,11.82,195.33,SSP1-2.6
2049-09-04,0.579,26.191,90.879,12.369,212.29,SSP1-2.6
2049-09-05,2.0383,26.018,91.589,10.824,207.5,SSP1-2.6
2049-09-06,35.1773,25.755,94.403,9.161,179.49,SSP1-2.6
2049-09-07,20.7864,25.581,94.16,9.494,154.46,SSP1-2.6
2049-09-08,0.6279,25.716,92.977,9.151,199.51,SSP1-2.6
2049-09-09,16.7042,25.977,94.141,9.053,184.86,SSP1-2.6
2049-09-10,4.7061,26.152,92.606,8.38,211.19,SSP1-2.6
2049-09-11,14.7522,26.48,90.94,6.988,234.78,SSP1-2.6
2049-09-12,23.7571,26.202,93.801,6.98,214.31,SSP1-2.6
2049-09-13,22.2029,26.229,93.783,10.974,182.48,SSP1-2.6
2049-09-14,0.7721,26.093,91.531,12.073,211.35,SSP1-2.6
2049-09-15,0.5621,26.069,91.757,8.199,205.12,SSP1-2.6
2049-09-16,0.4269,26.109,91.42,6.831,222.18,SSP1-2.6
2049-09-17,17.4081,26.111,92.016,7.71,212.97,SSP1-2.6
2049-09-18,1.9041,26.065,91.868,8.01,218.29,SSP1-2.6
2049-09-19,13.2226,25.949,94.712,3.466,207.55,SSP1-2.6
2049-09-20,24.5499,26.066,93.252,6.052,217.35,SSP1-2.6
2049-09-21,30.227,25.812,95.751,7.681,194.3,SSP1-2.6
2049-09-22,16.6748,25.8,95.25,7.443,205.12,SSP1-2.6
2049-09-23,2.8823,26.165,91.272,5.389,237.56,SSP1-2.6
2049-09-24,1.0025,26.376,90.144,2.632,237.68,SSP1-2.6
2049-09-25,0.6996,26.855,88.324,3.786,242.9,SSP1-2.6
2049-09-26,0.0291,27.157,86.446,5.532,256.99,SSP1-2.6
2049-09-27,0.0,26.774,88.159,6.478,238.62,SSP1-2.6
2049-09-28,0.0,26.906,85.437,7.279,245.15,SSP1-2.6
2049-09-29,7.4929,26.911,88.08,7.177,239.01,SSP1-2.6
2049-09-30,2.7808,26.444,90.705,6.868,213.84,SSP1-2.6
2049-10-01,8.1008,25.529,89.08,8.955,217.98,SSP1-2.6
2049-10-02,0.2785,25.48,88.818,9.181,214.08,SSP1-2.6
2049-10-03,0.0,25.851,84.299,9.468,237.4,SSP1-2.6
2049-10-04,0.0,26.465,80.608,9.206,283.31,SSP1-2.6
2049-10-05,0.0,26.274,81.044,9.429,244.8,SSP1-2.6
2049-10-06,0.0,25.901,82.331,8.457,236.44,SSP1-2.6
2049-10-07,0.0,25.623,83.473,8.501,232.26,SSP1-2.6
2049-10-08,0.0,25.813,83.939,7.735,231.22,SSP1-2.6
2049-10-09,0.0,26.457,82.062,7.847,259.9,SSP1-2.6
2049-10-10,0.0,25.152,87.3,7.364,215.31,SSP1-2.6
2049-10-11,0.0,25.49,83.398,7.262,236.7,SSP1-2.6
2049-10-12,0.0,25.989,75.975,7.567,276.13,SSP1-2.6
2049-10-13,7.2966,24.736,91.023,4.772,176.27,SSP1-2.6
2049-10-14,0.0,25.397,82.249,4.504,226.82,SSP1-2.6
2049-10-15,0.0,25.199,81.7,5.681,215.61,SSP1-2.6
2049-10-16,0.0,24.916,82.835,3.58,208.11,SSP1-2.6
2049-10-17,0.1226,24.835,88.725,5.42,189.94,SSP1-2.6
2049-10-18,2.7258,24.629,87.852,5.368,214.8,SSP1-2.6
2049-10-19,0.0,24.9,84.296,5.489,262.12,SSP1-2.6
2049-10-20,0.0,25.308,82.319,6.303,268.19,SSP1-2.6
2049-10-21,0.0,25.077,82.832,5.326,267.55,SSP1-2.6
2049-10-22,0.0,25.256,81.67,5.381,265.79,SSP1-2.6
2049-10-23,0.0,25.2,80.57,3.769,227.01,SSP1-2.6
2049-10-24,0.0,25.858,74.995,3.53,257.67,SSP1-2.6
2049-10-25,0.0,25.762,76.458,2.037,232.39,SSP1-2.6
2049-10-26,0.0009,25.081,83.845,3.997,203.16,SSP1-2.6
2049-10-27,0.0419,25.936,81.965,4.576,237.79,SSP1-2.6
2049-10-28,0.0,26.074,79.478,5.34,257.04,SSP1-2.6
2049-10-29,0.0,25.203,78.37,7.493,263.9,SSP1-2.6
2049-10-30,0.0,24.686,79.17,7.133,269.47,SSP1-2.6
2049-10-31,0.0,24.662,73.659,5.428,267.95,SSP1-2.6
2049-11-01,0.0,24.969,70.771,5.274,265.52,SSP1-2.6
2049-11-02,0.0,25.202,78.947,4.92,258.72,SSP1-2.6
2049-11-03,0.0221,25.365,76.074,6.041,238.03,SSP1-2.6
2049-11-04,0.0213,25.049,75.844,6.288,244.82,SSP1-2.6
2049-11-05,0.0,24.604,80.793,8.335,231.11,SSP1-2.6
2049-11-06,0.0149,24.521,78.692,9.232,240.97,SSP1-2.6
2049-11-07,0.0142,24.34,81.608,6.855,216.41,SSP1-2.6
2049-11-08,0.0577,23.647,82.712,6.021,185.67,SSP1-2.6
2049-11-09,0.0036,24.317,77.244,6.544,235.83,SSP1-2.6
2049-11-10,0.0,24.426,76.936,6.049,204.69,SSP1-2.6
2049-11-11,0.0699,24.632,78.223,5.845,236.18,SSP1-2.6
2049-11-12,0.4008,24.904,80.215,5.647,213.21,SSP1-2.6
2049-11-13,0.7302,24.79,80.313,6.742,213.03,SSP1-2.6
2049-11-14,1.4719,25.109,79.916,6.626,212.43,SSP1-2.6
2049-11-15,0.0,24.773,74.004,7.173,232.35,SSP1-2.6
2049-11-16,0.0,24.464,70.417,8.45,243.86,SSP1-2.6
2049-11-17,0.0,24.282,75.696,6.993,239.33,SSP1-2.6
2049-11-18,0.0,24.603,73.286,6.986,236.86,SSP1-2.6
2049-11-19,0.0,24.542,69.487,4.941,237.48,SSP1-2.6
2049-11-20,0.0,24.591,69.057,5.07,240.68,SSP1-2.6
2049-11-21,0.0,24.879,71.138,7.31,242.56,SSP1-2.6
2049-11-22,0.0,25.074,68.485,9.091,241.07,SSP1-2.6
2049-11-23,0.0,24.571,66.709,6.901,244.34,SSP1-2.6
2049-11-24,0.0,24.4,69.742,6.553,223.89,SSP1-2.6
2049-11-25,0.0,24.226,69.686,6.916,208.21,SSP1-2.6
2049-11-26,0.0,24.227,67.039,6.861,228.29,SSP1-2.6
2049-11-27,0.0,23.987,65.584,6.931,232.63,SSP1-2.6
2049-11-28,0.0,24.512,64.037,8.272,232.57,SSP1-2.6
2049-11-29,0.0,23.315,71.59,7.841,213.78,SSP1-2.6
2049-11-30,0.0,24.03,66.171,8.753,217.65,SSP1-2.6
2049-12-01,0.0,24.418,60.505,8.909,226.83,SSP1-2.6
2049-12-02,0.0,24.075,54.61,8.823,231.15,SSP1-2.6
2049-12-03,0.0,23.7,58.063,8.895,226.1,SSP1-2.6
2049-12-04,0.0,23.056,56.782,6.939,228.27,SSP1-2.6
2049-12-05,0.0,23.25,54.987,7.302,229.88,SSP1-2.6
2049-12-06,0.0,22.685,56.793,8.096,232.98,SSP1-2.6
2049-12-07,0.0,22.515,51.105,5.965,244.52,SSP1-2.6
2049-12-08,0.0,22.319,52.042,6.928,238.92,SSP1-2.6
2049-12-09,0.0,22.139,51.921,5.746,229.54,SSP1-2.6
2049-12-10,0.0,22.199,48.486,6.923,246.71,SSP1-2.6
2049-12-11,0.0,22.023,49.899,6.295,247.35,SSP1-2.6
2049-12-12,0.0,22.466,48.034,10.45,245.83,SSP1-2.6
2049-12-13,0.0,22.397,50.478,9.823,241.37,SSP1-2.6
2049-12-14,0.0,22.795,51.235,10.133,228.56,SSP1-2.6
2049-12-15,0.0,21.952,62.251,8.737,176.93,SSP1-2.6
2049-12-16,0.0,22.321,55.322,11.269,188.37,SSP1-2.6
2049-12-17,0.0,23.073,54.663,11.076,221.86,SSP1-2.6
2049-12-18,0.0,23.399,60.174,7.79,201.43,SSP1-2.6
2049-12-19,0.0,23.183,58.985,10.714,200.94,SSP1-2.6
2049-12-20,0.0,23.283,58.737,11.072,189.06,SSP1-2.6
2049-12-21,0.0,23.995,57.944,10.127,222.17,SSP1-2.6
2049-12-22,0.0,23.863,55.476,5.648,239.38,SSP1-2.6
2049-12-23,0.0,23.722,52.845,4.824,239.97,SSP1-2.6
2049-12-24,0.0,23.486,51.043,6.513,242.02,SSP1-2.6
2049-12-25,0.0,23.586,51.378,8.736,243.47,SSP1-2.6
2049-12-26,0.0,23.359,50.909,6.941,245.09,SSP1-2.6
2049-12-27,0.0,23.419,49.268,9.389,244.98,SSP1-2.6
2049-12-28,0.0,23.433,52.252,6.73,234.28,SSP1-2.6
2049-12-29,0.0,23.665,53.141,8.261,220.72,SSP1-2.6
2049-12-30,0.0,22.635,57.892,10.862,205.95,SSP1-2.6
2049-12-31,0.0,22.085,69.673,9.816,172.89,SSP1-2.6
2050-01-01,0.0,23.62,58.221,10.689,222.2,SSP1-2.6
2050-01-02,0.0,23.553,58.523,9.93,218.43,SSP1-2.6
2050-01-03,0.0,24.065,53.734,10.351,225.65,SSP1-2.6
2050-01-04,0.0,21.986,61.623,8.785,201.64,SSP1-2.6
2050-01-05,0.0,21.337,66.105,10.358,185.17,SSP1-2.6
2050-01-06,0.0,21.494,55.938,9.487,210.55,SSP1-2.6
2050-01-07,0.0,21.406,53.655,9.214,206.59,SSP1-2.6
2050-01-08,0.0,22.208,46.386,9.531,230.71,SSP1-2.6
2050-01-09,0.0,22.053,43.977,8.965,236.56,SSP1-2.6
2050-01-10,0.0,21.712,50.684,9.007,220.6,SSP1-2.6
2050-01-11,0.0,21.306,50.222,8.371,204.27,SSP1-2.6
2050-01-12,0.0,21.383,47.878,8.157,209.44,SSP1-2.6
2050-01-13,0.0,22.005,46.649,9.448,251.25,SSP1-2.6
2050-01-14,0.0,21.738,52.908,6.989,209.65,SSP1-2.6
2050-01-15,0.0,22.588,52.43,7.457,223.87,SSP1-2.6
2050-01-16,0.0,22.984,50.309,7.407,227.08,SSP1-2.6
2050-01-17,0.0,22.403,54.262,8.29,191.91,SSP1-2.6
2050-01-18,0.0,19.467,79.705,9.211,116.13,SSP1-2.6
2050-01-19,0.0,22.606,63.628,7.654,211.66,SSP1-2.6
2050-01-20,0.0,23.198,55.535,8.0,230.47,SSP1-2.6
2050-01-21,0.0,20.649,58.865,6.685,160.35,SSP1-2.6
2050-01-22,0.0,18.749,75.878,5.768,158.8,SSP1-2.6
2050-01-23,0.0,20.763,78.12,6.817,167.71,SSP1-2.6
2050-01-24,0.0,21.424,69.711,7.08,170.17,SSP1-2.6
2050-01-25,0.0,17.488,65.655,9.051,146.91,SSP1-2.6
2050-01-26,0.0,21.07,46.674,10.819,188.54,SSP1-2.6
2050-01-27,0.0,21.172,49.995,11.509,181.57,SSP1-2.6
2050-01-28,0.0,23.457,45.217,10.386,252.72,SSP1-2.6
2050-01-29,0.0,23.906,43.103,9.977,259.56,SSP1-2.6
2050-01-30,0.0,23.97,46.975,9.468,260.95,SSP1-2.6
2050-01-31,0.0,23.067,40.685,10.361,270.81,SSP1-2.6
2050-02-01,0.0,22.881,39.258,9.658,279.16,SSP1-2.6
2050-02-02,0.0,22.668,44.915,9.109,277.51,SSP1-2.6
2050-02-03,0.0,24.268,49.58,7.838,267.74,SSP1-2.6
2050-02-04,0.0,24.903,50.993,5.705,266.45,SSP1-2.6
2050-02-05,0.0,24.931,46.022,5.497,253.18,SSP1-2.6
2050-02-06,0.0,24.733,40.865,4.501,276.66,SSP1-2.6
2050-02-07,0.0,24.866,40.395,9.395,276.65,SSP1-2.6
2050-02-08,0.0,25.371,41.284,11.117,274.44,SSP1-2.6
2050-02-09,0.0,25.307,40.978,12.286,271.0,SSP1-2.6
2050-02-10,0.0,25.09,41.981,10.351,265.44,SSP1-2.6
2050-02-11,0.0,24.997,43.892,8.979,281.49,SSP1-2.6
2050-02-12,0.0,25.025,42.848,8.197,281.52,SSP1-2.6
2050-02-13,0.0,24.911,43.362,9.167,281.38,SSP1-2.6
2050-02-14,0.0,25.488,43.624,10.306,283.59,SSP1-2.6
2050-02-15,0.0,25.319,44.368,9.447,287.07,SSP1-2.6
2050-02-16,0.0,25.288,38.959,7.63,294.7,SSP1-2.6
2050-02-17,0.0,25.157,38.05,4.118,291.29,SSP1-2.6
2050-02-18,0.0,25.877,37.123,8.132,290.34,SSP1-2.6
2050-02-19,0.0,26.175,34.652,11.212,290.97,SSP1-2.6
2050-02-20,0.0,26.038,33.092,9.551,300.58,SSP1-2.6
2050-02-21,0.0,25.794,32.969,8.405,306.69,SSP1-2.6
2050-02-22,0.0,25.903,34.093,7.132,304.34,SSP1-2.6
2050-02-23,0.0,26.387,44.443,7.951,211.11,SSP1-2.6
2050-02-24,0.0,25.589,51.649,7.382,213.43,SSP1-2.6
2050-02-25,0.0,25.906,33.375,9.914,299.53,SSP1-2.6
2050-02-26,0.0,25.041,25.901,8.278,329.98,SSP1-2.6
2050-02-27,0.0,24.778,28.444,4.259,328.28,SSP1-2.6
2050-02-28,0.0,25.196,29.604,5.141,325.74,SSP1-2.6
2050-03-01,0.0,26.292,31.781,5.348,322.35,SSP1-2.6
2050-03-02,0.0,27.26,33.493,5.402,303.32,SSP1-2.6
2050-03-03,0.0,27.701,33.641,6.79,298.93,SSP1-2.6
2050-03-04,0.0,28.576,34.485,7.35,290.77,SSP1-2.6
2050-03-05,0.0,29.588,35.25,8.709,278.15,SSP1-2.6
2050-03-06,0.0,28.917,34.872,11.151,236.67,SSP1-2.6
2050-03-07,0.0,28.663,32.782,10.132,265.33,SSP1-2.6
2050-03-08,0.0,28.396,32.085,8.789,262.99,SSP1-2.6
2050-03-09,0.0,28.586,31.566,9.37,253.92,SSP1-2.6
2050-03-10,0.0,28.407,34.564,7.497,251.86,SSP1-2.6
2050-03-11,0.0001,28.86,31.42,10.233,309.42,SSP1-2.6
2050-03-12,0.4226,29.148,43.262,8.572,232.01,SSP1-2.6
2050-03-13,0.0,30.272,38.91,8.57,288.97,SSP1-2.6
2050-03-14,0.0,30.369,42.149,8.867,256.31,SSP1-2.6
2050-03-15,0.0,29.619,41.108,6.389,255.02,SSP1-2.6
2050-03-16,0.0,30.453,34.301,6.24,314.78,SSP1-2.6
2050-03-17,0.0,30.427,33.354,7.879,309.67,SSP1-2.6
2050-03-18,0.0,31.039,31.054,11.585,317.3,SSP1-2.6
2050-03-19,0.0,30.708,30.121,11.493,314.46,SSP1-2.6
2050-03-20,0.0,29.763,28.046,9.36,318.43,SSP1-2.6
2050-03-21,0.0,29.5,28.736,7.372,324.77,SSP1-2.6
2050-03-22,0.001,30.127,33.738,14.294,309.04,SSP1-2.6
2050-03-23,0.0,30.291,36.235,10.024,253.41,SSP1-2.6
2050-03-24,0.002,30.519,31.28,8.187,306.78,SSP1-2.6
2050-03-25,0.1666,30.239,38.277,8.426,268.68,SSP1-2.6
2050-03-26,0.0,30.293,39.285,7.696,251.37,SSP1-2.6
2050-03-27,0.0,30.192,30.551,6.042,333.64,SSP1-2.6
2050-03-28,0.0,29.853,28.568,8.001,336.21,SSP1-2.6
2050-03-29,0.0,30.662,26.069,9.598,337.02,SSP1-2.6
2050-03-30,0.0,30.286,24.56,7.578,344.33,SSP1-2.6
2050-03-31,0.0,30.348,25.555,7.903,336.18,SSP1-2.6
2050-04-01,0.0293,30.919,36.158,12.909,316.02,SSP1-2.6
2050-04-02,0.0,30.296,39.044,11.516,273.47,SSP1-2.6
2050-04-03,0.0034,29.708,40.892,5.79,255.49,SSP1-2.6
2050-04-04,0.0024,30.444,35.798,5.61,279.39,SSP1-2.6
2050-04-05,0.0,31.07,34.951,4.495,255.67,SSP1-2.6
2050-04-06,0.0,31.554,31.846,4.522,284.28,SSP1-2.6
2050-04-07,0.0069,31.953,30.93,8.094,280.36,SSP1-2.6
2050-04-08,0.0,31.662,31.728,6.749,275.17,SSP1-2.6
2050-04-09,0.0,31.955,29.824,4.791,288.01,SSP1-2.6
2050-04-10,0.0,31.528,26.855,4.693,302.67,SSP1-2.6
2050-04-11,0.0,31.27,25.635,5.704,323.2,SSP1-2.6
2050-04-12,0.0,31.236,25.715,4.488,342.88,SSP1-2.6
2050-04-13,0.0,32.248,27.674,4.282,290.78,SSP1-2.6
2050-04-14,0.0,32.624,27.736,5.444,302.95,SSP1-2.6
2050-04-15,0.0,33.007,27.732,6.255,314.77,SSP1-2.6
2050-04-16,0.0,33.206,30.055,5.27,285.6,SSP1-2.6
2050-04-17,0.0,33.506,27.229,6.568,298.27,SSP1-2.6
2050-04-18,0.0001,33.439,25.848,6.34,327.92,SSP1-2.6
2050-04-19,1.4183,33.324,30.767,9.128,283.2,SSP1-2.6
2050-04-20,0.2866,26.283,62.303,5.345,192.76,SSP1-2.6
2050-04-21,29.8664,31.163,47.061,5.638,271.42,SSP1-2.6
2050-04-22,12.3108,27.759,60.588,8.956,254.62,SSP1-2.6
2050-04-23,0.0,31.683,39.205,7.492,303.72,SSP1-2.6
2050-04-24,0.1147,32.534,34.808,7.515,319.88,SSP1-2.6
2050-04-25,0.5732,26.285,66.45,7.567,186.93,SSP1-2.6
2050-04-26,0.0032,32.686,35.588,5.938,317.79,SSP1-2.6
2050-04-27,0.0,33.601,29.498,6.01,320.88,SSP1-2.6
2050-04-28,0.0,34.158,28.515,5.862,301.4,SSP1-2.6
2050-04-29,0.0,34.158,27.635,8.119,303.29,SSP1-2.6
2050-04-30,0.0,33.858,28.954,9.22,292.93,SSP1-2.6
2050-05-01,0.6992,34.702,30.374,6.646,314.47,SSP1-2.6
2050-05-02,0.7569,33.971,33.646,4.582,309.3,SSP1-2.6
2050-05-03,0.4564,34.139,33.345,5.271,321.47,SSP1-2.6
2050-05-04,0.0,34.192,29.136,5.61,330.48,SSP1-2.6
2050-05-05,0.0238,34.394,27.779,5.66,338.22,SSP1-2.6
2050-05-06,0.0,35.046,28.495,5.698,309.17,SSP1-2.6
2050-05-07,0.0,35.006,28.144,6.089,281.59,SSP1-2.6
2050-05-08,0.0,34.65,29.312,6.687,246.31,SSP1-2.6
2050-05-09,0.0,35.317,27.2,7.605,295.76,SSP1-2.6
2050-05-10,0.0006,35.323,26.466,7.698,316.87,SSP1-2.6
2050-05-11,0.4056,35.494,27.281,7.394,319.93,SSP1-2.6
2050-05-12,0.0025,35.422,26.708,8.415,329.27,SSP1-2.6
2050-05-13,0.0,35.601,26.371,9.17,334.51,SSP1-2.6
2050-05-14,0.2866,35.898,27.502,10.245,281.18,SSP1-2.6
2050-05-15,0.1479,35.915,27.486,10.648,325.56,SSP1-2.6
2050-05-16,0.0176,35.568,28.783,9.021,286.42,SSP1-2.6
2050-05-17,0.0,35.471,26.537,6.139,335.14,SSP1-2.6
2050-05-18,2.1279,35.668,27.635,5.181,325.53,SSP1-2.6
2050-05-19,0.9909,30.064,58.906,5.159,195.92,SSP1-2.6
2050-05-20,19.1232,32.162,55.469,4.934,259.64,SSP1-2.6
2050-05-21,0.0,33.12,47.622,6.032,280.52,SSP1-2.6
2050-05-22,0.0,34.069,39.368,6.064,306.91,SSP1-2.6
2050-05-23,0.9938,33.843,46.454,6.658,279.85,SSP1-2.6
2050-05-24,4.3873,32.668,54.988,6.25,278.2,SSP1-2.6
2050-05-25,0.0,34.112,43.098,6.549,309.92,SSP1-2.6
2050-05-26,0.5935,34.118,49.896,6.392,296.95,SSP1-2.6
2050-05-27,0.0551,33.637,51.956,5.155,274.8,SSP1-2.6
2050-05-28,0.0833,33.973,51.303,6.058,271.32,SSP1-2.6
2050-05-29,1.2109,33.633,55.595,5.081,280.39,SSP1-2.6
2050-05-30,1.1616,34.127,51.6,4.881,309.67,SSP1-2.6
2050-05-31,0.7715,31.493,61.02,6.162,273.44,SSP1-2.6
2050-06-01,0.0032,32.229,50.948,8.404,326.41,SSP1-2.6
2050-06-02,0.0,32.551,45.034,8.958,333.33,SSP1-2.6
2050-06-03,0.0,32.918,42.101,9.315,319.03,SSP1-2.6
2050-06-04,0.0,33.791,36.763,10.257,323.84,SSP1-2.6
2050-06-05,0.0,33.552,35.936,8.524,318.69,SSP1-2.6
2050-06-06,0.0,32.901,37.778,10.216,288.29,SSP1-2.6
2050-06-07,0.0,32.867,37.695,9.536,307.26,SSP1-2.6
2050-06-08,0.0,33.191,34.899,6.744,339.46,SSP1-2.6
2050-06-09,0.0,34.02,34.78,9.916,302.29,SSP1-2.6
2050-06-10,2.1106,30.275,53.888,10.328,225.01,SSP1-2.6
2050-06-11,0.0485,31.955,49.364,12.721,259.5,SSP1-2.6
2050-06-12,4.737,27.899,72.261,13.54,215.07,SSP1-2.6
2050-06-13,1.7818,28.151,73.558,10.403,226.63,SSP1-2.6
2050-06-14,2.4422,30.288,62.409,13.494,295.45,SSP1-2.6
2050-06-15,0.1177,31.332,56.211,13.702,300.38,SSP1-2.6
2050-06-16,0.1748,29.947,60.301,13.684,255.0,SSP1-2.6
2050-06-17,0.9301,31.272,59.968,15.334,268.84,SSP1-2.6
2050-06-18,0.0283,29.761,59.965,14.598,267.37,SSP1-2.6
2050-06-19,0.0,30.831,57.875,15.565,300.64,SSP1-2.6
2050-06-20,0.0,30.86,57.802,16.522,292.64,SSP1-2.6
2050-06-21,0.0272,30.675,60.069,16.061,280.05,SSP1-2.6
2050-06-22,2.2064,29.578,61.657,12.367,265.8,SSP1-2.6
2050-06-23,2.1787,29.534,68.041,11.529,263.49,SSP1-2.6
2050-06-24,5.9889,29.526,68.713,12.342,258.59,SSP1-2.6
2050-06-25,0.1337,29.552,64.334,11.726,259.74,SSP1-2.6
2050-06-26,0.3563,30.915,58.572,11.626,305.4,SSP1-2.6
2050-06-27,0.6169,30.346,58.991,12.089,283.09,SSP1-2.6
2050-06-28,0.0,29.795,59.31,14.059,271.45,SSP1-2.6
2050-06-29,0.0055,30.342,55.14,14.888,300.51,SSP1-2.6
2050-06-30,0.0,30.504,53.193,16.043,304.65,SSP1-2.6
2050-07-01,0.0283,30.603,53.839,15.897,297.83,SSP1-2.6
2050-07-02,0.2542,29.888,60.538,14.91,239.7,SSP1-2.6
2050-07-03,11.1003,29.208,67.354,13.686,242.48,SSP1-2.6
2050-07-04,21.0926,27.221,85.526,13.03,183.33,SSP1-2.6
2050-07-05,14.5916,26.965,89.976,12.21,173.87,SSP1-2.6
2050-07-06,0.0,28.217,80.4,12.719,242.19,SSP1-2.6
2050-07-07,0.0,28.911,73.495,15.76,277.22,SSP1-2.6
2050-07-08,0.0,29.089,71.842,16.408,275.56,SSP1-2.6
2050-07-09,0.0,29.24,69.254,16.744,285.51,SSP1-2.6
2050-07-10,0.0812,29.248,70.118,18.049,267.49,SSP1-2.6
2050-07-11,1.7805,28.539,74.337,18.441,236.52,SSP1-2.6
2050-07-12,10.3193,27.755,81.073,15.704,222.41,SSP1-2.6
2050-07-13,31.087,26.653,92.07,13.362,164.53,SSP1-2.6
2050-07-14,30.7997,26.432,92.891,13.116,131.96,SSP1-2.6
2050-07-15,7.6628,27.093,90.064,14.178,199.67,SSP1-2.6
2050-07-16,1.6031,27.155,88.94,15.497,211.0,SSP1-2.6
2050-07-17,14.2053,26.927,91.035,13.041,204.78,SSP1-2.6
2050-07-18,13.569,26.737,92.001,12.301,188.9,SSP1-2.6
2050-07-19,36.2414,25.9,93.969,13.968,153.64,SSP1-2.6
2050-07-20,16.7166,26.333,92.19,14.613,171.27,SSP1-2.6
2050-07-21,4.3658,26.649,90.243,14.384,206.29,SSP1-2.6
2050-07-22,0.1164,27.346,87.875,10.8,222.95,SSP1-2.6
2050-07-23,0.0,27.441,88.187,10.244,218.59,SSP1-2.6
2050-07-24,0.1579,27.621,86.905,11.195,246.99,SSP1-2.6
2050-07-25,9.5344,26.792,91.73,10.304,201.78,SSP1-2.6
2050-07-26,0.0,26.782,90.259,12.365,209.46,SSP1-2.6
2050-07-27,0.4758,27.208,88.01,10.845,222.65,SSP1-2.6
2050-07-28,0.0,27.356,87.894,10.035,232.72,SSP1-2.6
2050-07-29,0.0,27.504,87.508,9.991,231.21,SSP1-2.6
2050-07-30,7.3531,27.145,89.663,10.004,217.07,SSP1-2.6
2050-07-31,0.1073,27.634,86.068,11.481,252.94,SSP1-2.6
2050-08-01,0.1055,27.675,84.771,11.199,244.28,SSP1-2.6
2050-08-02,19.5114,27.05,89.668,10.12,217.98,SSP1-2.6
2050-08-03,7.0279,26.979,90.915,10.651,214.68,SSP1-2.6
2050-08-04,21.4148,26.712,92.23,14.344,188.19,SSP1-2.6
2050-08-05,46.48,26.474,91.846,20.29,196.72,SSP1-2.6
2050-08-06,38.576,26.016,93.286,17.359,183.27,SSP1-2.6
2050-08-07,32.3882,25.948,94.142,15.377,153.42,SSP1-2.6
2050-08-08,0.3182,26.843,90.093,13.639,215.0,SSP1-2.6
2050-08-09,0.0,26.903,90.22,11.706,211.34,SSP1-2.6
2050-08-10,3.926,27.366,89.181,8.287,231.42,SSP1-2.6
2050-08-11,0.4557,27.513,89.099,5.984,242.8,SSP1-2.6
2050-08-12,1.386,27.615,89.61,5.203,242.81,SSP1-2.6
2050-08-13,5.993,27.403,90.443,6.541,230.96,SSP1-2.6
2050-08-14,0.0,28.005,86.343,7.096,249.66,SSP1-2.6
2050-08-15,0.2788,27.834,86.634,7.563,241.68,SSP1-2.6
2050-08-16,0.0,28.029,85.744,8.016,248.44,SSP1-2.6
2050-08-17,0.0,27.385,87.388,8.716,229.77,SSP1-2.6
2050-08-18,0.0,27.844,83.895,9.455,245.82,SSP1-2.6
2050-08-19,7.078,27.43,87.976,10.101,231.92,SSP1-2.6
2050-08-20,10.0696,27.372,89.611,10.4,231.87,SSP1-2.6
2050-08-21,14.3446,27.185,90.158,9.581,228.73,SSP1-2.6
2050-08-22,0.1496,27.644,83.196,9.976,274.22,SSP1-2.6
2050-08-23,0.0,27.836,84.766,9.614,245.71,SSP1-2.6
2050-08-24,22.4758,27.412,88.845,9.63,237.15,SSP1-2.6
2050-08-25,32.203,27.203,90.065,11.266,226.71,SSP1-2.6
2050-08-26,27.5831,26.442,93.764,11.233,178.77,SSP1-2.6
2050-08-27,26.2629,26.371,94.944,9.896,163.3,SSP1-2.6
2050-08-28,2.2596,26.704,92.85,10.692,203.7,SSP1-2.6
2050-08-29,0.0,27.29,87.23,11.818,244.83,SSP1-2.6
2050-08-30,0.0,27.639,83.101,11.964,245.65,SSP1-2.6
2050-08-31,2.6751,27.29,85.547,12.491,237.89,SSP1-2.6
2050-09-01,29.7256,25.771,92.296,12.402,165.55,SSP1-2.6
2050-09-02,0.9603,26.483,86.885,10.708,259.38,SSP1-2.6
2050-09-03,0.0,26.281,86.793,12.219,249.32,SSP1-2.6
2050-09-04,0.0,26.493,87.11,10.891,240.01,SSP1-2.6
2050-09-05,0.0283,26.358,87.122,11.385,238.04,SSP1-2.6
2050-09-06,0.0035,26.13,87.361,11.134,222.82,SSP1-2.6
2050-09-07,2.1975,25.955,89.409,11.954,205.27,SSP1-2.6
2050-09-08,0.0,25.993,88.361,13.292,217.75,SSP1-2.6
2050-09-09,7.3248,26.005,92.143,10.721,189.86,SSP1-2.6
2050-09-10,0.0,26.52,86.183,11.147,234.91,SSP1-2.6
2050-09-11,0.0,26.527,85.253,9.723,239.18,SSP1-2.6
2050-09-12,0.0,26.914,83.083,9.036,247.35,SSP1-2.6
2050-09-13,0.0,26.722,83.789,7.994,243.57,SSP1-2.6
2050-09-14,0.0,26.856,83.282,7.414,239.66,SSP1-2.6
2050-09-15,0.0,26.648,83.131,8.035,247.9,SSP1-2.6
2050-09-16,0.0,27.016,79.522,7.876,285.28,SSP1-2.6
2050-09-17,0.0,27.009,79.986,8.183,276.25,SSP1-2.6
2050-09-18,0.0,26.61,83.019,8.938,247.66,SSP1-2.6
2050-09-19,0.0,26.58,84.629,7.45,232.2,SSP1-2.6
2050-09-20,1.1102,26.738,88.666,7.254,219.91,SSP1-2.6
2050-09-21,12.8904,26.67,90.182,7.161,217.82,SSP1-2.6
2050-09-22,25.4961,26.229,90.891,9.15,213.26,SSP1-2.6
2050-09-23,48.6971,25.905,93.447,12.75,193.16,SSP1-2.6
2050-09-24,92.6514,25.616,95.288,17.073,156.51,SSP1-2.6
2050-09-25,12.0389,25.744,92.937,9.27,196.07,SSP1-2.6
2050-09-26,19.1692,25.896,93.134,6.206,206.2,SSP1-2.6
2050-09-27,5.6075,25.962,91.933,7.099,205.98,SSP1-2.6
2050-09-28,0.0,26.01,90.973,5.973,216.94,SSP1-2.6
2050-09-29,0.4499,26.642,89.254,6.481,234.8,SSP1-2.6
2050-09-30,0.0,26.269,88.777,6.417,228.83,SSP1-2.6
2050-10-01,0.0,25.438,88.979,6.07,213.88,SSP1-2.6
2050-10-02,0.0,26.443,84.943,5.182,269.53,SSP1-2.6
2050-10-03,0.0,26.9,83.62,5.601,259.85,SSP1-2.6
2050-10-04,0.0,27.64,81.777,5.819,273.13,SSP1-2.6
2050-10-05,0.0,26.937,84.149,5.846,236.66,SSP1-2.6
2050-10-06,0.0,27.648,81.135,5.498,282.4,SSP1-2.6
2050-10-07,0.0,27.587,80.249,5.47,253.09,SSP1-2.6
2050-10-08,0.0,27.668,78.874,4.699,274.06,SSP1-2.6
2050-10-09,0.0,27.733,76.102,3.458,274.13,SSP1-2.6
2050-10-10,0.0,26.733,83.153,3.069,223.98,SSP1-2.6
2050-10-11,0.0,27.389,78.753,4.493,268.47,SSP1-2.6
2050-10-12,0.0,27.158,78.098,6.402,269.06,SSP1-2.6
2050-10-13,0.0,27.528,81.212,6.984,257.02,SSP1-2.6
2050-10-14,0.0357,27.05,80.828,7.283,222.07,SSP1-2.6
2050-10-15,0.031,26.898,76.324,7.007,268.27,SSP1-2.6
2050-10-16,0.9133,26.349,80.818,6.072,244.59,SSP1-2.6
2050-10-17,10.7366,26.94,83.284,4.521,220.75,SSP1-2.6
2050-10-18,2.8259,25.715,86.489,5.979,221.47,SSP1-2.6
2050-10-19,0.0083,25.783,84.844,5.485,237.71,SSP1-2.6
2050-10-20,0.0,26.204,82.809,4.61,259.43,SSP1-2.6
2050-10-21,0.0,26.084,80.186,3.889,253.99,SSP1-2.6
2050-10-22,0.0,26.22,75.838,3.2,253.13,SSP1-2.6
2050-10-23,0.0,26.329,80.147,2.483,224.93,SSP1-2.6
2050-10-24,0.0,26.812,81.667,3.495,209.83,SSP1-2.6
2050-10-25,0.0548,27.276,79.467,4.327,206.09,SSP1-2.6
2050-10-26,0.0,26.873,77.016,6.458,239.23,SSP1-2.6
2050-10-27,0.0,26.303,78.719,8.229,262.38,SSP1-2.6
2050-10-28,0.0,25.741,82.221,6.262,249.8,SSP1-2.6
2050-10-29,0.0,25.844,76.178,5.999,249.47,SSP1-2.6
2050-10-30,0.0,25.836,73.867,6.015,240.48,SSP1-2.6
2050-10-31,0.0,24.975,83.59,6.675,222.79,SSP1-2.6
2050-11-01,0.0,24.623,84.419,7.1,216.75,SSP1-2.6
2050-11-02,0.0,24.883,83.48,6.892,240.39,SSP1-2.6
2050-11-03,0.0,25.08,82.913,5.073,229.88,SSP1-2.6
2050-11-04,0.0,25.223,81.953,4.206,209.27,SSP1-2.6
2050-11-05,0.2157,25.406,81.444,5.303,239.77,SSP1-2.6
2050-11-06,0.0,25.45,79.8,5.109,235.94,SSP1-2.6
2050-11-07,0.0,25.581,80.118,6.389,237.71,SSP1-2.6
2050-11-08,0.0,25.641,80.255,6.28,234.07,SSP1-2.6
2050-11-09,0.0527,24.3,83.439,4.926,189.7,SSP1-2.6
2050-11-10,0.0,25.111,80.673,5.509,213.35,SSP1-2.6
2050-11-11,0.0,25.39,77.263,6.431,235.67,SSP1-2.6
2050-11-12,0.0,25.668,78.798,6.406,240.63,SSP1-2.6
2050-11-13,0.0,25.737,75.742,5.817,246.95,SSP1-2.6
2050-11-14,0.0,25.528,74.275,6.41,230.48,SSP1-2.6
2050-11-15,0.0,24.513,78.543,7.712,194.56,SSP1-2.6
2050-11-16,0.0,24.554,77.138,8.295,212.14,SSP1-2.6
2050-11-17,0.0,24.651,73.104,9.371,230.97,SSP1-2.6
2050-11-18,0.0,23.64,81.068,8.012,181.32,SSP1-2.6
2050-11-19,0.0,23.762,72.045,8.124,227.56,SSP1-2.6
2050-11-20,0.0,23.731,62.698,6.602,247.27,SSP1-2.6
2050-11-21,0.0,24.268,72.989,7.869,231.54,SSP1-2.6
2050-11-22,0.0,24.298,66.351,7.511,235.7,SSP1-2.6
2050-11-23,0.0,24.03,62.839,6.626,239.89,SSP1-2.6
2050-11-24,0.0,24.071,67.686,5.946,232.84,SSP1-2.6
2050-11-25,0.0,23.822,71.64,6.75,202.07,SSP1-2.6
2050-11-26,0.0,24.546,70.228,7.391,213.5,SSP1-2.6
2050-11-27,0.0,24.771,60.277,9.294,239.14,SSP1-2.6
2050-11-28,0.0,24.966,64.109,8.275,237.8,SSP1-2.6
2050-11-29,0.0,25.12,62.025,7.147,222.24,SSP1-2.6
2050-11-30,0.0,23.35,64.081,9.282,198.04,SSP1-2.6
2050-12-01,0.0,23.506,61.417,5.974,214.73,SSP1-2.6
2050-12-02,0.0,24.246,61.702,7.207,232.13,SSP1-2.6
2050-12-03,0.0,23.771,59.798,9.324,225.43,SSP1-2.6
2050-12-04,0.0,22.557,52.367,8.763,204.93,SSP1-2.6
2050-12-05,0.0,21.994,61.702,6.82,195.58,SSP1-2.6
2050-12-06,0.0,21.576,55.879,8.847,202.37,SSP1-2.6
2050-12-07,0.0,21.063,47.532,8.122,218.21,SSP1-2.6
2050-12-08,0.0,21.0,46.565,7.952,235.74,SSP1-2.6
2050-12-09,0.0,20.767,50.989,6.479,200.3,SSP1-2.6
2050-12-10,0.0,20.496,50.904,8.562,212.69,SSP1-2.6
2050-12-11,0.0,20.881,59.748,7.74,187.04,SSP1-2.6
2050-12-12,0.0,20.901,60.27,6.586,189.04,SSP1-2.6
2050-12-13,0.0,20.941,54.473,4.984,219.19,SSP1-2.6
2050-12-14,0.0,21.923,51.25,5.858,245.56,SSP1-2.6
2050-12-15,0.0,22.776,51.003,8.299,241.55,SSP1-2.6
2050-12-16,0.0,22.404,47.784,8.984,233.31,SSP1-2.6
2050-12-17,0.0,21.189,56.024,7.609,178.91,SSP1-2.6
2050-12-18,0.0,21.032,58.845,7.762,173.42,SSP1-2.6
2050-12-19,0.0,20.836,52.134,7.717,183.5,SSP1-2.6
2050-12-20,0.0,20.822,54.928,7.717,181.25,SSP1-2.6
2050-12-21,0.0,21.775,48.931,7.871,232.91,SSP1-2.6
2050-12-22,0.0,22.189,50.97,7.722,238.76,SSP1-2.6
2050-12-23,0.0,22.037,42.837,8.158,244.92,SSP1-2.6
2050-12-24,0.0,21.408,47.607,6.731,241.37,SSP1-2.6
2050-12-25,0.0,21.287,43.24,8.217,247.59,SSP1-2.6
2050-12-26,0.0,20.869,41.749,7.577,251.06,SSP1-2.6
2050-12-27,0.0,21.205,50.371,7.962,247.17,SSP1-2.6
2050-12-28,0.0,22.068,52.993,8.439,245.09,SSP1-2.6
2050-12-29,0.0,21.434,45.992,8.893,247.73,SSP1-2.6
2050-12-30,0.0,21.09,46.018,6.804,249.87,SSP1-2.6
2050-12-31,0.0,21.568,46.159,5.45,250.42,SSP1-2.6
