date,rainfall,temperature,humidity,wind_speed,solar_radiation
2025-01-01,0.0,294.9397325,35.2688765,1.934512125,242.58734
2025-01-02,0.0,295.899885,43.539691499999996,2.480780025,221.1564925
2025-01-03,0.0,295.622325,36.16014225,2.7696978999999997,237.1399625
2025-01-04,0.0,295.28283749999997,35.43196225,2.61805005,238.719595
2025-01-05,0.0,295.57271249999997,35.552752999999996,2.66299195,237.5408125
2025-01-06,0.0,295.49546499999997,33.7992435,2.721368875,238.3842875
2025-01-07,0.0,295.51909,33.63199325,2.463342,238.2718575
2025-01-08,0.0,295.6410725,29.751048,2.438409675,242.19345750000002
2025-01-09,0.0,295.781025,27.85199875,2.9360732,238.2374275
2025-01-10,0.0,295.70539499999995,25.98953975,3.24220525,228.305675
2025-01-11,0.0,295.82293500000003,24.502326,3.850013075,223.3800075
2025-01-12,0.0,294.8136475,19.6236565,3.802112475,237.585645
2025-01-13,0.0,294.4780675,17.534118499999998,3.48157665,258.8508925
2025-01-14,0.0,295.081355,19.5560465,3.4214854,214.056425
2025-01-15,0.0,295.26287,18.430032750000002,4.0606088499999995,219.68079
2025-01-16,0.0,295.36982750000004,18.91795425,4.1841126,241.2131875
2025-01-17,0.0,295.239245,17.644308000000002,3.717140325,260.6486825
2025-01-18,0.0,295.2837675,17.803877,3.0322989,261.1682075
2025-01-19,0.0,294.60775750000005,19.565654000000002,1.8961881250000001,262.5685025
2025-01-20,0.0,295.22656,24.40755175,1.933705725,256.5866325
2025-01-21,0.0,296.406905,25.72645,3.06349675,255.14148
2025-01-22,0.0,296.795685,24.80799325,3.741743475,259.801465
2025-01-23,0.0,296.1960125,15.57173775,4.21245575,263.95897
2025-01-24,0.0,295.69528,14.653817875,3.8468609,255.0831825
2025-01-25,0.0,295.3656825,16.448325,3.59456445,258.66662
2025-01-26,0.0,294.9516375,20.350624500000002,2.694309525,272.4809375
2025-01-27,0.0,295.88395,32.48190025,2.8837666250000002,263.93743
2025-01-28,0.0,297.3656675,38.819059,2.60563075,255.47215500000001
2025-01-29,0.0,297.6344125,35.75473325,2.67989295,262.89157750000004
2025-01-30,0.0,298.0071125,35.09689975,3.07011325,265.13534749999997
2025-01-31,0.0,298.288535,33.92429075,2.603820125,266.6422075
2025-02-01,0.0,298.4626025,32.8616065,2.68218275,252.68926499999998
2025-02-02,0.0,297.953375,29.1061105,2.264642675,261.36892
2025-02-03,0.0,298.1350275,28.951997249999998,2.231534925,257.44468
2025-02-04,0.0,298.08263,29.93419675,2.45947005,258.821155
2025-02-05,0.0,298.65979749999997,34.96974575,2.55575365,233.0064825
2025-02-06,0.0,299.0606175,31.842064,2.3921573499999997,238.842195
2025-02-07,0.0,298.5391125,28.35162875,2.213424625,267.35485
2025-02-08,0.0,298.533855,30.86890275,2.70196015,271.36476500000003
2025-02-09,0.0,299.3760475,31.078340750000002,2.807679875,260.82775749999996
2025-02-10,0.0,299.4884325,25.82119325,2.909046075,273.31759
2025-02-11,0.0,299.101875,23.79539725,2.768738875,278.5931725
2025-02-12,0.0,298.542625,15.9748095,3.8456755,279.99016
2025-02-13,0.0,297.9172675,14.572916,3.5969455000000004,275.5360175
2025-02-14,0.0,297.4783275,12.95497525,3.99381825,288.01840500000003
2025-02-15,0.0,297.5725825,13.715829,3.89673675,298.109955
2025-02-16,0.0,297.7591525,16.4934815,3.17658985,296.7555
2025-02-17,0.0,297.67918,21.84768825,3.011757375,290.9590875
2025-02-18,0.0,297.99975,20.107798,2.8245233,295.1360525
2025-02-19,0.0,298.058275,20.74098975,2.318328425,289.8984025
2025-02-20,0.0,298.39332,20.64647275,1.98137995,291.6073625
2025-02-21,0.0,298.8450225,20.53010675,2.67691175,291.403525
2025-02-22,0.0,299.9952925,19.97905825,2.87922575,277.5638575
2025-02-23,0.0,299.4223625,18.9485395,2.9100043749999998,298.2349425
2025-02-24,0.0,300.4488975,26.705503,3.45229505,291.58304499999997
2025-02-25,0.0,301.398545,30.887714250000002,3.5347183,286.380435
2025-02-26,0.0,302.47636,27.473169249999998,3.27836795,274.82493
2025-02-27,0.0,302.3035725,27.424345,3.6223820499999997,278.6956725
2025-02-28,0.0,301.94808,23.494007,2.660526225,276.7257025
2025-03-01,0.0,301.8612075,22.205607999999998,2.85599205,289.034455
2025-03-02,0.0,301.782445,23.12018725,3.241044225,300.60604
2025-03-03,0.0,301.992225,22.19070375,3.1331197499999996,300.62467749999996
2025-03-04,0.0,301.593815,18.7428855,2.533212275,302.86818
2025-03-05,0.0,301.21351500000003,17.84324925,2.949912775,303.8955325
2025-03-06,0.0,302.2903275,18.63646875,3.532220475,300.2951375
2025-03-07,0.0,302.0163775,18.0898045,3.7098585,283.34675500000003
2025-03-08,0.0,302.90844500000003,22.6640535,1.577148625,226.832655
2025-03-09,0.0,303.41607,19.505191,2.5583548,278.1205625
2025-03-10,0.0,302.23568750000004,15.64935025,2.7783965999999998,308.92053250000004
2025-03-11,0.0,302.031125,19.417355999999998,2.822862125,307.93791
2025-03-12,0.0,302.57266500000003,23.3740365,3.3525751,306.99989
2025-03-13,0.0,302.2601925,19.90446725,3.10179375,320.8997875
2025-03-14,0.0,302.5903775,19.9034925,3.28616955,324.807915
2025-03-15,0.0,302.42206999999996,16.443096750000002,2.9566834,328.4244375
2025-03-16,1.120295375e-07,301.742965,17.11038225,2.326831775,316.45712000000003
2025-03-17,2.3812058e-08,302.10400500000003,24.71227425,1.078753175,208.52085499999998
2025-03-18,0.0,301.91958999999997,22.07199475,1.54571445,298.69068
2025-03-19,0.0,302.9492175,20.20418475,2.745650875,285.6203025
2025-03-20,0.0,304.6831525,23.2294975,2.719520275,237.316705
2025-03-21,7.386053749999999e-08,304.1238325,21.2440225,3.292426925,279.4492225
2025-03-22,1.944239575e-08,304.177035,23.02238225,3.4055016,252.7318
2025-03-23,3.649967625e-08,303.3966825,25.51601075,2.939486,281.32389
2025-03-24,5.0362744749999995e-05,303.48951750000003,36.697786750000006,2.765534875,232.5168525
2025-03-25,7.020529875e-06,303.14232000000004,36.61875775,2.59965905,279.59637
2025-03-26,7.50902015e-05,302.80406,42.7597315,1.355780775,231.5032625
2025-03-27,3.074941675e-07,302.3381275,42.7272725,1.3284662999999999,224.53760499999999
2025-03-28,3.725588225e-06,303.03069,41.327776,1.27747855,239.521225
2025-03-29,0.0002056957425,302.402935,51.96378525,1.0735188,234.1232325
2025-03-30,0.0003226522275,301.24874,55.596028,1.798398575,237.65915999999999
2025-03-31,7.3827957e-05,302.219785,50.0929415,1.9340045,260.6220475
2025-04-01,2.7330491500000003e-09,302.410175,38.346653,2.035047375,303.5206825
2025-04-02,5.645249e-09,302.935695,35.12790075,2.2018779250000002,306.195925
2025-04-03,2.29307165e-06,303.2612625,31.8664895,2.829649125,286.9399325
2025-04-04,2.6066495e-06,301.577835,41.932970749999996,2.4678761000000002,217.3813725
2025-04-05,2.7604308499999998e-06,298.788795,53.475451500000005,2.12104835,207.6553225
2025-04-06,0.0,302.474265,32.41651925,1.8878752,321.94645249999996
2025-04-07,5.326214325e-06,303.1598175,28.81918825,1.91847085,300.0304825
2025-04-08,9.62868165e-07,303.1260525,39.3163785,2.6638181249999997,284.41649
2025-04-09,2.12681675e-07,303.57297,33.09510425,2.8020409500000003,292.11188
2025-04-10,0.0,303.3940175,28.97539,2.419450475,325.65121750000003
2025-04-11,0.0,303.547385,26.98888575,2.53640965,320.148885
2025-04-12,0.0,303.4449575,23.80622425,2.5718142999999998,302.91559500000005
2025-04-13,0.0,304.2240775,24.613938,2.7173931749999998,280.7552675
2025-04-14,0.0,303.9638125,25.60750925,2.6806204,248.044735
2025-04-15,0.0,304.65325,23.757077000000002,2.13960325,263.015515
2025-04-16,1.97008525e-06,305.1376775,24.88771225,1.783643775,279.437885
2025-04-17,0.0,303.882765,28.8734385,1.155792875,241.97222
2025-04-18,1.3367143675e-07,304.42105,24.745907000000003,1.311740875,302.7249225
2025-04-19,9.925690775e-06,305.239285,24.5200965,1.5698958250000001,292.9424275
2025-04-20,4.337523425e-05,304.992805,31.6869015,1.849243,266.87782
2025-04-21,9.434583e-06,304.5096575,33.780393000000004,1.61704775,273.0528025
2025-04-22,7.371636175e-08,305.0592075,28.8091005,2.4076779999999998,301.6608675
2025-04-23,3.2807522749999998e-06,305.0875625,28.7345735,2.794814525,290.8890725
2025-04-24,9.004918375e-06,305.3735425,29.735109,2.5001667,270.36942999999997
2025-04-25,0.0,302.03647,44.30392225,2.9932548,212.9084225
2025-04-26,0.0,304.7570675,28.22811375,2.138269925,303.88635999999997
2025-04-27,0.0,305.29391,24.0475085,1.4376957000000001,270.9220675
2025-04-28,0.0,305.7197725,23.392934,1.836762125,279.3783175
2025-04-29,0.0,305.44489999999996,20.12666925,1.9010524,325.93872
2025-04-30,0.0,306.3869225,20.904856,2.029775275,280.483655
2025-05-01,0.0,307.5622775,20.93435575,1.7986027,246.564
2025-05-02,0.0,307.03136,18.467789500000002,1.6309040000000001,324.996535
2025-05-03,4.49902225e-08,308.11546,19.101384499999998,2.139599175,300.15438
2025-05-04,0.0,305.8254275,23.0003645,2.23614945,208.30792250000002
2025-05-05,0.0,307.3933125,23.76155225,1.970279125,262.8487325
2025-05-06,0.0,307.7119475,22.014217,1.977842425,271.78765
2025-05-07,0.0,306.6920875,19.2264175,1.774434275,275.9963475
2025-05-08,0.0,305.6512975,15.22078675,1.999212075,341.7373725
2025-05-09,0.0,306.9799425,13.75280775,2.304349125,358.6186
2025-05-10,0.0,305.960895,14.467716625,3.114667225,360.963175
2025-05-11,0.0,308.1327575,15.06843675,3.7951287750000002,347.344725
2025-05-12,0.0,308.93280000000004,16.64176175,4.0570034999999995,327.5653825
2025-05-13,0.0,308.11608,17.6809465,3.477753575,272.245995
2025-05-14,0.0,307.31086,16.438555,2.999285175,330.9856875
2025-05-15,0.0,308.2478325,16.251012250000002,3.316452325,351.6040125
2025-05-16,0.0,308.1782425,16.6989455,3.8743092,360.5687875
2025-05-17,0.0,308.68529,16.64488825,4.021829025,361.46826
2025-05-18,0.0,308.56296499999996,15.91938175,3.90370145,364.13557249999997
2025-05-19,0.0,308.6132175,16.9102635,3.84397975,363.1423125
2025-05-20,0.0,309.15059,17.2178775,3.81122965,362.81016
2025-05-21,0.0,309.765375,18.80689,4.09702595,304.95083999999997
2025-05-22,4.987294625e-08,309.719405,19.18598475,3.1962843,327.6702025
2025-05-23,4.640176375e-05,307.783205,29.385337,2.4979258,274.4521125
2025-05-24,0.0,305.7212975,36.768536499999996,2.9399053,207.8354975
2025-05-25,0.0,307.8596325,27.71459925,4.029139075,302.4470025
2025-05-26,7.82978175e-06,306.866125,32.267428499999994,2.97702375,277.785745
2025-05-27,4.57756245e-06,308.3221575,27.796275,2.77978355,302.0867075
2025-05-28,0.0,308.18327999999997,29.161579,2.953020775,277.3134225
2025-05-29,0.0,308.506605,26.58478075,2.8775645,322.4115675
2025-05-30,0.0,308.713975,26.343701250000002,2.715839275,316.93213
2025-05-31,0.0,308.660445,27.10277225,3.315442,304.06712500000003
2025-06-01,5.39707725e-06,308.3334425,32.73743975,3.347258,295.027285
2025-06-02,0.0,308.504015,29.2717185,3.681259025,307.8510775
2025-06-03,0.0,309.2497075,25.278108,4.363027425,311.370685
2025-06-04,1.761578775e-05,309.09429,25.79425925,4.409519925,315.30031499999996
2025-06-05,0.0,308.6721725,27.79240125,2.84811055,281.0379925
2025-06-06,0.0,309.57365000000004,25.120174,3.111037375,302.43287
2025-06-07,6.530364275e-05,308.5863425,36.25134175,2.1519838,289.9894625
2025-06-08,3.8700928e-06,304.05899750000003,56.3330585,3.191464025,254.682385
2025-06-09,1.6264240925e-05,302.748175,57.9536845,3.042371925,239.7896725
2025-06-10,0.000233192175,301.0821325,79.1542525,2.165514175,214.6484375
2025-06-11,1.360990615e-05,301.944565,72.91383,2.20649015,233.0281775
2025-06-12,3.374681925e-08,304.0864425,51.584849750000004,3.055938275,310.3545075
2025-06-13,5.96534675e-07,306.0124575,45.977164,2.97163625,312.04504499999996
2025-06-14,3.831153375e-07,306.6878975,43.57032675,2.4763189,300.9284975
2025-06-15,0.0,307.62031249999995,38.086456749999996,2.8515333,318.358975
2025-06-16,0.0,308.07228,36.92503725,3.4725706,311.93627
2025-06-17,0.0,308.5477525,35.562135749999996,3.4410546,310.2626075
2025-06-18,6.7033659e-05,308.29724,41.75414175,3.397155175,299.42578249999997
2025-06-19,0.0001572043725,304.0375075,63.472068,2.6888965,250.45148
2025-06-20,1.5756743225e-06,301.9344325,74.060021,3.4095941,242.9457225
2025-06-21,4.67290725e-05,301.7183175,75.529385,3.4084326750000002,225.602805
2025-06-22,0.000175026935,299.8409325,85.14226125,3.5014169749999997,184.08667
2025-06-23,0.0005787723825,298.90325,93.054995,2.7053618999999998,143.9342075
2025-06-24,0.00035395603,299.07462250000003,92.66436225,2.84575485,172.1712675
2025-06-25,7.79517375e-06,301.1193275,79.62830225,3.6537975,234.1993025
2025-06-26,2.391116e-05,301.2680575,79.12620375,3.06185675,240.940535
2025-06-27,6.529430124999999e-05,301.52909999999997,79.67443374999999,2.476135325,238.692875
2025-06-28,9.24449665e-05,301.3311725,82.3458075,2.372060825,246.989245
2025-06-29,0.00017155755,301.04868999999997,82.82430875,3.17248195,234.7866275
2025-06-30,2.5705360900000005e-06,300.66053,84.71502,3.001575975,215.1771925
2025-07-01,4.2378693e-05,301.737805,80.10095525,3.22416705,258.9754475
2025-07-02,4.04503445e-05,301.8108775,81.396845,2.594059975,256.8251825
2025-07-03,7.2964924e-05,301.4262925,85.41806875,1.7985336250000001,231.3775925
2025-07-04,2.753440425e-05,301.431635,86.57618500000001,1.4504718,229.3659725
2025-07-05,1.4873812500000002e-07,302.06869,82.61522875,1.474902525,239.64384
2025-07-06,0.0,302.2144775,81.82650275,1.172469425,244.888275
2025-07-07,0.0,302.1337,77.754344,2.115269925,247.3094375
2025-07-08,0.0,302.3392775,72.98181375,3.1131337,256.5050925
2025-07-09,0.0,302.758585,73.88538249999999,2.726331325,274.72873500000003
2025-07-10,0.0,303.16713500000003,71.74096125,2.738225275,282.1110375
2025-07-11,0.0,302.9975175,72.57589250000001,2.952554825,278.7965975
2025-07-12,0.0,302.240485,77.628085,2.89422435,234.829025
2025-07-13,0.0,302.88568250000003,70.11231699999999,3.215483,271.6126025
2025-07-14,0.0,303.27435249999996,69.5945025,2.5393569,262.4564425
2025-07-15,0.0,303.61614,71.37835625,2.01736195,266.6096475
2025-07-16,0.0,303.5142875,74.438468,1.8410568,245.705565
2025-07-17,6.6872464e-05,302.38070749999997,81.42639,1.7872719000000001,233.1850075
2025-07-18,0.000116775436,302.3882225,82.779268,1.80498345,239.913595
2025-07-19,8.076269000000001e-07,302.529845,77.40677525,2.302066575,295.344365
2025-07-20,0.0,302.4509125,77.18202775,2.5925588250000002,280.2285375
2025-07-21,0.0,303.2352275,73.78031625,2.2218391,266.3461825
2025-07-22,0.0,303.8852825,71.17525375,1.7482862,262.9119075
2025-07-23,0.0,304.1458425,68.18268125,2.799353425,267.39264249999997
2025-07-24,0.0,303.8743225,67.32752375,3.5738805,273.67942
2025-07-25,0.0,303.8164625,65.8182025,4.281818475,302.9686175
2025-07-26,5.231010499999999e-07,303.7319825,66.6255,4.177122125,255.81620249999997
2025-07-27,0.000360777815,300.84359,85.60068875,5.0735303,209.4611825
2025-07-28,0.0003774709175,299.12387,93.5684595,3.7558192249999998,151.6269025
2025-07-29,0.0001046826535,301.0875375,88.1670385,1.615088125,249.1034175
2025-07-30,0.0001193331515,301.40813249999997,88.402576,2.0239405,247.888275
2025-07-31,4.1441453e-07,301.9235475,82.11862375,2.89233455,278.803125
2025-08-01,0.00011813648249999999,301.171525,84.53175999999999,2.4032814499999997,251.6500475
2025-08-02,0.0002870622125,299.824755,91.39850874999999,2.374061325,208.6865175
2025-08-03,0.000157594715,300.0481975,88.79029775000001,3.082578,226.981695
2025-08-04,0.0002254892,299.97258999999997,88.52950849999999,3.7019333999999997,214.547445
2025-08-05,1.0634817750000001e-06,300.081835,83.545505,3.655479725,226.9403325
2025-08-06,6.2675427250000004e-06,300.63023499999997,80.490371,3.6652246,272.7442725
2025-08-07,6.0193731500000006e-06,300.71558,82.15894475,3.9855239,251.0089725
2025-08-08,6.509608500000001e-07,300.30908250000005,83.52149225,3.504954225,225.27215
2025-08-09,8.5191905e-06,300.47137499999997,82.94486275,3.020435925,239.7451175
2025-08-10,8.89997425e-07,300.3092175,86.743106,2.5644886,234.9112475
2025-08-11,6.382734825e-05,300.1775725,86.910365,2.651514725,230.00284
2025-08-12,0.0,300.201905,83.74876125,2.93185495,233.2037625
2025-08-13,0.0,300.2453625,83.13202625,3.007866725,241.59841749999998
2025-08-14,1.136614275e-06,300.268235,84.61739874999999,3.0862800999999997,236.8852225
2025-08-15,0.0,300.43431499999997,80.37126025,3.137098675,270.44617
2025-08-16,0.0,300.5177225,82.4907275,2.859388775,259.5378725
2025-08-17,3.905690275e-07,300.41961749999996,86.17534125,1.787942675,244.890375
2025-08-18,0.0,300.272775,88.859839,1.7723095,220.73283500000002
2025-08-19,8.57198575e-06,301.0046675,82.107865,2.3990058249999997,250.8132875
2025-08-20,0.0003749229675,299.9544025,89.7157725,3.31492165,217.87996750000002
2025-08-21,0.0005575226225000001,299.7568675,93.58440125,3.5266260000000003,147.994325
2025-08-22,4.846953425e-05,299.5337475,92.49509499999999,2.9474908749999997,209.8784975
2025-08-23,3.332138625e-06,300.269575,86.81635525,3.155961875,246.65725
2025-08-24,3.97698125e-06,300.27826000000005,86.1156335,2.8384618,238.910865
2025-08-25,5.3060991249999996e-08,299.717745,89.653464,3.26383075,211.446965
2025-08-26,0.00011000706124999999,300.111535,89.287175,3.24726465,223.3205625
2025-08-27,0.0,300.485925,84.1945765,3.294055275,237.830015
2025-08-28,0.0,300.83232499999997,76.6702035,3.88480415,283.6796425
2025-08-29,0.0,300.278105,82.1718465,3.4675531,233.75748
2025-08-30,0.0,300.1802775,81.9477825,3.148022175,230.684745
2025-08-31,4.8854702499999995e-06,300.0353775,86.14000625,2.877231975,230.4395875
2025-09-01,0.0,300.4096925,80.77637,2.55070825,268.0593475
2025-09-02,0.0,300.543765,82.30948125,2.1152382,253.74303
2025-09-03,0.0,300.613495,80.81272375,2.30294215,260.3994
2025-09-04,9.40742525e-07,300.1757625,81.91471525,2.7644712250000003,236.409795
2025-09-05,0.0,300.72563,75.117114,3.309656,260.21946249999996
2025-09-06,7.973481049999999e-05,300.4494775,81.42427599999999,3.37251545,240.8041075
2025-09-07,0.0002930345,300.0244475,81.11316649999999,4.198509125,250.9026725
2025-09-08,0.000147767855,299.58823,89.0248775,3.818375125,208.009685
2025-09-09,0.0001583110725,299.6904675,89.329675,3.9093923,217.5902875
2025-09-10,0.000133722405,298.93827250000004,92.8083475,3.0637458,173.61124999999998
2025-09-11,0.00025487660750000003,299.30978,91.30855125000001,1.7793472750000001,207.2082175
2025-09-12,3.15513405e-07,299.014915,93.02496625,1.4222666,186.2663925
2025-09-13,2.1658849999999997e-06,299.6998275,87.731794,2.885463025,225.71657249999998
2025-09-14,7.323595e-06,299.623665,87.7742565,3.35519545,224.46999499999998
2025-09-15,8.2141755e-06,299.98168250000003,82.772445,2.93626995,238.5451975
2025-09-16,0.000246162195,300.158955,85.350295,3.127106425,237.3222925
2025-09-17,5.02016995e-05,299.6023025,90.250806,1.917917975,204.55148
2025-09-18,0.0004811076675,298.9627325,94.31567225,2.3407964999999997,173.33117
2025-09-19,0.000409597515,299.0075125,94.70093225,2.90887195,173.7274025
2025-09-20,1.000414225e-07,299.7003025,87.3186375,2.06617995,244.26685
2025-09-21,7.163451499999999e-07,299.868405,89.46364750000001,1.344419725,220.855095
2025-09-22,0.0001159981835,299.6167675,91.7364975,1.21976255,210.839315
2025-09-23,4.2357482e-05,299.76106749999997,89.43510325,1.401842525,221.44114000000002
2025-09-24,0.0,300.0432575,86.09611125,1.36252475,246.986555
2025-09-25,0.0,300.344165,84.9479125,1.3266692,239.74155000000002
2025-09-26,0.0,300.8727025,79.7121475,1.378457775,245.761315
2025-09-27,0.0,301.0690225,75.922631,1.612847925,265.95541249999997
2025-09-28,2.8825368e-06,299.7516275,87.376435,1.689432,221.1218525
2025-09-29,1.65645e-07,299.5645225,87.8824615,1.8923941,227.9853325
2025-09-30,0.0001215651475,299.269895,90.18242599999999,1.752487725,214.7265025
2025-10-01,1.8820780362500002e-06,299.0427025,87.87998400000001,1.5916406250000001,221.41379
2025-10-02,1.4507078e-05,299.1945975,87.08209,1.148918025,229.6297775
2025-10-03,3.262352375e-05,299.564415,86.3798985,1.1156201000000001,234.6628825
2025-10-04,1.03316656e-05,299.3286925,86.503045,0.77198185,223.95247999999998
2025-10-05,2.364431575e-06,299.6233275,82.5624875,0.744972575,230.5868175
2025-10-06,5.0712948e-06,300.6106925,76.7978025,1.2756112,246.70619
2025-10-07,0.0,300.89288999999997,75.99079524999999,1.4177266,243.77693
2025-10-08,0.0,300.1990975,77.2031835,1.591520925,241.3651375
2025-10-09,0.0,299.225045,84.377576,1.432937675,218.5957425
2025-10-10,7.21993125e-06,298.9138425,87.086483,1.10677995,210.94729
2025-10-11,9.5949785e-07,299.2824025,83.8877475,1.672720625,226.52633
2025-10-12,0.0,299.85812250000004,76.0065225,1.8210983,246.4054975
2025-10-13,1.2236044999999998e-07,299.8057975,80.20931,2.066451475,229.462045
2025-10-14,0.0,299.5956025,76.39741,2.2040559,236.84194
2025-10-15,0.0,299.71576,77.6103445,1.546441225,228.2239375
2025-10-16,0.0,299.37899,57.76174475,2.0487328,218.09303
2025-10-17,0.0,299.2440725,48.22567025,2.24632945,231.01505500000002
2025-10-18,0.0,299.1632225,54.53880825,2.91350005,221.87473
2025-10-19,0.0,300.1362425,47.77300225,3.207138375,276.11531
2025-10-20,0.0,299.650855,53.76497675,3.0819449,229.46942
2025-10-21,0.0,300.218365,61.94323575,2.5957687750000003,217.4115
2025-10-22,0.0,298.9202575,47.27568575,2.609930475,230.1871425
2025-10-23,0.0,298.1005475,51.74041975,2.20077685,207.1444625
2025-10-24,0.0,298.3311025,55.445746,1.63748045,238.92553750000002
2025-10-25,0.0,299.472335,52.555809,1.6365047750000001,246.94459
2025-10-26,1.025194775e-06,299.75987499999997,62.6043625,1.219767975,235.2335475
2025-10-27,1.8665317e-06,300.032275,63.240245,1.6097258,221.43767250000002
2025-10-28,4.01073525e-06,299.54028,77.37435124999999,1.868891875,213.3385475
2025-10-29,4.47698635e-07,299.14473,64.298337,2.52565475,223.0299525
2025-10-30,0.0,298.945585,53.915376,2.953279925,237.7544425
2025-10-31,3.4677370749999998e-06,297.4242975,66.41446275,3.2921224000000002,186.420455
2025-11-01,0.0,297.38971000000004,63.413717000000005,4.05507885,180.29569750000002
2025-11-02,4.850528775e-05,296.75544249999996,81.73396100000001,3.1871103,171.25231250000002
2025-11-03,3.497956625e-05,298.2677625,74.08307725,2.512509925,208.4986975
2025-11-04,0.0001243395235,298.9093075,79.664176,2.6874266249999996,180.8896325
2025-11-05,0.0001481284075,296.3041,88.438785,2.296786775,153.23293
2025-11-06,1.4877292e-06,297.7233575,65.98798875,1.973471125,234.1450825
2025-11-07,3.944136875e-08,297.041385,53.499671,1.4553810249999999,244.233535
2025-11-08,6.2032455e-07,296.78658,53.398204,1.184724725,241.75332
2025-11-09,1.2610790500000001e-06,297.58902,62.982651000000004,1.5690368000000001,223.6586225
2025-11-10,1.093648175e-07,297.74259,61.30814825,1.791340075,219.538545
2025-11-11,0.0,297.0034225,50.520051249999995,2.2440428,235.811985
2025-11-12,0.0,296.54985,45.3368765,2.76698595,248.6274575
2025-11-13,0.0,296.09907499999997,41.85077625,2.698387525,251.1233825
2025-11-14,0.0,295.60286,37.6527195,2.6971290249999997,251.170265
2025-11-15,0.0,295.1867425,39.070266000000004,2.506377875,249.5245875
2025-11-16,0.0,295.4188975,42.19962125,2.350343475,246.1276125
2025-11-17,1.00315865e-06,296.2056175,51.78644275,2.609529025,237.6100925
2025-11-18,1.8045092500000001e-06,297.664125,67.06016199999999,2.621644575,181.8306175
2025-11-19,0.0,296.566305,40.129164,3.5249400250000003,221.1564025
2025-11-20,0.0,295.6403475,30.161564249999998,3.377771025,246.74076
2025-11-21,0.0,295.2047475,27.61070275,3.058551825,204.77897000000002
2025-11-22,0.0,294.6984425,28.33318725,3.199211075,198.91189500000002
2025-11-23,0.0,294.9825375,34.57687625,3.1268952,218.77817
2025-11-24,0.0,295.8954875,54.360744000000004,2.4531039,217.6481725
2025-11-25,0.0,297.04152,63.1883535,2.15066145,197.7744825
2025-11-26,0.0,296.5037125,62.58128925,2.4698527,205.1505625
2025-11-27,0.0,297.3895825,51.0285455,3.132680025,220.2925975
2025-11-28,0.0,297.34693500000003,49.58279225,3.08071665,225.72349
2025-11-29,0.0,296.6116525,41.381018,2.82652395,241.8905775
2025-11-30,0.0,295.9847975,38.3976815,2.79554955,242.84193
2025-12-01,0.0,295.41146000000003,39.95204925,2.709542275,225.94497
2025-12-02,0.0,295.1400925,36.29384825,2.514421475,242.1653675
2025-12-03,0.0,295.05172749999997,31.867870749999998,2.6868811,247.4185175
2025-12-04,0.0,294.782105,31.539697,2.34055245,246.871515
2025-12-05,0.0,294.7334025,33.765474999999995,2.3155783999999997,241.980125
2025-12-06,0.0,295.03691000000003,37.164446,2.423307925,235.78188
2025-12-07,0.0,294.9385975,33.83236675,2.7119645749999997,241.3644425
2025-12-08,0.0,294.6175475,31.9093785,2.636775075,248.24797999999998
2025-12-09,0.0,294.4744225,32.616322499999995,2.9762162,246.0658075
2025-12-10,0.0,294.51287,32.16155775,2.8250432,245.37696499999998
2025-12-11,0.0,294.29862,33.98831575,2.773300225,238.929795
2025-12-12,0.0,294.2216475,33.786319750000004,2.298025025,245.940515
2025-12-13,0.0,294.51287,33.90237975,2.40909235,245.5250275
2025-12-14,0.0,294.6920675,35.67833625,2.322344675,241.873095
2025-12-15,0.0,295.181835,34.40643025,3.322477025,237.318435
2025-12-16,0.0,294.3657375,28.02482925,3.7073815,237.403405
2025-12-17,0.0,293.5319425,27.94676525,3.1910979,214.4107875
2025-12-18,0.0,294.3296325,32.055608250000006,3.67966015,210.46613
2025-12-19,0.0,294.44811749999997,46.9422695,4.0102681,185.92607
2025-12-20,0.0,295.0139775,62.319306,4.04126745,171.02104
2025-12-21,0.0,295.3209,57.796858,3.118029525,185.4580275
2025-12-22,0.0,295.9049525,46.8817625,2.966592725,230.2234375
2025-12-23,0.0,295.7637925,44.3538045,3.1784801,247.66333
2025-12-24,0.0,295.35339,45.823288,2.743780675,225.6261925
2025-12-25,0.0,297.43300999999997,53.90923575,2.40171985,203.8649675
2025-12-26,0.0,296.47294,56.67840975,2.228132825,179.27182
2025-12-27,0.0,297.274905,43.260608,3.123473525,208.1543725
2025-12-28,0.0,296.052465,33.958301500000005,3.4263706000000003,216.616195
2025-12-29,0.0,294.0504775,26.35519575,3.7916116,230.674125
2025-12-30,0.0,292.331135,23.54120675,3.414420375,252.90466
2025-12-31,0.0,291.8700225,24.24304275,3.2889314,265.724695
2026-01-01,0.0,291.821555,26.17799475,2.87343355,258.5962625
2026-01-02,0.0,291.987805,27.67263075,2.247458875,256.187105
2026-01-03,0.0,292.97879,30.042696,2.071740925,251.9409325
2026-01-04,0.0,293.6030375,31.94574225,2.31582705,249.589815
2026-01-05,0.0,294.042325,31.96848725,2.609767475,250.22084999999998
2026-01-06,0.0,293.6781675,33.438252,1.8591216,250.1186825
2026-01-07,0.0,294.70111,37.538979499999996,1.971145125,247.3029225
2026-01-08,0.0,295.346275,40.00486075,2.052433125,243.6582575
2026-01-09,0.0,295.5126475,39.065095,2.14693565,243.0514925
2026-01-10,0.0,295.6858925,38.98732175,1.80350695,238.0356425
2026-01-11,0.0,295.777305,39.4327215,1.986999075,245.770475
2026-01-12,0.0,295.7463275,39.155597,1.88300815,248.53379
2026-01-13,0.0,296.195715,42.7069635,1.9110435,243.90723500000001
2026-01-14,0.0,296.662085,43.48334025,2.354704425,239.026845
2026-01-15,0.0,297.05764999999997,40.932525,2.8532034,250.0456275
2026-01-16,0.0,296.5956425,42.753913,2.47908325,250.427205
2026-01-17,0.0,296.3253575,42.62018775,2.09437445,250.5602
2026-01-18,0.0,296.950915,39.290286,2.34876925,254.8589225
2026-01-19,0.0,297.061785,38.928728,2.27414965,249.007785
2026-01-20,0.0,296.6076225,30.31880475,3.3297486249999997,254.143645
2026-01-21,0.0,295.4849325,22.6658115,3.81564005,255.147155
2026-01-22,0.0,294.97193000000004,21.016088,3.664811575,276.0209275
2026-01-23,0.0,294.7893275,20.91700875,3.767072125,275.2376425
2026-01-24,0.0,295.0041775,23.044684,3.07978055,260.61791
2026-01-25,0.0,294.9245125,24.7793215,2.7750197500000002,265.2421475
2026-01-26,0.0,294.75513,26.07850325,1.622333325,265.357515
2026-01-27,0.0,295.2556725,29.1576825,2.0419629500000003,265.303285
2026-01-28,0.0,296.2769725,30.1651675,2.0521605750000003,261.38135750000004
2026-01-29,0.0,297.0351625,34.534871,2.208766025,258.0923825
2026-01-30,0.0,297.8550275,35.678456499999996,2.38848035,254.36507749999998
2026-01-31,0.0,297.768875,35.298173750000004,2.6127709,256.41766
2026-02-01,0.0,298.1891525,34.551174,2.27239905,256.69281
2026-02-02,0.0,298.039495,32.167895,2.5863122,264.87528
2026-02-03,0.0,297.7559325,30.78608775,2.4927234,267.34429
2026-02-04,0.0,297.4864475,24.89038625,3.321613825,274.07946749999996
2026-02-05,0.0,297.245835,25.897361,3.462206725,270.792335
2026-02-06,0.0,296.84029499999997,29.527091249999998,2.7069081749999997,272.1501825
2026-02-07,0.0,296.929895,33.53689625,2.891082425,274.5089475
2026-02-08,0.0,298.62091,38.6276565,2.5569138000000002,265.978015
2026-02-09,0.0,298.8134475,32.54182075,3.299646,275.29996
2026-02-10,0.0,298.55444750000004,33.73643,2.84104695,268.350075
2026-02-11,0.0,298.50862,33.62469625,2.7985945,272.0544825
2026-02-12,0.0,298.5105975,32.11597825,2.8872468,280.0989275
2026-02-13,0.0,298.5628125,32.265359000000004,2.936637075,278.3245825
2026-02-14,0.0,298.32944,29.04477875,2.2469646,278.3699775
2026-02-15,0.0,298.524075,27.958952,1.924230225,281.01550499999996
2026-02-16,0.0,298.97610499999996,27.4690415,2.1632996,283.5409525
2026-02-17,0.0,299.496435,26.252704,3.01042765,283.2147175
2026-02-18,0.0,299.37019499999997,25.00827125,3.62986305,281.32453250000003
2026-02-19,0.0,299.6853475,27.641676500000003,3.357337225,275.8911125
2026-02-20,0.0,300.056795,29.251230749999998,3.68389235,273.382905
2026-02-21,0.0,300.45585,32.108488,3.636745475,220.221905
2026-02-22,0.0,300.74940000000004,30.3330625,3.7602904500000003,260.60725
2026-02-23,0.0,300.419695,32.981455499999996,3.422933875,243.6221775
2026-02-24,0.0,301.285745,32.5656215,3.6141886,235.3878375
2026-02-25,1.113161875e-07,297.0033125,56.8211305,2.81469405,154.27282
2026-02-26,0.0,297.463925,58.266239,2.798098125,187.3986175
2026-02-27,0.0,300.3577775,43.816563,2.69151945,227.40143999999998
2026-02-28,3.7543551e-07,297.95925,58.90320175,3.018633075,171.217455
2026-03-01,3.1313164249999997e-06,300.957675,47.46686625,2.9052083250000003,229.3189475
2026-03-02,1.6923958749999998e-05,301.67280500000004,44.72028,3.12002345,237.34813
2026-03-03,6.604570875000001e-06,300.17856,48.373972,2.9332709,245.4080275
2026-03-04,1.413250075e-06,301.7833025,41.28169175,2.75560485,262.812415
2026-03-05,1.029393725e-05,302.44106750000003,41.1883725,3.1645997,243.22118
2026-03-06,7.657458675e-07,301.159545,45.05377025,2.638572175,228.2152575
2026-03-07,7.18314725e-09,302.110095,38.52991225,2.8649290499999998,279.350285
2026-03-08,6.94309125e-09,299.39907500000004,53.087136,2.9997614,187.29976499999998
2026-03-09,0.0,300.82688,43.3651045,2.94785945,235.97583500000002
2026-03-10,0.0,301.5012475,35.22360825,2.84603075,303.70811249999997
2026-03-11,0.0,301.7270575,30.02495875,2.9715358,291.083095
2026-03-12,0.0,301.903685,27.2161945,2.68962975,301.6001125
2026-03-13,0.0,302.6462325,25.723554749999998,2.720897625,302.6253175
2026-03-14,0.0,303.0597975,26.755543250000002,2.588083925,305.16144
2026-03-15,0.0,304.217645,28.431607749999998,2.306785275,259.27229
2026-03-16,0.0,303.627295,32.17893375,2.189392025,245.25234
2026-03-17,0.0,302.343085,36.374113,2.257805625,239.43170750000002
2026-03-18,0.0,303.443885,30.836152249999998,1.4343062,293.84443749999997
2026-03-19,0.0,304.53769,29.70554275,2.0153579500000003,271.1239775
2026-03-20,1.88471255e-06,304.6758,31.389752249999997,1.8855383,250.3275925
2026-03-21,3.7295561e-07,302.86351,35.75176325,3.33102095,243.53414750000002
2026-03-22,5.0118775000000005e-08,301.9267125,41.7620675,3.346731,216.99390499999998
2026-03-23,0.0,303.154905,33.289864,2.64086295,274.03517
2026-03-24,0.0,303.13019499999996,27.6674215,2.81158265,323.0272975
2026-03-25,0.0,303.12005,26.353686500000002,2.3402387,319.32235000000003
2026-03-26,0.0,303.726745,24.97515425,2.253856,313.04
2026-03-27,0.0,303.56894,23.84083,2.8385569,318.424735
2026-03-28,0.0,303.7110275,22.965360750000002,3.185130125,285.46320249999997
2026-03-29,0.0,303.3599225,25.229708000000002,3.389826925,307.090525
2026-03-30,0.0,303.9386675,26.4506725,3.4026765,309.26207999999997
2026-03-31,0.0,303.9024075,25.11781725,3.214185775,312.270745
2026-04-01,4.1241316e-08,303.54303749999997,24.25541275,3.0043705999999997,304.1296575
2026-04-02,0.0,304.0676275,26.79330075,2.71275835,251.6052225
2026-04-03,1.00313335e-07,303.6275025,31.2549415,2.94772845,288.8960775
2026-04-04,0.0,302.79322,39.20821125,2.825909075,219.3439225
2026-04-05,0.0,304.26842,28.960538,2.15659595,258.3085825
2026-04-06,0.0,304.886235,23.43918825,2.503747375,305.046665
2026-04-07,0.0,304.27702,21.31174275,2.02274165,339.1593075
2026-04-08,0.0,303.8737775,22.915924500000003,1.87848805,315.930885
2026-04-09,0.0,305.1100275,22.38417825,2.31732835,311.41743
2026-04-10,6.802484625e-06,305.7483375,25.96343775,2.8966322499999997,292.342885
2026-04-11,5.74404655e-05,304.51593,32.3507,3.168596025,278.8476
2026-04-12,9.0042535e-05,303.0185975,45.5304135,1.5899928,260.79173249999997
2026-04-13,7.56286255e-05,303.360595,46.72903475,1.101562175,273.3243
2026-04-14,1.5330775825e-06,304.192615,33.891161499999995,1.7219546749999999,309.94941
2026-04-15,1.155961e-06,302.95097999999996,37.323387,1.628599875,239.02912
2026-04-16,2.705380875e-07,304.40582,30.439303250000002,1.05520125,298.668345
2026-04-17,0.0,304.5776425,29.79719175,1.6438911250000001,254.9230125
2026-04-18,0.0,304.9654875,25.871208,1.4705299749999998,255.25271500000002
2026-04-19,0.0,304.30823250000003,23.433980000000002,1.79025935,308.132785
2026-04-20,0.0,304.83790750000003,28.771299749999997,2.781013825,255.2456425
2026-04-21,0.0,304.5936275,28.068356,2.385208325,242.697905
2026-04-22,0.0,305.5334325,25.35793,2.586418825,275.55326
2026-04-23,0.0,305.943555,24.10760275,2.260136425,309.1478425
2026-04-24,5.536947375e-07,306.261835,23.85145325,2.681591775,294.599775
2026-04-25,8.0094945e-06,306.1258775,26.495165749999998,1.700757075,293.568885
2026-04-26,2.095803475e-07,306.0994875,25.50260425,2.1358184749999998,304.5209875
2026-04-27,0.0,305.57714,22.67676975,2.2130185,321.127035
2026-04-28,0.0,306.0660125,20.90085525,1.7393657,330.107415
2026-04-29,0.0,306.475295,20.88246325,2.304024575,307.017515
2026-04-30,3.73587815e-08,306.3578175,24.506979,1.962932775,268.8015425
2026-05-01,2.9358755499999997e-06,306.42438749999997,27.923203,1.5374177,262.91645
2026-05-02,6.3999290000000005e-06,305.6605575,32.082573000000004,2.129661375,251.65382499999998
2026-05-03,0.0,306.1389825,29.156479,2.6359060000000003,275.8425525
2026-05-04,5.0727467e-07,306.3020475,27.0825385,2.488764825,308.8532275
2026-05-05,5.36681765e-07,306.56064000000003,26.357343,2.205064825,290.0104
2026-05-06,1.043815725e-07,306.552745,25.26786125,2.343567025,289.8641075
2026-05-07,4.1911067e-06,306.3873675,27.0000585,2.13320715,260.3963875
2026-05-08,8.1389155e-06,306.11256749999995,27.467169499999997,2.561270425,298.8210525
2026-05-09,1.5150454499999999e-05,306.013745,31.9240325,2.4113092,272.9013375
2026-05-10,1.0625657125e-05,306.16031,29.22555475,2.4746489,308.128035
2026-05-11,4.9196426e-07,305.891095,29.24556725,1.8200045,298.16789
2026-05-12,6.18721575e-08,305.9409775,25.61684025,1.91158475,325.59928
2026-05-13,6.000996025e-06,305.796545,30.422104,1.910808675,257.30049
2026-05-14,2.1092687e-06,305.938415,28.39767,1.814272925,321.04702
2026-05-15,6.22610775e-09,306.1791275,25.744284,2.097230975,323.4896225
2026-05-16,0.0,305.961935,26.9116495,2.673987975,260.965905
2026-05-17,0.0,305.49766999999997,23.236317,2.564124875,330.1156775
2026-05-18,0.0,306.57714,21.008041,2.9952367,342.1840775
2026-05-19,0.0,307.6287175,19.9509245,3.499882875,316.362725
2026-05-20,0.0,307.556915,19.480567,3.33174365,350.83785
2026-05-21,0.0,307.50210500000003,18.6043285,2.7967763,332.63226
2026-05-22,0.0,307.90384,17.88511025,2.4314698249999998,313.0431375
2026-05-23,0.0,308.4451125,17.76487625,2.657738625,292.9448975
2026-05-24,0.0,307.8230225,18.99879575,2.800021,263.79286
2026-05-25,1.8674763e-08,307.03389749999997,18.5233145,3.7950502999999998,338.050565
2026-05-26,0.0,308.42073500000004,22.05087425,3.50948995,331.162865
2026-05-27,2.81873495e-07,304.9383225,33.41588925,2.123735,218.4544925
2026-05-28,0.0,306.56041749999997,23.68569825,1.545562225,327.2286375
2026-05-29,0.0,307.81903,20.499496,1.910680475,330.30282750000003
2026-05-30,1.338841775e-07,307.90351499999997,23.806055999999998,2.951852175,293.62778000000003
2026-05-31,5.6145785e-06,304.911335,39.247035,2.1046791750000002,225.69325
2026-06-01,0.0,306.3123075,38.06658775,4.196264625,289.1563875
2026-06-02,5.2246025e-06,303.3078,56.87221325,4.424744175,250.5241375
2026-06-03,1.931939825e-07,305.719295,39.049873500000004,4.208542975,292.151655
2026-06-04,0.0,307.0605025,28.37875375,2.719440575,313.9684325
2026-06-05,0.0,307.9615475,23.663487,3.2200228,339.42816
2026-06-06,0.0,308.86782,22.85152125,2.57722075,307.0488775
2026-06-07,0.0002187924075,306.99327,34.571613,2.941980425,290.75866
2026-06-08,0.0003407743,299.7532975,81.63372,2.9283175249999998,174.2760675
2026-06-09,0.0,301.8203775,60.8086945,4.1870952500000005,249.78003
2026-06-10,0.0,304.7252975,45.752926,4.4544759,320.56212
2026-06-11,0.0,304.76478,47.143551,4.34679215,320.79398
2026-06-12,4.659614825e-05,305.343005,52.95816575,3.644621225,295.44123
2026-06-13,0.000175034545,300.43358,73.31759,2.79899205,223.517095
2026-06-14,0.0002267878425,300.7476775,77.87801625,2.2754587,239.0977625
2026-06-15,0.00011935154500000001,300.7000375,80.36195000000001,1.7775339749999999,253.31030750000002
2026-06-16,1.6692511875e-05,301.55161,74.66023,2.2149902,287.05366
2026-06-17,6.1481642425e-06,301.770765,69.90373,2.293735075,286.987435
2026-06-18,4.107281525e-05,302.597995,67.1538125,2.425226075,285.0204275
2026-06-19,7.842219095e-06,301.5359575,68.408266,3.3940745,256.899155
2026-06-20,8.497480025e-06,300.8072625,72.2368285,3.884947875,238.1556475
2026-06-21,4.38747715e-05,300.17114,76.23136249999999,4.147347075,226.67833
2026-06-22,2.5174829e-05,300.0853925,78.50542125,4.063706575,216.6908525
2026-06-23,0.0,300.68744000000004,73.914809,4.2326319,249.621145
2026-06-24,0.0,301.0513775,71.3317975,3.77423585,241.63281
2026-06-25,3.26847575e-07,301.0731825,72.99862,3.900865125,233.265465
2026-06-26,0.0,301.250165,68.89012975,4.107344625,253.8141775
2026-06-27,0.0,301.97068,63.1340975,4.14369005,251.74495
2026-06-28,0.0,302.252425,61.7456695,3.9881792750000002,281.7462025
2026-06-29,0.0,302.46584,61.019635,3.784789675,288.43386250000003
2026-06-30,0.0,303.01009750000003,56.2494265,4.181775325,296.178105
2026-07-01,0.0,303.38695,58.988113750000004,4.1190034749999995,293.0243475
2026-07-02,0.0,303.22990749999997,59.33980325,3.5757248,271.505965
2026-07-03,0.0,303.37692499999997,59.5598975,2.7307785,259.382325
2026-07-04,7.90447315e-05,303.21502250000003,67.050085,2.618788475,251.5861025
2026-07-05,0.0001070281065,301.8851475,80.0027375,2.28014875,229.1309375
2026-07-06,6.68636085e-06,301.7001625,79.55506025,3.3708377250000003,253.8987125
2026-07-07,9.036139625e-06,302.58226,69.8238825,3.0947456,268.54701
2026-07-08,9.077446749999998e-06,303.313575,66.00918525,3.7990397000000002,282.729495
2026-07-09,2.3458428250000003e-06,302.13266999999996,70.1046265,4.146792525,230.36705
2026-07-10,6.593144e-07,302.142265,68.954331,4.0436759,230.54608000000002
2026-07-11,4.9386205e-06,302.41701,67.867693,3.6853914750000003,229.677405
2026-07-12,5.688077125e-08,302.61936000000003,69.20174,3.273893025,241.9475625
2026-07-13,0.0,303.0603225,65.34263,2.8460689500000003,278.961715
2026-07-14,3.3597047500000004e-07,302.52633000000003,71.21677375,2.48901545,232.27793
2026-07-15,1.9795679250000002e-07,302.18550500000003,75.96400875,2.0247363000000003,238.012315
2026-07-16,2.4276563e-05,302.0603975,79.4998555,1.5911757999999998,230.0676925
2026-07-17,0.0,302.1738725,74.7698775,1.707219925,240.9288275
2026-07-18,0.000144154875,301.4565025,86.46595375,1.2177968,221.41209750000002
2026-07-19,0.00019499951250000002,300.84866999999997,90.9698525,0.911360045,212.878985
2026-07-20,0.0002423104325,301.30334,89.5098775,1.326303025,225.60274750000002
2026-07-21,0.00037447448,300.7749625,92.29085975,1.3220953,221.4787525
2026-07-22,0.00035224732,299.72789,92.5879925,3.7888970250000003,193.7079875
2026-07-23,0.0002182170075,300.0341275,91.31023325000001,3.162433675,187.97788
2026-07-24,0.000137691339,300.8757,88.576459,3.17218875,225.53361
2026-07-25,7.3687151075e-06,301.0225825,83.9912025,5.385502750000001,224.68176
2026-07-26,6.8783339e-05,300.6201,84.71960125,5.845546825,216.6555125
2026-07-27,9.063730224999999e-05,300.4234175,85.35383125,5.939750025,216.3678225
2026-07-28,2.78711175e-05,300.1832925,87.40075375,5.178824325,200.38726
2026-07-29,0.00019831001499999998,300.1881925,88.97513,4.7516187,203.58165499999998
2026-07-30,0.00031101372,299.4030725,91.004564,4.303870325,183.8086275
2026-07-31,6.853607375e-06,300.3530825,88.8139505,3.9000889499999998,204.24031250000002
2026-08-01,1.6461942e-05,299.1664075,90.6540235,3.293567775,197.04515750000002
2026-08-02,1.0899243275e-05,299.4498225,89.96099975,3.3639192,212.9215875
2026-08-03,3.653208025e-05,299.38970500000005,90.221296,3.2230412,206.79474249999998
2026-08-04,5.19153475e-05,299.8947675,88.3765535,4.0561105,225.5501575
2026-08-05,0.0,299.7143425,88.0071935,4.169299575,216.5571675
2026-08-06,2.5048602750000004e-06,299.9957675,87.24499,3.02274125,237.9455775
2026-08-07,0.0,300.27110749999997,84.3029675,3.040088925,249.100155
2026-08-08,0.0,300.28196,85.46764375,2.85664975,244.6831125
2026-08-09,0.0,300.34713999999997,81.5151975,2.701047625,267.8781375
2026-08-10,0.0,300.65765,81.31486875,2.873316875,239.94733499999998
2026-08-11,6.603843375000001e-08,300.9059625,78.1144875,3.3708462,280.61275
2026-08-12,4.916413575e-07,300.15897,83.21364525,2.8554419749999997,244.7563275
2026-08-13,0.0,300.3505275,80.77261375,2.2728926,271.9611825
2026-08-14,0.0,300.794305,80.80646,1.9146932,252.3630825
2026-08-15,0.0,300.96574499999997,79.4032195,1.85368745,255.69615249999998
2026-08-16,0.0,300.83981,82.32224725,1.61760755,244.0707325
2026-08-17,5.39782125e-06,300.7865175,86.4579925,1.313835625,234.5523575
2026-08-18,0.0,301.01288999999997,79.910735,2.2395351750000003,257.0968275
2026-08-19,0.0,301.6988525,75.30108100000001,2.613350225,296.7391
2026-08-20,0.0,301.2755825,76.2395615,2.5757763000000002,270.00543749999997
2026-08-21,0.0,301.5735325,73.43249,2.602974,300.9717025
2026-08-22,4.7949877500000005e-06,301.28328,75.46517374999999,2.921065775,290.4968425
2026-08-23,0.00022974357,300.01607,87.942914,2.963105175,223.3180225
2026-08-24,6.9802339e-05,299.9314625,89.2791925,2.464528075,221.7319725
2026-08-25,0.0,300.69803249999995,77.8478935,3.3620137000000003,253.4315825
2026-08-26,9.472310075000001e-07,300.7325775,79.78913525,3.22214265,259.9372975
2026-08-27,0.00013017858650000001,299.65407749999997,88.730741,3.3773902,210.5686825
2026-08-28,0.00033084916499999997,299.3688375,92.7151375,2.513601425,202.88768
2026-08-29,1.4086926125e-05,299.684305,91.0157875,1.6684625,219.89230500000002
2026-08-30,1.5071417175000001e-05,299.8057225,89.94579375,2.85044895,224.48719
2026-08-31,7.730031e-06,299.8378275,89.032153,2.2897122000000003,221.1673025
2026-09-01,8.404656275e-05,300.329015,89.126555,1.17563975,239.1961075
2026-09-02,0.000181774875,299.89099,92.09889000000001,1.1051479499999999,222.4020275
2026-09-03,0.00028291344,299.9044575,91.64868225000001,1.433018975,238.74813
2026-09-04,0.000180351245,299.8849375,91.2339415,1.171636575,232.4859175
2026-09-05,1.7843121325e-05,300.23260500000004,88.216672,1.271758,235.124225
2026-09-06,0.0,300.2171875,87.3255185,1.224589075,240.4831325
2026-09-07,0.0,300.467865,83.722374,1.1353412999999999,251.7557775
2026-09-08,0.0,300.897675,81.0536725,1.209398375,265.80886999999996
2026-09-09,0.0,301.1251625,82.76663125,1.123240075,259.8769325
2026-09-10,6.8944127e-05,300.5618875,88.0060425,2.004795175,240.181445
2026-09-11,9.436206075e-06,300.9205175,83.085385,2.89349685,247.8615925
2026-09-12,0.0,300.592105,82.021075,3.61437125,236.2286425
2026-09-13,3.6642864e-05,299.3728775,89.4806875,4.09012595,197.046965
2026-09-14,5.0131083974999995e-06,299.03990999999996,89.6667525,3.2836366249999998,193.494905
2026-09-15,0.0,300.071205,87.01711125,2.203963575,222.749785
2026-09-16,1.49730485e-06,300.511675,83.94772400000001,1.75143545,246.08313
2026-09-17,0.0003610833375,299.790285,92.2980175,0.9066134375,213.0150875
2026-09-18,0.000214310175,299.442765,93.4697135,0.9386115675,204.82710500000002
2026-09-19,5.70833345e-05,299.94241999999997,89.330316,1.309975925,230.518475
2026-09-20,4.449137575e-05,299.97702000000004,89.83339624999999,0.95893083,222.0229875
2026-09-21,2.66439545e-05,300.28517999999997,88.5533615,0.77765481,234.45015
2026-09-22,2.2823465499999998e-05,300.29312500000003,88.674905,0.726812115,232.79848
2026-09-23,4.4316525e-07,300.48644,85.64396375,0.75247739,240.77148499999998
2026-09-24,2.17188715e-05,299.8703925,88.9263625,0.876027225,226.0956275
2026-09-25,0.0,300.22866,83.090475,1.358318925,248.61588749999999
2026-09-26,4.2591263849999997e-07,300.0209975,86.5097935,1.3170704,231.70988
2026-09-27,0.0,299.96335,85.055386,1.475645275,236.845055
2026-09-28,0.0,300.28659,79.82021875000001,1.301154275,261.91939
2026-09-29,1.358464165e-06,300.29727,84.19853,1.0070004,234.62184
2026-09-30,9.32233185e-05,299.98821499999997,89.7706625,0.855819425,212.012495
2026-10-01,0.00017489323250000001,299.0273275,90.3960675,0.96232104,219.0552825
2026-10-02,0.0001497824825,299.07712,90.71489625,1.127470475,219.8648375
2026-10-03,0.000210869025,299.0327775,90.873116,1.228130475,212.13954
2026-10-04,5.209333875e-05,299.174245,88.7015235,1.4686360999999999,214.1005125
2026-10-05,0.0003316523725,298.630675,90.40118,2.3565018,199.039685
2026-10-06,0.000569293545,298.61958,94.7570895,2.427705925,177.61401
2026-10-07,0.0003627694875,298.5316325,92.81631,2.285124375,187.4674875
2026-10-08,0.00040555,298.49482,93.33410125,2.0922652,183.0109275
2026-10-09,0.0003409941725,298.4976625,93.64741099999999,2.0019926,186.53444000000002
2026-10-10,0.0001157749035,298.7011275,89.58696,1.872142975,202.812625
2026-10-11,9.2005241e-06,298.93408750000003,85.8968225,2.3730713249999997,213.8179275
2026-10-12,4.358174025e-05,298.9886625,85.3849725,2.611397475,221.511575
2026-10-13,0.0,299.112725,82.70129975,2.120227725,230.0300325
2026-10-14,0.0,299.7026675,77.28032125,1.94774385,258.721365
2026-10-15,0.0,299.8115925,77.9220675,2.154457075,249.579035
2026-10-16,4.449282875e-05,300.17981,66.16830125,1.9987310999999999,267.4658075
2026-10-17,0.0,299.9710075,68.0465,1.868958075,266.4270775
2026-10-18,0.0,300.073015,66.5043225,1.14503145,256.048075
2026-10-19,1.781186125e-05,299.47522,79.18540125,1.93997085,232.77114
2026-10-20,0.000152146675,297.6873,91.1428565,1.44681,185.74116
2026-10-21,1.2343029875e-05,298.00084000000004,83.7095075,1.3835222,207.23675
2026-10-22,0.0,298.51527,75.9246885,1.253164325,242.46204
2026-10-23,4.780890599999999e-07,299.1404175,79.0975765,0.6533012325,233.20449
2026-10-24,3.14995095e-06,299.2112025,75.41091374999999,1.0474576,220.461745
2026-10-25,0.0,299.0380475,74.082121,1.24221125,210.4962675
2026-10-26,0.0,299.133715,71.80675,1.975423975,219.805585
2026-10-27,9.50849825e-07,299.3721775,70.163255,2.791844675,220.719335
2026-10-28,6.5077715e-06,297.54287,81.37768,2.507856725,193.23875750000002
2026-10-29,3.749219725e-05,297.19043,81.57274625,2.834504125,188.8621775
2026-10-30,0.0004240376,296.17435750000004,91.43877125,3.594430075,151.6223275
2026-10-31,0.0004425541875,296.57559000000003,92.57491,2.880244375,163.3367075
2026-11-01,0.00040798398499999997,296.16740500000003,91.75835975,2.8407582,155.1407325
2026-11-02,0.000424056455,295.932695,92.53665375,2.5378146,149.5664625
2026-11-03,0.000343731815,296.495345,91.8308725,1.005001625,162.26699
2026-11-04,0.0003835330575,296.4975875,91.32486,1.276330975,169.53867250000002
2026-11-05,0.0002600143325,296.70114,89.7725985,1.4455704,173.6643575
2026-11-06,0.0003485089625,296.4126575,91.888994,1.351781975,162.5104675
2026-11-07,0.0001962620825,296.3859375,90.636205,1.4143243,171.8208825
2026-11-08,5.09820925e-05,297.17438,87.0076225,1.716436375,187.7573625
2026-11-09,0.0,297.5556525,78.70411125,2.973865625,208.8241
2026-11-10,1.68968025e-07,296.56066,60.641707749999995,3.849125575,190.601155
2026-11-11,6.2654534175000005e-06,296.1533575,78.75238125,4.78702285,168.5449425
2026-11-12,3.15803785e-06,296.24522,78.615095,4.75094325,176.98139
2026-11-13,0.0,297.0355275,69.111515,3.63139865,235.5293625
2026-11-14,0.0,296.193245,62.3878065,1.668770775,247.23738
2026-11-15,0.0,295.766355,56.4623585,1.663791425,215.7869275
2026-11-16,0.0,294.7251425,46.451018499999996,2.42136735,240.0125375
2026-11-17,0.0,294.2023425,41.2989535,1.939373125,255.62315999999998
2026-11-18,0.0,294.65608,51.24656975,1.29233835,230.71213
2026-11-19,0.0,295.32484999999997,55.90126325,1.8919139500000002,221.7519775
2026-11-20,0.0,295.165245,52.31204975,2.44351835,237.85628499999999
2026-11-21,0.0,295.2111175,55.502845,2.655484125,240.2158725
2026-11-22,0.0,295.951325,72.3842425,3.3970205,171.901505
2026-11-23,0.0,297.340275,58.64696125,3.404200525,233.22791999999998
2026-11-24,0.0,296.899825,51.4800115,3.197107125,239.41133250000001
2026-11-25,0.0,294.80954499999996,51.4330075,2.807488325,187.3986375
2026-11-26,0.0,295.5235225,45.4566315,3.1006052,221.40516
2026-11-27,0.0,296.053575,52.560441,3.114254025,223.9052225
2026-11-28,0.0,298.222625,50.4553485,3.686223775,228.1715075
2026-11-29,0.0,296.2896775,46.19974125,3.4082785749999998,214.1695125
2026-11-30,0.0,294.80602999999996,31.9777175,3.00074805,234.8490625
2026-12-01,0.0,294.57390499999997,31.210378,2.7280291,249.6034975
2026-12-02,0.0,294.3107925,33.096919,2.613965625,243.86093499999998
2026-12-03,0.0,294.1950825,32.52079125,2.4513533499999998,248.058385
2026-12-04,0.0,294.237895,28.966197,3.00436025,247.5316975
2026-12-05,0.0,294.162255,29.56780925,3.2627014,242.5041625
2026-12-06,0.0,293.618065,28.28949075,2.68617435,251.2641425
2026-12-07,0.0,293.3738425,30.901054,1.36488115,247.74847499999998
2026-12-08,0.0,293.8748325,34.67761075,1.540952675,242.41948
2026-12-09,0.0,294.82151999999996,51.47088825,2.0349385250000003,231.5552
2026-12-10,0.0,295.9483375,61.19468575,2.003478125,211.3778325
2026-12-11,0.0,296.3663175,58.59678925,2.17855255,209.2467
2026-12-12,0.0,296.7496375,51.0986425,1.767162,219.00061499999998
2026-12-13,0.0,296.406755,50.923638249999996,2.511158725,217.2755775
2026-12-14,0.0,295.2358375,49.68711125,2.667667475,196.886585
2026-12-15,0.0,295.5440675,44.264493,2.8378237,229.1661325
2026-12-16,0.0,294.5486775,41.334033000000005,2.957145825,229.768235
2026-12-17,0.0,294.2652425,39.5837465,3.02030345,236.5590375
2026-12-18,0.0,293.44187999999997,35.922471,2.3183230249999998,237.4631975
2026-12-19,0.0,292.9304125,34.533590000000004,2.456659725,247.5801175
2026-12-20,0.0,293.52769,39.666475500000004,2.360877025,246.4689975
2026-12-21,0.0,294.0770125,38.92328025,2.6388521000000003,246.56657
2026-12-22,0.0,294.0652025,35.90795675,2.774345675,246.0718025
2026-12-23,0.0,294.224655,36.56897075,2.611961775,245.6675175
2026-12-24,0.0,294.4311775,39.587543249999996,2.61645725,243.16382
2026-12-25,0.0,294.4862625,40.502221750000004,2.3273977500000003,239.8646975
2026-12-26,0.0,294.444385,40.5999175,2.440035375,241.52073000000001
2026-12-27,0.0,294.5282525,38.930831,2.580871475,241.1021475
2026-12-28,0.0,294.3336175,38.6702055,1.956161625,242.8728625
2026-12-29,0.0,294.4148825,40.0192995,1.829825575,242.468085
2026-12-30,0.0,294.827225,42.5712325,2.34474865,243.07180499999998
2026-12-31,0.0,295.726745,39.4813335,2.84369285,243.06414
2027-01-01,0.0,296.07547,42.26627625,2.2204538,244.868535
2027-01-02,0.0,295.86341749999997,45.291489,1.750761175,239.829205
2027-01-03,0.0,296.34285,44.97304325,1.70885325,239.695315
2027-01-04,0.0,296.958965,45.825607250000004,2.093510425,229.70811
2027-01-05,0.0,295.6239375,55.58275,2.64673865,191.77383
2027-01-06,0.0,295.8027525,51.97044725,3.2057082,196.7644575
2027-01-07,0.0,296.174595,49.519287,3.641650775,228.2868925
2027-01-08,0.0,295.3591025,52.39348875,3.2014708,196.03441
2027-01-09,0.0,294.0339275,36.820093,3.568439575,225.5247525
2027-01-10,0.0,293.82818499999996,28.62264325,3.11349515,257.05154749999997
2027-01-11,0.0,294.1989175,29.287073,3.6909128,258.55063
2027-01-12,0.0,294.0711325,31.9870885,2.800945325,257.39397
2027-01-13,0.0,293.9258375,27.009330249999998,2.9154501,261.46261
2027-01-14,0.0,293.4670325,27.5450615,2.32482645,264.7259675
2027-01-15,0.0,294.5288775,37.02457875,2.5502892,259.851245
2027-01-16,0.0,295.9724175,43.0774315,1.73632855,248.56025
2027-01-17,0.0,296.8555475,42.460904,1.6598193,248.8112975
2027-01-18,0.0,297.5652925,41.372840499999995,2.733511275,243.4633825
2027-01-19,0.0,298.4711125,42.7899975,2.661698875,213.6663825
2027-01-20,0.0,297.92434249999997,46.302693,2.917021075,216.056165
2027-01-21,0.0,298.1770575,43.27439125,4.908881425,210.264135
2027-01-22,0.0,297.9264975,44.2707085,3.9210698500000003,240.9191425
2027-01-23,0.0,298.4334625,43.63926325,2.88656605,237.3762525
2027-01-24,0.0,298.98190999999997,46.6751115,2.5633694,231.4484875
2027-01-25,0.0,299.1949,47.3432285,2.8687181500000003,232.815925
2027-01-26,0.0,298.8042525,46.70780375,3.116707375,226.938885
2027-01-27,0.0,295.0030675,43.157188,3.92220175,185.3069225
2027-01-28,0.0,296.23707,25.86133625,4.252670575,257.03576499999997
2027-01-29,0.0,294.8883375,20.13964925,3.584137675,282.421665
2027-01-30,0.0,294.618775,25.078540500000003,3.2398473,253.48387
2027-01-31,0.0,295.25107,27.3693445,2.148148475,249.7976075
2027-02-01,0.0,295.190105,27.402348,2.7707937,277.0661725
2027-02-02,0.0,295.6823425,28.546219999999998,1.9751012,255.5933
2027-02-03,0.0,296.20691750000003,31.65228125,1.420596425,275.89354
2027-02-04,0.0,297.3499225,33.60388175,1.43844115,249.647335
2027-02-05,0.0,297.815765,36.3419265,2.2578485500000003,266.5111925
2027-02-06,0.0,298.43757,38.73149825,2.1606138,259.002495
2027-02-07,0.0,298.7670175,39.128724,2.8634931,245.618025
2027-02-08,0.0,299.13065,41.806332749999996,3.412739875,253.68694
2027-02-09,0.0,298.6550925,47.38896475,2.53258035,219.91380750000002
2027-02-10,0.0,299.472665,43.1505725,2.810662375,240.31563
2027-02-11,0.0,299.8296825,39.13353625,3.0130906,261.529135
2027-02-12,0.0,299.4514925,39.84634675,3.0335076,247.0787125
2027-02-13,0.0,299.2615525,36.454238,2.42916905,268.35482
2027-02-14,0.0,299.44757500000003,34.219405249999994,1.6938613,263.22923000000003
2027-02-15,0.0,300.13103,32.905597,1.50898765,261.4227275
2027-02-16,0.0,301.08901249999997,32.370765500000005,2.3121737749999998,249.9525825
2027-02-17,0.0,299.3409575,47.74426125,2.805211875,201.98087750000002
2027-02-18,8.2227725e-09,296.9685375,71.706175,1.36135315,145.6447475
2027-02-19,0.0,299.255605,54.21814,2.9382781,237.3132125
2027-02-20,0.0,299.848485,42.64555125,2.582013025,279.311775
2027-02-21,0.0,299.4612425,33.08404625,2.6979989250000003,289.0867075
2027-02-22,0.0,299.2716725,31.6881025,2.793328925,292.26784250000003
2027-02-23,0.0,299.7453125,26.40033,2.483439525,294.782285
2027-02-24,0.0,299.353345,23.697378999999998,1.388876775,295.08750249999997
2027-02-25,0.0,299.459155,24.2487345,2.4230452749999998,301.747005
2027-02-26,0.0,300.055255,24.2950895,1.9934066499999998,300.3539775
2027-02-27,0.0,300.23589749999996,23.89793675,2.290202775,297.6495275
2027-02-28,0.0,301.337785,24.10555275,3.33425,293.6053175
2027-03-01,0.0,301.98279,26.3367705,3.3657903,285.84841
2027-03-02,0.0,301.77603,25.7768925,2.767131025,282.53067
2027-03-03,0.0,302.243835,25.7473455,3.748243675,287.94262249999997
2027-03-04,0.0,302.41740500000003,26.471726750000002,4.046026425,294.1564775
2027-03-05,0.0,302.24730750000003,27.87453675,2.83641525,293.4517125
2027-03-06,0.0,302.0221725,27.40868275,1.9936892249999998,285.51283
2027-03-07,0.0,302.899405,27.905407500000003,2.57986135,268.761575
2027-03-08,4.10650125e-09,302.63036999999997,27.70479,3.429832975,276.6171575
2027-03-09,0.0,302.29877,25.36133725,2.92448295,297.5785475
2027-03-10,0.0,301.8912225,23.5062685,2.4480359,302.3629175
2027-03-11,0.0,302.1581325,23.40154725,2.33076655,303.945785
2027-03-12,0.0,302.2735725,23.24202775,2.4860366000000003,292.90724750000004
2027-03-13,0.0,303.543415,25.035091,3.438953025,293.4186375
2027-03-14,0.0,303.17614000000003,26.422975,3.39128705,296.995625
2027-03-15,0.0,302.884345,24.485131,3.201688825,314.865245
2027-03-16,0.0,302.72553500000004,23.1020435,2.774400225,323.6625225
2027-03-17,0.0,301.952935,22.843313,2.6368627,326.8748325
2027-03-18,0.0,302.46729,23.47057225,2.1549736,324.41482
2027-03-19,0.0,302.74866,22.778865,1.656879825,314.0793475
2027-03-20,0.0,303.3365875,21.182993,1.7870647,313.8907325
2027-03-21,0.0,304.302305,23.91870325,2.090372475,268.531545
2027-03-22,9.17712275e-10,303.1793675,33.930585750000006,3.0379525999999997,205.398105
2027-03-23,6.4766033500000005e-06,303.9054375,34.8481485,2.270968325,269.55397750000003
2027-03-24,1.2872528750000001e-05,303.97261249999997,35.02717925,1.868787425,260.321235
2027-03-25,1.0820756174999999e-06,304.9377825,30.9357345,1.946889325,270.13397499999996
2027-03-26,2.7261431500000002e-08,304.863245,29.641009500000003,1.692647625,248.607295
2027-03-27,0.0,305.041745,27.79980125,1.7366607,271.7232125
2027-03-28,0.0,304.5064575,25.8575635,1.662033925,298.51181499999996
2027-03-29,0.0,304.9187025,25.40606375,2.019155025,289.2941925
2027-03-30,0.0,305.020355,26.202538750000002,1.5219733500000001,253.79445
2027-03-31,0.0,304.777535,22.348143999999998,2.23379775,298.6281725
2027-04-01,0.0,304.22541,20.278933000000002,1.871479275,290.545495
2027-04-02,0.0,303.71140249999996,19.26532625,2.168994775,281.39414999999997
2027-04-03,0.0,303.72947750000003,19.0330875,2.19907115,307.73407
2027-04-04,0.0,304.817695,20.47769075,1.778221625,259.42727
2027-04-05,0.0,305.3532175,23.382898750000003,1.4884392499999999,249.1296075
2027-04-06,0.0,305.5126475,23.46385325,2.4030085249999997,272.0000475
2027-04-07,0.0,305.35367,23.57076175,3.2715036250000002,293.0622725
2027-04-08,0.0,304.6271425,23.97451975,3.9287560499999996,321.0546325
2027-04-09,0.0,304.462985,20.767922,2.997648,330.337875
2027-04-10,0.0,304.2245875,21.1688655,2.76093905,324.4731375
2027-04-11,0.0,305.1861675,22.18494475,2.987087125,297.10685
2027-04-12,4.33465755e-07,305.721025,23.66746625,2.23330185,287.9275725
2027-04-13,0.0,305.40626499999996,23.09035375,2.4867567,311.398055
2027-04-14,1.0836944375e-06,305.9397275,23.85750675,2.5497485,305.6207825
2027-04-15,1.3639467325e-07,306.2256225,24.09963025,1.8114808,303.43596249999996
2027-04-16,5.7052589999999996e-05,306.0688325,28.526448,1.706219775,283.718155
2027-04-17,4.8732128e-06,302.395805,46.947816,1.357611525,202.04001499999998
2027-04-18,5.76540895e-06,304.088465,37.67336925,1.700396625,268.4110175
2027-04-19,5.684430575e-07,305.13778249999996,28.78590625,1.934610225,316.824945
2027-04-20,1.819467875e-06,305.39950999999996,26.805607,1.276571075,292.9772275
2027-04-21,3.60028175e-06,305.10907499999996,26.070915,1.3450410000000002,319.18275
2027-04-22,2.43151855e-06,305.83244,27.4933165,1.47973185,289.74059750000004
2027-04-23,2.0824787075e-05,305.21521,30.643483,1.6460137750000001,282.677425
2027-04-24,6.3572876e-07,305.396755,27.37918325,1.64461715,299.27662250000003
2027-04-25,7.517492650000001e-08,305.6747725,25.57196975,1.426189975,304.3604625
2027-04-26,2.5931052750000002e-08,305.8987075,25.45619925,1.26829945,272.73249
2027-04-27,0.0,306.2980575,24.851363499999998,1.7081808,266.812285
2027-04-28,0.0,306.6784375,24.19846775,2.367953775,276.3651875
2027-04-29,2.6988641e-06,306.7456275,24.9319015,3.3653009,294.341425
2027-04-30,7.865641500000001e-08,306.2891425,24.11132875,3.348810875,280.5604775
2027-05-01,0.0,306.3031175,20.5818795,3.385729,344.8071875
2027-05-02,0.0,306.5259,19.863865750000002,2.7552519249999996,346.74284
2027-05-03,0.0,306.19408250000004,18.643223499999998,1.7227252,337.27297
2027-05-04,0.0,307.72637,20.109530499999998,1.659857925,294.615905
2027-05-05,7.627324925e-06,307.73884,24.125338,1.756277925,275.8147925
2027-05-06,3.57195075e-06,306.929725,27.593678,2.1666450250000002,272.5765475
2027-05-07,2.7398557999999997e-05,303.60662,41.552953,2.04474015,216.927725
2027-05-08,9.146818849999999e-05,305.7387025,35.17096225,2.371588975,288.599245
2027-05-09,1.5585513075e-05,304.2604675,36.279125,2.3887332,269.028535
2027-05-10,0.0,305.72720000000004,29.060175,1.49472745,336.1947975
2027-05-11,0.0,306.47268,26.68829475,1.99074135,326.018345
2027-05-12,0.0,307.068405,27.161999,2.0301886749999998,299.3686075
2027-05-13,0.0,307.15276,25.52003525,2.0140529,299.432405
2027-05-14,0.0,307.105585,20.09895125,2.480519525,326.25814
2027-05-15,0.0,307.394745,17.74584,3.098427675,306.4610525
2027-05-16,0.0,307.655885,17.5024065,4.0093967,318.80035499999997
2027-05-17,0.0,308.612665,18.12525575,4.359922225,311.478905
2027-05-18,0.0,308.55075750000003,18.41080925,3.33714845,308.01184
2027-05-19,0.0,308.270435,18.09272025,2.7577902,330.475715
2027-05-20,0.0,308.0589675,20.926982250000002,2.85149355,286.5501175
2027-05-21,0.0,306.9988025,29.94396975,3.887986025,269.0043025
2027-05-22,7.578326125e-09,306.90579,27.41011825,2.7432133,300.234295
2027-05-23,0.0,307.19954,25.107132749999998,3.416437675,344.10819
2027-05-24,0.0,307.3012675,23.23375975,2.964548675,350.1514825
2027-05-25,0.0,307.830465,20.004407,1.971723625,336.54191249999997
2027-05-26,1.5816170075e-06,308.1225425,20.14228725,2.74789985,333.76062
2027-05-27,1.440995175e-07,307.99801249999996,27.772750000000002,3.9115135,307.2247625
2027-05-28,0.0,307.7998025,27.69356875,3.471965675,310.2477475
2027-05-29,0.0,308.268895,26.45680825,3.613406375,308.63142
2027-05-30,0.0,308.4717225,26.46877375,3.9740389,301.10628499999996
2027-05-31,1.6189858500000002e-05,307.72952250000003,32.03418275,4.313940775000001,265.7756075
2027-06-01,3.0038736500000003e-07,306.63554750000003,32.170169,4.7960729,272.79458
2027-06-02,0.0,307.18213249999997,28.8680605,4.34074035,297.1684675
2027-06-03,0.0,306.54562,32.737466749999996,2.85738525,263.3102725
2027-06-04,5.15641325e-07,307.0860825,28.063183000000002,1.70318185,302.6745075
2027-06-05,1.2623006e-07,307.781385,29.00239375,2.2490758,289.6420525
2027-06-06,2.6900298750000002e-05,302.774925,57.4223005,2.21458045,238.9244775
2027-06-07,5.98850705e-05,304.1011975,59.6278125,1.717320975,259.7522075
2027-06-08,5.9189650000000003e-05,304.87910999999997,52.2577335,3.029481075,275.6953925
2027-06-09,9.263713999999999e-06,303.8837975,47.33122075,4.943084875,269.71367250000003
2027-06-10,0.00012270628,302.78356,60.4959215,4.33017855,256.1663
2027-06-11,0.0,300.238565,70.11886375,4.85375085,230.696685
2027-06-12,0.000416048765,298.44299,88.25627,3.53050375,180.38515999999998
2027-06-13,0.0002239269325,298.415225,88.77327650000001,3.17647475,157.3206725
2027-06-14,0.000270110055,298.23476,87.38858775,4.2781424,172.9088375
2027-06-15,9.604404975e-05,300.0007375,75.91146875,4.407003175,237.35176
2027-06-16,0.000224810555,298.36287749999997,87.34909375,3.62902405,184.388685
2027-06-17,0.00034176162,297.8468325,89.61094375,4.371638525,137.466825
2027-06-18,0.00014575016499999998,298.9050975,83.78871625,4.2329874,211.59644500000002
2027-06-19,6.411150999999999e-05,300.04164249999997,79.03377,3.803810675,243.069265
2027-06-20,5.6540478750000005e-06,300.9053875,73.5715385,3.663901425,284.5859175
2027-06-21,0.0,300.857075,74.2394525,3.37268655,258.293
2027-06-22,1.7931983025000002e-06,301.3969125,72.32297125,3.220355625,283.966685
2027-06-23,9.866383375e-06,300.475275,76.48149875,3.6231285250000003,254.4063125
2027-06-24,0.0001068489385,300.08531,79.4845435,3.911865675,239.7053325
2027-06-25,0.0001709037675,299.032365,86.51090875,3.6447472249999997,198.47788
2027-06-26,0.000213441685,299.05177000000003,87.480675,2.786631,206.41147
2027-06-27,4.3645936e-05,299.058875,87.04182275,2.8746343750000003,207.7679625
2027-06-28,4.90343275e-06,299.42324,83.71125125,3.075807125,222.254585
2027-06-29,6.0962283e-05,299.097825,86.249884,3.498920175,205.9197375
2027-06-30,1.56877562e-05,299.314815,85.4778925,3.270608175,220.13567
2027-07-01,0.0001762754725,299.2932025,89.09329,3.798632975,201.0617575
2027-07-02,9.361979725e-06,299.0029775,86.5365035,4.02164865,201.8239
2027-07-03,1.773161075e-05,300.5502225,82.6466925,4.266451075,249.54286000000002
2027-07-04,0.00027232854,300.26675,86.5557025,4.491705,219.94724
2027-07-05,0.0004144395875,299.5198275,92.303924,5.087310775,137.6939625
2027-07-06,0.00017500921,299.4399725,90.0593325,4.3428411,178.0984775
2027-07-07,3.6418501e-05,298.1797225,89.557585,3.940003375,194.33468
2027-07-08,0.000208220325,299.40163,90.73571875,3.7149710000000002,205.9764025
2027-07-09,1.592581925e-06,299.78389000000004,89.77881550000001,3.54105035,210.808005
2027-07-10,1.7394319125e-05,297.977765,90.25279,3.84718035,195.317395
2027-07-11,0.00019035495,299.220775,89.790105,4.31409135,202.9101925
2027-07-12,2.4603050000000003e-06,300.09742,89.55515125000001,2.874218675,218.31112000000002
2027-07-13,0.0,300.6680525,82.86671375,3.54473825,270.6664975
2027-07-14,0.0,300.7521025,82.28223125,3.098834425,267.38000999999997
2027-07-15,1.385278775e-07,301.038045,80.971461,3.345743525,261.974365
2027-07-16,1.79881625e-06,300.605245,83.70395625,3.5509621,241.09379
2027-07-17,0.0001524169575,300.16021,89.9474725,2.051873475,206.8954525
2027-07-18,2.9311081249999998e-05,299.9089175,91.06300125,2.709288675,213.2785275
2027-07-19,0.0,300.61226,85.52998875,2.9783284,241.1979825
2027-07-20,0.0,300.78303,83.51676499999999,2.575147625,261.2157325
2027-07-21,0.0,301.04066,83.93269649999999,2.3218957,252.2461725
2027-07-22,0.0,301.0850225,81.5865565,2.2662087250000003,265.0142275
2027-07-23,0.0,301.2068125,81.3592065,2.628965975,248.36293999999998
2027-07-24,7.32667025e-07,300.88372,83.80441625,2.613378525,239.9624575
2027-07-25,9.395283e-08,300.9432125,83.3467325,2.499232725,245.7447
2027-07-26,0.0,300.95907,85.26840025,1.72188655,245.1422675
2027-07-27,0.0,301.08391500000005,81.46249,2.556047925,276.5939725
2027-07-28,0.0,301.3398125,77.09494375,2.952978875,289.59304
2027-07-29,0.0,301.097985,77.47472875,2.891510325,253.58866999999998
2027-07-30,0.0,301.12060499999995,77.93159675,2.90136595,256.78848
2027-07-31,0.0,301.068255,80.769635,3.14020955,240.9110025
2027-08-01,0.0,300.506175,82.048596,3.018462725,229.7068475
2027-08-02,0.0,300.4454675,82.9732375,3.042570125,237.1773125
2027-08-03,2.635245e-05,300.1658925,87.1242785,2.860419175,220.1760125
2027-08-04,0.0002337081125,300.103185,88.73720125,3.298490775,227.329005
2027-08-05,0.0006137861075,298.6952225,93.971081,4.035171325,157.56546
2027-08-06,0.0003050404425,298.90797499999996,93.43165025,3.477190425,156.37724
2027-08-07,0.0001832018425,298.485895,93.0340475,3.04481,190.972815
2027-08-08,2.6199102000000003e-06,299.24751749999996,92.24818375,2.7721214,206.00595
2027-08-09,0.0,300.068815,87.1994815,2.58122235,267.700535
2027-08-10,0.0,300.8493525,83.1952585,3.5342027750000002,286.8659275
2027-08-11,0.0,300.66963,82.95295999999999,3.9959166,252.0787
2027-08-12,2.276260625e-05,300.34722,85.04198099999999,3.926230725,248.4274225
2027-08-13,0.0001939162775,298.97481,91.31791525,3.75635125,202.2747525
2027-08-14,6.5971361249999996e-06,299.53625999999997,89.53644249999999,4.2691230749999995,216.8089575
2027-08-15,0.00033844333,298.646195,93.2120635,3.471190975,182.839845
2027-08-16,0.0002038563425,298.49665,93.04543625,3.5491537749999997,174.40467
2027-08-17,1.7149079275e-05,298.8827725,91.55056875,3.69871695,192.1009375
2027-08-18,2.148374635e-05,298.6299325,92.878595,3.369761925,192.70065749999998
2027-08-19,2.470582275e-06,299.72748,90.02344625,3.3417248749999997,223.6358275
2027-08-20,8.500999000000001e-08,299.475435,90.986234,3.73041015,209.026305
2027-08-21,7.280744075e-05,299.610165,90.8541925,3.87927055,203.69682749999998
2027-08-22,0.0001885247325,299.493655,92.4067785,3.72541175,196.5817575
2027-08-23,0.00032620450000000003,298.99456250000003,93.028599,4.080390125,190.2502375
2027-08-24,1.0127727925000001e-05,299.121605,90.17463000000001,4.340006225,206.6079425
2027-08-25,0.000334533935,298.518525,91.894555,4.2606925,179.1620125
2027-08-26,0.0002246950525,298.394905,91.4516375,3.238402625,193.0334025
2027-08-27,0.0,299.4032175,88.35283125000001,2.841726175,219.64466000000002
2027-08-28,0.0,299.80545,84.00368399999999,2.762446325,264.0754625
2027-08-29,3.2207807e-05,300.11711,86.91018775,2.47194945,246.4205675
2027-08-30,1.275386e-06,299.1023925,92.30537275,2.79601955,191.5497025
2027-08-31,0.0,300.148545,85.8169005,2.884088275,256.87684
2027-09-01,0.0,299.977855,85.36880125,2.794301125,237.2638775
2027-09-02,0.000225094355,299.304435,92.14515875000001,1.951857975,203.4759575
2027-09-03,2.8392955999999998e-06,299.395665,90.1311,2.830192625,220.29992
2027-09-04,0.0,298.99965499999996,91.1806945,2.54881735,205.7874525
2027-09-05,0.00017513951749999998,299.97626,86.70421875,3.0708748249999998,239.83246250000002
2027-09-06,0.00040302986,297.6001525,95.7395275,2.671851375,174.49493999999999
2027-09-07,1.9689529e-05,298.4685025,93.159945,2.71441645,179.27914
2027-09-08,0.0,299.7660075,86.62781475,3.1272658250000003,228.29679
2027-09-09,0.0,300.046775,85.2513475,3.3050413,232.6635625
2027-09-10,1.2665543000000001e-06,300.02823,86.8687775,3.1644693000000004,226.6321375
2027-09-11,1.99942685e-05,299.7695625,88.901298,3.685701675,216.6101375
2027-09-12,1.023604275e-06,299.817975,88.537264,2.922497675,225.8163375
2027-09-13,0.0,300.157415,87.278301,3.0103181,233.95811
2027-09-14,0.0,300.237725,84.48562275,3.478907,231.0083125
2027-09-15,2.568859e-07,300.5301725,85.06494624999999,3.10181545,255.49957
2027-09-16,0.0,300.5589375,84.5020325,1.898768475,242.4767425
2027-09-17,2.6716401e-07,301.1236875,83.44343375,1.718854275,251.74823750000002
2027-09-18,0.0,301.09110499999997,84.3747525,1.79465975,257.7918475
2027-09-19,9.683908624999999e-05,300.362275,88.73387,1.5489461,229.6937775
2027-09-20,2.002296275e-05,300.2939975,89.01599999999999,1.004470375,242.36302999999998
2027-09-21,0.0,300.42119249999996,85.72085625,1.0268497375,249.43076250000001
2027-09-22,1.871905225e-05,300.5188175,86.67372625,0.8435390425,245.58981
2027-09-23,8.27643575e-05,300.331005,88.430361,0.916521615,240.3192875
2027-09-24,0.0,300.08826,88.443361,0.9343660375,231.0489225
2027-09-25,0.0001679842125,299.72013,90.232355,1.262945575,218.9709325
2027-09-26,0.00019100697249999998,299.4320775,92.153345,1.460731425,211.6123775
2027-09-27,0.0002043266525,299.172,93.99298875,0.9047541649999999,194.746835
2027-09-28,0.000159249735,299.3460625,92.9722625,0.4779493425,200.55132500000002
2027-09-29,0.0002088792225,299.43120500000003,92.9098185,0.536202125,211.5121325
2027-09-30,0.000153764995,299.52369250000004,92.07233475000001,0.8086299775,212.6209025
2027-10-01,4.879327e-07,299.01642749999996,87.9964035,1.0198087999999998,232.441295
2027-10-02,3.021618625e-06,299.28214,84.7353725,0.9118818125,249.590705
2027-10-03,0.0,300.2380975,80.2520875,1.97879545,249.5449125
2027-10-04,0.0,300.0947875,74.0597585,3.0371653,255.4662725
2027-10-05,0.0,299.425415,73.362697,3.2318737,237.66275000000002
2027-10-06,0.0,299.74812,73.68877475,2.6964563,252.9234725
2027-10-07,0.0,299.464185,78.38941375,2.330809225,248.80391
2027-10-08,0.0,298.6227325,84.435266,2.10880805,224.94779
2027-10-09,0.0,299.2395,79.6742115,1.9673859249999999,260.8599525
2027-10-10,0.0,300.323855,77.81284124999999,1.6403358749999999,252.122775
2027-10-11,0.0,300.7013725,75.1740395,1.619359625,254.686205
2027-10-12,0.0,300.041925,80.96199874999999,1.5186590500000001,259.0215225
2027-10-13,1.21780185e-07,299.04948,85.46161125,1.509429675,226.3559475
2027-10-14,0.0,298.9475,80.62307375,1.90280595,239.7685
2027-10-15,0.0,298.87636499999996,67.966555,2.468270525,235.7992175
2027-10-16,6.6206326e-05,297.9503425,80.651736,2.2686290749999998,192.09677
2027-10-17,0.0,298.73397750000004,67.94478000000001,2.546050075,251.56818249999998
2027-10-18,0.0,299.34644000000003,69.7060275,2.545596475,265.013145
2027-10-19,0.0,298.95808,73.92063974999999,2.924396175,256.54305750000003
2027-10-20,0.0,299.328085,75.334875,2.458089225,249.52549
2027-10-21,0.0,299.3701025,72.51370875,2.4038685749999997,255.50553
2027-10-22,0.0,299.3629475,74.7056085,1.4944591,246.5335925
2027-10-23,0.0,299.1517025,75.82674225,1.071725175,249.6641125
2027-10-24,2.204570075e-06,298.849035,77.5328725,1.2270485500000001,250.68613
2027-10-25,3.65865965e-08,298.3267825,70.9605075,1.3308227499999998,246.35362750000002
2027-10-26,0.0,298.230485,74.26393,1.854697275,234.21037
2027-10-27,0.0,298.50442499999997,77.19430125,1.717393275,250.80113
2027-10-28,0.0,298.46283,78.9702435,1.471454725,247.89916
2027-10-29,0.0,298.3619,80.5774025,1.6685941,229.0529925
2027-10-30,0.0,298.7698725,75.6030335,1.8459978000000001,237.24842999999998
2027-10-31,0.0,298.55704000000003,79.5720015,1.9378738500000001,231.7719375
2027-11-01,0.0,298.83340250000003,77.874459,1.64820125,222.14624500000002
2027-11-02,0.0,297.79395999999997,77.4691,1.43068005,205.6712
2027-11-03,0.0,297.7443325,61.70780275,2.391639875,219.92478499999999
2027-11-04,3.2591521500000003e-06,297.58873,69.03483875,2.86398515,223.592375
2027-11-05,0.00013060559,297.2733875,83.6759565,2.90753165,193.706445
2027-11-06,0.00026649573,296.4458025,89.04690375,2.625869575,170.5543275
2027-11-07,0.000186157585,296.29612,90.29391,1.18939385,163.428215
2027-11-08,6.7790796e-06,296.956345,80.076165,2.192179625,204.16926
2027-11-09,0.0,297.0412225,63.281281,2.056337725,241.7359525
2027-11-10,0.0,297.35582750000003,72.931172,0.9433300325,229.00532249999998
2027-11-11,0.0,297.102905,81.52004275,1.9971453000000001,219.69811249999998
2027-11-12,0.0,297.492255,81.09057125,1.708156675,196.9398225
2027-11-13,3.122701675e-06,297.2998325,80.78357249999999,2.1999877249999997,203.2484175
2027-11-14,0.0,297.029815,80.1852515,2.021946475,207.84571
2027-11-15,0.0,296.5895575,60.8397125,2.096354475,234.94068
2027-11-16,0.0,295.9915475,56.017455999999996,2.124591025,235.0649775
2027-11-17,0.0,295.67776000000003,54.1171795,1.9536668499999998,238.452145
2027-11-18,0.0,295.8704625,58.35863825,1.72698135,238.776295
2027-11-19,0.0,296.01286,60.5211635,1.7995961,232.41417
2027-11-20,0.0,295.7954025,55.46761075,2.140353525,228.6128275
2027-11-21,0.0,295.33869,55.8942895,1.86904585,223.02427
2027-11-22,0.0,294.6249025,50.52295825,1.565731225,236.796225
2027-11-23,0.0,294.30173,45.618185999999994,1.77765765,249.389875
2027-11-24,0.0,294.1638875,50.3333325,1.801676625,246.10943500000002
2027-11-25,0.0,294.5112275,54.61149825,2.03006015,241.67944500000002
2027-11-26,0.0,294.6722075,54.2655805,2.132883675,232.552075
2027-11-27,0.0,294.7186175,51.643818499999995,2.1342768000000003,237.0447725
2027-11-28,0.0,294.7011625,51.96976025,2.4860248499999997,240.09450750000002
2027-11-29,0.0,294.4831125,45.777298,2.386013975,242.25675
2027-11-30,0.0,294.383835,48.8578575,2.351427075,247.939875
2027-12-01,5.5090156500000004e-08,295.17478,63.5818675,2.1378915249999997,215.514575
2027-12-02,0.0,295.430635,68.36183650000001,2.466950825,190.3937425
2027-12-03,0.0,295.46910249999996,70.0536925,2.9305187,196.7146575
2027-12-04,0.0,296.1995125,61.22207575,2.93717945,213.78595
2027-12-05,0.0,295.3585175,62.0101075,2.692030275,180.8224425
2027-12-06,0.0,294.7790875,63.84180775,2.810838,189.82058
2027-12-07,0.0,294.9729775,60.04933025,2.69727815,198.3420625
2027-12-08,0.0,295.4200425,58.07658,2.6843661500000002,220.8273725
2027-12-09,0.0,295.3848875,56.724948,2.6429387,219.90866499999998
2027-12-10,0.0,295.8642375,62.190805499999996,2.2575879,186.6494275
2027-12-11,0.0,294.7792225,84.2839265,2.2646112499999997,131.312355
2027-12-12,0.0,295.07813250000004,82.7199035,2.415659375,144.5423575
2027-12-13,0.0,295.24717,81.36396225,2.946209175,150.0196875
2027-12-14,0.0,295.2412075,74.64534275,2.47346735,181.2034875
2027-12-15,0.0,295.44863,69.59125374999999,2.6402495,186.3166325
2027-12-16,0.0,294.94101,76.994349,2.877838725,163.1547175
2027-12-17,0.0,294.180955,82.37917399999999,3.1775787500000003,116.928819
2027-12-18,0.0,294.5945875,76.24812525,3.009406125,165.157415
2027-12-19,0.0,292.16748,85.577051,4.020318725,118.20888875
2027-12-20,0.0,292.00446250000005,78.83759599999999,3.435014575,134.7446175
2027-12-21,0.0,283.6967225,84.43152025,3.73545125,116.53581750000001
2027-12-22,0.0,292.235785,75.28963625,3.998933575,149.21984750000001
2027-12-23,0.0,290.72876,80.09779900000001,2.803161375,154.82635
2027-12-24,0.0,292.806555,75.158799,2.8604638749999998,175.6692475
2027-12-25,0.0,293.95887,69.2616875,2.412493525,188.2904175
2027-12-26,0.0,293.86826,62.872085999999996,2.207132,196.0066925
2027-12-27,0.0,293.74336,55.05194975,2.73765735,213.14085
2027-12-28,0.0,293.3863075,51.2674085,2.9055585,212.222065
2027-12-29,0.0,293.0964575,44.31289325,3.230800525,220.7978175
2027-12-30,0.0,293.127205,43.818056,2.66365755,196.83237
2027-12-31,0.0,292.65842499999997,50.36514425,2.118119025,181.2620375
2028-01-01,0.0,293.75673,50.241048750000004,2.0815786249999997,198.367995
2028-01-02,0.0,294.41879,60.743337499999996,2.738740225,182.410865
2028-01-03,0.0,292.9193375,74.79085875,2.9594553,157.4703925
2028-01-04,0.0,294.17353,54.549248750000004,2.935061675,228.155715
2028-01-05,0.0,294.017425,52.98400125,2.313248975,226.8240225
2028-01-06,0.0,294.7610975,57.5906405,2.4115109500000003,223.56796500000002
2028-01-07,0.0,295.324235,54.22959825,2.493800875,216.7746475
2028-01-08,0.0,295.4657725,63.721253250000004,2.365510675,204.0797475
2028-01-09,0.0,295.8812975,59.760234499999996,2.77919465,211.43817
2028-01-10,0.0,296.14918,57.36688425,2.457020725,223.7372125
2028-01-11,0.0,296.07135,52.7234275,2.8323286750000003,237.36557249999998
2028-01-12,0.0,295.45618,54.76444025,3.1152311,246.3897275
2028-01-13,0.0,296.25247,52.285589,2.83392305,246.3781725
2028-01-14,0.0,296.24908500000004,53.16380275,2.28901755,234.769395
2028-01-15,0.0,296.583635,55.052459,1.411889625,234.0744225
2028-01-16,0.0,296.7793675,52.04541175,2.0840055,233.5903975
2028-01-17,0.0,296.03428,52.081428,2.1958659750000002,236.12492
2028-01-18,0.0,296.3,49.400937,1.4480693,240.2842325
2028-01-19,0.0,296.7148825,50.98102925,2.039052125,237.64025750000002
2028-01-20,0.0,297.83476,50.857545,2.2689814999999998,234.9645475
2028-01-21,0.0,297.7021475,51.83655575,2.3166397,235.891345
2028-01-22,0.0,297.398455,52.63744575,2.0326916,235.91160000000002
2028-01-23,0.0,296.918805,54.6230975,2.524661875,224.3392975
2028-01-24,0.0,297.60086,52.294090249999996,2.05585135,242.003355
2028-01-25,0.0,297.251335,51.358691,1.858726,237.14625999999998
2028-01-26,0.0,297.0965725,46.3131375,2.224844625,248.64323000000002
2028-01-27,0.0,296.9562975,48.200484,1.115917225,238.27279
2028-01-28,0.0,297.057815,49.41565225,2.2468093,249.99555
2028-01-29,0.0,297.4157275,46.8300705,2.0012434,254.789855
2028-01-30,0.0,297.3115525,46.573835,2.1044693,255.7307025
2028-01-31,0.0,297.031475,43.243483499999996,2.125383325,265.75379
2028-02-01,0.0,296.9112925,43.8851215,1.949465675,260.1138625
2028-02-02,0.0,297.552035,44.52713675,2.1577957750000003,254.405125
2028-02-03,0.0,297.91073500000005,42.371569,2.0830383,259.03939
2028-02-04,0.0,297.99875,44.0992325,2.189494325,255.61517500000002
2028-02-05,0.0,297.798555,45.1298775,2.601134475,251.4961475
2028-02-06,0.0,297.92435,40.58158725,3.3122562,257.445235
2028-02-07,0.0,297.90884500000004,38.90195025,3.968046125,271.22128
2028-02-08,0.0,297.8705925,40.70056825,3.759307,274.9555725
2028-02-09,0.0,297.98396,45.05895,3.117180275,268.0324075
2028-02-10,0.0,299.15435,49.44391625,2.498115425,242.899995
2028-02-11,0.0,299.09126,50.0982565,2.656599475,262.85739
2028-02-12,0.0,299.100705,48.885025,2.2527600249999997,264.613105
2028-02-13,0.0,299.14864,48.07002525,2.126126775,267.6526625
2028-02-14,0.0,299.5983825,47.5534115,2.248008825,267.27998
2028-02-15,0.0,299.72681,44.805471499999996,2.707931775,268.7182325
2028-02-16,0.0,299.8216675,34.534445500000004,3.6881575250000003,268.06721
2028-02-17,0.0,299.96144250000003,38.102577249999996,3.1357198250000002,260.77392
2028-02-18,0.0,299.22892,34.15216175,3.125850825,281.2404075
2028-02-19,0.0,299.0418075,38.15217575,2.189254175,281.734255
2028-02-20,7.233804e-10,299.6568825,52.40765475,3.519260875,239.1112225
2028-02-21,5.975737550000001e-08,300.5886525,47.89127775,3.895358975,254.242635
2028-02-22,0.0,298.0592325,59.5397625,3.6171812500000002,189.9980275
2028-02-23,0.0,299.4884675,50.498996250000005,3.8171908,226.92157
2028-02-24,1.106898e-10,300.09652500000004,45.461893,3.511262475,236.828695
2028-02-25,0.0,300.7361325,39.22130525,3.4884158,273.8349825
2028-02-26,0.0,300.2908625,41.968709249999996,2.844823925,254.15233
2028-02-27,0.0,300.43530499999997,42.603750250000004,3.16250255,279.5841225
2028-02-28,0.0,300.32672,43.72542775,3.26889955,261.118695
2028-02-29,6.42241425e-08,297.618325,66.2705275,2.00241305,178.60188
2028-03-01,0.0,300.340215,50.158762249999995,2.154722675,251.8762
2028-03-02,0.0,300.7719825,45.5214945,2.372748075,270.4106
2028-03-03,0.0,301.24314749999996,44.2936825,2.4603143750000003,274.9445925
2028-03-04,0.0,301.9679825,40.22705,2.148767875,267.566465
2028-03-05,0.0,301.7896475,38.561411,1.81438495,243.6370625
2028-03-06,0.0,301.9033025,35.949167,2.0226927999999997,273.86612
2028-03-07,0.0,300.967925,30.530455,2.85125135,277.8814225
2028-03-08,0.0,300.21469,25.7221925,2.469460675,322.37212
2028-03-09,0.0,299.9394225,28.90747525,1.23813945,319.7399425
2028-03-10,0.0,300.6848425,30.65945925,1.1336203249999999,317.754355
2028-03-11,0.0,301.122295,29.28109825,1.5561800749999999,316.4042025
2028-03-12,0.0,301.5598675,28.31830225,1.941960975,313.6161825
2028-03-13,0.0,301.660165,27.8815565,1.683384075,301.811295
2028-03-14,0.0,301.9544875,28.952209,1.82170335,290.41110249999997
2028-03-15,0.0,302.3445175,30.185022500000002,1.9234542749999999,261.1014725
2028-03-16,0.0,302.4041925,29.6714615,2.0408473,298.31660999999997
2028-03-17,0.0,302.987005,28.80726025,2.50232995,291.452315
2028-03-18,0.0,302.913955,28.75334925,2.06712585,272.317965
2028-03-19,0.0,302.98231499999997,28.13625,1.81383675,300.69243
2028-03-20,0.0,302.7341925,25.38901575,2.275411075,311.7313625
2028-03-21,0.0,303.07392749999997,24.64434425,2.5724037500000003,303.81656
2028-03-22,0.0,302.4683675,26.1578035,2.6147089,260.22953
2028-03-23,0.0,302.41713,27.57813025,1.475814375,272.8327775
2028-03-24,0.0,302.338815,28.517127,1.5470196,278.94693
2028-03-25,0.0,303.0796675,27.115233500000002,2.463678575,312.3894775
2028-03-26,0.0,303.898885,28.04100825,2.307310025,298.34359
2028-03-27,0.0,304.0648325,29.6634415,1.5715753000000001,304.13736
2028-03-28,0.0,304.00024,29.13238975,1.6332855,313.29951
2028-03-29,0.0,304.094145,27.4923335,1.4826596250000001,308.9967125
2028-03-30,0.0,303.769275,26.35453725,1.51230285,318.23948
2028-03-31,0.0,303.96361,26.368999,1.681048325,323.1490675
2028-04-01,0.0,303.42006000000003,29.343004,2.2832778,316.3642575
2028-04-02,0.0,304.203605,33.17945725,3.43483765,303.6303275
2028-04-03,0.0,302.682935,39.99630725,2.32313165,220.9993675
2028-04-04,6.217233875e-08,303.8982825,30.964971499999997,2.188826525,299.488525
2028-04-05,2.21778425e-08,304.32213,31.220529,2.306203375,291.37334
2028-04-06,1.310645675e-07,304.405085,33.148293,2.38138025,289.7940325
2028-04-07,0.0,304.03669,32.821238,2.3960860999999998,282.0123375
2028-04-08,1.74919865e-08,304.11438,29.45183375,2.297413725,322.407
2028-04-09,0.0,303.9494575,27.9621545,2.335191975,322.3645225
2028-04-10,0.0,304.02961,28.97332075,1.80504255,275.2571275
2028-04-11,0.0,304.2741525,30.12053675,1.250276225,263.31701499999997
2028-04-12,0.0,304.92311,29.04221325,1.2916519499999999,287.81605
2028-04-13,0.0,304.85055,27.397759,1.088376675,272.8989525
2028-04-14,0.0,304.0726475,26.3009395,1.694064375,253.4915375
2028-04-15,0.0,304.03382999999997,26.2757965,1.383879775,272.707925
2028-04-16,0.0,304.4218475,29.24768975,1.4719342,291.27081250000003
2028-04-17,0.0,304.5318575,31.6118,1.3798972250000001,246.83336
2028-04-18,0.0,304.1283625,33.08534,1.136856275,247.908965
2028-04-19,6.454835575e-07,304.66686749999997,31.27779975,1.315952425,260.64742
2028-04-20,1.37537295e-08,305.1776125,29.6933685,1.746329375,305.6832075
2028-04-21,6.209838075e-06,304.86276499999997,35.906803249999996,1.7853492499999999,248.18712
2028-04-22,1.304457575e-07,305.36064999999996,30.135589500000002,1.938178675,302.3616725
2028-04-23,0.0,305.71211500000004,28.37151925,2.49838805,310.495635
2028-04-24,0.0,306.03039,27.11639675,2.660605275,293.05174250000005
2028-04-25,0.0,305.56825249999997,23.9941395,2.6242456499999998,326.93517
2028-04-26,0.0,305.258735,23.54747325,2.1887195999999998,337.90228
2028-04-27,3.405816575e-06,305.10393750000003,28.085971999999998,2.598322025,282.207575
2028-04-28,6.55347365e-06,305.7056675,31.7623655,2.478385975,280.9636475
2028-04-29,8.92577305e-06,305.5660625,32.3377365,1.8951471,283.04193250000003
2028-04-30,8.35430675e-05,302.955215,44.1782445,1.82557775,254.5925575
2028-05-01,0.0004473241675,296.698915,68.6374735,1.367107625,228.5990325
2028-05-02,1.083014935e-05,301.7023925,56.4817765,1.48347265,273.638465
2028-05-03,0.0,304.6640125,40.1524655,1.515217325,301.67544499999997
2028-05-04,5.392613574999999e-07,305.8612775,36.35733425,1.4485124249999999,296.185365
2028-05-05,1.950651475e-06,305.89035,37.68563975,1.4029183,270.84263250000004
2028-05-06,9.737421375000001e-07,306.074345,35.7097165,1.7280343999999999,300.5705675
2028-05-07,0.00018704665749999999,304.303805,45.10782125,1.3804888499999999,264.7846875
2028-05-08,1.172641e-05,304.81822999999997,45.67128275,1.26025285,268.5356925
2028-05-09,4.667681275e-06,305.9897825,39.656963,1.1843174,299.3084025
2028-05-10,1.81973625e-05,305.59589,44.053691,1.4556068500000001,287.0011925
2028-05-11,1.7860289249999998e-05,304.7428875,44.5198475,1.317091325,262.28837
2028-05-12,8.512868175e-06,304.80941,43.64016925,1.226490325,279.483515
2028-05-13,1.0271372675e-05,304.27921249999997,45.75726375,1.66371955,279.257125
2028-05-14,0.0,305.75198,37.14763875,1.290855325,301.71903000000003
2028-05-15,0.0,306.5025625,31.22441225,1.8538776750000001,326.32392749999997
2028-05-16,0.0,306.4156475,28.193501,2.401786525,309.9126375
2028-05-17,0.0,306.5533325,28.71298975,2.7851032,315.83622
2028-05-18,2.6015184e-07,306.503,33.63215425,2.2027226,282.6580675
2028-05-19,1.745963775e-06,306.6049025,36.46779875,1.69400885,279.161835
2028-05-20,2.024444e-05,304.78017,48.2479395,1.513104625,243.8575925
2028-05-21,0.0001485588475,304.40406,59.846616499999996,1.547988475,236.61903
2028-05-22,9.208743624999999e-05,304.468395,57.12174325,1.7504518,253.412175
2028-05-23,0.00013681623625,304.5500975,62.12065875,1.46182715,255.19208250000003
2028-05-24,2.59034275e-05,304.360405,60.751194,1.74128805,256.85315
2028-05-25,0.0,306.37969,42.843675499999996,2.6103639,289.5017125
2028-05-26,0.0,307.2431175,33.692837,3.405017075,317.005725
2028-05-27,0.0,307.388905,30.45863525,3.2942787,323.9376175
2028-05-28,0.0,307.68691,29.267839,3.435240125,330.7577175
2028-05-29,0.0,307.9696025,27.24488375,3.5024632999999996,343.6566875
2028-05-30,0.0,307.9591325,27.2966805,3.235587575,335.3469725
2028-05-31,0.0,308.1147975,27.39241825,2.83903585,337.973385
2028-06-01,0.0,307.8116925,26.5963965,3.16913045,307.4718525
2028-06-02,9.453347e-06,307.63929,31.3878495,2.74724415,310.8958875
2028-06-03,5.74880825e-06,306.5800825,35.49135225,2.744216175,282.7689825
2028-06-04,0.0,307.366725,30.49433575,2.384663025,313.75246500000003
2028-06-05,1.54045295e-07,307.691285,32.243708749999996,2.382459,299.20151250000004
2028-06-06,0.0,307.79588,27.7345575,2.638342325,317.5068025
2028-06-07,0.0,308.046175,25.360671500000002,2.5965030000000002,324.50968750000004
2028-06-08,0.0,308.2133075,24.659567250000002,2.450445625,317.2306075
2028-06-09,0.0,308.84830750000003,23.85362425,2.543498025,296.88329500000003
2028-06-10,1.871171925e-07,308.8428075,25.7652225,2.37609975,303.30155
2028-06-11,0.0,308.4246025,29.440062,2.329370825,265.6614
2028-06-12,3.687553625e-05,305.20725500000003,50.3015245,3.2323758,236.3304975
2028-06-13,5.925885175e-05,299.99089000000004,74.31750149999999,4.922903175,205.99313
2028-06-14,9.836689150000001e-06,304.851655,55.051733999999996,4.740388475,300.807455
2028-06-15,6.010505e-06,303.983905,56.00980125,3.7493675,264.44529
2028-06-16,0.0,300.79133,69.653465,3.6643429750000003,214.9145325
2028-06-17,0.0,300.9190525,69.9482635,3.3629563,208.98803750000002
2028-06-18,1.493899275e-05,303.85362250000003,60.343933,2.89023285,291.0722925
2028-06-19,1.7942700499999998e-05,303.0324075,59.717467,2.3135966999999997,266.6159925
2028-06-20,0.0,304.539795,51.817914,4.3100529000000005,303.7780775
2028-06-21,8.43333575e-07,300.88362,64.57493550000001,4.49144075,222.484355
2028-06-22,1.125577025e-06,302.07520750000003,60.60200175,4.72270295,253.5465475
2028-06-23,2.94810775e-06,301.39556749999997,64.632408,4.4275671249999995,239.16989
2028-06-24,8.833611825e-07,301.722855,65.2772705,4.284050825,241.3645775
2028-06-25,1.9216448324999997e-06,301.66006749999997,66.4481375,4.3063152250000005,243.1760825
2028-06-26,0.0,302.01274,63.94277975,4.75845445,265.27194000000003
2028-06-27,0.0,302.41517,62.39307375,4.98135995,278.187005
2028-06-28,0.0,302.3600475,62.46217875,4.911947575,275.80782750000003
2028-06-29,0.0,301.73382749999996,68.5891225,4.448946175,238.84274
2028-06-30,0.0,302.15893,64.772805,4.29222325,258.0264225
2028-07-01,3.170342825e-05,300.977285,76.47916000000001,4.37086065,205.57387500000002
2028-07-02,0.0001458809915,300.6034625,83.46547100000001,4.1967853250000005,199.1913375
2028-07-03,1.97003285e-05,300.6162825,82.490791,3.92286045,203.3068325
2028-07-04,1.954978475e-06,301.665425,75.4513955,4.1328364749999995,246.7951725
2028-07-05,7.95687075e-07,300.9700575,79.5138625,3.37192785,222.741475
2028-07-06,5.38570675e-06,301.322185,77.1018475,3.760123825,243.108615
2028-07-07,4.350193575e-05,300.8331925,80.38491225,3.140686025,219.12564500000002
2028-07-08,1.9751635e-07,301.0394575,78.7899425,2.94122175,218.331495
2028-07-09,0.0001056311575,301.34054499999996,80.04741250000001,3.79879445,247.40003000000002
2028-07-10,5.099572775e-05,301.3851325,75.85673374999999,4.0940024,240.7441825
2028-07-11,9.85034825e-05,300.6742575,86.08899625000001,3.06190705,222.108005
2028-07-12,0.0,301.123795,79.93372625,3.2929862,239.1051775
2028-07-13,2.060616375e-06,301.27532,78.60813725,3.3535021,237.6062125
2028-07-14,7.42934825e-07,301.273885,78.4468535,3.75875855,228.8914225
2028-07-15,0.0,301.7790825,74.88045125,3.9337562750000004,254.2504975
2028-07-16,0.0,301.50196,75.69361125,3.7048549,241.19135749999998
2028-07-17,0.0,302.21562,70.8601155,3.32953195,276.75643249999996
2028-07-18,0.0,302.289125,71.89157125,2.4928014000000003,253.717475
2028-07-19,2.214364175e-05,302.119425,78.51065125,1.75199025,233.7108675
2028-07-20,7.649261725e-06,301.8879925,81.30854125,1.7047238249999999,233.8897825
2028-07-21,7.9691425e-07,301.850975,79.374464,1.76554025,236.7806925
2028-07-22,3.5300390250000003e-05,301.052815,81.73666,2.030426825,237.034275
2028-07-23,9.3807109e-05,299.800485,91.49428625,1.94368395,195.77789
2028-07-24,5.133780624999999e-06,300.656795,83.6174175,2.810375775,225.4734525
2028-07-25,5.97001175e-06,300.5918725,85.681412,2.590939,222.7777575
2028-07-26,5.782413e-06,300.97839500000003,80.429119,2.8343047500000003,236.388905
2028-07-27,3.0425614e-05,302.2679375,78.5352075,2.825347825,251.5310625
2028-07-28,1.48133315e-07,302.4297125,74.9052165,3.040246975,272.4643525
2028-07-29,5.25348105e-05,302.0995425,79.0272825,2.764900375,251.152
2028-07-30,3.0555019e-05,300.33595249999996,89.6117475,2.30663745,200.46105
2028-07-31,1.5680358375e-05,300.02163,91.31878999999999,2.463657575,196.0898675
2028-08-01,2.780748725e-07,300.4865575,83.808661,3.3084795,243.515125
2028-08-02,0.0,300.942835,81.99478125,3.8819812249999996,239.64021250000002
2028-08-03,8.7004635e-06,300.49404,83.8822375,3.459630475,217.8046725
2028-08-04,5.05162375e-06,300.4039925,83.7448535,3.863972075,235.6045975
2028-08-05,0.00015657049999999998,300.2360725,87.8952025,2.92729675,213.8846775
2028-08-06,0.0003019439825,299.826005,93.506315,2.5613156,154.38165750000002
2028-08-07,0.0002483071725,299.345675,93.56463149999999,2.827763425,173.4503975
2028-08-08,0.0,300.19507999999996,90.30884275,2.37231435,218.5219175
2028-08-09,0.0,300.5636925,86.61071,3.02474215,235.1886875
2028-08-10,0.0,300.5475425,85.7758075,2.8557307,236.4713425
2028-08-11,0.0,300.9714675,82.7853635,2.9404525,246.391525
2028-08-12,0.0,301.34902750000003,82.2229625,2.938052075,241.99703
2028-08-13,8.79692075e-06,300.00665000000004,91.056269,2.4531177250000002,194.87487249999998
2028-08-14,0.0,300.6933775,85.766449,2.3512147,251.77944
2028-08-15,1.992984225e-06,300.4588025,88.46092999999999,1.671334275,213.586255
2028-08-16,0.0,301.03822,85.05560750000001,2.351033225,242.1973175
2028-08-17,0.0,301.22110499999997,80.9280725,2.33306215,256.6196125
2028-08-18,0.0,301.3991,78.95969225,2.583071175,250.49317
2028-08-19,0.0,301.535545,77.630971,2.97556835,253.28966
2028-08-20,2.750789025e-05,300.2137025,84.84214399999999,4.04051235,230.569225
2028-08-21,0.00025020511,299.205025,92.281455,3.3694296,160.67594250000002
2028-08-22,1.225904225e-06,299.86499749999996,89.19481625,3.9776006,214.86047250000001
2028-08-23,0.00011125447225000001,300.41835249999997,85.39910499999999,3.608142925,251.2434375
2028-08-24,0.0002856493875,299.3328325,92.83291,3.4195324,147.1361275
2028-08-25,1.4767583250000001e-06,299.9290175,89.2490625,2.8993091,225.88094
2028-08-26,3.5998640850000003e-07,300.14999,88.6917715,2.9478972,220.9615575
2028-08-27,1.2943508e-07,300.58583,85.10298,3.3203654499999997,241.555355
2028-08-28,0.0,300.0174125,88.37331999999999,3.089990875,212.3366025
2028-08-29,1.533935895e-05,299.814235,90.1560915,3.07056585,204.8865025
2028-08-30,0.0,300.3763525,88.1179985,2.515867225,226.9405875
2028-08-31,0.0,300.72599,84.90284825,2.94096815,240.2257125
2028-09-01,0.0,300.94043,85.25545,3.1588648,229.5093575
2028-09-02,0.0,300.53918500000003,86.361056,3.439303425,214.11368
2028-09-03,1.0617198749999999e-05,300.685825,84.85486875,3.379037475,227.3804675
2028-09-04,2.450230575e-06,300.74567,82.845486,2.869653575,229.4022375
2028-09-05,2.2034967e-07,300.51522750000004,86.56101000000001,2.519980325,218.9552225
2028-09-06,0.0,301.1580325,75.95504725,2.6425314999999996,263.82509749999997
2028-09-07,0.0,301.5120425,75.81135125,2.228433875,259.12737500000003
2028-09-08,0.0,301.639175,74.725374,2.2585645750000003,255.557135
2028-09-09,0.0,302.08769,69.7332225,2.551461825,281.32427
2028-09-10,0.0,302.0212775,67.4888665,2.6576377,283.15074000000004
2028-09-11,0.0,301.68714,64.722621,2.955138825,264.325745
2028-09-12,0.0,301.5413075,65.4502365,3.263170175,252.07405749999998
2028-09-13,0.0,301.1908125,75.39403874999999,3.67643585,233.09290249999998
2028-09-14,0.0,302.324295,62.7941475,4.2129136,274.3567725
2028-09-15,1.72571385e-05,302.24683749999997,67.440545,4.12018925,249.9596975
2028-09-16,0.0,301.3868875,71.562455,4.4451515,239.70216
2028-09-17,0.0,301.856675,63.423127,4.37984425,264.467115
2028-09-18,0.0,301.719415,62.9150505,3.92464425,245.49315
2028-09-19,1.290527275e-05,300.94489,79.25102125000001,2.6492836,223.397035
2028-09-20,0.0,301.36085,76.532744,2.123579875,234.227565
2028-09-21,0.0,302.1981075,70.92902000000001,1.931969325,254.1706825
2028-09-22,0.0,304.281455,61.34848975,1.45313495,266.6153325
2028-09-23,0.0,304.8373675,56.62706575,1.5797151,264.11766750000004
2028-09-24,0.0,304.942215,56.2404285,1.6853726500000001,267.4144425
2028-09-25,0.0,300.72171749999995,70.93227,1.143118225,208.235905
2028-09-26,0.0,303.352625,47.28920375,1.49329535,290.16996
2028-09-27,0.0,303.04539,53.313487,1.2627729250000002,235.1277925
2028-09-28,0.0,302.38701000000003,47.30604575,1.537086425,276.6710825
2028-09-29,0.0,303.9850625,47.1563265,2.312610625,237.02856500000001
2028-09-30,0.0,301.7866125,49.1687055,2.58720785,232.85298749999998
2028-10-01,0.0,303.3687075,47.0449785,2.51688645,263.11643
2028-10-02,9.330805e-08,299.5603425,62.55059575,1.799636975,208.40861999999998
2028-10-03,0.0,300.8905275,53.88493725,1.669834875,259.08011250000004
2028-10-04,5.8670952e-06,302.8327775,48.740159,1.4927871000000001,245.09612249999998
2028-10-05,9.0445819e-07,301.3367925,47.68257425,1.478633575,247.354805
2028-10-06,0.0,302.58188,49.09900775,1.77745585,237.474915
2028-10-07,6.492711e-08,301.2851275,40.895503,1.73045925,266.526665
2028-10-08,0.0,301.257995,39.4838345,1.765255,262.6756125
2028-10-09,0.0,301.0388425,38.127083999999996,1.4673852250000001,253.48259000000002
2028-10-10,0.0,300.9179825,38.37919775,1.3644842,221.8175575
2028-10-11,0.0,301.3226575,36.02943275,1.49250035,227.0595925
2028-10-12,0.0,300.72389499999997,34.774282,1.55934325,248.98923
2028-10-13,0.0,301.0454925,40.24766775,1.891927975,221.7358825
2028-10-14,0.0,302.817605,52.840354000000005,1.853970675,224.475065
2028-10-15,0.0,302.828995,46.58958175,2.15293725,251.041805
2028-10-16,0.0,303.12248999999997,43.840894250000005,2.386746825,255.149725
2028-10-17,0.0,301.6141975,36.5453165,2.5127155500000002,247.232755
2028-10-18,0.0,302.9515975,41.52196775,2.733498175,218.809315
2028-10-19,0.0,302.13432,43.2064165,2.69898815,239.01153499999998
2028-10-20,0.0,301.29445250000003,47.14899575,2.486976775,216.6169475
2028-10-21,0.0,301.78171,46.136323000000004,2.4621506,222.578265
2028-10-22,0.0,301.66612250000003,40.77500825,2.54750085,242.19315999999998
2028-10-23,9.496063250000001e-07,302.7589425,38.27575275,2.6735512999999997,229.20704
2028-10-24,4.0437185000000005e-06,303.830915,38.400054,2.6561384,221.0396375
2028-10-25,2.62171225e-06,303.47782,40.8318615,1.95539005,199.445155
2028-10-26,9.1047335e-07,302.4156025,36.303891,1.965196825,221.918365
2028-10-27,8.7174419e-05,302.980545,41.330507999999995,1.8272536,211.2297075
2028-10-28,0.00024504291,303.3272475,54.3776365,1.776469475,205.027875
2028-10-29,0.000533047735,296.54214,91.565515,1.761802425,146.7451
2028-10-30,7.848272e-07,299.319175,77.007139,1.017598975,199.253005
2028-10-31,0.0,300.6839375,56.757915249999996,1.993605825,237.25414
2028-11-01,4.860788975e-06,301.02185,55.03450675,2.498193925,237.8688125
2028-11-02,0.0,300.85836,45.920618250000004,2.32615735,238.065695
2028-11-03,0.0,300.71513749999997,47.2749985,2.2616172,228.52936
2028-11-04,0.0,300.5529875,42.791084999999995,2.31084135,232.7373
2028-11-05,0.0,300.34728,36.485155750000004,2.1175549,226.0560925
2028-11-06,0.0,300.47852,40.40090575,2.7283225,237.55405000000002
2028-11-07,0.0,299.63595250000003,49.2414475,2.7396835,194.42297
2028-11-08,0.0,298.2809525,46.44407825,2.7440594750000002,192.58927
2028-11-09,0.0,298.2975825,34.585184,2.0804809,241.1371025
2028-11-10,0.0,299.1744025,33.908144750000005,2.324725325,240.4910325
2028-11-11,6.05496525e-07,301.73105499999997,34.14020175,2.4919319,229.181925
2028-11-12,8.217198875e-07,302.30704249999997,35.39139925,2.759037,216.77243
2028-11-13,2.934523475e-08,300.5875525,29.92193125,1.96990595,232.2457975
2028-11-14,0.0,300.769495,31.527974,2.640284275,226.535735
2028-11-15,0.0,299.54123749999997,30.252911750000003,2.2609563,206.57236999999998
2028-11-16,0.0,299.5431675,23.36777225,2.1950342000000003,240.363755
2028-11-17,0.0,298.08885250000003,21.49841,2.294350925,231.2630475
2028-11-18,0.0,299.11401,28.072674,2.127904825,181.219675
2028-11-19,0.0,299.3052475,29.9816885,1.98540085,218.9602075
2028-11-20,0.0,298.1159075,21.3204295,2.356103675,230.96217000000001
2028-11-21,0.0,297.6831025,19.239096500000002,1.996052775,248.833015
2028-11-22,0.0,298.102745,23.578847500000002,2.061644725,224.4818975
2028-11-23,0.0,298.3447675,24.172061,2.477597825,238.6459125
2028-11-24,0.0,299.591385,25.9327245,3.0679768000000003,222.3042525
2028-11-25,4.4704785e-07,296.1691125,45.926967,2.276071425,139.393255
2028-11-26,0.0,296.3654,53.312073749999996,1.77612375,187.57973
2028-11-27,0.0,298.35643,37.13777675,2.42601705,220.88535000000002
2028-11-28,0.0,299.1436375,31.942008,2.64017615,215.916585
2028-11-29,0.0,298.51382,27.11248925,2.40931035,213.126225
2028-11-30,0.0,297.934925,21.560219,2.8453979250000003,234.14217250000002
2028-12-01,0.0,297.246,18.978578,2.664504225,237.7503775
2028-12-02,0.0,296.695075,18.444797,2.6081711,228.34408249999998
2028-12-03,0.0,296.3303125,17.373249,2.5014548249999997,241.922665
2028-12-04,0.0,295.7434975,18.688658,2.5384412249999997,243.704365
2028-12-05,0.0,295.0145475,18.11544275,2.55435575,246.35944
2028-12-06,0.0,294.5323825,17.499477,2.27013225,239.94791
2028-12-07,0.0,294.6485,18.586674,1.7898659000000001,232.9765825
2028-12-08,0.0,295.9991025,21.539665499999998,2.512323,211.44551
2028-12-09,0.0,298.506025,25.44373875,3.057697225,207.9164075
2028-12-10,0.0,297.76016500000003,28.40757375,2.712933875,202.52287
2028-12-11,0.0,296.7341375,33.7602665,2.232798275,179.7233225
2028-12-12,0.0,297.15358249999997,32.6713095,2.262499875,188.600725
2028-12-13,0.0,298.3559275,28.13228325,2.796792725,220.2355475
2028-12-14,0.0,299.1772875,27.947415499999998,2.6753507,210.43601999999998
2028-12-15,0.0,298.21575,34.42355125,2.7275854,183.661405
2028-12-16,0.0,296.5546325,44.59831225,2.885615275,176.5646025
2028-12-17,0.0,297.592805,37.67387,2.78902225,198.94883249999998
2028-12-18,0.0,296.364865,46.100511,2.6920057,171.339855
2028-12-19,0.0,295.363065,37.26573675,2.93567835,174.2345675
2028-12-20,0.0,296.30514999999997,30.15211125,2.86757435,215.1118175
2028-12-21,0.0,297.64949,29.98862125,2.6984347,230.6973875
2028-12-22,0.0,298.91882250000003,33.3008005,2.495572375,208.968245
2028-12-23,0.0,298.64009250000004,35.262620749999996,3.29830995,209.59426
2028-12-24,0.0,296.53832,45.0330495,3.10185865,164.71211499999998
2028-12-25,0.0,298.7867125,38.37514675,3.171113475,219.576955
2028-12-26,0.0,298.8040375,35.63981475,3.4774665750000002,220.8053625
2028-12-27,0.0,298.2614075,35.97503075,3.200789875,216.2953575
2028-12-28,0.0,297.60757,38.83574425,3.49765445,203.953835
2028-12-29,0.0,298.27646,35.62238325,3.513279025,228.69417249999998
2028-12-30,0.0,299.37538,37.6995695,3.47858715,215.5750375
2028-12-31,0.0,299.0197875,40.87652975,2.614513575,214.1786875
2029-01-01,0.0,298.676735,41.181661,3.1988897,223.39512
2029-01-02,0.0,298.64405750000003,43.7215255,3.681170825,214.5768275
2029-01-03,0.0,297.6497025,48.734702999999996,3.15375405,181.85146749999998
2029-01-04,0.0,297.820275,47.078624000000005,2.3125394750000003,207.6313275
2029-01-05,0.0,298.087425,39.23899175,2.55723685,227.22550999999999
2029-01-06,0.0,298.4697875,37.1434425,2.820571375,230.1554075
2029-01-07,0.0,298.15179,37.26182275,3.24138375,227.40758499999998
2029-01-08,0.0,297.59846500000003,35.265207249999996,3.0041333249999997,242.11793
2029-01-09,0.0,296.8018775,37.270281749999995,2.40768585,208.327485
2029-01-10,0.0,296.5025525,29.05126575,1.929869025,238.16208
2029-01-11,0.0,297.5916475,29.19821375,2.3669576,241.1690925
2029-01-12,0.0,298.981135,29.409613999999998,3.00538985,224.50914
2029-01-13,0.0,299.1757675,27.62583525,2.426707525,226.51682
2029-01-14,0.0,298.664595,25.744711,2.459172825,227.139265
2029-01-15,0.0,297.906555,23.9241595,2.93962235,247.298905
2029-01-16,0.0,298.89195,28.5175635,3.363404925,245.07428
2029-01-17,0.0,299.7914725,31.19447725,3.0224547250000002,240.7404875
2029-01-18,0.0,299.531335,28.51312975,2.7044850499999997,242.43195
2029-01-19,0.0,299.04061,29.68129,2.4545228,244.84578
2029-01-20,0.0,299.2446,28.155763,1.89811305,243.20351
2029-01-21,0.0,299.8177125,24.92104525,2.327858075,246.93588499999998
2029-01-22,0.0,299.5305525,30.7115425,3.067368825,243.026265
2029-01-23,0.0,299.5961325,32.628485,3.167060425,245.39539
2029-01-24,0.0,299.3740375,28.128023,2.800007225,252.67202500000002
2029-01-25,0.0,299.0092675,25.815208249999998,2.74526085,253.5159075
2029-01-26,0.0,299.2557875,21.08887925,3.5130677,254.49475
2029-01-27,0.0,299.4275325,25.32987775,3.460925675,223.5680025
2029-01-28,0.0,298.8526175,26.5766025,2.98198425,259.327995
2029-01-29,0.0,299.6252925,26.84653925,3.2316928999999996,247.8792
2029-01-30,0.0,299.9958275,27.50506575,3.48204265,254.2164175
2029-01-31,0.0,299.80216,28.246799,3.6079275749999997,251.3803725
2029-02-01,0.0,299.683755,25.74389625,3.814073525,258.747125
2029-02-02,0.0,299.422105,27.143443,3.8400703,271.97484
2029-02-03,0.0,300.27023,31.2235015,4.015956825,259.650405
2029-02-04,0.0,300.49602500000003,30.7800605,3.8373697250000003,258.812925
2029-02-05,0.0,300.6662475,31.9283985,4.275387525,246.19546000000003
2029-02-06,0.0,301.1279675,33.81225675,4.0872624,243.33679999999998
2029-02-07,0.0,301.194835,35.1683985,3.6942836,250.7316
2029-02-08,0.0,300.644775,37.6625365,3.641483075,241.30633
2029-02-09,0.0,300.55596,36.33797,2.451937975,246.1989125
2029-02-10,0.0,300.9150275,31.35553475,2.989642,260.89610000000005
2029-02-11,0.0,301.43911,29.18148725,3.590732675,264.7230675
2029-02-12,0.0,301.3763925,27.9442845,3.311197075,238.75148000000002
2029-02-13,0.0,300.9895825,31.0339575,2.727574025,218.15887
2029-02-14,0.0,300.963735,27.87302875,2.736238,260.82671500000004
2029-02-15,0.0,302.01467249999996,27.802149749999998,3.0048597,206.6850725
2029-02-16,0.0,301.824135,23.47841575,3.4691274,262.6520375
2029-02-17,0.0,302.619745,21.75668875,3.427303475,231.035535
2029-02-18,0.0,303.074655,24.611309499999997,3.266256175,216.112
2029-02-19,0.0,303.115235,26.35153025,3.3557666,226.25281999999999
2029-02-20,0.0,303.2127925,24.82038725,3.71918535,224.3596775
2029-02-21,8.388168749999999e-09,303.91551,25.892416750000002,3.411081525,224.44367499999998
2029-02-22,0.0,300.64409,35.065182,2.5917365,202.9036925
2029-02-23,2.4436872249999997e-06,303.1859,37.95312425,3.0680714,228.28751
2029-02-24,0.0,303.40314750000005,32.808261,3.46683815,239.9975675
2029-02-25,9.847873175e-07,303.0428875,36.061264,3.248444125,224.5819325
2029-02-26,7.44127335e-07,303.6288125,35.5805625,3.3503842,221.64463
2029-02-27,0.0,301.9842175,23.98365175,2.7679985,280.6464775
2029-02-28,0.0,301.4904225,19.325326,2.1967889,276.92078749999996
2029-03-01,0.0,301.27588249999997,16.53113125,3.35971705,296.323
2029-03-02,0.0,302.20759,15.50170775,4.1387128749999995,302.54512
2029-03-03,0.0,301.53413,12.21942825,3.1707825,314.04997000000003
2029-03-04,0.0,301.1319475,18.00194925,2.818135025,307.897135
2029-03-05,0.0,302.9769475,24.34245275,3.4784007,290.24456250000003
2029-03-06,5.6337816750000005e-09,304.4762675,26.018537000000002,3.932121225,257.07477
2029-03-07,1.4344785875e-06,304.60118,32.521384499999996,3.8457218749999997,238.04612
2029-03-08,3.216979e-07,302.268955,37.202587,2.2646456500000003,206.1609625
2029-03-09,6.051046e-08,303.35695,35.19600725,1.745342475,237.4291875
2029-03-10,0.0,304.6679775,26.73833375,2.2523303500000003,266.520655
2029-03-11,0.0,304.421745,25.43522925,2.5013452750000003,263.608155
2029-03-12,0.0,305.4781275,24.0930845,2.533587475,257.9557125
2029-03-13,0.0,304.795385,22.48386,2.2623423750000002,272.2216325
2029-03-14,0.0,304.0478325,19.7305585,2.32291835,272.04335000000003
2029-03-15,0.0,304.635735,19.503854,3.2689963,280.5955175
2029-03-16,0.0,304.2212125,19.707544,3.44514855,311.34992
2029-03-17,0.0,303.9612975,21.12844475,3.8308641750000003,311.52753
2029-03-18,0.0,304.38428,19.01983825,4.0878517,309.77594750000003
2029-03-19,0.0,303.67458,16.54833225,4.1369583,320.63870000000003
2029-03-20,0.0,302.880065,17.18339775,2.8863871,318.196685
2029-03-21,0.0,303.37789250000003,18.729849,2.8769908749999997,311.81462750000003
2029-03-22,0.0,304.9848875,18.91757775,2.8677087500000003,268.33477999999997
2029-03-23,0.0,305.79143750000003,18.28513625,2.152117875,288.470885
2029-03-24,0.0,305.8218075,21.440372500000002,2.6621807,284.68688
2029-03-25,0.0,306.0761625,21.890754,3.4573101250000002,270.570035
2029-03-26,0.0,306.3002075,23.614047499999998,3.031717225,245.8224525
2029-03-27,0.0,305.44079999999997,20.011505500000002,2.140454925,295.65588249999996
2029-03-28,0.0,307.1874425,20.113052,2.605012825,279.58867
2029-03-29,0.0,306.65326500000003,23.53599775,2.9777291,287.76541
2029-03-30,7.70784125e-05,305.91619249999997,31.59966275,2.9705641,268.99509
2029-03-31,7.0084341250000005e-06,301.5196975,49.193325,3.604484175,197.0467675
2029-04-01,1.2183129775e-05,304.29782,36.94524675,3.4747914499999997,273.172635
2029-04-02,7.639114675e-06,304.62564,36.30865875,3.6348821,259.54758749999996
2029-04-03,7.82332525e-08,304.7693625,33.706010750000004,2.918159175,249.6396
2029-04-04,2.476239025e-07,305.11996999999997,29.1783335,2.680190375,263.75891249999995
2029-04-05,0.0,305.224125,23.12553925,2.8904791999999997,323.37364
2029-04-06,0.0,305.505935,21.993170749999997,1.6697544500000001,269.272565
2029-04-07,0.0,305.3492625,25.43967025,2.535171625,274.5927825
2029-04-08,2.94859145e-06,305.6738475,26.24306675,2.4934874249999996,302.1144675
2029-04-09,1.936304625e-07,305.579515,24.148344,2.92130905,314.01197
2029-04-10,5.79611225e-08,305.6016875,22.3432575,2.62936025,307.476025
2029-04-11,7.60312425e-09,305.759765,23.8794665,2.52086025,302.45282
2029-04-12,1.5176485e-07,306.20662749999997,23.883173,3.03014505,283.6927675
2029-04-13,1.5898782999999999e-07,306.32754750000004,23.2618055,3.519228275,299.36269
2029-04-14,5.08651545e-07,305.106405,28.4707365,2.8381200250000003,224.07272749999998
2029-04-15,5.4596415e-05,306.18890250000004,30.95049325,2.4054849750000002,265.97039
2029-04-16,0.0004274893375,304.144675,47.782092500000005,1.42426995,244.721925
2029-04-17,0.0004561173325,302.3128,58.653482499999996,2.7010241,247.89457
2029-04-18,0.00025634261750000003,301.084795,56.28819825,2.719956925,258.85492
2029-04-19,1.4393985e-05,302.36803499999996,52.68558275,3.00354515,261.03538000000003
2029-04-20,0.0,304.46484499999997,36.834881,1.9323128,325.0192575
2029-04-21,0.0,305.06588999999997,30.3078715,1.67155175,333.638835
2029-04-22,0.0,305.1991725,28.679457749999997,1.932213175,338.251605
2029-04-23,0.0,305.33402,26.2346905,2.0653866499999998,340.0774975
2029-04-24,0.0,305.374915,22.981994999999998,2.558426125,340.7398025
2029-04-25,0.0,305.52891,21.00395625,2.905092625,336.34655
2029-04-26,0.0,305.9838925,21.04259,2.9750116,324.38225750000004
2029-04-27,0.0,307.3356825,22.2880095,3.24629265,291.52211
2029-04-28,4.379609775e-06,307.031765,25.099789,1.98444015,260.2592925
2029-04-29,2.29042675e-06,307.157685,23.772671250000002,1.685186425,301.80581
2029-04-30,0.0,307.079105,23.2377325,2.345459075,282.030395
2029-05-01,0.0,306.62131,22.134918499999998,1.815009475,274.13673
2029-05-02,0.0,306.7750075,21.347352,1.971264275,284.297955
2029-05-03,0.0,307.3263425,21.791711499999998,1.792465825,272.642165
2029-05-04,4.379779375e-08,307.138,24.31319625,1.64984915,288.1751475
2029-05-05,6.009613525e-06,303.709535,34.867769249999995,1.177652325,208.331425
2029-05-06,0.0,306.23399,26.667903250000002,1.5481608,276.3672275
2029-05-07,2.5216121e-06,307.31352749999996,26.22687875,2.320179975,272.4455475
2029-05-08,1.1705929125e-05,307.1707275,28.492535,1.731052875,285.9858625
2029-05-09,3.1671386e-06,306.02585,33.802989249999996,1.587029475,231.5493275
2029-05-10,1.424964225e-05,307.16231500000004,30.6814205,2.143779425,277.47551
2029-05-11,5.61726625e-07,305.22364500000003,35.667263,2.2065875,217.495345
2029-05-12,0.0,306.9467025,27.4153025,2.1567123,332.2320575
2029-05-13,0.0,307.52696000000003,26.8400575,2.50202045,312.5003375
2029-05-14,0.0,307.9398875,26.488194,2.276067425,259.9176275
2029-05-15,1.094959975e-05,306.67628,33.46981375,2.872443025,246.1375525
2029-05-16,5.345431975e-06,306.9252925,35.32581675,1.820872625,282.4926625
2029-05-17,4.4439953999999995e-06,306.76455,35.656076999999996,1.760121125,264.80658
2029-05-18,5.595829925e-06,307.1215125,33.57649075,1.340434175,285.1088925
2029-05-19,2.130458675e-05,306.96929750000004,35.79927925,1.639576975,277.1467825
2029-05-20,5.7121464e-05,306.5699525,41.141081,1.626511975,274.1554025
2029-05-21,7.54338375e-06,306.9857025,38.33202775,1.8205817,277.9474575
2029-05-22,0.0,307.40441,33.14376625,1.74072805,304.3798025
2029-05-23,0.0,307.9000825,29.65988825,1.9377100999999999,309.911625
2029-05-24,0.0,308.142945,25.7418935,1.7184045000000001,280.39837750000004
2029-05-25,0.0,308.30505,22.730691,2.0279186,312.8643025
2029-05-26,4.3563912e-06,308.4920775,25.3272525,2.3628301,302.86622
2029-05-27,0.0,305.92119,37.094366,2.149431625,240.48925
2029-05-28,0.0,307.4748525,28.1613845,2.009869175,289.1250575
2029-05-29,0.0,308.5093075,23.827087,2.845683175,303.4553675
2029-05-30,0.0,309.0109125,23.92678575,3.553837525,299.2501375
2029-05-31,0.0,308.583275,25.87490375,4.553285325,296.1144425
2029-06-01,0.0,308.164085,26.4317395,3.4561748,299.736405
2029-06-02,0.0,308.00048,25.60249525,4.041609975,321.4467325
2029-06-03,6.9810386e-05,307.7963175,30.53011625,4.25373075,321.9112075
2029-06-04,0.0002196135075,303.333205,58.52965475,4.307967825,231.3488
2029-06-05,0.0002019322075,300.6022125,76.1002135,3.243140675,185.59447749999998
2029-06-06,2.054622675e-06,303.5174475,59.575745749999996,3.5569236,256.7936125
2029-06-07,0.0,304.1342925,54.0643855,3.120200325,287.72123
2029-06-08,0.0,303.6254575,57.10541325,3.4734803000000003,269.4395975
2029-06-09,0.0,304.4424125,48.79808175,3.58051105,286.9800925
2029-06-10,0.0,303.657075,50.36583625,4.15970325,266.67835249999996
2029-06-11,0.0,303.139795,53.40398125,4.354904250000001,263.672265
2029-06-12,9.52987225e-06,302.40968250000003,62.31897,4.2562575,279.6514975
2029-06-13,3.4716107249999998e-06,301.79828,68.92550125,3.50967085,242.38876249999998
2029-06-14,0.0,303.60533250000003,58.9321485,3.3396945,298.55879500000003
2029-06-15,0.0,304.1700525,55.4146875,3.70390355,284.14675
2029-06-16,2.7636354e-07,304.5225825,52.80146125,3.359074875,267.930355
2029-06-17,5.728503500000001e-06,303.304845,58.6746135,3.528445575,261.9427225
2029-06-18,6.2650895e-07,304.9295625,51.34102925,3.8536599750000002,294.6497425
2029-06-19,0.0,305.792155,45.0142465,3.8986313,312.671615
2029-06-20,0.0,305.81716,44.858554749999996,4.061866175,299.92579750000004
2029-06-21,0.0,306.09263,43.942443,4.080105875,307.205945
2029-06-22,0.0,307.0607775,38.0689595,3.549060175,317.683255
2029-06-23,1.0654978000000001e-07,307.609255,40.55010625,3.78045305,291.241
2029-06-24,0.0,306.76794,41.4900265,3.135087675,276.5625475
2029-06-25,5.9404086249999996e-08,304.298755,47.098836750000004,2.755577725,241.7007225
2029-06-26,7.89346875e-05,306.4989625,47.8754535,3.3185732750000003,282.75218
2029-06-27,7.5888815e-05,302.93352,62.2787525,2.6697568,231.881315
2029-06-28,8.960648375e-05,302.3743975,69.974475,2.74919295,253.018325
2029-06-29,3.290364925e-07,300.3746275,85.40960375,1.869009625,203.827165
2029-06-30,0.0,302.2728275,69.13539,1.70860325,285.4725875
2029-07-01,1.451927875e-06,303.9161375,61.49930925,1.356092025,282.1705625
2029-07-02,3.5096432999999995e-05,303.8960125,64.87066425,1.3014519,265.33424
2029-07-03,3.861125575e-05,302.9176175,73.59439499999999,1.613851925,253.36209
2029-07-04,0.00012900547125,302.3818675,80.2397235,1.660815875,245.864165
2029-07-05,0.0,303.17276000000004,67.67804100000001,2.65253445,277.06682
2029-07-06,6.43628425e-07,303.2664775,66.005205,3.2922809,270.900415
2029-07-07,0.000244719735,301.79371749999996,76.29925,3.56444675,226.65304
2029-07-08,0.0003218131425,300.63459,91.4904685,2.330115625,199.948295
2029-07-09,0.000245177005,300.5153275,91.48953125,2.766974625,201.571015
2029-07-10,8.782211775e-05,300.99989999999997,87.16165,2.5087137250000002,215.30954
2029-07-11,0.0,301.4295,79.761235,3.7526073,251.087725
2029-07-12,5.4771261e-06,301.8184275,79.1540085,4.0823467749999995,243.949675
2029-07-13,7.72972555e-05,300.62869,88.0803625,4.097775025,206.9813525
2029-07-14,0.0001896128625,300.266875,91.02530999999999,3.9352872000000003,187.252995
2029-07-15,5.97997845e-05,300.2501075,90.8238615,3.731440175,201.1833425
2029-07-16,0.00013925696249999999,300.920615,88.12776875,3.2507989,222.42044249999998
2029-07-17,5.279532225e-05,300.7865925,88.66188149999999,3.543342525,213.2935825
2029-07-18,0.00015911240849999998,300.2846075,90.796409,2.8336056249999997,175.1751075
2029-07-19,1.9134938749999998e-07,301.01021000000003,87.661134,2.20642875,234.601275
2029-07-20,7.72489e-06,301.54349,85.367804,1.450230525,260.9249625
2029-07-21,0.0001763348375,300.8505275,90.9611125,1.061553315,222.8743325
2029-07-22,0.0001236033775,300.843025,90.37182125,1.446759025,224.9749175
2029-07-23,8.162940499999999e-07,301.2200525,86.36034525,1.832210025,239.29435
2029-07-24,0.0,301.5415675,83.297889,2.239300875,239.90677
2029-07-25,0.0,301.91344749999996,79.41689625000001,2.2846428,266.78861
2029-07-26,0.0,302.14995,80.58654250000001,1.450260025,258.955975
2029-07-27,0.0,301.71043000000003,85.3138175,1.3037545000000001,234.1064725
2029-07-28,9.10948225e-05,301.143785,89.25453,1.54591425,229.285725
2029-07-29,5.6158285e-06,301.149455,88.23433625,1.029595075,229.4653325
2029-07-30,7.315281125e-06,301.5477375,87.0333465,1.31413315,228.73879749999998
2029-07-31,0.0001381661825,301.11850000000004,89.66049025,1.3413827249999999,223.941415
2029-08-01,0.000157374225,300.7753275,90.01370299999999,1.6231893,225.4040675
2029-08-02,0.0002906283475,299.9649525,92.8715315,1.42645475,210.149475
2029-08-03,0.0003063105925,300.1545925,92.07560725,1.90970485,224.5073275
2029-08-04,9.650506400000001e-06,300.67021750000004,88.07056275,2.1502657000000003,242.7639675
2029-08-05,6.3963115e-06,300.48734,87.7105225,2.3331169750000003,223.3638425
2029-08-06,1.00986500675e-05,300.4956275,87.4892675,2.7351538,227.4077575
2029-08-07,0.00011014041150000001,300.2255775,88.79831999999999,3.148313975,225.20232
2029-08-08,3.7023503249999996e-06,300.47369749999996,87.2933845,3.1005338,235.02936749999998
2029-08-09,2.563090725e-05,300.66633,86.6440225,3.075004325,237.3244
2029-08-10,4.233789125e-05,300.28882,89.12244525,3.162335875,224.305425
2029-08-11,0.00018836051000000001,300.1863175,89.91791,3.2078569,218.2975825
2029-08-12,7.40131175e-05,300.0155225,91.6502675,2.83865885,204.84494
2029-08-13,1.013821975e-05,300.54336,85.8329225,2.946195725,236.93766
2029-08-14,5.3469165e-06,300.8648625,83.2023875,2.975674825,270.62021000000004
2029-08-15,5.468297249999999e-07,300.38224,86.1783325,2.48442025,227.4857575
2029-08-16,0.0,301.118375,79.9341265,2.9617313750000003,281.35343
2029-08-17,0.0,301.087295,80.356196,3.242335525,253.21994
2029-08-18,8.169869e-06,300.332485,84.281654,3.322394175,221.7680575
2029-08-19,2.57383865e-06,300.7137575,81.93309875,3.1119040250000003,250.6836675
2029-08-20,2.542528e-08,300.8983925,81.905404,2.74514815,259.22785
2029-08-21,5.751326475e-05,300.6727675,86.618407,2.4669049,234.38024
2029-08-22,0.00024967131,300.0275325,91.77312625,2.511095075,211.5371825
2029-08-23,0.0002026541675,299.9466425,92.72984375,2.214408575,201.35725250000002
2029-08-24,9.297536625e-05,299.945055,91.19188625,2.5742395,214.609975
2029-08-25,0.0003078749225,299.826515,93.627755,2.398311325,202.3884725
2029-08-26,1.4100912250000001e-05,299.8331875,92.59161125,2.120848575,211.998035
2029-08-27,8.790240375e-06,300.3113125,88.52729525,2.134798875,238.57062249999998
2029-08-28,8.8388853e-07,300.46528,88.01032875,1.0573976075,240.31081
2029-08-29,4.9274656499999995e-06,300.7183875,86.5547935,1.371307475,250.654415
2029-08-30,1.4396688000000001e-05,300.4568675,89.7822625,0.9205003375,231.46134750000002
2029-08-31,2.7294472499999997e-06,300.51751,88.85618975,1.17033395,234.750095
2029-09-01,0.0,300.983215,84.07667,2.140648025,252.05325
2029-09-02,0.0,300.9760425,81.1390115,2.6395862,267.92028
2029-09-03,7.683329650000001e-05,300.52925749999997,88.63993500000001,2.788132575,241.714225
2029-09-04,0.0,300.6275725,87.47194375000001,2.566449425,237.075375
2029-09-05,0.0,300.7977825,85.6978865,2.042738225,245.17569
2029-09-06,0.0,301.3272325,80.3593065,1.272110325,262.88282749999996
2029-09-07,0.0,302.2561775,79.60615125,1.9101449750000001,263.978885
2029-09-08,0.0,301.9783675,79.6764325,1.854313975,257.4523575
2029-09-09,0.0,301.09657749999997,86.36127625,2.467589275,221.69797
2029-09-10,0.000136208705,300.9279575,88.13141025,2.38739425,225.54883
2029-09-11,0.0004096949475,300.3345675,92.7920535,1.70980445,209.5783225
2029-09-12,7.74012275e-05,300.267415,92.852175,2.133872,205.2375925
2029-09-13,1.2273903e-07,300.88507500000003,84.47425875,1.243319775,244.68323
2029-09-14,4.2266537e-05,301.210135,85.2658335,1.036339725,249.512205
2029-09-15,8.615008849999999e-05,300.767965,88.53333,1.1458224000000001,233.0993675
2029-09-16,0.0,301.0918875,82.56969,1.6285752,262.4215275
2029-09-17,2.65866395e-05,301.0263125,85.76700975,2.7801380499999997,239.119825
2029-09-18,5.87503425e-05,300.8199175,88.784409,2.8221464000000003,210.6898275
2029-09-19,0.0003537537875,300.2700325,89.86742025,4.2487819,203.84371
2029-09-20,0.00048474174499999996,299.84897,95.4272725,2.9943803,163.477005
2029-09-21,0.00010967020750000001,299.86114499999996,92.6464315,3.11764525,190.7579075
2029-09-22,0.0002184569825,299.51779750000003,89.6288485,3.886633925,173.16724
2029-09-23,0.0002175945975,299.81917,87.662071,4.166299625,198.729575
2029-09-24,4.4640827000000005e-06,300.12503,85.98911,4.13599555,213.4385925
2029-09-25,0.000170927075,300.20401749999996,87.92493875,4.37668405,213.2962575
2029-09-26,0.0,300.6065625,83.02404775,3.152011525,241.31741
2029-09-27,0.0,300.6241125,80.44467975,2.6917338,241.49851999999998
2029-09-28,7.55717975e-05,300.502575,84.79724275,2.794939425,222.191295
2029-09-29,0.000201209035,299.6968425,90.2918875,2.413384175,167.13062250000002
2029-09-30,1.5835658825e-05,300.155915,85.244271,2.3423072,233.4699225
2029-10-01,5.7819888e-05,299.2923475,86.664845,2.024787425,230.3645725
2029-10-02,8.854978825e-06,299.5222275,84.13735725,1.78294255,228.218065
2029-10-03,1.610061635e-05,299.420885,83.96831449999999,1.69832845,234.93205
2029-10-04,0.000185996855,299.0776925,89.4925925,1.727775325,214.30317250000002
2029-10-05,0.0002611528975,298.7322525,91.70205150000001,1.71192005,204.465265
2029-10-06,0.0001631779875,298.90821500000004,91.06535375,1.033899285,211.23087
2029-10-07,2.182874075e-05,298.95324750000003,87.9908485,1.395945025,214.3422175
2029-10-08,0.0,299.162605,81.66892999999999,1.74757095,254.2226425
2029-10-09,0.0,299.2327475,82.4856475,1.42286695,249.78435000000002
2029-10-10,0.0,299.1649075,84.78795625000001,1.218978025,228.059845
2029-10-11,0.0,300.16763000000003,78.273729,1.17158685,236.396465
2029-10-12,0.0,299.9291525,76.364664,1.48976065,239.2283425
2029-10-13,0.0,299.001255,80.1469465,1.7372199,214.666675
2029-10-14,1.111629125e-07,298.605415,82.835848,1.992586825,206.8972775
2029-10-15,0.000129620161,298.5330725,84.73436000000001,2.21111815,199.677425
2029-10-16,0.0,298.5485725,83.30134,2.7433603,191.126905
2029-10-17,0.00010045289224999999,298.44422,88.20179,2.5083266,180.43752999999998
2029-10-18,7.214064775e-05,298.929885,82.92762725,2.0404879,207.5534925
2029-10-19,5.11228025e-06,298.112625,80.48298,1.566498875,192.821785
2029-10-20,1.449734775e-06,298.785245,76.2481025,0.78634474,242.98189
2029-10-21,1.6901889249999999e-06,299.2352075,79.31531125000001,0.8836475625,218.94151499999998
2029-10-22,4.7824649000000004e-08,300.2718175,69.728584,1.373497125,232.45283999999998
2029-10-23,2.619426e-07,300.0909325,67.75573,1.220117975,232.1719575
2029-10-24,2.8347927999999997e-06,300.0696625,76.025205,0.984314445,227.00039
2029-10-25,3.9933424000000004e-07,299.2941725,62.845772249999996,1.1735987,236.3614425
2029-10-26,0.0,298.46811249999996,50.221408,1.7021496,253.91584749999998
2029-10-27,0.0,297.69578,49.127480500000004,1.369606425,216.4431175
2029-10-28,0.0,297.48453,50.61109075,1.6770517,243.32921
2029-10-29,0.0,298.4580925,55.46339125,2.5624306,241.1203075
2029-10-30,0.0,297.5554025,42.694775,3.143592525,244.9644325
2029-10-31,0.0,296.9235575,38.007193,2.7973201750000003,259.0765925
2029-11-01,0.0,296.243775,36.99560625,2.574888175,253.108895
2029-11-02,0.0,295.9349875,38.4646985,2.1845101,257.74177
2029-11-03,0.0,296.00062,38.72155875,1.9938816750000001,239.77023
2029-11-04,0.0,295.6291475,38.61088,1.566291125,250.27143999999998
2029-11-05,0.0,295.78726,50.583055,1.270098375,243.64635750000002
2029-11-06,0.0,297.4632325,55.09984975,1.784355525,228.14562
2029-11-07,0.0,296.8859725,39.294481250000004,1.923081225,236.3675275
2029-11-08,0.0,296.53504250000003,38.537679,1.9264994500000001,250.28347
2029-11-09,0.0,297.3746775,43.418882249999996,1.94547205,228.7985
2029-11-10,0.0,297.5266425,51.28696425,1.7127153499999999,234.10008249999998
2029-11-11,0.0,297.7738475,50.676112,2.0668885,232.9930075
2029-11-12,0.0,298.0243975,51.07844,1.8650585,223.9629475
2029-11-13,4.145469075e-06,297.84824249999997,52.0749845,1.9092407,214.41808500000002
2029-11-14,0.0,298.0860175,54.109218,1.6285844749999998,189.4708525
2029-11-15,5.768499500000001e-07,298.1713475,56.786860000000004,3.4047938,214.20193
2029-11-16,1.24355776e-05,296.9576675,80.7442475,3.404361625,168.39642
2029-11-17,6.5785359e-05,296.6585025,85.684445,2.571327275,164.6302425
2029-11-18,1.2864282999999998e-06,297.235495,74.0856,2.526514075,197.122735
2029-11-19,0.0,296.5236025,41.909712999999996,2.6497211,227.9772425
2029-11-20,0.0,295.85069,28.4807125,2.911680475,246.0194525
2029-11-21,0.0,295.30651,28.2572225,3.2345151249999997,244.899605
2029-11-22,0.0,295.1119575,27.063499,3.210539175,250.0187275
2029-11-23,0.0,295.711755,29.95459775,3.13884405,242.707945
2029-11-24,0.0,296.2266225,41.33141425,3.105161125,236.21685250000002
2029-11-25,0.0,297.7590325,51.019107500000004,2.761478925,223.658985
2029-11-26,0.0,298.68537,49.3235455,2.7978965000000002,215.351185
2029-11-27,0.0,298.76326,43.222831,2.742054575,225.24498499999999
2029-11-28,0.0,297.0316325,37.03202025,3.3398161,217.6888075
2029-11-29,0.0,296.3866875,28.60320025,3.3394857,240.1099825
2029-11-30,0.0,295.631065,29.23670225,3.2732744,231.8077575
2029-12-01,0.0,295.2141125,30.04590475,2.848735925,239.1065125
2029-12-02,0.0,295.6618475,35.42531175,2.8018703499999997,230.9158475
2029-12-03,0.0,295.871045,29.87883525,2.6118468249999998,241.7220375
2029-12-04,0.0,295.2668525,29.059549,2.6252751500000002,242.9145375
2029-12-05,0.0,294.31125,26.47556275,2.3928689,239.448215
2029-12-06,0.0,295.1336625,42.60130475,2.839944225,196.355145
2029-12-07,0.0,295.6492425,31.857483000000002,3.4328339249999997,240.78431
2029-12-08,0.0,295.8616925,27.12276725,3.483424525,237.52882
2029-12-09,0.0,295.4775,27.352885,3.91831145,236.684525
2029-12-10,0.0,295.160355,27.549768,3.246680175,245.1073
2029-12-11,0.0,294.6912825,29.10311375,3.5473294749999997,211.22395999999998
2029-12-12,0.0,295.9209225,33.858036999999996,3.4043594,230.71256
2029-12-13,0.0,295.4177975,33.5711475,3.3188792,234.5787125
2029-12-14,0.0,295.0287575,28.49125275,3.48404905,239.1018875
2029-12-15,0.0,294.70473000000004,26.70871,3.5696000249999997,241.77204
2029-12-16,0.0,294.426825,29.64900425,3.362503275,223.0775575
2029-12-17,0.0,295.03673749999996,34.96045625,3.2329901,237.2081475
2029-12-18,0.0,295.33815500000003,37.182627249999996,3.31688845,229.499905
2029-12-19,0.0,295.3841775,40.40356025,3.025830675,223.9499925
2029-12-20,0.0,295.798835,40.08848075,2.688825175,231.697045
2029-12-21,0.0,295.713105,40.28434,2.6326929999999997,227.5078475
2029-12-22,0.0,296.3765975,39.596007,2.3111069,224.8827225
2029-12-23,0.0,296.427615,41.37848975,2.203242225,217.45673
2029-12-24,0.0,296.7957075,46.0544435,2.60948885,209.1672925
2029-12-25,0.0,296.71632750000003,44.69035675,2.743749225,214.67186
2029-12-26,0.0,296.6791375,38.619159249999996,3.0623101249999998,223.88236999999998
2029-12-27,0.0,295.5314275,34.7393105,2.81579455,227.663345
2029-12-28,0.0,295.159475,29.91235075,3.022064775,228.4742225
2029-12-29,0.0,293.4609375,29.67807925,3.011089975,194.0121525
2029-12-30,0.0,293.38565,26.557906,2.563127075,248.2481525
2029-12-31,0.0,293.24492499999997,26.26895125,2.11774325,248.981605
2030-01-01,0.0,294.0406175,27.28484325,1.738293,246.82990999999998
2030-01-02,0.0,295.372755,33.916769,2.1017675000000002,242.07643000000002
2030-01-03,0.0,295.7851075,36.01386075,1.9537708999999999,242.1772325
2030-01-04,0.0,296.18928500000004,35.35990175,2.8734390249999997,239.679355
2030-01-05,0.0,295.4619725,31.46534,3.0687606,239.3351675
2030-01-06,0.0,294.6599475,23.32325925,3.483705275,251.87816750000002
2030-01-07,0.0,294.1370275,19.562188,3.47842965,263.69261
2030-01-08,0.0,293.38291749999996,22.2774465,3.07205885,234.551815
2030-01-09,0.0,293.98848,23.82963575,2.7387965750000003,225.22613
2030-01-10,0.0,294.97443250000003,26.207777,2.78085615,243.4634475
2030-01-11,0.0,294.5911425,26.8278105,2.8719402,252.0045725
2030-01-12,0.0,295.013685,23.71325925,3.041574325,253.82672
2030-01-13,0.0,294.6466575,20.53990125,2.905005975,257.77747999999997
2030-01-14,0.0,293.9746875,20.358060000000002,2.7925988999999998,266.28464
2030-01-15,0.0,294.833815,21.8293345,2.863495575,260.186935
2030-01-16,0.0,295.866845,23.248988,2.8562808,253.49669
2030-01-17,0.0,295.98555,23.710639999999998,2.7957993500000002,244.45078
2030-01-18,0.0,295.9846175,37.18627425,2.3016594,244.8602075
2030-01-19,0.0,297.6727775,44.3433485,2.31974725,222.0043975
2030-01-20,0.0,297.505995,39.74092875,2.109148675,245.3228
2030-01-21,0.0,297.4221225,34.41386125,2.725668375,238.132745
2030-01-22,0.0,296.950045,30.603453000000002,2.9443794,246.7258125
2030-01-23,0.0,296.45698,26.98141125,2.7856866,249.24293
2030-01-24,0.0,296.3082525,31.1504205,2.1826051,253.4944625
2030-01-25,0.0,296.6390125,27.054239250000002,2.548741625,251.7055325
2030-01-26,0.0,296.1153925,25.090093,1.9586303,259.9372875
2030-01-27,0.0,297.135945,34.205079500000004,2.387963,245.2142725
2030-01-28,0.0,298.66868,36.750672,2.4654854,228.527245
2030-01-29,0.0,297.638885,27.544808,3.231721325,247.6125825
2030-01-30,0.0,296.8656925,20.7217025,3.0861315,260.8144975
2030-01-31,0.0,296.33924,25.43812025,2.80127615,262.981835
2030-02-01,0.0,297.4590925,38.80888025,3.4735065,257.287405
2030-02-02,0.0,298.9495175,39.77760275,3.2984866999999998,229.0481475
2030-02-03,0.0,298.68392,39.433139249999996,2.6996257750000003,263.01624749999996
2030-02-04,0.0,298.78925,35.69767075,2.104706325,266.129075
2030-02-05,0.0,298.47098,31.489798,1.8792021,265.49151
2030-02-06,0.0,299.0678625,29.95536075,2.4886309,261.8901425
2030-02-07,0.0,298.9289675,26.810949,2.618323425,269.7586275
2030-02-08,0.0,298.5825175,25.739942499999998,1.941818675,268.55143
2030-02-09,0.0,298.7796775,23.400249000000002,1.867791725,271.1476125
2030-02-10,0.0,299.7600875,26.4991885,2.7378932,266.980325
2030-02-11,0.0,300.11274000000003,27.65026625,2.696972875,274.12561
2030-02-12,0.0,300.3473225,25.82585625,2.339023475,277.97979
2030-02-13,0.0,300.0418575,25.37661225,2.83909665,278.21585
2030-02-14,0.0,300.4997025,24.45517825,3.909324975,282.8951575
2030-02-15,0.0,299.73188500000003,21.03647425,3.321649425,286.33383249999997
2030-02-16,0.0,298.35015,19.626772,2.1372631,293.0084925
2030-02-17,0.0,298.709,19.4827905,2.1647594249999997,289.7419675
2030-02-18,0.0,299.19493,17.8724425,2.7674337749999998,291.540425
2030-02-19,0.0,299.3815175,20.657455499999998,2.053772725,283.8865725
2030-02-20,0.0,301.19867750000003,23.3842585,4.012065525,256.22805750000003
2030-02-21,0.0,300.9017175,19.960075,3.519107525,291.5430325
2030-02-22,0.0,300.1588125,19.46195175,1.9823157,292.2123125
2030-02-23,0.0,300.067095,19.97278575,2.211634025,287.233665
2030-02-24,0.0,300.976895,23.252695,2.658807325,282.0431525
2030-02-25,0.0,302.23179500000003,28.5892315,3.638430175,277.2856775
2030-02-26,0.0,302.882225,27.158647,3.087752925,263.3499075
2030-02-27,0.0,302.1368925,24.72980875,2.146367025,270.28508
2030-02-28,0.0,301.40464,20.95970175,2.20442465,270.1177775
2030-03-01,0.0,302.6803575,24.552775,2.349795725,283.814115
2030-03-02,0.0,301.822335,23.59329025,2.5103946500000003,278.63978
2030-03-03,0.0,303.62489,24.9796515,2.6336912,245.40230250000002
2030-03-04,0.0,303.63451499999996,25.630294,2.833413025,243.65086250000002
2030-03-05,0.0,303.162145,23.07467525,3.1038256,291.4267925
2030-03-06,0.0,303.401,23.937988,3.449156025,296.2104575
2030-03-07,0.0,303.1452925,23.02789325,2.9109901,292.890945
2030-03-08,0.0,303.4390525,22.837285,3.4480341,289.5191125
2030-03-09,0.0,303.67679250000003,22.95639525,4.002627825,289.94135
2030-03-10,0.0,303.321375,22.96409225,3.51691835,282.71945
2030-03-11,0.0,303.30728,20.291766,3.021246425,302.1637725
2030-03-12,0.0,303.92012,21.13352075,3.159954425,290.22944
2030-03-13,0.0,304.0559275,20.737188,2.542089125,274.34051999999997
2030-03-14,0.0,303.9623175,22.950835,2.34196195,246.301315
2030-03-15,0.0,303.718045,23.48724225,2.186088125,246.2281275
2030-03-16,0.0,303.3686225,22.6285715,2.428518025,300.745975
2030-03-17,0.0,303.796415,23.09611675,3.23745925,293.948865
2030-03-18,0.0,304.8339525,24.2024905,3.763656325,281.4349025
2030-03-19,0.0,304.290745,22.46063125,3.672938675,290.66237
2030-03-20,0.0,303.9781575,21.65596075,3.1718956,306.00484
2030-03-21,0.0,303.69372250000004,20.878331250000002,2.7249417,305.1447825
2030-03-22,0.0,304.0889975,20.527209499999998,2.567767075,289.506485
2030-03-23,0.0,304.51131499999997,20.54569125,2.3177554,281.5570975
2030-03-24,0.0,304.1647625,21.31898725,2.09637405,292.5752725
2030-03-25,0.0,304.86738,22.24092975,2.53711085,294.2130075
2030-03-26,0.0,305.55555,21.81365,1.9805261,293.3385525
2030-03-27,0.0,306.61012500000004,20.718513,1.894581475,279.96335
2030-03-28,0.0,305.836905,16.164880750000002,2.362416775,324.875865
2030-03-29,0.0,305.7487175,16.8767365,1.8458295249999999,292.78924
2030-03-30,0.0,305.189145,20.041627,2.005976325,296.2527325
2030-03-31,1.0235623e-05,306.07277,28.07331375,2.9775283249999998,253.52871
2030-04-01,1.189160215e-06,305.54792249999997,27.62048175,2.8567712,242.97975
2030-04-02,3.34180395e-08,304.701775,23.95878625,2.1362301749999997,292.95347
2030-04-03,0.0,305.94634,22.6791795,1.9487213250000002,284.6398075
2030-04-04,7.685860199999999e-07,304.68658500000004,26.290087,1.9659041,235.7533975
2030-04-05,6.82518e-09,305.2950425,22.53651575,1.6095059250000001,294.539985
2030-04-06,2.879014375e-07,305.997975,24.057168,3.004730975,291.22238
2030-04-07,1.286419275e-06,304.693725,27.536483,2.256543175,221.7683825
2030-04-08,1.597715475e-06,305.664225,23.789065,2.754988375,298.865995
2030-04-09,0.000138335965,303.75669500000004,34.586883,1.690058075,246.326875
2030-04-10,2.8752069e-06,304.8054325,32.132943,3.118131775,291.68799
2030-04-11,5.5619166e-06,305.062825,33.56692175,3.6708100999999997,302.6100525
2030-04-12,0.0,305.0524225,29.59058625,3.162798175,330.09373500000004
2030-04-13,3.44341715e-09,305.33943999999997,24.16836975,2.621215325,311.43705
2030-04-14,3.41189955e-06,306.11422749999997,23.35933975,2.3275571499999996,290.9347575
2030-04-15,3.410971675e-06,306.2351475,24.67402775,2.916548475,277.435915
2030-04-16,1.0697485e-07,306.7174775,23.169859000000002,2.694886275,316.9980875
2030-04-17,0.0,307.016625,20.22993375,2.51438135,329.1814875
2030-04-18,0.0,306.61145999999997,20.58902425,1.743688825,326.708025
2030-04-19,0.0,307.131535,24.568258999999998,2.47481775,296.28236749999996
2030-04-20,2.317083625e-07,307.16907249999997,26.053425,2.5187660999999997,300.5353625
2030-04-21,3.3299343e-07,307.0806525,25.09742575,2.676768075,298.7141575
2030-04-22,4.706566875e-05,305.8852375,30.7799565,2.58135335,258.6691325
2030-04-23,5.0071235e-06,305.8479225,33.514585499999995,1.7216987,279.13946
2030-04-24,5.75063525e-07,306.09793,29.427936,1.377180625,285.298235
2030-04-25,4.0374375e-06,306.42674999999997,27.63976725,1.887992675,307.31671
2030-04-26,1.640215825e-05,306.8087,29.3802665,2.0285181,298.1878425
2030-04-27,3.535245875e-06,306.72976,29.28532125,1.724354575,302.12059999999997
2030-04-28,3.74679895e-06,306.9134675,28.47893325,1.5979203499999999,287.2635075
2030-04-29,1.74720265e-07,306.0930175,30.52264,1.706487975,253.409935
2030-04-30,1.955412275e-05,305.837235,35.932187,2.016147925,251.46678500000002
2030-05-01,0.000204704475,304.5079575,47.43647675,2.075304075,255.0050025
2030-05-02,0.00013013420999999999,302.70333,52.123345,2.320929,251.266015
2030-05-03,1.3962818e-05,304.976815,41.10277825,2.478151075,272.97995249999997
2030-05-04,4.155153675e-06,305.987345,35.7318765,2.5241152749999998,301.77860999999996
2030-05-05,4.2820888e-06,306.36631750000004,31.35316975,2.9674868749999996,313.272155
2030-05-06,5.062129375e-07,306.596695,28.909602,3.262898025,293.9505725
2030-05-07,3.51216035e-09,306.5758275,27.1303205,3.6393914499999998,262.8700375
2030-05-08,0.0,307.0973825,23.99903,3.2348866000000003,284.6014125
2030-05-09,0.0,307.4191975,22.566073,3.008585075,313.321775
2030-05-10,0.0,307.3742975,22.78441,2.284390325,271.2483825
2030-05-11,3.922553975e-07,307.21244,21.2421905,3.564224675,331.44803
2030-05-12,0.0,307.61902,21.7723795,2.4145053,305.24459
2030-05-13,0.0,307.356535,20.69093175,2.2231455,304.349405
2030-05-14,4.8562522250000004e-08,308.363495,20.70581225,2.767505925,297.3989075
2030-05-15,0.0,308.3490175,24.716651,2.40305895,250.88241250000002
2030-05-16,1.2759526900000001e-05,306.75759,33.97912125,3.1993706250000002,264.642035
2030-05-17,1.1132076125e-05,304.1972,41.812199,3.21451275,238.7157325
2030-05-18,3.2479279e-08,304.6833625,40.849322,4.017587775,255.168415
2030-05-19,3.372099405e-06,304.99031249999996,42.06232225,4.216396175,276.0946825
2030-05-20,6.32880146725e-07,304.44524,41.6884655,3.784732475,264.7955875
2030-05-21,8.081779000000001e-08,305.565325,34.82943725,4.2597489,273.1389375
2030-05-22,0.0,305.9897,33.522324,4.052418225,270.8785625
2030-05-23,0.0,306.43953,31.48030475,3.136897375,283.77245
2030-05-24,0.0,306.6021525,27.5876595,4.0346397000000005,347.390005
2030-05-25,0.0,307.1010525,26.9697025,4.31916325,350.99661000000003
2030-05-26,5.5970767e-07,307.1357425,28.1015855,4.0286924,330.28342
2030-05-27,1.2422294075e-06,306.12694,38.57454875,3.750611975,293.2393275
2030-05-28,7.76609975e-08,305.787875,38.024195750000004,3.4560935500000003,269.4420975
2030-05-29,5.6264877750000005e-06,306.60872,35.934855999999996,3.61281815,300.8281575
2030-05-30,1.878388575e-05,306.1123275,41.65166,3.51746315,280.6082
2030-05-31,0.0,305.8147425,42.8943755,3.038798625,268.835955
2030-06-01,4.551598125e-08,306.1786375,36.35882425,3.5255822,293.99017
2030-06-02,3.3538956e-05,304.48796749999997,50.8934755,3.2907507000000003,268.347425
2030-06-03,7.199316875e-05,301.79870500000004,68.7169015,3.0060984250000002,253.53529749999998
2030-06-04,0.0,302.7379475,55.60143175,3.554022775,248.8644375
2030-06-05,0.0,304.782655,43.01561275,4.511011625,291.51328
2030-06-06,0.0,302.6660525,50.660572,4.0576404749999995,262.927775
2030-06-07,0.0,301.97391,51.72831825,4.218723175,228.415425
2030-06-08,0.0,302.731565,49.47107025,4.612367825,241.8333625
2030-06-09,0.0,303.66417,46.4316365,4.48025185,275.2739725
2030-06-10,0.0,304.2880425,42.65166175,4.4906999249999995,292.7619575
2030-06-11,0.0,305.41062999999997,41.20105475,4.184326825,300.7604475
2030-06-12,0.0,305.1824975,42.31209225,4.489785325,290.800075
2030-06-13,0.0,305.90037,37.981159500000004,5.001132175,328.95381
2030-06-14,0.0,305.31498,41.72100525,5.296742249999999,295.24179000000004
2030-06-15,2.25199785e-07,301.276695,53.97564325,5.005979925,235.930005
2030-06-16,0.0,303.86571000000004,45.06721125,4.622487775,293.86316750000003
2030-06-17,0.0,305.9430475,38.516542,4.364258775,318.9342075
2030-06-18,0.0,306.9618325,34.25199525,4.2160822,320.8335025
2030-06-19,0.000115684774,306.55951500000003,44.01473125,3.511125,301.91531
2030-06-20,0.00016192906,299.33997,83.64189625,2.6453207499999998,176.06949
2030-06-21,7.097507000000001e-07,299.9832025,79.780215,2.6571732,212.9255125
2030-06-22,6.742643e-08,299.9531025,78.21494025,3.6376823,213.7028825
2030-06-23,5.0150278e-05,299.69018,84.9581575,3.4972137,196.9172325
2030-06-24,0.0001621014675,299.3486325,84.93218,3.3432025,195.9234475
2030-06-25,0.0001119147225,299.58267,82.86815150000001,3.237067225,215.2389375
2030-06-26,0.00017164800249999998,299.42875,85.75219,3.034188875,194.648865
2030-06-27,2.9261927e-05,300.049195,80.1289795,3.16250855,228.01786
2030-06-28,7.688723825e-07,300.84099000000003,72.36978025,3.5756166,265.6344525
2030-06-29,2.8979421275e-06,301.226615,72.80826225,2.777926375,258.50082
2030-06-30,2.9019465250000002e-05,300.4073725,78.82222875,3.0063032,229.9021075
2030-07-01,3.13279395e-06,300.7858075,75.62405749999999,3.371359075,254.75252749999999
2030-07-02,8.33564425e-07,300.4347375,77.49752275,3.3738956,230.21128249999998
2030-07-03,6.32120975e-07,299.917935,81.5287575,2.638453825,219.8577625
2030-07-04,0.0,300.5030875,75.04943,2.8811638999999998,236.93598
2030-07-05,0.0,301.3586725,71.70329000000001,3.393341325,261.4778925
2030-07-06,7.936814999999999e-07,301.6140425,70.45826875,3.789831475,255.360995
2030-07-07,7.164604500000001e-05,299.8065525,84.9955725,3.01622285,208.138755
2030-07-08,1.503955625e-05,299.795965,83.00881899999999,3.9408899,226.88366
2030-07-09,5.5514315e-06,299.57597,84.516011,3.6109066,208.348675
2030-07-10,6.55046075e-05,299.99485749999997,83.30244499999999,3.328507975,220.86058
2030-07-11,3.206214275e-06,299.9447925,84.5123075,3.316670275,218.432935
2030-07-12,1.515301875e-07,300.19268999999997,79.641526,3.57766315,220.027545
2030-07-13,0.0,300.50508249999996,78.42389449999999,3.911244625,250.3350575
2030-07-14,4.840498125e-08,299.860195,83.15317,4.116175350000001,209.0459525
2030-07-15,0.0001669844225,300.14722,83.86605125,4.6798368,223.542415
2030-07-16,0.00033723743,299.2220525,90.64215899999999,4.5750966250000005,181.083525
2030-07-17,0.0002391513775,298.86938499999997,91.39801125,4.1657480499999995,155.9390675
2030-07-18,8.3876734e-05,299.839055,85.62432225,4.53012775,219.25581
2030-07-19,5.2294052500000003e-08,300.44373,79.22344525,3.81601225,252.41947
2030-07-20,0.0,300.5271825,77.56460999999999,3.361319575,252.272855
2030-07-21,3.1337484e-07,300.1675025,83.13063149999999,3.010255625,228.348445
2030-07-22,0.0,300.1479825,85.8524565,2.7081056,225.9090575
2030-07-23,0.0,300.3219975,82.37217749999999,2.817804225,245.69414
2030-07-24,0.0,300.70288,78.992051,3.0568541,236.718565
2030-07-25,0.0,300.79232,81.06726625,2.4111244750000003,243.2747525
2030-07-26,0.0,300.22860000000003,86.49471375,1.64505645,219.512325
2030-07-27,4.7296197e-05,300.3564675,88.26902125,1.2154264,223.446915
2030-07-28,1.36711059e-05,300.5417925,86.843178,1.754150325,226.241025
2030-07-29,2.6825894375e-05,300.8882425,84.0969135,1.529402025,255.659705
2030-07-30,1.402230425e-05,300.54776749999996,87.1771425,1.078033425,228.8433
2030-07-31,4.1908109000000004e-05,300.6693575,87.8407885,1.7591892,225.26971
2030-08-01,0.000185143415,300.8388725,88.5256765,1.921771375,230.003125
2030-08-02,0.0003069561225,299.99897,92.5636475,1.5812488249999999,216.600665
2030-08-03,0.000130201135,299.970545,90.55414875,2.148855025,217.721765
2030-08-04,4.5065393e-06,300.4739775,85.6292225,2.379197425,252.651285
2030-08-05,2.759641325e-05,300.763795,86.9668675,2.287390625,252.3829075
2030-08-06,0.0002999343375,299.8974225,92.16518625,1.661809575,218.970815
2030-08-07,6.165141e-06,300.39907,87.395444,2.499171575,249.386325
2030-08-08,0.0,300.467825,87.62238275,2.860332475,244.8207525
2030-08-09,5.2237095750000005e-05,300.514535,87.166925,2.8430017750000003,242.55154
2030-08-10,0.00031319762,300.0301525,91.08181875,3.325291775,217.8310075
2030-08-11,1.79230155e-06,300.18005999999997,87.56333125,3.87235865,223.19706250000002
2030-08-12,0.0,300.64207250000004,82.1889615,2.836010475,268.408945
2030-08-13,0.0,300.89353,79.7396275,2.0565097,310.87305499999997
2030-08-14,1.0729691900000001e-05,301.69555,82.809395,1.8170038499999999,276.300675
2030-08-15,0.00036540161,300.34916499999997,90.292885,2.283782575,222.0106725
2030-08-16,0.00011402991249999999,300.08943999999997,88.9141575,3.6357659499999997,208.07650999999998
2030-08-17,2.9202177375000002e-05,300.5062825,85.681645,2.654605975,257.228435
2030-08-18,9.3131471675e-06,300.435115,87.97525,1.6198690249999999,245.0834025
2030-08-19,9.0949855e-05,300.2404175,90.1646275,1.93234555,232.62991
2030-08-20,0.0003712173125,300.1027975,92.22084,1.7848655999999998,220.12087
2030-08-21,0.0002803942725,299.966125,92.17924125,2.348966525,220.621085
2030-08-22,0.00032801147,299.73208999999997,93.313466,2.578853975,212.9102375
2030-08-23,0.0001399827,299.610465,90.88150900000001,2.98110835,201.80481
2030-08-24,0.000230871905,299.09458,93.28960875,2.043199075,189.81214
2030-08-25,4.31576305e-05,300.060195,86.09946500000001,3.1077349,247.86795
2030-08-26,0.0,300.365285,81.23670999999999,3.30183785,244.858785
2030-08-27,0.0,300.5608675,78.4292725,3.044010375,275.09810749999997
2030-08-28,6.913951250000001e-07,300.7156875,80.817412,3.272447875,268.681545
2030-08-29,0.0,300.3833625,83.09265500000001,2.31774435,258.69563
2030-08-30,0.0,300.467195,86.02743000000001,2.1280467,234.03542249999998
2030-08-31,5.974918e-06,300.6252125,84.4199635,1.88429175,248.97304
2030-09-01,3.308724e-06,300.98260750000003,81.96925,2.319611675,258.433355
2030-09-02,0.0,300.9996525,81.93259625,2.68017225,244.71126
2030-09-03,0.0,301.05082,78.017455,2.7416116749999997,264.1839325
2030-09-04,0.0,301.38683,76.616059,2.75375575,255.42202
2030-09-05,1.32397095e-05,301.0237175,82.4961575,2.78872355,237.459335
2030-09-06,1.6288329249999999e-06,300.75210500000003,79.71923,3.0380772,244.82187
2030-09-07,1.319805075e-05,300.0039,87.134675,3.492301175,209.50253
2030-09-08,8.150211e-07,299.7987825,90.8597875,2.646106425,199.7598625
2030-09-09,0.0,300.63873,84.2915225,2.640087125,240.620125
2030-09-10,0.0,300.8424,83.3249865,2.604056625,236.61584
2030-09-11,0.0,300.98577,79.86678225,2.6077378500000004,234.78141
2030-09-12,0.0,300.9177025,80.3326325,2.583152025,243.8751925
2030-09-13,2.21263185e-05,300.28838,89.2060535,2.0247922750000003,224.5641775
2030-09-14,3.13417345e-08,300.63601,85.84525375,1.49515845,235.1224975
2030-09-15,0.0,301.030695,82.475176,0.7497501950000001,240.9268525
2030-09-16,1.41390594e-06,301.01293250000003,84.347721,0.9207346075,231.1060925
2030-09-17,2.473733e-05,300.6130075,88.82811625,0.9945962724999999,219.70427
2030-09-18,1.4588330000000001e-05,300.5653075,88.57331475000001,1.196163375,219.946285
2030-09-19,0.0002878433825,299.7225275,93.091094,1.1763835500000002,204.728885
2030-09-20,3.85979705e-05,300.0004,89.21565975,1.668356525,223.31231
2030-09-21,0.0,300.36544000000004,81.2478025,1.7436841,261.51903749999997
2030-09-22,0.0,300.7425175,81.932694,1.60481485,250.998455
2030-09-23,0.0,300.70364,82.2104135,1.408277,247.23495
2030-09-24,0.0,300.805725,80.4660215,1.369532125,258.9583525
2030-09-25,0.0,300.8845675,78.04645375,1.4554360750000002,249.8485575
2030-09-26,0.0,301.068875,72.96942899999999,1.588156175,261.750375
2030-09-27,0.0,300.929625,73.859805,1.456747925,274.2371375
2030-09-28,0.0,300.783775,83.6166185,0.708728455,223.0745025
2030-09-29,7.853941924999999e-05,300.0952975,88.52159625,1.6978266499999999,216.389445
2030-09-30,8.101717499999999e-06,299.9776675,89.0644275,1.487435525,210.12167
2030-10-01,1.714222075e-05,299.000765,85.30012275,1.557332525,227.10536
2030-10-02,0.000371397035,298.334105,91.400795,2.0579845,194.6783375
2030-10-03,0.000280909235,298.2620425,92.73834125,2.07365025,192.4829275
2030-10-04,0.00019715439,298.592325,90.67653874999999,2.125170825,209.9780725
2030-10-05,0.0001703286925,298.9496875,86.4805025,2.302054675,220.9922425
2030-10-06,5.11440485e-08,299.04904750000003,76.9878535,2.776607275,215.0047275
2030-10-07,0.0,299.70903250000003,71.3118585,2.75155195,253.96606
2030-10-08,0.0,299.380935,68.53766,2.4651320500000002,241.411575
2030-10-09,7.217591e-05,298.429425,86.438411,2.16219545,204.1088225
2030-10-10,6.25842645e-05,298.573835,86.8006475,2.2144441500000003,212.074155
2030-10-11,0.00045459442,298.26598,91.39807225,1.6974292,194.66266000000002
2030-10-12,0.000385363115,298.04462,94.88167874999999,1.378098675,173.5750825
2030-10-13,0.000114763899,298.029435,92.073995,1.118999775,192.11082
2030-10-14,1.1477864375e-05,298.466875,85.52277475,1.30414255,219.779585
2030-10-15,1.6590787125e-05,298.7784125,86.6742255,2.002770725,212.028355
2030-10-16,7.717399825000001e-05,298.443615,87.1588985,2.74585595,187.6298325
2030-10-17,0.00078668874,297.9812075,90.90263725,4.3840657499999995,166.3956475
2030-10-18,0.0007094479275,297.25958249999996,92.37755,4.4093319,139.71534
2030-10-19,4.634604725e-05,297.704775,90.7801315,2.782418375,176.49596
2030-10-20,4.686651725e-05,298.36795,85.8616575,2.1168707749999998,207.82996
2030-10-21,7.558161e-07,297.76930500000003,90.0845025,1.254109725,179.727075
2030-10-22,1.353922465e-07,297.54374,88.54594625,1.44792655,186.5307
2030-10-23,0.0,297.50145249999997,83.11306,1.639819525,203.1777225
2030-10-24,0.0,297.572205,70.04603125,1.1998371749999999,225.3523075
2030-10-25,7.080015749999999e-07,297.668715,66.9358065,1.45079145,250.441185
2030-10-26,0.0,297.563845,66.01336549999999,1.56295245,259.7649775
2030-10-27,0.0,297.16637000000003,57.33636675,2.0928629499999998,258.590335
2030-10-28,0.0,296.20750250000003,56.110290750000004,2.1451395499999997,232.9169025
2030-10-29,0.0,295.8131125,59.60874025,2.275973325,232.89988
2030-10-30,0.0,296.4329725,64.17874499999999,1.436620025,246.22893
2030-10-31,3.100718675e-06,297.447665,69.72677225,1.3316087250000002,216.4611125
2030-11-01,5.551288346e-06,297.8499975,68.7833,1.125846925,227.5162025
2030-11-02,5.009066249999999e-07,298.4396,71.092721,1.3547292,227.466345
2030-11-03,1.70197525e-07,298.2006,76.91055875,1.4111828,217.2507425
2030-11-04,8.89382975e-06,298.521075,80.53985625,1.40123425,198.3557225
2030-11-05,0.000255907015,297.54114,88.75343275,1.78631385,172.9917725
2030-11-06,3.4781820250000003e-06,298.397875,83.6160775,1.7143721250000001,192.9993625
2030-11-07,7.516664e-06,298.46939499999996,83.46239825,1.5711388,204.55531249999999
2030-11-08,0.0,298.72003,68.618195,1.746419475,227.18249
2030-11-09,0.0,297.0209875,58.00119125,1.99196825,223.70359
2030-11-10,0.0,296.52616,45.969263,2.039698075,247.8777325
2030-11-11,0.0,296.51878,49.549533499999995,2.472377925,240.2827
2030-11-12,0.0,295.55546749999996,40.38897325,3.14275145,218.6036025
2030-11-13,0.0,295.2506875,46.566495,2.676357925,253.88458
2030-11-14,5.3804099999999995e-08,296.54641250000003,46.7296575,2.70796135,247.21419
2030-11-15,0.0,297.0927275,43.5690075,3.131513425,237.0079525
2030-11-16,0.0,296.327625,39.35489125,3.38393955,229.660685
2030-11-17,0.0,295.953895,33.281722,3.0520315,252.764495
2030-11-18,0.0,296.097775,40.72584875,2.486545375,237.79411249999998
2030-11-19,0.0,296.526525,46.0278505,2.447937425,221.8364525
2030-11-20,0.0,296.55733250000003,44.68624775,2.14213965,243.83532
2030-11-21,0.0,296.933405,41.29839525,2.716607025,241.63296
2030-11-22,0.0,297.1599925,42.00718,2.85657985,233.3557025
2030-11-23,0.0,297.26971000000003,47.94742425,3.025909075,242.6928725
2030-11-24,1.0417353875000001e-05,295.766925,75.460887,3.3319368750000002,145.40832
2030-11-25,0.0,295.858825,86.43521125,1.72928725,139.557065
2030-11-26,8.74607525e-08,297.253335,75.49506375,2.084472775,177.45219500000002
2030-11-27,0.0,296.8224825,75.560405,1.6674270500000001,166.83757250000002
2030-11-28,9.2332097e-07,296.53792999999996,79.8870675,1.82741805,169.91295
2030-11-29,0.0,295.926805,73.1048175,1.9543218,175.008655
2030-11-30,0.0,295.56785249999996,63.188493,2.161545225,181.325165
2030-12-01,0.0,296.5486125,51.9627525,2.303495225,228.677565
2030-12-02,0.0,295.42614749999996,47.98512075,2.694227275,208.2555625
2030-12-03,0.0,295.00365999999997,47.75079575,2.7269408,209.467095
2030-12-04,0.0,295.4573525,44.69949675,3.15261095,216.5155225
2030-12-05,0.0,294.8830375,49.98599175,3.069853375,178.6235475
2030-12-06,0.0,295.2078225,42.1171735,3.2560241249999997,230.2731475
2030-12-07,0.0,295.31106750000004,40.527921,3.3850771,236.405525
2030-12-08,0.0,296.45241999999996,44.895872499999996,3.0935533,232.8513425
2030-12-09,0.0,296.26261750000003,49.25117275,2.75214135,236.55247
2030-12-10,0.0,296.291965,48.15679475,2.478530825,238.471215
2030-12-11,0.0,296.9687675,51.5249765,1.47973885,215.66737
2030-12-12,0.0,296.38360750000004,57.98636625,1.8274091000000001,178.9976275
2030-12-13,0.0,296.133785,56.10301225,2.4585758749999997,200.8914675
2030-12-14,0.0,296.19534,43.58994175,2.75798505,225.9165925
2030-12-15,0.0,295.64712000000003,41.5296845,2.3566430499999997,232.57211
2030-12-16,0.0,294.9724975,37.887565,2.2228876499999997,235.286375
2030-12-17,0.0,294.51838250000003,34.437831,2.1118403,239.7222825
2030-12-18,0.0,294.328955,34.6279355,2.1345771,241.4371025
2030-12-19,0.0,294.560255,34.6816865,2.7308735,234.7257775
2030-12-20,0.0,294.76857,32.1095815,2.824572575,225.903965
2030-12-21,0.0,293.3901025,35.81425175,2.5883233,200.99399
2030-12-22,0.0,293.1307575,42.3207435,1.771123625,189.1773875
2030-12-23,0.0,293.93659249999996,43.13339525,2.18547255,223.941935
2030-12-24,0.0,295.31457,52.24538775,2.168572175,237.75495
2030-12-25,0.0,296.681885,49.37697275,1.480780575,238.64338
2030-12-26,0.0,296.398895,44.831051,1.27898475,237.6837575
2030-12-27,0.0,297.5606825,43.337931,2.121569175,231.7536125
2030-12-28,0.0,296.708445,45.335766,2.8382079,196.7510575
2030-12-29,0.0,295.0043625,34.69327925,2.897313625,235.5523325
2030-12-30,0.0,294.1114525,28.28978975,2.001683875,249.557435
2030-12-31,0.0,293.471725,28.879731749999998,1.3530391499999999,251.5682425
2031-01-01,0.0,294.64804000000004,33.2555735,1.999248525,241.96486
2031-01-02,0.0,295.172005,29.83848675,3.352983325,219.1976725
2031-01-03,0.0,293.26922,25.143389,3.6457458,250.907735
2031-01-04,0.0,292.82464749999997,25.835969249999998,3.0775047,248.92272499999999
2031-01-05,0.0,292.52119500000003,25.9941445,2.826289375,234.7679125
2031-01-06,0.0,292.4585925,27.32187625,2.156160125,239.634895
2031-01-07,0.0,293.992215,34.73745175,1.4653832,225.4834275
2031-01-08,0.0,295.7820525,41.282154750000004,1.98703035,245.94038
2031-01-09,0.0,297.2806925,47.05049475,2.681726875,237.7444775
2031-01-10,0.0,298.2345425,54.3576985,3.33530395,210.8375825
2031-01-11,0.0,296.11063,61.618736999999996,4.133633424999999,171.49047000000002
2031-01-12,0.0,297.31827,50.43880175,3.057023825,189.83431
2031-01-13,0.0,295.5019,63.731210999999995,2.705264175,166.00638
2031-01-14,0.0,295.4001675,63.8192055,2.8927688,166.0341875
2031-01-15,0.0,295.5555925,59.910211499999996,3.06278635,200.5984675
2031-01-16,0.0,296.8534025,44.509733499999996,2.84287065,237.4525875
2031-01-17,0.0,296.5329275,38.9438275,2.9661918750000003,251.338145
2031-01-18,0.0,296.1273875,38.5724035,2.90179705,249.30213
2031-01-19,0.0,295.5689325,28.486385000000002,3.118881375,257.0449525
2031-01-20,0.0,295.18307,27.02367925,2.9737453499999997,251.252995
2031-01-21,0.0,295.06365,26.35686025,3.022265275,251.6092475
2031-01-22,0.0,294.89004,23.2418585,2.9552569,233.411655
2031-01-23,0.0,294.474115,26.01634125,2.284708,241.4560075
2031-01-24,0.0,295.4269825,42.76319725,2.7607081,225.1976225
2031-01-25,0.0,296.8899825,42.5644245,2.473110225,234.13685750000002
2031-01-26,0.0,296.9046575,41.69581,2.371328375,253.81114250000002
2031-01-27,0.0,297.6080025,38.649927500000004,3.23573375,257.225465
2031-01-28,0.0,297.55300750000004,38.885811000000004,3.870582025,256.99136
2031-01-29,0.0,297.745745,40.013328,3.850712225,260.7616475
2031-01-30,0.0,297.7757125,40.34107875,3.7546301,268.2719475
2031-01-31,0.0,298.03842,39.7444325,3.0808546,270.89202
2031-02-01,0.0,297.9246925,40.0515665,2.5638788000000003,272.0964975
2031-02-02,0.0,297.55647999999997,37.173061000000004,2.38430985,270.94623249999995
2031-02-03,0.0,298.47679,37.746154250000004,3.163698375,244.2551475
2031-02-04,0.0,298.6296375,33.30285325,2.71039525,253.0604175
2031-02-05,0.0,298.2368275,31.920817250000002,2.260572125,258.1030825
2031-02-06,0.0,297.8999475,30.05837175,1.8649327,264.22181
2031-02-07,0.0,297.766905,31.6744275,2.113093125,267.43708
2031-02-08,0.0,298.2724975,35.546207,2.8388101,262.5456225
2031-02-09,0.0,299.2141125,34.52944325,3.0695425,264.58238
2031-02-10,0.0,299.1584075,33.6827915,2.768470175,263.34909749999997
2031-02-11,0.0,299.252865,36.58328525,2.73375655,234.249825
2031-02-12,0.0,299.0858475,34.5496435,2.986918975,231.75670250000002
2031-02-13,0.0,299.3441,36.6456595,2.3398595,204.061745
2031-02-14,0.0,299.8951875,32.39239825,2.7155306,257.494935
2031-02-15,0.0,299.33997250000004,31.077800250000003,2.164454125,248.5483475
2031-02-16,0.0,298.9364425,29.365138,1.44991715,275.334045
2031-02-17,0.0,298.99474,33.727025749999996,2.380140225,240.64349
2031-02-18,0.0,299.8490225,33.24063675,2.6469996,270.098665
2031-02-19,0.0,299.96569750000003,33.9694305,2.899092725,269.6588825
2031-02-20,0.0,300.48455,34.010491,2.9872242250000003,259.1754775
2031-02-21,0.0,300.678725,34.99037125,2.459052425,222.94181
2031-02-22,0.0,300.798315,31.25824175,2.46631525,236.0673825
2031-02-23,0.0,300.19624749999997,28.27572225,2.264606775,261.580525
2031-02-24,0.0,299.90337,26.69021625,1.981261625,281.2793375
2031-02-25,0.0,299.78855,24.76576675,1.8101638,287.8723375
2031-02-26,0.0,299.7535225,22.1043665,1.9439644500000002,287.16501
2031-02-27,0.0,300.110925,22.79442825,2.498032975,283.3131075
2031-02-28,0.0,300.7044525,22.08233525,2.908354375,284.855185
2031-03-01,0.0,300.9275325,22.2538235,2.7826651250000003,287.84002499999997
2031-03-02,0.0,301.233535,24.004389,3.21492385,291.8119875
2031-03-03,0.0,301.6991575,25.093821249999998,3.2057167250000003,284.402745
2031-03-04,0.0,302.0554275,23.34092175,3.00561065,287.93769
2031-03-05,0.0,302.2412425,23.9120445,2.6100394,280.57583
2031-03-06,0.0,302.4160225,24.077524,1.907931825,286.71308250000004
2031-03-07,0.0,302.39531,22.936297500000002,1.682730925,296.39931
2031-03-08,0.0,302.3405825,22.4356195,2.367650525,299.85274
2031-03-09,0.0,302.16648499999997,21.812683749999998,2.6680789000000003,296.79231000000004
2031-03-10,0.0,302.12158999999997,20.8107665,2.1097534,294.2015625
2031-03-11,0.0,302.0976825,19.3402925,2.538359175,310.9319725
2031-03-12,0.0,301.77968,19.770213249999998,2.4823533749999998,313.5155575
2031-03-13,0.0,301.16229,18.525649,2.329199725,321.32885999999996
2031-03-14,0.0,301.2847675,17.988457,1.8630142250000001,324.12239750000003
2031-03-15,0.0,301.5,18.54990225,2.2348103,326.77148
2031-03-16,0.0,302.4666425,21.795201499999997,3.164781125,317.164195
2031-03-17,0.0,302.8601975,22.5444695,3.202262625,259.75469250000003
2031-03-18,0.0,302.74469,26.90209525,3.1540126,329.41035250000004
2031-03-19,0.0,303.5074375,25.3761655,3.08129115,328.4564975
2031-03-20,0.0,303.7156825,23.728286,3.10317365,324.6319975
2031-03-21,0.0,303.692065,23.4615155,2.32559055,303.996955
2031-03-22,1.5054871749999999e-09,304.537565,22.03669275,2.068871675,280.44482500000004
2031-03-23,0.0,305.17359999999996,22.36912625,2.1252996250000002,268.6865375
2031-03-24,0.0,304.49152000000004,23.6543245,2.684863175,296.9079475
2031-03-25,0.0,305.348785,24.63103675,3.022177075,284.68699
2031-03-26,2.5368279999999997e-07,305.6283025,25.2638955,2.524990725,262.30926999999997
2031-03-27,4.47881125e-08,302.869735,32.4243045,1.8230859,191.7889675
2031-03-28,1.030265085e-06,303.8075775,25.49925875,2.242406575,274.8594025
2031-03-29,4.574866e-08,303.16622,34.39512175,2.639580425,223.5195075
2031-03-30,0.0,303.97631,24.5348435,1.47098745,309.69061250000004
2031-03-31,0.0,303.7289725,19.8042905,1.62064595,328.5532175
2031-04-01,0.0,303.19606250000004,21.072895250000002,1.847423,325.044535
2031-04-02,0.0,304.0454175,22.004544,2.251272975,318.27819750000003
2031-04-03,0.0,304.11635,20.99304825,2.2634789250000003,319.02783
2031-04-04,0.0,304.503785,21.047629999999998,2.516033275,303.8321775
2031-04-05,0.0,305.8820475,21.204781,2.2997168,289.85521
2031-04-06,0.0,304.8804325,18.25739875,2.2468559,323.7705275
2031-04-07,0.0,304.7930225,16.95609725,2.55101655,339.8482675
2031-04-08,0.0,304.63885,21.9883655,2.5974743,328.8347025
2031-04-09,0.0,305.1836525,23.56268825,3.3282321,318.79151249999995
2031-04-10,4.115161625e-07,305.82430999999997,23.14640675,3.31203775,310.868905
2031-04-11,7.69191235e-08,305.20504,26.23182,3.021886275,237.12166249999999
2031-04-12,0.0,305.943245,21.1982445,2.24265925,289.980565
2031-04-13,0.0,306.6563025,20.82342075,2.38107485,281.614985
2031-04-14,0.0,306.5970525,20.12545825,2.14904075,300.4581325
2031-04-15,0.0,305.7673275,19.182849,2.614523525,310.540575
2031-04-16,0.0,305.4283125,19.5118565,2.831533625,337.1724475
2031-04-17,0.0,306.06521999999995,19.36891475,2.0544713750000003,327.0848075
2031-04-18,0.0,306.0707875,20.30881775,2.5133537,316.9848425
2031-04-19,3.3122537500000004e-07,306.3304375,22.882707,3.0480626749999997,309.9650125
2031-04-20,2.894851025e-06,306.15139,26.421143,3.68266615,309.3770375
2031-04-21,1.1750860799999999e-06,303.4576725,36.60262175,3.326465825,251.54946999999999
2031-04-22,0.0,304.973065,26.62145025,1.644355325,258.2827675
2031-04-23,0.0,304.8808125,20.97833975,1.83885545,323.1776575
2031-04-24,6.430441925e-09,305.232265,18.2733355,2.6497793,322.2204275
2031-04-25,0.0,305.973435,16.5589865,2.154937475,325.47529
2031-04-26,0.0,305.8595675,16.301384,2.42036235,340.92613500000004
2031-04-27,0.0,306.4785275,17.95991575,3.0932349500000003,309.7069225
2031-04-28,2.4086163e-08,307.4217475,18.129434500000002,3.233663725,323.98810249999997
2031-04-29,2.924082e-09,307.3058125,19.2473785,3.4615576,297.87823249999997
2031-04-30,0.0,306.891515,17.334644,3.35948025,302.0474775
2031-05-01,0.0,306.31726749999996,17.32514075,2.2990513249999998,308.32613249999997
2031-05-02,0.0,306.49374,17.46791925,1.9682815,286.989395
2031-05-03,4.5759813750000004e-07,306.6045525,23.458612,1.8502696749999998,251.874125
2031-05-04,0.0,306.64965,23.18166025,1.957952775,264.0771575
2031-05-05,0.0,306.44854,19.60115175,2.6889077500000003,307.382485
2031-05-06,8.23058275e-08,307.3329225,21.63181275,2.73234655,287.4218975
2031-05-07,0.0,307.1549375,21.3019575,2.66762825,295.91287
2031-05-08,9.5575865e-07,306.9994175,22.25517,2.5044553,290.05609000000004
2031-05-09,2.793420625e-05,306.408555,26.44959475,2.220035725,295.87789499999997
2031-05-10,1.796235475e-05,306.39064,31.767373,1.839083325,285.5586925
2031-05-11,2.3412477250000002e-08,306.59803999999997,28.338334250000003,2.047310125,309.68650249999996
2031-05-12,0.0,306.97663,24.6590135,3.4516402,285.0390625
2031-05-13,0.0,306.4601275,19.93643075,3.653767925,354.108945
2031-05-14,0.0,306.03481999999997,19.325788250000002,3.45923455,356.03454
2031-05-15,0.0,306.57778,18.82636375,3.6402424250000003,339.3232125
2031-05-16,0.0,306.7587625,18.542119,3.597501925,346.661795
2031-05-17,0.0,306.83302,18.7348315,3.703815675,354.829045
2031-05-18,8.006992e-07,307.9297575,20.24213375,3.05287405,302.3278075
2031-05-19,6.976808325e-06,307.7419325,24.07063975,2.951445175,283.90405
2031-05-20,1.0952824500000001e-08,307.66054,24.774004,2.7473488,324.473225
2031-05-21,0.0,307.59827,22.01909775,2.672666825,316.4251925
2031-05-22,1.0339737249999999e-05,307.99018,23.576718,2.66687705,297.85262
2031-05-23,2.147326e-07,306.237265,30.7503945,2.599244925,259.77457
2031-05-24,7.50102525e-06,306.55115,31.789932,2.3970262250000003,260.85771750000004
2031-05-25,0.0,305.501085,29.350714,2.8361707000000003,224.946935
2031-05-26,0.0,307.2235625,24.580931749999998,4.635175025,334.7012325
2031-05-27,0.0,307.3676625,25.21477875,4.456377325,302.45518500000003
2031-05-28,0.0,307.2567875,27.4965005,4.731406325,311.0409375
2031-05-29,0.0,307.06568500000003,27.714955500000002,4.45557055,288.97064750000004
2031-05-30,0.0,306.9951825,27.43322375,4.592125975,322.2350625
2031-05-31,0.0,306.6892125,32.16629725,4.222116,296.1194425
2031-06-01,3.150699625e-08,306.1477725,33.617016,4.11602275,294.1963125
2031-06-02,0.0,305.6521325,36.385277,4.103981875000001,276.760355
2031-06-03,0.0,305.30240000000003,38.83549275,4.287804875,278.9028025
2031-06-04,0.0,304.3346075,39.725393,4.236569475,261.6124325
2031-06-05,0.0,304.66159,39.296829,3.479927825,263.8108875
2031-06-06,0.0,305.9781525,32.9747025,3.3808841249999997,288.472715
2031-06-07,0.000174437325,300.5921725,65.6108765,2.535579975,206.9349525
2031-06-08,6.715356e-07,302.36103,61.173747250000005,2.322819325,251.269135
2031-06-09,1.47456005e-06,303.725125,51.498478999999996,2.2549268749999998,281.443405
2031-06-10,0.0001148245025,303.388795,60.901469,2.2936761,267.08731
2031-06-11,0.0002537674925,299.02088,81.998955,1.931637625,205.436635
2031-06-12,0.000281804155,298.680255,85.34401,2.301254375,211.89438
2031-06-13,0.000269980845,298.56839,86.37307125,2.3622997249999997,216.602
2031-06-14,6.9069201925000005e-06,298.7599475,78.278325,3.709029375,212.9632675
2031-06-15,5.99719175e-06,299.78283,66.67600375,4.8274065749999995,247.9942125
2031-06-16,6.37057425e-06,299.24514750000003,70.8327,4.230535725,226.99992
2031-06-17,8.984328175e-06,300.03367,69.1696135,4.37104725,251.0367
2031-06-18,4.748892e-06,298.6902925,78.9979585,3.504858575,205.2488025
2031-06-19,8.113770025e-06,300.60702749999996,67.7550185,3.943154625,260.45235
2031-06-20,0.0,299.9728025,69.49849875,3.65222,241.27447999999998
2031-06-21,3.0654747500002255e-06,301.05653,66.75375625,3.487471425,258.9148975
2031-06-22,6.550153e-05,301.01147249999997,68.454229,3.8075884,270.15103750000003
2031-06-23,0.0,300.16949750000003,70.4176275,3.559012575,243.2398775
2031-06-24,5.09231965e-05,300.2852325,73.46455975,3.11452365,240.15925
2031-06-25,5.31679175e-05,299.7235625,78.43741349999999,2.9971366,243.318275
2031-06-26,4.879426425e-05,299.5657025,79.74152000000001,2.880764425,238.867465
2031-06-27,2.943004075e-05,300.14889,75.661475,3.305461525,240.7269475
2031-06-28,3.1482032e-05,298.97603,84.05445125,3.4008511500000003,208.278995
2031-06-29,1.4102387e-05,299.561085,78.3651,3.874822375,230.45458250000001
2031-06-30,0.00032957403,298.15682250000003,91.06103875,4.026229775,160.4861825
2031-07-01,0.000133160465,299.0249675,88.5385125,3.8474163,185.0455725
2031-07-02,3.2896665000000004e-05,299.34208,87.6455425,2.9629985249999997,220.2276875
2031-07-03,2.24053015e-06,299.5042275,86.45112625,2.52982525,216.3287775
2031-07-04,1.7378955425000002e-05,300.19793,83.2336375,2.7976185,243.14172250000001
2031-07-05,7.740380975e-05,299.88664,84.03486475,2.933713275,239.0668675
2031-07-06,5.486979325e-05,299.74945,84.91942025,3.209780175,228.884915
2031-07-07,2.5617715749999997e-06,300.11368,81.5906875,2.911300225,236.41383249999998
2031-07-08,8.50851365e-06,299.5481425,87.04689625,2.42332945,216.6634175
2031-07-09,0.0001595500925,299.8702125,86.49721124999999,2.67713715,230.54021749999998
2031-07-10,1.972484775e-06,299.81392999999997,82.62374,3.263230375,229.661655
2031-07-11,1.4880505749999998e-07,299.9282525,82.0666825,3.683037625,228.265525
2031-07-12,3.885601425e-06,299.92762749999997,84.760845,3.3241867,226.95171249999999
2031-07-13,9.71863035e-07,300.245475,81.7699865,2.896241475,253.054035
2031-07-14,6.951675175e-06,300.3608525,84.3793175,2.38821085,240.0754025
2031-07-15,0.0001701929125,299.7663125,89.944826,1.285761875,222.60911
2031-07-16,4.8196655e-05,300.26108,87.29770500000001,1.5008907999999999,238.24808000000002
2031-07-17,9.77274675e-05,299.9480825,88.878605,2.7079792,230.31149
2031-07-18,0.00022867606,299.3255725,91.818124,2.8782902999999997,208.66117500000001
2031-07-19,0.0002348524575,299.1411225,92.20215375000001,2.921213725,200.074315
2031-07-20,0.0001073603625,299.72707,87.700761,3.157861725,225.35514750000002
2031-07-21,2.82713825e-06,299.7411075,87.729341,2.4714221,223.45318
2031-07-22,9.807491125e-05,300.59934250000003,86.25918625,2.1288498750000002,262.7881375
2031-07-23,0.0002421879,299.57788,91.43550875,1.66501215,224.71233999999998
2031-07-24,0.0002694768275,299.92134,90.0234765,1.9993288,239.3317225
2031-07-25,0.000113082339,299.5304275,90.65761125,2.51448625,222.8415
2031-07-26,0.00024355457499999997,299.3460925,91.8047505,2.339839525,215.309495
2031-07-27,0.0001297453525,299.72258,90.0744785,2.3165028000000003,220.82977499999998
2031-07-28,1.7412628e-05,300.013335,89.00065875,1.920816075,242.9561575
2031-07-29,9.641187125e-05,299.53588,91.27928349999999,1.2809154,217.60645
2031-07-30,1.44298685e-06,300.611275,86.267028,1.292724275,274.14375
2031-07-31,0.0001785183075,300.473365,89.6695025,2.3431944,243.48522
2031-08-01,7.5089757e-05,300.100775,91.11063125,2.641967225,216.0638775
2031-08-02,0.000289347695,299.62282500000003,92.03247625,2.3129041,210.8215325
2031-08-03,0.00041729553249999997,299.4361175,93.38329375,2.911846625,213.3196325
2031-08-04,0.0003157534225,299.158295,91.36580875,5.06873595,182.872815
2031-08-05,1.3077905925e-05,299.16297,92.07184,3.12146745,186.7721225
2031-08-06,0.0,299.98021,84.79506625,4.0453981,250.064505
2031-08-07,5.603343925e-06,299.52282249999996,88.20202,3.542992925,220.375745
2031-08-08,3.49528375e-06,298.79553500000003,90.495445,3.6549764,201.8542625
2031-08-09,0.00021253193,299.3467925,87.3280285,4.779401875,228.81976
2031-08-10,7.51834125e-07,299.30117,88.8644895,4.073926275,215.7752375
2031-08-11,0.0009696795175,298.3504775,94.325429,4.2320616,167.6605275
2031-08-12,0.00017525773,298.93760499999996,92.79784125,4.082828774999999,192.6220725
2031-08-13,0.0001966461,298.83748,93.60077625,3.199432,181.591075
2031-08-14,3.52224415e-06,299.374355,88.46367125,3.72469435,216.68081999999998
2031-08-15,0.0,299.911645,84.6440385,3.613309675,243.30022
2031-08-16,0.0,300.0181225,82.55321,3.45540715,253.385825
2031-08-17,1.275434225e-06,299.98157,85.142666,3.0504006749999997,251.16194000000002
2031-08-18,0.0,299.81552,86.538155,2.6973077,227.8975825
2031-08-19,0.0,299.902695,85.52615125,2.29717145,239.847425
2031-08-20,0.0,300.27882,82.38379,2.471130025,275.31838500000003
2031-08-21,0.0,300.5361575,83.2391415,2.1438617,270.5309775
2031-08-22,4.923481025e-05,300.039215,88.08873,1.863465125,237.2978075
2031-08-23,0.0001803381325,299.8361175,90.61914200000001,1.39694435,229.65120000000002
2031-08-24,0.000271612845,299.781155,91.83800625,1.0163322825,228.767835
2031-08-25,0.00016337606249999998,299.475365,92.39596,1.42293195,228.4325075
2031-08-26,3.525959425e-05,299.49728500000003,91.66698,2.17673765,219.9990775
2031-08-27,0.0,299.9735875,86.48766875,2.34707485,250.5990175
2031-08-28,0.0,300.07536,82.062547,2.264646225,279.1958325
2031-08-29,0.0,300.5419925,80.5021765,2.016233625,272.559085
2031-08-30,0.0,300.671505,84.69458375,1.550721175,247.7135975
2031-08-31,0.0,300.689395,86.04772475,1.563862825,244.08164
2031-09-01,0.0,301.33662749999996,82.573144,2.311710725,255.61595
2031-09-02,1.7078880500000002e-07,301.40949,82.9357135,2.39977725,252.43900250000002
2031-09-03,0.00018788798749999998,300.6278375,88.93374625,2.406114925,228.376915
2031-09-04,5.5926933e-05,300.3646125,91.019494,2.395355475,210.55751
2031-09-05,1.4592961624999998e-05,300.380985,90.6507325,1.6963775,230.558175
2031-09-06,0.0,300.9833925,86.1247915,1.48653515,248.0977925
2031-09-07,1.4615637750000001e-05,301.07649749999996,87.75954,1.577011375,237.1250075
2031-09-08,0.0,301.3382,84.27433875,1.91601325,243.056455
2031-09-09,0.0,300.89589,84.14993,2.2935189,231.0661075
2031-09-10,0.0,301.1361125,76.477115,2.76881145,265.88163499999996
2031-09-11,1.6497485e-07,301.1150725,81.62633625,2.7129473,236.5418175
2031-09-12,4.2825138750000005e-06,301.0654975,81.721206,2.339861875,236.399245
2031-09-13,4.2598425e-06,300.93237,85.03813625000001,1.51840975,235.465125
2031-09-14,0.0,300.9576525,83.97835375,1.0330615975000002,237.0129775
2031-09-15,1.825754475e-07,301.16887499999996,83.91736025,1.0214499400000001,238.3366625
2031-09-16,0.000248052875,300.85635,88.8263215,1.151850125,228.34312500000001
2031-09-17,0.0003743119475,299.78891999999996,95.471735,1.54262405,184.17829749999999
2031-09-18,0.0003533429125,299.687135,94.773281,1.4751519,194.86860000000001
2031-09-19,6.9662919e-05,300.1684275,91.302875,1.999919625,215.5268675
2031-09-20,9.6973455e-06,300.3345425,87.8413025,1.41960745,239.00859
2031-09-21,2.9533471999999998e-05,300.2650375,89.93085500000001,1.2015992500000001,221.80396
2031-09-22,1.666278125e-05,300.535625,88.464828,1.023162835,228.9683325
2031-09-23,2.83245278e-06,300.95569,84.347424,1.0059809925,244.42424499999998
2031-09-24,0.0001436965125,300.245065,90.949016,0.772735125,217.06101
2031-09-25,0.00022910047499999998,300.11605,91.7564325,1.1090438,217.9109675
2031-09-26,4.3128537e-05,299.97071,90.57090249999999,1.710054125,223.5119375
2031-09-27,2.3583632325e-05,300.11557,88.466145,1.4288256,231.60227
2031-09-28,0.0001108333895,300.286855,89.44716249999999,1.492587925,224.4531125
2031-09-29,8.269896625e-05,300.2561975,89.62982,1.210189575,228.59115500000001
2031-09-30,0.0001994520175,300.2188725,87.9133315,1.462229025,231.76630749999998
2031-10-01,4.5002262e-05,299.5043525,85.651036,1.9151719,252.3086175
2031-10-02,0.00017589654,299.1103175,88.399811,3.081780325,203.9982375
2031-10-03,0.0,299.297705,78.57813625,3.70466345,212.0859625
2031-10-04,0.0001341710675,298.86995,83.69977,3.9693103,206.20471750000002
2031-10-05,0.0003365427925,298.130575,92.2556265,3.167952025,143.8256325
2031-10-06,0.00011004789,298.4002675,91.4320275,2.11216985,174.7692225
2031-10-07,1.510426915e-05,298.45599,90.10361375,2.185996125,193.78828
2031-10-08,3.0574201000000002e-06,298.6890575,85.052245,2.601618475,207.786765
2031-10-09,4.7862564999999996e-06,298.605835,85.9965825,2.526648925,202.4213475
2031-10-10,4.086266225e-05,298.607285,89.129295,2.647278825,192.5201875
2031-10-11,0.0,299.0705325,84.47783749999999,2.664174725,227.37776250000002
2031-10-12,0.0,299.4609625,75.7468425,2.732666125,240.285405
2031-10-13,0.0,299.427195,76.9171375,2.3662647,235.31758
2031-10-14,0.0,299.764955,72.739954,2.3829339249999997,262.1279375
2031-10-15,0.0,299.685975,73.57282525,2.1893827249999998,246.322135
2031-10-16,2.2962166999999998e-07,299.5894925,67.57957,2.1676452250000002,255.71062
2031-10-17,0.0,299.5970425,61.78945175,2.2705447000000003,264.9787925
2031-10-18,0.0,299.02353,58.761838,1.90136295,258.6355875
2031-10-19,0.0,298.5410625,76.5166625,1.089914325,230.6163175
2031-10-20,5.257917725e-06,299.13748999999996,79.71154125,2.0742300499999997,213.86464999999998
2031-10-21,0.00033331779500000004,298.2868125,84.3969085,3.0184241750000003,190.05147
2031-10-22,0.00037781646999999997,296.68695,92.7006775,2.999366775,121.87525525
2031-10-23,0.0006387622,296.1756425,94.940006,2.63775565,113.19247475
2031-10-24,0.0003525155325,296.1487125,95.0812625,2.798946325,111.69310875
2031-10-25,0.000106649634,297.3806625,89.793131,2.83266905,180.1041975
2031-10-26,3.7586701499999996e-06,297.5389925,86.9376135,2.2565017750000003,204.784985
2031-10-27,0.0,298.12882,85.1192425,0.7050138525,218.437175
2031-10-28,9.33801975e-07,298.97465,83.8864425,1.0654335000000001,220.97690749999998
2031-10-29,0.0,298.916175,71.2843755,1.293778275,249.50648
2031-10-30,0.0,298.67395999999997,73.086929,1.090176525,212.51621
2031-10-31,0.0,298.6759425,70.80337875000001,1.80094065,237.87392749999998
2031-11-01,0.0,298.751,70.91817375,1.71442595,238.641235
2031-11-02,0.0,298.491995,72.42870625,1.5954234999999999,236.4895
2031-11-03,0.0,298.45636,77.642619,1.44688785,217.23887
2031-11-04,0.0,298.43636749999996,72.2594425,1.982100175,219.1424975
2031-11-05,0.0,298.312345,70.3981175,1.5412836749999999,226.2670525
2031-11-06,0.0,298.36643000000004,71.82632100000001,1.490649575,225.602105
2031-11-07,0.0,298.1892425,71.5727335,1.57591905,218.3253525
2031-11-08,0.0,297.929145,63.95584725,1.702470475,240.172535
2031-11-09,0.0,297.6741675,60.601695,1.34970835,240.6213775
2031-11-10,0.0,297.53768,65.4796,1.99122685,232.84961249999998
2031-11-11,0.0,297.6257,67.53760299999999,1.762724625,217.88687
2031-11-12,0.0,297.6424025,73.30767225,1.350974175,197.1754175
2031-11-13,0.0,297.22496,81.0898715,0.8987762075,175.3794125
2031-11-14,0.0,298.458905,75.89102625000001,1.3063403,207.633545
2031-11-15,0.0,297.8634125,65.987901,2.16835605,211.067675
2031-11-16,0.0,296.5704425,43.885217499999996,2.35229045,234.447595
2031-11-17,0.0,296.03435249999995,44.72778475,2.357960475,217.8585675
2031-11-18,0.0,295.490365,43.3696725,2.875468075,242.434415
2031-11-19,0.0,294.5997625,37.64173175,2.2844038749999998,223.02646
2031-11-20,0.0,294.2815075,36.92101175,2.4284933,251.31981000000002
2031-11-21,0.0,295.0192425,42.05492825,1.919865525,234.004255
2031-11-22,0.0,296.0525975,53.821212,2.49891885,235.434095
2031-11-23,0.0,296.75732,49.24475575,2.07299625,247.3889475
2031-11-24,0.0,296.6047375,51.66265325,1.5488470749999999,201.7697175
2031-11-25,0.0,296.5123825,48.59179525,1.76102555,230.64754
2031-11-26,0.0,296.355225,49.77186925,2.0100160750000002,241.0783
2031-11-27,4.244223249999999e-06,296.61972249999997,61.1482,2.2216309,227.75672
2031-11-28,9.889566375e-06,296.6818925,81.3385935,1.459758725,169.9428
2031-11-29,6.50833125e-06,297.0086675,76.7919155,1.23364195,164.031845
2031-11-30,0.0,297.196,74.164615,1.233391925,176.6302325
2031-12-01,0.0,296.9479675,64.6095125,1.3984342,182.85194
2031-12-02,0.0,296.4970875,65.65660125,1.618829325,189.4882725
2031-12-03,0.0,296.63363749999996,60.8890815,1.782583525,209.32241
2031-12-04,0.0,296.64390249999997,57.65628525,1.481735325,215.6026125
2031-12-05,0.0,297.16034,57.57848175,1.631126875,215.926015
2031-12-06,0.0,295.126005,61.377880250000004,2.8220902,181.2105025
2031-12-07,0.0,295.40481750000004,52.8572025,3.3690349250000002,226.2031475
2031-12-08,0.0,295.258595,50.74026775,3.07504585,230.55579
2031-12-09,0.0,295.55390750000004,52.069469749999996,2.476348175,236.56637999999998
2031-12-10,0.0,296.35087,51.28463,2.165000125,233.9178675
2031-12-11,0.0,295.88291250000003,59.923863499999996,2.15230355,227.2341
2031-12-12,0.0,296.15016,62.80961025,1.958106425,212.7175375
2031-12-13,0.0,295.7331725,71.42551275,1.568627475,174.237085
2031-12-14,0.0,296.2901025,64.7407175,1.96872755,188.57299
2031-12-15,0.0,294.96787,64.11041275,1.81469135,166.3335175
2031-12-16,0.0,295.80762500000003,58.216194,1.9940435749999998,219.257245
2031-12-17,0.0,294.9728225,68.9918825,1.993829225,182.3451475
2031-12-18,0.0,294.65923,65.18513625,1.77345335,172.7517325
2031-12-19,0.0,295.1926775,53.97670125,0.9015827750000001,206.03276749999998
2031-12-20,0.0,295.1466725,46.611708,1.87989075,225.93117
2031-12-21,0.0,294.8273775,44.2444015,1.8507904,237.636695
2031-12-22,0.0,294.681925,51.101502,1.409774175,221.773645
2031-12-23,0.0,294.841655,50.158966750000005,1.5072131500000001,217.2641925
2031-12-24,0.0,294.7753725,51.058596,1.948100475,211.37189999999998
2031-12-25,0.0,294.5272125,50.19728175,2.190386175,216.725005
2031-12-26,0.0,294.54709249999996,43.31297325,2.7909427,225.88699250000002
2031-12-27,0.0,293.975255,47.2587045,2.537537275,200.540955
2031-12-28,0.0,294.69847749999997,46.537094249999996,2.486249375,207.52312999999998
2031-12-29,0.0,293.34623750000003,56.41419825,3.546466075,166.17197
2031-12-30,0.0,282.36561,81.61480625,3.573482175,114.36457975
2031-12-31,0.0,290.99253,89.60937125,3.313271475,112.3554335
2032-01-01,0.0,294.6357875,75.754555,2.912106625,175.82494499999999
2032-01-02,0.0,295.0243975,54.55278275,3.0151646750000003,234.179235
2032-01-03,0.0,295.37717499999997,50.977755,2.4576236000000002,242.7822625
2032-01-04,0.0,295.035935,52.218853,2.3622855,241.7948675
2032-01-05,0.0,295.00131250000004,48.323113,2.3148321,241.8599525
2032-01-06,0.0,294.63237250000003,47.7206265,2.01275015,245.5145425
2032-01-07,0.0,294.6171475,49.85976925,1.24523345,244.948375
2032-01-08,0.0,295.3784175,48.138178249999996,2.213365725,246.0320475
2032-01-09,0.0,295.34047499999997,51.068372,2.117809475,243.38584500000002
2032-01-10,0.0,295.75374,50.78360375,1.8975681249999998,242.01192
2032-01-11,0.0,295.9488175,49.96124225,1.9457162000000001,245.92451
2032-01-12,0.0,295.86954000000003,44.31804825,1.844183525,248.01341
2032-01-13,0.0,295.6957025,42.15408525,1.940367825,252.1147
2032-01-14,0.0,295.6721425,52.349821750000004,1.946823225,245.318455
2032-01-15,0.0,296.0960275,51.277875,2.429814975,236.728205
2032-01-16,0.0,295.838135,50.551483000000005,2.4844490500000003,239.1825875
2032-01-17,0.0,296.37552,50.817682,2.403510275,243.89127000000002
2032-01-18,0.0,296.20155,49.3980255,2.37689525,236.6137225
2032-01-19,0.0,296.08804,46.06326475,2.64130545,244.67731750000002
2032-01-20,0.0,296.45076,42.4361085,2.96608005,243.0873325
2032-01-21,0.0,296.41604,38.98567625,3.2853895,250.011465
2032-01-22,0.0,295.999115,39.453378,2.383618175,252.4700025
2032-01-23,0.0,296.02956,39.81395275,1.6311446250000001,256.6947075
2032-01-24,0.0,296.32079,40.44268675,1.48389455,258.87738
2032-01-25,0.0,296.36474250000003,40.8419395,1.501374925,253.17594
2032-01-26,0.0,296.530885,40.929434,1.7245754,218.6660475
2032-01-27,0.0,296.37387,38.964290000000005,1.3848614000000001,262.2956475
2032-01-28,0.0,296.96166750000003,42.88422675,1.363923175,256.605475
2032-01-29,0.0,297.430345,42.84841175,1.5193255749999999,255.02421999999999
2032-01-30,0.0,297.37557499999997,40.421296,1.798840375,255.4473875
2032-01-31,0.0,297.04125750000003,35.1540825,2.802170275,264.2629425
2032-02-01,0.0,296.5730725,34.069082,2.659060925,271.5542525
2032-02-02,0.0,296.3751925,38.310516750000005,1.57149245,270.66886999999997
2032-02-03,0.0,297.219855,39.630933999999996,1.63172865,264.8305275
2032-02-04,0.0,297.257895,39.249722500000004,1.2790625,257.3108075
2032-02-05,0.0,297.1290975,41.661116,1.75393175,261.0742875
2032-02-06,0.0,297.75879499999996,40.76994125,1.88015585,252.3443975
2032-02-07,0.0,297.591335,39.25263375,2.91199405,263.457725
2032-02-08,0.0,297.591815,33.01808625,3.86541725,264.92051
2032-02-09,0.0,297.399985,31.70837975,3.241978475,269.96709
2032-02-10,0.0,297.18375249999997,31.38551075,3.147041525,271.923555
2032-02-11,0.0,297.26631,33.663008500000004,2.970493275,269.5919625
2032-02-12,0.0,297.81766,38.163880500000005,2.2147179,264.0832
2032-02-13,0.0,298.077455,42.99760175,1.629998,262.3139075
2032-02-14,0.0,298.89161,41.76670824999999,2.52585345,243.96163
2032-02-15,0.0,298.25451499999997,35.63725575,2.1768801,277.897515
2032-02-16,0.0,297.90108499999997,33.159407,2.8470977,275.84173
2032-02-17,0.0,297.76791000000003,34.39703475,1.864694325,276.316565
2032-02-18,0.0,298.375725,35.97423175,2.117711375,274.493335
2032-02-19,0.0,298.5164625,40.66553425,2.359481225,256.0462175
2032-02-20,0.0,298.138135,35.804451,2.398170225,270.7108675
2032-02-21,0.0,297.9278625,37.77441975,2.65147575,290.8622525
2032-02-22,0.0,299.2390975,41.4843325,2.49014005,267.4007525
2032-02-23,0.0,299.387335,38.604966000000005,2.322807325,282.9393925
2032-02-24,0.0,299.6446125,37.85424975,2.022940175,283.538265
2032-02-25,0.0,299.8381675,37.23631925,2.4598820999999997,278.05740249999997
2032-02-26,0.0,299.6402075,34.77821,2.63904805,282.9213275
2032-02-27,0.0,299.87669500000004,32.62341675,3.0598327,287.2257425
2032-02-28,0.0,299.69614,33.3368105,2.9906189,295.2250675
2032-02-29,0.0,300.3503875,34.3450205,2.207418325,289.08289
2032-03-01,0.0,300.42832250000004,31.868716749999997,1.841184675,289.64604499999996
2032-03-02,0.0,300.90959,30.158707749999998,1.922925,285.4995075
2032-03-03,0.0,301.0753025,31.311918499999997,2.550045525,287.95363
2032-03-04,0.0,301.6292025,31.463330499999998,2.9458196,298.66468
2032-03-05,0.0,301.5984,31.60568525,2.402904075,300.10897
2032-03-06,0.0,301.7292175,28.59720225,2.22357795,303.20258
2032-03-07,0.0,301.7535775,29.493168,2.07310605,301.1519675
2032-03-08,0.0,301.6550675,30.502354999999998,2.60598635,311.6124775
2032-03-09,0.0,302.00086,31.74530775,2.776069375,299.56126
2032-03-10,0.0,302.2573575,30.88522725,2.74150195,305.009025
2032-03-11,0.0,302.02751750000004,29.797684750000002,2.32291925,290.66869
2032-03-12,3.628133e-08,302.4759425,30.44592275,2.678180425,271.8026575
2032-03-13,0.0,302.055765,32.422864000000004,1.77743585,246.49907
2032-03-14,0.0,299.491785,39.4117385,1.4189042,188.63321
2032-03-15,0.0,300.0810075,39.79950225,2.0426976999999997,214.4511775
2032-03-16,0.0,301.57785,31.568720499999998,1.883282375,305.50638
2032-03-17,0.0,302.26176250000003,28.73266,1.867412275,317.08957250000003
2032-03-18,0.0,302.677705,27.7029805,2.0383297750000002,318.6881425
2032-03-19,0.0,302.87406,26.21769825,2.237683075,306.0623475
2032-03-20,0.0,303.23841,26.5502225,1.9941854499999998,301.552295
2032-03-21,0.0,303.8688275,26.707974,2.2297335,282.570835
2032-03-22,0.0,303.7021325,27.2025865,1.76657015,293.7280125
2032-03-23,0.0,303.26386,29.4659485,1.7759617250000002,321.6149775
2032-03-24,4.461840625e-08,303.9630975,31.03800875,3.0394898,302.0215025
2032-03-25,2.07590945e-07,304.622765,31.119015750000003,2.39279515,295.03778750000004
2032-03-26,2.79670375e-07,303.871705,27.8150425,2.588359375,313.93314499999997
2032-03-27,1.4256635000000001e-08,303.809525,26.812084,1.91743825,328.1242075
2032-03-28,0.0,303.61967500000003,26.59902275,2.08450765,318.29747
2032-03-29,0.0,304.1841275,24.62868075,2.8826953250000003,297.4299175
2032-03-30,0.0,304.38955500000003,23.283666750000002,2.825575675,286.3484125
2032-03-31,0.0,304.26185,26.34243725,1.8838734750000001,267.1731325
2032-04-01,0.0,303.47355749999997,26.3047685,2.6823847,301.9425425
2032-04-02,8.037117000000001e-08,303.8096475,27.21694175,2.6182186,313.54340249999996
2032-04-03,1.34308215e-07,303.644685,29.5067115,3.04729045,294.3570375
2032-04-04,9.048182650000001e-07,303.2368225,28.13005825,2.6313874,318.39535
2032-04-05,8.888222625e-06,300.8687425,47.418742,1.9692699,210.92486
2032-04-06,1.013817125e-06,303.679605,34.30550225,2.274025,284.992455
2032-04-07,0.0,303.606685,29.17299225,1.8756149500000001,334.78184
2032-04-08,0.0,303.30953750000003,29.9057935,1.5275729,326.07025
2032-04-09,0.0,303.7014575,29.73670125,1.9176931750000001,310.355735
2032-04-10,1.6931338500000001e-06,304.72347,29.64900675,2.29431325,278.411405
2032-04-11,1.92670995e-07,305.383325,27.62201125,1.787647425,269.426675
2032-04-12,0.0,305.04274,24.2842185,2.3942443,329.3465225
2032-04-13,6.99572425e-09,304.825965,24.902253,2.568336825,321.80735
2032-04-14,9.7936585e-08,305.3343325,26.20105675,1.8702592500000002,278.35954
2032-04-15,1.8350920525e-06,304.1016625,37.0924885,2.44034165,253.49674
2032-04-16,5.05152115e-06,304.949095,33.30150375,2.26946375,274.0077175
2032-04-17,2.464929125e-06,304.837425,33.061927,1.9262846,269.87289499999997
2032-04-18,1.3085127625e-06,305.26514,30.40510575,1.9629648499999999,286.70444
2032-04-19,1.8066734249999998e-07,305.32669500000003,27.5017855,2.190041725,303.3668625
2032-04-20,1.623723875e-07,304.39301750000004,28.6120525,1.71202695,284.4060725
2032-04-21,0.0,304.79265,27.020661750000002,2.187296375,279.253945
2032-04-22,0.0,304.58180500000003,28.769682,2.2792983749999998,273.05375
2032-04-23,0.0,304.587185,28.67845,2.44119275,268.76219249999997
2032-04-24,0.0,304.8674375,26.2034995,2.367578925,310.7807475
2032-04-25,0.0,304.4566175,27.44392525,1.7708365000000001,250.8088575
2032-04-26,0.0,304.7673725,27.646827000000002,2.1773084750000002,285.8622975
2032-04-27,0.0,305.5201725,26.561790000000002,2.5571204,328.00079
2032-04-28,0.0,305.7316975,25.8874955,2.651053075,330.2948725
2032-04-29,0.0,305.67668000000003,24.455189750000002,2.3354471500000002,326.6733975
2032-04-30,0.0,306.218615,23.78122175,2.515686925,312.64685
2032-05-01,0.0,305.857115,25.71713175,2.6210592999999998,263.806545
2032-05-02,0.0,304.88842250000005,30.926392999999997,2.700680975,233.0941975
2032-05-03,0.0,305.0202175,32.433437,2.0320288,247.14126249999998
2032-05-04,2.1352424e-06,306.0072825,27.963121,1.88261255,305.992035
2032-05-05,1.132023325e-05,305.81235,34.306999000000005,1.9970883750000001,265.4415525
2032-05-06,8.22720475e-08,306.2017425,31.2195655,1.69593745,278.8533875
2032-05-07,1.99213979e-06,306.433825,28.916325999999998,1.76419375,301.4541125
2032-05-08,2.2831947249999998e-05,306.0499775,33.228811,2.367586325,289.667235
2032-05-09,5.181810025e-06,305.8766625,34.24754725,1.713266275,279.2353625
2032-05-10,2.01341665e-07,306.3689625,28.80797475,1.860461825,315.1428175
2032-05-11,0.0,306.7313375,26.25055475,2.0828664249999997,318.561145
2032-05-12,0.0,306.99627,22.446428,2.722212375,343.33060750000004
2032-05-13,0.0,306.9221475,20.612609,3.53551725,330.801135
2032-05-14,0.0,306.67086,19.68919725,3.271320575,355.24609250000003
2032-05-15,0.0,306.64270750000003,18.82238125,3.10160545,360.22180249999997
2032-05-16,0.0,306.5881225,18.88672,2.763272825,352.44461
2032-05-17,0.0,307.588455,20.792264499999998,2.6905995750000002,341.776045
2032-05-18,0.0,307.9367075,22.55942975,3.19106185,321.2371225
2032-05-19,0.0,308.1801425,22.807468749999998,3.6354584,303.822265
2032-05-20,1.2224695e-06,308.1079275,24.07568775,3.875189925,320.45022
2032-05-21,0.0,307.74446,25.11951025,3.648730425,288.02333250000004
2032-05-22,0.0,308.06924,24.726469,3.713678175,309.585595
2032-05-23,0.0,308.1901425,23.9446855,4.118082575,315.856015
2032-05-24,0.0,308.21243,23.884836749999998,3.9907772,307.77554
2032-05-25,0.0,308.330735,22.389102,4.128988175,311.1215375
2032-05-26,0.0,308.14410250000003,21.68062475,3.954751475,322.89891750000004
2032-05-27,0.0,308.408235,21.63571,3.9511863,336.6768225
2032-05-28,0.0,308.4004275,22.17834525,3.74845395,299.8141825
2032-05-29,0.0,308.2242125,21.33486625,3.6661851,329.4655325
2032-05-30,0.0,308.266485,21.47432175,2.960132175,311.7078725
2032-05-31,1.027470275e-05,308.38945,26.10344275,2.185982375,313.95052499999997
2032-06-01,0.0,308.2899625,27.495018,1.489538425,303.4530825
2032-06-02,6.313967e-08,308.39417000000003,25.33693375,1.179908175,299.5777075
2032-06-03,2.770150275e-05,307.17611,33.9214755,2.150245125,269.12145
2032-06-04,0.0001308136575,306.208165,52.58559475,2.6285076,277.337185
2032-06-05,0.0,305.42391250000003,52.769481999999996,1.897658875,267.02047749999997
2032-06-06,0.0,306.97964,36.77368325,1.5051915,296.826545
2032-06-07,3.4440397e-05,307.5365875,39.145503500000004,1.492304225,294.33766249999996
2032-06-08,0.0,306.5593675,40.945825,1.606318975,268.719525
2032-06-09,0.0,307.3081775,28.47181175,3.384084525,319.359505
2032-06-10,0.0,307.19417,29.22497875,3.888922375,313.12898
2032-06-11,0.0,306.9454775,32.43662175,4.462804725,300.3000075
2032-06-12,0.0,306.9292125,32.1549355,4.898696924999999,309.8373075
2032-06-13,0.0,305.60689,39.82231925,4.060153175,262.772595
2032-06-14,0.0,305.274505,41.040614,3.7731868,266.772515
2032-06-15,0.0,307.196615,36.59104925,3.4841208999999997,283.67325999999997
2032-06-16,0.0,307.8219775,34.6153535,4.1945066749999995,321.626035
2032-06-17,0.0,307.68618000000004,33.119398000000004,4.33217915,333.7424975
2032-06-18,0.0,307.92707,34.048139,4.516858325,319.20477750000003
2032-06-19,0.0,306.833845,41.55158325,4.031637075,285.785685
2032-06-20,0.0,306.4420775,43.19985,3.9675133000000002,294.41193
2032-06-21,6.652526e-07,305.6849325,45.820276,3.8678433,284.04267
2032-06-22,2.217991625e-06,305.174135,47.941542,3.2513118,286.49976749999996
2032-06-23,5.47869825e-06,305.08207,49.604667,3.582272,285.4593725
2032-06-24,3.3283338249999997e-05,300.8483,73.00965825,2.904470425,210.9407
2032-06-25,2.8977690749999998e-06,301.844745,66.336746,3.4860222,232.37975
2032-06-26,0.0001326642325,302.65647,64.95957250000001,4.015999,263.54762
2032-06-27,6.5826578e-06,302.1134075,65.32276175,4.4257919,276.78455499999995
2032-06-28,1.7248632500000002e-05,300.60681999999997,74.47292,4.3671174,233.46146
2032-06-29,2.4745499775e-05,299.8352975,82.5581,3.496650975,195.9629825
2032-06-30,1.075658775e-05,300.760775,76.1375935,3.293568125,230.746025
2032-07-01,5.1872771e-06,301.20518749999997,76.29495,2.664271,229.597065
2032-07-02,0.0002319484825,300.23864000000003,88.042405,1.401304075,215.444285
2032-07-03,0.0002129565125,300.218225,88.01451875,2.8273435,225.69067
2032-07-04,0.0001748846425,299.5708075,88.43655875,3.971844375,192.9228475
2032-07-05,5.2295280250000005e-05,300.043355,86.09694,3.584113225,203.13003750000001
2032-07-06,7.421420875e-05,300.3004825,83.0953015,4.30146555,222.766705
2032-07-07,0.0003117115725,299.5564775,88.5556325,4.830267975,198.9647
2032-07-08,0.000277780295,299.088805,91.2654375,4.6282895,146.9783225
2032-07-09,0.000181600175,299.100105,90.8283115,3.594547075,181.563095
2032-07-10,6.793568874999999e-05,299.6553325,90.022666,2.970305125,191.2124325
2032-07-11,0.00025407790749999997,300.0203175,89.16768,3.339114625,224.1656775
2032-07-12,0.0002899616175,299.6212375,92.216895,4.246163975,176.13591
2032-07-13,0.0002305110775,299.68403,90.66375375,4.6020906,176.10145749999998
2032-07-14,0.0,299.97899,86.379335,3.786170275,218.6398275
2032-07-15,3.523922225e-05,300.30931499999997,86.01468875,3.532980225,227.0808525
2032-07-16,0.0,300.73274000000004,82.6186675,3.25491665,257.7112125
2032-07-17,1.3851924e-07,300.05586,87.3027265,3.131722125,223.62324
2032-07-18,4.687246000000001e-06,299.84020250000003,88.85729625,2.8720418,208.6050875
2032-07-19,8.558065999999999e-06,300.08098,85.54152375,3.677858775,226.70505
2032-07-20,3.8331304e-05,299.8207425,87.98399275,3.843895325,213.5502025
2032-07-21,2.019413275e-05,299.81755,86.17743975,4.600919325,212.115075
2032-07-22,0.00027253663750000004,299.5173125,89.87625625,4.50818415,204.887385
2032-07-23,0.00026664339,299.05253500000003,92.9065865,3.6440073,181.15223
2032-07-24,2.7777450250000002e-05,299.4514275,91.016896,3.7815602,206.245285
2032-07-25,0.0,300.1101625,87.554904,4.523593775,219.9813575
2032-07-26,0.0,300.5837175,83.16314025,4.91810265,244.2735475
2032-07-27,3.038428675e-05,300.3666225,84.629415,4.6745085,237.22419250000002
2032-07-28,3.195031525e-05,299.72178,89.5532065,3.8026974,210.63379750000001
2032-07-29,5.83421265e-05,299.6300975,89.767931,4.4547929,199.4698325
2032-07-30,4.372200675e-05,299.760405,89.4743225,4.05754555,216.83144249999998
2032-07-31,6.8806351000000005e-06,299.49127,91.592131,2.9393528250000003,196.61185
2032-08-01,1.3455469499999998e-07,300.1481775,87.03222,3.188082275,237.22799750000001
2032-08-02,0.0,299.71684750000003,89.20944625,3.056014225,214.95586
2032-08-03,5.94245985e-05,299.9682025,88.81572525,2.3692007,226.4095025
2032-08-04,7.15572725e-07,299.77691,90.02667975,2.190597525,219.54068999999998
2032-08-05,8.4887969e-05,299.86451999999997,89.8448125,1.614855725,222.19824
2032-08-06,0.0001116789625,300.086175,90.2034425,1.661187225,230.952475
2032-08-07,1.520934825e-05,300.40727749999996,88.78517625,2.04396135,234.142535
2032-08-08,8.755526575e-06,300.4138775,89.104851,2.227991825,228.38692500000002
2032-08-09,0.0001536539175,299.98096499999997,90.2980965,2.3971906499999998,224.1862825
2032-08-10,8.307003125e-06,299.68811999999997,89.80590475,3.0536364000000003,212.78114499999998
2032-08-11,0.000352981055,299.28408,92.56777600000001,3.404614075,186.15618
2032-08-12,0.00015379632,299.29875,92.9603185,2.922226225,194.375635
2032-08-13,0.0,299.47609,90.55786499999999,2.9826184500000004,208.4548575
2032-08-14,0.0,299.6976475,89.4231075,2.740144375,212.9475975
2032-08-15,1.6428209375e-06,299.68166,89.66744725,3.1929647,220.10739999999998
2032-08-16,0.0,299.3838575,91.36518,2.624714025,205.12012000000001
2032-08-17,0.0001868743925,299.65203,92.116744,2.650487375,210.7361125
2032-08-18,0.0002176661525,298.99073250000004,94.0211185,3.047841625,166.44758
2032-08-19,0.0,299.81273,88.73029875,2.861641,226.2102525
2032-08-20,0.0,299.65756,89.693146,2.96375365,216.1449025
2032-08-21,0.0,299.9931025,84.610297,3.3252344000000003,239.956755
2032-08-22,0.00026786994,299.3051625,92.378357,3.108823525,192.50299
2032-08-23,0.0,300.03987,85.33634225,3.451537825,238.37672750000002
2032-08-24,3.633941225e-06,299.89461,86.80042875,3.053193975,228.8978575
2032-08-25,0.0,299.99395,84.439615,3.153490675,239.2078625
2032-08-26,0.0,299.60318,88.1230125,2.92051565,214.7398375
2032-08-27,0.00027733968000000003,299.7664725,90.051891,2.644768375,236.91996749999998
2032-08-28,9.286424175e-05,299.1829675,92.50152375,3.703781575,185.8517175
2032-08-29,0.0002066317,299.26285,91.5301925,4.28535225,202.1451
2032-08-30,0.00038174226,298.6410575,94.35274325,2.99140115,140.8060725
2032-08-31,0.000114979166,299.206165,94.8396675,1.102900325,194.436815
2032-09-01,9.66602175e-05,300.17946,92.37330625,1.518501775,221.441405
2032-09-02,5.55834875e-06,300.54305750000003,85.475965,3.546388625,225.82739
2032-09-03,6.96006425e-06,300.1522725,86.44507250000001,3.53033325,213.0821175
2032-09-04,0.0,300.71522500000003,78.715986,3.656344925,250.882335
2032-09-05,0.0,300.8791625,75.590831,3.956417475,281.4333975
2032-09-06,0.0,300.69063,81.038491,3.346342575,245.76655749999998
2032-09-07,0.0,300.8678,80.70812649999999,2.952757975,245.5500575
2032-09-08,0.0,301.0406375,83.55928625,2.62912435,239.80283500000002
2032-09-09,0.0,301.1008825,77.157444,3.129717125,262.52083000000005
2032-09-10,0.0,301.5716475,72.9251785,3.377900625,275.39478499999996
2032-09-11,0.0,301.1728525,72.8606825,3.356668675,284.126045
2032-09-12,0.0,301.134295,72.33884875000001,3.134489425,276.43266
2032-09-13,0.0,301.2394625,73.15700475,2.66070865,280.35607
2032-09-14,0.0,301.18687,72.6188445,2.441618525,277.843485
2032-09-15,0.0,301.231565,71.697994,2.316784275,267.58239249999997
2032-09-16,0.0,301.3154225,70.39522649999999,2.210714725,280.6102075
2032-09-17,0.0,301.04901,73.89774750000001,2.2403654,249.438735
2032-09-18,0.0,300.86710500000004,76.6631325,2.1810725250000003,241.9182175
2032-09-19,0.0,301.1419825,74.33909,2.087683425,259.569215
2032-09-20,0.0,301.150055,71.14353125,2.236512725,260.6970525
2032-09-21,0.0,300.70491,77.32815125,1.8485631249999999,223.832995
2032-09-22,0.0,300.240425,83.2001945,2.2232999749999998,218.8490375
2032-09-23,0.0,300.0005125,88.777795,1.81063085,204.229345
2032-09-24,0.0,300.6478475,75.3228175,1.4798977999999998,279.909795
2032-09-25,0.0,301.679905,70.97037925,1.8411082250000002,270.0580425
2032-09-26,0.0,301.87197249999997,68.13586749999999,2.1354970250000003,255.6625325
2032-09-27,0.0,301.7152625,65.94804375,2.183587325,243.4866175
2032-09-28,0.0,300.49093500000004,82.170481,1.917433975,202.67137
2032-09-29,0.0,301.77673,64.37880325,2.090681125,278.5841475
2032-09-30,0.0,301.1473925,75.5062675,1.901755725,227.96391
2032-10-01,1.4769114075e-06,301.681825,69.91946275,1.2402423,259.5361925
2032-10-02,2.042738275e-07,301.3031675,74.49769,1.356572325,226.4239125
2032-10-03,0.0,300.59753,76.85215625000001,1.2364523,233.10798
2032-10-04,0.0,301.1275025,71.92543475,1.1276207500000002,254.56069250000002
2032-10-05,0.0,299.4597,79.9537375,1.6964106,217.39558
2032-10-06,0.0,300.420745,68.76112,1.408222325,247.89564000000001
2032-10-07,0.0,300.718565,65.50869125,1.527335725,254.85634
2032-10-08,0.0,300.079345,70.43705375,1.7520220499999999,250.24147
2032-10-09,0.0,299.8965975,71.4439825,1.900395325,240.40335249999998
2032-10-10,0.0,300.1230275,69.63869,1.850676475,257.17479000000003
2032-10-11,0.0,299.66439249999996,75.6813975,1.7916059,230.2404175
2032-10-12,7.27233175e-06,299.750665,76.17240225,2.19674105,237.82046
2032-10-13,0.0002636283175,298.45322999999996,88.55615,1.619763575,201.5327325
2032-10-14,0.0001175380675,298.6657375,87.5584725,1.627096375,202.035335
2032-10-15,1.683821975e-05,298.870505,82.70984375,2.080001175,209.46735999999999
2032-10-16,2.6452038675e-06,298.7749475,80.587554,2.2110419,208.92811
2032-10-17,1.629010525e-05,298.941185,82.4127175,1.432602525,216.2552025
2032-10-18,5.577782975e-06,300.09368,80.00743,1.557403175,230.0544375
2032-10-19,0.00010723584274999999,299.39276,83.59598875,1.686804125,204.86909500000002
2032-10-20,3.2057462500000003e-06,299.9754125,79.934945,1.58501455,212.91569
2032-10-21,7.37751275e-05,299.422365,82.27805125,1.4637241,214.79282
2032-10-22,4.28707065e-08,298.9564825,81.5514775,1.211332525,206.7413425
2032-10-23,0.0,299.6879825,69.2209735,1.069583575,233.6570875
2032-10-24,5.818299125e-06,299.890215,61.17051,1.070033225,239.0438075
2032-10-25,0.0,300.48669,63.855890499999994,1.338551625,193.53840250000002
2032-10-26,4.367459925e-08,299.9470675,65.803265,1.656678175,211.15584
2032-10-27,6.68019685e-10,300.2105475,67.2757475,1.736123775,220.4538625
2032-10-28,2.7697267499999998e-06,299.85356,67.83541124999999,1.18547265,213.0299525
2032-10-29,0.0,299.83803,59.4033295,0.9547178625,221.6941
2032-10-30,4.985844925e-07,299.56296,63.39485825,1.95294305,221.59402
2032-10-31,0.0,299.1200825,66.3893975,1.82825195,222.45524
2032-11-01,0.0,299.3648275,57.96470175,1.5617349999999999,233.98869
2032-11-02,0.0,298.4547275,57.61559375,1.205784425,217.9221825
2032-11-03,3.14270495e-06,298.253385,63.22333675,1.921163475,201.16712
2032-11-04,0.0,298.2819625,63.16250075,2.392430525,187.274095
2032-11-05,1.688500075e-07,298.10537999999997,53.881725,2.48714025,217.83088
2032-11-06,7.643175749999999e-07,297.9747,59.87923325,2.329877825,225.0994175
2032-11-07,8.68719425e-07,298.1341875,60.8118705,2.20118685,197.6564525
2032-11-08,0.0,298.25219749999997,57.3193395,2.28660335,222.13818750000002
2032-11-09,0.0,298.4331525,52.71684825,2.2787369,238.365115
2032-11-10,0.0,298.05395,53.320042,1.575700575,231.48198250000002
2032-11-11,0.0,297.83441,54.51229875,1.899642875,235.39603
2032-11-12,0.0,298.25601,54.88004975,2.129805425,223.87511999999998
2032-11-13,0.0,298.26947,55.77713575,2.0912574,214.56950999999998
2032-11-14,0.0,298.05517499999996,56.9859955,1.967215125,215.5162575
2032-11-15,0.0,298.320375,57.189693,1.8398867,211.2455425
2032-11-16,0.0,298.3354025,57.00712475,2.203240375,212.00816
2032-11-17,0.0,298.46739,63.056801,1.986847225,200.26599249999998
2032-11-18,0.0,298.459655,60.0360935,1.21301685,208.0361125
2032-11-19,0.0,298.6565275,52.89066725,1.8186004,220.9956575
2032-11-20,0.0,299.06739500000003,55.500840249999996,2.111963525,210.0567275
2032-11-21,0.0,298.94230500000003,53.76843575,2.971345725,211.2750775
2032-11-22,0.0,299.21094500000004,47.6769075,3.300323525,221.71296
2032-11-23,0.0,298.749595,49.59574675,2.4435987999999997,230.62797999999998
2032-11-24,9.21005625e-09,298.5823275,43.399648,2.40111375,242.64952499999998
2032-11-25,0.0,298.8271575,48.055066,1.895938375,238.3403825
2032-11-26,0.0,298.95877,48.673798,2.293033725,215.8041925
2032-11-27,0.0,296.8200375,67.67436000000001,2.696702925,166.50702
2032-11-28,0.0,297.344405,59.1819545,2.0984504,200.54735499999998
2032-11-29,0.0,297.6672875,52.50880525,1.8500175749999999,216.7184475
2032-11-30,0.0,297.5093525,44.0932075,1.576140875,221.354435
2032-12-01,0.0,297.4049125,42.9535935,1.3861552,221.176795
2032-12-02,0.0,297.92485750000003,46.448353,2.721219875,218.45246500000002
2032-12-03,0.0,298.2860525,47.79902275,2.579355425,213.0814175
2032-12-04,0.0,297.88252750000004,45.9171425,1.8188689999999998,222.75369999999998
2032-12-05,0.0,297.48062500000003,46.99835325,2.4559315,229.2272775
2032-12-06,0.0,297.858515,43.68496475,3.32710015,219.450775
2032-12-07,0.0,296.36346000000003,38.35499875,2.9169230500000003,205.974765
2032-12-08,0.0,295.8972325,36.733429,2.21169715,225.44232499999998
2032-12-09,0.0,295.642275,41.73190675,1.3040407,228.51599
2032-12-10,0.0,296.57556,42.10121825,1.92522565,225.09772750000002
2032-12-11,0.0,296.56353,34.89802875,3.3407819500000002,190.412035
2032-12-12,0.0,294.0847625,28.94960575,3.37389685,235.360735
2032-12-13,0.0,293.63942,32.411084,2.11362615,224.062755
2032-12-14,0.0,294.8030825,36.57279525,1.761519375,232.329755
2032-12-15,0.0,295.45708,50.6316615,2.5273706,192.2556025
2032-12-16,0.0,295.44489999999996,78.3828175,2.4476369499999997,123.108829
2032-12-17,0.0,295.989795,68.03058625,2.0613691750000003,178.3896925
2032-12-18,0.0,296.098745,64.47892525,2.6165765,181.5687225
2032-12-19,0.0,295.0224275,53.21941525,2.602386075,182.1134725
2032-12-20,0.0,296.09915,40.968467000000004,2.5522467,230.0645075
2032-12-21,0.0,295.8027825,36.177246249999996,2.874401875,226.32242
2032-12-22,0.0,294.1073925,30.88115575,3.082959775,211.1862875
2032-12-23,0.0,293.9058575,26.569798499999997,3.357037325,237.31889
2032-12-24,0.0,293.66279,31.231754249999998,3.04036475,224.2888375
2032-12-25,0.0,293.7090375,46.214551,3.2991228,160.4232825
2032-12-26,0.0,293.9227925,41.29070375,3.226653825,212.0874
2032-12-27,0.0,294.19948,36.68460925,2.647907275,240.9365725
2032-12-28,0.0,294.339665,35.31628225,2.39880335,243.0931075
2032-12-29,0.0,294.694345,38.61391175,2.2180012,239.2811825
2032-12-30,0.0,295.1629825,45.765038499999996,2.241291,241.82277499999998
2032-12-31,0.0,296.5409225,48.34551525,2.334199125,237.02518750000002
2033-01-01,0.0,296.973595,49.40732575,2.168254925,227.6465775
2033-01-02,0.0,297.5554525,47.9005195,2.1878449250000003,222.90429999999998
2033-01-03,0.0,297.5561775,43.7631795,2.135793225,229.2480275
2033-01-04,0.0,297.676895,43.08614,2.371944325,237.845925
2033-01-05,0.0,297.92421,44.026449,2.652080125,232.9162875
2033-01-06,0.0,298.1512575,43.8716335,2.633381275,233.949885
2033-01-07,0.0,298.30467250000004,41.9468975,3.7499309,223.7206325
2033-01-08,0.0,298.3442425,44.531026499999996,2.953386475,231.43944249999998
2033-01-09,0.0,298.0611725,46.30168775,3.05172115,217.04516999999998
2033-01-10,0.0,298.291605,47.147760250000005,3.0273036,199.53857250000001
2033-01-11,0.0,295.6731625,61.19765875,2.614387625,166.279375
2033-01-12,0.0,296.0307975,57.43547475,2.231406675,196.7349475
2033-01-13,0.0,296.0726975,54.12787425,3.0804322749999997,183.45700499999998
2033-01-14,0.0,297.0000175,49.15433825,3.1887108,192.7574725
2033-01-15,0.0,297.1540275,44.425338249999996,2.9969473,200.74904750000002
2033-01-16,0.0,296.2553225,41.3120685,2.463428425,208.23615999999998
2033-01-17,0.0,296.2277375,40.514897,2.0650328499999997,233.6076825
2033-01-18,0.0,296.6464425,41.634263,2.561318475,228.29789749999998
2033-01-19,0.0,297.770095,41.95635525,2.754752775,221.671875
2033-01-20,0.0,294.608885,61.428518000000004,2.549731725,135.2909275
2033-01-21,0.0,291.979225,71.788386,3.2191998,106.05873375
2033-01-22,0.0,295.3901,63.47773300000001,3.170862525,178.419895
2033-01-23,0.0,295.296395,65.97221049999999,3.09641255,175.10023999999999
2033-01-24,0.0,297.292075,55.80425875,2.2918629,200.04744
2033-01-25,0.0,297.45935,53.13278575,2.448947475,224.52391
2033-01-26,0.0,296.8603225,52.3987595,2.1715910750000003,210.6508225
2033-01-27,0.0,298.4829275,47.11693675,3.0832153,223.4947575
2033-01-28,0.0,297.9039,49.7969055,4.227660325,223.1407075
2033-01-29,0.0,298.68248500000004,52.35964275,3.032469125,207.81535
2033-01-30,0.0,297.11741,57.95078475,2.330613,188.4779375
2033-01-31,0.0,299.34493,46.6543915,2.245767125,241.2691175
2033-02-01,0.0,297.29965,55.3648915,2.776091625,186.6079125
2033-02-02,0.0,299.12116249999997,47.0847545,2.83234795,221.7514375
2033-02-03,0.0,296.99724000000003,49.464789249999995,2.0544503,192.8309125
2033-02-04,0.0,298.405285,40.871004,2.189738825,239.3259425
2033-02-05,0.0,298.91774,39.671608750000004,1.937186975,229.5293825
2033-02-06,0.0,299.486225,38.299454499999996,2.32251695,219.7614125
2033-02-07,0.0,298.115955,44.47723475,2.1159065,203.2765925
2033-02-08,0.0,298.8114625,40.212573,2.1642009250000003,234.8508675
2033-02-09,0.0,298.99485000000004,43.52800175,2.6977588,229.779295
2033-02-10,0.0,299.56186,40.53133,2.9564444,226.3067725
2033-02-11,0.0,299.3023475,41.33794775,3.20598465,236.057985
2033-02-12,0.0,298.64111249999996,43.7210285,2.86448885,213.80234000000002
2033-02-13,0.0,299.08808750000003,37.90710875,2.735736375,239.44054
2033-02-14,0.0,299.6284925,40.05918,2.308331575,224.610255
2033-02-15,0.0,299.788475,39.76490475,1.530865,226.6105875
2033-02-16,0.0,299.639185,36.09187325,1.350513525,223.570065
2033-02-17,0.0,299.6831925,32.396459,1.699021475,237.695915
2033-02-18,0.0,299.7291575,30.59284625,2.6384481749999997,250.3181725
2033-02-19,0.0,299.8785325,31.03229125,2.2132729749999998,229.38895
2033-02-20,0.0,299.664985,29.1603655,1.798049525,272.96709250000004
2033-02-21,0.0,299.37016,27.23548275,1.864676775,284.3387475
2033-02-22,0.0,299.543695,28.672708,1.885229325,272.551565
2033-02-23,0.0,300.251755,28.27334325,2.373854025,259.8834775
2033-02-24,0.0,300.78967,27.42049975,2.64224975,242.9085375
2033-02-25,0.0,301.21465,27.2293575,2.71098415,236.8708525
2033-02-26,0.0,301.3979325,28.07217875,2.754007375,231.44991
2033-02-27,0.0,301.272475,27.98529825,3.467896725,251.03716
2033-02-28,2.57085815e-11,301.4298075,30.197754,3.3137848500000002,236.24072999999999
2033-03-01,7.65801175e-08,302.3651625,31.164833,3.68324005,239.8771725
2033-03-02,0.0,301.708165,26.72617675,3.126596625,283.9101125
2033-03-03,0.0,301.4601775,27.843125999999998,1.912364025,262.096855
2033-03-04,0.0,302.1925625,29.9586095,3.1275535750000003,249.12618750000001
2033-03-05,0.0,303.1252925,27.438701000000002,2.980966375,268.8756075
2033-03-06,0.0,302.95182,24.8917035,3.4133598750000003,306.1719975
2033-03-07,0.0,302.476035,24.088528750000002,3.787679,314.1624575
2033-03-08,0.0,302.03406,24.580023750000002,1.974673675,311.6348975
2033-03-09,0.0,303.37558,29.208106,2.100489975,250.81562000000002
2033-03-10,0.0,303.2957625,26.71952375,1.857083875,295.7053375
2033-03-11,0.0,302.9495875,21.4810895,3.00227485,318.39959999999996
2033-03-12,0.0,301.866585,20.529081,2.539792925,312.472755
2033-03-13,0.0,301.01961500000004,21.08877475,1.60530535,326.873455
2033-03-14,0.0,302.1824825,25.67044925,2.0886771,302.3663125
2033-03-15,0.0,303.450865,24.42591825,1.50152095,304.5034425
2033-03-16,0.0,303.04205,23.82035425,1.5863240250000001,305.821535
2033-03-17,0.0,303.826265,23.6448015,2.345050475,285.7865875
2033-03-18,4.08948365e-05,303.82086000000004,32.962128,2.72636095,228.17636
2033-03-19,8.669598550000001e-06,300.82029,51.90783125,1.742442575,186.83904
2033-03-20,7.414901e-06,300.36758249999997,54.87853725,2.5181643,203.304135
2033-03-21,0.0,303.1033975,34.7849,2.41447395,303.6771375
2033-03-22,2.16332505e-07,303.6556825,31.43902475,2.85725455,307.696855
2033-03-23,5.08506585e-05,302.9255825,41.40347525,3.315778925,254.26461999999998
2033-03-24,8.37331675e-06,301.4309675,51.78519025,2.912515925,230.841625
2033-03-25,8.364191475e-06,301.721235,49.47104325,1.615036175,238.25523
2033-03-26,0.0,303.051805,38.10751675,1.927173325,277.1834875
2033-03-27,0.0,303.760315,30.80651275,1.721011025,299.901505
2033-03-28,0.0,303.58189749999997,30.1666205,1.5334075,245.01815499999998
2033-03-29,1.8786515000000002e-08,304.22026,26.829876,1.432094725,267.9240125
2033-03-30,2.542894275e-09,304.4009175,26.836693,1.31230925,256.95732
2033-03-31,0.0,304.387085,24.6987005,1.02641344,277.8326975
2033-04-01,0.0,303.64608,22.900844,1.4707074,283.0351175
2033-04-02,0.0,303.1729075,21.425821,1.4920526,307.72930499999995
2033-04-03,0.0,303.21225,21.27145275,1.4784459,318.738545
2033-04-04,0.0,304.287885,22.885576999999998,2.379547675,283.3677175
2033-04-05,0.0,302.21873,30.7384125,2.2657163750000002,201.4803425
2033-04-06,0.0,304.061945,26.11099575,2.0713637499999997,300.057015
2033-04-07,5.94073955e-08,304.494615,27.16768275,1.865834075,288.5049225
2033-04-08,0.0,304.176575,23.939818250000002,1.970899475,317.4074
2033-04-09,0.0,304.8039875,23.568329249999998,2.20850905,327.9435425
2033-04-10,0.0,304.25869,23.46151275,2.0500292,319.0873375
2033-04-11,0.0,304.731125,21.968685,2.126138225,296.9724425
2033-04-12,0.0,304.8763225,25.434272749999998,2.010225025,240.7536
2033-04-13,0.0,305.61085249999996,22.1972005,2.688442625,278.472795
2033-04-14,0.0,306.050065,21.0057325,2.3430728,306.55959
2033-04-15,0.0,306.43338,20.6788255,1.8621213,303.39691750000003
2033-04-16,1.274930675e-07,305.959865,21.71591175,1.740224925,262.140535
2033-04-17,1.0720397125e-06,304.991375,23.86446775,3.052576225,285.2805925
2033-04-18,2.829541125e-06,304.8745625,26.393562,1.556099875,230.0672575
2033-04-19,9.7697225e-08,305.28583000000003,27.00013675,2.04069825,298.59065499999997
2033-04-20,0.0,305.51868,26.0728875,2.84643275,327.14006
2033-04-21,0.0,305.7729875,24.79693025,3.110718475,314.16553
2033-04-22,2.0242471499999999e-07,305.8235925,22.52012625,2.143167825,312.542695
2033-04-23,2.177430275e-08,305.9673775,22.223052,1.5776498,287.30519749999996
2033-04-24,4.4162017075e-07,303.93855,30.169448250000002,1.667862375,220.310115
2033-04-25,0.0,305.48973,25.999289,1.578489525,285.1921125
2033-04-26,0.0,305.919125,23.34007675,1.8846823750000001,313.893575
2033-04-27,1.23334745e-07,305.7579875,25.060371500000002,2.5558474,310.654035
2033-04-28,7.216692225e-06,305.6952725,30.632872,2.695085075,282.4213175
2033-04-29,1.327230875e-05,300.639455,55.4189365,1.489160925,191.029255
2033-04-30,0.0,304.871155,34.284150249999996,1.946274075,285.3813975
2033-05-01,0.0,305.71065,27.64056375,2.7057003,335.6129475
2033-05-02,0.0,306.0712725,25.34759925,2.7575941999999998,343.6665125
2033-05-03,0.0,306.26721249999997,25.11827425,2.7674604,329.37493
2033-05-04,0.0,306.46659999999997,23.320628,2.36343475,326.174405
2033-05-05,0.0,306.7535275,22.75988975,1.715076125,302.1106275
2033-05-06,0.0,306.0295775,21.5222075,1.59926715,319.2743275
2033-05-07,0.0,307.53861,22.41343325,1.53059735,272.44509999999997
2033-05-08,3.466256375e-06,307.338995,27.36096275,1.8621347750000001,226.53795250000002
2033-05-09,3.6502721e-06,307.8144425,25.125180750000002,2.20432425,296.0687875
2033-05-10,8.054336675e-06,307.7433125,26.394338,2.0400006,273.2828175
2033-05-11,1.60986995e-05,307.69995,27.12193675,2.0868209,284.39162999999996
2033-05-12,7.88260745e-06,307.36484,28.780029,2.1127494,285.36834999999996
2033-05-13,1.643989795e-06,306.838935,29.794601,1.87766645,269.394695
2033-05-14,6.638993225e-06,306.8613175,28.69692675,1.8418611999999999,306.2073675
2033-05-15,7.654002075000001e-07,306.878415,30.24220425,1.3524985250000001,265.87796000000003
2033-05-16,1.1616325875e-08,306.952785,28.7432845,2.0289583749999998,298.78267
2033-05-17,0.0,306.8888725,25.275298499999998,1.83990765,324.32133250000004
2033-05-18,1.174576925e-07,307.487305,22.576640249999997,1.67461495,320.0559375
2033-05-19,3.58906589e-07,305.541575,37.808842999999996,1.97621005,212.3236725
2033-05-20,0.0,307.42269,28.06501875,1.534312825,294.424315
2033-05-21,3.96492575e-07,308.40907500000003,25.73845975,1.2848921500000001,307.9586625
2033-05-22,5.06669285e-07,308.61944,27.59070475,1.612439825,280.5974825
2033-05-23,6.6409651000000005e-06,308.41163,28.612197000000002,1.713945375,282.4181075
2033-05-24,2.6464515249999997e-05,306.310345,46.5937115,2.29194265,242.0468075
2033-05-25,0.0,307.8377075,28.620641499999998,3.682072175,326.3921825
2033-05-26,0.0,307.741715,27.14351075,4.1654722500000005,280.6843175
2033-05-27,0.0,308.168885,23.81060275,4.0386076,346.0492625
2033-05-28,0.0,308.56645000000003,23.510897749999998,3.4406368,331.6643075
2033-05-29,0.0,308.489495,26.073276,3.05894425,277.935445
2033-05-30,0.0,308.11374,25.138643000000002,3.272449325,273.5594925
2033-05-31,2.37648765e-08,308.846435,23.8185775,3.784705275,302.7662
2033-06-01,0.0,308.2337725,22.3666685,3.70325445,290.1785275
2033-06-02,6.219168e-08,308.44732750000003,21.96603275,3.4351887999999997,305.9297775
2033-06-03,0.0,307.4308,26.948399000000002,4.010479875,260.90696249999996
2033-06-04,0.0,308.215715,26.52592925,4.338067475,281.16236
2033-06-05,0.0,304.566265,33.79811725,3.36952105,230.23104
2033-06-06,1.915787725e-07,301.2558325,57.78243875,4.44686905,207.4240925
2033-06-07,0.0,302.02025249999997,58.364751749999996,4.7090574499999995,243.7637375
2033-06-08,0.0,306.40182749999997,34.27271175,4.5667787,309.69007750000003
2033-06-09,0.0,307.808385,26.58922325,4.4054327,318.49789
2033-06-10,0.0,308.62244499999997,26.1719345,4.387151825,305.8593625
2033-06-11,0.0,308.1950525,28.395525749999997,4.1095436,281.3542625
2033-06-12,0.0,308.576195,24.433107749999998,4.031120125,327.09128250000003
2033-06-13,0.0,309.7054175,25.30371275,3.5894807749999997,312.800285
2033-06-14,7.57157775e-05,307.476545,36.69551175,3.69405895,278.549245
2033-06-15,4.4330172e-07,307.3352375,41.902297000000004,4.303461025,307.116035
2033-06-16,0.0,304.22709499999996,43.658968,4.2898679,246.64836000000003
2033-06-17,1.0016408425e-05,304.0154925,47.32679925,3.9472565,233.1141125
2033-06-18,0.0,308.0504175,34.026211,4.5733044750000005,305.3943975
2033-06-19,0.0,308.086285,32.51957425,4.677122775,316.985955
2033-06-20,0.0,308.2538,32.42748525,4.30175675,308.0653525
2033-06-21,0.0,308.71728,30.069002,4.220694175,324.71559
2033-06-22,0.0,308.73699,34.0066245,4.0821542,300.7158125
2033-06-23,1.4025064e-07,307.46388,36.14479575,3.628557775,302.9286175
2033-06-24,4.0509751249999997e-07,308.2644725,37.23661,3.9435403,300.43372250000004
2033-06-25,0.00010666269625,306.5535,49.63178775,3.29350115,279.847665
2033-06-26,2.93891705e-05,303.3240975,60.74564225,3.422415625,241.2670325
2033-06-27,1.308127245e-06,304.3706025,52.898067499999996,3.087588625,274.2422
2033-06-28,1.81750305e-05,303.4691175,57.529513,2.9664436,256.70628
2033-06-29,4.7957015e-06,302.5852975,60.68289525,2.744792725,231.48608
2033-06-30,2.902362225e-06,303.0857925,60.31466975,2.86739995,258.08340250000003
2033-07-01,1.92338005e-06,304.089055,57.38078175,3.330804,257.23215500000003
2033-07-02,1.412122525e-05,304.16634999999997,57.765198,3.44730445,274.0651025
2033-07-03,9.2014885e-05,303.1232275,63.66257825,2.852190925,260.07833
2033-07-04,1.944555675e-05,303.64753,60.46345725,3.0351882,295.78729250000004
2033-07-05,2.786997475e-06,303.4959925,58.89177975,3.41613945,276.5049075
2033-07-06,0.0,302.8718125,63.79958075,3.7840914000000003,253.48639
2033-07-07,8.513774749999999e-07,302.29427499999997,69.760531,3.8659972,232.49059
2033-07-08,1.11675375e-05,301.9320775,69.9948375,3.5767514,227.844255
2033-07-09,0.0,300.803255,77.00184,3.8431590250000003,210.2991275
2033-07-10,0.0,302.6344625,65.13257775,4.130574225,284.74672250000003
2033-07-11,0.0,303.0423475,61.89327875,4.118676925,297.2499725
2033-07-12,0.0,303.3289,63.4766155,3.6684974500000003,278.97197
2033-07-13,0.0,303.71121,60.850178,3.9464873000000003,278.4731425
2033-07-14,3.604781025e-06,303.70022,62.386210250000005,4.592295325,266.88982250000004
2033-07-15,0.0001209554235,301.7721775,76.73184,3.852446975,224.91185000000002
2033-07-16,1.4347427975e-06,301.3653525,76.4082025,3.5922426499999998,240.21137249999998
2033-07-17,0.0,302.62935749999997,66.727835,4.603455275,277.226165
2033-07-18,1.5017277e-05,302.70887749999997,67.350254,4.257840925,254.60941000000003
2033-07-19,0.0,302.624435,69.76267475,4.188940225,256.02873
2033-07-20,3.0086665e-06,302.58699,69.18329125,4.3565166,265.691235
2033-07-21,7.860960875e-05,302.3406625,72.34252649999999,4.3709726,244.9443875
2033-07-22,0.0001094126215,300.2151175,86.63157125000001,3.928263425,205.2428825
2033-07-23,0.000173371635,299.6917575,90.9618225,2.891003075,184.9910975
2033-07-24,3.8485273e-06,299.8955575,87.7442985,3.2536395750000002,212.4037525
2033-07-25,0.0002134547775,299.9936675,89.1284275,3.478141775,206.2425475
2033-07-26,5.290107325e-05,299.65127,91.5864375,3.2709067000000003,181.8061075
2033-07-27,8.962860999999999e-05,299.63788750000003,90.351071,3.5098373,199.2567525
2033-07-28,0.00014507462750000001,299.6132875,91.812266,3.516621125,181.673945
2033-07-29,0.0003782392675,299.4884475,92.728485,3.5532647,175.2645675
2033-07-30,0.0002093949075,299.44300499999997,92.0189735,3.5896936000000004,192.65395
2033-07-31,6.654706325e-06,299.63208499999996,89.9480825,3.844829,208.137425
2033-08-01,0.0,299.9899475,86.515925,3.845810375,229.4611425
2033-08-02,4.302728175e-07,300.0147275,83.5203015,4.099644825,224.14378
2033-08-03,9.33186975e-07,300.1472125,81.5508925,3.9677661,239.63112
2033-08-04,5.7357336749999996e-05,299.20921250000004,91.4876325,3.3383456,186.9458425
2033-08-05,0.0003564577975,299.07640000000004,92.79479025,4.06280815,177.6252775
2033-08-06,0.00026846339749999996,299.1020575,93.21709625,3.9322811,155.43254000000002
2033-08-07,5.2018623025e-06,299.23861,90.57923875,3.58795935,208.5056175
2033-08-08,0.000275986665,299.1096125,91.41796375,3.766332325,201.7794675
2033-08-09,0.0001181837335,299.07102,92.55115375,3.894988125,175.5124525
2033-08-10,0.000154796495,299.21824000000004,91.853844,3.202973,199.028265
2033-08-11,9.42256925e-08,299.3377375,89.8358635,3.2303526,211.0095375
2033-08-12,7.125367500000001e-07,299.4692725,89.787095,2.97167015,219.4969425
2033-08-13,3.053801775e-07,299.384735,90.48141749999999,2.3714334,220.361855
2033-08-14,0.00038897206499999997,299.63624,91.5169935,1.4491629750000001,220.879215
2033-08-15,0.000202440845,299.289365,95.8363015,1.695611275,192.9212025
2033-08-16,2.222147275e-06,299.7314625,89.9365935,1.986546475,230.7515875
2033-08-17,0.00011357032125,299.8963875,90.35904375,2.037853625,235.61654
2033-08-18,5.6627983e-05,299.8603525,90.06453400000001,1.7856497999999998,229.8028825
2033-08-19,0.0,300.37925,87.3224225,2.3748158249999998,244.9212525
2033-08-20,0.0,300.613435,85.6621485,2.765790925,248.24483750000002
2033-08-21,7.77318935e-06,299.93231249999997,87.9611685,2.8047421,234.0463025
2033-08-22,0.0,299.6179275,88.2974175,2.976892075,214.249505
2033-08-23,0.0,300.8384325,80.93628749999999,2.9941570250000002,282.73786
2033-08-24,0.0,301.0024175,83.24993,2.29099555,241.23799
2033-08-25,8.842776250000001e-07,301.184845,81.60465500000001,2.32488265,259.96691500000003
2033-08-26,0.0,300.626095,85.0483,2.178520075,243.8460025
2033-08-27,0.0,301.158705,81.67312625,1.797349825,270.505355
2033-08-28,0.0,301.24744250000003,81.33177225,1.625125975,265.99661249999997
2033-08-29,0.0,302.22603000000004,76.03643875,2.2628898250000002,291.26665
2033-08-30,0.0,301.429725,77.67194525,2.442893475,257.80097
2033-08-31,0.0,301.77375,74.45636525,2.848903675,275.9303425
2033-09-01,0.0,302.0526,72.86311524999999,2.686325975,284.77292750000004
2033-09-02,0.0,302.53186,73.8868975,2.2653808,286.21265
2033-09-03,0.0,302.9915675,72.003908,2.328256725,293.46925250000004
2033-09-04,0.0,303.10697,70.0622825,2.5018485999999998,294.84527
2033-09-05,0.0,303.58493250000004,68.3232115,2.0953862,281.4173175
2033-09-06,0.0,302.52283,71.475855,1.554636475,282.136375
2033-09-07,2.879971475e-06,302.62475,74.801155,2.20438915,264.00975
2033-09-08,0.0,303.2532175,72.13393625,2.755474225,273.2685625
2033-09-09,0.0,303.1572525,67.20233375000001,3.1513003,276.87354
2033-09-10,0.0,302.17968,66.36089375,3.38786215,253.820325
2033-09-11,0.0,302.43504,61.861619000000005,4.0213493499999995,258.89049
2033-09-12,1.48690585e-05,300.7830325,75.773865,4.177943625,230.1668525
2033-09-13,0.0004977046925,299.798965,91.75324499999999,3.545269425,193.17838
2033-09-14,0.0006321532299999999,299.6428975,94.227614,3.357234575,138.5112025
2033-09-15,1.5857617000000002e-05,299.5972625,93.172026,2.639647675,182.6404625
2033-09-16,2.909544075e-05,300.1354075,89.00151,2.3087707,224.12678499999998
2033-09-17,0.0,300.632305,77.592285,2.7031442500000002,269.0130325
2033-09-18,2.535331315e-06,300.4750425,80.0431275,2.919378,254.3924375
2033-09-19,0.0,300.2052575,82.27055725,2.8884695,229.4425675
2033-09-20,1.572743215e-05,300.405215,80.3647885,3.16809545,247.96245499999998
2033-09-21,2.7536076625e-05,300.209525,83.519239,2.9446434249999998,231.46615
2033-09-22,6.1404357e-05,300.0236675,86.9307805,2.5401520250000003,217.2477
2033-09-23,1.4454194e-07,300.3232975,83.1685825,2.82969265,239.819985
2033-09-24,0.0,300.205765,86.13871625,2.302835575,227.014965
2033-09-25,0.0,300.19854250000003,88.0651235,1.80147805,217.642875
2033-09-26,0.0003414787725,299.75095250000004,92.68336525000001,1.3617125749999999,195.6000675
2033-09-27,0.0003203066525,299.6139075,94.961685,1.36582265,189.3474075
2033-09-28,0.00014174346500000001,299.78722,90.7590525,1.429765325,210.7656625
2033-09-29,0.00020727300499999999,299.621495,91.06398250000001,1.668760375,214.040885
2033-09-30,0.0001155878485,299.6800825,89.7947125,1.5415832,221.934925
2033-10-01,1.603905e-06,299.16568,87.13028249999999,1.49167035,226.127945
2033-10-02,0.0,299.70171500000004,83.639845,1.425539075,238.1434875
2033-10-03,4.0456059e-05,299.5696525,85.30746025,2.0960100500000003,223.22023000000002
2033-10-04,1.4381169125000002e-05,300.164765,82.12159750000001,2.22859955,235.420945
2033-10-05,0.0,300.9004425,77.545154,2.15250495,237.68189
2033-10-06,0.0,301.6528675,72.7864165,1.6882162,254.471195
2033-10-07,7.80651375e-07,301.066555,80.4527225,1.7199689,237.85763250000002
2033-10-08,0.0,299.4065825,84.34564,1.37094075,223.32206250000002
2033-10-09,0.0,300.4678075,76.7349175,1.070797875,234.128335
2033-10-10,5.411663825e-07,300.45752749999997,76.37402825,1.260986225,226.462245
2033-10-11,0.0,301.5871075,72.19869,1.383302325,234.5387275
2033-10-12,3.293650975e-05,300.2314325,76.476261,1.1012796,215.84525
2033-10-13,0.0,299.83902,76.320116,1.0885177499999998,218.299545
2033-10-14,0.0,300.30823,72.52671125,1.7606353750000001,221.61132
2033-10-15,0.0,298.51431,80.763696,1.75377765,201.86111
2033-10-16,1.233243375e-07,299.66213500000003,76.01906125,1.1332974,214.55588
2033-10-17,0.0,299.799,80.88272625,1.2918560499999998,211.0516125
2033-10-18,0.0,298.7949925,84.58573475,0.8962053325,194.54739
2033-10-19,0.0,299.9976875,79.25269875,0.8906593425,206.8457175
2033-10-20,0.0,301.2863075,66.8926525,1.446116475,230.27411999999998
2033-10-21,0.0,301.35074,63.116724500000004,2.053662725,230.362925
2033-10-22,6.74501325e-08,301.3917375,63.993795999999996,2.1512332,226.8334
2033-10-23,8.750385e-06,300.6553,62.838303749999994,2.193367175,218.4472025
2033-10-24,0.0,299.662195,67.164604,1.630496125,206.2208075
2033-10-25,0.0,300.578745,62.10283725,1.606121525,226.678425
2033-10-26,0.0,301.2395725,58.478731499999995,1.52865315,219.159245
2033-10-27,0.0,301.375185,57.8320965,1.0892709250000001,230.697735
2033-10-28,0.0,301.52852,50.68933525,1.680066075,226.570435
2033-10-29,0.0,299.5772125,53.38680825,1.9038301249999998,190.98230999999998
2033-10-30,0.0,299.29152,44.13538975,2.8249967,210.9601975
2033-10-31,0.0,300.1787475,40.114613,3.60941265,256.2185725
2033-11-01,0.0,299.6872875,39.3958645,3.5069639749999997,248.617775
2033-11-02,0.0,299.0291725,40.71496125,3.2123228,249.0905875
2033-11-03,1.55555679e-06,299.063015,41.53336075,1.7980750250000002,240.23368
2033-11-04,0.0,298.54961249999997,55.733669500000005,1.3425098,216.72583
2033-11-05,0.0,298.38804749999997,72.33367975,1.370594975,196.94887
2033-11-06,0.0,299.1649,49.91406375,1.7084158249999999,223.21652
2033-11-07,0.0,298.45039499999996,37.113337,2.1818135,228.7802675
2033-11-08,0.0,297.50796,30.81663575,2.3162175,246.90645
2033-11-09,0.0,297.13068,31.3693005,1.3290279,251.110075
2033-11-10,0.0,297.17003250000005,31.569335,1.2635117500000002,252.24007999999998
2033-11-11,0.0,297.4315325,40.38265,1.70089235,244.81579
2033-11-12,0.0,298.028675,37.78642025,1.322778475,239.2014675
2033-11-13,0.0,297.78679,35.35506925,1.38308735,239.41988
2033-11-14,0.0,297.7846975,39.6474405,2.147035475,236.167495
2033-11-15,0.0,298.433255,41.84433475,2.345282825,232.014775
2033-11-16,0.0,298.2588275,42.21612525,2.6719511000000002,230.90436
2033-11-17,0.0,297.9219775,42.177057500000004,2.52180645,234.56174249999998
2033-11-18,0.0,297.6545575,47.10288575,2.2885632,237.3164825
2033-11-19,0.0,297.9844175,44.119859749999996,2.32157885,241.4522275
2033-11-20,0.0,297.7347725,39.08729375,2.243526075,236.93590749999998
2033-11-21,0.0,297.5439525,41.2072745,2.528719725,208.3139775
2033-11-22,0.0,297.6204775,39.0677385,2.373701275,224.3160525
2033-11-23,0.0,297.6361825,41.47185775,2.57652595,227.89543
2033-11-24,1.8952437e-06,298.1651,53.4576925,2.303018325,213.1406375
2033-11-25,1.47404485e-06,297.933535,61.1950485,2.163540575,204.75127
2033-11-26,0.0,297.9302475,57.152345249999996,2.5258333,211.1363925
2033-11-27,0.0,298.4192925,50.016843,2.2169241250000002,225.30280249999998
2033-11-28,0.0,299.0335675,46.51177875,1.9760813499999998,220.3345175
2033-11-29,0.0,299.95000500000003,40.271639,2.4181419,224.75359
2033-11-30,0.0,297.4329125,41.68872975,2.519669975,186.37651499999998
2033-12-01,0.0,296.71664,26.9582865,2.9710845,232.096765
2033-12-02,0.0,295.88337,23.9968625,2.689770525,244.5179575
2033-12-03,0.0,295.4867175,24.7578135,2.275900675,241.9989825
2033-12-04,0.0,295.26282249999997,26.160421749999998,1.564344025,240.0210625
2033-12-05,0.0,295.2043675,25.9407145,1.3154626249999999,238.91275249999998
2033-12-06,0.0,295.621065,25.0748725,1.6443615999999999,237.2818075
2033-12-07,0.0,295.7011425,24.7238075,2.382826425,233.7094075
2033-12-08,0.0,295.585155,23.786242,2.4670447,236.6996675
2033-12-09,0.0,294.76239,23.66260925,1.6263172,241.5131475
2033-12-10,0.0,294.9431875,25.08510275,1.6748823750000001,237.9021175
2033-12-11,0.0,295.5039275,27.6418795,1.843064525,238.010865
2033-12-12,0.0,296.92279,31.6296055,1.994985025,231.931555
2033-12-13,0.0,297.21450500000003,26.87197875,1.93635165,239.1906625
2033-12-14,0.0,296.763325,26.21830575,1.3558995249999999,240.12269750000002
2033-12-15,0.0,297.3486875,33.57304925,1.7150078,233.68928
2033-12-16,0.0,297.4086575,40.95152025,2.1963802,225.6204075
2033-12-17,0.0,298.402405,40.75807075,1.984512,214.4367075
2033-12-18,0.0,298.555815,36.44760725,1.633950425,223.4487725
2033-12-19,0.0,298.01833999999997,34.8165815,2.201925825,226.05985
2033-12-20,0.0,297.7028425,35.02843475,2.5668064,222.6317975
2033-12-21,0.0,296.8735025,32.265818,2.513781625,220.98411000000002
2033-12-22,0.0,296.99462,35.5055575,1.8790388999999998,229.27786
2033-12-23,0.0,297.77114,33.23591275,2.462245625,229.4478525
2033-12-24,0.0,298.02329,31.6327675,3.111287075,222.940685
2033-12-25,0.0,297.6464025,28.1178785,3.051814025,245.18431
2033-12-26,0.0,297.020085,27.37251725,1.907711175,243.3875075
2033-12-27,0.0,296.88192749999996,38.42995375,2.40887775,205.7901325
2033-12-28,0.0,297.77751,44.852459,1.887578375,189.90731
2033-12-29,0.0,297.1080225,54.58480075,1.961071575,180.10144
2033-12-30,0.0,297.83664,47.379846,2.849439725,217.73809
2033-12-31,0.0,298.10533,42.59249575,2.74734265,223.0214325
2034-01-01,0.0,297.78481750000003,43.3330555,2.57292325,212.70773
2034-01-02,0.0,296.8209625,44.0553705,2.0706029999999997,184.982375
2034-01-03,0.0,296.8621025,37.2274885,2.438704325,223.8948675
2034-01-04,0.0,297.0629575,34.9436445,1.919389525,226.3021125
2034-01-05,0.0,297.01534749999996,31.5209035,1.415539825,228.8850875
2034-01-06,0.0,296.90644,32.777337,2.51095145,227.7123125
2034-01-07,0.0,297.0480675,31.572412999999997,2.281647925,218.336325
2034-01-08,0.0,297.03727000000003,33.020735,1.6518562,242.3729475
2034-01-09,0.0,298.222535,36.94913975,1.433045825,232.860785
2034-01-10,0.0,298.88665000000003,40.22913825,1.902396575,226.229705
2034-01-11,0.0,299.277785,40.9187955,2.85648905,220.12249
2034-01-12,0.0,299.0680575,40.36743125,3.958006925,218.0678175
2034-01-13,0.0,298.7564575,41.808293,3.4703259,217.0503475
2034-01-14,0.0,299.0917525,38.79917575,2.513061275,231.75946
2034-01-15,0.0,299.771785,38.75073825,3.015012125,227.989205
2034-01-16,0.0,297.280625,48.14393175,3.10999165,168.1069025
2034-01-17,0.0,296.5667825,60.07370925,2.549620975,191.7929575
2034-01-18,0.0,296.07356,62.518381,3.121489,166.87108
2034-01-19,0.0,295.150915,68.61806375,3.785932425,166.2351675
2034-01-20,0.0,295.92152,61.3449975,3.0261386999999997,185.9545025
2034-01-21,0.0,297.6361475,49.99332225,2.490124625,206.885855
2034-01-22,0.0,297.6339425,42.927319999999995,2.748611575,233.5081975
2034-01-23,0.0,296.34314,32.286409,2.8238906999999998,247.54258
2034-01-24,0.0,295.7208975,28.49193025,2.841428725,258.34981
2034-01-25,0.0,295.01039,28.08664825,2.7348296999999997,265.0521625
2034-01-26,0.0,295.595,36.42464675,1.960247425,259.420185
2034-01-27,0.0,297.42187,37.71710825,1.3582677749999998,247.9470875
2034-01-28,0.0,298.4615825,37.76211,2.904980225,236.5411825
2034-01-29,0.0,297.559685,43.683783,3.34582245,194.5905475
2034-01-30,0.0,298.9501675,39.65193925,2.782114,242.1904775
2034-01-31,0.0,299.19001000000003,40.785698,2.464447475,222.0841125
2034-02-01,0.0,296.0673125,51.2396255,3.0933698,174.983855
2034-02-02,0.0,297.96842,47.4108255,1.9283612749999999,222.80684
2034-02-03,0.0,299.0794675,41.05389275,2.9351809749999997,239.89059
2034-02-04,0.0,296.4620075,50.04591925,2.281858325,185.011595
2034-02-05,0.0,298.2423425,38.37582125,2.8561316750000003,253.060035
2034-02-06,0.0,299.54350750000003,36.90888125,3.622094375,239.9299
2034-02-07,0.0,299.159585,37.154978,3.0627795,236.393095
2034-02-08,0.0,299.09365,33.3575765,2.8539406,256.9949875
2034-02-09,0.0,299.0613175,32.494383750000004,2.4768622000000002,250.871745
2034-02-10,0.0,299.87037250000003,33.4014175,2.8999118,242.21969
2034-02-11,0.0,300.04103499999997,30.4720515,3.22110325,262.81870000000004
2034-02-12,0.0,300.02639250000004,28.5008185,3.904954675,261.59901
2034-02-13,0.0,299.62044749999995,27.08322025,3.2053542750000004,243.083035
2034-02-14,0.0,299.86469999999997,28.299912,2.8027871749999997,228.5984325
2034-02-15,0.0,299.3863925,22.050042,3.135357075,275.691955
2034-02-16,0.0,299.563885,25.04466675,2.6977111,276.84808250000003
2034-02-17,0.0,301.287665,36.04600575,4.466416625,217.1515525
2034-02-18,1.2261827850000001e-06,299.16830749999997,50.45979725,3.95059515,202.4390625
2034-02-19,2.7666350749999998e-06,297.4362875,66.27044000000001,3.73773045,177.402135
2034-02-20,1.03569413e-06,299.3910075,52.09253475,4.20460685,225.992805
2034-02-21,1.6560101450000003e-05,298.18867,60.248734500000005,3.597986325,192.7880975
2034-02-22,9.962318075e-05,295.8581775,66.58771,3.1544898249999997,170.78949
2034-02-23,0.0,298.6859225,42.145505,2.12755125,227.70672
2034-02-24,0.0,299.48238,35.0553855,2.28001895,288.684475
2034-02-25,0.0,299.2997525,34.69762675,2.1654139,290.2530575
2034-02-26,0.0,299.394325,35.6578105,1.4337497,292.481965
2034-02-27,0.0,299.9369275,33.462055,2.449998175,292.25795
2034-02-28,0.0,300.621865,28.827777,2.858699775,297.37834
2034-03-01,0.0,300.98519,27.7118205,3.5742913,292.3610925
2034-03-02,0.0,300.750955,28.427387500000002,3.57817045,284.340775
2034-03-03,0.0,300.5822125,27.37572775,2.697908375,280.96830750000004
2034-03-04,0.0,301.1223575,26.636267,3.101070425,267.3277575
2034-03-05,0.0,301.578645,27.1697585,2.830177225,269.74440749999997
2034-03-06,0.0,302.00767,26.45778875,2.591628,274.560785
2034-03-07,0.0,302.647095,24.2167495,3.0981822,255.7715175
2034-03-08,0.0,302.05618749999996,24.04423475,3.32263595,269.5964
2034-03-09,0.0,301.23141,23.91048775,3.1669003,293.43962999999997
2034-03-10,0.0,301.4902075,25.3440725,2.98436975,284.6621425
2034-03-11,0.0,303.0764875,26.583141,2.521959975,235.24884
2034-03-12,0.0,302.300865,24.24256,2.850693175,270.75059
2034-03-13,0.0,303.3602375,26.2487595,2.6774915999999997,293.2409025
2034-03-14,0.0,303.299705,25.709820999999998,2.73038505,287.1854825
2034-03-15,0.0,303.33377,24.434752,2.83924945,278.8312275
2034-03-16,3.03433475e-07,303.78663,24.03325325,2.72221375,261.2304675
2034-03-17,0.0,303.83739249999996,23.24972025,2.6441330499999998,286.5063825
2034-03-18,0.0,303.31825,20.588762250000002,2.739589675,299.3766675
2034-03-19,0.0,302.6983325,20.1700905,2.0276285,302.0453425
2034-03-20,0.0,303.428855,18.90992875,2.423732725,296.9931225
2034-03-21,0.0,303.3233825,17.776619750000002,3.14995855,303.2072025
2034-03-22,0.0,303.82473749999997,19.42654425,3.65811525,309.635985
2034-03-23,0.0,303.75622,19.160415,4.05688545,308.77965
2034-03-24,0.0,303.4592675,17.490569999999998,3.02270475,296.631655
2034-03-25,0.0,303.85029,19.53961375,3.2876808,297.84664250000003
2034-03-26,0.0,303.879635,20.88438225,3.5547451,307.06755
2034-03-27,0.0,302.73518,25.9376355,2.9949737499999998,211.172295
2034-03-28,1.16673655e-07,303.491045,28.0603765,1.77623715,228.560185
2034-03-29,4.04814385e-07,303.7130625,26.49485075,1.96733095,280.6807525
2034-03-30,4.97807465e-06,302.5958,37.7702205,1.39194855,223.39980500000001
2034-03-31,0.0,302.25694,41.62605125,2.249376675,226.1669175
2034-04-01,0.0,303.6393675,25.29414775,1.7149130000000001,299.54219
2034-04-02,0.0,302.443885,17.839343,1.93224015,336.93173
2034-04-03,0.0,303.394545,15.550913,1.448338475,339.51238750000005
2034-04-04,0.0,303.9759825,21.6625865,2.712491125,301.8026475
2034-04-05,1.57888935e-08,305.3914175,22.780668249999998,3.040666875,301.6543275
2034-04-06,0.0,304.5972,27.730326249999997,2.63790745,226.4447525
2034-04-07,1.1187974875e-05,304.066955,25.4619405,2.193894925,289.0509825
2034-04-08,3.213603075e-06,302.60173,36.9318085,1.30470865,217.736335
2034-04-09,2.2948701499999998e-06,303.356515,34.1061895,1.73234055,279.965555
2034-04-10,0.0,304.37899,25.7291585,1.73906635,311.8226175
2034-04-11,0.0,303.9222125,21.09740475,1.8882884500000001,326.17971750000004
2034-04-12,0.0,304.52746,18.6808645,1.680943925,315.3026
2034-04-13,0.0,305.4810475,17.97171075,1.863733725,323.62481
2034-04-14,0.0,306.54849,18.749681250000002,2.065996225,294.43201999999997
2034-04-15,6.326754e-10,307.4441975,20.3540875,2.00493755,294.027085
2034-04-16,2.92279615e-08,306.5623475,22.820933750000002,1.47233395,279.51270750000003
2034-04-17,9.3327175e-08,306.24501250000003,21.821096,1.888441925,287.280605
2034-04-18,0.0,306.74273,21.03959125,2.39849875,312.231855
2034-04-19,1.073395275e-07,307.0420675,22.456802500000002,2.7863753,308.8928
2034-04-20,0.0,306.835785,22.13642875,2.56034515,302.0365575
2034-04-21,0.0,307.2528525,22.03059625,2.77799105,314.7128025
2034-04-22,0.0,307.33182250000004,21.07765,3.0535883249999998,316.45163249999996
2034-04-23,4.93679105e-06,307.04161750000003,23.661402,2.506948725,287.932
2034-04-24,5.5005941500000005e-06,306.55785249999997,26.71947625,1.941292625,286.8540325
2034-04-25,1.326967375e-06,306.618135,25.613282499999997,1.444361,289.6322525
2034-04-26,4.023970025e-06,304.8947075,33.39482925,1.357984375,263.2044175
2034-04-27,2.5057473e-05,303.3853975,42.328565749999996,1.563494925,243.1447475
2034-04-28,5.18407e-07,305.4080125,30.8357305,1.47386705,302.4453775
2034-04-29,1.2683315e-05,305.8025525,31.15860075,2.2126584,291.9196225
2034-04-30,0.0001796053475,304.963735,40.38196575,1.5600118,266.677765
2034-05-01,9.850709e-05,304.21271,43.21333175,1.28226015,277.8411575
2034-05-02,3.19379794e-05,304.04022,41.71026325,1.72256115,288.7192175
2034-05-03,1.931205475e-07,305.826325,31.38519075,1.891465475,310.49685250000005
2034-05-04,0.0,306.87699,26.6715035,2.201437625,301.33876
2034-05-05,0.0,306.97267250000004,24.50522275,2.5669234750000003,300.89432999999997
2034-05-06,0.0,306.44948250000004,21.77570025,2.097532575,344.333795
2034-05-07,0.0,306.6825725,20.1431365,2.10311005,321.219105
2034-05-08,0.0,307.9760125,19.12257975,1.947318175,314.5232
2034-05-09,0.0,308.2084775,19.11988375,2.9634831,308.38523250000003
2034-05-10,0.0,308.21254250000004,19.56115375,2.8471921250000003,309.229055
2034-05-11,0.0,309.12787249999997,18.16355175,2.979134075,292.347935
2034-05-12,0.0,309.2717925,17.67016975,2.688535,331.5791925
2034-05-13,0.0,309.1428225,16.846024,2.632680375,335.23332500000004
2034-05-14,0.0,309.1482725,15.678507,2.347295275,352.95229500000005
2034-05-15,0.0,308.6383,15.57806225,1.680995125,341.85025
2034-05-16,0.0,309.11691,16.975376,2.10337055,308.5834425
2034-05-17,9.476373499999999e-08,309.82068000000004,18.23885075,1.8411437,292.78531
2034-05-18,1.220673875e-07,309.5676325,20.38703975,1.791644775,290.57102000000003
2034-05-19,9.09709085e-07,308.27074,27.305125,1.735761025,249.29807
2034-05-20,0.0,308.337785,28.47267825,2.035479875,260.70371750000004
2034-05-21,1.1955066499999999e-07,308.6287625,25.11736425,2.6295272,295.439215
2034-05-22,0.0,308.86015,25.30727675,2.55789635,272.6935675
2034-05-23,1.028623625e-08,308.6617275,27.417828,2.612194025,275.215055
2034-05-24,5.4471218249999996e-05,307.2946075,37.895591499999995,2.422809275,252.68146000000002
2034-05-25,3.988327575e-06,307.12805000000003,39.40820975,2.2727838,284.17341
2034-05-26,0.0,307.3659525,36.140277999999995,3.3824544249999997,281.8979775
2034-05-27,2.903307575e-06,304.279085,53.43221825,2.7398315,234.101615
2034-05-28,5.8122692499999994e-06,306.126095,42.2495035,2.67258705,262.8863625
2034-05-29,2.8946742e-07,306.8612525,41.25172675,2.34061975,251.291015
2034-05-30,3.727982225e-06,304.9895925,56.039399,1.9226863,230.30783250000002
2034-05-31,0.00033398547,303.02708,68.30153999999999,2.1892021,220.0603425
2034-06-01,0.0003136419825,300.4159475,87.28295750000001,2.317774575,207.2806825
2034-06-02,0.0002362790775,301.5039325,80.96101875,1.8631238,233.99266500000002
2034-06-03,3.092994025e-05,300.8532925,74.52537275,3.2740417500000003,210.58634750000002
2034-06-04,1.161530525e-05,301.55719999999997,63.2631845,5.04316975,232.1021325
2034-06-05,0.00040962688,300.19153,75.91866875,5.2114225,194.8629075
2034-06-06,0.0008667445275,299.4175975,92.36824525,4.834608749999999,139.270445
2034-06-07,0.0005685482800000001,299.18693,91.6027925,4.61020615,167.4322125
2034-06-08,0.0002438343125,299.2999275,91.40360975,3.8371428,175.5161475
2034-06-09,2.9856166375000003e-05,300.4743175,84.00297725,3.259852625,233.225505
2034-06-10,0.0,300.9886775,74.93261150000001,4.104835325,252.8898575
2034-06-11,0.0,300.402645,74.7438315,4.44933045,239.8339975
2034-06-12,0.0,300.72816,72.898985,4.405167575,266.71229500000004
2034-06-13,0.0,301.36547,69.2634315,4.0243915,299.7694325
2034-06-14,0.0,301.737885,69.589541,3.501764275,303.07541000000003
2034-06-15,0.0,301.81231,69.5714435,3.4094539249999998,293.61641000000003
2034-06-16,0.0,301.987435,69.77137350000001,2.9802862500000002,296.1297225
2034-06-17,0.0,302.1941225,68.63364125,2.7502582,296.6172125
2034-06-18,0.0,302.20748000000003,67.9217075,2.7743955,304.28147
2034-06-19,1.2148731e-06,302.4740875,66.5569125,3.29762125,308.897
2034-06-20,1.1209189e-06,299.60716,85.9724475,3.47711815,191.583645
2034-06-21,0.0,299.7806525,84.71077775,4.265148825000001,206.4145075
2034-06-22,0.0,300.363635,77.72305850000001,4.2742420249999995,231.5643175
2034-06-23,0.0,301.2906325,72.20479750000001,3.812070425,249.4530275
2034-06-24,0.0,302.07144,72.0062975,2.8836437249999998,271.4193325
2034-06-25,5.4632385e-06,302.11396,73.96793149999999,1.92924115,273.43653
2034-06-26,1.2280298e-06,302.39301,72.97089125,1.8101983499999998,284.06298
2034-06-27,0.0,302.456565,68.5074385,3.908107625,295.847075
2034-06-28,1.457067475e-05,301.59109750000005,71.7309285,4.5273445,262.2121425
2034-06-29,0.0002398492825,299.57408250000003,89.86660699999999,3.71966125,177.069895
2034-06-30,4.094261625e-05,299.8859025,85.83723,4.0794496250000005,220.75343
2034-07-01,7.98806385e-05,300.72284,84.591438,3.9821188,233.6366625
2034-07-02,0.0,301.0049275,79.87198775,3.35549645,251.01668
2034-07-03,0.0,301.752115,75.85526875,3.40241635,286.55598
2034-07-04,0.0,301.55283,76.68742375,3.59568715,263.6268675
2034-07-05,0.0,301.7052,74.4196295,3.868847825,295.9500325
2034-07-06,0.0,302.27995500000003,73.1324835,4.29844425,290.93039
2034-07-07,0.00024538051000000003,300.123715,90.3620585,3.055672725,191.4272225
2034-07-08,0.0002134341825,298.90932250000003,93.297945,3.203987225,179.0977675
2034-07-09,0.00013265135,300.2725525,88.633416,3.798761275,221.8024
2034-07-10,0.00017382363,299.9713325,90.68457649999999,3.8059761500000002,202.301965
2034-07-11,0.000113338835,300.300745,87.731871,4.023479025,205.5421475
2034-07-12,0.000275128045,299.96583250000003,90.9574025,3.9451858,204.83960000000002
2034-07-13,2.1297013124999998e-05,299.98904500000003,89.74890125,3.7717764750000002,210.5767875
2034-07-14,0.0002186983625,299.807485,91.9116875,3.190550075,196.46075000000002
2034-07-15,0.0002312724025,299.4417875,93.51766275,3.125482325,163.5798825
2034-07-16,0.00023714823999999998,299.34979,93.159956,3.8705600000000002,165.8418275
2034-07-17,7.2135826e-05,299.7096925,91.91895650000001,3.5847004,180.84019999999998
2034-07-18,0.0001234703475,299.55925,91.55752749999999,3.845398975,190.145215
2034-07-19,0.00024515511250000003,299.0737275,93.02303,3.6879455500000002,160.9377225
2034-07-20,0.0001736389325,299.17101,92.4389885,3.79163205,178.7447275
2034-07-21,0.000196232175,299.70401,91.02037250000001,4.1300466,213.531285
2034-07-22,0.00021836154,299.33019,93.09287,3.401049875,164.323195
2034-07-23,0.00026291468,299.35827,93.6035215,2.990700325,167.383395
2034-07-24,0.0002311079975,299.39643,93.531835,2.55402155,176.9562575
2034-07-25,0.0002459396625,299.4584175,93.99344500000001,2.025651,174.60819750000002
2034-07-26,4.984926525e-05,299.7946,92.66742475,2.6560723,200.21356500000002
2034-07-27,0.0001465218325,299.9543875,91.74624750000001,2.89963265,213.4275175
2034-07-28,0.000314386505,299.5385775,94.215745,2.7307944,172.463495
2034-07-29,4.1333089900000005e-06,299.672335,91.9943525,2.45418065,198.2851875
2034-07-30,3.6497649e-05,300.169615,89.87728874999999,2.7447122000000004,220.75483499999999
2034-07-31,1.0771505175e-05,300.3078775,88.866995,2.6991262,220.9455025
2034-08-01,3.201791975e-05,299.6805075,89.0169765,2.923151675,227.51622
2034-08-02,4.656792675e-05,299.45135,87.993194,3.31340075,243.4714325
2034-08-03,4.061175525e-05,298.97877,90.4166835,3.25423495,207.06416000000002
2034-08-04,0.0,298.95387500000004,89.84042775,3.062665325,211.3012075
2034-08-05,3.914448425e-06,299.754825,87.2366875,3.078138525,246.0309975
2034-08-06,1.0188395250000001e-05,299.79992,87.988443,2.94642965,227.28385500000002
2034-08-07,5.304923e-06,299.8063225,86.50409400000001,3.2039927749999997,241.0224425
2034-08-08,0.0,300.22851,85.292945,3.0582019000000003,250.633325
2034-08-09,0.0,300.3315425,84.7312615,3.22443705,254.284055
2034-08-10,0.0,300.3083325,84.37803650000001,3.1289251499999997,253.5618275
2034-08-11,0.0,300.854645,85.9457785,2.854022325,252.8403575
2034-08-12,0.00019410585,300.04685,89.4529735,2.6878083249999998,232.69736
2034-08-13,3.71226615e-05,299.498945,90.7235765,1.727657375,221.3301175
2034-08-14,5.0750845e-06,299.5935425,88.944889,1.8994575,227.766545
2034-08-15,0.0,299.88697,87.86061,1.778338,240.7560475
2034-08-16,1.594982525e-06,299.523565,90.553132,1.410615125,221.80981500000001
2034-08-17,1.16040905e-07,299.98771,87.4740415,2.2264009,238.3661975
2034-08-18,0.0,300.73193000000003,81.807774,2.70146265,258.2689275
2034-08-19,1.183308975e-06,299.7506425,86.2466275,2.91717675,240.69455
2034-08-20,5.41782475e-07,299.8548675,85.6719275,2.4192280999999998,234.6395825
2034-08-21,0.0,300.00235,85.44626475,2.524595225,238.7947175
2034-08-22,0.0002072733625,300.1388225,84.90090725,2.8275315500000002,245.392775
2034-08-23,0.00025929124,298.9979025,93.606196,3.1220947,179.8556275
2034-08-24,0.0002289761175,299.0926475,92.528255,2.3762915749999998,179.600065
2034-08-25,1.58455755625e-05,299.09407999999996,92.65215,2.122768175,195.5713125
2034-08-26,0.000110787274,299.4773775,91.765371,1.570632225,223.5498825
2034-08-27,7.213664999999999e-05,299.86078,88.1723255,1.774460975,251.88554249999999
2034-08-28,1.638806625e-07,299.45976,91.530716,0.9817509125,226.21454500000002
2034-08-29,0.0,300.021255,86.698036,1.806752725,241.5091525
2034-08-30,0.0,300.4469225,81.220955,2.0960118000000003,281.3532125
2034-08-31,1.23233355e-06,300.1372175,83.48444,1.9342001999999998,255.0253825
2034-09-01,4.560502e-06,300.4204625,86.42756,2.627981025,250.4810225
2034-09-02,8.934266749999999e-08,300.35686499999997,86.40832025,2.783759325,248.999245
2034-09-03,5.951113175e-06,300.3643875,86.18504125,3.06252975,255.911835
2034-09-04,1.032588725e-06,300.60505,84.1087285,2.0377119749999997,258.871355
2034-09-05,2.003243025e-07,300.91252,82.6691525,1.163552275,256.194695
2034-09-06,0.0,301.3284975,81.449554,2.024634425,268.4799875
2034-09-07,4.259618625e-05,300.16019,89.07581300000001,1.701415625,219.255225
2034-09-08,0.0001716591425,300.0227325,91.4387325,1.431539925,219.38449500000002
2034-09-09,0.00032890112,300.1193775,90.887565,2.161749975,230.02556249999998
2034-09-10,0.00014230325,300.02689,90.7833725,1.6856730500000001,223.2671975
2034-09-11,0.0003605180825,299.86361,93.1064265,1.674592775,212.5111275
2034-09-12,0.00018855053,299.7890175,93.4381385,1.926703825,209.74032
2034-09-13,1.78426545e-05,299.72686250000004,93.97187975,2.429222975,184.151135
2034-09-14,3.3964199875e-05,300.007485,89.572345,2.5500650250000003,222.6169125
2034-09-15,1.96495095e-05,300.103845,88.916305,1.988218325,229.6914475
2034-09-16,8.0625685e-05,300.0356175,91.041304,0.8502719,231.8521875
2034-09-17,0.000178582005,299.8058325,92.4371975,1.0175978125,221.8229625
2034-09-18,2.7975855749999998e-05,300.0166025,88.7966125,1.468294425,242.8243525
2034-09-19,3.885100125e-05,300.02764,90.2765975,1.051082925,235.3071825
2034-09-20,7.495771500000001e-06,300.21693,88.67389775,1.23709775,236.323055
2034-09-21,0.00015146339,299.686295,92.51482375,0.8287505375,219.57908
2034-09-22,0.0001691294,299.6356475,92.18583375,0.7316118125,222.06189
2034-09-23,0.00038583097999999997,299.25512000000003,94.8145735,1.70282965,205.8462925
2034-09-24,0.00011171786499999999,299.20469,94.86704725,1.78092895,191.6832425
2034-09-25,0.0001388489725,299.182915,95.5630065,1.48687425,197.1982775
2034-09-26,3.7085598249999996e-05,299.4379,92.7787075,0.9589722475,210.54089249999998
2034-09-27,0.000261888785,299.42305,92.7383825,0.8149548625,215.86562750000002
2034-09-28,0.000432676655,299.194185,94.7995885,1.800280175,206.4611825
2034-09-29,0.00035196398,299.1057275,95.96016025,2.22891245,195.048475
2034-09-30,0.00020116384,299.34505,93.04177250000001,1.9882884,207.832745
2034-10-01,0.0001900887675,298.151445,93.74392775,1.5479371,205.3126825
2034-10-02,0.00027217322,298.0928275,94.67650499999999,1.09585625,200.48584499999998
2034-10-03,0.0002302827675,297.9522625,94.9043485,1.116563225,195.859715
2034-10-04,4.526548175e-06,298.1437,92.0403175,1.0281516499999999,214.01423
2034-10-05,3.3409217849999998e-06,298.39057,90.02936,0.9775785575,225.3478425
2034-10-06,1.264141475e-06,298.5424425,89.1445375,0.7636321375,240.363625
2034-10-07,0.0,299.0262075,87.61003875,0.8424814175,227.1248475
2034-10-08,0.0,299.69426500000003,84.4439335,1.2776703500000002,240.8713575
2034-10-09,0.0,299.92283,77.21025725,1.866705175,261.1802975
2034-10-10,0.0,299.92773750000003,75.91556375,2.154952775,254.03151250000002
2034-10-11,0.0,300.11513249999996,83.30597125,1.908120725,242.25376
2034-10-12,0.0,299.30578249999996,86.36135900000001,1.488350925,214.3950575
2034-10-13,0.0,299.879475,84.4906125,1.077186675,228.66861
2034-10-14,2.002804825e-05,298.74424750000003,88.2435525,1.801308525,219.8274425
2034-10-15,1.281906225e-06,298.171885,88.3814385,1.2573885,211.53554
2034-10-16,1.618388625e-07,298.2213425,88.743555,1.5433930999999999,210.2028175
2034-10-17,2.18973625e-05,298.1115875,89.077716,1.317638575,208.6630525
2034-10-18,0.000113874165,297.959105,89.4256825,1.699385875,206.021865
2034-10-19,0.00048105983249999997,297.5408875,92.4078375,1.67792535,184.4703175
2034-10-20,7.617295500000001e-05,297.39201249999996,91.78383,1.741778125,179.0674875
2034-10-21,0.0001528045375,297.62566000000004,91.0412965,1.4048347749999999,197.8167625
2034-10-22,0.00014986247,297.65376249999997,88.66521875000001,2.292508425,194.71106500000002
2034-10-23,0.00011732021124999999,298.59085,85.07663625,2.826964675,217.275265
2034-10-24,0.000115912175,296.109005,93.24025125,1.891247875,143.33007
2034-10-25,8.129835385e-06,297.04698,90.3577315,0.5958542075,182.45166749999999
2034-10-26,0.0,299.8831025,84.1563435,1.37479965,236.189195
2034-10-27,1.837328025e-07,299.2297825,84.6643875,1.9032799,234.91899
2034-10-28,1.1126655e-05,299.335535,83.23446,1.654283375,238.4758875
2034-10-29,0.0,299.4048325,80.38230025,1.1699784,251.0810625
2034-10-30,0.0,299.30059,79.479725,1.363626325,252.9438725
2034-10-31,0.0,299.1607525,79.777329,1.600269525,249.4940125
2034-11-01,0.0,299.422395,79.72857499999999,2.0016169,240.23128
2034-11-02,0.0,298.609785,85.1275575,1.8309633,211.77925
2034-11-03,0.0,298.5609775,81.68222375,1.52227245,228.68479250000001
2034-11-04,0.0,298.1855725,73.3000425,1.7298327,239.97497
2034-11-05,0.0,298.125155,72.3421625,2.017612975,235.4408775
2034-11-06,0.0,297.95466,66.019021,2.3933890250000003,228.129395
2034-11-07,1.9920955e-06,297.75962,67.786399,2.1708778,232.0876175
2034-11-08,0.0,298.1423525,72.419455,1.523903575,213.50696
2034-11-09,0.0,296.6615,59.4221225,1.6627526499999998,233.38013
2034-11-10,0.0,295.71582,51.575157000000004,1.5209989,253.1977925
2034-11-11,0.0,295.3006425,49.76614275,1.7805836,257.221555
2034-11-12,0.0,295.75667,50.60213,1.849756875,251.586325
2034-11-13,0.0,295.4617875,50.581089750000004,2.317373475,249.72008499999998
2034-11-14,0.0,295.17659000000003,48.51172625,2.690454175,249.909145
2034-11-15,0.0,294.55566,44.6232895,2.518507275,259.4218475
2034-11-16,0.0,294.71226,47.23213,1.8091235,256.9162475
2034-11-17,0.0,295.56773250000003,63.9216185,1.6736407500000001,232.7330225
2034-11-18,0.0,296.67796,73.84147275000001,1.958414575,227.2010425
2034-11-19,0.0,297.2952325,76.37852025000001,1.9407081,209.18435499999998
2034-11-20,0.0,297.64696000000004,76.8098375,1.1905416500000001,203.470505
2034-11-21,0.0,297.87118250000003,60.17731225,2.5125353500000003,226.6645425
2034-11-22,0.0,296.9680925,53.9146005,3.2014858999999998,226.59300000000002
2034-11-23,0.0,296.680155,62.406071250000004,2.4966816,239.64702
2034-11-24,0.0,296.90224,56.4792625,1.928159275,232.95236
2034-11-25,0.0,296.66574,65.1837905,1.535904275,227.1716775
2034-11-26,0.0,296.931765,66.7296985,1.6770417499999999,229.31871
2034-11-27,0.0,296.446815,69.102915,2.282190275,212.40169
2034-11-28,4.04527785e-05,296.09464,81.2844575,2.002155075,168.63066
2034-11-29,4.7610940499999996e-05,295.87073,90.9375735,2.20519085,152.6958625
2034-11-30,4.4488685000000004e-08,296.07019,76.70412525,2.0712915,181.27468
2034-12-01,0.0,295.166655,55.70541225,2.036091425,226.09276499999999
2034-12-02,0.0,294.7336175,48.92206775,1.26065765,236.30741
2034-12-03,0.0,294.970575,51.34226275,1.2099605,241.124245
2034-12-04,0.0,295.1694925,59.47487925,2.06217505,234.97654
2034-12-05,0.0,295.0293575,58.790512,1.82878485,241.764295
2034-12-06,0.0,295.2618475,59.0003155,1.5901040499999999,237.06121000000002
2034-12-07,0.0,295.2742775,60.63951725,1.860554325,232.5440825
2034-12-08,0.0,295.09218,62.404253,1.61289335,220.59908000000001
2034-12-09,0.0,295.1481825,55.93343625,1.44855405,233.9603125
2034-12-10,0.0,294.8808375,57.4770925,1.631234975,222.00548500000002
2034-12-11,0.0,294.7862925,58.839110250000004,1.531855725,225.24334249999998
2034-12-12,0.0,294.84369,55.39314775,1.5583302,232.900695
2034-12-13,0.0,295.100175,53.333954,1.13045475,230.9779775
2034-12-14,0.0,294.8015375,52.3708805,1.558937625,226.6072375
2034-12-15,0.0,294.3512225,56.260641,1.6664406999999999,209.5834075
2034-12-16,0.0,294.5777575,57.31769875,2.201478975,209.4066825
2034-12-17,0.0,294.868025,55.6285515,1.934794425,224.13130999999998
2034-12-18,0.0,294.58279500000003,52.1463835,2.346843625,221.820855
2034-12-19,0.0,294.33334,46.62408725,2.760201925,222.9546
2034-12-20,0.0,294.51196,42.95900575,3.21444765,235.7889325
2034-12-21,0.0,294.59817,47.7884945,2.924657475,170.2639475
2034-12-22,0.0,294.262925,49.6952385,2.761106125,183.29978499999999
2034-12-23,0.0,295.3796525,46.26321,2.235153,228.76589
2034-12-24,0.0,295.2624525,53.61314525,1.715952875,230.0613425
2034-12-25,0.0,295.8846325,58.11932325,1.14588565,229.152215
2034-12-26,0.0,295.84794,55.944502,1.4573995,229.582655
2034-12-27,0.0,295.3822025,51.04091775,1.273741775,228.069445
2034-12-28,0.0,294.88054999999997,49.670868,1.462566625,218.7148175
2034-12-29,0.0,294.7264975,45.90808425,2.1576408000000002,238.4918475
2034-12-30,0.0,293.7256,39.460437999999996,1.983215225,241.951685
2034-12-31,0.0,293.0846975,38.66450175,1.764598625,231.2744125
2035-01-01,0.0,293.3193425,37.1125555,2.305482425,236.63690250000002
2035-01-02,0.0,293.1512875,36.02521275,2.6787756,242.8442725
2035-01-03,0.0,292.8276,35.432548249999996,2.32914135,230.53594
2035-01-04,0.0,292.5884525,36.24339175,1.9382947250000002,246.23416
2035-01-05,0.0,293.025045,35.36717725,1.9979674,249.14318
2035-01-06,0.0,292.95669499999997,34.705445749999996,2.599259525,243.3045575
2035-01-07,0.0,292.8191675,30.0994775,2.8773505,260.19336
2035-01-08,0.0,292.08422,28.91718875,2.892429125,265.791355
2035-01-09,0.0,291.7307975,32.841153750000004,2.409136075,246.6989775
2035-01-10,0.0,292.3075725,37.12442775,2.299934725,250.9355625
2035-01-11,0.0,292.535795,41.2458115,2.0370432000000003,255.9799075
2035-01-12,0.0,293.0307825,45.412257,1.713245425,219.74947
2035-01-13,0.0,294.151615,42.7042215,2.1839562,251.2816125
2035-01-14,0.0,294.49953500000004,41.70238175,2.5239378,242.251405
2035-01-15,0.0,295.0583825,42.29379025,2.53859295,236.45154
2035-01-16,0.0,295.0556025,44.965019,2.254158925,224.83941
2035-01-17,0.0,294.8235775,52.62205625,1.453409675,193.9566425
2035-01-18,0.0,296.1890275,57.348807,1.4081359,202.52536
2035-01-19,0.0,296.66734499999995,58.40149575,2.358381825,215.1962475
2035-01-20,0.0,296.58805,52.7402,1.767686525,248.22659249999998
2035-01-21,0.0,296.6833075,47.590989,1.414417775,245.5121525
2035-01-22,0.0,296.8407575,45.440639,1.368949175,254.4649575
2035-01-23,0.0,297.39571,46.79549025,2.5464979000000003,250.0046675
2035-01-24,0.0,296.98042,45.7192105,3.136191325,259.8912425
2035-01-25,0.0,296.6297925,41.951736999999994,2.9331503,263.0776175
2035-01-26,0.0,296.5076325,39.25048625,2.3789162249999998,272.6918225
2035-01-27,0.0,296.32610999999997,38.12961475,2.168490775,272.2595675
2035-01-28,0.0,296.524355,37.140562,2.35363615,264.92478
2035-01-29,0.0,296.3430225,35.867697,2.0379306,271.2999475
2035-01-30,0.0,296.096995,35.0036625,2.7304691,275.25919
2035-01-31,0.0,296.62507,35.30457775,3.189811225,255.247155
2035-02-01,0.0,295.72588,32.6772385,2.82374645,268.42672500000003
2035-02-02,0.0,295.18303249999997,31.50313725,2.46606015,276.900975
2035-02-03,0.0,295.39836249999996,42.798578,1.948717425,267.27912
2035-02-04,0.0,297.3704275,46.92098,2.60013245,258.2439825
2035-02-05,0.0,298.45385999999996,52.4559895,2.519964225,252.700855
2035-02-06,0.0,299.1353325,52.1902105,2.4228372499999997,230.71083249999998
2035-02-07,0.0,298.745515,48.549377,2.278717025,248.1646125
2035-02-08,0.0,298.2945575,48.70368275,2.709019325,262.69712
2035-02-09,0.0,298.051485,45.31908825,2.829646775,272.4270375
2035-02-10,0.0,297.86150250000003,43.45479075,2.8609454999999997,272.708375
2035-02-11,0.0,297.8557675,40.4016045,2.71162095,266.92373499999997
2035-02-12,0.0,297.7179825,40.4367705,2.884593375,269.9960325
2035-02-13,0.0,297.93669,39.677924250000004,3.6279777749999997,265.74989
2035-02-14,0.0,297.919215,46.1815855,2.2167113,257.46009
2035-02-15,0.0,298.6404625,47.3326555,1.8393528749999999,263.37866
2035-02-16,0.0,298.5679775,50.4181125,2.031689325,256.43363
2035-02-17,2.0088315e-08,298.1630725,51.79577775,2.05224135,212.29056250000002
2035-02-18,1.8520145e-08,299.101345,49.0609255,2.65874175,239.25291249999998
2035-02-19,0.0,298.81077500000004,53.519433,1.6260709,231.1117175
2035-02-20,5.0885095e-11,297.97168,51.71962925,2.969767275,223.29769249999998
2035-02-21,0.0,298.79731,48.5715855,3.4888873,288.205875
2035-02-22,0.0,299.278105,48.91788875,3.1809689,275.21774500000004
2035-02-23,8.1889385e-12,297.135315,60.200906,2.515618125,185.4260875
2035-02-24,0.0,297.981355,56.42118075,2.50159435,228.70244
2035-02-25,8.87726975e-08,298.9935825,50.27385175,2.872479275,283.347085
2035-02-26,8.14082885e-10,299.5105275,49.956005,2.718027275,276.697725
2035-02-27,0.0,299.0673125,50.45567,3.1888503249999998,237.5810875
2035-02-28,0.0,299.49827500000004,41.16949425,3.254998875,283.81721
2035-03-01,0.0,299.20340999999996,47.68048475,1.5031184,269.9984725
2035-03-02,0.0,299.4615625,46.37905,1.0868689,261.6694425
2035-03-03,0.0,297.1440525,64.73007750000001,2.450026325,184.7458325
2035-03-04,0.0,298.52759249999997,55.454698,1.984457125,223.05538
2035-03-05,0.0,299.747005,49.2367495,1.218030175,256.48742000000004
2035-03-06,0.0,300.526245,37.72233575,1.359273,291.7916075
2035-03-07,0.0,300.3589925,36.017799749999995,2.06054225,280.55461249999996
2035-03-08,0.0,300.9317375,34.7332045,2.88481355,279.9782925
2035-03-09,0.0,300.278995,34.83101275,3.235890875,246.381955
2035-03-10,0.0,300.3979475,28.75255125,3.12579645,326.72243
2035-03-11,0.0,299.8903475,27.129303,3.1612696,326.381605
2035-03-12,0.0,299.658995,26.62692325,2.9417978,320.2107625
2035-03-13,0.0,299.606835,24.2100205,2.6894973,330.0665225
2035-03-14,0.0,299.511765,23.79111225,2.566995075,326.2152675
2035-03-15,0.0,299.1532775,26.024136,1.55504045,324.188285
2035-03-16,0.0,299.938945,35.039702500000004,2.018150425,305.48959
2035-03-17,0.0,301.34146,43.228222,2.948268425,285.73888
2035-03-18,4.2834055499999995e-06,299.23946,56.92787175,2.4482315,225.69418000000002
2035-03-19,0.0,300.18960500000003,50.3610125,2.43139905,228.6813625
2035-03-20,0.0,301.8081025,38.87995825,1.57538325,305.77027499999997
2035-03-21,0.0,301.840775,33.974413999999996,1.894370525,314.9311975
2035-03-22,0.0,302.19632,34.881682749999996,2.389278775,302.6610775
2035-03-23,2.123041535e-07,299.93142,50.39692425,1.890759375,198.6165375
2035-03-24,7.065958575e-06,300.3107375,50.582359,2.2893299000000003,230.87685249999998
2035-03-25,0.0,301.85524250000003,34.3669315,1.77326675,328.5774725
2035-03-26,0.0,301.95862,34.7770875,1.88575205,324.5474925
2035-03-27,0.0,302.5699525,33.35881975,2.0192189999999997,318.99586999999997
2035-03-28,0.0,302.7767175,33.706336,2.0600943999999997,303.99774
2035-03-29,1.1639938500000001e-06,300.92672,44.395824000000005,2.5812512,222.44504
2035-03-30,4.762851825e-09,302.2700425,37.19036725,1.5149613,294.6730825
2035-03-31,0.0,302.866555,34.42430875,2.034191975,278.89215
2035-04-01,0.0,303.16132749999997,31.6375435,1.58753005,320.3334425
2035-04-02,8.625699675e-06,302.82025999999996,43.1816025,3.2051922,292.209615
2035-04-03,1.646480165e-06,298.193845,63.977273249999996,2.3696650249999998,199.04044499999998
2035-04-04,0.0,302.929845,40.1322365,2.43915345,305.223455
2035-04-05,0.0,303.4133025,31.1070205,2.722588075,339.4432825
2035-04-06,0.0,303.2915925,31.17389725,2.2365906,334.63382
2035-04-07,0.0,303.30373,32.9253,1.7416046,315.05381
2035-04-08,0.0,303.4289475,35.954401250000004,2.24648035,313.402785
2035-04-09,5.22043225e-08,304.0173975,34.64225975,2.674000025,311.977645
2035-04-10,1.476869225e-05,302.534765,47.7657655,1.907442475,277.2793625
2035-04-11,4.801977475e-06,301.12326,57.339788999999996,2.34369245,232.3276575
2035-04-12,0.0,299.4203475,58.737956499999996,1.75497675,232.27749
2035-04-13,0.0,303.14052,38.9141565,1.9906438,312.5874625
2035-04-14,0.0,303.906225,33.65985,2.627297125,308.581145
2035-04-15,0.0,304.26255000000003,30.70415,2.6177164250000002,314.7030225
2035-04-16,0.0,304.1047525,32.418962,2.3737073,287.9423125
2035-04-17,0.0,304.26916500000004,34.83323675,2.5300203750000003,303.69326
2035-04-18,1.022443725e-07,304.0421725,36.4975095,2.470179,290.7914025
2035-04-19,0.0,304.1892525,35.513380500000004,2.223991425,280.3374375
2035-04-20,0.0,304.2056325,34.1379985,2.315948875,294.05125999999996
2035-04-21,1.775062075e-07,304.870725,31.432322,2.1385184749999997,302.6158025
2035-04-22,7.754197e-08,305.0135275,32.0779725,1.98837255,289.08803
2035-04-23,0.0,304.9759075,31.5278765,1.9664256999999998,264.0367325
2035-04-24,0.0,304.6693325,34.427371,2.25400315,246.7267825
2035-04-25,0.0,305.1338375,31.645747999999998,2.657913475,310.2816175
2035-04-26,0.0,305.3586725,31.8528995,2.534714625,297.6351225
2035-04-27,0.0,305.4987975,28.85640525,2.779182325,298.2726375
2035-04-28,0.0,305.74737749999997,29.53451125,2.1411849,300.3178275
2035-04-29,0.0,305.8378175,27.32037675,2.026662125,310.60551
2035-04-30,0.0,305.89207,27.480549,1.90761455,290.7344575
2035-05-01,0.0,307.233045,26.28485075,1.930193875,295.7853475
2035-05-02,0.0,307.45011750000003,26.76347575,2.210822125,305.85491
2035-05-03,0.0,307.627635,28.110779,2.9026149,321.2646625
2035-05-04,0.0,307.6951775,26.687886749999997,2.3903920750000003,322.9185775
2035-05-05,0.0,308.0632325,22.1453195,2.794275725,331.3495425
2035-05-06,0.0,308.23960750000003,21.02526125,3.938935625,295.5910875
2035-05-07,0.0,308.2133775,22.36199325,4.1538324,283.7017775
2035-05-08,0.0,308.29022,22.92676225,4.4012462,274.827345
2035-05-09,0.0,308.337055,22.591395249999998,4.4522399,335.120505
2035-05-10,0.0,308.44272,22.18196325,4.332612425,320.01836249999997
2035-05-11,0.0,308.3738475,21.9882365,4.184684900000001,332.1714975
2035-05-12,0.0,308.38386249999996,22.14574475,3.7531233250000002,317.70374000000004
2035-05-13,1.712356175e-07,308.5476075,24.31772475,3.3079042,310.8887775
2035-05-14,3.6879546249999997e-07,308.54166250000003,24.7950675,3.015068025,314.241665
2035-05-15,7.9119434e-06,308.3330975,26.798900500000002,2.58882905,313.3781575
2035-05-16,3.1680163075e-07,308.23107,26.528759,2.11879195,317.673345
2035-05-17,4.1145474e-06,308.33799,30.63510275,1.817612425,303.05382499999996
2035-05-18,4.34042995e-05,306.9752,40.562237,1.688749975,278.3000025
2035-05-19,6.7680221e-05,304.81155,48.33414525,1.455122025,251.7132125
2035-05-20,1.723949675e-05,305.822545,47.1663975,1.712931,272.2094975
2035-05-21,0.0,306.92028,39.66161225,1.2812294,290.8338425
2035-05-22,1.209398775e-05,306.809375,43.671192,1.281691725,272.02333999999996
2035-05-23,4.166134e-05,304.4817825,53.900564,1.6686873,258.0267775
2035-05-24,1.60478945e-06,306.2400775,43.024597,3.1482731250000002,282.529665
2035-05-25,5.38235725e-08,305.85530500000004,40.88001725,3.539826775,275.4678725
2035-05-26,4.409557675e-07,306.069015,42.9085305,3.200624925,279.813025
2035-05-27,0.0,305.588935,41.53359625,3.3321529500000002,256.3295175
2035-05-28,0.0,304.60717999999997,45.5353505,3.6654734749999998,260.49755749999997
2035-05-29,0.0,305.8383225,43.8213725,4.37634715,287.39522750000003
2035-05-30,0.0,304.663705,50.93967625,4.7312121000000005,257.728365
2035-05-31,1.0419222325e-05,304.396025,51.07503225,5.0481869,260.969905
2035-06-01,0.00020411457,300.56874,71.95456375,3.679039075,207.34389
2035-06-02,0.0001650348275,298.76765,83.7441775,3.62779275,185.80922
2035-06-03,0.0,302.464675,62.97401825,4.53617825,258.4163125
2035-06-04,0.0,302.5025075,60.730484,4.512974,255.60145250000002
2035-06-05,0.0,301.468055,62.852455,4.335822224999999,250.0513675
2035-06-06,0.0,302.40295,58.92791975,4.44626495,265.1120525
2035-06-07,0.0,303.2316425,55.661418,4.393492225,280.68722
2035-06-08,2.666916325e-06,302.1384425,61.157063,4.176660325,263.8023375
2035-06-09,3.83218535e-05,301.7216525,65.4080675,4.319758525,247.8508225
2035-06-10,2.35024385e-06,301.215935,71.4036235,3.9468567500000002,232.134565
2035-06-11,3.4263449250000004e-07,302.267125,63.858297,4.0252605,274.37402499999996
2035-06-12,0.0,302.489575,60.94227725,3.868254775,267.8990625
2035-06-13,7.6752991e-06,304.1329425,57.91783675,3.821044125,300.13282749999996
2035-06-14,8.4992575e-05,302.6320075,66.667135,3.170742575,277.08397
2035-06-15,1.033347325e-06,301.8005975,64.65676500000001,3.32994825,266.507545
2035-06-16,0.0,301.7304875,64.67270275,3.62269135,256.142405
2035-06-17,0.0,302.8098275,60.7707575,4.0497264500000005,278.95871250000005
2035-06-18,0.0,301.461795,65.671549,3.9625364750000003,242.78791999999999
2035-06-19,0.0,301.585155,62.39777975,4.260724075,242.258065
2035-06-20,0.0002081546575,301.232845,70.243875,4.23145335,245.49115
2035-06-21,0.00060794376,297.39169,92.43832725,4.183302375,127.6203625
2035-06-22,0.00041084349,298.650195,93.18704249999999,3.51502945,147.26425749999999
2035-06-23,8.06846275e-05,298.93249,89.92609125,3.004962075,195.133805
2035-06-24,2.2688464675e-05,299.545015,89.79708,2.582784575,208.16993250000002
2035-06-25,1.260521175e-05,299.56953250000004,87.75376,3.246979825,201.5822
2035-06-26,8.946957374999999e-05,300.06291,87.38538,3.576490175,217.66478999999998
2035-06-27,0.00023128371250000001,298.7301925,90.17408875,3.92662635,185.8104925
2035-06-28,0.000125714385,298.0480925,91.518239,3.416268775,171.92263
2035-06-29,3.94234315e-05,298.64203,89.60912125,3.6329111249999997,186.4498275
2035-06-30,0.000300387025,299.8892925,88.2307375,4.12806775,222.5318675
2035-07-01,0.00029082565499999997,297.7020325,91.9976725,4.299164225,160.9379475
2035-07-02,0.0001185469775,298.90725,89.375911,4.165439275,188.28260749999998
2035-07-03,7.062282375e-05,298.172945,91.1660075,3.615067275,185.8399875
2035-07-04,0.00014336578500000001,299.715725,88.6242475,3.9233557500000003,223.7365025
2035-07-05,0.000148689005,299.2485475,89.347725,3.8942412749999997,210.3641825
2035-07-06,0.0,299.9467125,84.643781,3.951719475,250.47369
2035-07-07,0.0,300.198015,82.6034285,3.7087641749999998,240.5396375
2035-07-08,2.3802789e-06,300.27869999999996,81.3525625,3.6365738,231.3789875
2035-07-09,0.00013918003874999999,299.09877,90.2391425,2.7884679,196.34483999999998
2035-07-10,2.3678341e-06,299.7939025,88.06176125,2.6565186,224.232205
2035-07-11,6.1375775e-07,300.513455,83.540075,2.585806725,278.41105749999997
2035-07-12,0.0,300.2812725,85.324975,2.668553975,225.39046000000002
2035-07-13,0.0,300.4319025,84.26227125,2.560369825,226.6686975
2035-07-14,0.0,300.8711425,79.985606,3.391198175,258.0207175
2035-07-15,0.0,300.6551375,79.3610475,3.3892819750000003,252.54724
2035-07-16,0.0,300.8002025,79.625242,2.99396255,247.51798
2035-07-17,5.7925955e-07,300.6820825,83.6178275,2.184696975,233.0722925
2035-07-18,0.0,300.48312,84.252895,2.21637945,232.0239075
2035-07-19,0.0,300.7084425,78.962799,2.4946207,259.7907175
2035-07-20,0.0,301.0896975,79.06964500000001,2.4210586000000003,249.9278525
2035-07-21,0.0,301.170295,80.10481250000001,2.327807325,254.37683
2035-07-22,0.0,301.9188825,77.4039325,2.1757907750000003,271.5979925
2035-07-23,0.0,302.25140250000004,72.58904475,2.8060591500000003,290.33394499999997
2035-07-24,0.0,302.416825,69.57889625,3.346920325,288.117065
2035-07-25,0.0,301.25445,75.72519475,3.492757325,237.0920825
2035-07-26,0.0002263105125,299.446755,91.01864624999999,3.2154883,185.2726175
2035-07-27,0.0,299.622575,90.407799,2.9291099000000003,208.2523625
2035-07-28,0.0,299.902165,86.83075875,3.1548841000000003,231.672355
2035-07-29,0.0,300.0591075,87.0956735,2.958842425,218.132065
2035-07-30,0.00022162488999999999,299.2456975,92.10235850000001,2.50961595,182.7598575
2035-07-31,0.0001730612675,298.68487,93.58491525,2.7740457999999997,165.52435
2035-08-01,4.266578375e-06,298.970905,89.45180875,2.984139925,215.5709975
2035-08-02,5.7386669500000004e-05,298.8505175,89.969955,3.149853375,204.56221
2035-08-03,2.5080018249999997e-07,298.84951,90.0320875,2.755305175,200.19726
2035-08-04,1.3220698825e-05,299.07105249999995,89.04269375,3.6254812249999997,220.338495
2035-08-05,4.97341415e-07,298.87627,90.108403,3.0510659,211.716675
2035-08-06,0.0,299.066425,89.39249749999999,2.7447150750000002,214.20354
2035-08-07,2.9803744e-05,300.45482,83.54158125000001,3.219581,273.83691999999996
2035-08-08,0.00033011513499999997,298.683145,91.82980475,3.2342058,194.3943825
2035-08-09,0.00034892096,298.32483249999996,93.5596625,3.373249425,172.49872
2035-08-10,0.000169432435,298.201305,92.13156525,3.48468695,189.043835
2035-08-11,0.0,299.18728,87.0953275,2.874902375,235.1518
2035-08-12,5.085050225e-05,299.485335,87.19394,2.876440625,249.24068
2035-08-13,2.9099397250000002e-05,298.48452,90.56064,3.216928475,195.347485
2035-08-14,0.0,298.5412675,90.636866,2.868367825,205.2401575
2035-08-15,0.0,299.2564975,85.0423855,3.057043625,251.6824325
2035-08-16,0.0,299.55870749999997,84.7301665,3.193979375,238.71620000000001
2035-08-17,0.0,299.891845,85.0707415,2.8474019,243.19873
2035-08-18,2.49815475e-06,299.348565,85.460779,3.3983931,241.152745
2035-08-19,7.297039325e-07,299.18125,86.429655,3.3488005000000003,222.08688
2035-08-20,0.0,299.633355,84.0981185,3.439701425,242.441565
2035-08-21,4.099609e-06,299.313875,84.3407225,3.466934075,230.9497075
2035-08-22,0.00026197863,298.5106,92.08734975,3.2949542750000003,185.562115
2035-08-23,2.1099710099999998e-06,298.8347625,90.50679225,3.027737125,211.8870175
2035-08-24,7.2744178e-05,298.68502,91.552515,2.996317825,203.226055
2035-08-25,1.5414660500000002e-05,298.630905,93.165595,2.536513625,193.1394525
2035-08-26,0.0001029184825,298.719185,93.56642625,2.506288175,197.41951
2035-08-27,0.00030563765499999997,298.75305000000003,94.114665,2.338434375,205.5847
2035-08-28,0.00026562952,299.016615,95.92683650000001,2.063396725,195.09026
2035-08-29,0.0001690552925,298.9008,94.217979,1.856525475,208.7340875
2035-08-30,0.00011006635375,299.0986725,92.6098575,2.3709387,217.13212249999998
2035-08-31,2.14697705e-06,298.8796875,90.72666825,2.7790038,209.88132
2035-09-01,1.270102025e-06,298.802765,92.7036565,2.4799531999999997,191.20025750000002
2035-09-02,0.0,299.6360125,88.19419500000001,2.305223025,239.81480249999998
2035-09-03,0.0,299.97675000000004,83.7621025,1.666241,252.8985525
2035-09-04,0.0,300.40205000000003,85.68789000000001,1.1471866,243.5827025
2035-09-05,8.240967000000001e-06,300.121015,89.365359,0.970844525,234.3062625
2035-09-06,2.645260425e-05,300.2116225,88.492299,1.240384375,231.17046249999999
2035-09-07,6.84507765e-05,300.03009000000003,88.09663875,0.9679156725,240.509515
2035-09-08,9.759802175e-06,300.44068500000003,81.5212085,1.657536125,275.6927075
2035-09-09,0.0,300.396475,79.7846675,2.257221525,275.253575
2035-09-10,0.0,300.319625,79.74154,1.74391225,268.5220525
2035-09-11,0.0,300.4839925,79.58818500000001,1.511091275,280.6390275
2035-09-12,0.0,300.6532375,77.62047125000001,1.83072735,288.0592275
2035-09-13,0.0,300.714905,77.35078874999999,2.08492415,291.0558325
2035-09-14,0.0,300.83735,80.995075,1.7648872500000001,268.0805975
2035-09-15,0.000374132525,300.0208925,90.6475725,0.7901300925,229.13909
2035-09-16,0.0003687246,299.4001325,94.0316125,1.47377005,206.66951999999998
2035-09-17,0.000317081555,299.39482250000003,93.7274335,2.27549565,204.83234
2035-09-18,0.000323727385,299.54048,92.38785125,2.792127025,207.4044625
2035-09-19,5.278074150000001e-06,299.5793275,88.42392525,3.28723185,214.9111675
2035-09-20,6.319296174999999e-05,299.78961499999997,87.25757,2.50161645,229.98281
2035-09-21,1.11984775e-05,299.60859750000003,88.9724825,2.3007864,205.6074625
2035-09-22,5.190078375e-05,299.3564725,90.645336,2.76591515,201.70231
2035-09-23,0.000123430245,299.6614675,89.00594375,2.196132525,231.11473999999998
2035-09-24,6.447931025e-05,299.6379325,90.208385,1.896437425,220.82521500000001
2035-09-25,0.00037304322249999996,299.27498,92.0772575,2.412571975,196.661
2035-09-26,0.00019081242,298.788915,91.122089,3.293218325,194.25949250000002
2035-09-27,0.00020607004000000001,299.0677575,89.868166,2.174332625,200.87141499999998
2035-09-28,5.699491975e-05,298.4115125,93.1804375,1.558203225,178.13169249999999
2035-09-29,4.99947575e-07,299.41319250000004,88.05563875,1.138941875,240.469425
2035-09-30,0.0,299.983115,86.88153125,2.0732178500000003,230.8565825
2035-10-01,0.0,299.61528,82.95100375,2.997726,241.6888975
2035-10-02,0.0,299.2366475,83.0090775,3.15616215,234.25173
2035-10-03,0.0,299.324175,83.18547,2.19084505,257.6957125
2035-10-04,0.0,298.9639925,86.67664625,1.839264875,223.11091249999998
2035-10-05,0.0,299.43884249999996,83.67429125,1.4765711750000001,232.5970325
2035-10-06,0.0,300.0043025,75.3749325,1.263253875,268.621395
2035-10-07,0.0,299.52864,80.9600525,1.36757675,252.082565
2035-10-08,0.0,298.8598475,88.69786500000001,1.474715725,224.86977
2035-10-09,0.0,298.8752775,86.12143875000001,1.0843661,242.424235
2035-10-10,0.0,299.17368,82.39615125,1.113888125,252.68524250000002
2035-10-11,0.0,299.47740999999996,78.7259595,1.420228825,250.104985
2035-10-12,2.21762025e-06,299.65619749999996,76.9038165,1.624831125,234.1607975
2035-10-13,0.0,299.4963575,76.508295,1.42042905,242.35715249999998
2035-10-14,0.0,298.6476925,79.7605135,1.477683275,219.9844475
2035-10-15,0.0,298.63764249999997,70.88999,1.5697977,251.50345
2035-10-16,0.0,298.60299,64.365545,1.14321305,261.07775250000003
2035-10-17,0.0,298.2919525,65.521115,0.96482575,266.7323975
2035-10-18,0.0,298.2166775,63.50507525,1.2129141749999999,272.7599025
2035-10-19,0.0,298.022815,64.582375,1.380714825,255.20322
2035-10-20,0.0,298.09121749999997,59.50589575,1.4824004,252.5058975
2035-10-21,0.0,297.8026325,61.0654185,1.390562175,231.38377
2035-10-22,0.0,298.0287475,75.61997625000001,1.3962017,237.6842725
2035-10-23,0.0,298.6140275,82.121416,1.648959075,226.43108
2035-10-24,0.0,297.8868725,79.3924925,1.4590942249999999,244.12973
2035-10-25,0.0,297.95608749999997,68.944095,1.5224260250000001,259.059615
2035-10-26,0.0,298.5369825,70.70833,1.314033375,244.0053475
2035-10-27,0.0,298.95723,67.016606,1.3855990999999999,242.54175
2035-10-28,0.0,299.0986825,66.9031165,1.64794845,244.740525
2035-10-29,0.0,298.5793475,76.1610325,1.27053775,204.459575
2035-10-30,0.0,298.864625,67.46202,1.32276255,243.58344
2035-10-31,0.0,298.9351875,67.0021475,1.394179825,244.7713325
2035-11-01,0.0,298.9234375,74.92136500000001,1.2242060750000001,221.6450825
2035-11-02,0.0,299.1284625,72.22347124999999,1.3134304,234.767225
2035-11-03,0.0,298.866085,69.34904900000001,1.125799625,234.99515250000002
2035-11-04,0.0,298.7569825,61.908584,1.184682675,240.297705
2035-11-05,0.0,297.3293925,56.0481125,2.4010021,239.413155
2035-11-06,0.0,296.79473,53.124341,2.3257401,250.0263375
2035-11-07,0.0,296.4707175,53.896488250000004,2.590240475,217.1136525
2035-11-08,1.341410125e-06,296.507705,70.40613125,2.8698527499999997,193.8263275
2035-11-09,2.1059853e-07,297.482355,81.22605475,2.425708625,184.36513250000002
2035-11-10,0.0,299.0970425,73.5786215,2.67614595,217.719125
2035-11-11,0.0,299.23951,63.712592,2.820037,246.7866525
2035-11-12,0.0,298.55244749999997,76.24476250000001,1.806825825,235.6129
2035-11-13,4.747267125e-05,297.7875125,85.25412374999999,1.5471184500000001,191.3681975
2035-11-14,4.25934735e-06,298.30354,83.96733375,1.0223476,191.07003
2035-11-15,7.064342649999999e-08,298.796945,76.88382425,1.31109725,207.919745
2035-11-16,0.0,297.2557675,57.89121925,1.3196857249999998,228.264485
2035-11-17,0.0,296.9833275,53.973685,1.276754075,227.5891075
2035-11-18,0.0,296.99106,53.175312,1.3346487,224.93714
2035-11-19,0.0,296.4260925,52.810977,2.3720470750000002,230.2139575
2035-11-20,0.0,295.8348,42.32533875,2.7185731,238.697045
2035-11-21,0.0,295.728065,59.16061475,3.096350275,229.14862
2035-11-22,3.04560983775e-07,298.2185975,74.51423249999999,2.39072775,180.0542325
2035-11-23,1.1690237500000001e-07,298.9119025,69.67859250000001,0.88213354,194.64587
2035-11-24,0.0,298.2563075,71.44382999999999,0.85359975,186.64969250000001
2035-11-25,0.0,297.54008,65.6582665,1.345972625,212.4311775
2035-11-26,0.0,297.223305,50.590646750000005,1.522332925,233.6470325
2035-11-27,0.0,296.998475,51.5544905,1.652591575,217.23836
2035-11-28,0.0,297.0010675,52.148186,1.5884562,225.8659225
2035-11-29,1.0174638125000001e-08,296.5224225,62.79960875,1.9091851000000002,193.9261675
2035-11-30,0.0,296.481375,60.063471,2.04170155,205.6593475
2035-12-01,0.0,296.0262325,56.523052,2.133825575,222.4263275
2035-12-02,0.0,294.89662,53.553861749999996,1.9030865,228.25872
2035-12-03,0.0,294.68417999999997,44.319728999999995,1.932966225,241.1734125
2035-12-04,0.0,294.11103,50.9694575,1.876594375,202.63877250000002
2035-12-05,1.019450825e-07,295.2389875,54.017129999999995,2.426725175,223.691305
2035-12-06,0.0,295.27835500000003,66.30125724999999,2.39640475,201.028295
2035-12-07,0.0,295.6545575,57.910923999999994,2.24598985,222.0384125
2035-12-08,0.0,295.34526500000004,57.4560995,1.841906675,225.8457075
2035-12-09,0.0,295.5105125,53.51520025,2.0909617750000002,227.50358500000002
2035-12-10,0.0,294.51140499999997,58.9438725,1.72922795,198.9898725
2035-12-11,0.0,295.2844925,57.16321225,1.68879235,232.4466625
2035-12-12,0.0,295.6399675,58.301418749999996,2.4330698,213.9121575
2035-12-13,0.0,294.3973775,62.96434075,2.7383339749999998,184.89327500000002
2035-12-14,0.0,294.788075,50.89311775,3.25109095,208.1845625
2035-12-15,0.0,295.949655,48.3835025,3.4339994750000002,209.3014825
2035-12-16,0.0,295.09919,48.3823405,3.286146425,208.8777175
2035-12-17,0.0,294.18839749999995,52.642653249999995,2.860248575,190.6597725
2035-12-18,0.0,294.13065,57.47110175,2.03708345,182.252205
2035-12-19,0.0,294.1905425,55.4403985,2.1923909999999998,191.52564999999998
2035-12-20,0.0,294.21682,50.3508805,2.5561199500000003,226.8123425
2035-12-21,0.0,294.3497125,45.69619725,2.116128475,239.77088
2035-12-22,0.0,294.26391,47.80817425,1.2567113,238.73433
2035-12-23,0.0,294.50962,46.98468975,1.533362525,239.3365825
2035-12-24,0.0,294.6156125,50.118615250000005,1.433657025,235.7848175
2035-12-25,0.0,295.2165675,49.3908805,1.9845509,233.6619775
2035-12-26,0.0,295.1792025,48.7660925,1.9389417249999998,233.6536825
2035-12-27,0.0,295.1785525,50.87441275,1.921311475,230.01046
2035-12-28,0.0,295.4497075,50.13435725,1.386215575,224.7892725
2035-12-29,0.0,295.833725,50.475362,2.0495451,222.8276775
2035-12-30,0.0,295.009995,43.96561125,2.291875225,231.2404125
2035-12-31,0.0,294.5848925,46.76482025,2.347790775,234.7885525
